regime,seed,n,d,k,gamma,factorization_tv,selected_order_name,selected_pool_weight,selected_soft_weight,selected_soft_lambda,method,expected_nll,expected_brier,tv_to_truth,js_to_truth,marginal_distortion
uniform_low_noise,0,3000,12,3,2.0,0.07256674307144166,j2_a_then_b,0.25,0.25,0.03,j1,1.4727265467748651,0.6880989658082406,0.052025158952342256,0.0024405750270436836,0.025308737339815437
uniform_low_noise,0,3000,12,3,2.0,0.07256674307144166,j2_a_then_b,0.25,0.25,0.03,j2,1.4726346766595113,0.6880603277224979,0.05164224876469051,0.0024150152514351266,0.01935824234868344
uniform_low_noise,0,3000,12,3,2.0,0.07256674307144166,j2_a_then_b,0.25,0.25,0.03,selected_order,1.4726346766595113,0.6880603277224979,0.05164224876469051,0.0024150152514351266,0.01935824234868344
uniform_low_noise,0,3000,12,3,2.0,0.07256674307144166,j2_a_then_b,0.25,0.25,0.03,independent,1.5776302073405972,0.7100014273577181,0.16079696367557011,0.029160673378199217,3.6715133248469794e-17
uniform_low_noise,0,3000,12,3,2.0,0.07256674307144166,j2_a_then_b,0.25,0.25,0.03,arithmetic,1.4679410018619132,0.6863363616308414,0.0375115712543439,0.0012536242126463804,0.02233348984424942
uniform_low_noise,0,3000,12,3,2.0,0.07256674307144166,j2_a_then_b,0.25,0.25,0.03,geometric,1.4679429922263296,0.6863397838563475,0.03747793759349414,0.0012530323410776998,0.022318376745434198
uniform_low_noise,0,3000,12,3,2.0,0.07256674307144166,j2_a_then_b,0.25,0.25,0.03,weighted_geometric,1.4691062843698346,0.6867674503611015,0.04139770575260588,0.0015413872604120907,0.020832369991963924
uniform_low_noise,0,3000,12,3,2.0,0.07256674307144166,j2_a_then_b,0.25,0.25,0.03,hard_core,1.4761212473230718,0.6887009225872707,0.05718254375428739,0.00327217484104411,8.18017539556265e-15
uniform_low_noise,0,3000,12,3,2.0,0.07256674307144166,j2_a_then_b,0.25,0.25,0.03,soft_core_0.1,1.4681449739507262,0.6864004161548766,0.03812387837689158,0.0013032849824297522,0.02063862115149752
uniform_low_noise,0,3000,12,3,2.0,0.07256674307144166,j2_a_then_b,0.25,0.25,0.03,soft_core_1,1.4698996066554433,0.6869489059174883,0.04353080635153731,0.0017389171673481535,0.012748220154666923
uniform_low_noise,0,3000,12,3,2.0,0.07256674307144166,j2_a_then_b,0.25,0.25,0.03,soft_core_10,1.4742812061537884,0.6882166693113232,0.05382015291654713,0.0028208975594344217,0.002864500294727465
uniform_low_noise,0,3000,12,3,2.0,0.07256674307144166,j2_a_then_b,0.25,0.25,0.03,adaptive_soft,1.469125432333098,0.6867721702118328,0.041460141584258245,0.0015461274401355263,0.020338022534756205
uniform_low_noise,1,3000,12,3,2.0,0.07404091997752486,j2_a_then_b,0.25,0.25,0.3,j1,1.4770836648868046,0.6848176511656202,0.052094405193761684,0.0024632090360404697,0.025499561474080955
uniform_low_noise,1,3000,12,3,2.0,0.07404091997752486,j2_a_then_b,0.25,0.25,0.3,j2,1.4770114445338047,0.6847840273902921,0.05213976637543827,0.0024459942382692662,0.02540444924341349
uniform_low_noise,1,3000,12,3,2.0,0.07404091997752486,j2_a_then_b,0.25,0.25,0.3,selected_order,1.4770114445338047,0.6847840273902921,0.05213976637543827,0.0024459942382692662,0.02540444924341349
uniform_low_noise,1,3000,12,3,2.0,0.07404091997752486,j2_a_then_b,0.25,0.25,0.3,independent,1.7451327512770463,0.7383498516508622,0.27991080776285404,0.07177146611314145,3.87474969493891e-17
uniform_low_noise,1,3000,12,3,2.0,0.07404091997752486,j2_a_then_b,0.25,0.25,0.3,arithmetic,1.4720456461160258,0.6829951884902465,0.03662819616476534,0.001215734036609884,0.02545200535874721
uniform_low_noise,1,3000,12,3,2.0,0.07404091997752486,j2_a_then_b,0.25,0.25,0.3,geometric,1.4720470182235572,0.6830023177538246,0.036655490256375614,0.0012148654347714175,0.025450479191563912
uniform_low_noise,1,3000,12,3,2.0,0.07404091997752486,j2_a_then_b,0.25,0.25,0.3,weighted_geometric,1.4732801702749867,0.6834432338631026,0.041060917230289914,0.0015213143178459114,0.025425862017297643
uniform_low_noise,1,3000,12,3,2.0,0.07404091997752486,j2_a_then_b,0.25,0.25,0.3,hard_core,1.4866776398768222,0.6858625908355938,0.06370188017204542,0.0047928762069585325,3.312771863220617e-14
uniform_low_noise,1,3000,12,3,2.0,0.07404091997752486,j2_a_then_b,0.25,0.25,0.3,soft_core_0.1,1.4722722385176763,0.6830703205198502,0.03743932864260704,0.0012709223602180423,0.024051585025131255
uniform_low_noise,1,3000,12,3,2.0,0.07404091997752486,j2_a_then_b,0.25,0.25,0.3,soft_core_1,1.4742433365179886,0.6835986576779496,0.043262270256951334,0.0017600916050548691,0.016940341388804143
uniform_low_noise,1,3000,12,3,2.0,0.07404091997752486,j2_a_then_b,0.25,0.25,0.3,soft_core_10,1.4816997359696067,0.6850751573046706,0.057445676605421464,0.0035908180656995434,0.004872326463875633
uniform_low_noise,1,3000,12,3,2.0,0.07404091997752486,j2_a_then_b,0.25,0.25,0.3,adaptive_soft,1.4735132630091998,0.6834529253219258,0.041554117959488115,0.0015792024557020501,0.02188052579170518
uniform_low_noise,2,3000,12,3,2.0,0.07499121896630215,j1_b_then_a,1.0,1.0,0.03,j1,1.4998344106273047,0.6959408714375438,0.05243521472598516,0.0024799517313030825,0.025101704965477693
uniform_low_noise,2,3000,12,3,2.0,0.07499121896630215,j1_b_then_a,1.0,1.0,0.03,j2,1.5000035883918326,0.6960530823931298,0.05298369942683791,0.0025218501838717967,0.02471698022304712
uniform_low_noise,2,3000,12,3,2.0,0.07499121896630215,j1_b_then_a,1.0,1.0,0.03,selected_order,1.4998344106273047,0.6959408714375438,0.05243521472598516,0.0024799517313030825,0.025101704965477693
uniform_low_noise,2,3000,12,3,2.0,0.07499121896630215,j1_b_then_a,1.0,1.0,0.03,independent,1.7174473688120622,0.7407759696167604,0.24172450129276593,0.06120440662658124,4.162033643317369e-17
uniform_low_noise,2,3000,12,3,2.0,0.07499121896630215,j1_b_then_a,1.0,1.0,0.03,arithmetic,1.4948485831385272,0.6941492469292151,0.03726137543044042,0.0012461102119701267,0.02490934259426239
uniform_low_noise,2,3000,12,3,2.0,0.07499121896630215,j1_b_then_a,1.0,1.0,0.03,geometric,1.4948578451891938,0.694157043975508,0.03729819228579998,0.001247276391390935,0.02491046967448781
uniform_low_noise,2,3000,12,3,2.0,0.07499121896630215,j1_b_then_a,1.0,1.0,0.03,weighted_geometric,1.499834410627305,0.6959408714375438,0.05243521472598516,0.0024799517313030864,0.025101704965477707
uniform_low_noise,2,3000,12,3,2.0,0.07499121896630215,j1_b_then_a,1.0,1.0,0.03,hard_core,1.5081015396454411,0.6969680171498182,0.06303377673613615,0.0044998208138126855,1.1892812705323649e-14
uniform_low_noise,2,3000,12,3,2.0,0.07499121896630215,j1_b_then_a,1.0,1.0,0.03,soft_core_0.1,1.4950699604309483,0.6942205575427765,0.038054717893926907,0.0013001942032180335,0.02338574855754807
uniform_low_noise,2,3000,12,3,2.0,0.07499121896630215,j1_b_then_a,1.0,1.0,0.03,soft_core_1,1.4969483272554078,0.6947519055216888,0.04389163725063433,0.001767570120033708,0.015934516632282156
uniform_low_noise,2,3000,12,3,2.0,0.07499121896630215,j1_b_then_a,1.0,1.0,0.03,soft_core_10,1.5035644549956977,0.6961975404996018,0.05714889593895514,0.003400144741342186,0.004483215581800688
uniform_low_noise,2,3000,12,3,2.0,0.07499121896630215,j1_b_then_a,1.0,1.0,0.03,adaptive_soft,1.4996287264582344,0.6958448235593898,0.05181689770422094,0.0024291347894974747,0.024705586162303835
uniform_low_noise,3,3000,12,3,2.0,0.07284701461695613,j2_a_then_b,0.5,0.5,0.03,j1,1.494706850959368,0.6923373462736957,0.05245826472382942,0.0024660402424789784,0.02555515703330398
uniform_low_noise,3,3000,12,3,2.0,0.07284701461695613,j2_a_then_b,0.5,0.5,0.03,j2,1.4944326592945993,0.6923008530204591,0.052139809244452405,0.002397944228893,0.024351751857170832
uniform_low_noise,3,3000,12,3,2.0,0.07284701461695613,j2_a_then_b,0.5,0.5,0.03,selected_order,1.4944326592945993,0.6923008530204591,0.052139809244452405,0.002397944228893,0.024351751857170832
uniform_low_noise,3,3000,12,3,2.0,0.07284701461695613,j2_a_then_b,0.5,0.5,0.03,independent,1.7447625286551456,0.7445251927314052,0.276145767569361,0.06723430800178706,4.145282268001562e-17
uniform_low_noise,3,3000,12,3,2.0,0.07284701461695613,j2_a_then_b,0.5,0.5,0.03,arithmetic,1.4897641291127715,0.6905577215912804,0.037340000707816,0.0012421327547673055,0.024953454445237392
uniform_low_noise,3,3000,12,3,2.0,0.07284701461695613,j2_a_then_b,0.5,0.5,0.03,geometric,1.48977118152723,0.6905642177369611,0.03734543965042892,0.0012428365616617971,0.024954161085186298
uniform_low_noise,3,3000,12,3,2.0,0.07284701461695613,j2_a_then_b,0.5,0.5,0.03,weighted_geometric,1.48977118152723,0.6905642177369611,0.03734543965042892,0.0012428365616617971,0.024954161085186298
uniform_low_noise,3,3000,12,3,2.0,0.07284701461695613,j2_a_then_b,0.5,0.5,0.03,hard_core,1.5032457452580315,0.6933851641156371,0.0632538483049018,0.004557585494112205,4.026352475530968e-14
uniform_low_noise,3,3000,12,3,2.0,0.07284701461695613,j2_a_then_b,0.5,0.5,0.03,soft_core_0.1,1.4899891704450725,0.6906287650635821,0.03808490306448633,0.0012969361669427477,0.023562114793619058
uniform_low_noise,3,3000,12,3,2.0,0.07284701461695613,j2_a_then_b,0.5,0.5,0.03,soft_core_1,1.4919131310301528,0.6911427570793636,0.043761185850154136,0.0017740822178680836,0.016483642460891828
uniform_low_noise,3,3000,12,3,2.0,0.07284701461695613,j2_a_then_b,0.5,0.5,0.03,soft_core_10,1.4989115966838977,0.6926154941530739,0.05735393419766329,0.0034999040956728527,0.004613537258611222
uniform_low_noise,3,3000,12,3,2.0,0.07284701461695613,j2_a_then_b,0.5,0.5,0.03,adaptive_soft,1.489835445408845,0.6905833989655747,0.037564761461975904,0.0012587857090681504,0.024510260468000183
uniform_low_noise,4,3000,12,3,2.0,0.07681036099841908,j1_b_then_a,0.75,0.75,0.03,j1,1.5717736189392584,0.7264457407588456,0.05511584327978047,0.0026070512694940234,0.026143124713740886
uniform_low_noise,4,3000,12,3,2.0,0.07681036099841908,j1_b_then_a,0.75,0.75,0.03,j2,1.5715936875995664,0.7263084792380946,0.054145183645603286,0.00256146146991515,0.02535874674063629
uniform_low_noise,4,3000,12,3,2.0,0.07681036099841908,j1_b_then_a,0.75,0.75,0.03,selected_order,1.5717736189392584,0.7264457407588456,0.05511584327978047,0.0026070512694940234,0.026143124713740886
uniform_low_noise,4,3000,12,3,2.0,0.07681036099841908,j1_b_then_a,0.75,0.75,0.03,independent,1.7967956441902035,0.7772091571415343,0.2597282051867876,0.06464911214588791,3.828834787019594e-17
uniform_low_noise,4,3000,12,3,2.0,0.07681036099841908,j1_b_then_a,0.75,0.75,0.03,arithmetic,1.5665188405068988,0.7245244412247096,0.03873781342707492,0.0013044118882639697,0.025750935727188572
uniform_low_noise,4,3000,12,3,2.0,0.07681036099841908,j1_b_then_a,0.75,0.75,0.03,geometric,1.5665179488418883,0.7245299249941213,0.03872739962604227,0.00130331116674705,0.02575611595164721
uniform_low_noise,4,3000,12,3,2.0,0.07681036099841908,j1_b_then_a,0.75,0.75,0.03,weighted_geometric,1.5678552618680404,0.7250268628863483,0.04357038976300835,0.001635784293754309,0.025948582389514377
uniform_low_noise,4,3000,12,3,2.0,0.07681036099841908,j1_b_then_a,0.75,0.75,0.03,hard_core,1.5795327463982516,0.7274294276630784,0.06504545997786398,0.004500907448772089,1.661132879921355e-14
uniform_low_noise,4,3000,12,3,2.0,0.07681036099841908,j1_b_then_a,0.75,0.75,0.03,soft_core_0.1,1.566742618573673,0.7245973502592838,0.03950652993457701,0.001359121720947421,0.024184780389735535
uniform_low_noise,4,3000,12,3,2.0,0.07681036099841908,j1_b_then_a,0.75,0.75,0.03,soft_core_1,1.5687139983492324,0.7251465109581539,0.045566629264933274,0.0018484841608302307,0.016483253466088494
uniform_low_noise,4,3000,12,3,2.0,0.07681036099841908,j1_b_then_a,0.75,0.75,0.03,soft_core_10,1.5754154974098882,0.7266512574754102,0.0592411012727773,0.003500438137839823,0.004510019471772157
uniform_low_noise,4,3000,12,3,2.0,0.07681036099841908,j1_b_then_a,0.75,0.75,0.03,adaptive_soft,1.5678424286840793,0.7250125295375112,0.04349688155647777,0.0016325869637823078,0.02544550919566201
uniform_low_noise,5,3000,12,3,2.0,0.07406993019116692,j2_a_then_b,0.25,0.25,0.03,j1,1.507713019170479,0.7023555635006093,0.05229707321292943,0.002452114832013661,0.02453269797684641
uniform_low_noise,5,3000,12,3,2.0,0.07406993019116692,j2_a_then_b,0.25,0.25,0.03,j2,1.5079304468486265,0.7024465969445491,0.05313864058875697,0.002501756182012108,0.019022575540772087
uniform_low_noise,5,3000,12,3,2.0,0.07406993019116692,j2_a_then_b,0.25,0.25,0.03,selected_order,1.5079304468486265,0.7024465969445491,0.05313864058875697,0.002501756182012108,0.019022575540772087
uniform_low_noise,5,3000,12,3,2.0,0.07406993019116692,j2_a_then_b,0.25,0.25,0.03,independent,1.5310407274004147,0.7076335331326782,0.08954008607167448,0.008415346906112358,3.9711575920967696e-17
uniform_low_noise,5,3000,12,3,2.0,0.07406993019116692,j2_a_then_b,0.25,0.25,0.03,arithmetic,1.5028721680355013,0.7006089679936617,0.037570189019075065,0.0012511006983082305,0.021777636758809234
uniform_low_noise,5,3000,12,3,2.0,0.07406993019116692,j2_a_then_b,0.25,0.25,0.03,geometric,1.5028750426890871,0.7006136665718855,0.03758574621657797,0.0012508774691062756,0.02171876145535177
uniform_low_noise,5,3000,12,3,2.0,0.07406993019116692,j2_a_then_b,0.25,0.25,0.03,weighted_geometric,1.5041692486065905,0.7010865833579654,0.042184712501098655,0.0015714750367291424,0.020351719336762858
uniform_low_noise,5,3000,12,3,2.0,0.07406993019116692,j2_a_then_b,0.25,0.25,0.03,hard_core,1.509328022171451,0.702735596610852,0.056003133912476265,0.0028450810867766277,1.7751756369722325e-14
uniform_low_noise,5,3000,12,3,2.0,0.07406993019116692,j2_a_then_b,0.25,0.25,0.03,soft_core_0.1,1.503097250122895,0.7006807980627279,0.038361141858668055,0.001306056136857459,0.019840923871897936
uniform_low_noise,5,3000,12,3,2.0,0.07406993019116692,j2_a_then_b,0.25,0.25,0.03,soft_core_1,1.5049080028222916,0.7012697777299329,0.04424324747671641,0.0017549116058203093,0.011266682595971989
uniform_low_noise,5,3000,12,3,2.0,0.07406993019116692,j2_a_then_b,0.25,0.25,0.03,soft_core_10,1.5082986777191343,0.702395576775606,0.053526015157916,0.002591886124710287,0.002152582592571582
uniform_low_noise,5,3000,12,3,2.0,0.07406993019116692,j2_a_then_b,0.25,0.25,0.03,adaptive_soft,1.5041959169352954,0.701093182688008,0.04226623015635961,0.001578057864173978,0.019791237627605554
uniform_low_noise,6,3000,12,3,2.0,0.07582982043306649,j1_b_then_a,0.75,1.0,1.0,j1,1.5265802720407933,0.708546526723488,0.053738530780874406,0.0025443306500130885,0.02573263674855497
uniform_low_noise,6,3000,12,3,2.0,0.07582982043306649,j1_b_then_a,0.75,1.0,1.0,j2,1.5263131642257437,0.708367493376102,0.05319035643042126,0.002479960847415372,0.025439543920589208
uniform_low_noise,6,3000,12,3,2.0,0.07582982043306649,j1_b_then_a,0.75,1.0,1.0,selected_order,1.5265802720407933,0.708546526723488,0.053738530780874406,0.0025443306500130885,0.02573263674855497
uniform_low_noise,6,3000,12,3,2.0,0.07582982043306649,j1_b_then_a,0.75,1.0,1.0,independent,1.7749847465408304,0.7602329388574334,0.2520823312093261,0.06982132538933976,3.922404182656433e-17
uniform_low_noise,6,3000,12,3,2.0,0.07582982043306649,j1_b_then_a,0.75,1.0,1.0,arithmetic,1.5213719876771008,0.7065802374698313,0.03762026613079705,0.001253781520791182,0.025586090334572074
uniform_low_noise,6,3000,12,3,2.0,0.07582982043306649,j1_b_then_a,0.75,1.0,1.0,geometric,1.5213631588199188,0.7065828764934204,0.03761242641086104,0.001250555231028686,0.025561211714153872
uniform_low_noise,6,3000,12,3,2.0,0.07582982043306649,j1_b_then_a,0.75,1.0,1.0,weighted_geometric,1.5227002844010213,0.7070975013546886,0.04237899574684865,0.001582427287111963,0.025641657933583147
uniform_low_noise,6,3000,12,3,2.0,0.07582982043306649,j1_b_then_a,0.75,1.0,1.0,hard_core,1.5370047149730042,0.7093726382805008,0.0647495692578021,0.00509138404415009,3.568013746433955e-14
uniform_low_noise,6,3000,12,3,2.0,0.07582982043306649,j1_b_then_a,0.75,1.0,1.0,soft_core_0.1,1.5215846643061457,0.7066483876185209,0.03837447885830122,0.0013056043441441595,0.02405764949513605
uniform_low_noise,6,3000,12,3,2.0,0.07582982043306649,j1_b_then_a,0.75,1.0,1.0,soft_core_1,1.5235089966856579,0.7071720205849144,0.04420546133579557,0.0017833212799880968,0.016755226896361892
uniform_low_noise,6,3000,12,3,2.0,0.07582982043306649,j1_b_then_a,0.75,1.0,1.0,soft_core_10,1.5309345221733754,0.7085480054046686,0.0579045681130006,0.003614891342950519,0.005180304692714185
uniform_low_noise,6,3000,12,3,2.0,0.07582982043306649,j1_b_then_a,0.75,1.0,1.0,adaptive_soft,1.5254712688081464,0.7077401050189086,0.0491850182860915,0.0022670184473653847,0.017468870688188302
uniform_low_noise,7,3000,12,3,2.0,0.07845456098052983,j1_b_then_a,0.5,0.5,0.03,j1,1.5457354366217244,0.7179977965853258,0.05439710016661719,0.002573157805685707,0.027568174555995632
uniform_low_noise,7,3000,12,3,2.0,0.07845456098052983,j1_b_then_a,0.5,0.5,0.03,j2,1.5459247092843418,0.7181142288542915,0.05496472928319828,0.002620860555142342,0.02656986243980004
uniform_low_noise,7,3000,12,3,2.0,0.07845456098052983,j1_b_then_a,0.5,0.5,0.03,selected_order,1.5457354366217244,0.7179977965853258,0.05439710016661719,0.002573157805685707,0.027568174555995632
uniform_low_noise,7,3000,12,3,2.0,0.07845456098052983,j1_b_then_a,0.5,0.5,0.03,independent,1.8119862906309907,0.776117675843522,0.27644776564832724,0.07426752737159587,4.147449241802e-17
uniform_low_noise,7,3000,12,3,2.0,0.07845456098052983,j1_b_then_a,0.5,0.5,0.03,arithmetic,1.5405132735765272,0.7160560762451254,0.038308897585290824,0.0012790538098822158,0.027069018497897817
uniform_low_noise,7,3000,12,3,2.0,0.07845456098052983,j1_b_then_a,0.5,0.5,0.03,geometric,1.5405074358302515,0.7160631360693507,0.03832814899597501,0.0012766590600966719,0.027074642303522106
uniform_low_noise,7,3000,12,3,2.0,0.07845456098052983,j1_b_then_a,0.5,0.5,0.03,weighted_geometric,1.5405074358302515,0.7160631360693507,0.03832814899597501,0.0012766590600966719,0.027074642303522106
uniform_low_noise,7,3000,12,3,2.0,0.07845456098052983,j1_b_then_a,0.5,0.5,0.03,hard_core,1.5583822699401384,0.7190766972783288,0.06694950064590156,0.005653342151244225,1.9758935422274174e-14
uniform_low_noise,7,3000,12,3,2.0,0.07845456098052983,j1_b_then_a,0.5,0.5,0.03,soft_core_0.1,1.5407329967419545,0.7161267993516144,0.03908735858161787,0.0013327987650193136,0.025597937859011332
uniform_low_noise,7,3000,12,3,2.0,0.07845456098052983,j1_b_then_a,0.5,0.5,0.03,soft_core_1,1.542751897085408,0.7166391856783484,0.04484499623904317,0.0018342817327882336,0.01827753282199373
uniform_low_noise,7,3000,12,3,2.0,0.07845456098052983,j1_b_then_a,0.5,0.5,0.03,soft_core_10,1.5513019349661652,0.7181208020852592,0.059487608052233416,0.003941104827903485,0.005787065536861113
uniform_low_noise,7,3000,12,3,2.0,0.07845456098052983,j1_b_then_a,0.5,0.5,0.03,adaptive_soft,1.540573508959449,0.7160818821150611,0.03855420955121891,0.0012931079617554725,0.026603273228288263
uniform_low_noise,8,3000,12,3,2.0,0.075002960955033,j2_a_then_b,0.5,0.5,0.03,j1,1.5127436808885055,0.701370427549852,0.05312871554358512,0.0024861290922201366,0.024841621537579007
uniform_low_noise,8,3000,12,3,2.0,0.075002960955033,j2_a_then_b,0.5,0.5,0.03,j2,1.5129182557875476,0.7014190880081487,0.053367147578923295,0.002530856827401426,0.023136238818858505
uniform_low_noise,8,3000,12,3,2.0,0.075002960955033,j2_a_then_b,0.5,0.5,0.03,selected_order,1.5129182557875476,0.7014190880081487,0.053367147578923295,0.002530856827401426,0.023136238818858505
uniform_low_noise,8,3000,12,3,2.0,0.075002960955033,j2_a_then_b,0.5,0.5,0.03,independent,1.67003660503121,0.7295626943530865,0.18517270659654136,0.044377157565250326,4.232596697076277e-17
uniform_low_noise,8,3000,12,3,2.0,0.075002960955033,j2_a_then_b,0.5,0.5,0.03,arithmetic,1.5077997004015486,0.6995496139555696,0.03771512409998508,0.0012618092149894945,0.02398893017821874
uniform_low_noise,8,3000,12,3,2.0,0.075002960955033,j2_a_then_b,0.5,0.5,0.03,geometric,1.5077992719706657,0.6995531871397354,0.03770259827961332,0.0012607759983978314,0.023976974158804315
uniform_low_noise,8,3000,12,3,2.0,0.075002960955033,j2_a_then_b,0.5,0.5,0.03,weighted_geometric,1.5077992719706657,0.6995531871397354,0.03770259827961332,0.0012607759983978314,0.023976974158804315
uniform_low_noise,8,3000,12,3,2.0,0.075002960955033,j2_a_then_b,0.5,0.5,0.03,hard_core,1.5187397220194634,0.7021011073584226,0.06112583272777662,0.003952284381903269,1.8797694955934127e-14
uniform_low_noise,8,3000,12,3,2.0,0.075002960955033,j2_a_then_b,0.5,0.5,0.03,soft_core_0.1,1.5080122795196427,0.6996124926106704,0.0384208873425624,0.0013136767342972506,0.02231132549472926
uniform_low_noise,8,3000,12,3,2.0,0.075002960955033,j2_a_then_b,0.5,0.5,0.03,soft_core_1,1.509885188492144,0.7001538938143868,0.044330037805575255,0.001778151274614802,0.01439545074082572
uniform_low_noise,8,3000,12,3,2.0,0.075002960955033,j2_a_then_b,0.5,0.5,0.03,soft_core_10,1.5154928076585028,0.701491930934946,0.056409234817422715,0.003160782618931873,0.003668206038836718
uniform_low_noise,8,3000,12,3,2.0,0.075002960955033,j2_a_then_b,0.5,0.5,0.03,adaptive_soft,1.5078610578062528,0.6995700408884229,0.03791112712312858,0.0012761225451353353,0.023443560618644582
uniform_low_noise,9,3000,12,3,2.0,0.06720997874630497,j1_b_then_a,0.75,0.75,0.03,j1,1.3569693292052871,0.6395768059131073,0.04833727249659488,0.0022045765934682786,0.022142271395859697
uniform_low_noise,9,3000,12,3,2.0,0.06720997874630497,j1_b_then_a,0.75,0.75,0.03,j2,1.3567304840818,0.6394888730954694,0.047774752974171594,0.0021455426718245308,0.022848213730626506
uniform_low_noise,9,3000,12,3,2.0,0.06720997874630497,j1_b_then_a,0.75,0.75,0.03,selected_order,1.3569693292052871,0.6395768059131073,0.04833727249659488,0.0022045765934682786,0.022142271395859697
uniform_low_noise,9,3000,12,3,2.0,0.06720997874630497,j1_b_then_a,0.75,0.75,0.03,independent,1.5680772806890226,0.6822974399215712,0.23068398234697834,0.057500004529088114,4.016468659639465e-17
uniform_low_noise,9,3000,12,3,2.0,0.06720997874630497,j1_b_then_a,0.75,0.75,0.03,arithmetic,1.3525396109645869,0.6378981665881914,0.03447650411124943,0.001107381780865014,0.02249524256324309
uniform_low_noise,9,3000,12,3,2.0,0.06720997874630497,j1_b_then_a,0.75,0.75,0.03,geometric,1.3525428850969585,0.6379022214765765,0.03445388767638468,0.0011070538905178396,0.022502899515071752
uniform_low_noise,9,3000,12,3,2.0,0.06720997874630497,j1_b_then_a,0.75,0.75,0.03,weighted_geometric,1.3536806287684324,0.6383318696623873,0.03844137043468859,0.0013897051736522213,0.022325674289535753
uniform_low_noise,9,3000,12,3,2.0,0.06720997874630497,j1_b_then_a,0.75,0.75,0.03,hard_core,1.364241159085945,0.6404959817853374,0.05780578448920576,0.00397609491966149,2.3498163741203975e-14
uniform_low_noise,9,3000,12,3,2.0,0.06720997874630497,j1_b_then_a,0.75,0.75,0.03,soft_core_0.1,1.352737580391608,0.6379666538147089,0.035171440849150394,0.0011554019159474712,0.021160539762701595
uniform_low_noise,9,3000,12,3,2.0,0.06720997874630497,j1_b_then_a,0.75,0.75,0.03,soft_core_1,1.3544445090535118,0.6384834251703267,0.04057930307679487,0.0015788115849111309,0.014531972022905102
uniform_low_noise,9,3000,12,3,2.0,0.06720997874630497,j1_b_then_a,0.75,0.75,0.03,soft_core_10,1.3603981309249125,0.6398270752070397,0.05267883057363486,0.0030443306688054954,0.004056874889457902
uniform_low_noise,9,3000,12,3,2.0,0.06720997874630497,j1_b_then_a,0.75,0.75,0.03,adaptive_soft,1.3536791403874933,0.6383248981260351,0.03842215099723093,0.001389312624155651,0.021902027505513007
uniform_low_noise,10,3000,12,3,2.0,0.07359867793589821,j1_b_then_a,0.5,0.5,0.03,j1,1.468922670416539,0.6904624146356232,0.05210851886882235,0.002422328340138964,0.02655966010611963
uniform_low_noise,10,3000,12,3,2.0,0.07359867793589821,j1_b_then_a,0.5,0.5,0.03,j2,1.4688242952742214,0.6903988826790721,0.05166303238012184,0.0023961387970939233,0.015472298737300832
uniform_low_noise,10,3000,12,3,2.0,0.07359867793589821,j1_b_then_a,0.5,0.5,0.03,selected_order,1.468922670416539,0.6904624146356232,0.05210851886882235,0.002422328340138964,0.02655966010611963
uniform_low_noise,10,3000,12,3,2.0,0.07359867793589821,j1_b_then_a,0.5,0.5,0.03,independent,1.4724497910850198,0.6910242137084379,0.05844282740451463,0.0032957699007115236,3.7785236275203934e-17
uniform_low_noise,10,3000,12,3,2.0,0.07359867793589821,j1_b_then_a,0.5,0.5,0.03,arithmetic,1.4640535015188596,0.6885870968501498,0.03691562874851273,0.0012143842805448226,0.02101597942171022
uniform_low_noise,10,3000,12,3,2.0,0.07359867793589821,j1_b_then_a,0.5,0.5,0.03,geometric,1.4640476657151862,0.6885947473412068,0.036899948385930935,0.0012118040543223864,0.020984996920378154
uniform_low_noise,10,3000,12,3,2.0,0.07359867793589821,j1_b_then_a,0.5,0.5,0.03,weighted_geometric,1.4640476657151862,0.6885947473412068,0.036899948385930935,0.0012118040543223864,0.020984996920378154
uniform_low_noise,10,3000,12,3,2.0,0.07359867793589821,j1_b_then_a,0.5,0.5,0.03,hard_core,1.4698470085488602,0.6905801706798971,0.05370959188669799,0.0026457877955514634,1.5153091756389526e-15
uniform_low_noise,10,3000,12,3,2.0,0.07359867793589821,j1_b_then_a,0.5,0.5,0.03,soft_core_0.1,1.464246365351487,0.6886466582425538,0.03753933685531059,0.0012611714852733607,0.01909124416721216
uniform_low_noise,10,3000,12,3,2.0,0.07359867793589821,j1_b_then_a,0.5,0.5,0.03,soft_core_1,1.4659394174402736,0.6891946851179996,0.04298742702876926,0.001681024821192634,0.01055393932480103
uniform_low_noise,10,3000,12,3,2.0,0.07359867793589821,j1_b_then_a,0.5,0.5,0.03,soft_core_10,1.4689798787397517,0.6902679764308757,0.0515158681969272,0.002432174625378378,0.0019339650236985745
uniform_low_noise,10,3000,12,3,2.0,0.07359867793589821,j1_b_then_a,0.5,0.5,0.03,adaptive_soft,1.4641043588988574,0.6886086274245022,0.03707996036317382,0.00122589231985217,0.020378242102611542
uniform_low_noise,11,3000,12,3,2.0,0.07313279313457483,j2_a_then_b,0.25,0.25,0.03,j1,1.485984509446401,0.690103798094585,0.052009405248953984,0.0024202493351551213,0.02475668944055331
uniform_low_noise,11,3000,12,3,2.0,0.07313279313457483,j2_a_then_b,0.25,0.25,0.03,j2,1.4858592812576519,0.6900345406000479,0.05143737895286696,0.002390603968522816,0.02552500294363464
uniform_low_noise,11,3000,12,3,2.0,0.07313279313457483,j2_a_then_b,0.25,0.25,0.03,selected_order,1.4858592812576519,0.6900345406000479,0.05143737895286696,0.002390603968522816,0.02552500294363464
uniform_low_noise,11,3000,12,3,2.0,0.07313279313457483,j2_a_then_b,0.25,0.25,0.03,independent,1.7581812605380482,0.7477301355658084,0.28935146559985975,0.07385211071847253,4.2427936043912876e-17
uniform_low_noise,11,3000,12,3,2.0,0.07313279313457483,j2_a_then_b,0.25,0.25,0.03,arithmetic,1.4810765326645094,0.6882904175587462,0.036660306138500284,0.0012047787632347726,0.02514084619209396
uniform_low_noise,11,3000,12,3,2.0,0.07313279313457483,j2_a_then_b,0.25,0.25,0.03,geometric,1.4810755619852418,0.6882937099374759,0.03665760849330689,0.001203500907796904,0.02511413027365336
uniform_low_noise,11,3000,12,3,2.0,0.07313279313457483,j2_a_then_b,0.25,0.25,0.03,weighted_geometric,1.4822552330726435,0.6887198911557326,0.04077717912877771,0.0014967755595282483,0.025314091680514378
uniform_low_noise,11,3000,12,3,2.0,0.07313279313457483,j2_a_then_b,0.25,0.25,0.03,hard_core,1.4951133637232523,0.6911787454796832,0.0631202075573166,0.004651664639264449,1.7150800455760045e-14
uniform_low_noise,11,3000,12,3,2.0,0.07313279313457483,j2_a_then_b,0.25,0.25,0.03,soft_core_0.1,1.4812877706253025,0.6883591385366128,0.03738603959653971,0.0012562422520415177,0.023735093283798043
uniform_low_noise,11,3000,12,3,2.0,0.07313279313457483,j2_a_then_b,0.25,0.25,0.03,soft_core_1,1.4831863668304834,0.6888737628378435,0.04306101557452079,0.0017275396356957815,0.01676300420195414
uniform_low_noise,11,3000,12,3,2.0,0.07313279313457483,j2_a_then_b,0.25,0.25,0.03,soft_core_10,1.4904263052864934,0.6903670826516964,0.05694240939639624,0.0035116190160566795,0.004803868407625263
uniform_low_noise,11,3000,12,3,2.0,0.07313279313457483,j2_a_then_b,0.25,0.25,0.03,adaptive_soft,1.4822504568210075,0.6887079859606241,0.04072023155166692,0.001495557499427686,0.024868030829072383
uniform_low_noise,12,3000,12,3,2.0,0.07311481714623158,j2_a_then_b,0.25,0.25,0.03,j1,1.4719277610063723,0.6860430892855536,0.05213023881271694,0.0024493161764404265,0.023938079383558998
uniform_low_noise,12,3000,12,3,2.0,0.07311481714623158,j2_a_then_b,0.25,0.25,0.03,j2,1.4719491899636241,0.686051196782198,0.05240404624582227,0.0024540938330021816,0.024159303364540457
uniform_low_noise,12,3000,12,3,2.0,0.07311481714623158,j2_a_then_b,0.25,0.25,0.03,selected_order,1.4719491899636241,0.686051196782198,0.05240404624582227,0.0024540938330021816,0.024159303364540457
uniform_low_noise,12,3000,12,3,2.0,0.07311481714623158,j2_a_then_b,0.25,0.25,0.03,independent,1.6689647544302895,0.7258893007097088,0.22576876026500897,0.05627842674220115,4.4309267746991334e-17
uniform_low_noise,12,3000,12,3,2.0,0.07311481714623158,j2_a_then_b,0.25,0.25,0.03,arithmetic,1.4670316503556415,0.6842257701444301,0.03726597058246874,0.0012359396822618218,0.024048691374049712
uniform_low_noise,12,3000,12,3,2.0,0.07311481714623158,j2_a_then_b,0.25,0.25,0.03,geometric,1.4670294391923033,0.6842339565583525,0.0372679049022843,0.0012343761104781923,0.024058294501620846
uniform_low_noise,12,3000,12,3,2.0,0.07311481714623158,j2_a_then_b,0.25,0.25,0.03,weighted_geometric,1.4682628028019775,0.6846919650850277,0.04176556365718977,0.0015406391857048652,0.024111060183512386
uniform_low_noise,12,3000,12,3,2.0,0.07311481714623158,j2_a_then_b,0.25,0.25,0.03,hard_core,1.4785962080980126,0.6869890129772844,0.061333447076521025,0.004065385734958852,2.037514060605232e-14
uniform_low_noise,12,3000,12,3,2.0,0.07311481714623158,j2_a_then_b,0.25,0.25,0.03,soft_core_0.1,1.4672398857202946,0.6842980214221898,0.038011835850662624,0.0012866568738927463,0.022522599201919756
uniform_low_noise,12,3000,12,3,2.0,0.07311481714623158,j2_a_then_b,0.25,0.25,0.03,soft_core_1,1.4691092119738756,0.6848511018406208,0.043742049785096465,0.0017499906670347296,0.015032154911144778
uniform_low_noise,12,3000,12,3,2.0,0.07311481714623158,j2_a_then_b,0.25,0.25,0.03,soft_core_10,1.4751106420171276,0.6863021080392019,0.05628360174936602,0.0032236628654586483,0.003952997409307736
uniform_low_noise,12,3000,12,3,2.0,0.07311481714623158,j2_a_then_b,0.25,0.25,0.03,adaptive_soft,1.4682606129908429,0.6846832388248149,0.04173657142349471,0.0015400520094974585,0.02362144470615011
uniform_low_noise,13,3000,12,3,2.0,0.06997171103677736,j2_a_then_b,0.5,0.5,0.03,j1,1.4045547971028136,0.6541581898058111,0.04962830087849763,0.002323359858534382,0.023750902502096737
uniform_low_noise,13,3000,12,3,2.0,0.06997171103677736,j2_a_then_b,0.5,0.5,0.03,j2,1.4043586149529927,0.6540762611234843,0.049381827595796436,0.0022772997526731924,0.022643284218119453
uniform_low_noise,13,3000,12,3,2.0,0.06997171103677736,j2_a_then_b,0.5,0.5,0.03,selected_order,1.4043586149529927,0.6540762611234843,0.049381827595796436,0.0022772997526731924,0.022643284218119453
uniform_low_noise,13,3000,12,3,2.0,0.06997171103677736,j2_a_then_b,0.5,0.5,0.03,independent,1.6053612245574955,0.6939806623901535,0.22067236771430834,0.0565986549410834,4.106715088555362e-17
uniform_low_noise,13,3000,12,3,2.0,0.06997171103677736,j2_a_then_b,0.5,0.5,0.03,arithmetic,1.3998682636811872,0.6524104229131479,0.035064052154823604,0.0011621872019818005,0.023197093360108077
uniform_low_noise,13,3000,12,3,2.0,0.06997171103677736,j2_a_then_b,0.5,0.5,0.03,geometric,1.3998578149585008,0.6524095505191462,0.03499671936377068,0.0011583460019433443,0.023186906030671323
uniform_low_noise,13,3000,12,3,2.0,0.06997171103677736,j2_a_then_b,0.5,0.5,0.03,weighted_geometric,1.3998578149585008,0.6524095505191462,0.03499671936377068,0.0011583460019433443,0.023186906030671323
uniform_low_noise,13,3000,12,3,2.0,0.06997171103677736,j2_a_then_b,0.5,0.5,0.03,hard_core,1.4116666053951599,0.6548958651020484,0.0582082866649588,0.004057849735434826,1.2313933010081524e-14
uniform_low_noise,13,3000,12,3,2.0,0.06997171103677736,j2_a_then_b,0.5,0.5,0.03,soft_core_0.1,1.400047275024068,0.6524638031872493,0.035638446911169866,0.0012055012032339619,0.02174174319758369
uniform_low_noise,13,3000,12,3,2.0,0.06997171103677736,j2_a_then_b,0.5,0.5,0.03,soft_core_1,1.4017646255485807,0.6529478677208257,0.04086589366301201,0.0016324318837206895,0.014721674405789562
uniform_low_noise,13,3000,12,3,2.0,0.06997171103677736,j2_a_then_b,0.5,0.5,0.03,soft_core_10,1.407743028458234,0.6542409304986466,0.05297129812387248,0.0031064309149037234,0.004091939996797248
uniform_low_noise,13,3000,12,3,2.0,0.06997171103677736,j2_a_then_b,0.5,0.5,0.03,adaptive_soft,1.399912834284384,0.6524251270565696,0.03518269316230776,0.0011720405100840144,0.022724739208277427
uniform_low_noise,14,3000,12,3,2.0,0.07188159695698805,j1_b_then_a,0.5,0.5,0.03,j1,1.4522284343614786,0.6753571021112389,0.05122725214689761,0.0023924585043864936,0.025270947890673582
uniform_low_noise,14,3000,12,3,2.0,0.07188159695698805,j1_b_then_a,0.5,0.5,0.03,j2,1.452053005129471,0.6752090344866873,0.05082436987372556,0.002353971324595857,0.024479656706924677
uniform_low_noise,14,3000,12,3,2.0,0.07188159695698805,j1_b_then_a,0.5,0.5,0.03,selected_order,1.4522284343614786,0.6753571021112389,0.05122725214689761,0.0023924585043864936,0.025270947890673582
uniform_low_noise,14,3000,12,3,2.0,0.07188159695698805,j1_b_then_a,0.5,0.5,0.03,independent,1.728017972410877,0.7321058988422048,0.2853000338731868,0.0738969932512909,4.310749138984588e-17
uniform_low_noise,14,3000,12,3,2.0,0.07188159695698805,j1_b_then_a,0.5,0.5,0.03,arithmetic,1.4474043985708414,0.6735446674246157,0.03628748777984088,0.0012005866706079496,0.02487530229879911
uniform_low_noise,14,3000,12,3,2.0,0.07188159695698805,j1_b_then_a,0.5,0.5,0.03,geometric,1.4474110212838656,0.6735515689211229,0.03632744014027383,0.0012010940103423396,0.024881120350704274
uniform_low_noise,14,3000,12,3,2.0,0.07188159695698805,j1_b_then_a,0.5,0.5,0.03,weighted_geometric,1.4474110212838656,0.6735515689211229,0.03632744014027383,0.0012010940103423396,0.024881120350704274
uniform_low_noise,14,3000,12,3,2.0,0.07188159695698805,j1_b_then_a,0.5,0.5,0.03,hard_core,1.462258694918233,0.6763339806533052,0.0625249262181636,0.004848184060126251,3.223867294827096e-14
uniform_low_noise,14,3000,12,3,2.0,0.07188159695698805,j1_b_then_a,0.5,0.5,0.03,soft_core_0.1,1.4476229736337516,0.6736168530700875,0.037061066561929,0.0012538756462060477,0.02353668660638686
uniform_low_noise,14,3000,12,3,2.0,0.07188159695698805,j1_b_then_a,0.5,0.5,0.03,soft_core_1,1.4494777418252003,0.6741136367475511,0.042539598758566166,0.0017152958798915974,0.016764398085944626
uniform_low_noise,14,3000,12,3,2.0,0.07188159695698805,j1_b_then_a,0.5,0.5,0.03,soft_core_10,1.4569221671870431,0.6755291921887864,0.05613963996283234,0.0035519981081339426,0.004992315493793813
uniform_low_noise,14,3000,12,3,2.0,0.07188159695698805,j1_b_then_a,0.5,0.5,0.03,adaptive_soft,1.4474737899772772,0.6735711217557887,0.0365481911576769,0.001216726467964162,0.02445167297908561
uniform_low_noise,15,3000,12,3,2.0,0.07778885824886354,j2_a_then_b,0.5,0.5,0.03,j1,1.596312173479859,0.7327843387586167,0.05554406563486096,0.002650176783138525,0.025671550410394497
uniform_low_noise,15,3000,12,3,2.0,0.07778885824886354,j2_a_then_b,0.5,0.5,0.03,j2,1.5960960390668535,0.7325724191933672,0.05442988357322274,0.002595411173022423,0.025868385487535388
uniform_low_noise,15,3000,12,3,2.0,0.07778885824886354,j2_a_then_b,0.5,0.5,0.03,selected_order,1.5960960390668535,0.7325724191933672,0.05442988357322274,0.002595411173022423,0.025868385487535388
uniform_low_noise,15,3000,12,3,2.0,0.07778885824886354,j2_a_then_b,0.5,0.5,0.03,independent,1.798255813829503,0.7747799054652889,0.23699545544852815,0.058288109378343535,4.250656931230874e-17
uniform_low_noise,15,3000,12,3,2.0,0.07778885824886354,j2_a_then_b,0.5,0.5,0.03,arithmetic,1.590963877775816,0.7308285403535852,0.03921916236888632,0.0013247628216260896,0.02576996794896493
uniform_low_noise,15,3000,12,3,2.0,0.07778885824886354,j2_a_then_b,0.5,0.5,0.03,geometric,1.59096614576065,0.7308331342287735,0.0392134998889172,0.0013243850741651295,0.0257709597842363
uniform_low_noise,15,3000,12,3,2.0,0.07778885824886354,j2_a_then_b,0.5,0.5,0.03,weighted_geometric,1.59096614576065,0.7308331342287735,0.0392134998889172,0.0013243850741651295,0.0257709597842363
uniform_low_noise,15,3000,12,3,2.0,0.07778885824886354,j2_a_then_b,0.5,0.5,0.03,hard_core,1.6035152851792853,0.7336046252445625,0.06486785775419271,0.004400185140506139,2.5761580007531888e-14
uniform_low_noise,15,3000,12,3,2.0,0.07778885824886354,j2_a_then_b,0.5,0.5,0.03,soft_core_0.1,1.591200666894557,0.7309025071212119,0.04001264197786092,0.0013827101328003878,0.024115423663569297
uniform_low_noise,15,3000,12,3,2.0,0.07778885824886354,j2_a_then_b,0.5,0.5,0.03,soft_core_1,1.5932093409840158,0.7314702027810296,0.046015093756781617,0.0018813932787677008,0.016106196334895476
uniform_low_noise,15,3000,12,3,2.0,0.07778885824886354,j2_a_then_b,0.5,0.5,0.03,soft_core_10,1.599599353685718,0.7329058516985119,0.059290634990531596,0.0034538364025718553,0.004351286132085699
uniform_low_noise,15,3000,12,3,2.0,0.07778885824886354,j2_a_then_b,0.5,0.5,0.03,adaptive_soft,1.5910348743593632,0.7308534397027694,0.03945114362812189,0.0013414806814408158,0.02524179809232066
uniform_low_noise,16,3000,12,3,2.0,0.07223082351269704,j2_a_then_b,0.25,0.25,0.03,j1,1.4728653181413094,0.6805931552176375,0.05116737161107479,0.0023818897743949257,0.023913197990599017
uniform_low_noise,16,3000,12,3,2.0,0.07223082351269704,j2_a_then_b,0.25,0.25,0.03,j2,1.473095211792498,0.6806653763967608,0.05177760310423757,0.002440150358273285,0.024262411844990606
uniform_low_noise,16,3000,12,3,2.0,0.07223082351269704,j2_a_then_b,0.25,0.25,0.03,selected_order,1.473095211792498,0.6806653763967608,0.05177760310423757,0.002440150358273285,0.024262411844990606
uniform_low_noise,16,3000,12,3,2.0,0.07223082351269704,j2_a_then_b,0.25,0.25,0.03,independent,1.694687675010508,0.7235333217829009,0.23768962705181346,0.060710811185664786,3.960964585839055e-17
uniform_low_noise,16,3000,12,3,2.0,0.07223082351269704,j2_a_then_b,0.25,0.25,0.03,arithmetic,1.4681847847822382,0.6788913329977395,0.036889754923092606,0.0012219593260305668,0.024087804917794796
uniform_low_noise,16,3000,12,3,2.0,0.07223082351269704,j2_a_then_b,0.25,0.25,0.03,geometric,1.46817656426472,0.6788917828275264,0.036846685707181775,0.0012187026119388957,0.024061303363963515
uniform_low_noise,16,3000,12,3,2.0,0.07223082351269704,j2_a_then_b,0.25,0.25,0.03,weighted_geometric,1.4694322158769277,0.6793415105673616,0.04115731671926691,0.0015307960193494104,0.02415457051706496
uniform_low_noise,16,3000,12,3,2.0,0.07223082351269704,j2_a_then_b,0.25,0.25,0.03,hard_core,1.4816206342697207,0.6813783669912515,0.060655403589788166,0.004517867597918368,1.0409591234904974e-13
uniform_low_noise,16,3000,12,3,2.0,0.07223082351269704,j2_a_then_b,0.25,0.25,0.03,soft_core_0.1,1.4683771899289981,0.6789484388783726,0.037511012001081645,0.0012685321386395514,0.02261395813834327
uniform_low_noise,16,3000,12,3,2.0,0.07223082351269704,j2_a_then_b,0.25,0.25,0.03,soft_core_1,1.4701427785649597,0.6794207978801935,0.04265278521415763,0.0017066503420413287,0.015566085355239814
uniform_low_noise,16,3000,12,3,2.0,0.07223082351269704,j2_a_then_b,0.25,0.25,0.03,soft_core_10,1.4767095018114693,0.6806782978740984,0.05493991554007549,0.0033255925014469296,0.004587748352346511
uniform_low_noise,16,3000,12,3,2.0,0.07223082351269704,j2_a_then_b,0.25,0.25,0.03,adaptive_soft,1.4694239807130183,0.6793290137362524,0.04109729738218161,0.0015286846606359442,0.023688976442199142
uniform_low_noise,17,3000,12,3,2.0,0.07299005437854847,j1_b_then_a,0.75,0.75,0.3,j1,1.4741023672033273,0.6835293638855302,0.05112482684966061,0.0023788355907103046,0.024286487017785588
uniform_low_noise,17,3000,12,3,2.0,0.07299005437854847,j1_b_then_a,0.75,0.75,0.3,j2,1.4744055448988638,0.6836721116530428,0.05195802234583411,0.0024521797559085884,0.018629894198150435
uniform_low_noise,17,3000,12,3,2.0,0.07299005437854847,j1_b_then_a,0.75,0.75,0.3,selected_order,1.4741023672033273,0.6835293638855302,0.05112482684966061,0.0023788355907103046,0.024286487017785588
uniform_low_noise,17,3000,12,3,2.0,0.07299005437854847,j1_b_then_a,0.75,0.75,0.3,independent,1.5083884698528858,0.6886766673604608,0.09525817003481458,0.010907833264195654,4.364825245820173e-17
uniform_low_noise,17,3000,12,3,2.0,0.07299005437854847,j1_b_then_a,0.75,0.75,0.3,arithmetic,1.469385742464923,0.6818290160023731,0.036696261032864795,0.0012081539970269313,0.021458190607967997
uniform_low_noise,17,3000,12,3,2.0,0.07299005437854847,j1_b_then_a,0.75,0.75,0.3,geometric,1.4693728937393655,0.6818281758412899,0.036653618837541,0.0012036141576935526,0.02143639270887512
uniform_low_noise,17,3000,12,3,2.0,0.07299005437854847,j1_b_then_a,0.75,0.75,0.3,weighted_geometric,1.4705182586374965,0.68223631392989,0.04064054907887891,0.001488947730484303,0.022862568569654233
uniform_low_noise,17,3000,12,3,2.0,0.07299005437854847,j1_b_then_a,0.75,0.75,0.3,hard_core,1.4758666393462736,0.6839868989773732,0.05490568419948789,0.0028094262478178767,4.938284358567329e-15
uniform_low_noise,17,3000,12,3,2.0,0.07299005437854847,j1_b_then_a,0.75,0.75,0.3,soft_core_0.1,1.469578374990712,0.6818877023572792,0.03736289605313844,0.0012546200648473054,0.01959292021852518
uniform_low_noise,17,3000,12,3,2.0,0.07299005437854847,j1_b_then_a,0.75,0.75,0.3,soft_core_1,1.471338342839734,0.682459995607955,0.04300192847488634,0.0016910838832157257,0.011175881374162887
uniform_low_noise,17,3000,12,3,2.0,0.07299005437854847,j1_b_then_a,0.75,0.75,0.3,soft_core_10,1.474789348094086,0.6836244670747369,0.0523637003323269,0.002544008280087443,0.002154736753212644
uniform_low_noise,17,3000,12,3,2.0,0.07299005437854847,j1_b_then_a,0.75,0.75,0.3,adaptive_soft,1.4706691459840446,0.6822052021629323,0.040872019771689805,0.001525902852024874,0.017865218116564014
uniform_low_noise,18,3000,12,3,2.0,0.07616313918345115,j2_a_then_b,0.5,0.5,0.03,j1,1.5465224230816996,0.7109240688560425,0.055046158556960996,0.002675678506619123,0.02683148901435899
uniform_low_noise,18,3000,12,3,2.0,0.07616313918345115,j2_a_then_b,0.5,0.5,0.03,j2,1.5457698632745793,0.7105993048862221,0.05282757714744653,0.0024830424267267294,0.021750103740941374
uniform_low_noise,18,3000,12,3,2.0,0.07616313918345115,j2_a_then_b,0.5,0.5,0.03,selected_order,1.5457698632745793,0.7105993048862221,0.05282757714744653,0.0024830424267267294,0.021750103740941374
uniform_low_noise,18,3000,12,3,2.0,0.07616313918345115,j2_a_then_b,0.5,0.5,0.03,independent,1.6782061123475016,0.7391949663684034,0.1869753267305394,0.03749544347863903,3.860898748664046e-17
uniform_low_noise,18,3000,12,3,2.0,0.07616313918345115,j2_a_then_b,0.5,0.5,0.03,arithmetic,1.5409835585474803,0.7089349443373183,0.03832537280810796,0.001301907119539144,0.024290796377650168
uniform_low_noise,18,3000,12,3,2.0,0.07616313918345115,j2_a_then_b,0.5,0.5,0.03,geometric,1.5409938258577325,0.7089421750079253,0.03836025017979692,0.0013033814410823668,0.02427526307480244
uniform_low_noise,18,3000,12,3,2.0,0.07616313918345115,j2_a_then_b,0.5,0.5,0.03,weighted_geometric,1.5409938258577325,0.7089421750079253,0.03836025017979692,0.0013033814410823668,0.02427526307480244
uniform_low_noise,18,3000,12,3,2.0,0.07616313918345115,j2_a_then_b,0.5,0.5,0.03,hard_core,1.550925665172718,0.7113538958127392,0.06047048600239778,0.00374670247729153,4.7910094902969903e-14
uniform_low_noise,18,3000,12,3,2.0,0.07616313918345115,j2_a_then_b,0.5,0.5,0.03,soft_core_0.1,1.5412370789262368,0.7090067044501878,0.0391361973209178,0.0013636293402105879,0.022535942451136024
uniform_low_noise,18,3000,12,3,2.0,0.07616313918345115,j2_a_then_b,0.5,0.5,0.03,soft_core_1,1.5432579847344532,0.7095583785746513,0.04501153058571413,0.0018638495975925949,0.014256832325714936
uniform_low_noise,18,3000,12,3,2.0,0.07616313918345115,j2_a_then_b,0.5,0.5,0.03,soft_core_10,1.5485239809873832,0.71084007985786,0.0565095606164801,0.0031604797598474847,0.0033609511502248296
uniform_low_noise,18,3000,12,3,2.0,0.07616313918345115,j2_a_then_b,0.5,0.5,0.03,adaptive_soft,1.5410651776693283,0.7089608092026901,0.0385898411763174,0.0013210530005376697,0.02371868585052496
uniform_low_noise,19,3000,12,3,2.0,0.07071559168445185,j2_a_then_b,0.5,0.5,0.03,j1,1.4374120521414373,0.6680751650139546,0.05034965318659243,0.002330659852210707,0.022492147537238008
uniform_low_noise,19,3000,12,3,2.0,0.07071559168445185,j2_a_then_b,0.5,0.5,0.03,j2,1.4374647632158601,0.6679777991635455,0.05047569019220311,0.0023459288063497293,0.021851853096820802
uniform_low_noise,19,3000,12,3,2.0,0.07071559168445185,j2_a_then_b,0.5,0.5,0.03,selected_order,1.4374647632158601,0.6679777991635455,0.05047569019220311,0.0023459288063497293,0.021851853096820802
uniform_low_noise,19,3000,12,3,2.0,0.07071559168445185,j2_a_then_b,0.5,0.5,0.03,independent,1.5432373962773762,0.6934943327742527,0.16719562609665703,0.029918845530577276,4.125273166324707e-17
uniform_low_noise,19,3000,12,3,2.0,0.07071559168445185,j2_a_then_b,0.5,0.5,0.03,arithmetic,1.4327972689023813,0.666331339374555,0.035954443562869635,0.0011872860576841106,0.022172000317029393
uniform_low_noise,19,3000,12,3,2.0,0.07071559168445185,j2_a_then_b,0.5,0.5,0.03,geometric,1.432788982189129,0.6663309908651633,0.03588898467902552,0.001184127683080779,0.022201561305198316
uniform_low_noise,19,3000,12,3,2.0,0.07071559168445185,j2_a_then_b,0.5,0.5,0.03,weighted_geometric,1.432788982189129,0.6663309908651633,0.03588898467902552,0.001184127683080779,0.022201561305198316
uniform_low_noise,19,3000,12,3,2.0,0.07071559168445185,j2_a_then_b,0.5,0.5,0.03,hard_core,1.4411491739718874,0.6686492277903789,0.056284040194980386,0.0032481188311543844,2.417351844322847e-14
uniform_low_noise,19,3000,12,3,2.0,0.07071559168445185,j2_a_then_b,0.5,0.5,0.03,soft_core_0.1,1.4330028695108146,0.6663965336716241,0.036630594048076635,0.0012373549116191178,0.020583067053744596
uniform_low_noise,19,3000,12,3,2.0,0.07071559168445185,j2_a_then_b,0.5,0.5,0.03,soft_core_1,1.4347932707538094,0.6669408186379536,0.04228013505911445,0.0016821339881549393,0.01289881862391242
uniform_low_noise,19,3000,12,3,2.0,0.07071559168445185,j2_a_then_b,0.5,0.5,0.03,soft_core_10,1.4392606354387336,0.6681732380649464,0.052810478011702106,0.0027855020712479407,0.002939734753540056
uniform_low_noise,19,3000,12,3,2.0,0.07071559168445185,j2_a_then_b,0.5,0.5,0.03,adaptive_soft,1.4328515289115236,0.6663500431108546,0.03610831393996403,0.0011996958397555858,0.0216836376532488
uniform_low_noise,20,3000,12,3,2.0,0.07370974513409487,j2_a_then_b,0.5,0.5,0.03,j1,1.4823283302523778,0.6951539606152902,0.05205086802938298,0.0024100714818892873,0.025650688010668943
uniform_low_noise,20,3000,12,3,2.0,0.07370974513409487,j2_a_then_b,0.5,0.5,0.03,j2,1.4821840943665279,0.6950766879221685,0.05148402202193506,0.002374654832865297,0.01853614923665949
uniform_low_noise,20,3000,12,3,2.0,0.07370974513409487,j2_a_then_b,0.5,0.5,0.03,selected_order,1.4821840943665279,0.6950766879221685,0.05148402202193506,0.002374654832865297,0.01853614923665949
uniform_low_noise,20,3000,12,3,2.0,0.07370974513409487,j2_a_then_b,0.5,0.5,0.03,independent,1.5474236455853745,0.7078360531550036,0.12763731105297954,0.018886067036207838,4.5355567500899125e-17
uniform_low_noise,20,3000,12,3,2.0,0.07370974513409487,j2_a_then_b,0.5,0.5,0.03,arithmetic,1.4774302457533308,0.6932966724620386,0.03660174670207415,0.001197905021904357,0.0220934186236642
uniform_low_noise,20,3000,12,3,2.0,0.07370974513409487,j2_a_then_b,0.5,0.5,0.03,geometric,1.4774421441929497,0.6933057536378876,0.036652181489880045,0.001199928317312016,0.022087819715121193
uniform_low_noise,20,3000,12,3,2.0,0.07370974513409487,j2_a_then_b,0.5,0.5,0.03,weighted_geometric,1.4774421441929497,0.6933057536378876,0.036652181489880045,0.001199928317312016,0.022087819715121193
uniform_low_noise,20,3000,12,3,2.0,0.07370974513409487,j2_a_then_b,0.5,0.5,0.03,hard_core,1.4848583189917364,0.6955727697044893,0.056130611665068934,0.003033027814847628,1.5173718064834666e-14
uniform_low_noise,20,3000,12,3,2.0,0.07370974513409487,j2_a_then_b,0.5,0.5,0.03,soft_core_0.1,1.4776539730380571,0.6933656464989391,0.03738356345146901,0.0012527005429941787,0.020311359457173366
uniform_low_noise,20,3000,12,3,2.0,0.07370974513409487,j2_a_then_b,0.5,0.5,0.03,soft_core_1,1.479458821698299,0.693932235226853,0.04312037307398369,0.0017009457940737756,0.01206116119370559
uniform_low_noise,20,3000,12,3,2.0,0.07370974513409487,j2_a_then_b,0.5,0.5,0.03,soft_core_10,1.4834261876081052,0.695155498531602,0.05314870347482051,0.002681051596136735,0.0025041123670454905
uniform_low_noise,20,3000,12,3,2.0,0.07370974513409487,j2_a_then_b,0.5,0.5,0.03,adaptive_soft,1.4775033736418142,0.6933224995834828,0.03686250421899401,0.001215189804085037,0.02151902774713306
uniform_low_noise,21,3000,12,3,2.0,0.07510677424843053,j2_a_then_b,0.25,0.25,0.03,j1,1.531699440927843,0.7074180667306597,0.05376742829807795,0.002559203666839835,0.024576850692736487
uniform_low_noise,21,3000,12,3,2.0,0.07510677424843053,j2_a_then_b,0.25,0.25,0.03,j2,1.5314349627436936,0.7072527476093542,0.05271278422301933,0.002494038127708362,0.022568662926056537
uniform_low_noise,21,3000,12,3,2.0,0.07510677424843053,j2_a_then_b,0.25,0.25,0.03,selected_order,1.5314349627436936,0.7072527476093542,0.05271278422301933,0.002494038127708362,0.022568662926056537
uniform_low_noise,21,3000,12,3,2.0,0.07510677424843053,j2_a_then_b,0.25,0.25,0.03,independent,1.6625613244284296,0.7307590984069164,0.17654600763040365,0.03633605265403859,4.304947983264737e-17
uniform_low_noise,21,3000,12,3,2.0,0.07510677424843053,j2_a_then_b,0.25,0.25,0.03,arithmetic,1.526513736395616,0.7055231434650286,0.03795829157835708,0.0012744224542509841,0.023572756809396498
uniform_low_noise,21,3000,12,3,2.0,0.07510677424843053,j2_a_then_b,0.25,0.25,0.03,geometric,1.526509714265601,0.7055260319773642,0.03792438828828409,0.0012722472515166424,0.023552453048928133
uniform_low_noise,21,3000,12,3,2.0,0.07510677424843053,j2_a_then_b,0.25,0.25,0.03,weighted_geometric,1.5277075783876326,0.7059366657376732,0.041798965011086854,0.001569785811937841,0.023052743444485182
uniform_low_noise,21,3000,12,3,2.0,0.07510677424843053,j2_a_then_b,0.25,0.25,0.03,hard_core,1.5358267451699883,0.7079580240140699,0.05947058831226701,0.003565006857895663,1.5928697467908614e-14
uniform_low_noise,21,3000,12,3,2.0,0.07510677424843053,j2_a_then_b,0.25,0.25,0.03,soft_core_0.1,1.5267348594803378,0.7055892457630025,0.03865817096661346,0.0013280492793018,0.02181087739869063
uniform_low_noise,21,3000,12,3,2.0,0.07510677424843053,j2_a_then_b,0.25,0.25,0.03,soft_core_1,1.5286311296907698,0.7061461810708108,0.04442319832205615,0.001797770567465337,0.013632041064550302
uniform_low_noise,21,3000,12,3,2.0,0.07510677424843053,j2_a_then_b,0.25,0.25,0.03,soft_core_10,1.5335459294228235,0.7074405171305217,0.055581211853216815,0.0030085224200395466,0.003181290396941832
uniform_low_noise,21,3000,12,3,2.0,0.07510677424843053,j2_a_then_b,0.25,0.25,0.03,adaptive_soft,1.5277188307459053,0.7059347930864056,0.04181737527456024,0.0015725103903354088,0.02251097629619885
uniform_low_noise,22,3000,12,3,2.0,0.06809600847269151,j2_a_then_b,0.5,0.5,0.03,j1,1.3831739742956817,0.6502884684070054,0.04859496276539975,0.002229590588917647,0.022538617699579894
uniform_low_noise,22,3000,12,3,2.0,0.06809600847269151,j2_a_then_b,0.5,0.5,0.03,j2,1.3832656367780425,0.6503313903885639,0.0491532639394956,0.0022563852726781874,0.022429699722287273
uniform_low_noise,22,3000,12,3,2.0,0.06809600847269151,j2_a_then_b,0.5,0.5,0.03,selected_order,1.3832656367780425,0.6503313903885639,0.0491532639394956,0.0022563852726781874,0.022429699722287273
uniform_low_noise,22,3000,12,3,2.0,0.06809600847269151,j2_a_then_b,0.5,0.5,0.03,independent,1.5887150119827205,0.6927954948134863,0.22027879050028304,0.057882138915501195,4.174607075678229e-17
uniform_low_noise,22,3000,12,3,2.0,0.06809600847269151,j2_a_then_b,0.5,0.5,0.03,arithmetic,1.3788473757301811,0.6486686858316068,0.03531751228396526,0.0011586483992122012,0.02248415871093357
uniform_low_noise,22,3000,12,3,2.0,0.06809600847269151,j2_a_then_b,0.5,0.5,0.03,geometric,1.3788393187679595,0.6486711703045825,0.03528087903668727,0.0011554202576389888,0.02249339257980156
uniform_low_noise,22,3000,12,3,2.0,0.06809600847269151,j2_a_then_b,0.5,0.5,0.03,weighted_geometric,1.3788393187679595,0.6486711703045825,0.03528087903668727,0.0011554202576389888,0.02249339257980156
uniform_low_noise,22,3000,12,3,2.0,0.06809600847269151,j2_a_then_b,0.5,0.5,0.03,hard_core,1.3910076967441218,0.6510525786356225,0.057711038627326766,0.004134098321664387,2.655299492681994e-14
uniform_low_noise,22,3000,12,3,2.0,0.06809600847269151,j2_a_then_b,0.5,0.5,0.03,soft_core_0.1,1.3790161541796515,0.6487238538632295,0.03589171822872463,0.001199458645200344,0.02112066513465286
uniform_low_noise,22,3000,12,3,2.0,0.06809600847269151,j2_a_then_b,0.5,0.5,0.03,soft_core_1,1.3806024431366588,0.6491784528572693,0.040850599746422744,0.0015935948424722832,0.014484031721662625
uniform_low_noise,22,3000,12,3,2.0,0.06809600847269151,j2_a_then_b,0.5,0.5,0.03,soft_core_10,1.386485086750535,0.6503800414640503,0.05231308987969435,0.003041904847365371,0.004277573830044691
uniform_low_noise,22,3000,12,3,2.0,0.06809600847269151,j2_a_then_b,0.5,0.5,0.03,adaptive_soft,1.3788907528064047,0.6486863849288339,0.03545885704947311,0.0011682325816382234,0.02205435850702775
uniform_low_noise,23,3000,12,3,2.0,0.0745928228651267,j1_b_then_a,0.5,0.5,0.03,j1,1.4972393399033517,0.6935263316311195,0.053193320553650794,0.002507487170843575,0.024598738480642094
uniform_low_noise,23,3000,12,3,2.0,0.0745928228651267,j1_b_then_a,0.5,0.5,0.03,j2,1.497063586613652,0.6933768736558287,0.05236621237657315,0.0024680345915248435,0.025358261442976787
uniform_low_noise,23,3000,12,3,2.0,0.0745928228651267,j1_b_then_a,0.5,0.5,0.03,selected_order,1.4972393399033517,0.6935263316311195,0.053193320553650794,0.002507487170843575,0.024598738480642094
uniform_low_noise,23,3000,12,3,2.0,0.0745928228651267,j1_b_then_a,0.5,0.5,0.03,independent,1.7323984435294772,0.7408026046845456,0.2526460613140083,0.06413207052066865,4.296492029823604e-17
uniform_low_noise,23,3000,12,3,2.0,0.0745928228651267,j1_b_then_a,0.5,0.5,0.03,arithmetic,1.4921883697059306,0.6916466170373903,0.03751507628346615,0.0012594444273638977,0.024978499961809425
uniform_low_noise,23,3000,12,3,2.0,0.0745928228651267,j1_b_then_a,0.5,0.5,0.03,geometric,1.492197686267666,0.6916591873429281,0.03755667353091605,0.0012606030633917006,0.024961349764368805
uniform_low_noise,23,3000,12,3,2.0,0.0745928228651267,j1_b_then_a,0.5,0.5,0.03,weighted_geometric,1.492197686267666,0.6916591873429281,0.03755667353091605,0.0012606030633917006,0.024961349764368805
uniform_low_noise,23,3000,12,3,2.0,0.0745928228651267,j1_b_then_a,0.5,0.5,0.03,hard_core,1.50625736861283,0.6943723961973243,0.06327006037292524,0.004699591676399896,4.601632333521489e-14
uniform_low_noise,23,3000,12,3,2.0,0.0745928228651267,j1_b_then_a,0.5,0.5,0.03,soft_core_0.1,1.492425595732674,0.6917267793790374,0.03836354699385293,0.0013171445466956917,0.02348349806453387
uniform_low_noise,23,3000,12,3,2.0,0.0745928228651267,j1_b_then_a,0.5,0.5,0.03,soft_core_1,1.4943770059221255,0.6922600483550655,0.04419613282679069,0.001800580335219832,0.016221430436659592
uniform_low_noise,23,3000,12,3,2.0,0.0745928228651267,j1_b_then_a,0.5,0.5,0.03,soft_core_10,1.501316975048607,0.69363889523491,0.057308213385795496,0.0035061858785912867,0.004732517458022628
uniform_low_noise,23,3000,12,3,2.0,0.0745928228651267,j1_b_then_a,0.5,0.5,0.03,adaptive_soft,1.4922647768482449,0.6916791547093792,0.037798561985195066,0.0012772490235755825,0.024488864157042132
uniform_low_noise,24,3000,12,3,2.0,0.07141364092431912,j1_b_then_a,0.5,0.5,0.03,j1,1.4260750647947955,0.6661394435908289,0.04982143773321565,0.002287167099310665,0.023369202720610518
uniform_low_noise,24,3000,12,3,2.0,0.07141364092431912,j1_b_then_a,0.5,0.5,0.03,j2,1.426251709230237,0.6662024097322824,0.050372319375452536,0.0023316073261397873,0.024372485261102424
uniform_low_noise,24,3000,12,3,2.0,0.07141364092431912,j1_b_then_a,0.5,0.5,0.03,selected_order,1.4260750647947955,0.6661394435908289,0.04982143773321565,0.002287167099310665,0.023369202720610518
uniform_low_noise,24,3000,12,3,2.0,0.07141364092431912,j1_b_then_a,0.5,0.5,0.03,independent,1.6419710344660554,0.7117915944458187,0.24453393412463437,0.059186227817285386,4.197237838441608e-17
uniform_low_noise,24,3000,12,3,2.0,0.07141364092431912,j1_b_then_a,0.5,0.5,0.03,arithmetic,1.4214773688603162,0.6644285086160301,0.03531832580326971,0.0011479627910529037,0.023870843990856455
uniform_low_noise,24,3000,12,3,2.0,0.07141364092431912,j1_b_then_a,0.5,0.5,0.03,geometric,1.4214755013457099,0.6644325958151437,0.03529647498894328,0.0011463813809807284,0.023854045645406868
uniform_low_noise,24,3000,12,3,2.0,0.07141364092431912,j1_b_then_a,0.5,0.5,0.03,weighted_geometric,1.4214755013457099,0.6644325958151437,0.03529647498894328,0.0011463813809807284,0.023854045645406868
uniform_low_noise,24,3000,12,3,2.0,0.07141364092431912,j1_b_then_a,0.5,0.5,0.03,hard_core,1.4335223518120284,0.6670263813162332,0.059364732317858576,0.004114143118581184,1.1657699417284974e-14
uniform_low_noise,24,3000,12,3,2.0,0.07141364092431912,j1_b_then_a,0.5,0.5,0.03,soft_core_0.1,1.4216642797985624,0.664487416499746,0.03595008629742984,0.0011933829262759398,0.022437931100087034
uniform_low_noise,24,3000,12,3,2.0,0.07141364092431912,j1_b_then_a,0.5,0.5,0.03,soft_core_1,1.4234054234284768,0.6649590146749382,0.04129007558317913,0.0016260243720147755,0.01539686428474143
uniform_low_noise,24,3000,12,3,2.0,0.07141364092431912,j1_b_then_a,0.5,0.5,0.03,soft_core_10,1.4296646053078113,0.6663159285601526,0.05395096757985479,0.003171556515922061,0.004225440756710045
uniform_low_noise,24,3000,12,3,2.0,0.07141364092431912,j1_b_then_a,0.5,0.5,0.03,adaptive_soft,1.4215304006231941,0.6644485617700466,0.03548900946324015,0.0011600534650592774,0.023401403220260394
uniform_low_noise,25,3000,12,3,2.0,0.07543208520492264,j1_b_then_a,0.75,0.75,0.03,j1,1.5017640540651294,0.7012654792711237,0.05363292880675359,0.0025398955639894063,0.025355618815324065
uniform_low_noise,25,3000,12,3,2.0,0.07543208520492264,j1_b_then_a,0.75,0.75,0.03,j2,1.5014753195811807,0.7011332825479155,0.05293637130587636,0.0024707702344699085,0.02351962371111255
uniform_low_noise,25,3000,12,3,2.0,0.07543208520492264,j1_b_then_a,0.75,0.75,0.03,selected_order,1.5017640540651294,0.7012654792711237,0.05363292880675359,0.0025398955639894063,0.025355618815324065
uniform_low_noise,25,3000,12,3,2.0,0.07543208520492264,j1_b_then_a,0.75,0.75,0.03,independent,1.6507467515835634,0.7343180386565588,0.20062656589137445,0.04249631035072609,4.633283058735912e-17
uniform_low_noise,25,3000,12,3,2.0,0.07543208520492264,j1_b_then_a,0.75,0.75,0.03,arithmetic,1.496634260341669,0.6993116389727776,0.03801754202849918,0.001270602236772897,0.024437621263218294
uniform_low_noise,25,3000,12,3,2.0,0.07543208520492264,j1_b_then_a,0.75,0.75,0.03,geometric,1.4966391711596747,0.6993184756877888,0.038007910725793584,0.0012708322671678841,0.024434157232346022
uniform_low_noise,25,3000,12,3,2.0,0.07543208520492264,j1_b_then_a,0.75,0.75,0.03,weighted_geometric,1.4979583828403717,0.6998231062067587,0.04242311453538966,0.0015979290698807317,0.024896166503972514
uniform_low_noise,25,3000,12,3,2.0,0.07543208520492264,j1_b_then_a,0.75,0.75,0.03,hard_core,1.5071689740260314,0.7020283269808166,0.06143357093856339,0.0038652769047690856,1.77722670037483e-14
uniform_low_noise,25,3000,12,3,2.0,0.07543208520492264,j1_b_then_a,0.75,0.75,0.03,soft_core_0.1,1.4968691201812374,0.6993869933941033,0.03878082013402606,0.0013281318714312277,0.02276084207459677
uniform_low_noise,25,3000,12,3,2.0,0.07543208520492264,j1_b_then_a,0.75,0.75,0.03,soft_core_1,1.4988379401311847,0.6999696622176744,0.04474848638792672,0.0018174798855394322,0.01472584314536266
uniform_low_noise,25,3000,12,3,2.0,0.07543208520492264,j1_b_then_a,0.75,0.75,0.03,soft_core_10,1.5044240055853642,0.7014087396463112,0.05699128680984159,0.0031951502493502222,0.003595971893920263
uniform_low_noise,25,3000,12,3,2.0,0.07543208520492264,j1_b_then_a,0.75,0.75,0.03,adaptive_soft,1.497950395505752,0.6998107631234125,0.0423642619721019,0.0015959970138058142,0.02435048312265854
uniform_low_noise,26,3000,12,3,2.0,0.07294035930140484,j1_b_then_a,0.75,0.75,0.03,j1,1.4758851598501117,0.6879240464160198,0.052605785446112004,0.0024772971500194017,0.025776522089142533
uniform_low_noise,26,3000,12,3,2.0,0.07294035930140484,j1_b_then_a,0.75,0.75,0.03,j2,1.4756071320962012,0.6877328630010473,0.05154342696329269,0.0024065402738143882,0.02068632626608246
uniform_low_noise,26,3000,12,3,2.0,0.07294035930140484,j1_b_then_a,0.75,0.75,0.03,selected_order,1.4758851598501117,0.6879240464160198,0.052605785446112004,0.0024772971500194017,0.025776522089142533
uniform_low_noise,26,3000,12,3,2.0,0.07294035930140484,j1_b_then_a,0.75,0.75,0.03,independent,1.620924070598801,0.7171665727259976,0.19196672382198665,0.04005578131615384,3.712032971705464e-17
uniform_low_noise,26,3000,12,3,2.0,0.07294035930140484,j1_b_then_a,0.75,0.75,0.03,arithmetic,1.4709209650556032,0.6860253561839322,0.037418716652726516,0.0012462924739812403,0.023231424177612484
uniform_low_noise,26,3000,12,3,2.0,0.07294035930140484,j1_b_then_a,0.75,0.75,0.03,geometric,1.4709180667033053,0.6860292756233791,0.037387920660486844,0.0012444116812142794,0.023275755677717534
uniform_low_noise,26,3000,12,3,2.0,0.07294035930140484,j1_b_then_a,0.75,0.75,0.03,weighted_geometric,1.472193254368351,0.6865262508124431,0.04180821586438829,0.0015614946356309533,0.024539896921713548
uniform_low_noise,26,3000,12,3,2.0,0.07294035930140484,j1_b_then_a,0.75,0.75,0.03,hard_core,1.4810469632165006,0.6886135071364582,0.05963641699954504,0.0037475648835454,1.3405009391764656e-14
uniform_low_noise,26,3000,12,3,2.0,0.07294035930140484,j1_b_then_a,0.75,0.75,0.03,soft_core_0.1,1.4711311436493175,0.686090638042883,0.03809244666322436,0.0012974849705244549,0.021670135428867823
uniform_low_noise,26,3000,12,3,2.0,0.07294035930140484,j1_b_then_a,0.75,0.75,0.03,soft_core_1,1.473001202417582,0.686640281783513,0.04372711231253234,0.0017627416588664486,0.013968307665283716
uniform_low_noise,26,3000,12,3,2.0,0.07294035930140484,j1_b_then_a,0.75,0.75,0.03,soft_core_10,1.4783823740222621,0.6880201073920541,0.05542863133155259,0.0030939962573571867,0.003410583804606417
uniform_low_noise,26,3000,12,3,2.0,0.07294035930140484,j1_b_then_a,0.75,0.75,0.03,adaptive_soft,1.4721756348085822,0.6865046968560573,0.04170320720258048,0.0015571078247376784,0.023992474017780346
uniform_low_noise,27,3000,12,3,2.0,0.07391271278332434,j2_a_then_b,0.0,0.0,0.03,j1,1.4730034582743776,0.6885305759852492,0.051958549984243485,0.002429418204028227,0.025942267341142262
uniform_low_noise,27,3000,12,3,2.0,0.07391271278332434,j2_a_then_b,0.0,0.0,0.03,j2,1.4729910332865528,0.6885422671649107,0.05215080192342767,0.002427096767746593,0.021874857767280882
uniform_low_noise,27,3000,12,3,2.0,0.07391271278332434,j2_a_then_b,0.0,0.0,0.03,selected_order,1.4729910332865528,0.6885422671649107,0.05215080192342767,0.002427096767746593,0.021874857767280882
uniform_low_noise,27,3000,12,3,2.0,0.07391271278332434,j2_a_then_b,0.0,0.0,0.03,independent,1.6399175860113804,0.72262672696854,0.2042837762963049,0.047367174279078376,3.916460194829416e-17
uniform_low_noise,27,3000,12,3,2.0,0.07391271278332434,j2_a_then_b,0.0,0.0,0.03,arithmetic,1.4681274855121527,0.6867125132997258,0.036657175002660414,0.0012203201094374836,0.023908562554211556
uniform_low_noise,27,3000,12,3,2.0,0.07391271278332434,j2_a_then_b,0.0,0.0,0.03,geometric,1.4681162345090497,0.6867157473367212,0.036608632079093956,0.0012163836488611427,0.02389562905701671
uniform_low_noise,27,3000,12,3,2.0,0.07391271278332434,j2_a_then_b,0.0,0.0,0.03,weighted_geometric,1.472991033286553,0.6885422671649107,0.05215080192342767,0.0024270967677465943,0.021874857767280893
uniform_low_noise,27,3000,12,3,2.0,0.07391271278332434,j2_a_then_b,0.0,0.0,0.03,hard_core,1.478991278689011,0.6893178008303941,0.05998949174009622,0.00388640009159034,3.202881577036958e-14
uniform_low_noise,27,3000,12,3,2.0,0.07391271278332434,j2_a_then_b,0.0,0.0,0.03,soft_core_0.1,1.4683301599218022,0.6867801923071952,0.03732804123278444,0.001269443423186418,0.02230358943626028
uniform_low_noise,27,3000,12,3,2.0,0.07391271278332434,j2_a_then_b,0.0,0.0,0.03,soft_core_1,1.470185522882849,0.687334462091185,0.043110394178962605,0.0017294670515967025,0.014623641067114534
uniform_low_noise,27,3000,12,3,2.0,0.07391271278332434,j2_a_then_b,0.0,0.0,0.03,soft_core_10,1.4758198346309042,0.68870354712885,0.055297141393158764,0.00311721677000607,0.0037566413025132014
uniform_low_noise,27,3000,12,3,2.0,0.07391271278332434,j2_a_then_b,0.0,0.0,0.03,adaptive_soft,1.4728351357658638,0.6884721639421565,0.051686545555576335,0.0023882624681408286,0.02151684227541782
uniform_low_noise,28,3000,12,3,2.0,0.07181595695584662,j2_a_then_b,0.25,0.25,0.03,j1,1.4481597752442563,0.6787383531136252,0.05071435058235056,0.0023440352927898375,0.024927546674363824
uniform_low_noise,28,3000,12,3,2.0,0.07181595695584662,j2_a_then_b,0.25,0.25,0.03,j2,1.4482094256370366,0.6787970059374038,0.05141837515640303,0.002356404930665435,0.01564734909110319
uniform_low_noise,28,3000,12,3,2.0,0.07181595695584662,j2_a_then_b,0.25,0.25,0.03,selected_order,1.4482094256370366,0.6787970059374038,0.05141837515640303,0.002356404930665435,0.01564734909110319
uniform_low_noise,28,3000,12,3,2.0,0.07181595695584662,j2_a_then_b,0.25,0.25,0.03,independent,1.4481840599518676,0.6787593273790501,0.050936891502019986,0.002347500076251992,4.694684100623289e-17
uniform_low_noise,28,3000,12,3,2.0,0.07181595695584662,j2_a_then_b,0.25,0.25,0.03,arithmetic,1.44348967526984,0.6770005932284696,0.03627684930300365,0.001185555830837937,0.02028744788273349
uniform_low_noise,28,3000,12,3,2.0,0.07181595695584662,j2_a_then_b,0.25,0.25,0.03,geometric,1.443478016195866,0.6770012439512487,0.03624937737844854,0.0011815494695866342,0.020255940109532928
uniform_low_noise,28,3000,12,3,2.0,0.07181595695584662,j2_a_then_b,0.25,0.25,0.03,weighted_geometric,1.4446677369674132,0.6774599794639077,0.040742331588498874,0.001477519763474292,0.017937793054743724
uniform_low_noise,28,3000,12,3,2.0,0.07181595695584662,j2_a_then_b,0.25,0.25,0.03,hard_core,1.4490908828909084,0.6789451078953007,0.05298205382629779,0.0025690063697882126,2.126039912530634e-14
uniform_low_noise,28,3000,12,3,2.0,0.07181595695584662,j2_a_then_b,0.25,0.25,0.03,soft_core_0.1,1.443679665919168,0.6770584310031896,0.03697693207093751,0.001231644257503111,0.018413969344489058
uniform_low_noise,28,3000,12,3,2.0,0.07181595695584662,j2_a_then_b,0.25,0.25,0.03,soft_core_1,1.445348698267615,0.6776120818969136,0.04248715890196038,0.0016454379629071833,0.010128874430590675
uniform_low_noise,28,3000,12,3,2.0,0.07181595695584662,j2_a_then_b,0.25,0.25,0.03,soft_core_10,1.4482702680820108,0.6786491436857877,0.05085666925354157,0.0023669360907035615,0.00184236122119517
uniform_low_noise,28,3000,12,3,2.0,0.07181595695584662,j2_a_then_b,0.25,0.25,0.03,adaptive_soft,1.4446994039124637,0.6774713737831607,0.04083512285681832,0.0014852890551387721,0.017415942607736455
uniform_low_noise,29,3000,12,3,2.0,0.07361757017798155,j2_a_then_b,0.25,0.25,0.03,j1,1.5011400686978886,0.6941956824621632,0.05264413003231652,0.0024866290486011515,0.02507027613606031
uniform_low_noise,29,3000,12,3,2.0,0.07361757017798155,j2_a_then_b,0.25,0.25,0.03,j2,1.5008663875528743,0.6940484113843712,0.05189522874327688,0.0024187112619654346,0.02452500208782139
uniform_low_noise,29,3000,12,3,2.0,0.07361757017798155,j2_a_then_b,0.25,0.25,0.03,selected_order,1.5008663875528743,0.6940484113843712,0.05189522874327688,0.0024187112619654346,0.02452500208782139
uniform_low_noise,29,3000,12,3,2.0,0.07361757017798155,j2_a_then_b,0.25,0.25,0.03,independent,1.742582098317063,0.7421858252313175,0.2553487987693235,0.06638697897923844,4.1870287198084683e-17
uniform_low_noise,29,3000,12,3,2.0,0.07361757017798155,j2_a_then_b,0.25,0.25,0.03,arithmetic,1.4960911759722522,0.6923656592084894,0.03731574923618236,0.0012368918432057161,0.02479763911194083
uniform_low_noise,29,3000,12,3,2.0,0.07361757017798155,j2_a_then_b,0.25,0.25,0.03,geometric,1.4960990024724534,0.6923718168554791,0.03733272479086673,0.001237574870409618,0.02480637103649923
uniform_low_noise,29,3000,12,3,2.0,0.07361757017798155,j2_a_then_b,0.25,0.25,0.03,weighted_geometric,1.4972586416332556,0.6927736033418619,0.041328199909051976,0.0015254827934729923,0.02466710753402781
uniform_low_noise,29,3000,12,3,2.0,0.07361757017798155,j2_a_then_b,0.25,0.25,0.03,hard_core,1.5103880278789148,0.6950336962344433,0.06292200433942528,0.004758442599665668,1.1187595642915677e-14
uniform_low_noise,29,3000,12,3,2.0,0.07361757017798155,j2_a_then_b,0.25,0.25,0.03,soft_core_0.1,1.4963156307361978,0.6924328860213776,0.038078546270534225,0.0012915122258001727,0.023355237791102663
uniform_low_noise,29,3000,12,3,2.0,0.07361757017798155,j2_a_then_b,0.25,0.25,0.03,soft_core_1,1.4981882688743369,0.6929230296548263,0.043539526033941386,0.0017567834703300456,0.016234409743291888
uniform_low_noise,29,3000,12,3,2.0,0.07361757017798155,j2_a_then_b,0.25,0.25,0.03,soft_core_10,1.505192242424941,0.6942598705745183,0.056645159326087664,0.00348894843974739,0.004822562925058135
uniform_low_noise,29,3000,12,3,2.0,0.07361757017798155,j2_a_then_b,0.25,0.25,0.03,adaptive_soft,1.4972612869095185,0.6927659881099086,0.04129351045137107,0.0015261611411277742,0.02420936336126944
uniform_low_noise,30,3000,12,3,2.0,0.07425939193312593,j2_a_then_b,0.25,0.25,0.03,j1,1.495335463156856,0.6954579235058269,0.05220273958421976,0.002450469392557138,0.02507161684999221
uniform_low_noise,30,3000,12,3,2.0,0.07425939193312593,j2_a_then_b,0.25,0.25,0.03,j2,1.495236599336388,0.6953844554058743,0.05207526587446652,0.0024200451558272365,0.021300372841543107
uniform_low_noise,30,3000,12,3,2.0,0.07425939193312593,j2_a_then_b,0.25,0.25,0.03,selected_order,1.495236599336388,0.6953844554058743,0.05207526587446652,0.0024200451558272365,0.021300372841543107
uniform_low_noise,30,3000,12,3,2.0,0.07425939193312593,j2_a_then_b,0.25,0.25,0.03,independent,1.6119486595991392,0.7198419097241916,0.17465748006087253,0.032978408672657465,4.548103206804272e-17
uniform_low_noise,30,3000,12,3,2.0,0.07425939193312593,j2_a_then_b,0.25,0.25,0.03,arithmetic,1.4903365031843772,0.6935634106772782,0.036490863131736016,0.0012082123784222822,0.02318599484576764
uniform_low_noise,30,3000,12,3,2.0,0.07425939193312593,j2_a_then_b,0.25,0.25,0.03,geometric,1.4903305816361123,0.6935675314324581,0.03645797200073971,0.0012056043416989425,0.02320136491465501
uniform_low_noise,30,3000,12,3,2.0,0.07425939193312593,j2_a_then_b,0.25,0.25,0.03,weighted_geometric,1.4915476985095177,0.6940149282607583,0.0410386555006983,0.0015068956158830365,0.022252268881429445
uniform_low_noise,30,3000,12,3,2.0,0.07425939193312593,j2_a_then_b,0.25,0.25,0.03,hard_core,1.4990197324813936,0.6959592399156432,0.057795543007017045,0.003353472197285747,1.5259661901597684e-14
uniform_low_noise,30,3000,12,3,2.0,0.07425939193312593,j2_a_then_b,0.25,0.25,0.03,soft_core_0.1,1.4905387023690455,0.6936268153566162,0.037200177747323766,0.0012574444263181066,0.0214951412578044
uniform_low_noise,30,3000,12,3,2.0,0.07425939193312593,j2_a_then_b,0.25,0.25,0.03,soft_core_1,1.4923555614673238,0.6941717072622328,0.04294932626426097,0.001709163641951621,0.01342354227106309
uniform_low_noise,30,3000,12,3,2.0,0.07425939193312593,j2_a_then_b,0.25,0.25,0.03,soft_core_10,1.4970136786928325,0.6954583433384256,0.054118322842374826,0.0028608916584202666,0.0030615300408221337
uniform_low_noise,30,3000,12,3,2.0,0.07425939193312593,j2_a_then_b,0.25,0.25,0.03,adaptive_soft,1.4915613471485105,0.6940149174637728,0.04105334832517197,0.001510303766793302,0.021734566383350837
uniform_low_noise,31,3000,12,3,2.0,0.07040407046121726,j1_b_then_a,0.5,0.5,0.03,j1,1.4245809907991303,0.6692246718703543,0.050053675972398376,0.002281176077764801,0.02309507352816597
uniform_low_noise,31,3000,12,3,2.0,0.07040407046121726,j1_b_then_a,0.5,0.5,0.03,j2,1.4246128547607533,0.6692108903592575,0.050168836876860974,0.0022857750659470645,0.02543072872736686
uniform_low_noise,31,3000,12,3,2.0,0.07040407046121726,j1_b_then_a,0.5,0.5,0.03,selected_order,1.4245809907991303,0.6692246718703543,0.050053675972398376,0.002281176077764801,0.02309507352816597
uniform_low_noise,31,3000,12,3,2.0,0.07040407046121726,j1_b_then_a,0.5,0.5,0.03,independent,1.7051372379537457,0.7250540860091547,0.28412105707301,0.07434080545723296,3.954243209996003e-17
uniform_low_noise,31,3000,12,3,2.0,0.07040407046121726,j1_b_then_a,0.5,0.5,0.03,arithmetic,1.4200947323080593,0.6675174348619708,0.03573045164700257,0.0011662319546662237,0.024262901127766398
uniform_low_noise,31,3000,12,3,2.0,0.07040407046121726,j1_b_then_a,0.5,0.5,0.03,geometric,1.4200837062272402,0.6675192975116939,0.03568912241477854,0.0011624002016020465,0.02429110917449014
uniform_low_noise,31,3000,12,3,2.0,0.07040407046121726,j1_b_then_a,0.5,0.5,0.03,weighted_geometric,1.4200837062272402,0.6675192975116939,0.03568912241477854,0.0011624002016020465,0.02429110917449014
uniform_low_noise,31,3000,12,3,2.0,0.07040407046121726,j1_b_then_a,0.5,0.5,0.03,hard_core,1.4338462861604613,0.6702286153779866,0.06120176383919488,0.004542840142406901,2.5924634268500847e-14
uniform_low_noise,31,3000,12,3,2.0,0.07040407046121726,j1_b_then_a,0.5,0.5,0.03,soft_core_0.1,1.4202703338398215,0.6675758604304804,0.03633919941807603,0.0012088895592953695,0.023001749655868983
uniform_low_noise,31,3000,12,3,2.0,0.07040407046121726,j1_b_then_a,0.5,0.5,0.03,soft_core_1,1.4219993025226076,0.6680406371362799,0.041538024786570135,0.0016389866109782294,0.016387625802155758
uniform_low_noise,31,3000,12,3,2.0,0.07040407046121726,j1_b_then_a,0.5,0.5,0.03,soft_core_10,1.4290596719887614,0.6694498726200957,0.0550493765354452,0.0033800847747586724,0.00475765519067682
uniform_low_noise,31,3000,12,3,2.0,0.07040407046121726,j1_b_then_a,0.5,0.5,0.03,adaptive_soft,1.4201384321698243,0.6675360135788685,0.03588212162593689,0.0011760343350021144,0.023879954180251784
uniform_low_noise,32,3000,12,3,2.0,0.07321089601232204,j2_a_then_b,0.5,0.5,0.03,j1,1.4968903380678493,0.6929373922997997,0.0525410047272925,0.0024844955859397045,0.023968053714772106
uniform_low_noise,32,3000,12,3,2.0,0.07321089601232204,j2_a_then_b,0.5,0.5,0.03,j2,1.4966594235056667,0.6928604932452106,0.05190526318109021,0.0024268651918057916,0.024613566050199993
uniform_low_noise,32,3000,12,3,2.0,0.07321089601232204,j2_a_then_b,0.5,0.5,0.03,selected_order,1.4966594235056667,0.6928604932452106,0.05190526318109021,0.0024268651918057916,0.024613566050199993
uniform_low_noise,32,3000,12,3,2.0,0.07321089601232204,j2_a_then_b,0.5,0.5,0.03,independent,1.7194475187114937,0.7356577972040464,0.24372001332048138,0.062174477512018586,4.272239782477819e-17
uniform_low_noise,32,3000,12,3,2.0,0.07321089601232204,j2_a_then_b,0.5,0.5,0.03,arithmetic,1.4918883355739914,0.691153639172113,0.037393506189457464,0.0012463352619106439,0.024290809882486036
uniform_low_noise,32,3000,12,3,2.0,0.07321089601232204,j2_a_then_b,0.5,0.5,0.03,geometric,1.4918976539891615,0.6911606793189886,0.03744872649432317,0.0012474800358900787,0.02427505840964174
uniform_low_noise,32,3000,12,3,2.0,0.07321089601232204,j2_a_then_b,0.5,0.5,0.03,weighted_geometric,1.4918976539891615,0.6911606793189886,0.03744872649432317,0.0012474800358900787,0.02427505840964174
uniform_low_noise,32,3000,12,3,2.0,0.07321089601232204,j2_a_then_b,0.5,0.5,0.03,hard_core,1.5040023624573264,0.6938039207267092,0.06189299370531964,0.00422209248916355,2.3238759987692937e-14
uniform_low_noise,32,3000,12,3,2.0,0.07321089601232204,j2_a_then_b,0.5,0.5,0.03,soft_core_0.1,1.4921070898061253,0.6912213967782401,0.03816714130866093,0.0012995127869280157,0.02277662408908143
uniform_low_noise,32,3000,12,3,2.0,0.07321089601232204,j2_a_then_b,0.5,0.5,0.03,soft_core_1,1.4939717591564152,0.6917409146340978,0.0438273608672354,0.0017620676731493691,0.015416117647457924
uniform_low_noise,32,3000,12,3,2.0,0.07321089601232204,j2_a_then_b,0.5,0.5,0.03,soft_core_10,1.5002294635596187,0.6931243906776563,0.05658531629867021,0.0033039129645910516,0.0041756282990891
uniform_low_noise,32,3000,12,3,2.0,0.07321089601232204,j2_a_then_b,0.5,0.5,0.03,adaptive_soft,1.4919587870406514,0.6911783158892147,0.03766226019876496,0.0012626700754095888,0.02379607987748831
uniform_low_noise,33,3000,12,3,2.0,0.07460022044037655,j2_a_then_b,0.5,0.5,0.03,j1,1.5148446463826635,0.7006316731477115,0.05261859251217124,0.0024817619698445214,0.02509181099809703
uniform_low_noise,33,3000,12,3,2.0,0.07460022044037655,j2_a_then_b,0.5,0.5,0.03,j2,1.5149323113847817,0.7007574152322394,0.05316978499259482,0.0025032184794982278,0.024601016472615363
uniform_low_noise,33,3000,12,3,2.0,0.07460022044037655,j2_a_then_b,0.5,0.5,0.03,selected_order,1.5149323113847817,0.7007574152322394,0.05316978499259482,0.0025032184794982278,0.024601016472615363
uniform_low_noise,33,3000,12,3,2.0,0.07460022044037655,j2_a_then_b,0.5,0.5,0.03,independent,1.7325038123424117,0.742868753594604,0.23927549176968407,0.06112745140738923,4.1397684976199335e-17
uniform_low_noise,33,3000,12,3,2.0,0.07460022044037655,j2_a_then_b,0.5,0.5,0.03,arithmetic,1.5099027429037781,0.698866188788582,0.03742065385330036,0.001256095292536106,0.02484641373535618
uniform_low_noise,33,3000,12,3,2.0,0.07460022044037655,j2_a_then_b,0.5,0.5,0.03,geometric,1.5098930408574445,0.6988660917813674,0.0373540016927114,0.0012526721891681794,0.024851750069748636
uniform_low_noise,33,3000,12,3,2.0,0.07460022044037655,j2_a_then_b,0.5,0.5,0.03,weighted_geometric,1.5098930408574445,0.6988660917813674,0.0373540016927114,0.0012526721891681794,0.024851750069748636
uniform_low_noise,33,3000,12,3,2.0,0.07460022044037655,j2_a_then_b,0.5,0.5,0.03,hard_core,1.5224655186565919,0.701601787355287,0.0622779195769099,0.004341450782551345,2.4297730644866268e-14
uniform_low_noise,33,3000,12,3,2.0,0.07460022044037655,j2_a_then_b,0.5,0.5,0.03,soft_core_0.1,1.510104333688872,0.6989297176010499,0.03805884246524099,0.0013052057969928988,0.023302115392089408
uniform_low_noise,33,3000,12,3,2.0,0.07460022044037655,j2_a_then_b,0.5,0.5,0.03,soft_core_1,1.511997211509653,0.6994714337333549,0.04380873972515932,0.0017748860964488182,0.01575298195616907
uniform_low_noise,33,3000,12,3,2.0,0.07460022044037655,j2_a_then_b,0.5,0.5,0.03,soft_core_10,1.5184346283246193,0.7008905348650932,0.05676043108571345,0.0033601756522139126,0.004310305851218632
uniform_low_noise,33,3000,12,3,2.0,0.07460022044037655,j2_a_then_b,0.5,0.5,0.03,adaptive_soft,1.5099545841048316,0.6988845739670033,0.03755862208881187,0.0012679766185420365,0.024356085690603872
uniform_low_noise,34,3000,12,3,2.0,0.0728255318383252,j2_a_then_b,0.25,0.25,0.03,j1,1.4522283839784371,0.6824715353056735,0.0515942374306555,0.002426414277562885,0.022277047258747178
uniform_low_noise,34,3000,12,3,2.0,0.0728255318383252,j2_a_then_b,0.25,0.25,0.03,j2,1.4521543712935938,0.6824392069793312,0.0517591984825732,0.002409037384795152,0.024494136589833633
uniform_low_noise,34,3000,12,3,2.0,0.0728255318383252,j2_a_then_b,0.25,0.25,0.03,selected_order,1.4521543712935938,0.6824392069793312,0.0517591984825732,0.002409037384795152,0.024494136589833633
uniform_low_noise,34,3000,12,3,2.0,0.0728255318383252,j2_a_then_b,0.25,0.25,0.03,independent,1.59644218561437,0.7108553587600108,0.19207032847426414,0.04017196718404282,4.158867923557346e-17
uniform_low_noise,34,3000,12,3,2.0,0.0728255318383252,j2_a_then_b,0.25,0.25,0.03,arithmetic,1.447366758673327,0.6806620369739299,0.03690144305941268,0.0012233650707282684,0.023385591924290388
uniform_low_noise,34,3000,12,3,2.0,0.0728255318383252,j2_a_then_b,0.25,0.25,0.03,geometric,1.447374276157622,0.6806688265479669,0.03695220031094603,0.0012242127313743848,0.023396308193531324
uniform_low_noise,34,3000,12,3,2.0,0.0728255318383252,j2_a_then_b,0.25,0.25,0.03,weighted_geometric,1.448558121715348,0.681107566647938,0.041041423050410065,0.001517910323515013,0.023949752386639305
uniform_low_noise,34,3000,12,3,2.0,0.0728255318383252,j2_a_then_b,0.25,0.25,0.03,hard_core,1.457319258100108,0.6832705815196559,0.05914396130819388,0.0036767230516995745,1.4629212515740722e-14
uniform_low_noise,34,3000,12,3,2.0,0.0728255318383252,j2_a_then_b,0.25,0.25,0.03,soft_core_0.1,1.4475898615151197,0.6807343551302405,0.03768923634722138,0.0012778670605549988,0.02178933822202412
uniform_low_noise,34,3000,12,3,2.0,0.0728255318383252,j2_a_then_b,0.25,0.25,0.03,soft_core_1,1.4494616559190234,0.6813003800738014,0.04336274932118197,0.0017426395294379954,0.01402797602847426
uniform_low_noise,34,3000,12,3,2.0,0.0728255318383252,j2_a_then_b,0.25,0.25,0.03,soft_core_10,1.454741298207191,0.6826853137951983,0.05492170301071961,0.0030458026636978426,0.003387186124705083
uniform_low_noise,34,3000,12,3,2.0,0.0728255318383252,j2_a_then_b,0.25,0.25,0.03,adaptive_soft,1.4485556183192405,0.6810972318134952,0.04099800570175985,0.0015172827414278022,0.02342327284401377
uniform_low_noise,35,3000,12,3,2.0,0.07256345529515054,j2_a_then_b,0.0,0.0,0.03,j1,1.4611403150397286,0.679585869222609,0.051647876322206195,0.002402392595773469,0.024304867278545594
uniform_low_noise,35,3000,12,3,2.0,0.07256345529515054,j2_a_then_b,0.0,0.0,0.03,j2,1.4611368781442695,0.6795802916871042,0.05145276521013234,0.002397626666989034,0.025202984242326056
uniform_low_noise,35,3000,12,3,2.0,0.07256345529515054,j2_a_then_b,0.0,0.0,0.03,selected_order,1.4611368781442695,0.6795802916871042,0.05145276521013234,0.002397626666989034,0.025202984242326056
uniform_low_noise,35,3000,12,3,2.0,0.07256345529515054,j2_a_then_b,0.0,0.0,0.03,independent,1.7159374709154303,0.7331946021648225,0.2687741475651983,0.06929232501103229,4.193082398769791e-17
uniform_low_noise,35,3000,12,3,2.0,0.07256345529515054,j2_a_then_b,0.0,0.0,0.03,arithmetic,1.4563613435108536,0.6778104011615665,0.03654246779673179,0.0012164624470399205,0.024753925760435804
uniform_low_noise,35,3000,12,3,2.0,0.07256345529515054,j2_a_then_b,0.0,0.0,0.03,geometric,1.4563625056821996,0.677815450768282,0.036530963259402284,0.0012155907376231708,0.024746735534221874
uniform_low_noise,35,3000,12,3,2.0,0.07256345529515054,j2_a_then_b,0.0,0.0,0.03,weighted_geometric,1.4611368781442693,0.6795802916871042,0.05145276521013235,0.002397626666989035,0.025202984242326063
uniform_low_noise,35,3000,12,3,2.0,0.07256345529515054,j2_a_then_b,0.0,0.0,0.03,hard_core,1.4709384564047148,0.6805290082596454,0.06241777204690665,0.004804200717946434,1.0443497367877062e-14
uniform_low_noise,35,3000,12,3,2.0,0.07256345529515054,j2_a_then_b,0.0,0.0,0.03,soft_core_0.1,1.45656816721417,0.6778743866948118,0.037215741761480486,0.0012667604883646619,0.02337047790635891
uniform_low_noise,35,3000,12,3,2.0,0.07256345529515054,j2_a_then_b,0.0,0.0,0.03,soft_core_1,1.4583997131873956,0.678353985638275,0.04267548804805378,0.001721997422808915,0.016497616120460527
uniform_low_noise,35,3000,12,3,2.0,0.07256345529515054,j2_a_then_b,0.0,0.0,0.03,soft_core_10,1.4655586644159286,0.6797250732935548,0.05599532026769678,0.003491864886742803,0.004960120896708104
uniform_low_noise,35,3000,12,3,2.0,0.07256345529515054,j2_a_then_b,0.0,0.0,0.03,adaptive_soft,1.460927804853289,0.679475092280054,0.050807636958020055,0.0023458340874183007,0.024849658267955474
uniform_low_noise,36,3000,12,3,2.0,0.06861224129529822,j1_b_then_a,0.5,0.5,0.03,j1,1.3668585007280283,0.6381829886399422,0.0478631485079087,0.0021747980393945353,0.02296032863195298
uniform_low_noise,36,3000,12,3,2.0,0.06861224129529822,j1_b_then_a,0.5,0.5,0.03,j2,1.3670196812605533,0.6382151087798374,0.04833876184989786,0.0022158950566956094,0.024694030150414006
uniform_low_noise,36,3000,12,3,2.0,0.06861224129529822,j1_b_then_a,0.5,0.5,0.03,selected_order,1.3668585007280283,0.6381829886399422,0.0478631485079087,0.0021747980393945353,0.02296032863195298
uniform_low_noise,36,3000,12,3,2.0,0.06861224129529822,j1_b_then_a,0.5,0.5,0.03,independent,1.6302344991307816,0.6930539499150905,0.26824657078641756,0.07039766747657449,4.1438177292128055e-17
uniform_low_noise,36,3000,12,3,2.0,0.06861224129529822,j1_b_then_a,0.5,0.5,0.03,arithmetic,1.3624921785086888,0.6365278206686884,0.03384414855980681,0.0010919089587066951,0.02382717939118348
uniform_low_noise,36,3000,12,3,2.0,0.06861224129529822,j1_b_then_a,0.5,0.5,0.03,geometric,1.3624787770593334,0.6365238249195303,0.03378078819380095,0.0010871618327537489,0.02383306806349495
uniform_low_noise,36,3000,12,3,2.0,0.06861224129529822,j1_b_then_a,0.5,0.5,0.03,weighted_geometric,1.3624787770593334,0.6365238249195303,0.03378078819380095,0.0010871618327537489,0.02383306806349495
uniform_low_noise,36,3000,12,3,2.0,0.06861224129529822,j1_b_then_a,0.5,0.5,0.03,hard_core,1.3770787401842262,0.6390602171231706,0.058491412434085774,0.004679960543716318,1.278438827752545e-14
uniform_low_noise,36,3000,12,3,2.0,0.06861224129529822,j1_b_then_a,0.5,0.5,0.03,soft_core_0.1,1.362657577780817,0.6365703036404756,0.03436786123617042,0.0011317293666168824,0.022582888829696984
uniform_low_noise,36,3000,12,3,2.0,0.06861224129529822,j1_b_then_a,0.5,0.5,0.03,soft_core_1,1.3643297058732493,0.6369733244728922,0.0391618279263817,0.0015480821015355305,0.016226705294316288
uniform_low_noise,36,3000,12,3,2.0,0.06861224129529822,j1_b_then_a,0.5,0.5,0.03,soft_core_10,1.3714960510278507,0.6382538991111785,0.05203451330656927,0.0033202335034143667,0.004995433500439055
uniform_low_noise,36,3000,12,3,2.0,0.06861224129529822,j1_b_then_a,0.5,0.5,0.03,adaptive_soft,1.3625309746324392,0.6365373712752541,0.033954128411592496,0.0011001738734112477,0.02343446664893251
uniform_low_noise,37,3000,12,3,2.0,0.07483857976627037,j2_a_then_b,0.5,0.5,0.03,j1,1.5054938209242839,0.6964311304619363,0.052284823233658975,0.002465541725971785,0.02426417443041934
uniform_low_noise,37,3000,12,3,2.0,0.07483857976627037,j2_a_then_b,0.5,0.5,0.03,j2,1.5054177446237724,0.6963571328791625,0.05217181073787943,0.0024511120967327248,0.0229600772648752
uniform_low_noise,37,3000,12,3,2.0,0.07483857976627037,j2_a_then_b,0.5,0.5,0.03,selected_order,1.5054177446237724,0.6963571328791625,0.05217181073787943,0.0024511120967327248,0.0229600772648752
uniform_low_noise,37,3000,12,3,2.0,0.07483857976627037,j2_a_then_b,0.5,0.5,0.03,independent,1.6295400423670379,0.7180521122532831,0.16758195402300358,0.0353787671787933,4.0100964119543167e-17
uniform_low_noise,37,3000,12,3,2.0,0.07483857976627037,j2_a_then_b,0.5,0.5,0.03,arithmetic,1.5004024944609426,0.6945821387775171,0.03643952543025466,0.0012071516068644238,0.023612125847647256
uniform_low_noise,37,3000,12,3,2.0,0.07483857976627037,j2_a_then_b,0.5,0.5,0.03,geometric,1.5004084049224076,0.694588954390832,0.03645790985425583,0.0012074954939160416,0.02361627147049829
uniform_low_noise,37,3000,12,3,2.0,0.07483857976627037,j2_a_then_b,0.5,0.5,0.03,weighted_geometric,1.5004084049224076,0.694588954390832,0.03645790985425583,0.0012074954939160416,0.02361627147049829
uniform_low_noise,37,3000,12,3,2.0,0.07483857976627037,j2_a_then_b,0.5,0.5,0.03,hard_core,1.5098037273759206,0.6969987759192401,0.0585874264367629,0.003526557062593534,1.672418200743727e-14
uniform_low_noise,37,3000,12,3,2.0,0.07483857976627037,j2_a_then_b,0.5,0.5,0.03,soft_core_0.1,1.500617114153134,0.6946439554205718,0.037139033791507424,0.0012593528628127395,0.0218828632266211
uniform_low_noise,37,3000,12,3,2.0,0.07483857976627037,j2_a_then_b,0.5,0.5,0.03,soft_core_1,1.5024698259230074,0.6951707967541596,0.042978094981762895,0.0017192394097962024,0.013709390714461159
uniform_low_noise,37,3000,12,3,2.0,0.07483857976627037,j2_a_then_b,0.5,0.5,0.03,soft_core_10,1.507463321378627,0.6964645602721098,0.05456386559029224,0.002953016753002822,0.0032024209891442115
uniform_low_noise,37,3000,12,3,2.0,0.07483857976627037,j2_a_then_b,0.5,0.5,0.03,adaptive_soft,1.5004686215431393,0.6946043750931151,0.03665491123633275,0.0012224585145452916,0.02306150931704331
uniform_low_noise,38,3000,12,3,2.0,0.07922264337580845,j1_b_then_a,0.75,0.75,0.03,j1,1.6255803799666966,0.7445341857410653,0.05630391921979569,0.0026993911407147088,0.027350069875700544
uniform_low_noise,38,3000,12,3,2.0,0.07922264337580845,j1_b_then_a,0.75,0.75,0.03,j2,1.6253212028331863,0.7443866576857243,0.05546504154125248,0.002632390827549816,0.025557469178039888
uniform_low_noise,38,3000,12,3,2.0,0.07922264337580845,j1_b_then_a,0.75,0.75,0.03,selected_order,1.6255803799666966,0.7445341857410653,0.05630391921979569,0.0026993911407147088,0.027350069875700544
uniform_low_noise,38,3000,12,3,2.0,0.07922264337580845,j1_b_then_a,0.75,0.75,0.03,independent,1.8620139420457829,0.790657149490075,0.26359098287363397,0.06497496826467994,4.082217841635322e-17
uniform_low_noise,38,3000,12,3,2.0,0.07922264337580845,j1_b_then_a,0.75,0.75,0.03,arithmetic,1.620053282499648,0.7425695961678733,0.039406156655709526,0.0013284171096559056,0.026453769526870195
uniform_low_noise,38,3000,12,3,2.0,0.07922264337580845,j1_b_then_a,0.75,0.75,0.03,geometric,1.6200512783271854,0.7425735654702433,0.03940333980835786,0.001327031237209399,0.026435952155080447
uniform_low_noise,38,3000,12,3,2.0,0.07922264337580845,j1_b_then_a,0.75,0.75,0.03,weighted_geometric,1.6214637470129711,0.7430801611414936,0.04429910160487178,0.0016782224220782396,0.026888378190567212
uniform_low_noise,38,3000,12,3,2.0,0.07922264337580845,j1_b_then_a,0.75,0.75,0.03,hard_core,1.6341182332516282,0.7454335585480947,0.06645614951747592,0.004787991223997207,1.368384701445492e-14
uniform_low_noise,38,3000,12,3,2.0,0.07922264337580845,j1_b_then_a,0.75,0.75,0.03,soft_core_0.1,1.6202934740056563,0.7426408791985707,0.04022707718110242,0.0013873184094417281,0.024827633730309794
uniform_low_noise,38,3000,12,3,2.0,0.07922264337580845,j1_b_then_a,0.75,0.75,0.03,soft_core_1,1.6223870348163676,0.7431881420415165,0.046421425948173216,0.0019076374218551279,0.016912469314498246
uniform_low_noise,38,3000,12,3,2.0,0.07922264337580845,j1_b_then_a,0.75,0.75,0.03,soft_core_10,1.6295484034325762,0.7446700215365963,0.06043649926216937,0.003675388366408063,0.004654728757309125
uniform_low_noise,38,3000,12,3,2.0,0.07922264337580845,j1_b_then_a,0.75,0.75,0.03,adaptive_soft,1.6214555436374412,0.743064917532798,0.04422869897093094,0.0016762084199884338,0.02636304797093832
uniform_low_noise,39,3000,12,3,2.0,0.07403874040420709,j2_a_then_b,0.5,0.5,0.03,j1,1.5047208552514628,0.7034395614279861,0.0515822530679621,0.0023552896341770286,0.025126395750780267
uniform_low_noise,39,3000,12,3,2.0,0.07403874040420709,j2_a_then_b,0.5,0.5,0.03,j2,1.5051877485914575,0.7036639638691675,0.05294540934043768,0.002471630391236694,0.022625783241816792
uniform_low_noise,39,3000,12,3,2.0,0.07403874040420709,j2_a_then_b,0.5,0.5,0.03,selected_order,1.5051877485914575,0.7036639638691675,0.05294540934043768,0.002471630391236694,0.022625783241816792
uniform_low_noise,39,3000,12,3,2.0,0.07403874040420709,j2_a_then_b,0.5,0.5,0.03,independent,1.675259552056912,0.7367582515124714,0.21151323497220428,0.046484986547627574,3.752898960924604e-17
uniform_low_noise,39,3000,12,3,2.0,0.07403874040420709,j2_a_then_b,0.5,0.5,0.03,arithmetic,1.5001087246334845,0.7017220067698453,0.03691875597929651,0.0012131074867556776,0.023876089496298516
uniform_low_noise,39,3000,12,3,2.0,0.07403874040420709,j2_a_then_b,0.5,0.5,0.03,geometric,1.500112727294197,0.7017269046297252,0.03692305070819571,0.0012130470397820404,0.023882647565538137
uniform_low_noise,39,3000,12,3,2.0,0.07403874040420709,j2_a_then_b,0.5,0.5,0.03,weighted_geometric,1.500112727294197,0.7017269046297252,0.03692305070819571,0.0012130470397820404,0.023882647565538137
uniform_low_noise,39,3000,12,3,2.0,0.07403874040420709,j2_a_then_b,0.5,0.5,0.03,hard_core,1.5107848651194475,0.704468236561781,0.060472026978028455,0.0038419605285491395,3.9308357407581203e-14
uniform_low_noise,39,3000,12,3,2.0,0.07403874040420709,j2_a_then_b,0.5,0.5,0.03,soft_core_0.1,1.5003222744246896,0.7017910104551259,0.037666060327165886,0.0012650918762601954,0.02229425668542507
uniform_low_noise,39,3000,12,3,2.0,0.07403874040420709,j2_a_then_b,0.5,0.5,0.03,soft_core_1,1.502191468291899,0.7023613249223752,0.043576155833518176,0.0017288849004664835,0.01458582528966479
uniform_low_noise,39,3000,12,3,2.0,0.07403874040420709,j2_a_then_b,0.5,0.5,0.03,soft_core_10,1.5078411942047818,0.7038235266882269,0.05585647622113755,0.0031228740263377543,0.003655929890890632
uniform_low_noise,39,3000,12,3,2.0,0.07403874040420709,j2_a_then_b,0.5,0.5,0.03,adaptive_soft,1.500173593984947,0.7017453347499886,0.03713761183222635,0.0012281650929494073,0.023374783906109965
uniform_low_noise,40,3000,12,3,2.0,0.07285746759811984,j2_a_then_b,0.25,0.25,0.1,j1,1.4625463105292875,0.6841499234948377,0.05187288563914395,0.0024216815905054694,0.02499997019918479
uniform_low_noise,40,3000,12,3,2.0,0.07285746759811984,j2_a_then_b,0.25,0.25,0.1,j2,1.4624599290023712,0.6840820741771315,0.05147338289260333,0.0024010169250993575,0.027049481044596552
uniform_low_noise,40,3000,12,3,2.0,0.07285746759811984,j2_a_then_b,0.25,0.25,0.1,selected_order,1.4624599290023712,0.6840820741771315,0.05147338289260333,0.0024010169250993575,0.027049481044596552
uniform_low_noise,40,3000,12,3,2.0,0.07285746759811984,j2_a_then_b,0.25,0.25,0.1,independent,1.7951120910618361,0.7533437646360146,0.32517776367340717,0.0879500585533995,4.0577525184459167e-17
uniform_low_noise,40,3000,12,3,2.0,0.07285746759811984,j2_a_then_b,0.25,0.25,0.1,arithmetic,1.4576798630746088,0.6823026487609585,0.036939273236805716,0.001215725823267113,0.02602472562189066
uniform_low_noise,40,3000,12,3,2.0,0.07285746759811984,j2_a_then_b,0.25,0.25,0.1,geometric,1.4576733651157694,0.6823058429979121,0.036933233698861055,0.0012128714285032356,0.02601697810661648
uniform_low_noise,40,3000,12,3,2.0,0.07285746759811984,j2_a_then_b,0.25,0.25,0.1,weighted_geometric,1.4588577897087494,0.6827425430820969,0.04103129648249861,0.001507226416697915,0.02653095006447147
uniform_low_noise,40,3000,12,3,2.0,0.07285746759811984,j2_a_then_b,0.25,0.25,0.1,hard_core,1.475021508784651,0.6853023886598686,0.06495594323007206,0.005453000126871202,4.501748829637499e-14
uniform_low_noise,40,3000,12,3,2.0,0.07285746759811984,j2_a_then_b,0.25,0.25,0.1,soft_core_0.1,1.4578821883742683,0.6823669118588954,0.03763798781302778,0.0012648507777690166,0.0247990283407013
uniform_low_noise,40,3000,12,3,2.0,0.07285746759811984,j2_a_then_b,0.25,0.25,0.1,soft_core_1,1.45979897066868,0.6828346950271029,0.04306737487663089,0.0017413023531305948,0.018323287028493545
uniform_low_noise,40,3000,12,3,2.0,0.07285746759811984,j2_a_then_b,0.25,0.25,0.1,soft_core_10,1.4685386529435362,0.6843620687213137,0.057750627372990616,0.003889384475592989,0.00564598967431646
uniform_low_noise,40,3000,12,3,2.0,0.07285746759811984,j2_a_then_b,0.25,0.25,0.1,adaptive_soft,1.458846389561508,0.6826946653979499,0.04084088408058215,0.0015043383229026317,0.02528176112566532
uniform_low_noise,41,3000,12,3,2.0,0.07563784078728825,j1_b_then_a,0.75,0.75,0.1,j1,1.5273068169202755,0.7111650023746754,0.05356351918202021,0.0025282960393272986,0.02632612960706788
uniform_low_noise,41,3000,12,3,2.0,0.07563784078728825,j1_b_then_a,0.75,0.75,0.1,j2,1.527041382126473,0.7109994530998957,0.05312053597341267,0.0024618623633750527,0.02246754800934937
uniform_low_noise,41,3000,12,3,2.0,0.07563784078728825,j1_b_then_a,0.75,0.75,0.1,selected_order,1.5273068169202755,0.7111650023746754,0.05356351918202021,0.0025282960393272986,0.02632612960706788
uniform_low_noise,41,3000,12,3,2.0,0.07563784078728825,j1_b_then_a,0.75,0.75,0.1,independent,1.6900204305291804,0.7464695983411196,0.2124009889023271,0.045877409126251906,4.0527119194915785e-17
uniform_low_noise,41,3000,12,3,2.0,0.07563784078728825,j1_b_then_a,0.75,0.75,0.1,arithmetic,1.5221488324694576,0.7092322810136449,0.03788639972711044,0.0012493316776416858,0.024396838808208605
uniform_low_noise,41,3000,12,3,2.0,0.07563784078728825,j1_b_then_a,0.75,0.75,0.1,geometric,1.5221439173262077,0.7092352393253483,0.03785772043276387,0.001247099518196653,0.0244255988950913
uniform_low_noise,41,3000,12,3,2.0,0.07563784078728825,j1_b_then_a,0.75,0.75,0.1,weighted_geometric,1.5234671296250324,0.7097385321382433,0.04230278017366734,0.0015759743785581897,0.025385509646245336
uniform_low_noise,41,3000,12,3,2.0,0.07563784078728825,j1_b_then_a,0.75,0.75,0.1,hard_core,1.5329617810471419,0.7119248360169912,0.062027402657766934,0.0039157413789178116,2.8302786553110395e-14
uniform_low_noise,41,3000,12,3,2.0,0.07563784078728825,j1_b_then_a,0.75,0.75,0.1,soft_core_0.1,1.5223639746619901,0.7092989359081869,0.038631081622991885,0.0013019971690583347,0.022792879913645512
uniform_low_noise,41,3000,12,3,2.0,0.07563784078728825,j1_b_then_a,0.75,0.75,0.1,soft_core_1,1.5243004409663137,0.7098576080602146,0.04476271824684541,0.0017838771625889036,0.014890476613804377
uniform_low_noise,41,3000,12,3,2.0,0.07563784078728825,j1_b_then_a,0.75,0.75,0.1,soft_core_10,1.5300265003666043,0.7112875383609177,0.05735439104396975,0.003198308079649062,0.003709041619376442
uniform_low_noise,41,3000,12,3,2.0,0.07563784078728825,j1_b_then_a,0.75,0.75,0.1,adaptive_soft,1.5234489566631988,0.7096927822086958,0.042136061338517494,0.001571541586250217,0.023685593330314017
uniform_low_noise,42,3000,12,3,2.0,0.07624522707615006,j1_b_then_a,0.75,0.75,1.0,j1,1.5527286330704952,0.7150600314963966,0.05423408118907548,0.002588737120479017,0.025976133164174502
uniform_low_noise,42,3000,12,3,2.0,0.07624522707615006,j1_b_then_a,0.75,0.75,1.0,j2,1.5523487288443676,0.7149012743072128,0.05341910009671447,0.0024938016752750216,0.025000431732827646
uniform_low_noise,42,3000,12,3,2.0,0.07624522707615006,j1_b_then_a,0.75,0.75,1.0,selected_order,1.5527286330704952,0.7150600314963966,0.05423408118907548,0.002588737120479017,0.025976133164174502
uniform_low_noise,42,3000,12,3,2.0,0.07624522707615006,j1_b_then_a,0.75,0.75,1.0,independent,1.7725270913117868,0.7612743355841511,0.25251276472429,0.062056632379541204,4.067479618936733e-17
uniform_low_noise,42,3000,12,3,2.0,0.07624522707615006,j1_b_then_a,0.75,0.75,1.0,arithmetic,1.547441249172642,0.7131423657830764,0.038149112478520146,0.0012778661474142003,0.025488282448501057
uniform_low_noise,42,3000,12,3,2.0,0.07624522707615006,j1_b_then_a,0.75,0.75,1.0,geometric,1.5474375186947413,0.7131468064587835,0.038132551831235796,0.0012758027885120605,0.025495831377035153
uniform_low_noise,42,3000,12,3,2.0,0.07624522707615006,j1_b_then_a,0.75,0.75,1.0,weighted_geometric,1.5488046817147745,0.7136439024307603,0.04287944445584078,0.0016152824084946723,0.025737756849837187
uniform_low_noise,42,3000,12,3,2.0,0.07624522707615006,j1_b_then_a,0.75,0.75,1.0,hard_core,1.5602317973109476,0.7158754815144144,0.0639985018982239,0.004420516996060875,4.4817940356474634e-14
uniform_low_noise,42,3000,12,3,2.0,0.07624522707615006,j1_b_then_a,0.75,0.75,1.0,soft_core_0.1,1.5476605845462768,0.7132110880652267,0.03888358024978516,0.001331192770954776,0.0239186317976578
uniform_low_noise,42,3000,12,3,2.0,0.07624522707615006,j1_b_then_a,0.75,0.75,1.0,soft_core_1,1.5496286010755842,0.7137438448659624,0.044786999790278996,0.001819368901356066,0.016199964468375936
uniform_low_noise,42,3000,12,3,2.0,0.07624522707615006,j1_b_then_a,0.75,0.75,1.0,soft_core_10,1.5562334754189977,0.7151641235987285,0.05832827470665065,0.0034469692051732432,0.004401795890855375
uniform_low_noise,42,3000,12,3,2.0,0.07624522707615006,j1_b_then_a,0.75,0.75,1.0,adaptive_soft,1.5501240111862211,0.7138811981169703,0.04609086603613031,0.0019416537879737826,0.016483383987429063
uniform_low_noise,43,3000,12,3,2.0,0.07352510074581732,j2_a_then_b,0.25,0.25,0.03,j1,1.4910196778062834,0.6941424840052094,0.05263963964267267,0.0024591070598087537,0.025801341684082806
uniform_low_noise,43,3000,12,3,2.0,0.07352510074581732,j2_a_then_b,0.25,0.25,0.03,j2,1.490664072731947,0.6939765600222145,0.05119769515786646,0.0023702191226134717,0.020966321243148324
uniform_low_noise,43,3000,12,3,2.0,0.07352510074581732,j2_a_then_b,0.25,0.25,0.03,selected_order,1.490664072731947,0.6939765600222145,0.05119769515786646,0.0023702191226134717,0.020966321243148324
uniform_low_noise,43,3000,12,3,2.0,0.07352510074581732,j2_a_then_b,0.25,0.25,0.03,independent,1.637924916705869,0.723661512894434,0.18923452894936235,0.042083348149992934,4.033578047547644e-17
uniform_low_noise,43,3000,12,3,2.0,0.07352510074581732,j2_a_then_b,0.25,0.25,0.03,arithmetic,1.4859981766127506,0.6922691791500676,0.03684934279424325,0.0012143462828339612,0.02338383146361555
uniform_low_noise,43,3000,12,3,2.0,0.07352510074581732,j2_a_then_b,0.25,0.25,0.03,geometric,1.4859968057688147,0.6922717355996526,0.03681462653140496,0.0012128359924487636,0.023380723040856227
uniform_low_noise,43,3000,12,3,2.0,0.07352510074581732,j2_a_then_b,0.25,0.25,0.03,weighted_geometric,1.487119103366737,0.6926767925981524,0.04068313795790628,0.0014914270558996764,0.022166734727485933
uniform_low_noise,43,3000,12,3,2.0,0.07352510074581732,j2_a_then_b,0.25,0.25,0.03,hard_core,1.4959981166041045,0.6947307078601841,0.05844490830204399,0.00366539207388712,5.5320212385155567e-14
uniform_low_noise,43,3000,12,3,2.0,0.07352510074581732,j2_a_then_b,0.25,0.25,0.03,soft_core_0.1,1.4861968661462124,0.6923301716550563,0.03747327902781939,0.0012624715972822539,0.021754746774648108
uniform_low_noise,43,3000,12,3,2.0,0.07352510074581732,j2_a_then_b,0.25,0.25,0.03,soft_core_1,1.487979251512157,0.6928599392534655,0.042875133102750686,0.0017041057601686334,0.014000577970954444
uniform_low_noise,43,3000,12,3,2.0,0.07352510074581732,j2_a_then_b,0.25,0.25,0.03,soft_core_10,1.4932069058372808,0.6941620227504522,0.05418108977523323,0.0029890964218732877,0.003476753431475788
uniform_low_noise,43,3000,12,3,2.0,0.07352510074581732,j2_a_then_b,0.25,0.25,0.03,adaptive_soft,1.4871329842694092,0.692678661904977,0.04070193672900467,0.0014947855610318813,0.02168040140377648
uniform_low_noise,44,3000,12,3,2.0,0.07081952578835876,j2_a_then_b,0.5,0.5,0.3,j1,1.437318406875284,0.6710935149267826,0.051013279695013916,0.002363877248449952,0.02400656972653382
uniform_low_noise,44,3000,12,3,2.0,0.07081952578835876,j2_a_then_b,0.5,0.5,0.3,j2,1.4367950797436884,0.6709197192916132,0.04981189232151213,0.0022392361412515794,0.02521011799523278
uniform_low_noise,44,3000,12,3,2.0,0.07081952578835876,j2_a_then_b,0.5,0.5,0.3,selected_order,1.4367950797436884,0.6709197192916132,0.04981189232151213,0.0022392361412515794,0.02521011799523278
uniform_low_noise,44,3000,12,3,2.0,0.07081952578835876,j2_a_then_b,0.5,0.5,0.3,independent,1.7207818837699522,0.7281350897441334,0.289243687080991,0.07456319571167953,3.9963526435817117e-17
uniform_low_noise,44,3000,12,3,2.0,0.07081952578835876,j2_a_then_b,0.5,0.5,0.3,arithmetic,1.432450540176102,0.669281486184216,0.03568469546293319,0.0011607266981905515,0.02460834386088328
uniform_low_noise,44,3000,12,3,2.0,0.07081952578835876,j2_a_then_b,0.5,0.5,0.3,geometric,1.4324558984520526,0.6692871933867686,0.03567108292900515,0.0011610317230626801,0.024591276319976083
uniform_low_noise,44,3000,12,3,2.0,0.07081952578835876,j2_a_then_b,0.5,0.5,0.3,weighted_geometric,1.4324558984520526,0.6692871933867686,0.03567108292900515,0.0011610317230626801,0.024591276319976083
uniform_low_noise,44,3000,12,3,2.0,0.07081952578835876,j2_a_then_b,0.5,0.5,0.3,hard_core,1.446834369766125,0.6720142212526468,0.06168518133840977,0.004681276156678538,1.980949516330879e-14
uniform_low_noise,44,3000,12,3,2.0,0.07081952578835876,j2_a_then_b,0.5,0.5,0.3,soft_core_0.1,1.4326582685237788,0.6693467436386143,0.0363596232323259,0.0012113126401354821,0.023306373249489802
uniform_low_noise,44,3000,12,3,2.0,0.07081952578835876,j2_a_then_b,0.5,0.5,0.3,soft_core_1,1.4344758680353966,0.6698088434229256,0.04165656948764286,0.0016620479742274889,0.01668302358962531
uniform_low_noise,44,3000,12,3,2.0,0.07081952578835876,j2_a_then_b,0.5,0.5,0.3,soft_core_10,1.4418586121497101,0.6712169088873745,0.05539018531432536,0.0034763880727164053,0.004850190925608465
uniform_low_noise,44,3000,12,3,2.0,0.07081952578835876,j2_a_then_b,0.5,0.5,0.3,adaptive_soft,1.4330751739056486,0.6694629500630498,0.037714436641950067,0.001314824177560169,0.021256626926778786
uniform_low_noise,45,3000,12,3,2.0,0.07188802246942488,j1_b_then_a,0.75,0.75,0.03,j1,1.4377737259091434,0.6707804536776251,0.05096379879335206,0.002386174303205546,0.025672574051829482
uniform_low_noise,45,3000,12,3,2.0,0.07188802246942488,j1_b_then_a,0.75,0.75,0.03,j2,1.4377266064844152,0.6707183985138923,0.050913728380533325,0.002373534929491663,0.02224047864284133
uniform_low_noise,45,3000,12,3,2.0,0.07188802246942488,j1_b_then_a,0.75,0.75,0.03,selected_order,1.4377737259091434,0.6707804536776251,0.05096379879335206,0.002386174303205546,0.025672574051829482
uniform_low_noise,45,3000,12,3,2.0,0.07188802246942488,j1_b_then_a,0.75,0.75,0.03,independent,1.6496567493852952,0.7133142835823059,0.2312768037946627,0.059792266447177556,4.441590505400069e-17
uniform_low_noise,45,3000,12,3,2.0,0.07188802246942488,j1_b_then_a,0.75,0.75,0.03,arithmetic,1.4330121999752934,0.6689804870131627,0.03622536683292735,0.0012044202586771146,0.02395652634733539
uniform_low_noise,45,3000,12,3,2.0,0.07188802246942488,j1_b_then_a,0.75,0.75,0.03,geometric,1.4329980489052885,0.668979856061401,0.03616815448991838,0.00119973175706452,0.02395221871238867
uniform_low_noise,45,3000,12,3,2.0,0.07188802246942488,j1_b_then_a,0.75,0.75,0.03,weighted_geometric,1.434195870473594,0.669436643879821,0.040296152922879844,0.0014975689216062316,0.024815567027790187
uniform_low_noise,45,3000,12,3,2.0,0.07188802246942488,j1_b_then_a,0.75,0.75,0.03,hard_core,1.4458941875557398,0.6715623504571148,0.060110383201662516,0.0043489095709033565,2.0170114461954402e-14
uniform_low_noise,45,3000,12,3,2.0,0.07188802246942488,j1_b_then_a,0.75,0.75,0.03,soft_core_0.1,1.4331958541002507,0.6690365657068552,0.03682669616718431,0.001248932018352874,0.022490217065459325
uniform_low_noise,45,3000,12,3,2.0,0.07188802246942488,j1_b_then_a,0.75,0.75,0.03,soft_core_1,1.4349735656399016,0.6695349506702201,0.042116432041071475,0.0016903372674616289,0.015365169104576202
uniform_low_noise,45,3000,12,3,2.0,0.07188802246942488,j1_b_then_a,0.75,0.75,0.03,soft_core_10,1.4413818886097334,0.670860354816751,0.054494143084943256,0.003263998847545515,0.004406253497928535
uniform_low_noise,45,3000,12,3,2.0,0.07188802246942488,j1_b_then_a,0.75,0.75,0.03,adaptive_soft,1.4341749571584086,0.6694165368278321,0.040180696558401764,0.0014923825287338252,0.024330458035789534
uniform_low_noise,46,3000,12,3,2.0,0.07022019657983487,j1_b_then_a,0.75,1.0,1.0,j1,1.4411819633099339,0.6711525576548899,0.05096354908014473,0.002369143767557631,0.024478613952461738
uniform_low_noise,46,3000,12,3,2.0,0.07022019657983487,j1_b_then_a,0.75,1.0,1.0,j2,1.4407247819701052,0.6708808393441084,0.049337890455637384,0.002255831302275357,0.022323060444280715
uniform_low_noise,46,3000,12,3,2.0,0.07022019657983487,j1_b_then_a,0.75,1.0,1.0,selected_order,1.4411819633099339,0.6711525576548899,0.05096354908014473,0.002369143767557631,0.024478613952461738
uniform_low_noise,46,3000,12,3,2.0,0.07022019657983487,j1_b_then_a,0.75,1.0,1.0,independent,1.646839095944419,0.7171200382181233,0.2329103557550027,0.05758419300200406,4.580417549035063e-17
uniform_low_noise,46,3000,12,3,2.0,0.07022019657983487,j1_b_then_a,0.75,1.0,1.0,arithmetic,1.436407847410374,0.669342692447168,0.03592083320051768,0.00118465704858578,0.023400837198371213
uniform_low_noise,46,3000,12,3,2.0,0.07022019657983487,j1_b_then_a,0.75,1.0,1.0,geometric,1.4363949926784387,0.6693422612037248,0.035852085923505396,0.0011801811231118514,0.02338255037527951
uniform_low_noise,46,3000,12,3,2.0,0.07022019657983487,j1_b_then_a,0.75,1.0,1.0,weighted_geometric,1.4376486153747032,0.6698287353651521,0.04044594665802812,0.0014919422135094775,0.02392766387239498
uniform_low_noise,46,3000,12,3,2.0,0.07022019657983487,j1_b_then_a,0.75,1.0,1.0,hard_core,1.4483070918198628,0.6717513560999357,0.05893309174729085,0.004108528339196006,6.302690037362173e-14
uniform_low_noise,46,3000,12,3,2.0,0.07022019657983487,j1_b_then_a,0.75,1.0,1.0,soft_core_0.1,1.4365867286687648,0.6693978107238437,0.036475074016785944,0.0012278652900669272,0.02196610227795215
uniform_low_noise,46,3000,12,3,2.0,0.07022019657983487,j1_b_then_a,0.75,1.0,1.0,soft_core_1,1.438300266946954,0.6698676951795766,0.04162483262421317,0.0016536067739711321,0.015025384832271376
uniform_low_noise,46,3000,12,3,2.0,0.07022019657983487,j1_b_then_a,0.75,1.0,1.0,soft_core_10,1.444324320757573,0.6711064220774954,0.053651315212094305,0.003139366714732862,0.004247492581931616
uniform_low_noise,46,3000,12,3,2.0,0.07022019657983487,j1_b_then_a,0.75,1.0,1.0,adaptive_soft,1.4399710436745166,0.670306586270106,0.04599627464193073,0.0020673243514721,0.01610173903057328
uniform_low_noise,47,3000,12,3,2.0,0.0738411063751742,j2_a_then_b,0.5,0.5,0.3,j1,1.4991478051070717,0.693661017371037,0.05276323782489972,0.0024843597334135554,0.024693799065163783
uniform_low_noise,47,3000,12,3,2.0,0.0738411063751742,j2_a_then_b,0.5,0.5,0.3,j2,1.4989213743626946,0.6935263542789053,0.05183643708851619,0.0024319873397906457,0.02215536423188185
uniform_low_noise,47,3000,12,3,2.0,0.0738411063751742,j2_a_then_b,0.5,0.5,0.3,selected_order,1.4989213743626946,0.6935263542789053,0.05183643708851619,0.0024319873397906457,0.02215536423188185
uniform_low_noise,47,3000,12,3,2.0,0.0738411063751742,j2_a_then_b,0.5,0.5,0.3,independent,1.624801577017941,0.7197190576461533,0.1833895158335202,0.0346639636790824,4.5784809776077553e-17
uniform_low_noise,47,3000,12,3,2.0,0.0738411063751742,j2_a_then_b,0.5,0.5,0.3,arithmetic,1.4941159924264473,0.691816524043438,0.037169575785473245,0.0012396178628289725,0.0234245816485228
uniform_low_noise,47,3000,12,3,2.0,0.0738411063751742,j2_a_then_b,0.5,0.5,0.3,geometric,1.4941172258072601,0.6918219331903619,0.03718019483550876,0.0012388466605055362,0.023421809027954276
uniform_low_noise,47,3000,12,3,2.0,0.0738411063751742,j2_a_then_b,0.5,0.5,0.3,weighted_geometric,1.4941172258072601,0.6918219331903619,0.03718019483550876,0.0012388466605055362,0.023421809027954276
uniform_low_noise,47,3000,12,3,2.0,0.0738411063751742,j2_a_then_b,0.5,0.5,0.3,hard_core,1.5036340039010978,0.6943520429416706,0.059362528458386375,0.003583043356368927,2.9728396785414026e-14
uniform_low_noise,47,3000,12,3,2.0,0.0738411063751742,j2_a_then_b,0.5,0.5,0.3,soft_core_0.1,1.4943522594572807,0.6918927413093601,0.03796162271575178,0.0012971611008207474,0.021743033554677427
uniform_low_noise,47,3000,12,3,2.0,0.0738411063751742,j2_a_then_b,0.5,0.5,0.3,soft_core_1,1.4963247473809156,0.6924806417632052,0.044005527886085985,0.0017859058978799732,0.013718346225383767
uniform_low_noise,47,3000,12,3,2.0,0.0738411063751742,j2_a_then_b,0.5,0.5,0.3,soft_core_10,1.5014163127728541,0.6938268279824454,0.05552876267608871,0.003040540627043176,0.0031689730204827416
uniform_low_noise,47,3000,12,3,2.0,0.0738411063751742,j2_a_then_b,0.5,0.5,0.3,adaptive_soft,1.4948382998424652,0.6920403747317776,0.0395501484697019,0.0014177078209138725,0.019119894263449306
uniform_low_noise,48,3000,12,3,2.0,0.07228175663932863,j1_b_then_a,0.5,0.5,0.03,j1,1.4720427800924867,0.6835469872317959,0.05131004398844285,0.002401780838248769,0.025097490268148698
uniform_low_noise,48,3000,12,3,2.0,0.07228175663932863,j1_b_then_a,0.5,0.5,0.03,j2,1.4718689681894568,0.6834854344202852,0.05113936772504206,0.002362285499951673,0.021128410506923306
uniform_low_noise,48,3000,12,3,2.0,0.07228175663932863,j1_b_then_a,0.5,0.5,0.03,selected_order,1.4720427800924867,0.6835469872317959,0.05131004398844285,0.002401780838248769,0.025097490268148698
uniform_low_noise,48,3000,12,3,2.0,0.07228175663932863,j1_b_then_a,0.5,0.5,0.03,independent,1.6122193939058735,0.7145842018579766,0.19123761620559082,0.038679895374480314,4.2078422486018037e-17
uniform_low_noise,48,3000,12,3,2.0,0.07228175663932863,j1_b_then_a,0.5,0.5,0.03,arithmetic,1.4672224927588893,0.6817821484762677,0.03646426586057527,0.0012085109269874053,0.023112950387535986
uniform_low_noise,48,3000,12,3,2.0,0.07228175663932863,j1_b_then_a,0.5,0.5,0.03,geometric,1.4672173365434213,0.6817858783884801,0.036445633267763254,0.0012061599308947181,0.02312652678625002
uniform_low_noise,48,3000,12,3,2.0,0.07228175663932863,j1_b_then_a,0.5,0.5,0.03,weighted_geometric,1.4672173365434213,0.6817858783884801,0.036445633267763254,0.0012061599308947181,0.02312652678625002
uniform_low_noise,48,3000,12,3,2.0,0.07228175663932863,j1_b_then_a,0.5,0.5,0.03,hard_core,1.4773891088414843,0.6843552858699659,0.058992219585623666,0.003719532907619539,5.3420930783187144e-14
uniform_low_noise,48,3000,12,3,2.0,0.07228175663932863,j1_b_then_a,0.5,0.5,0.03,soft_core_0.1,1.4674462451673183,0.6818541933564857,0.03724291677501444,0.0012631182961637456,0.021532246198715424
uniform_low_noise,48,3000,12,3,2.0,0.07228175663932863,j1_b_then_a,0.5,0.5,0.03,soft_core_1,1.4693806704452728,0.6824189341381615,0.04314168049707054,0.0017439167581321069,0.013882411803334674
uniform_low_noise,48,3000,12,3,2.0,0.07228175663932863,j1_b_then_a,0.5,0.5,0.03,soft_core_10,1.4747763350050853,0.6837773838901071,0.054827721110674806,0.0030785519837924426,0.0033852406668481824
uniform_low_noise,48,3000,12,3,2.0,0.07228175663932863,j1_b_then_a,0.5,0.5,0.03,adaptive_soft,1.4672844297096541,0.6818058086541752,0.036683018999480316,0.0012228563518491536,0.022616400941611003
uniform_low_noise,49,3000,12,3,2.0,0.07437575195110119,j2_a_then_b,0.5,0.5,0.03,j1,1.509853082408897,0.6995011760853108,0.05166857516416414,0.002396306445063436,0.02665106273449078
uniform_low_noise,49,3000,12,3,2.0,0.07437575195110119,j2_a_then_b,0.5,0.5,0.03,j2,1.510293734008368,0.6996449543807421,0.053071764050687066,0.0025024090883124335,0.018771885422271317
uniform_low_noise,49,3000,12,3,2.0,0.07437575195110119,j2_a_then_b,0.5,0.5,0.03,selected_order,1.510293734008368,0.6996449543807421,0.053071764050687066,0.0025024090883124335,0.018771885422271317
uniform_low_noise,49,3000,12,3,2.0,0.07437575195110119,j2_a_then_b,0.5,0.5,0.03,independent,1.608595482771539,0.7185948184979152,0.1593497393633193,0.027553625484833245,4.5027526757612773e-17
uniform_low_noise,49,3000,12,3,2.0,0.07437575195110119,j2_a_then_b,0.5,0.5,0.03,arithmetic,1.5051319147572313,0.6977918550379842,0.037094987270826135,0.0012256995001805936,0.022711474078381033
uniform_low_noise,49,3000,12,3,2.0,0.07437575195110119,j2_a_then_b,0.5,0.5,0.03,geometric,1.5051364949739297,0.6977991440753251,0.037130391123165914,0.001225746121555537,0.02270456728344062
uniform_low_noise,49,3000,12,3,2.0,0.07437575195110119,j2_a_then_b,0.5,0.5,0.03,weighted_geometric,1.5051364949739297,0.6977991440753251,0.037130391123165914,0.001225746121555537,0.02270456728344062
uniform_low_noise,49,3000,12,3,2.0,0.07437575195110119,j2_a_then_b,0.5,0.5,0.03,hard_core,1.5135998960447796,0.7002575577739296,0.05854569989153475,0.003313188118252815,2.9120863157419916e-14
uniform_low_noise,49,3000,12,3,2.0,0.07437575195110119,j2_a_then_b,0.5,0.5,0.03,soft_core_0.1,1.5053753633825289,0.6978717329396348,0.037946813704534746,0.0012849333092501008,0.02096386976603723
uniform_low_noise,49,3000,12,3,2.0,0.07437575195110119,j2_a_then_b,0.5,0.5,0.03,soft_core_1,1.5073285380951233,0.6984826562770239,0.04417345623880119,0.0017686023300042828,0.01280377531668383
uniform_low_noise,49,3000,12,3,2.0,0.07437575195110119,j2_a_then_b,0.5,0.5,0.03,soft_core_10,1.5118459591655367,0.6997917841202312,0.05514595157467408,0.0028828268535932696,0.0027899336265898283
uniform_low_noise,49,3000,12,3,2.0,0.07437575195110119,j2_a_then_b,0.5,0.5,0.03,adaptive_soft,1.5052065026705757,0.6978201310313709,0.03737105279065557,0.0012430922445339485,0.022147000249041447
marginals_reliable,0,3000,12,3,2.0,0.17376288878017462,j2_a_then_b,0.5,0.5,10.0,j1,1.5217395978988377,0.7058970293841974,0.12577833083109993,0.01586940686064115,0.05076480363086157
marginals_reliable,0,3000,12,3,2.0,0.17376288878017462,j2_a_then_b,0.5,0.5,10.0,j2,1.5086919378803612,0.6978786831996048,0.10382951052412431,0.012850730469244072,0.03722655325763474
marginals_reliable,0,3000,12,3,2.0,0.17376288878017462,j2_a_then_b,0.5,0.5,10.0,selected_order,1.5086919378803612,0.6978786831996048,0.10382951052412431,0.012850730469244072,0.03722655325763474
marginals_reliable,0,3000,12,3,2.0,0.17376288878017462,j2_a_then_b,0.5,0.5,10.0,independent,1.5621918067120963,0.7051763907370553,0.15265323718779106,0.027453558025981328,3.852522684547055e-17
marginals_reliable,0,3000,12,3,2.0,0.17376288878017462,j2_a_then_b,0.5,0.5,10.0,arithmetic,1.4848127106814184,0.6920393917027905,0.0881793150178757,0.0073869792655692455,0.043995678444248135
marginals_reliable,0,3000,12,3,2.0,0.17376288878017462,j2_a_then_b,0.5,0.5,10.0,geometric,1.4856098065031251,0.6923288813522909,0.08884267963441281,0.007448386285508535,0.04485272165889396
marginals_reliable,0,3000,12,3,2.0,0.17376288878017462,j2_a_then_b,0.5,0.5,10.0,weighted_geometric,1.4856098065031251,0.6923288813522909,0.08884267963441281,0.007448386285508535,0.04485272165889396
marginals_reliable,0,3000,12,3,2.0,0.17376288878017462,j2_a_then_b,0.5,0.5,10.0,hard_core,1.4697548380307939,0.6848198139375513,0.0511047026715799,0.0035549424972628647,1.9561339150892862e-14
marginals_reliable,0,3000,12,3,2.0,0.17376288878017462,j2_a_then_b,0.5,0.5,10.0,soft_core_0.1,1.482853823366971,0.6911492525124512,0.08417772752430347,0.0067803997372547315,0.040925881684882474
marginals_reliable,0,3000,12,3,2.0,0.17376288878017462,j2_a_then_b,0.5,0.5,10.0,soft_core_1,1.473503562154528,0.6870666637218387,0.06539532709197331,0.004500996286868998,0.023762906011171498
marginals_reliable,0,3000,12,3,2.0,0.17376288878017462,j2_a_then_b,0.5,0.5,10.0,soft_core_10,1.4694610075861116,0.6849381505079949,0.05194637708324382,0.0034959001588778763,0.00497482558684582
marginals_reliable,0,3000,12,3,2.0,0.17376288878017462,j2_a_then_b,0.5,0.5,10.0,adaptive_soft,1.4694610075861116,0.6849381505079949,0.05194637708324382,0.0034959001588778763,0.00497482558684582
marginals_reliable,1,3000,12,3,2.0,0.1576240077217475,j1_b_then_a,0.75,0.75,1.0,j1,1.5254081016374141,0.6983272549437378,0.10549098440015917,0.013103158003907779,0.04041356593436907
marginals_reliable,1,3000,12,3,2.0,0.1576240077217475,j1_b_then_a,0.75,0.75,1.0,j2,1.5242851460655618,0.6978069852009823,0.10460830997758971,0.012916156698889103,0.03981628449570483
marginals_reliable,1,3000,12,3,2.0,0.1576240077217475,j1_b_then_a,0.75,0.75,1.0,selected_order,1.5254081016374141,0.6983272549437378,0.10549098440015917,0.013103158003907779,0.04041356593436907
marginals_reliable,1,3000,12,3,2.0,0.1576240077217475,j1_b_then_a,0.75,0.75,1.0,independent,1.7429729795464421,0.7376330961754823,0.2793481409668556,0.07073662308008574,3.9646081827649645e-17
marginals_reliable,1,3000,12,3,2.0,0.1576240077217475,j1_b_then_a,0.75,0.75,1.0,arithmetic,1.4975562158064797,0.690260041158675,0.07947333425955723,0.00671794519707116,0.040114925215036935
marginals_reliable,1,3000,12,3,2.0,0.1576240077217475,j1_b_then_a,0.75,0.75,1.0,geometric,1.4979683712567007,0.6904352303208281,0.07975870543469273,0.00669145641914133,0.04125786551222063
marginals_reliable,1,3000,12,3,2.0,0.1576240077217475,j1_b_then_a,0.75,0.75,1.0,weighted_geometric,1.5049846147675678,0.6924897540181048,0.08607281712092828,0.008334141927452356,0.04112384698816052
marginals_reliable,1,3000,12,3,2.0,0.1576240077217475,j1_b_then_a,0.75,0.75,1.0,hard_core,1.4857708538212189,0.6849669982256936,0.04975768612377803,0.003704440636136388,1.1215327952982494e-14
marginals_reliable,1,3000,12,3,2.0,0.1576240077217475,j1_b_then_a,0.75,0.75,1.0,soft_core_0.1,1.4958497422965298,0.6895762670181242,0.07584230827994277,0.0061784218068344264,0.03779515820173517
marginals_reliable,1,3000,12,3,2.0,0.1576240077217475,j1_b_then_a,0.75,0.75,1.0,soft_core_1,1.4883569824451046,0.6866238072614312,0.06035554299781246,0.004355605409663596,0.023344999707845072
marginals_reliable,1,3000,12,3,2.0,0.1576240077217475,j1_b_then_a,0.75,0.75,1.0,soft_core_10,1.4847260914493672,0.6849793942697119,0.049401244675726215,0.003463098140172272,0.005857543296926913
marginals_reliable,1,3000,12,3,2.0,0.1576240077217475,j1_b_then_a,0.75,0.75,1.0,adaptive_soft,1.4926128606638842,0.6875904429776059,0.06612170557816532,0.005374751982439471,0.023949706747652955
marginals_reliable,2,3000,12,3,2.0,0.1643062611942543,j2_a_then_b,0.5,0.5,10.0,j1,1.5449666275582306,0.7083262460306071,0.11199783728582385,0.014077359078057758,0.043729033403801645
marginals_reliable,2,3000,12,3,2.0,0.1643062611942543,j2_a_then_b,0.5,0.5,10.0,j2,1.541338886928136,0.7066043124271221,0.1077331216881937,0.013248170292093117,0.040718659924281836
marginals_reliable,2,3000,12,3,2.0,0.1643062611942543,j2_a_then_b,0.5,0.5,10.0,selected_order,1.541338886928136,0.7066043124271221,0.1077331216881937,0.013248170292093117,0.040718659924281836
marginals_reliable,2,3000,12,3,2.0,0.1643062611942543,j2_a_then_b,0.5,0.5,10.0,independent,1.7056690548959632,0.7362709643781267,0.23712416320083468,0.059473148688902834,4.17549175453425e-17
marginals_reliable,2,3000,12,3,2.0,0.1643062611942543,j2_a_then_b,0.5,0.5,10.0,arithmetic,1.5143615075560672,0.6991607421339758,0.0833833833838671,0.007067594576873814,0.04222384666404173
marginals_reliable,2,3000,12,3,2.0,0.1643062611942543,j2_a_then_b,0.5,0.5,10.0,geometric,1.5151699337793774,0.6994673431124958,0.0842028245609071,0.007133950768895646,0.043297497751058664
marginals_reliable,2,3000,12,3,2.0,0.1643062611942543,j2_a_then_b,0.5,0.5,10.0,weighted_geometric,1.5151699337793774,0.6994673431124958,0.0842028245609071,0.007133950768895646,0.043297497751058664
marginals_reliable,2,3000,12,3,2.0,0.1643062611942543,j2_a_then_b,0.5,0.5,10.0,hard_core,1.5016355287338559,0.6933988666709459,0.051926327736096484,0.0038326457535695305,1.1069746898642596e-14
marginals_reliable,2,3000,12,3,2.0,0.1643062611942543,j2_a_then_b,0.5,0.5,10.0,soft_core_0.1,1.5127581316744618,0.6985144591068154,0.08000882582216202,0.006552236838860178,0.03964384716985859
marginals_reliable,2,3000,12,3,2.0,0.1643062611942543,j2_a_then_b,0.5,0.5,10.0,soft_core_1,1.5044041736995062,0.6952233686963014,0.0632754725769119,0.004528858420064784,0.023997847858948377
marginals_reliable,2,3000,12,3,2.0,0.1643062611942543,j2_a_then_b,0.5,0.5,10.0,soft_core_10,1.5006478073818497,0.6934358823095351,0.051741381408806006,0.0036063641360262705,0.005768848207922408
marginals_reliable,2,3000,12,3,2.0,0.1643062611942543,j2_a_then_b,0.5,0.5,10.0,adaptive_soft,1.5006478073818497,0.6934358823095351,0.051741381408806006,0.0036063641360262705,0.005768848207922408
marginals_reliable,3,3000,12,3,2.0,0.15901410898337837,j2_a_then_b,0.5,0.25,30.0,j1,1.5473648629579086,0.7071787840385586,0.11103255188458859,0.014108240581840256,0.04269620886109628
marginals_reliable,3,3000,12,3,2.0,0.15901410898337837,j2_a_then_b,0.5,0.25,30.0,j2,1.5403398600798222,0.7039731060274205,0.10355087172947615,0.01259019321873004,0.038374461008707936
marginals_reliable,3,3000,12,3,2.0,0.15901410898337837,j2_a_then_b,0.5,0.25,30.0,selected_order,1.5403398600798222,0.7039731060274205,0.10355087172947615,0.01259019321873004,0.038374461008707936
marginals_reliable,3,3000,12,3,2.0,0.15901410898337837,j2_a_then_b,0.5,0.25,30.0,independent,1.7427880493016623,0.7438996557098884,0.2761383800155569,0.06626364010903775,4.054689346141375e-17
marginals_reliable,3,3000,12,3,2.0,0.15901410898337837,j2_a_then_b,0.5,0.25,30.0,arithmetic,1.5159807815663886,0.6980037039542667,0.08156476986458437,0.006971369738726004,0.04053533493490209
marginals_reliable,3,3000,12,3,2.0,0.15901410898337837,j2_a_then_b,0.5,0.25,30.0,geometric,1.5167944431333542,0.6982782641280385,0.08219525314143108,0.007036964482105169,0.041747889414662294
marginals_reliable,3,3000,12,3,2.0,0.15901410898337837,j2_a_then_b,0.5,0.25,30.0,weighted_geometric,1.5167944431333542,0.6982782641280385,0.08219525314143108,0.007036964482105169,0.041747889414662294
marginals_reliable,3,3000,12,3,2.0,0.15901410898337837,j2_a_then_b,0.5,0.25,30.0,hard_core,1.5036870304594858,0.6925136217327982,0.05118142913353752,0.003850387178004489,1.2847792218037412e-14
marginals_reliable,3,3000,12,3,2.0,0.15901410898337837,j2_a_then_b,0.5,0.25,30.0,soft_core_0.1,1.5145694166003747,0.6974030280965146,0.07832453759677453,0.00650207251528591,0.038252727803207286
marginals_reliable,3,3000,12,3,2.0,0.15901410898337837,j2_a_then_b,0.5,0.25,30.0,soft_core_1,1.5066546037069413,0.6943407893448003,0.06270457065224433,0.004587580677842857,0.023545985829228396
marginals_reliable,3,3000,12,3,2.0,0.15901410898337837,j2_a_then_b,0.5,0.25,30.0,soft_core_10,1.5027884719836766,0.6925637874251345,0.05124859660914809,0.003642835862633302,0.005789065472524937
marginals_reliable,3,3000,12,3,2.0,0.15901410898337837,j2_a_then_b,0.5,0.25,30.0,adaptive_soft,1.5055248507237577,0.6928138604133993,0.05411376692343078,0.004295706668813379,0.002301169605661086
marginals_reliable,4,3000,12,3,2.0,0.1734421555993496,j2_a_then_b,0.5,0.5,3.0,j1,1.622680800812025,0.7402222297576694,0.12057925437609684,0.01501400037602466,0.045676279929592334
marginals_reliable,4,3000,12,3,2.0,0.1734421555993496,j2_a_then_b,0.5,0.5,3.0,j2,1.6180144458728052,0.7381157235112048,0.11218567960354166,0.013938990067317676,0.04142202944472403
marginals_reliable,4,3000,12,3,2.0,0.1734421555993496,j2_a_then_b,0.5,0.5,3.0,selected_order,1.6180144458728052,0.7381157235112048,0.11218567960354166,0.013938990067317676,0.04142202944472403
marginals_reliable,4,3000,12,3,2.0,0.1734421555993496,j2_a_then_b,0.5,0.5,3.0,independent,1.787788945926981,0.7736874943258107,0.25656516092551473,0.06300723915157225,3.9404584075828425e-17
marginals_reliable,4,3000,12,3,2.0,0.1734421555993496,j2_a_then_b,0.5,0.5,3.0,arithmetic,1.589485378067617,0.7303885639099376,0.08721172817400273,0.007404913367095392,0.04354915468715817
marginals_reliable,4,3000,12,3,2.0,0.1734421555993496,j2_a_then_b,0.5,0.5,3.0,geometric,1.5905216053029787,0.730761921176983,0.08832558480959718,0.007542011685575613,0.04475973157281923
marginals_reliable,4,3000,12,3,2.0,0.1734421555993496,j2_a_then_b,0.5,0.5,3.0,weighted_geometric,1.5905216053029787,0.730761921176983,0.08832558480959718,0.007542011685575613,0.04475973157281923
marginals_reliable,4,3000,12,3,2.0,0.1734421555993496,j2_a_then_b,0.5,0.5,3.0,hard_core,1.5761324429445054,0.7244918365670648,0.05483117574998195,0.004011055520686462,9.400486423474873e-15
marginals_reliable,4,3000,12,3,2.0,0.1734421555993496,j2_a_then_b,0.5,0.5,3.0,soft_core_0.1,1.5880284237890512,0.7297978967155462,0.08404726499521649,0.006938362076267904,0.040968875281698666
marginals_reliable,4,3000,12,3,2.0,0.1734421555993496,j2_a_then_b,0.5,0.5,3.0,soft_core_1,1.5793668615629965,0.7264499619056435,0.06693416151610913,0.004831540961176669,0.024761767554222457
marginals_reliable,4,3000,12,3,2.0,0.1734421555993496,j2_a_then_b,0.5,0.5,3.0,soft_core_10,1.5753415432146924,0.7245622066011015,0.05495718821341917,0.0038350871256971897,0.005871346982028832
marginals_reliable,4,3000,12,3,2.0,0.1734421555993496,j2_a_then_b,0.5,0.5,3.0,adaptive_soft,1.5760610461445979,0.7250855630528548,0.05842114967449655,0.00402116165073894,0.014096040080754598
marginals_reliable,5,3000,12,3,2.0,0.18671837197954919,j2_a_then_b,0.5,0.5,10.0,j1,1.5767210323971437,0.7288182376606057,0.1386020804657588,0.018009191192273347,0.05474137529973144
marginals_reliable,5,3000,12,3,2.0,0.18671837197954919,j2_a_then_b,0.5,0.5,10.0,j2,1.5572373034630762,0.7177120371899043,0.11079614672969956,0.013419845364547663,0.03818926492858663
marginals_reliable,5,3000,12,3,2.0,0.18671837197954919,j2_a_then_b,0.5,0.5,10.0,selected_order,1.5572373034630762,0.7177120371899043,0.11079614672969956,0.013419845364547663,0.03818926492858663
marginals_reliable,5,3000,12,3,2.0,0.18671837197954919,j2_a_then_b,0.5,0.5,10.0,independent,1.5266704149986143,0.7066273981110127,0.07570015313652304,0.0066380660991308,3.919283957977155e-17
marginals_reliable,5,3000,12,3,2.0,0.18671837197954919,j2_a_then_b,0.5,0.5,10.0,arithmetic,1.5328488457042846,0.7118283172074586,0.09372808421022702,0.00793188611125731,0.04646532011415903
marginals_reliable,5,3000,12,3,2.0,0.18671837197954919,j2_a_then_b,0.5,0.5,10.0,geometric,1.5343649840217437,0.7123208600072078,0.09551854815348486,0.008196751986839173,0.04725105474088659
marginals_reliable,5,3000,12,3,2.0,0.18671837197954919,j2_a_then_b,0.5,0.5,10.0,weighted_geometric,1.5343649840217437,0.7123208600072078,0.09551854815348486,0.008196751986839173,0.04725105474088659
marginals_reliable,5,3000,12,3,2.0,0.18671837197954919,j2_a_then_b,0.5,0.5,10.0,hard_core,1.5177352707664697,0.7042590830358166,0.05819143963014171,0.0041051900796138085,1.4122782909923436e-14
marginals_reliable,5,3000,12,3,2.0,0.18671837197954919,j2_a_then_b,0.5,0.5,10.0,soft_core_0.1,1.5313620271131825,0.7110178291881792,0.0906528878117545,0.00746782908159712,0.043047787317649126
marginals_reliable,5,3000,12,3,2.0,0.18671837197954919,j2_a_then_b,0.5,0.5,10.0,soft_core_1,1.5214132191314214,0.7065483772090821,0.07129203014773068,0.005040818376435649,0.024223795364753387
marginals_reliable,5,3000,12,3,2.0,0.18671837197954919,j2_a_then_b,0.5,0.5,10.0,soft_core_10,1.517591412725502,0.7043873951109001,0.05888338326135511,0.004083057300951774,0.004609372946523832
marginals_reliable,5,3000,12,3,2.0,0.18671837197954919,j2_a_then_b,0.5,0.5,10.0,adaptive_soft,1.517591412725502,0.7043873951109001,0.05888338326135511,0.004083057300951774,0.004609372946523832
marginals_reliable,6,3000,12,3,2.0,0.16716577386753104,j2_a_then_b,0.5,0.25,10.0,j1,1.576751602060736,0.7239398838001786,0.11162285321337903,0.013668549525913391,0.042551879722326325
marginals_reliable,6,3000,12,3,2.0,0.16716577386753104,j2_a_then_b,0.5,0.25,10.0,j2,1.5777088182214005,0.723860163592641,0.11230146805148529,0.014021109206671567,0.042373036330252585
marginals_reliable,6,3000,12,3,2.0,0.16716577386753104,j2_a_then_b,0.5,0.25,10.0,selected_order,1.5777088182214005,0.723860163592641,0.11230146805148529,0.014021109206671567,0.042373036330252585
marginals_reliable,6,3000,12,3,2.0,0.16716577386753104,j2_a_then_b,0.5,0.25,10.0,independent,1.7688173026823026,0.75896233950645,0.24471606565502887,0.06777934907188965,3.887120479382069e-17
marginals_reliable,6,3000,12,3,2.0,0.16716577386753104,j2_a_then_b,0.5,0.25,10.0,arithmetic,1.5479398755543905,0.7152164024973128,0.08426055013190653,0.007107959947986885,0.04246245802628943
marginals_reliable,6,3000,12,3,2.0,0.16716577386753104,j2_a_then_b,0.5,0.25,10.0,geometric,1.5487145227132624,0.7154989009365381,0.08514858139505493,0.007178430654565182,0.04350412869310441
marginals_reliable,6,3000,12,3,2.0,0.16716577386753104,j2_a_then_b,0.5,0.25,10.0,weighted_geometric,1.5487145227132624,0.7154989009365381,0.08514858139505493,0.007178430654565182,0.04350412869310441
marginals_reliable,6,3000,12,3,2.0,0.16716577386753104,j2_a_then_b,0.5,0.25,10.0,hard_core,1.5365077570084582,0.709483098978531,0.054367759211774266,0.004154000307892917,1.0995394943220452e-14
marginals_reliable,6,3000,12,3,2.0,0.16716577386753104,j2_a_then_b,0.5,0.25,10.0,soft_core_0.1,1.5463158514748243,0.7145303866994044,0.08099485819663307,0.00659709657665074,0.039821286504702055
marginals_reliable,6,3000,12,3,2.0,0.16716577386753104,j2_a_then_b,0.5,0.25,10.0,soft_core_1,1.5381723200185335,0.7112156745809383,0.06464789299260694,0.004611988467881382,0.02402773244298684
marginals_reliable,6,3000,12,3,2.0,0.16716577386753104,j2_a_then_b,0.5,0.25,10.0,soft_core_10,1.534980098992256,0.7094936746069529,0.0538467674304987,0.0038078005591672716,0.0059230827643776745
marginals_reliable,6,3000,12,3,2.0,0.16716577386753104,j2_a_then_b,0.5,0.25,10.0,adaptive_soft,1.5379640032977897,0.7099785717340068,0.05783721639351228,0.00451327029457411,0.00624761694187541
marginals_reliable,7,3000,12,3,2.0,0.16243589363838337,j2_a_then_b,0.5,0.5,3.0,j1,1.5924172271885808,0.7309783881403535,0.11135586793526027,0.013670295657074375,0.042559581426074966
marginals_reliable,7,3000,12,3,2.0,0.16243589363838337,j2_a_then_b,0.5,0.5,3.0,j2,1.5880927526137267,0.7289908704517045,0.10491899352509854,0.012741071530182871,0.039554113243866665
marginals_reliable,7,3000,12,3,2.0,0.16243589363838337,j2_a_then_b,0.5,0.5,3.0,selected_order,1.5880927526137267,0.7289908704517045,0.10491899352509854,0.012741071530182871,0.039554113243866665
marginals_reliable,7,3000,12,3,2.0,0.16243589363838337,j2_a_then_b,0.5,0.5,3.0,independent,1.8028415583835513,0.773654223124248,0.2727053181288275,0.07243118075788357,4.0375123508867894e-17
marginals_reliable,7,3000,12,3,2.0,0.16243589363838337,j2_a_then_b,0.5,0.5,3.0,arithmetic,1.5620829721282765,0.7221631423112812,0.08121803570713881,0.006723070672534144,0.0410568473349708
marginals_reliable,7,3000,12,3,2.0,0.16243589363838337,j2_a_then_b,0.5,0.5,3.0,geometric,1.5627782765568454,0.7224518396112511,0.08198090435636222,0.006770515298434847,0.04228410796840715
marginals_reliable,7,3000,12,3,2.0,0.16243589363838337,j2_a_then_b,0.5,0.5,3.0,weighted_geometric,1.5627782765568454,0.7224518396112511,0.08198090435636222,0.006770515298434847,0.04228410796840715
marginals_reliable,7,3000,12,3,2.0,0.16243589363838337,j2_a_then_b,0.5,0.5,3.0,hard_core,1.5516964129464157,0.7170811079859394,0.053101923500390294,0.004046508574185274,1.5912863788840168e-14
marginals_reliable,7,3000,12,3,2.0,0.16243589363838337,j2_a_then_b,0.5,0.5,3.0,soft_core_0.1,1.5605789849877783,0.7215908340071109,0.07807960976715994,0.006239649816959767,0.0387579776696422
marginals_reliable,7,3000,12,3,2.0,0.16243589363838337,j2_a_then_b,0.5,0.5,3.0,soft_core_1,1.5530333892409638,0.7186329981938484,0.0627261943858742,0.004408063478500325,0.023750080936423362
marginals_reliable,7,3000,12,3,2.0,0.16243589363838337,j2_a_then_b,0.5,0.5,3.0,soft_core_10,1.5500115162545292,0.7170589196411705,0.05237579757168289,0.0036577180731603336,0.006108188149528934
marginals_reliable,7,3000,12,3,2.0,0.16243589363838337,j2_a_then_b,0.5,0.5,3.0,adaptive_soft,1.5502776756217496,0.7174684343042892,0.05522142478241895,0.0037324895254491836,0.013926695212897222
marginals_reliable,8,3000,12,3,2.0,0.17453678640451137,j1_b_then_a,0.5,0.75,30.0,j1,1.5621049633857915,0.7171860172302359,0.11832745708904142,0.01479623389575913,0.04527441841683621
marginals_reliable,8,3000,12,3,2.0,0.17453678640451137,j1_b_then_a,0.5,0.75,30.0,j2,1.5591657790821243,0.7160347195785782,0.11441938571715016,0.014127012563676074,0.042840971697201705
marginals_reliable,8,3000,12,3,2.0,0.17453678640451137,j1_b_then_a,0.5,0.75,30.0,selected_order,1.5621049633857915,0.7171860172302359,0.11832745708904142,0.01479623389575913,0.04527441841683621
marginals_reliable,8,3000,12,3,2.0,0.17453678640451137,j1_b_then_a,0.5,0.75,30.0,independent,1.659079043070858,0.7261506537737463,0.1758460726179415,0.04252015582492538,4.1116510036488973e-17
marginals_reliable,8,3000,12,3,2.0,0.17453678640451137,j1_b_then_a,0.5,0.75,30.0,arithmetic,1.5298444067147,0.7068246887656435,0.08878276077371962,0.007433065638842558,0.044057695057018946
marginals_reliable,8,3000,12,3,2.0,0.17453678640451137,j1_b_then_a,0.5,0.75,30.0,geometric,1.5310929183621957,0.7072336886729937,0.09026443888638756,0.007621281973917031,0.045160449390345865
marginals_reliable,8,3000,12,3,2.0,0.17453678640451137,j1_b_then_a,0.5,0.75,30.0,weighted_geometric,1.5310929183621957,0.7072336886729937,0.09026443888638756,0.007621281973917031,0.045160449390345865
marginals_reliable,8,3000,12,3,2.0,0.17453678640451137,j1_b_then_a,0.5,0.75,30.0,hard_core,1.5157994999652453,0.699873555510987,0.05381194493525405,0.00386035024916673,1.6239099085187568e-14
marginals_reliable,8,3000,12,3,2.0,0.17453678640451137,j1_b_then_a,0.5,0.75,30.0,soft_core_0.1,1.5283710252400742,0.7060751861826075,0.08572032891301651,0.006962636826798078,0.04124989180240888
marginals_reliable,8,3000,12,3,2.0,0.17453678640451137,j1_b_then_a,0.5,0.75,30.0,soft_core_1,1.5191025891424124,0.7020532954243557,0.06722314830651999,0.004706314100454572,0.02419199442368143
marginals_reliable,8,3000,12,3,2.0,0.17453678640451137,j1_b_then_a,0.5,0.75,30.0,soft_core_10,1.515161030188787,0.6999585249259367,0.054213639508491285,0.0037218489201864837,0.005311150277065365
marginals_reliable,8,3000,12,3,2.0,0.17453678640451137,j1_b_then_a,0.5,0.75,30.0,adaptive_soft,1.518224998159547,0.7003128408106766,0.05734972652996799,0.0044215332166806665,0.0021064307382419414
marginals_reliable,9,3000,12,3,2.0,0.15229010263653314,j2_a_then_b,0.5,0.75,30.0,j1,1.4024030284367923,0.6535493344564883,0.1004488462579169,0.012442586339343671,0.0393543207939948
marginals_reliable,9,3000,12,3,2.0,0.15229010263653314,j2_a_then_b,0.5,0.75,30.0,j2,1.4018643745804515,0.6531287727772275,0.1010811445149129,0.012361136238210146,0.03918034124790643
marginals_reliable,9,3000,12,3,2.0,0.15229010263653314,j2_a_then_b,0.5,0.75,30.0,selected_order,1.4018643745804515,0.6531287727772275,0.1010811445149129,0.012361136238210146,0.03918034124790643
marginals_reliable,9,3000,12,3,2.0,0.15229010263653314,j2_a_then_b,0.5,0.75,30.0,independent,1.5641773143622684,0.6809737278352681,0.22725861226136052,0.05622315774183107,4.1612591163903994e-17
marginals_reliable,9,3000,12,3,2.0,0.15229010263653314,j2_a_then_b,0.5,0.75,30.0,arithmetic,1.376322905432402,0.6454008528280255,0.07758791809687157,0.006466007375242898,0.0392673310209506
marginals_reliable,9,3000,12,3,2.0,0.15229010263653314,j2_a_then_b,0.5,0.75,30.0,geometric,1.3768402251272436,0.6455334011834833,0.07793958099157898,0.006464737912746598,0.04018125861250214
marginals_reliable,9,3000,12,3,2.0,0.15229010263653314,j2_a_then_b,0.5,0.75,30.0,weighted_geometric,1.3768402251272436,0.6455334011834833,0.07793958099157898,0.006464737912746598,0.04018125861250214
marginals_reliable,9,3000,12,3,2.0,0.15229010263653314,j2_a_then_b,0.5,0.75,30.0,hard_core,1.363472034640015,0.6393574623035195,0.04488429602681349,0.003177463565957419,1.7546398484017713e-14
marginals_reliable,9,3000,12,3,2.0,0.15229010263653314,j2_a_then_b,0.5,0.75,30.0,soft_core_0.1,1.3745634870065664,0.6445764845012218,0.073849921492453,0.005913099233711495,0.03675989984997719
marginals_reliable,9,3000,12,3,2.0,0.15229010263653314,j2_a_then_b,0.5,0.75,30.0,soft_core_1,1.3665751909254897,0.6412511950268079,0.05724810621382503,0.0039657833575902635,0.02229637829758127
marginals_reliable,9,3000,12,3,2.0,0.15229010263653314,j2_a_then_b,0.5,0.75,30.0,soft_core_10,1.3626988381101959,0.6394095060054469,0.04504577268766616,0.003004065992177862,0.0053677736716601695
marginals_reliable,9,3000,12,3,2.0,0.15229010263653314,j2_a_then_b,0.5,0.75,30.0,adaptive_soft,1.364993220115115,0.6395909829166745,0.047194222052401466,0.003542624604992615,0.002149128921788841
marginals_reliable,10,3000,12,3,2.0,0.18536131605322198,j2_a_then_b,0.5,0.5,1.0,j1,1.5321835017488745,0.7163577227238485,0.14237500312504522,0.018147788644941872,0.058995266844532906
marginals_reliable,10,3000,12,3,2.0,0.18536131605322198,j2_a_then_b,0.5,0.5,1.0,j2,1.5065729147362659,0.6992706263010979,0.09947868031437157,0.0123431032187905,0.033655945898637914
marginals_reliable,10,3000,12,3,2.0,0.18536131605322198,j2_a_then_b,0.5,0.5,1.0,selected_order,1.5065729147362659,0.6992706263010979,0.09947868031437157,0.0123431032187905,0.033655945898637914
marginals_reliable,10,3000,12,3,2.0,0.18536131605322198,j2_a_then_b,0.5,0.5,1.0,independent,1.4617964654413689,0.6863164508759395,0.03856551882561534,0.0016070788366749566,3.6087914762505176e-17
marginals_reliable,10,3000,12,3,2.0,0.18536131605322198,j2_a_then_b,0.5,0.5,1.0,arithmetic,1.4865789560288627,0.6962042707524242,0.09324697787446004,0.007744072502103137,0.0463256063715854
marginals_reliable,10,3000,12,3,2.0,0.18536131605322198,j2_a_then_b,0.5,0.5,1.0,geometric,1.4877427533855192,0.6967214268684432,0.09468275632801566,0.007910284069400426,0.04689432701288475
marginals_reliable,10,3000,12,3,2.0,0.18536131605322198,j2_a_then_b,0.5,0.5,1.0,weighted_geometric,1.4877427533855192,0.6967214268684432,0.09468275632801566,0.007910284069400426,0.04689432701288475
marginals_reliable,10,3000,12,3,2.0,0.18536131605322198,j2_a_then_b,0.5,0.5,1.0,hard_core,1.4704067778778886,0.6876714925412186,0.052520380356886234,0.003605549483915737,2.0833108743440084e-14
marginals_reliable,10,3000,12,3,2.0,0.18536131605322198,j2_a_then_b,0.5,0.5,1.0,soft_core_0.1,1.4845832807685826,0.6952694993985149,0.08942610704987439,0.007142847891424774,0.04272553658385712
marginals_reliable,10,3000,12,3,2.0,0.18536131605322198,j2_a_then_b,0.5,0.5,1.0,soft_core_1,1.4741789167580863,0.6902433709386533,0.06778737331123057,0.004592713582394215,0.023838686134603763
marginals_reliable,10,3000,12,3,2.0,0.18536131605322198,j2_a_then_b,0.5,0.5,1.0,soft_core_10,1.4702974048258568,0.687821326460066,0.05350918915239231,0.0035967382211635496,0.004426417531752068
marginals_reliable,10,3000,12,3,2.0,0.18536131605322198,j2_a_then_b,0.5,0.5,1.0,adaptive_soft,1.4741789167580863,0.6902433709386533,0.06778737331123057,0.004592713582394215,0.023838686134603763
marginals_reliable,11,3000,12,3,2.0,0.15596849019883455,j1_b_then_a,0.5,0.5,3.0,j1,1.5275069312185159,0.6998380774707207,0.10305333949465346,0.012822129440717705,0.03851709304393376
marginals_reliable,11,3000,12,3,2.0,0.15596849019883455,j1_b_then_a,0.5,0.5,3.0,j2,1.527682664988797,0.7006950538850969,0.10581559954025084,0.012971545653701903,0.04073129430461842
marginals_reliable,11,3000,12,3,2.0,0.15596849019883455,j1_b_then_a,0.5,0.5,3.0,selected_order,1.5275069312185159,0.6998380774707207,0.10305333949465346,0.012822129440717705,0.03851709304393376
marginals_reliable,11,3000,12,3,2.0,0.15596849019883455,j1_b_then_a,0.5,0.5,3.0,independent,1.7470518958118402,0.7435346013877542,0.2854912089486559,0.07190679401750254,4.2281743427644015e-17
marginals_reliable,11,3000,12,3,2.0,0.15596849019883455,j1_b_then_a,0.5,0.5,3.0,arithmetic,1.500582757081278,0.6928093071131579,0.078567481583223,0.006684708711845403,0.039624193674276074
marginals_reliable,11,3000,12,3,2.0,0.15596849019883455,j1_b_then_a,0.5,0.5,3.0,geometric,1.5011110061974682,0.6929843962179941,0.07891881764032416,0.00668153780253869,0.04068408127916669
marginals_reliable,11,3000,12,3,2.0,0.15596849019883455,j1_b_then_a,0.5,0.5,3.0,weighted_geometric,1.5011110061974682,0.6929843962179941,0.07891881764032416,0.00668153780253869,0.04068408127916669
marginals_reliable,11,3000,12,3,2.0,0.15596849019883455,j1_b_then_a,0.5,0.5,3.0,hard_core,1.4890360115808245,0.6877956064491905,0.049874014517743516,0.0037337442501479217,1.037681515090243e-14
marginals_reliable,11,3000,12,3,2.0,0.15596849019883455,j1_b_then_a,0.5,0.5,3.0,soft_core_0.1,1.4990485146611439,0.6921733728859666,0.07511637382281605,0.006182286526329521,0.03724860497297151
marginals_reliable,11,3000,12,3,2.0,0.15596849019883455,j1_b_then_a,0.5,0.5,3.0,soft_core_1,1.4917091349885319,0.6893856993675039,0.06020199063515415,0.004399035692816114,0.023044674758736835
marginals_reliable,11,3000,12,3,2.0,0.15596849019883455,j1_b_then_a,0.5,0.5,3.0,soft_core_10,1.4880440261236287,0.6878023619990736,0.049554439861292356,0.003503386528191977,0.005814335462180512
marginals_reliable,11,3000,12,3,2.0,0.15596849019883455,j1_b_then_a,0.5,0.5,3.0,adaptive_soft,1.4886723963758994,0.6882301883926341,0.05258883817401332,0.003659869813158075,0.013550774974260698
marginals_reliable,12,3000,12,3,2.0,0.16588709509099947,j2_a_then_b,0.25,0.25,30.0,j1,1.5149471838155726,0.6982200847605755,0.11072080279553467,0.013679577127731653,0.042929232776619176
marginals_reliable,12,3000,12,3,2.0,0.16588709509099947,j2_a_then_b,0.25,0.25,30.0,j2,1.5143458223849893,0.6988334087427451,0.11105961965234099,0.013621015329291051,0.043063318504708695
marginals_reliable,12,3000,12,3,2.0,0.16588709509099947,j2_a_then_b,0.25,0.25,30.0,selected_order,1.5143458223849893,0.6988334087427451,0.11105961965234099,0.013621015329291051,0.043063318504708695
marginals_reliable,12,3000,12,3,2.0,0.16588709509099947,j2_a_then_b,0.25,0.25,30.0,independent,1.6560702595415957,0.721939606488459,0.22103761794433346,0.05441114554661512,4.4407702198709933e-17
marginals_reliable,12,3000,12,3,2.0,0.16588709509099947,j2_a_then_b,0.25,0.25,30.0,arithmetic,1.4851991867040757,0.6897487869462439,0.08454399771358741,0.006946399317985782,0.04299627564066392
marginals_reliable,12,3000,12,3,2.0,0.16588709509099947,j2_a_then_b,0.25,0.25,30.0,geometric,1.4864679799809002,0.6901943096700738,0.08588701272206409,0.007131019182984527,0.04432875145194954
marginals_reliable,12,3000,12,3,2.0,0.16588709509099947,j2_a_then_b,0.25,0.25,30.0,weighted_geometric,1.493303479575357,0.6924095521994454,0.09202583455804446,0.008737438913690432,0.04404410952839233
marginals_reliable,12,3000,12,3,2.0,0.16588709509099947,j2_a_then_b,0.25,0.25,30.0,hard_core,1.4717517374204143,0.6833286213188029,0.05023813167800827,0.0035487411173937456,1.114043855195523e-14
marginals_reliable,12,3000,12,3,2.0,0.16588709509099947,j2_a_then_b,0.25,0.25,30.0,soft_core_0.1,1.4838842408016673,0.6891194425290657,0.0814314949948866,0.006508440393041562,0.04055144184154398
marginals_reliable,12,3000,12,3,2.0,0.16588709509099947,j2_a_then_b,0.25,0.25,30.0,soft_core_1,1.4749718235428113,0.6853816554271741,0.0632383499032964,0.004349235723723289,0.02430902894759479
marginals_reliable,12,3000,12,3,2.0,0.16588709509099947,j2_a_then_b,0.25,0.25,30.0,soft_core_10,1.4710067457524727,0.6833825951576195,0.05034559450821462,0.0033777147565947803,0.005618044583288572
marginals_reliable,12,3000,12,3,2.0,0.16588709509099947,j2_a_then_b,0.25,0.25,30.0,adaptive_soft,1.4737318208605994,0.6836656925212979,0.05337214665972236,0.004023392016448548,0.00223328390291528
marginals_reliable,13,3000,12,3,2.0,0.15812374366535456,j2_a_then_b,0.5,0.5,10.0,j1,1.454586310759949,0.6700148938776657,0.10972824530075352,0.013561996255086379,0.04301493138081523
marginals_reliable,13,3000,12,3,2.0,0.15812374366535456,j2_a_then_b,0.5,0.5,10.0,j2,1.4479325447381637,0.6667117081185024,0.09972037526272853,0.012116990184507638,0.0377066130209541
marginals_reliable,13,3000,12,3,2.0,0.15812374366535456,j2_a_then_b,0.5,0.5,10.0,selected_order,1.4479325447381637,0.6667117081185024,0.09972037526272853,0.012116990184507638,0.0377066130209541
marginals_reliable,13,3000,12,3,2.0,0.15812374366535456,j2_a_then_b,0.5,0.5,10.0,independent,1.600271603439053,0.6925138420614034,0.21633231529420194,0.054949462315481805,4.014394671233681e-17
marginals_reliable,13,3000,12,3,2.0,0.15812374366535456,j2_a_then_b,0.5,0.5,10.0,arithmetic,1.424106629047532,0.6600614120058803,0.07932950014941607,0.0066165724593852514,0.04036077220088465
marginals_reliable,13,3000,12,3,2.0,0.15812374366535456,j2_a_then_b,0.5,0.5,10.0,geometric,1.4248843656020564,0.660299431585508,0.07994097959169133,0.006677385685283655,0.041154170634686196
marginals_reliable,13,3000,12,3,2.0,0.15812374366535456,j2_a_then_b,0.5,0.5,10.0,weighted_geometric,1.4248843656020564,0.660299431585508,0.07994097959169133,0.006677385685283655,0.041154170634686196
marginals_reliable,13,3000,12,3,2.0,0.15812374366535456,j2_a_then_b,0.5,0.5,10.0,hard_core,1.4122733999718362,0.6543328058438934,0.04860208897082504,0.003567286029428692,1.1641647203292622e-14
marginals_reliable,13,3000,12,3,2.0,0.15812374366535456,j2_a_then_b,0.5,0.5,10.0,soft_core_0.1,1.4225768244895338,0.6593517567199532,0.07587934856955407,0.00611854639646904,0.03766774032730125
marginals_reliable,13,3000,12,3,2.0,0.15812374366535456,j2_a_then_b,0.5,0.5,10.0,soft_core_1,1.4146820456323026,0.6560896049916022,0.05962638040791733,0.00419430400066693,0.022662315995336132
marginals_reliable,13,3000,12,3,2.0,0.15812374366535456,j2_a_then_b,0.5,0.5,10.0,soft_core_10,1.411357080023254,0.6543725142680483,0.04855889954176624,0.003361625708141854,0.0053570095101655975
marginals_reliable,13,3000,12,3,2.0,0.15812374366535456,j2_a_then_b,0.5,0.5,10.0,adaptive_soft,1.411357080023254,0.6543725142680483,0.04855889954176624,0.003361625708141854,0.0053570095101655975
marginals_reliable,14,3000,12,3,2.0,0.15346008129411273,j2_a_then_b,0.5,0.5,30.0,j1,1.4921009809467642,0.6865957937444859,0.1054154927431497,0.013018719021438972,0.0404183176590055
marginals_reliable,14,3000,12,3,2.0,0.15346008129411273,j2_a_then_b,0.5,0.5,30.0,j2,1.4895358543031556,0.6852972903101344,0.1002079187587147,0.01243854110325992,0.03817419768356272
marginals_reliable,14,3000,12,3,2.0,0.15346008129411273,j2_a_then_b,0.5,0.5,30.0,selected_order,1.4895358543031556,0.6852972903101344,0.1002079187587147,0.01243854110325992,0.03817419768356272
marginals_reliable,14,3000,12,3,2.0,0.15346008129411273,j2_a_then_b,0.5,0.5,30.0,independent,1.7126135197906434,0.727502795342858,0.28073532266688683,0.07156986031498597,4.2362735588683204e-17
marginals_reliable,14,3000,12,3,2.0,0.15346008129411273,j2_a_then_b,0.5,0.5,30.0,arithmetic,1.464448832395178,0.6783185455900247,0.0784331072141743,0.006652602790944908,0.039296257671284085
marginals_reliable,14,3000,12,3,2.0,0.15346008129411273,j2_a_then_b,0.5,0.5,30.0,geometric,1.4648293076758083,0.6784335626603705,0.07859854368918291,0.006607593468750464,0.04026199834356473
marginals_reliable,14,3000,12,3,2.0,0.15346008129411273,j2_a_then_b,0.5,0.5,30.0,weighted_geometric,1.4648293076758083,0.6784335626603705,0.07859854368918291,0.006607593468750464,0.04026199834356473
marginals_reliable,14,3000,12,3,2.0,0.15346008129411273,j2_a_then_b,0.5,0.5,30.0,hard_core,1.4525931635303673,0.672871685778109,0.04906827855298913,0.0036131788720794524,1.2943430565069206e-14
marginals_reliable,14,3000,12,3,2.0,0.15346008129411273,j2_a_then_b,0.5,0.5,30.0,soft_core_0.1,1.462762562839297,0.6775604197333659,0.07477702348053875,0.006106748776371999,0.03686901348346512
marginals_reliable,14,3000,12,3,2.0,0.15346008129411273,j2_a_then_b,0.5,0.5,30.0,soft_core_1,1.455419693022871,0.6745711893604898,0.059651608957547925,0.004320579897558403,0.022775517189287945
marginals_reliable,14,3000,12,3,2.0,0.15346008129411273,j2_a_then_b,0.5,0.5,30.0,soft_core_10,1.4516619215705837,0.672906178079918,0.04886757285088619,0.003399654948626865,0.005765839861586395
marginals_reliable,14,3000,12,3,2.0,0.15346008129411273,j2_a_then_b,0.5,0.5,30.0,adaptive_soft,1.4520549011479604,0.6728537965608139,0.048723334403641995,0.00348881108894638,0.002231798441455638
marginals_reliable,15,3000,12,3,2.0,0.17739427836074897,j1_b_then_a,0.5,0.5,10.0,j1,1.6449681109585081,0.7457591372072793,0.11883602363072704,0.014915132206941482,0.04459944062874393
marginals_reliable,15,3000,12,3,2.0,0.17739427836074897,j1_b_then_a,0.5,0.5,10.0,j2,1.6449859618216485,0.7466454306740117,0.12043556466600583,0.014986015736562896,0.04509167939620187
marginals_reliable,15,3000,12,3,2.0,0.17739427836074897,j1_b_then_a,0.5,0.5,10.0,selected_order,1.6449681109585081,0.7457591372072793,0.11883602363072704,0.014915132206941482,0.04459944062874393
marginals_reliable,15,3000,12,3,2.0,0.17739427836074897,j1_b_then_a,0.5,0.5,10.0,independent,1.7889814070688639,0.7714999581682757,0.23430070195860278,0.05707373438880139,4.388628885694138e-17
marginals_reliable,15,3000,12,3,2.0,0.17739427836074897,j1_b_then_a,0.5,0.5,10.0,arithmetic,1.6130067887849617,0.737034164221443,0.08958518760238506,0.007631545449717714,0.04484556001247289
marginals_reliable,15,3000,12,3,2.0,0.17739427836074897,j1_b_then_a,0.5,0.5,10.0,geometric,1.6140720491336438,0.7374520335861872,0.09109085105953117,0.007776024050752078,0.046188179609561626
marginals_reliable,15,3000,12,3,2.0,0.17739427836074897,j1_b_then_a,0.5,0.5,10.0,weighted_geometric,1.6140720491336438,0.7374520335861872,0.09109085105953117,0.007776024050752078,0.046188179609561626
marginals_reliable,15,3000,12,3,2.0,0.17739427836074897,j1_b_then_a,0.5,0.5,10.0,hard_core,1.5997169658069366,0.7309296046077473,0.05743151057546897,0.004255944695233907,1.1062863174065804e-14
marginals_reliable,15,3000,12,3,2.0,0.17739427836074897,j1_b_then_a,0.5,0.5,10.0,soft_core_0.1,1.6114860078650657,0.7364284666549978,0.08669417897357916,0.007151292157605323,0.04223324378427061
marginals_reliable,15,3000,12,3,2.0,0.17739427836074897,j1_b_then_a,0.5,0.5,10.0,soft_core_1,1.6026505055028073,0.7328988930289866,0.06914544969409658,0.005006983576081729,0.025191326290787477
marginals_reliable,15,3000,12,3,2.0,0.17739427836074897,j1_b_then_a,0.5,0.5,10.0,soft_core_10,1.598857845441293,0.7310002548646821,0.05761846054533363,0.0040663361046535665,0.0058304503674819815
marginals_reliable,15,3000,12,3,2.0,0.17739427836074897,j1_b_then_a,0.5,0.5,10.0,adaptive_soft,1.598857845441293,0.7310002548646821,0.05761846054533363,0.0040663361046535665,0.0058304503674819815
marginals_reliable,16,3000,12,3,2.0,0.1629553840635436,j1_b_then_a,0.75,0.75,10.0,j1,1.5144152842498633,0.6920107363509025,0.10802578351581749,0.013371525640729269,0.040812371692262865
marginals_reliable,16,3000,12,3,2.0,0.1629553840635436,j1_b_then_a,0.75,0.75,10.0,j2,1.5157861527165148,0.692221250045061,0.10925312572308991,0.013709970148729945,0.04120152587511323
marginals_reliable,16,3000,12,3,2.0,0.1629553840635436,j1_b_then_a,0.75,0.75,10.0,selected_order,1.5144152842498633,0.6920107363509025,0.10802578351581749,0.013371525640729269,0.040812371692262865
marginals_reliable,16,3000,12,3,2.0,0.1629553840635436,j1_b_then_a,0.75,0.75,10.0,independent,1.6806552146404126,0.7184655036526362,0.23137675791447448,0.05856064757027083,3.963426929439678e-17
marginals_reliable,16,3000,12,3,2.0,0.1629553840635436,j1_b_then_a,0.75,0.75,10.0,arithmetic,1.4864406974718944,0.6837148948883961,0.08187082008019927,0.0069519109528937955,0.041006948783688026
marginals_reliable,16,3000,12,3,2.0,0.1629553840635436,j1_b_then_a,0.75,0.75,10.0,geometric,1.4871391986662088,0.6839554473693283,0.08245041917227942,0.0069966463912316135,0.04186470051457035
marginals_reliable,16,3000,12,3,2.0,0.1629553840635436,j1_b_then_a,0.75,0.75,10.0,weighted_geometric,1.4937878623871061,0.6859387836261565,0.08858204079801554,0.008558240456929468,0.041554845473457266
marginals_reliable,16,3000,12,3,2.0,0.1629553840635436,j1_b_then_a,0.75,0.75,10.0,hard_core,1.474843762408109,0.6780732678866241,0.05265206015558815,0.003967058823533595,2.1153613938391086e-14
marginals_reliable,16,3000,12,3,2.0,0.1629553840635436,j1_b_then_a,0.75,0.75,10.0,soft_core_0.1,1.484848379829211,0.6830144332288333,0.07848268689217437,0.006442699829197153,0.03827923091503497
marginals_reliable,16,3000,12,3,2.0,0.1629553840635436,j1_b_then_a,0.75,0.75,10.0,soft_core_1,1.4770437069841111,0.6797952055167692,0.06283175955508818,0.004544357075634379,0.022924947306576883
marginals_reliable,16,3000,12,3,2.0,0.1629553840635436,j1_b_then_a,0.75,0.75,10.0,soft_core_10,1.4737832045575017,0.6781096828918732,0.05247759538769419,0.0037282224925377803,0.005470635809391251
marginals_reliable,16,3000,12,3,2.0,0.1629553840635436,j1_b_then_a,0.75,0.75,10.0,adaptive_soft,1.4766103227278926,0.6786095212111988,0.05641533881547533,0.004395107223401743,0.005728627873512525
marginals_reliable,17,3000,12,3,2.0,0.1832426062221459,j2_a_then_b,0.5,0.5,0.3,j1,1.5289911119638147,0.7044010643912072,0.13399843826923538,0.017481801084871133,0.05409511407614059
marginals_reliable,17,3000,12,3,2.0,0.1832426062221459,j2_a_then_b,0.5,0.5,0.3,j2,1.5111535704087418,0.6928094782712148,0.10800119081797237,0.013439606861490868,0.03961035761045007
marginals_reliable,17,3000,12,3,2.0,0.1832426062221459,j2_a_then_b,0.5,0.5,0.3,selected_order,1.5111535704087418,0.6928094782712148,0.10800119081797237,0.013439606861490868,0.03961035761045007
marginals_reliable,17,3000,12,3,2.0,0.1832426062221459,j2_a_then_b,0.5,0.5,0.3,independent,1.4910906902661805,0.6817655752457574,0.08108977170572312,0.008972192481111464,4.431769440720971e-17
marginals_reliable,17,3000,12,3,2.0,0.1832426062221459,j2_a_then_b,0.5,0.5,0.3,arithmetic,1.4870172096889096,0.687426443204745,0.09227088972097938,0.007918549163701272,0.046852735843295315
marginals_reliable,17,3000,12,3,2.0,0.1832426062221459,j2_a_then_b,0.5,0.5,0.3,geometric,1.4881802628699858,0.6878095835746746,0.09355712171579178,0.008074250944739568,0.04760302989260579
marginals_reliable,17,3000,12,3,2.0,0.1832426062221459,j2_a_then_b,0.5,0.5,0.3,weighted_geometric,1.4881802628699858,0.6878095835746746,0.09355712171579178,0.008074250944739568,0.04760302989260579
marginals_reliable,17,3000,12,3,2.0,0.1832426062221459,j2_a_then_b,0.5,0.5,0.3,hard_core,1.4703273910198984,0.6789661879153858,0.052384396161657375,0.00366381302078316,1.525716519329982e-14
marginals_reliable,17,3000,12,3,2.0,0.1832426062221459,j2_a_then_b,0.5,0.5,0.3,soft_core_0.1,1.4850162032028182,0.6864360915342694,0.08849764363641494,0.007305808111069383,0.04339418140689427
marginals_reliable,17,3000,12,3,2.0,0.1832426062221459,j2_a_then_b,0.5,0.5,0.3,soft_core_1,1.4744272979514734,0.6816350179627193,0.06788951690318146,0.00471722927773399,0.024500110794208274
marginals_reliable,17,3000,12,3,2.0,0.1832426062221459,j2_a_then_b,0.5,0.5,0.3,soft_core_10,1.4701982106483003,0.6791482458075561,0.053589298396453516,0.003648205576582266,0.004684466637066666
marginals_reliable,17,3000,12,3,2.0,0.1832426062221459,j2_a_then_b,0.5,0.5,0.3,adaptive_soft,1.4807307365585998,0.6845448177254188,0.08102189841766115,0.006261897578799742,0.03695439734795791
marginals_reliable,18,3000,12,3,2.0,0.17750488227105576,j2_a_then_b,0.5,0.25,10.0,j1,1.5985060534121218,0.7278594402485342,0.13194051849187063,0.01690895871107781,0.05122197119254242
marginals_reliable,18,3000,12,3,2.0,0.17750488227105576,j2_a_then_b,0.5,0.25,10.0,j2,1.5831856298645215,0.7180849402674169,0.10727965106446047,0.013422391591575942,0.036596070602555326
marginals_reliable,18,3000,12,3,2.0,0.17750488227105576,j2_a_then_b,0.5,0.25,10.0,selected_order,1.5831856298645215,0.7180849402674169,0.10727965106446047,0.013422391591575942,0.036596070602555326
marginals_reliable,18,3000,12,3,2.0,0.17750488227105576,j2_a_then_b,0.5,0.25,10.0,independent,1.6614933989061635,0.7330579726801837,0.18083131314196366,0.03558740510485955,3.870726439023087e-17
marginals_reliable,18,3000,12,3,2.0,0.17750488227105576,j2_a_then_b,0.5,0.25,10.0,arithmetic,1.5588580163819175,0.7133898140416463,0.09024764916994223,0.007826653493069309,0.043909020897548855
marginals_reliable,18,3000,12,3,2.0,0.17750488227105576,j2_a_then_b,0.5,0.25,10.0,geometric,1.559714202179797,0.7137036488324443,0.09133143338486342,0.007917108881211086,0.04487637895305939
marginals_reliable,18,3000,12,3,2.0,0.17750488227105576,j2_a_then_b,0.5,0.25,10.0,weighted_geometric,1.559714202179797,0.7137036488324443,0.09133143338486342,0.007917108881211086,0.04487637895305939
marginals_reliable,18,3000,12,3,2.0,0.17750488227105576,j2_a_then_b,0.5,0.25,10.0,hard_core,1.5448891351188168,0.7068515650543382,0.05792626044303461,0.004271470800535302,1.0826013600245204e-14
marginals_reliable,18,3000,12,3,2.0,0.17750488227105576,j2_a_then_b,0.5,0.25,10.0,soft_core_0.1,1.5571125959208234,0.7126288365614459,0.08701944977609244,0.007286691622042468,0.04100530470368068
marginals_reliable,18,3000,12,3,2.0,0.17750488227105576,j2_a_then_b,0.5,0.25,10.0,soft_core_1,1.5482494868961596,0.7089195580988324,0.06983777337143357,0.005126800435188168,0.02406715084408609
marginals_reliable,18,3000,12,3,2.0,0.17750488227105576,j2_a_then_b,0.5,0.25,10.0,soft_core_10,1.5444509224919496,0.7069611373747126,0.05842375246761426,0.0041799863867533595,0.005190248026078853
marginals_reliable,18,3000,12,3,2.0,0.17750488227105576,j2_a_then_b,0.5,0.25,10.0,adaptive_soft,1.5481406726957125,0.7075741883354517,0.06326739283283285,0.005047193666462804,0.005036826192525218
marginals_reliable,19,3000,12,3,2.0,0.16917115505596886,j2_a_then_b,0.5,0.5,10.0,j1,1.4866819115500516,0.683158007587766,0.11571278606961005,0.014490975352366509,0.04290553478123694
marginals_reliable,19,3000,12,3,2.0,0.16917115505596886,j2_a_then_b,0.5,0.5,10.0,j2,1.4839351683625424,0.6830760704197573,0.11178895025504715,0.01387070779524281,0.04143597372556441
marginals_reliable,19,3000,12,3,2.0,0.16917115505596886,j2_a_then_b,0.5,0.5,10.0,selected_order,1.4839351683625424,0.6830760704197573,0.11178895025504715,0.01387070779524281,0.04143597372556441
marginals_reliable,19,3000,12,3,2.0,0.16917115505596886,j2_a_then_b,0.5,0.5,10.0,independent,1.533836678172612,0.690207485036846,0.16026792269536747,0.028117442841394676,4.165051866406843e-17
marginals_reliable,19,3000,12,3,2.0,0.16917115505596886,j2_a_then_b,0.5,0.5,10.0,arithmetic,1.4551538374281203,0.6737111705506694,0.08592111058822906,0.007270953743413739,0.04217075425340066
marginals_reliable,19,3000,12,3,2.0,0.16917115505596886,j2_a_then_b,0.5,0.5,10.0,geometric,1.4559935069747787,0.6739192067462524,0.08659299063065681,0.0073465348779070076,0.043087467113391335
marginals_reliable,19,3000,12,3,2.0,0.16917115505596886,j2_a_then_b,0.5,0.5,10.0,weighted_geometric,1.4559935069747787,0.6739192067462524,0.08659299063065681,0.0073465348779070076,0.043087467113391335
marginals_reliable,19,3000,12,3,2.0,0.16917115505596886,j2_a_then_b,0.5,0.5,10.0,hard_core,1.4417274778458977,0.6673557599430648,0.053583753254101404,0.0038356054267111197,1.2174067583862523e-14
marginals_reliable,19,3000,12,3,2.0,0.16917115505596886,j2_a_then_b,0.5,0.5,10.0,soft_core_0.1,1.453500641826322,0.6728735492704737,0.08235441778130348,0.006740887331367882,0.03928367053017684
marginals_reliable,19,3000,12,3,2.0,0.16917115505596886,j2_a_then_b,0.5,0.5,10.0,soft_core_1,1.4450610384996279,0.6693095857563304,0.06554506203884299,0.004680573464513791,0.02283353980798563
marginals_reliable,19,3000,12,3,2.0,0.16917115505596886,j2_a_then_b,0.5,0.5,10.0,soft_core_10,1.4414078866825155,0.667456555387369,0.05414835839543971,0.003771381478096022,0.0048243736269537076
marginals_reliable,19,3000,12,3,2.0,0.16917115505596886,j2_a_then_b,0.5,0.5,10.0,adaptive_soft,1.4414078866825155,0.667456555387369,0.05414835839543971,0.003771381478096022,0.0048243736269537076
marginals_reliable,20,3000,12,3,2.0,0.1820957146878452,j2_a_then_b,0.5,0.5,30.0,j1,1.5445998147630837,0.71901631539791,0.13493669006595554,0.01726017581460669,0.05482740839336444
marginals_reliable,20,3000,12,3,2.0,0.1820957146878452,j2_a_then_b,0.5,0.5,30.0,j2,1.5248058502168638,0.7065730412200814,0.10424462081729359,0.012688620089822942,0.035808988945205344
marginals_reliable,20,3000,12,3,2.0,0.1820957146878452,j2_a_then_b,0.5,0.5,30.0,selected_order,1.5248058502168638,0.7065730412200814,0.10424462081729359,0.012688620089822942,0.035808988945205344
marginals_reliable,20,3000,12,3,2.0,0.1820957146878452,j2_a_then_b,0.5,0.5,30.0,independent,1.539390496306653,0.7047400043238229,0.11726467632005218,0.017171775159418413,4.469358156529152e-17
marginals_reliable,20,3000,12,3,2.0,0.1820957146878452,j2_a_then_b,0.5,0.5,30.0,arithmetic,1.5023070997756032,0.7018576625559274,0.09117561799400659,0.007577676805702898,0.045318198669284875
marginals_reliable,20,3000,12,3,2.0,0.1820957146878452,j2_a_then_b,0.5,0.5,30.0,geometric,1.5036203941875181,0.7023692132241173,0.09268675908799848,0.007785733442183542,0.04628156935369922
marginals_reliable,20,3000,12,3,2.0,0.1820957146878452,j2_a_then_b,0.5,0.5,30.0,weighted_geometric,1.5036203941875181,0.7023692132241173,0.09268675908799848,0.007785733442183542,0.04628156935369922
marginals_reliable,20,3000,12,3,2.0,0.1820957146878452,j2_a_then_b,0.5,0.5,30.0,hard_core,1.48689483938426,0.6941446639864314,0.05273289203442141,0.0036687213765756043,1.0590014887449767e-14
marginals_reliable,20,3000,12,3,2.0,0.1820957146878452,j2_a_then_b,0.5,0.5,30.0,soft_core_0.1,1.5006839798482015,0.7010538882418205,0.08769514089857741,0.007073689622089385,0.042193238993732056
marginals_reliable,20,3000,12,3,2.0,0.1820957146878452,j2_a_then_b,0.5,0.5,30.0,soft_core_1,1.490822586170873,0.6965210655200568,0.06729928098135797,0.00466720306234843,0.0240729262704481
marginals_reliable,20,3000,12,3,2.0,0.1820957146878452,j2_a_then_b,0.5,0.5,30.0,soft_core_10,1.4867263618682687,0.6942698091367856,0.0534246335900695,0.003641471884811322,0.00478623382200471
marginals_reliable,20,3000,12,3,2.0,0.1820957146878452,j2_a_then_b,0.5,0.5,30.0,adaptive_soft,1.4867736074411482,0.6941698278796741,0.05282422794806243,0.0036447231507940802,0.0017310130001726427
marginals_reliable,21,3000,12,3,2.0,0.17839547254826277,j2_a_then_b,0.5,0.5,30.0,j1,1.5818042529636582,0.7241450630792016,0.12337921849487091,0.01578476692048284,0.04757719871831299
marginals_reliable,21,3000,12,3,2.0,0.17839547254826277,j2_a_then_b,0.5,0.5,30.0,j2,1.5738763836502447,0.7196570616113426,0.1139415595142378,0.013974077360543234,0.04133198942064669
marginals_reliable,21,3000,12,3,2.0,0.17839547254826277,j2_a_then_b,0.5,0.5,30.0,selected_order,1.5738763836502447,0.7196570616113426,0.1139415595142378,0.013974077360543234,0.04133198942064669
marginals_reliable,21,3000,12,3,2.0,0.17839547254826277,j2_a_then_b,0.5,0.5,30.0,independent,1.646407697691821,0.725851542999827,0.1663948545199183,0.03385938619804611,4.458602465696359e-17
marginals_reliable,21,3000,12,3,2.0,0.17839547254826277,j2_a_then_b,0.5,0.5,30.0,arithmetic,1.5461369360074086,0.7119082592357695,0.08967823314314932,0.007618677698994598,0.044454594069479825
marginals_reliable,21,3000,12,3,2.0,0.17839547254826277,j2_a_then_b,0.5,0.5,30.0,geometric,1.5471004749003503,0.7122300346719048,0.09069110371152456,0.007727335202199318,0.04538583928157529
marginals_reliable,21,3000,12,3,2.0,0.17839547254826277,j2_a_then_b,0.5,0.5,30.0,weighted_geometric,1.5471004749003503,0.7122300346719048,0.09069110371152456,0.007727335202199318,0.04538583928157529
marginals_reliable,21,3000,12,3,2.0,0.17839547254826277,j2_a_then_b,0.5,0.5,30.0,hard_core,1.5314484930139223,0.7051132203204052,0.0548747360758072,0.0038814475714613996,9.927561277417532e-15
marginals_reliable,21,3000,12,3,2.0,0.17839547254826277,j2_a_then_b,0.5,0.5,30.0,soft_core_0.1,1.5444092558118174,0.7111353295874613,0.08624656572356601,0.0070743448682839966,0.041446470254280346
marginals_reliable,21,3000,12,3,2.0,0.17839547254826277,j2_a_then_b,0.5,0.5,30.0,soft_core_1,1.5352011138009147,0.707306449452403,0.0683351534996849,0.004828734906483726,0.02421737401874958
marginals_reliable,21,3000,12,3,2.0,0.17839547254826277,j2_a_then_b,0.5,0.5,30.0,soft_core_10,1.5310967943026552,0.705233520549893,0.055550602731307915,0.0038086836372805237,0.005155910331333951
marginals_reliable,21,3000,12,3,2.0,0.17839547254826277,j2_a_then_b,0.5,0.5,30.0,adaptive_soft,1.531228067997771,0.7051343707430185,0.05492428306226016,0.003833304681199787,0.0019005484882040611
marginals_reliable,22,3000,12,3,2.0,0.15445882545114348,j1_b_then_a,0.5,0.5,10.0,j1,1.4252980995501208,0.663786144591379,0.10103098050621921,0.012361075491431662,0.03924425269117103
marginals_reliable,22,3000,12,3,2.0,0.15445882545114348,j1_b_then_a,0.5,0.5,10.0,j2,1.4245966036904436,0.663172248276528,0.09993906534372818,0.01224176086163732,0.03916385682475945
marginals_reliable,22,3000,12,3,2.0,0.15445882545114348,j1_b_then_a,0.5,0.5,10.0,selected_order,1.4252980995501208,0.663786144591379,0.10103098050621921,0.012361075491431662,0.03924425269117103
marginals_reliable,22,3000,12,3,2.0,0.15445882545114348,j1_b_then_a,0.5,0.5,10.0,independent,1.5824065996144985,0.6910219584450236,0.21587075847216283,0.05675987099429223,4.0810393741072844e-17
marginals_reliable,22,3000,12,3,2.0,0.15445882545114348,j1_b_then_a,0.5,0.5,10.0,arithmetic,1.3984866429055827,0.6551932872696872,0.07683974768717472,0.006247012693565137,0.03920405475796522
marginals_reliable,22,3000,12,3,2.0,0.15445882545114348,j1_b_then_a,0.5,0.5,10.0,geometric,1.3993022631835743,0.655513754816435,0.07754747524780499,0.00632048780235956,0.040091758742362565
marginals_reliable,22,3000,12,3,2.0,0.15445882545114348,j1_b_then_a,0.5,0.5,10.0,weighted_geometric,1.3993022631835743,0.655513754816435,0.07754747524780499,0.00632048780235956,0.040091758742362565
marginals_reliable,22,3000,12,3,2.0,0.15445882545114348,j1_b_then_a,0.5,0.5,10.0,hard_core,1.3865431431079358,0.6493772787343345,0.04501978308286969,0.0031920428097412397,1.0499464440662583e-14
marginals_reliable,22,3000,12,3,2.0,0.15445882545114348,j1_b_then_a,0.5,0.5,10.0,soft_core_0.1,1.3969282561418817,0.6545112851531477,0.07329935398673026,0.005746414313278785,0.03672337907697168
marginals_reliable,22,3000,12,3,2.0,0.15445882545114348,j1_b_then_a,0.5,0.5,10.0,soft_core_1,1.3888415253072675,0.6510808033039895,0.056160977139197675,0.003777519353026236,0.02213264241643145
marginals_reliable,22,3000,12,3,2.0,0.15445882545114348,j1_b_then_a,0.5,0.5,10.0,soft_core_10,1.3854567930269717,0.6493823987799322,0.04470128502680286,0.002941333828536533,0.005353463185606896
marginals_reliable,22,3000,12,3,2.0,0.15445882545114348,j1_b_then_a,0.5,0.5,10.0,adaptive_soft,1.3854567930269717,0.6493823987799322,0.04470128502680286,0.002941333828536533,0.005353463185606896
marginals_reliable,23,3000,12,3,2.0,0.16126127159567435,j2_a_then_b,0.5,0.5,3.0,j1,1.5390064636509047,0.7046290153775484,0.10650919199847718,0.01300986828935623,0.04001687969521759
marginals_reliable,23,3000,12,3,2.0,0.16126127159567435,j2_a_then_b,0.5,0.5,3.0,j2,1.542105552176928,0.7065397994312459,0.10978806177582165,0.013731814393506441,0.041444436128950934
marginals_reliable,23,3000,12,3,2.0,0.16126127159567435,j2_a_then_b,0.5,0.5,3.0,selected_order,1.542105552176928,0.7065397994312459,0.10978806177582165,0.013731814393506441,0.041444436128950934
marginals_reliable,23,3000,12,3,2.0,0.16126127159567435,j2_a_then_b,0.5,0.5,3.0,independent,1.7211663765690186,0.7375694850465617,0.24802885370008618,0.06222056331181304,4.162590049848943e-17
marginals_reliable,23,3000,12,3,2.0,0.16126127159567435,j2_a_then_b,0.5,0.5,3.0,arithmetic,1.5121516641677457,0.6973833709006475,0.08168978257651643,0.0068597790038651095,0.04073065791208425
marginals_reliable,23,3000,12,3,2.0,0.16126127159567435,j2_a_then_b,0.5,0.5,3.0,geometric,1.5129082434832515,0.6976515725090457,0.08235947776093022,0.006916152980601834,0.04167115479994973
marginals_reliable,23,3000,12,3,2.0,0.16126127159567435,j2_a_then_b,0.5,0.5,3.0,weighted_geometric,1.5129082434832515,0.6976515725090457,0.08235947776093022,0.006916152980601834,0.04167115479994973
marginals_reliable,23,3000,12,3,2.0,0.16126127159567435,j2_a_then_b,0.5,0.5,3.0,hard_core,1.5006266390819651,0.6918661674856809,0.052525478208212135,0.0039116053117117895,1.112203651779533e-14
marginals_reliable,23,3000,12,3,2.0,0.16126127159567435,j2_a_then_b,0.5,0.5,3.0,soft_core_0.1,1.5106679320463456,0.6967362138748037,0.07840430477530762,0.006375388816031832,0.03813161396229455
marginals_reliable,23,3000,12,3,2.0,0.16126127159567435,j2_a_then_b,0.5,0.5,3.0,soft_core_1,1.5029470430840786,0.693598324681339,0.06287924542325522,0.00450210978570306,0.02310649552190026
marginals_reliable,23,3000,12,3,2.0,0.16126127159567435,j2_a_then_b,0.5,0.5,3.0,soft_core_10,1.499540830636144,0.6919005083209837,0.05229916526487926,0.0036611516146630887,0.005649730858680448
marginals_reliable,23,3000,12,3,2.0,0.16126127159567435,j2_a_then_b,0.5,0.5,3.0,adaptive_soft,1.5000481886340942,0.6923564645222144,0.055262489002962926,0.003792715869944748,0.013289768020142773
marginals_reliable,24,3000,12,3,2.0,0.15671374538702093,j2_a_then_b,0.5,0.25,10.0,j1,1.4718792366800326,0.6780309209263121,0.10064519917975008,0.012212542049663969,0.03842451977382375
marginals_reliable,24,3000,12,3,2.0,0.15671374538702093,j2_a_then_b,0.5,0.25,10.0,j2,1.475922610592103,0.680985316863616,0.1070155538705944,0.013196066032648755,0.040919235797827344
marginals_reliable,24,3000,12,3,2.0,0.15671374538702093,j2_a_then_b,0.5,0.25,10.0,selected_order,1.475922610592103,0.680985316863616,0.1070155538705944,0.013196066032648755,0.040919235797827344
marginals_reliable,24,3000,12,3,2.0,0.15671374538702093,j2_a_then_b,0.5,0.25,10.0,independent,1.6400361621846176,0.7104149832575372,0.24255291834978324,0.05792396011296292,4.0426529703149824e-17
marginals_reliable,24,3000,12,3,2.0,0.15671374538702093,j2_a_then_b,0.5,0.25,10.0,arithmetic,1.4471426062544774,0.671658579104447,0.0787975771464355,0.0065205977657529085,0.03967187778582554
marginals_reliable,24,3000,12,3,2.0,0.15671374538702093,j2_a_then_b,0.5,0.25,10.0,geometric,1.4475966391777653,0.6717888844913368,0.0790898609939823,0.006510820369696087,0.040549876091954304
marginals_reliable,24,3000,12,3,2.0,0.15671374538702093,j2_a_then_b,0.5,0.25,10.0,weighted_geometric,1.4475966391777653,0.6717888844913368,0.0790898609939823,0.006510820369696087,0.040549876091954304
marginals_reliable,24,3000,12,3,2.0,0.15671374538702093,j2_a_then_b,0.5,0.25,10.0,hard_core,1.434910672388727,0.6661977607157549,0.04768519359060774,0.003404040048024439,1.1527078273741835e-14
marginals_reliable,24,3000,12,3,2.0,0.15671374538702093,j2_a_then_b,0.5,0.25,10.0,soft_core_0.1,1.4454103132918528,0.6709204111701206,0.07510084498554752,0.005982555235252471,0.03709040570671834
marginals_reliable,24,3000,12,3,2.0,0.15671374538702093,j2_a_then_b,0.5,0.25,10.0,soft_core_1,1.4377669402122895,0.6679183536792106,0.059227517492765676,0.004126718774823178,0.022559184219555353
marginals_reliable,24,3000,12,3,2.0,0.15671374538702093,j2_a_then_b,0.5,0.25,10.0,soft_core_10,1.4341401547815555,0.6662359511568078,0.04772443466475983,0.003230820100630015,0.005420999214976471
marginals_reliable,24,3000,12,3,2.0,0.15671374538702093,j2_a_then_b,0.5,0.25,10.0,adaptive_soft,1.4368751632811874,0.6666893207060772,0.05200471329456297,0.003895691876718557,0.005776490615238067
marginals_reliable,25,3000,12,3,2.0,0.17343606030632602,j2_a_then_b,0.5,0.5,30.0,j1,1.5517724206228776,0.7162713429863767,0.12100126086863389,0.01507436025475364,0.04581248918934727
marginals_reliable,25,3000,12,3,2.0,0.17343606030632602,j2_a_then_b,0.5,0.5,30.0,j2,1.5472828692164589,0.7143391228722674,0.11238899622250513,0.01400448255063565,0.041785924127718685
marginals_reliable,25,3000,12,3,2.0,0.17343606030632602,j2_a_then_b,0.5,0.5,30.0,selected_order,1.5472828692164589,0.7143391228722674,0.11238899622250513,0.01400448255063565,0.041785924127718685
marginals_reliable,25,3000,12,3,2.0,0.17343606030632602,j2_a_then_b,0.5,0.5,30.0,independent,1.6384206792681375,0.7292534673382399,0.1931546872286866,0.04024153904382914,4.6138889782705816e-17
marginals_reliable,25,3000,12,3,2.0,0.17343606030632602,j2_a_then_b,0.5,0.5,30.0,arithmetic,1.5187298615101517,0.7057099768086024,0.08840791513581252,0.007488857781736484,0.04379920665853296
marginals_reliable,25,3000,12,3,2.0,0.17343606030632602,j2_a_then_b,0.5,0.5,30.0,geometric,1.5196517818924695,0.7060823141942839,0.08956641090594739,0.0075936060878231395,0.04488381754981241
marginals_reliable,25,3000,12,3,2.0,0.17343606030632602,j2_a_then_b,0.5,0.5,30.0,weighted_geometric,1.5196517818924695,0.7060823141942839,0.08956641090594739,0.0075936060878231395,0.04488381754981241
marginals_reliable,25,3000,12,3,2.0,0.17343606030632602,j2_a_then_b,0.5,0.5,30.0,hard_core,1.5043599419617624,0.6990006301802777,0.053551737330177644,0.0038315002274677662,1.3115893119880069e-14
marginals_reliable,25,3000,12,3,2.0,0.17343606030632602,j2_a_then_b,0.5,0.5,30.0,soft_core_0.1,1.5170210212888706,0.7049866124601993,0.08502952754444805,0.006955756069552809,0.04100731836233076
marginals_reliable,25,3000,12,3,2.0,0.17343606030632602,j2_a_then_b,0.5,0.5,30.0,soft_core_1,1.5079811032272818,0.7011778594075565,0.06677338262086403,0.004752039124684204,0.02425852811041598
marginals_reliable,25,3000,12,3,2.0,0.17343606030632602,j2_a_then_b,0.5,0.5,30.0,soft_core_10,1.5039120412819713,0.6991012745644768,0.05396429256204544,0.0037380052705441548,0.005340180536124242
marginals_reliable,25,3000,12,3,2.0,0.17343606030632602,j2_a_then_b,0.5,0.5,30.0,adaptive_soft,1.5040941420884708,0.6990118392237286,0.053489864108200974,0.0037734313201166,0.001981544699681451
marginals_reliable,26,3000,12,3,2.0,0.16942938583848668,j2_a_then_b,0.25,0.5,3.0,j1,1.530463826723725,0.7075322222720087,0.12371825930261325,0.015789425532448557,0.04950291367117989
marginals_reliable,26,3000,12,3,2.0,0.16942938583848668,j2_a_then_b,0.25,0.5,3.0,j2,1.5151111325968916,0.698084302753996,0.1011384669744058,0.012317302178098411,0.03651744405450803
marginals_reliable,26,3000,12,3,2.0,0.16942938583848668,j2_a_then_b,0.25,0.5,3.0,selected_order,1.5151111325968916,0.698084302753996,0.1011384669744058,0.012317302178098411,0.03651744405450803
marginals_reliable,26,3000,12,3,2.0,0.16942938583848668,j2_a_then_b,0.25,0.5,3.0,independent,1.6100841330301785,0.7137889699538714,0.18444335796481123,0.03797348927869369,3.8460584302608805e-17
marginals_reliable,26,3000,12,3,2.0,0.16942938583848668,j2_a_then_b,0.25,0.5,3.0,arithmetic,1.4931769644876605,0.6935369049044271,0.08710780281659251,0.007291915860758337,0.043010178862843945
marginals_reliable,26,3000,12,3,2.0,0.16942938583848668,j2_a_then_b,0.25,0.5,3.0,geometric,1.4942312994796263,0.6939130678564952,0.08803268300619381,0.007414671859152326,0.044053136468043146
marginals_reliable,26,3000,12,3,2.0,0.16942938583848668,j2_a_then_b,0.25,0.5,3.0,weighted_geometric,1.4974007360562265,0.6936295788392008,0.08709246743679827,0.008153141426190107,0.04047749079671526
marginals_reliable,26,3000,12,3,2.0,0.16942938583848668,j2_a_then_b,0.25,0.5,3.0,hard_core,1.4783262709267944,0.6865148774568569,0.04987791075723434,0.0035294930599884485,2.0587172802496614e-14
marginals_reliable,26,3000,12,3,2.0,0.16942938583848668,j2_a_then_b,0.25,0.5,3.0,soft_core_0.1,1.4915132999186245,0.6927675295160608,0.08345568635588395,0.006760254634231969,0.040212908407622386
marginals_reliable,26,3000,12,3,2.0,0.16942938583848668,j2_a_then_b,0.25,0.5,3.0,soft_core_1,1.482179480357778,0.6887720539549204,0.06451114973053218,0.004497775124525054,0.02360863282120894
marginals_reliable,26,3000,12,3,2.0,0.16942938583848668,j2_a_then_b,0.25,0.5,3.0,soft_core_10,1.4779382778301433,0.6866252110440471,0.05049741732659771,0.0034484348526152677,0.005128422362277423
marginals_reliable,26,3000,12,3,2.0,0.16942938583848668,j2_a_then_b,0.25,0.5,3.0,adaptive_soft,1.478772683888732,0.6872030112873319,0.05470046646775842,0.00366265212410285,0.012901488585361075
marginals_reliable,27,3000,12,3,2.0,0.16795986827737786,j2_a_then_b,0.5,0.5,10.0,j1,1.5218461459667059,0.7044606402170581,0.12213856845897077,0.015192636694040904,0.04820284194531503
marginals_reliable,27,3000,12,3,2.0,0.16795986827737786,j2_a_then_b,0.5,0.5,10.0,j2,1.5102742804443419,0.6970712663431912,0.10268178253885005,0.01254930208075658,0.03751872955480342
marginals_reliable,27,3000,12,3,2.0,0.16795986827737786,j2_a_then_b,0.5,0.5,10.0,selected_order,1.5102742804443419,0.6970712663431912,0.10268178253885005,0.01254930208075658,0.03751872955480342
marginals_reliable,27,3000,12,3,2.0,0.16795986827737786,j2_a_then_b,0.5,0.5,10.0,independent,1.6292350082895317,0.7176358255948754,0.1999673766499651,0.04619772483075149,3.973645007872631e-17
marginals_reliable,27,3000,12,3,2.0,0.16795986827737786,j2_a_then_b,0.5,0.5,10.0,arithmetic,1.4867979038048031,0.6916535038239597,0.08627879791852398,0.0071616334328536485,0.042860785750059215
marginals_reliable,27,3000,12,3,2.0,0.16795986827737786,j2_a_then_b,0.5,0.5,10.0,geometric,1.4876729248254896,0.6919843760292842,0.0871032097867967,0.007254373891478445,0.04377869572079788
marginals_reliable,27,3000,12,3,2.0,0.16795986827737786,j2_a_then_b,0.5,0.5,10.0,weighted_geometric,1.4876729248254896,0.6919843760292842,0.0871032097867967,0.007254373891478445,0.04377869572079788
marginals_reliable,27,3000,12,3,2.0,0.16795986827737786,j2_a_then_b,0.5,0.5,10.0,hard_core,1.4736152870069141,0.6851237633904005,0.05205643261481806,0.003781526961210768,1.061610942293256e-14
marginals_reliable,27,3000,12,3,2.0,0.16795986827737786,j2_a_then_b,0.5,0.5,10.0,soft_core_0.1,1.4851409870585872,0.690895696014621,0.08267325466032717,0.006640989514724908,0.040030284425758525
marginals_reliable,27,3000,12,3,2.0,0.16795986827737786,j2_a_then_b,0.5,0.5,10.0,soft_core_1,1.4764878572687439,0.6871376363062264,0.06473995179629977,0.004532047276140208,0.02381300945085295
marginals_reliable,27,3000,12,3,2.0,0.16795986827737786,j2_a_then_b,0.5,0.5,10.0,soft_core_10,1.4728457759681737,0.6851814948904046,0.05218144829478254,0.0036168610894417173,0.005413135543708412
marginals_reliable,27,3000,12,3,2.0,0.16795986827737786,j2_a_then_b,0.5,0.5,10.0,adaptive_soft,1.4728457759681737,0.6851814948904046,0.05218144829478254,0.0036168610894417173,0.005413135543708412
marginals_reliable,28,3000,12,3,2.0,0.18569386637034443,j2_a_then_b,0.5,0.5,30.0,j1,1.5105275568664784,0.70578562630692,0.1427342307949179,0.018608338175297556,0.05889977400314637
marginals_reliable,28,3000,12,3,2.0,0.18569386637034443,j2_a_then_b,0.5,0.5,30.0,j2,1.4815830125863045,0.6873598353779661,0.09722347266420603,0.012101398742253158,0.03342551011276002
marginals_reliable,28,3000,12,3,2.0,0.18569386637034443,j2_a_then_b,0.5,0.5,30.0,selected_order,1.4815830125863045,0.6873598353779661,0.09722347266420603,0.012101398742253158,0.03342551011276002
marginals_reliable,28,3000,12,3,2.0,0.18569386637034443,j2_a_then_b,0.5,0.5,30.0,independent,1.434033728183976,0.6742305589716707,0.026694023078398445,0.0006560490097974808,4.5760434756011804e-17
marginals_reliable,28,3000,12,3,2.0,0.18569386637034443,j2_a_then_b,0.5,0.5,30.0,arithmetic,1.4624432241671639,0.6847571374859202,0.09240454508786802,0.007709418997111338,0.046162642057953174
marginals_reliable,28,3000,12,3,2.0,0.18569386637034443,j2_a_then_b,0.5,0.5,30.0,geometric,1.4638278345622622,0.6853306611153281,0.09387302023667768,0.007921103636006028,0.046815295700001286
marginals_reliable,28,3000,12,3,2.0,0.18569386637034443,j2_a_then_b,0.5,0.5,30.0,weighted_geometric,1.4638278345622622,0.6853306611153281,0.09387302023667768,0.007921103636006028,0.046815295700001286
marginals_reliable,28,3000,12,3,2.0,0.18569386637034443,j2_a_then_b,0.5,0.5,30.0,hard_core,1.4459998528757732,0.6762566543267474,0.05100540028759576,0.0035011024035337722,8.830738925105153e-15
marginals_reliable,28,3000,12,3,2.0,0.18569386637034443,j2_a_then_b,0.5,0.5,30.0,soft_core_0.1,1.4605847183599099,0.6838577410751997,0.08854196200857758,0.007132716710746469,0.042628525933090564
marginals_reliable,28,3000,12,3,2.0,0.18569386637034443,j2_a_then_b,0.5,0.5,30.0,soft_core_1,1.4499214199986683,0.6788000689232346,0.06649686309370599,0.004519443414367605,0.0236977368665234
marginals_reliable,28,3000,12,3,2.0,0.18569386637034443,j2_a_then_b,0.5,0.5,30.0,soft_core_10,1.4459157298675362,0.6764039605166352,0.05192284078823729,0.003497298737986498,0.004379648936986331
marginals_reliable,28,3000,12,3,2.0,0.18569386637034443,j2_a_then_b,0.5,0.5,30.0,adaptive_soft,1.4459271144360435,0.67629215604731,0.051196039227230254,0.0034896917494559557,0.0015583739540058269
marginals_reliable,29,3000,12,3,2.0,0.16380365010379117,j1_b_then_a,0.5,0.75,10.0,j1,1.5429792868088452,0.7054611075110135,0.10959990404006086,0.013691816736124102,0.041530854763820915
marginals_reliable,29,3000,12,3,2.0,0.16380365010379117,j1_b_then_a,0.5,0.75,10.0,j2,1.5422603647486106,0.7052288296802944,0.10941653142874654,0.013671274807987304,0.041050429728066155
marginals_reliable,29,3000,12,3,2.0,0.16380365010379117,j1_b_then_a,0.5,0.75,10.0,selected_order,1.5429792868088452,0.7054611075110135,0.10959990404006086,0.013691816736124102,0.041530854763820915
marginals_reliable,29,3000,12,3,2.0,0.16380365010379117,j1_b_then_a,0.5,0.75,10.0,independent,1.7285310009512767,0.7377923574705966,0.25038173772859385,0.06462912543282194,4.144688102623495e-17
marginals_reliable,29,3000,12,3,2.0,0.16380365010379117,j1_b_then_a,0.5,0.75,10.0,arithmetic,1.5140036962853167,0.6969388366665078,0.08259897110760046,0.007096315010155351,0.04129064224594352
marginals_reliable,29,3000,12,3,2.0,0.16380365010379117,j1_b_then_a,0.5,0.75,10.0,geometric,1.5145903620087593,0.6971181911716691,0.08307546874796777,0.007111214930200652,0.04221660162110671
marginals_reliable,29,3000,12,3,2.0,0.16380365010379117,j1_b_then_a,0.5,0.75,10.0,weighted_geometric,1.5145903620087593,0.6971181911716691,0.08307546874796777,0.007111214930200652,0.04221660162110671
marginals_reliable,29,3000,12,3,2.0,0.16380365010379117,j1_b_then_a,0.5,0.75,10.0,hard_core,1.5020125263401283,0.6913371798285697,0.05317641169019877,0.004028523346508635,1.1439923920153395e-14
marginals_reliable,29,3000,12,3,2.0,0.16380365010379117,j1_b_then_a,0.5,0.75,10.0,soft_core_0.1,1.512296366899613,0.6962020321621656,0.0790804182453881,0.006555498909770212,0.038650274019454915
marginals_reliable,29,3000,12,3,2.0,0.16380365010379117,j1_b_then_a,0.5,0.75,10.0,soft_core_1,1.5043782621463688,0.6930635033050171,0.0633865486947316,0.004629837403603489,0.023455312762634174
marginals_reliable,29,3000,12,3,2.0,0.16380365010379117,j1_b_then_a,0.5,0.75,10.0,soft_core_10,1.500854244564665,0.69137162899109,0.052797716015100526,0.00376130156937395,0.0057726530695182765
marginals_reliable,29,3000,12,3,2.0,0.16380365010379117,j1_b_then_a,0.5,0.75,10.0,adaptive_soft,1.5036675402925532,0.6918609803243403,0.056804048107089784,0.004430112710489375,0.006056977621019362
marginals_reliable,30,3000,12,3,2.0,0.17829704348082956,j2_a_then_b,0.5,0.5,3.0,j1,1.5550239749782413,0.7157499191507432,0.12711548411595197,0.01629263157539432,0.050082835110340236
marginals_reliable,30,3000,12,3,2.0,0.17829704348082956,j2_a_then_b,0.5,0.5,3.0,j2,1.5430197067381042,0.7090700801134228,0.10914659692083645,0.013566001135126451,0.03997193600993498
marginals_reliable,30,3000,12,3,2.0,0.17829704348082956,j2_a_then_b,0.5,0.5,3.0,selected_order,1.5430197067381042,0.7090700801134228,0.10914659692083645,0.013566001135126451,0.03997193600993498
marginals_reliable,30,3000,12,3,2.0,0.17829704348082956,j2_a_then_b,0.5,0.5,3.0,independent,1.6060524456987357,0.7172519175996903,0.16809852686732843,0.03138795337062051,4.489936586401657e-17
marginals_reliable,30,3000,12,3,2.0,0.17829704348082956,j2_a_then_b,0.5,0.5,3.0,arithmetic,1.5172585095762647,0.7021486393216431,0.08994475589966593,0.007651387633689928,0.045027385560137585
marginals_reliable,30,3000,12,3,2.0,0.17829704348082956,j2_a_then_b,0.5,0.5,3.0,geometric,1.5181517546185985,0.7024440416489118,0.09075720677062984,0.007740667780247394,0.04602362108094595
marginals_reliable,30,3000,12,3,2.0,0.17829704348082956,j2_a_then_b,0.5,0.5,3.0,weighted_geometric,1.5181517546185985,0.7024440416489118,0.09075720677062984,0.007740667780247394,0.04602362108094595
marginals_reliable,30,3000,12,3,2.0,0.17829704348082956,j2_a_then_b,0.5,0.5,3.0,hard_core,1.501937518201911,0.6948217183519454,0.053269097981394266,0.003770451720091199,1.144721283070865e-14
marginals_reliable,30,3000,12,3,2.0,0.17829704348082956,j2_a_then_b,0.5,0.5,3.0,soft_core_0.1,1.5153391869652826,0.701235792830654,0.08604582372263636,0.007060156811721031,0.04199897427672951
marginals_reliable,30,3000,12,3,2.0,0.17829704348082956,j2_a_then_b,0.5,0.5,3.0,soft_core_1,1.5057718705441372,0.6970750952003296,0.0670813371733886,0.0047334772486266555,0.02446103122739797
marginals_reliable,30,3000,12,3,2.0,0.17829704348082956,j2_a_then_b,0.5,0.5,3.0,soft_core_10,1.5016057061788994,0.6949269216848635,0.05400507433200639,0.003701842599113255,0.00516394439413971
marginals_reliable,30,3000,12,3,2.0,0.17829704348082956,j2_a_then_b,0.5,0.5,3.0,adaptive_soft,1.5023944212820959,0.6954898406312564,0.05790811433495825,0.0039044935110037517,0.013199654327356935
marginals_reliable,31,3000,12,3,2.0,0.15109707785290077,j1_b_then_a,0.5,0.75,10.0,j1,1.46352302439688,0.6788746152127482,0.09471164816195776,0.011535506421229585,0.03610510449746117
marginals_reliable,31,3000,12,3,2.0,0.15109707785290077,j1_b_then_a,0.5,0.75,10.0,j2,1.4690632565350332,0.6826057719504313,0.10445754480278541,0.012918489375174508,0.041539472820024244
marginals_reliable,31,3000,12,3,2.0,0.15109707785290077,j1_b_then_a,0.5,0.75,10.0,selected_order,1.46352302439688,0.6788746152127482,0.09471164816195776,0.011535506421229585,0.03610510449746117
marginals_reliable,31,3000,12,3,2.0,0.15109707785290077,j1_b_then_a,0.5,0.75,10.0,independent,1.6977339124615627,0.7224455828076688,0.2805190652196383,0.07278732163272465,4.049076567019689e-17
marginals_reliable,31,3000,12,3,2.0,0.15109707785290077,j1_b_then_a,0.5,0.75,10.0,arithmetic,1.440788278790647,0.6732971756064974,0.07610950994263742,0.00634820488325872,0.03882228865874269
marginals_reliable,31,3000,12,3,2.0,0.15109707785290077,j1_b_then_a,0.5,0.75,10.0,geometric,1.441276929485444,0.6735451041783987,0.07653852378478052,0.006344254984096326,0.04001101560624889
marginals_reliable,31,3000,12,3,2.0,0.15109707785290077,j1_b_then_a,0.5,0.75,10.0,weighted_geometric,1.441276929485444,0.6735451041783987,0.07653852378478052,0.006344254984096326,0.04001101560624889
marginals_reliable,31,3000,12,3,2.0,0.15109707785290077,j1_b_then_a,0.5,0.75,10.0,hard_core,1.4288016226074718,0.6679194956500089,0.045444164582931296,0.003281460291222379,1.0173608899796268e-14
marginals_reliable,31,3000,12,3,2.0,0.15109707785290077,j1_b_then_a,0.5,0.75,10.0,soft_core_0.1,1.4392068055510854,0.6726822461790503,0.07268995968331228,0.0058432294331125035,0.036660919233211936
marginals_reliable,31,3000,12,3,2.0,0.15109707785290077,j1_b_then_a,0.5,0.75,10.0,soft_core_1,1.4317410049403674,0.6696692968175298,0.0572398210275849,0.004026021978178545,0.022835737846190904
marginals_reliable,31,3000,12,3,2.0,0.15109707785290077,j1_b_then_a,0.5,0.75,10.0,soft_core_10,1.4278061265197943,0.6679322076615549,0.045124071094172415,0.0030557741296228197,0.005852491556816569
marginals_reliable,31,3000,12,3,2.0,0.15109707785290077,j1_b_then_a,0.5,0.75,10.0,adaptive_soft,1.4299094594941277,0.6682373991243223,0.04814748224417473,0.0035643848900360586,0.006042113536669899
marginals_reliable,32,3000,12,3,2.0,0.1650154377420423,j2_a_then_b,0.5,0.5,30.0,j1,1.5485200289326295,0.707707417118631,0.11026073131612331,0.013442898765553286,0.041745342952575835
marginals_reliable,32,3000,12,3,2.0,0.1650154377420423,j2_a_then_b,0.5,0.5,30.0,j2,1.5495505520436303,0.7085105047139744,0.11159260526478264,0.013766384044495128,0.042068685518174186
marginals_reliable,32,3000,12,3,2.0,0.1650154377420423,j2_a_then_b,0.5,0.5,30.0,selected_order,1.5495505520436303,0.7085105047139744,0.11159260526478264,0.013766384044495128,0.042068685518174186
marginals_reliable,32,3000,12,3,2.0,0.1650154377420423,j2_a_then_b,0.5,0.5,30.0,independent,1.7168106588704666,0.7344385044539562,0.23916138922952107,0.06048273607053055,4.271297731256837e-17
marginals_reliable,32,3000,12,3,2.0,0.1650154377420423,j2_a_then_b,0.5,0.5,30.0,arithmetic,1.520410662713355,0.6996738961182145,0.08403549078489454,0.007016563300819138,0.041907014235375
marginals_reliable,32,3000,12,3,2.0,0.1650154377420423,j2_a_then_b,0.5,0.5,30.0,geometric,1.521117266753566,0.6999954576273217,0.08490378230650877,0.007074850610348487,0.043071103466072035
marginals_reliable,32,3000,12,3,2.0,0.1650154377420423,j2_a_then_b,0.5,0.5,30.0,weighted_geometric,1.521117266753566,0.6999954576273217,0.08490378230650877,0.007074850610348487,0.043071103466072035
marginals_reliable,32,3000,12,3,2.0,0.1650154377420423,j2_a_then_b,0.5,0.5,30.0,hard_core,1.507396216769913,0.6936687189228644,0.05140442108068233,0.003709620217070221,1.049014972983237e-14
marginals_reliable,32,3000,12,3,2.0,0.1650154377420423,j2_a_then_b,0.5,0.5,30.0,soft_core_0.1,1.5187243548713636,0.699011862579951,0.08067860733692661,0.006495869065709666,0.03940035329633455
marginals_reliable,32,3000,12,3,2.0,0.1650154377420423,j2_a_then_b,0.5,0.5,30.0,soft_core_1,1.5104241210682938,0.6956014827183348,0.06375028669004591,0.004475736382449448,0.023745569554264125
marginals_reliable,32,3000,12,3,2.0,0.1650154377420423,j2_a_then_b,0.5,0.5,30.0,soft_core_10,1.5066054256064862,0.6937296420917146,0.051580711240135683,0.003529911379795736,0.005604407008940485
marginals_reliable,32,3000,12,3,2.0,0.1650154377420423,j2_a_then_b,0.5,0.5,30.0,adaptive_soft,1.5069512053855136,0.6936622124156139,0.051222218234608284,0.003607128579120652,0.002125671188883048
marginals_reliable,33,3000,12,3,2.0,0.1692515678068762,j1_b_then_a,0.5,0.75,3.0,j1,1.5590905118774516,0.7139310816836698,0.11432648834720284,0.014001858074264496,0.043685493487680534
marginals_reliable,33,3000,12,3,2.0,0.1692515678068762,j1_b_then_a,0.5,0.75,3.0,j2,1.5583044913750645,0.7123705107930007,0.11091190600565376,0.013792876485367932,0.04135944353333297
marginals_reliable,33,3000,12,3,2.0,0.1692515678068762,j1_b_then_a,0.5,0.75,3.0,selected_order,1.5590905118774516,0.7139310816836698,0.11432648834720284,0.014001858074264496,0.043685493487680534
marginals_reliable,33,3000,12,3,2.0,0.1692515678068762,j1_b_then_a,0.5,0.75,3.0,independent,1.7189074134341924,0.7387930405171659,0.2343829961345304,0.05897265621591456,3.9227735643132534e-17
marginals_reliable,33,3000,12,3,2.0,0.1692515678068762,j1_b_then_a,0.5,0.75,3.0,arithmetic,1.5289669716417673,0.7044172934053143,0.08499502511032224,0.007072453472512402,0.042522468510506735
marginals_reliable,33,3000,12,3,2.0,0.1692515678068762,j1_b_then_a,0.5,0.75,3.0,geometric,1.529816521278515,0.7047227420216033,0.08587009141407038,0.007159422736842567,0.04362589774625289
marginals_reliable,33,3000,12,3,2.0,0.1692515678068762,j1_b_then_a,0.5,0.75,3.0,weighted_geometric,1.529816521278515,0.7047227420216033,0.08587009141407038,0.007159422736842567,0.04362589774625289
marginals_reliable,33,3000,12,3,2.0,0.1692515678068762,j1_b_then_a,0.5,0.75,3.0,hard_core,1.5158048211921618,0.698320129511498,0.051086244283150437,0.00371070742743109,1.3150360598875186e-14
marginals_reliable,33,3000,12,3,2.0,0.1692515678068762,j1_b_then_a,0.5,0.75,3.0,soft_core_0.1,1.527340632706154,0.7037282550764216,0.0814911774309997,0.006559777945498213,0.03990100710735819
marginals_reliable,33,3000,12,3,2.0,0.1692515678068762,j1_b_then_a,0.5,0.75,3.0,soft_core_1,1.518795083420572,0.7002662967440886,0.06372743077969896,0.004478648281567989,0.023884527901456176
marginals_reliable,33,3000,12,3,2.0,0.1692515678068762,j1_b_then_a,0.5,0.75,3.0,soft_core_10,1.514997386543368,0.6983871000012833,0.05126798199594807,0.0035328467477725887,0.005540337152843361
marginals_reliable,33,3000,12,3,2.0,0.1692515678068762,j1_b_then_a,0.5,0.75,3.0,adaptive_soft,1.5186552745189215,0.6995141555973531,0.05976556481598544,0.0044225391369012755,0.014070995971695163
marginals_reliable,34,3000,12,3,2.0,0.17088516157842776,j1_b_then_a,0.5,0.5,30.0,j1,1.4990130631151366,0.6960454038263854,0.11047013213003988,0.013694084036740195,0.04141662332553396
marginals_reliable,34,3000,12,3,2.0,0.17088516157842776,j1_b_then_a,0.5,0.5,30.0,j2,1.5029945838772842,0.6999671268442665,0.11794920680005391,0.014675559078142312,0.046050873048237066
marginals_reliable,34,3000,12,3,2.0,0.17088516157842776,j1_b_then_a,0.5,0.5,30.0,selected_order,1.4990130631151366,0.6960454038263854,0.11047013213003988,0.013694084036740195,0.04141662332553396
marginals_reliable,34,3000,12,3,2.0,0.17088516157842776,j1_b_then_a,0.5,0.5,30.0,independent,1.5875652316297653,0.7075884006286977,0.18660057476075737,0.03826691990844512,4.131717392987418e-17
marginals_reliable,34,3000,12,3,2.0,0.17088516157842776,j1_b_then_a,0.5,0.5,30.0,arithmetic,1.4708590397320789,0.6883216884260352,0.0868765265775459,0.0072940732975830475,0.0437337481868855
marginals_reliable,34,3000,12,3,2.0,0.17088516157842776,j1_b_then_a,0.5,0.5,30.0,geometric,1.4720121718489827,0.6887900861823665,0.08815614374378603,0.007459196998540853,0.044961885837737706
marginals_reliable,34,3000,12,3,2.0,0.17088516157842776,j1_b_then_a,0.5,0.5,30.0,weighted_geometric,1.4720121718489827,0.6887900861823665,0.08815614374378603,0.007459196998540853,0.044961885837737706
marginals_reliable,34,3000,12,3,2.0,0.17088516157842776,j1_b_then_a,0.5,0.5,30.0,hard_core,1.4564296126360234,0.6813689271287847,0.0518501580591841,0.0036405426951784613,1.3211244736835976e-14
marginals_reliable,34,3000,12,3,2.0,0.17088516157842776,j1_b_then_a,0.5,0.5,30.0,soft_core_0.1,1.4693568768819538,0.6876477808014219,0.08368876550262727,0.0068189885382038285,0.04109878390940225
marginals_reliable,34,3000,12,3,2.0,0.17088516157842776,j1_b_then_a,0.5,0.5,30.0,soft_core_1,1.4601579575092134,0.6836466741637927,0.06548252557016782,0.004588065967340775,0.024271313340010512
marginals_reliable,34,3000,12,3,2.0,0.17088516157842776,j1_b_then_a,0.5,0.5,30.0,soft_core_10,1.4559713692433667,0.6814770693120962,0.05246353950221976,0.0035474081130948375,0.005298728463474821
marginals_reliable,34,3000,12,3,2.0,0.17088516157842776,j1_b_then_a,0.5,0.5,30.0,adaptive_soft,1.4561560561410047,0.68138254200069,0.051873186449721415,0.0035819037782501193,0.001963151739533543
marginals_reliable,35,3000,12,3,2.0,0.15517121213681345,j1_b_then_a,0.5,0.5,30.0,j1,1.5059233541892914,0.6915032285268513,0.10169638209769964,0.012636203743033111,0.03780917672232927
marginals_reliable,35,3000,12,3,2.0,0.15517121213681345,j1_b_then_a,0.5,0.5,30.0,j2,1.5079341553065075,0.6936311533121489,0.1065878442862006,0.013072932073252939,0.040492818400064454
marginals_reliable,35,3000,12,3,2.0,0.15517121213681345,j1_b_then_a,0.5,0.5,30.0,selected_order,1.5059233541892914,0.6915032285268513,0.10169638209769964,0.012636203743033111,0.03780917672232927
marginals_reliable,35,3000,12,3,2.0,0.15517121213681345,j1_b_then_a,0.5,0.5,30.0,independent,1.708146855409147,0.7305857876799277,0.26263468557393305,0.06708857915887403,4.138780537948482e-17
marginals_reliable,35,3000,12,3,2.0,0.15517121213681345,j1_b_then_a,0.5,0.5,30.0,arithmetic,1.4803752028765624,0.6849368358443948,0.07931166447215765,0.006743285243650317,0.039150997561196846
marginals_reliable,35,3000,12,3,2.0,0.15517121213681345,j1_b_then_a,0.5,0.5,30.0,geometric,1.4808512592164385,0.6851391843210379,0.07961923591052732,0.006732539247821872,0.040243039264082944
marginals_reliable,35,3000,12,3,2.0,0.15517121213681345,j1_b_then_a,0.5,0.5,30.0,weighted_geometric,1.4808512592164385,0.6851391843210379,0.07961923591052732,0.006732539247821872,0.040243039264082944
marginals_reliable,35,3000,12,3,2.0,0.15517121213681345,j1_b_then_a,0.5,0.5,30.0,hard_core,1.4694721074046084,0.6796880474352566,0.051258150907538255,0.003921978793688127,1.455789053100928e-14
marginals_reliable,35,3000,12,3,2.0,0.15517121213681345,j1_b_then_a,0.5,0.5,30.0,soft_core_0.1,1.4787291075425066,0.6842764771770969,0.07588176473391359,0.006218909501685093,0.036907679423106174
marginals_reliable,35,3000,12,3,2.0,0.15517121213681345,j1_b_then_a,0.5,0.5,30.0,soft_core_1,1.471328550085052,0.6813058659022619,0.06089790705337903,0.0044168863095308784,0.022703405696255997
marginals_reliable,35,3000,12,3,2.0,0.15517121213681345,j1_b_then_a,0.5,0.5,30.0,soft_core_10,1.4681185198615987,0.6796965850304888,0.050789993722610054,0.0036155516884151715,0.005720207639020757
marginals_reliable,35,3000,12,3,2.0,0.15517121213681345,j1_b_then_a,0.5,0.5,30.0,adaptive_soft,1.4687309951094947,0.6796578095671688,0.050779311223753724,0.0037528954418593434,0.002226782042880376
marginals_reliable,36,3000,12,3,2.0,0.14421741685244038,j1_b_then_a,0.5,0.5,10.0,j1,1.4010587152514025,0.6466547077856987,0.09139732291603976,0.011160870114077289,0.034260217969341235
marginals_reliable,36,3000,12,3,2.0,0.14421741685244038,j1_b_then_a,0.5,0.5,10.0,j2,1.4069547627137242,0.6506882594741267,0.10057377730727347,0.012583911876622084,0.038922781531410294
marginals_reliable,36,3000,12,3,2.0,0.14421741685244038,j1_b_then_a,0.5,0.5,10.0,selected_order,1.4010587152514025,0.6466547077856987,0.09139732291603976,0.011160870114077289,0.034260217969341235
marginals_reliable,36,3000,12,3,2.0,0.14421741685244038,j1_b_then_a,0.5,0.5,10.0,independent,1.6187906284926745,0.6896849540741483,0.26403790470818683,0.06865849384153826,4.173217056965876e-17
marginals_reliable,36,3000,12,3,2.0,0.14421741685244038,j1_b_then_a,0.5,0.5,10.0,arithmetic,1.3796154964901186,0.6415178898599698,0.07296639530840594,0.00621895522795144,0.03659149975037575
marginals_reliable,36,3000,12,3,2.0,0.14421741685244038,j1_b_then_a,0.5,0.5,10.0,geometric,1.3795592151426455,0.6413904739370203,0.07271411455216018,0.006068921802690957,0.03738370978809102
marginals_reliable,36,3000,12,3,2.0,0.14421741685244038,j1_b_then_a,0.5,0.5,10.0,weighted_geometric,1.3795592151426455,0.6413904739370203,0.07271411455216018,0.006068921802690957,0.03738370978809102
marginals_reliable,36,3000,12,3,2.0,0.14421741685244038,j1_b_then_a,0.5,0.5,10.0,hard_core,1.368988936510892,0.6365064424320864,0.04584799291505437,0.0034683989651324077,1.194725703418089e-14
marginals_reliable,36,3000,12,3,2.0,0.14421741685244038,j1_b_then_a,0.5,0.5,10.0,soft_core_0.1,1.377647962775955,0.640601291573302,0.06911590732814372,0.005604285507459639,0.03422205586993887
marginals_reliable,36,3000,12,3,2.0,0.14421741685244038,j1_b_then_a,0.5,0.5,10.0,soft_core_1,1.3709683559185468,0.6379309766784073,0.055041356486336096,0.003972813214722797,0.021124215213513226
marginals_reliable,36,3000,12,3,2.0,0.14421741685244038,j1_b_then_a,0.5,0.5,10.0,soft_core_10,1.3678099936951569,0.6364977104753248,0.04521342258540099,0.0031948158681266636,0.005475284635503624
marginals_reliable,36,3000,12,3,2.0,0.14421741685244038,j1_b_then_a,0.5,0.5,10.0,adaptive_soft,1.3678099936951569,0.6364977104753248,0.04521342258540099,0.0031948158681266636,0.005475284635503624
marginals_reliable,37,3000,12,3,2.0,0.17541316133516455,j2_a_then_b,0.5,0.5,30.0,j1,1.5608073649093261,0.7145961142440983,0.11880431244320187,0.014750766452077572,0.045230903298733895
marginals_reliable,37,3000,12,3,2.0,0.17541316133516455,j2_a_then_b,0.5,0.5,30.0,j2,1.5587234265479497,0.7136776871739712,0.11605695785011817,0.014266521214388326,0.04369742006222043
marginals_reliable,37,3000,12,3,2.0,0.17541316133516455,j2_a_then_b,0.5,0.5,30.0,selected_order,1.5587234265479497,0.7136776871739712,0.11605695785011817,0.014266521214388326,0.04369742006222043
marginals_reliable,37,3000,12,3,2.0,0.17541316133516455,j2_a_then_b,0.5,0.5,30.0,independent,1.6262606563724649,0.7173151091658817,0.1604013380126806,0.03389186369350536,4.0734644149288523e-17
marginals_reliable,37,3000,12,3,2.0,0.17541316133516455,j2_a_then_b,0.5,0.5,30.0,arithmetic,1.5286488793906938,0.7044830234290742,0.0889274086718244,0.007400178830125312,0.044464161680477156
marginals_reliable,37,3000,12,3,2.0,0.17541316133516455,j2_a_then_b,0.5,0.5,30.0,geometric,1.5299311371150943,0.7049138120193689,0.09045921514456276,0.007600631350890991,0.04545179849035771
marginals_reliable,37,3000,12,3,2.0,0.17541316133516455,j2_a_then_b,0.5,0.5,30.0,weighted_geometric,1.5299311371150943,0.7049138120193689,0.09045921514456276,0.007600631350890991,0.04545179849035771
marginals_reliable,37,3000,12,3,2.0,0.17541316133516455,j2_a_then_b,0.5,0.5,30.0,hard_core,1.5142191205880553,0.6974971758556708,0.053679747036439025,0.003752460304354421,1.6019959808942034e-14
marginals_reliable,37,3000,12,3,2.0,0.17541316133516455,j2_a_then_b,0.5,0.5,30.0,soft_core_0.1,1.527197842767967,0.7037750564604923,0.08586981862473522,0.00694024086811563,0.041490311449649805
marginals_reliable,37,3000,12,3,2.0,0.17541316133516455,j2_a_then_b,0.5,0.5,30.0,soft_core_1,1.5178881475481114,0.6997802059696834,0.06731103248363249,0.004677579342260652,0.024113630770660515
marginals_reliable,37,3000,12,3,2.0,0.17541316133516455,j2_a_then_b,0.5,0.5,30.0,soft_core_10,1.5138661809774767,0.6976294874285566,0.05438677445139053,0.00367871330512676,0.005074654410606438
marginals_reliable,37,3000,12,3,2.0,0.17541316133516455,j2_a_then_b,0.5,0.5,30.0,adaptive_soft,1.514002992508045,0.697523224797149,0.05376545755631889,0.0037049741536977422,0.0018656207265659787
marginals_reliable,38,3000,12,3,2.0,0.17575166245790858,j1_b_then_a,0.5,0.5,3.0,j1,1.677816700948987,0.7601352056733542,0.12453505324702974,0.01569788507796006,0.0468423658580826
marginals_reliable,38,3000,12,3,2.0,0.17575166245790858,j1_b_then_a,0.5,0.5,3.0,j2,1.6715190042118864,0.7558969198986769,0.11441396646399635,0.014266034652367589,0.041131045427905744
marginals_reliable,38,3000,12,3,2.0,0.17575166245790858,j1_b_then_a,0.5,0.5,3.0,selected_order,1.677816700948987,0.7601352056733542,0.12453505324702974,0.01569788507796006,0.0468423658580826
marginals_reliable,38,3000,12,3,2.0,0.17575166245790858,j1_b_then_a,0.5,0.5,3.0,independent,1.8481282347703285,0.7867143152395336,0.2566296875857683,0.06244580203743011,4.1073836798950617e-17
marginals_reliable,38,3000,12,3,2.0,0.17575166245790858,j1_b_then_a,0.5,0.5,3.0,arithmetic,1.6430314903496943,0.7492344804049438,0.08996970806278076,0.007738671956823364,0.043986705642994166
marginals_reliable,38,3000,12,3,2.0,0.17575166245790858,j1_b_then_a,0.5,0.5,3.0,geometric,1.6441582529218437,0.7496519743058898,0.09125346261335926,0.007903232062724353,0.04523490223721375
marginals_reliable,38,3000,12,3,2.0,0.17575166245790858,j1_b_then_a,0.5,0.5,3.0,weighted_geometric,1.6441582529218437,0.7496519743058898,0.09125346261335926,0.007903232062724353,0.04523490223721375
marginals_reliable,38,3000,12,3,2.0,0.17575166245790858,j1_b_then_a,0.5,0.5,3.0,hard_core,1.6299142592919043,0.743467796168514,0.058779077750806485,0.004401527177732238,1.1611088158685753e-14
marginals_reliable,38,3000,12,3,2.0,0.17575166245790858,j1_b_then_a,0.5,0.5,3.0,soft_core_0.1,1.6417091824526484,0.7487034136117432,0.08708450896812034,0.007310183310896924,0.04139646379270712
marginals_reliable,38,3000,12,3,2.0,0.17575166245790858,j1_b_then_a,0.5,0.5,3.0,soft_core_1,1.6331367935262193,0.7453984816353716,0.07052805127097378,0.005225585312135756,0.025035728685622136
marginals_reliable,38,3000,12,3,2.0,0.17575166245790858,j1_b_then_a,0.5,0.5,3.0,soft_core_10,1.6290711504965663,0.7435276647616111,0.05889447767468093,0.004216132233991316,0.005929362959700155
marginals_reliable,38,3000,12,3,2.0,0.17575166245790858,j1_b_then_a,0.5,0.5,3.0,adaptive_soft,1.6298000780231716,0.7440415511511937,0.062327954849442806,0.004407048960151261,0.014242901336128206
marginals_reliable,39,3000,12,3,2.0,0.17016963792441514,j2_a_then_b,0.5,0.5,3.0,j1,1.5568852350951825,0.7208561620630869,0.11570532968523715,0.014335561057706794,0.0460409068161534
marginals_reliable,39,3000,12,3,2.0,0.17016963792441514,j2_a_then_b,0.5,0.5,3.0,j2,1.5520832481095839,0.7178918294863881,0.10806625551645213,0.013210562265511342,0.04115065271448931
marginals_reliable,39,3000,12,3,2.0,0.17016963792441514,j2_a_then_b,0.5,0.5,3.0,selected_order,1.5520832481095839,0.7178918294863881,0.10806625551645213,0.013210562265511342,0.04115065271448931
marginals_reliable,39,3000,12,3,2.0,0.17016963792441514,j2_a_then_b,0.5,0.5,3.0,independent,1.6680563580785754,0.7348984103319434,0.2054213140380357,0.044442537033792834,3.843388281243865e-17
marginals_reliable,39,3000,12,3,2.0,0.17016963792441514,j2_a_then_b,0.5,0.5,3.0,arithmetic,1.5252148136247703,0.7101886493568812,0.08619003403825831,0.00706576124767675,0.043595779765321335
marginals_reliable,39,3000,12,3,2.0,0.17016963792441514,j2_a_then_b,0.5,0.5,3.0,geometric,1.5262178817581835,0.710619113222521,0.08721840839260146,0.0071894704283017525,0.044636686878486445
marginals_reliable,39,3000,12,3,2.0,0.17016963792441514,j2_a_then_b,0.5,0.5,3.0,weighted_geometric,1.5262178817581835,0.710619113222521,0.08721840839260146,0.0071894704283017525,0.044636686878486445
marginals_reliable,39,3000,12,3,2.0,0.17016963792441514,j2_a_then_b,0.5,0.5,3.0,hard_core,1.5106735161710025,0.7033946436895061,0.04948256822998434,0.0033734169232294497,1.1413963699008566e-14
marginals_reliable,39,3000,12,3,2.0,0.17016963792441514,j2_a_then_b,0.5,0.5,3.0,soft_core_0.1,1.523560413994784,0.7095023315936003,0.08260294897590328,0.006546100184209191,0.04079240299757728
marginals_reliable,39,3000,12,3,2.0,0.17016963792441514,j2_a_then_b,0.5,0.5,3.0,soft_core_1,1.5143545256608577,0.7055907794577426,0.0637004360299789,0.00430502880695722,0.024189829053819133
marginals_reliable,39,3000,12,3,2.0,0.17016963792441514,j2_a_then_b,0.5,0.5,3.0,soft_core_10,1.5101439869889093,0.7034702440753996,0.04994154682784383,0.0032587599291746686,0.005376966692444829
marginals_reliable,39,3000,12,3,2.0,0.17016963792441514,j2_a_then_b,0.5,0.5,3.0,adaptive_soft,1.5109288811746178,0.7040318170612161,0.05396027485749049,0.0034622825227634216,0.013382627668768812
marginals_reliable,40,3000,12,3,2.0,0.14685994919317405,j1_b_then_a,0.75,0.75,3.0,j1,1.5026796694629472,0.6931216001408508,0.09257297310251696,0.01127162479209467,0.03442497477380717
marginals_reliable,40,3000,12,3,2.0,0.14685994919317405,j1_b_then_a,0.75,0.75,3.0,j2,1.508665465617335,0.6969281270539452,0.10201402068476123,0.012630777499320034,0.040290047107956965
marginals_reliable,40,3000,12,3,2.0,0.14685994919317405,j1_b_then_a,0.75,0.75,3.0,selected_order,1.5026796694629472,0.6931216001408508,0.09257297310251696,0.01127162479209467,0.03442497477380717
marginals_reliable,40,3000,12,3,2.0,0.14685994919317405,j1_b_then_a,0.75,0.75,3.0,independent,1.7929078572537314,0.7526324759990136,0.32562311933741267,0.08699325476910398,4.0254535333930335e-17
marginals_reliable,40,3000,12,3,2.0,0.14685994919317405,j1_b_then_a,0.75,0.75,3.0,arithmetic,1.480628581879892,0.6884413030487619,0.07328676047470072,0.006171657655993237,0.037357510940882056
marginals_reliable,40,3000,12,3,2.0,0.14685994919317405,j1_b_then_a,0.75,0.75,3.0,geometric,1.4808446385563683,0.68856282631401,0.07317554144805255,0.0060862461375751735,0.03846122299866109
marginals_reliable,40,3000,12,3,2.0,0.14685994919317405,j1_b_then_a,0.75,0.75,3.0,weighted_geometric,1.4854698758351286,0.6891508118363144,0.07628456189175502,0.007184830445210423,0.036715439067070255
marginals_reliable,40,3000,12,3,2.0,0.14685994919317405,j1_b_then_a,0.75,0.75,3.0,hard_core,1.4705600310847375,0.6840892977959625,0.04748493525909291,0.0035776786653198022,1.3557475599344319e-14
marginals_reliable,40,3000,12,3,2.0,0.14685994919317405,j1_b_then_a,0.75,0.75,3.0,soft_core_0.1,1.4790452070599847,0.6878513611437843,0.06969316108320961,0.005652208340508483,0.03530510420997882
marginals_reliable,40,3000,12,3,2.0,0.14685994919317405,j1_b_then_a,0.75,0.75,3.0,soft_core_1,1.472518051535959,0.6854196577258769,0.05622058291760051,0.004067966723390298,0.022524890667505397
marginals_reliable,40,3000,12,3,2.0,0.14685994919317405,j1_b_then_a,0.75,0.75,3.0,soft_core_10,1.469165897533922,0.6840390066076364,0.04652494080854731,0.003250231273233792,0.00614332626690514
marginals_reliable,40,3000,12,3,2.0,0.14685994919317405,j1_b_then_a,0.75,0.75,3.0,adaptive_soft,1.472503278685234,0.6848049648248831,0.05300424179151245,0.004066442530817904,0.013960721714437485
marginals_reliable,41,3000,12,3,2.0,0.17585527227828981,j1_b_then_a,0.5,0.5,3.0,j1,1.5819221447255194,0.7302828409446257,0.1275943879732765,0.01626308257256578,0.050819533653949554
marginals_reliable,41,3000,12,3,2.0,0.17585527227828981,j1_b_then_a,0.5,0.5,3.0,j2,1.5677788504894874,0.7214158771606265,0.1043469087136462,0.012864545876761934,0.03791123643711456
marginals_reliable,41,3000,12,3,2.0,0.17585527227828981,j1_b_then_a,0.5,0.5,3.0,selected_order,1.5819221447255194,0.7302828409446257,0.1275943879732765,0.01626308257256578,0.050819533653949554
marginals_reliable,41,3000,12,3,2.0,0.17585527227828981,j1_b_then_a,0.5,0.5,3.0,independent,1.6787334726488334,0.7432655808719961,0.2064234344523565,0.04412477800386491,4.0345001464369794e-17
marginals_reliable,41,3000,12,3,2.0,0.17585527227828981,j1_b_then_a,0.5,0.5,3.0,arithmetic,1.5435644634193881,0.7162136118360322,0.08812926477542321,0.007426895225809729,0.044365385045532044
marginals_reliable,41,3000,12,3,2.0,0.17585527227828981,j1_b_then_a,0.5,0.5,3.0,geometric,1.5447011382738052,0.7165863644332061,0.08927382676255427,0.007572724169472559,0.045566875397708186
marginals_reliable,41,3000,12,3,2.0,0.17585527227828981,j1_b_then_a,0.5,0.5,3.0,weighted_geometric,1.5447011382738052,0.7165863644332061,0.08927382676255427,0.007572724169472559,0.045566875397708186
marginals_reliable,41,3000,12,3,2.0,0.17585527227828981,j1_b_then_a,0.5,0.5,3.0,hard_core,1.528740854797319,0.7093968858325278,0.05215742106873967,0.0036680924474758094,9.96509811163419e-15
marginals_reliable,41,3000,12,3,2.0,0.17585527227828981,j1_b_then_a,0.5,0.5,3.0,soft_core_0.1,1.5419843886339655,0.7154635672319661,0.08465958596381815,0.006915847697394921,0.0416314957749973
marginals_reliable,41,3000,12,3,2.0,0.17585527227828981,j1_b_then_a,0.5,0.5,3.0,soft_core_1,1.5326035809694598,0.7115685345080404,0.06588327427436476,0.004635965944699045,0.024698011810773718
marginals_reliable,41,3000,12,3,2.0,0.17585527227828981,j1_b_then_a,0.5,0.5,3.0,soft_core_10,1.5282634198469602,0.7094795301297311,0.05253258048879544,0.0035654158964799946,0.0055147547433199
marginals_reliable,41,3000,12,3,2.0,0.17585527227828981,j1_b_then_a,0.5,0.5,3.0,adaptive_soft,1.5291138463316223,0.7100360255422853,0.056382879096036266,0.0037816791257244526,0.013683827123483386
marginals_reliable,42,3000,12,3,2.0,0.1721487064914502,j1_b_then_a,0.5,0.5,3.0,j1,1.6103316352877588,0.7317928807876787,0.1197750202162777,0.014997031554409969,0.04547481406513232
marginals_reliable,42,3000,12,3,2.0,0.1721487064914502,j1_b_then_a,0.5,0.5,3.0,j2,1.6057812518848877,0.7297305179931476,0.11310805916882036,0.01401082513531927,0.041590134563079396
marginals_reliable,42,3000,12,3,2.0,0.1721487064914502,j1_b_then_a,0.5,0.5,3.0,selected_order,1.6103316352877588,0.7317928807876787,0.1197750202162777,0.014997031554409969,0.04547481406513232
marginals_reliable,42,3000,12,3,2.0,0.1721487064914502,j1_b_then_a,0.5,0.5,3.0,independent,1.7690683948320152,0.7599550028643528,0.2486549966465016,0.0602922830998549,3.920862394462886e-17
marginals_reliable,42,3000,12,3,2.0,0.1721487064914502,j1_b_then_a,0.5,0.5,3.0,arithmetic,1.577582522720794,0.7219569655899711,0.08825562426744957,0.007532168222927819,0.04353247431410585
marginals_reliable,42,3000,12,3,2.0,0.1721487064914502,j1_b_then_a,0.5,0.5,3.0,geometric,1.5786311201509877,0.7223790614922954,0.08941015734169808,0.007664285475379384,0.04487265648902331
marginals_reliable,42,3000,12,3,2.0,0.1721487064914502,j1_b_then_a,0.5,0.5,3.0,weighted_geometric,1.5786311201509877,0.7223790614922954,0.08941015734169808,0.007664285475379384,0.04487265648902331
marginals_reliable,42,3000,12,3,2.0,0.1721487064914502,j1_b_then_a,0.5,0.5,3.0,hard_core,1.5645963946430634,0.7159487146871729,0.05595735293299186,0.004234708010856078,1.0033146303679221e-14
marginals_reliable,42,3000,12,3,2.0,0.1721487064914502,j1_b_then_a,0.5,0.5,3.0,soft_core_0.1,1.5761694955924181,0.7213950828840259,0.08517273162893153,0.007071463725182352,0.04108180398774713
marginals_reliable,42,3000,12,3,2.0,0.1721487064914502,j1_b_then_a,0.5,0.5,3.0,soft_core_1,1.5676096868436225,0.7179729330269413,0.06817735193977803,0.005001276422466934,0.024847815305756915
marginals_reliable,42,3000,12,3,2.0,0.1721487064914502,j1_b_then_a,0.5,0.5,3.0,soft_core_10,1.56371871417642,0.7160329014231464,0.05622171585294809,0.004040968297807635,0.0058804027678946635
marginals_reliable,42,3000,12,3,2.0,0.1721487064914502,j1_b_then_a,0.5,0.5,3.0,adaptive_soft,1.5643664192012126,0.7165764796107255,0.059722815222721236,0.004210093866623566,0.014132580093302826
marginals_reliable,43,3000,12,3,2.0,0.17374264479159007,j2_a_then_b,0.5,0.5,3.0,j1,1.5374029013030879,0.7102082999839114,0.12607218466617726,0.015864752336706353,0.0500841648294029
marginals_reliable,43,3000,12,3,2.0,0.17374264479159007,j2_a_then_b,0.5,0.5,3.0,j2,1.525075547217844,0.7017023022885742,0.10342850396583483,0.012910431245654245,0.03746662031822988
marginals_reliable,43,3000,12,3,2.0,0.17374264479159007,j2_a_then_b,0.5,0.5,3.0,selected_order,1.525075547217844,0.7017023022885742,0.10342850396583483,0.012910431245654245,0.03746662031822988
marginals_reliable,43,3000,12,3,2.0,0.17374264479159007,j2_a_then_b,0.5,0.5,3.0,independent,1.620411624291602,0.7168838429771377,0.1824345144371147,0.04033774784134445,4.060022886734783e-17
marginals_reliable,43,3000,12,3,2.0,0.17374264479159007,j2_a_then_b,0.5,0.5,3.0,arithmetic,1.5004659923689518,0.6962025870563019,0.08779946529015999,0.007334194974162191,0.04377539257381637
marginals_reliable,43,3000,12,3,2.0,0.17374264479159007,j2_a_then_b,0.5,0.5,3.0,geometric,1.5013263646377182,0.696522743970436,0.08864045270120978,0.0074190730177425305,0.04472220455295582
marginals_reliable,43,3000,12,3,2.0,0.17374264479159007,j2_a_then_b,0.5,0.5,3.0,weighted_geometric,1.5013263646377182,0.696522743970436,0.08864045270120978,0.0074190730177425305,0.04472220455295582
marginals_reliable,43,3000,12,3,2.0,0.17374264479159007,j2_a_then_b,0.5,0.5,3.0,hard_core,1.4859387835348885,0.6891373609893919,0.05142382842407715,0.003628617546325163,1.1231315296109548e-14
marginals_reliable,43,3000,12,3,2.0,0.17374264479159007,j2_a_then_b,0.5,0.5,3.0,soft_core_0.1,1.4986090334683984,0.6953550136198786,0.08398467008138573,0.006758853746465429,0.04080265991356699
marginals_reliable,43,3000,12,3,2.0,0.17374264479159007,j2_a_then_b,0.5,0.5,3.0,soft_core_1,1.4894102787407706,0.6913310634664545,0.06508580800705313,0.004510747327070062,0.023799477347351418
marginals_reliable,43,3000,12,3,2.0,0.17374264479159007,j2_a_then_b,0.5,0.5,3.0,soft_core_10,1.4854777499528675,0.6892429240796494,0.05195444882694201,0.003529611059652056,0.00514380061265924
marginals_reliable,43,3000,12,3,2.0,0.17374264479159007,j2_a_then_b,0.5,0.5,3.0,adaptive_soft,1.4861903270643642,0.6897967607021823,0.055751734287102825,0.0037153468971637188,0.01294327129619444
marginals_reliable,44,3000,12,3,2.0,0.14923447177326105,j2_a_then_b,0.5,0.5,1.0,j1,1.4757366505933205,0.6802919257111847,0.09665233595380779,0.011793195959684314,0.037091266848906554
marginals_reliable,44,3000,12,3,2.0,0.14923447177326105,j2_a_then_b,0.5,0.5,1.0,j2,1.480128154942993,0.6827995438493396,0.1023898113023659,0.012773272966628394,0.03989892068357677
marginals_reliable,44,3000,12,3,2.0,0.14923447177326105,j2_a_then_b,0.5,0.5,1.0,selected_order,1.480128154942993,0.6827995438493396,0.1023898113023659,0.012773272966628394,0.03989892068357677
marginals_reliable,44,3000,12,3,2.0,0.14923447177326105,j2_a_then_b,0.5,0.5,1.0,independent,1.712383542387848,0.7253777683516183,0.28831446029103125,0.07309609496938402,4.041797429392347e-17
marginals_reliable,44,3000,12,3,2.0,0.14923447177326105,j2_a_then_b,0.5,0.5,1.0,arithmetic,1.4524391799545358,0.6743343526142267,0.07610642601544998,0.006426579083844239,0.03849509376624164
marginals_reliable,44,3000,12,3,2.0,0.14923447177326105,j2_a_then_b,0.5,0.5,1.0,geometric,1.4528396987428251,0.6745064141548838,0.07612818592176751,0.006384080369066184,0.03955159773427757
marginals_reliable,44,3000,12,3,2.0,0.14923447177326105,j2_a_then_b,0.5,0.5,1.0,weighted_geometric,1.4528396987428251,0.6745064141548838,0.07612818592176751,0.006384080369066184,0.03955159773427757
marginals_reliable,44,3000,12,3,2.0,0.14923447177326105,j2_a_then_b,0.5,0.5,1.0,hard_core,1.441153395596516,0.6689927018388075,0.04724854093620783,0.0035297924548208888,1.3106939110501262e-14
marginals_reliable,44,3000,12,3,2.0,0.14923447177326105,j2_a_then_b,0.5,0.5,1.0,soft_core_0.1,1.4508549365246797,0.6736659490413017,0.07249332217653259,0.005905732101553374,0.036244124353392276
marginals_reliable,44,3000,12,3,2.0,0.14923447177326105,j2_a_then_b,0.5,0.5,1.0,soft_core_1,1.4437279390482325,0.670748423235193,0.0580343501604236,0.004179822737112584,0.022610168454252864
marginals_reliable,44,3000,12,3,2.0,0.14923447177326105,j2_a_then_b,0.5,0.5,1.0,soft_core_10,1.4400638613780934,0.6690208484867536,0.04704908248282195,0.003281710042936721,0.005807108578100365
marginals_reliable,44,3000,12,3,2.0,0.14923447177326105,j2_a_then_b,0.5,0.5,1.0,adaptive_soft,1.4437279390482325,0.670748423235193,0.0580343501604236,0.004179822737112584,0.022610168454252864
marginals_reliable,45,3000,12,3,2.0,0.16211399952083755,j2_a_then_b,0.5,0.5,10.0,j1,1.483377822833231,0.6860649849830204,0.11401150407934463,0.01388510194623048,0.04491061038988376
marginals_reliable,45,3000,12,3,2.0,0.16211399952083755,j2_a_then_b,0.5,0.5,10.0,j2,1.4760988595705709,0.6809292838287652,0.10014360376235375,0.012293999737664919,0.03769863518913582
marginals_reliable,45,3000,12,3,2.0,0.16211399952083755,j2_a_then_b,0.5,0.5,10.0,selected_order,1.4760988595705709,0.6809292838287652,0.10014360376235375,0.012293999737664919,0.03769863518913582
marginals_reliable,45,3000,12,3,2.0,0.16211399952083755,j2_a_then_b,0.5,0.5,10.0,independent,1.635561105046765,0.7086755572822018,0.2226232071808083,0.05706176245415074,4.241813909614408e-17
marginals_reliable,45,3000,12,3,2.0,0.16211399952083755,j2_a_then_b,0.5,0.5,10.0,arithmetic,1.452388901156094,0.6749231926670751,0.08171641244993114,0.006785892911515061,0.04130462278950977
marginals_reliable,45,3000,12,3,2.0,0.16211399952083755,j2_a_then_b,0.5,0.5,10.0,geometric,1.4529525323309405,0.6751411127165181,0.08225460961839809,0.006795458575566313,0.04207766444773624
marginals_reliable,45,3000,12,3,2.0,0.16211399952083755,j2_a_then_b,0.5,0.5,10.0,weighted_geometric,1.4529525323309405,0.6751411127165181,0.08225460961839809,0.006795458575566313,0.04207766444773624
marginals_reliable,45,3000,12,3,2.0,0.16211399952083755,j2_a_then_b,0.5,0.5,10.0,hard_core,1.4394545237793417,0.6686341706533183,0.0479313977446175,0.0034737496097157535,1.6185847063106173e-14
marginals_reliable,45,3000,12,3,2.0,0.16211399952083755,j2_a_then_b,0.5,0.5,10.0,soft_core_0.1,1.4505377209620314,0.6741008029756468,0.07790693767553199,0.006209310896215458,0.03849081268753082
marginals_reliable,45,3000,12,3,2.0,0.16211399952083755,j2_a_then_b,0.5,0.5,10.0,soft_core_1,1.442265057253259,0.6705335125792993,0.06018169538561442,0.004190767171869871,0.02301776789649126
marginals_reliable,45,3000,12,3,2.0,0.16211399952083755,j2_a_then_b,0.5,0.5,10.0,soft_core_10,1.4386053027580412,0.668691426443866,0.04791055977964508,0.003282603910642733,0.005441041296438327
marginals_reliable,45,3000,12,3,2.0,0.16211399952083755,j2_a_then_b,0.5,0.5,10.0,adaptive_soft,1.4386053027580412,0.668691426443866,0.04791055977964508,0.003282603910642733,0.005441041296438327
marginals_reliable,46,3000,12,3,2.0,0.15748753740392551,j2_a_then_b,0.5,0.5,10.0,j1,1.4862345157169734,0.6852854190605875,0.11087215710047878,0.013364531525515587,0.043268248227498515
marginals_reliable,46,3000,12,3,2.0,0.15748753740392551,j2_a_then_b,0.5,0.5,10.0,j2,1.480885132760421,0.6810250828737331,0.0982491962564537,0.01222802522484984,0.037137705876687827
marginals_reliable,46,3000,12,3,2.0,0.15748753740392551,j2_a_then_b,0.5,0.5,10.0,selected_order,1.480885132760421,0.6810250828737331,0.0982491962564537,0.01222802522484984,0.037137705876687827
marginals_reliable,46,3000,12,3,2.0,0.15748753740392551,j2_a_then_b,0.5,0.5,10.0,independent,1.6371446191564754,0.7137050764732332,0.22716499821898958,0.055642281145278936,4.4752399621381456e-17
marginals_reliable,46,3000,12,3,2.0,0.15748753740392551,j2_a_then_b,0.5,0.5,10.0,arithmetic,1.4569358110954265,0.6751414000733192,0.08014001780669709,0.006656225991676006,0.04020297705209316
marginals_reliable,46,3000,12,3,2.0,0.15748753740392551,j2_a_then_b,0.5,0.5,10.0,geometric,1.4574108962868078,0.6753059703881783,0.08059393097720219,0.00664312097463465,0.041006083594133935
marginals_reliable,46,3000,12,3,2.0,0.15748753740392551,j2_a_then_b,0.5,0.5,10.0,weighted_geometric,1.4574108962868078,0.6753059703881783,0.08059393097720219,0.00664312097463465,0.041006083594133935
marginals_reliable,46,3000,12,3,2.0,0.15748753740392551,j2_a_then_b,0.5,0.5,10.0,hard_core,1.4451872774104695,0.669493924189908,0.0485515302989577,0.0036155061039748384,1.7840914982458497e-14
marginals_reliable,46,3000,12,3,2.0,0.15748753740392551,j2_a_then_b,0.5,0.5,10.0,soft_core_0.1,1.4551512871312533,0.6743672446582246,0.07642395831174616,0.00609371289516279,0.0375092280487841
marginals_reliable,46,3000,12,3,2.0,0.15748753740392551,j2_a_then_b,0.5,0.5,10.0,soft_core_1,1.4474599019748173,0.6711637701919688,0.05972817986965477,0.004211530672019031,0.022520976814107158
marginals_reliable,46,3000,12,3,2.0,0.15748753740392551,j2_a_then_b,0.5,0.5,10.0,soft_core_10,1.4442435884743212,0.6695220560110552,0.04840972157025049,0.003405034518352268,0.005376743249626659
marginals_reliable,46,3000,12,3,2.0,0.15748753740392551,j2_a_then_b,0.5,0.5,10.0,adaptive_soft,1.4442435884743212,0.6695220560110552,0.04840972157025049,0.003405034518352268,0.005376743249626659
marginals_reliable,47,3000,12,3,2.0,0.1733564057449146,j2_a_then_b,0.5,0.75,30.0,j1,1.560306204193076,0.7139681611794232,0.12077292667217682,0.01507641701322824,0.047294780257312714
marginals_reliable,47,3000,12,3,2.0,0.1733564057449146,j2_a_then_b,0.5,0.75,30.0,j2,1.5538205389591395,0.7101865574575389,0.11052729551061276,0.0136070641460169,0.04099369318555311
marginals_reliable,47,3000,12,3,2.0,0.1733564057449146,j2_a_then_b,0.5,0.75,30.0,selected_order,1.5538205389591395,0.7101865574575389,0.11052729551061276,0.0136070641460169,0.04099369318555311
marginals_reliable,47,3000,12,3,2.0,0.1733564057449146,j2_a_then_b,0.5,0.75,30.0,independent,1.6253335053612072,0.7205733317167552,0.17901285638855116,0.033037190096148895,4.4907783674505294e-17
marginals_reliable,47,3000,12,3,2.0,0.1733564057449146,j2_a_then_b,0.5,0.75,30.0,arithmetic,1.5265403632440175,0.7027509920652871,0.0871701367234758,0.007352065683612065,0.0441442367214329
marginals_reliable,47,3000,12,3,2.0,0.1733564057449146,j2_a_then_b,0.5,0.75,30.0,geometric,1.5275924606955693,0.7030929735513733,0.08820196271023004,0.007487494535385802,0.04500369623978392
marginals_reliable,47,3000,12,3,2.0,0.1733564057449146,j2_a_then_b,0.5,0.75,30.0,weighted_geometric,1.5275924606955693,0.7030929735513733,0.08820196271023004,0.007487494535385802,0.04500369623978392
marginals_reliable,47,3000,12,3,2.0,0.1733564057449146,j2_a_then_b,0.5,0.75,30.0,hard_core,1.5124584932044085,0.6963133535769556,0.053533457987113994,0.003763676924517256,1.483111635167007e-14
marginals_reliable,47,3000,12,3,2.0,0.1733564057449146,j2_a_then_b,0.5,0.75,30.0,soft_core_0.1,1.5250003928960945,0.7020422043319263,0.08381312985532842,0.006860660496719117,0.04114879261274022
marginals_reliable,47,3000,12,3,2.0,0.1733564057449146,j2_a_then_b,0.5,0.75,30.0,soft_core_1,1.5160533212093021,0.6983859592469257,0.06620901060161753,0.004684786827719705,0.024270765120785232
marginals_reliable,47,3000,12,3,2.0,0.1733564057449146,j2_a_then_b,0.5,0.75,30.0,soft_core_10,1.512059038648322,0.6964140609155844,0.05399434249082662,0.0036851215593025183,0.005228128907919709
marginals_reliable,47,3000,12,3,2.0,0.1733564057449146,j2_a_then_b,0.5,0.75,30.0,adaptive_soft,1.5147755731864114,0.6967521646814591,0.05722276968655768,0.004313009434644446,0.002075488737591022
marginals_reliable,48,3000,12,3,2.0,0.17127667268870583,j2_a_then_b,0.5,0.5,3.0,j1,1.5259185733540463,0.703395015691917,0.12598105960370523,0.016225509691362713,0.0502200236437549
marginals_reliable,48,3000,12,3,2.0,0.17127667268870583,j2_a_then_b,0.5,0.5,3.0,j2,1.5093974975951552,0.6935696622571079,0.10145266160711702,0.012391183116503909,0.03634906175105698
marginals_reliable,48,3000,12,3,2.0,0.17127667268870583,j2_a_then_b,0.5,0.5,3.0,selected_order,1.5093974975951552,0.6935696622571079,0.10145266160711702,0.012391183116503909,0.03634906175105698
marginals_reliable,48,3000,12,3,2.0,0.17127667268870583,j2_a_then_b,0.5,0.5,3.0,independent,1.5992037959363818,0.7109946848261735,0.18389515017123334,0.03675102970383517,4.1708774954966966e-17
marginals_reliable,48,3000,12,3,2.0,0.17127667268870583,j2_a_then_b,0.5,0.5,3.0,arithmetic,1.4875322530113488,0.6890742466925287,0.08778528795078468,0.0074077368651366965,0.04328454269740592
marginals_reliable,48,3000,12,3,2.0,0.17127667268870583,j2_a_then_b,0.5,0.5,3.0,geometric,1.4883852160902538,0.6893700128893735,0.08858250582884805,0.007489512287251642,0.0443619981552929
marginals_reliable,48,3000,12,3,2.0,0.17127667268870583,j2_a_then_b,0.5,0.5,3.0,weighted_geometric,1.4883852160902538,0.6893700128893735,0.08858250582884805,0.007489512287251642,0.0443619981552929
marginals_reliable,48,3000,12,3,2.0,0.17127667268870583,j2_a_then_b,0.5,0.5,3.0,hard_core,1.4727108253127716,0.6820404948466138,0.050975672564282946,0.0036190630128832262,1.0092815224646409e-14
marginals_reliable,48,3000,12,3,2.0,0.17127667268870583,j2_a_then_b,0.5,0.5,3.0,soft_core_0.1,1.4856834252207207,0.688229055977423,0.08395257384404302,0.0068337906362675215,0.040556130127045315
marginals_reliable,48,3000,12,3,2.0,0.17127667268870583,j2_a_then_b,0.5,0.5,3.0,soft_core_1,1.4763969620678254,0.6842573358318552,0.06499352267224927,0.004562241527358867,0.02392125487011355
marginals_reliable,48,3000,12,3,2.0,0.17127667268870583,j2_a_then_b,0.5,0.5,3.0,soft_core_10,1.4722590359525958,0.6821413357010788,0.05158919810206909,0.003524178681894651,0.00522878159852492
marginals_reliable,48,3000,12,3,2.0,0.17127667268870583,j2_a_then_b,0.5,0.5,3.0,adaptive_soft,1.4730353227379507,0.6827055039548927,0.05546208976245176,0.003728186502173996,0.013112310965313345
marginals_reliable,49,3000,12,3,2.0,0.1815402646463606,j2_a_then_b,0.25,0.5,30.0,j1,1.5732046985109218,0.7216521521607845,0.13525974206615993,0.017459595025428692,0.05371134103219848
marginals_reliable,49,3000,12,3,2.0,0.1815402646463606,j2_a_then_b,0.25,0.5,30.0,j2,1.554045933087891,0.709705225553656,0.10495255456836909,0.013070489499023823,0.035958700869889955
marginals_reliable,49,3000,12,3,2.0,0.1815402646463606,j2_a_then_b,0.25,0.5,30.0,selected_order,1.554045933087891,0.709705225553656,0.10495255456836909,0.013070489499023823,0.035958700869889955
marginals_reliable,49,3000,12,3,2.0,0.1815402646463606,j2_a_then_b,0.25,0.5,30.0,independent,1.6002004539368613,0.7149192411641587,0.15225821349188937,0.025797088021805206,4.444313773382572e-17
marginals_reliable,49,3000,12,3,2.0,0.1815402646463606,j2_a_then_b,0.25,0.5,30.0,arithmetic,1.5307486859321366,0.7052869828351387,0.09126989621840471,0.007770042878703821,0.044835020951044205
marginals_reliable,49,3000,12,3,2.0,0.1815402646463606,j2_a_then_b,0.25,0.5,30.0,geometric,1.5320676014882613,0.7057067061560208,0.09260960841035337,0.007973097487525367,0.046019642320004855
marginals_reliable,49,3000,12,3,2.0,0.1815402646463606,j2_a_then_b,0.25,0.5,30.0,weighted_geometric,1.53505596210298,0.705069984099152,0.09022377648897084,0.008652319073059576,0.041175833530906626
marginals_reliable,49,3000,12,3,2.0,0.1815402646463606,j2_a_then_b,0.25,0.5,30.0,hard_core,1.5155619039366093,0.697830562843025,0.054236393945020736,0.003911753006115507,1.2696839577025212e-14
marginals_reliable,49,3000,12,3,2.0,0.1815402646463606,j2_a_then_b,0.25,0.5,30.0,soft_core_0.1,1.529194572766596,0.7044551706030339,0.08779745030811498,0.0072757663140244015,0.04197959569314147
marginals_reliable,49,3000,12,3,2.0,0.1815402646463606,j2_a_then_b,0.25,0.5,30.0,soft_core_1,1.5194359176585126,0.7001454394071738,0.06829202681158267,0.004894548735989989,0.024313444602351856
marginals_reliable,49,3000,12,3,2.0,0.1815402646463606,j2_a_then_b,0.25,0.5,30.0,soft_core_10,1.5152686784776994,0.6979487086667822,0.05490958615440052,0.0038546817871503926,0.00502982511681825
marginals_reliable,49,3000,12,3,2.0,0.1815402646463606,j2_a_then_b,0.25,0.5,30.0,adaptive_soft,1.5153790773529368,0.697851915105891,0.05431976799319957,0.003873183595252341,0.001835693464067625
conditionals_reliable,0,3000,12,3,2.0,0.19110247383093978,j2_a_then_b,0.5,0.5,0.03,j1,1.5201980646782043,0.7040634473948827,0.11786048252047421,0.014713769264294898,0.07358180387157862
conditionals_reliable,0,3000,12,3,2.0,0.19110247383093978,j2_a_then_b,0.5,0.5,0.03,j2,1.5331733794477564,0.7118239870812487,0.1384859583765877,0.017744747890694385,0.06201508411451353
conditionals_reliable,0,3000,12,3,2.0,0.19110247383093978,j2_a_then_b,0.5,0.5,0.03,selected_order,1.5331733794477564,0.7118239870812487,0.1384859583765877,0.017744747890694385,0.06201508411451353
conditionals_reliable,0,3000,12,3,2.0,0.19110247383093978,j2_a_then_b,0.5,0.5,0.03,independent,1.6974169472635634,0.7505691321782532,0.24534745245005837,0.056588256266962886,3.790409043252631e-17
conditionals_reliable,0,3000,12,3,2.0,0.19110247383093978,j2_a_then_b,0.5,0.5,0.03,arithmetic,1.4909644628354617,0.6950756023099055,0.0955263090869574,0.008111780540771971,0.06779844399304606
conditionals_reliable,0,3000,12,3,2.0,0.19110247383093978,j2_a_then_b,0.5,0.5,0.03,geometric,1.4925680564610089,0.6957899391832939,0.09771109636174075,0.00844602650848586,0.06681957332036688
conditionals_reliable,0,3000,12,3,2.0,0.19110247383093978,j2_a_then_b,0.5,0.5,0.03,weighted_geometric,1.4925680564610089,0.6957899391832939,0.09771109636174075,0.00844602650848586,0.06681957332036688
conditionals_reliable,0,3000,12,3,2.0,0.19110247383093978,j2_a_then_b,0.5,0.5,0.03,hard_core,1.6152132017818324,0.7324291148407621,0.1969831020086604,0.036317182595270656,2.4660133313384095e-14
conditionals_reliable,0,3000,12,3,2.0,0.19110247383093978,j2_a_then_b,0.5,0.5,0.03,soft_core_0.1,1.4980646696927995,0.6977129144766334,0.10514212389582256,0.00976468040885705,0.06208951929954429
conditionals_reliable,0,3000,12,3,2.0,0.19110247383093978,j2_a_then_b,0.5,0.5,0.03,soft_core_1,1.5314633140022622,0.7086292543104489,0.14076331170705028,0.01763851942972523,0.03896132568035043
conditionals_reliable,0,3000,12,3,2.0,0.19110247383093978,j2_a_then_b,0.5,0.5,0.03,soft_core_10,1.5934336376335236,0.7265502309877676,0.18485000670045731,0.03160698512856211,0.008658000867793732
conditionals_reliable,0,3000,12,3,2.0,0.19110247383093978,j2_a_then_b,0.5,0.5,0.03,adaptive_soft,1.4942719384076582,0.6963904777633804,0.10008183966171194,0.00885550139921474,0.06531257563027877
conditionals_reliable,1,3000,12,3,2.0,0.2059007909343114,j1_b_then_a,0.5,0.75,0.03,j1,1.5444588450381875,0.7114315167016939,0.139925726619171,0.01797107834042564,0.08182073511418256
conditionals_reliable,1,3000,12,3,2.0,0.2059007909343114,j1_b_then_a,0.5,0.75,0.03,j2,1.5495066443694325,0.7137433440610468,0.14458870428929918,0.01909104204888285,0.08005239614632327
conditionals_reliable,1,3000,12,3,2.0,0.2059007909343114,j1_b_then_a,0.5,0.75,0.03,selected_order,1.5444588450381875,0.7114315167016939,0.139925726619171,0.01797107834042564,0.08182073511418256
conditionals_reliable,1,3000,12,3,2.0,0.2059007909343114,j1_b_then_a,0.5,0.75,0.03,independent,1.8913623156851407,0.7837163104155094,0.3362115030796297,0.10140406748114583,3.9573945584303535e-17
conditionals_reliable,1,3000,12,3,2.0,0.2059007909343114,j1_b_then_a,0.5,0.75,0.03,arithmetic,1.5062780947938001,0.697094580892634,0.10300675306346678,0.009279633737615462,0.0809365656302529
conditionals_reliable,1,3000,12,3,2.0,0.2059007909343114,j1_b_then_a,0.5,0.75,0.03,geometric,1.5080426643633824,0.6979851777749219,0.10553363916383186,0.009679046189207095,0.08016515281266837
conditionals_reliable,1,3000,12,3,2.0,0.2059007909343114,j1_b_then_a,0.5,0.75,0.03,weighted_geometric,1.5080426643633824,0.6979851777749219,0.10553363916383186,0.009679046189207095,0.08016515281266837
conditionals_reliable,1,3000,12,3,2.0,0.2059007909343114,j1_b_then_a,0.5,0.75,0.03,hard_core,1.6843843318861116,0.7390117686995787,0.22001808066879003,0.04908657955427073,1.1581045102551084e-14
conditionals_reliable,1,3000,12,3,2.0,0.2059007909343114,j1_b_then_a,0.5,0.75,0.03,soft_core_0.1,1.5130785574065195,0.6996448853650635,0.11190319368154344,0.010887529935533161,0.07613035609980152
conditionals_reliable,1,3000,12,3,2.0,0.2059007909343114,j1_b_then_a,0.5,0.75,0.03,soft_core_1,1.5468676554914176,0.7092097435423105,0.14477038587283095,0.018876727348455555,0.05415040550294927
conditionals_reliable,1,3000,12,3,2.0,0.2059007909343114,j1_b_then_a,0.5,0.75,0.03,soft_core_10,1.6397477618932756,0.7298121093298103,0.2000157516448077,0.03966241357325995,0.014674265232737065
conditionals_reliable,1,3000,12,3,2.0,0.2059007909343114,j1_b_then_a,0.5,0.75,0.03,adaptive_soft,1.5174264358604341,0.7013424944887658,0.11491604048953889,0.011855837747697513,0.07954737300495067
conditionals_reliable,2,3000,12,3,2.0,0.20275302177610405,j2_a_then_b,0.5,0.5,0.03,j1,1.5625000996718756,0.7192346121892778,0.1378643701242438,0.017751116134361297,0.07807592055496516
conditionals_reliable,2,3000,12,3,2.0,0.20275302177610405,j2_a_then_b,0.5,0.5,0.03,j2,1.563894272048391,0.7204138343004707,0.1400903055898425,0.01809990857380561,0.07702708149913849
conditionals_reliable,2,3000,12,3,2.0,0.20275302177610405,j2_a_then_b,0.5,0.5,0.03,selected_order,1.563894272048391,0.7204138343004707,0.1400903055898425,0.01809990857380561,0.07702708149913849
conditionals_reliable,2,3000,12,3,2.0,0.20275302177610405,j2_a_then_b,0.5,0.5,0.03,independent,1.8523957259891606,0.7829219622131324,0.30791415416801315,0.08965014678985136,4.325025219330721e-17
conditionals_reliable,2,3000,12,3,2.0,0.20275302177610405,j2_a_then_b,0.5,0.5,0.03,arithmetic,1.524058029925516,0.7053352426821012,0.10141839612324488,0.00898970529579108,0.0775515010270518
conditionals_reliable,2,3000,12,3,2.0,0.20275302177610405,j2_a_then_b,0.5,0.5,0.03,geometric,1.5255371870670504,0.7060833712118361,0.10357556478678868,0.009309608779017238,0.07661406839848367
conditionals_reliable,2,3000,12,3,2.0,0.20275302177610405,j2_a_then_b,0.5,0.5,0.03,weighted_geometric,1.5255371870670504,0.7060833712118361,0.10357556478678868,0.009309608779017238,0.07661406839848367
conditionals_reliable,2,3000,12,3,2.0,0.20275302177610405,j2_a_then_b,0.5,0.5,0.03,hard_core,1.693194752752641,0.746373881384087,0.21537127317250035,0.04629728045563432,1.0960156928140969e-14
conditionals_reliable,2,3000,12,3,2.0,0.20275302177610405,j2_a_then_b,0.5,0.5,0.03,soft_core_0.1,1.5308008636877826,0.7078386233376859,0.11038756650195587,0.010573981649824845,0.07232072589772169
conditionals_reliable,2,3000,12,3,2.0,0.20275302177610405,j2_a_then_b,0.5,0.5,0.03,soft_core_1,1.5644251280763177,0.7177958893199761,0.1443325847516699,0.018510325835123898,0.050214261301273815
conditionals_reliable,2,3000,12,3,2.0,0.20275302177610405,j2_a_then_b,0.5,0.5,0.03,soft_core_10,1.6502996886667676,0.7375396651811121,0.19647462919523548,0.03747745676832052,0.013704719099660227
conditionals_reliable,2,3000,12,3,2.0,0.20275302177610405,j2_a_then_b,0.5,0.5,0.03,adaptive_soft,1.5271680883578378,0.7066336885838583,0.10574617575188686,0.00970197933941669,0.07525080071943306
conditionals_reliable,3,3000,12,3,2.0,0.2037488025374139,j1_b_then_a,0.75,0.75,0.03,j1,1.5620720474905074,0.7193600550169816,0.13939568938951308,0.017959611743314046,0.08155436316305592
conditionals_reliable,3,3000,12,3,2.0,0.2037488025374139,j1_b_then_a,0.75,0.75,0.03,j2,1.5661398054084998,0.7215204509284713,0.14485016669132472,0.01894543870349559,0.07795839876792611
conditionals_reliable,3,3000,12,3,2.0,0.2037488025374139,j1_b_then_a,0.75,0.75,0.03,selected_order,1.5620720474905074,0.7193600550169816,0.13939568938951308,0.017959611743314046,0.08155436316305592
conditionals_reliable,3,3000,12,3,2.0,0.2037488025374139,j1_b_then_a,0.75,0.75,0.03,independent,1.889630171253059,0.7904254153340168,0.3299162979333729,0.0967966666311059,4.209024170141971e-17
conditionals_reliable,3,3000,12,3,2.0,0.2037488025374139,j1_b_then_a,0.75,0.75,0.03,arithmetic,1.5246415790486998,0.7053838762599426,0.10355292209418818,0.009449236495790126,0.07975638096549098
conditionals_reliable,3,3000,12,3,2.0,0.2037488025374139,j1_b_then_a,0.75,0.75,0.03,geometric,1.526136090126234,0.7061733355268092,0.1055659971930393,0.009794058751537679,0.07895956350084361
conditionals_reliable,3,3000,12,3,2.0,0.2037488025374139,j1_b_then_a,0.75,0.75,0.03,weighted_geometric,1.5346300594115265,0.7092428712729042,0.11379150313707148,0.011735360980940938,0.08006977898436705
conditionals_reliable,3,3000,12,3,2.0,0.2037488025374139,j1_b_then_a,0.75,0.75,0.03,hard_core,1.6950451696737112,0.7466008134809475,0.21797343066239946,0.047690631275808394,3.3273220631643496e-14
conditionals_reliable,3,3000,12,3,2.0,0.2037488025374139,j1_b_then_a,0.75,0.75,0.03,soft_core_0.1,1.5312377147174654,0.7078518941254489,0.11200024283110739,0.011016549673161008,0.07491519875431697
conditionals_reliable,3,3000,12,3,2.0,0.2037488025374139,j1_b_then_a,0.75,0.75,0.03,soft_core_1,1.5648563212387157,0.7174012089826592,0.1450627509936218,0.018954014252301647,0.05295567773062126
conditionals_reliable,3,3000,12,3,2.0,0.2037488025374139,j1_b_then_a,0.75,0.75,0.03,soft_core_10,1.6534924905943942,0.7377237392647968,0.19898643598989044,0.038848637076589476,0.014131529487664485
conditionals_reliable,3,3000,12,3,2.0,0.2037488025374139,j1_b_then_a,0.75,0.75,0.03,adaptive_soft,1.5354982052700386,0.7094550790826264,0.11491341038733294,0.011943208050808993,0.07876872186360412
conditionals_reliable,4,3000,12,3,2.0,0.21204556782789855,j2_a_then_b,0.5,0.5,0.03,j1,1.6418143201313844,0.7522180939685624,0.14593132993740335,0.018860097583926486,0.08268196065353332
conditionals_reliable,4,3000,12,3,2.0,0.21204556782789855,j2_a_then_b,0.5,0.5,0.03,j2,1.6430419537689085,0.753052625334474,0.1473143696527119,0.01917912693307034,0.08120236587282259
conditionals_reliable,4,3000,12,3,2.0,0.21204556782789855,j2_a_then_b,0.5,0.5,0.03,selected_order,1.6430419537689085,0.753052625334474,0.1473143696527119,0.01917912693307034,0.08120236587282259
conditionals_reliable,4,3000,12,3,2.0,0.21204556782789855,j2_a_then_b,0.5,0.5,0.03,independent,1.945582934795106,0.821885432808872,0.3250779801411457,0.0950277939146342,3.900611907219018e-17
conditionals_reliable,4,3000,12,3,2.0,0.21204556782789855,j2_a_then_b,0.5,0.5,0.03,arithmetic,1.600239243467516,0.7373665930292321,0.10526843450827338,0.009457472778740952,0.08194216326317794
conditionals_reliable,4,3000,12,3,2.0,0.21204556782789855,j2_a_then_b,0.5,0.5,0.03,geometric,1.602390275674294,0.738467212685354,0.1086705540629772,0.009964225623441271,0.08079268821996649
conditionals_reliable,4,3000,12,3,2.0,0.21204556782789855,j2_a_then_b,0.5,0.5,0.03,weighted_geometric,1.602390275674294,0.738467212685354,0.1086705540629772,0.009964225623441271,0.08079268821996649
conditionals_reliable,4,3000,12,3,2.0,0.21204556782789855,j2_a_then_b,0.5,0.5,0.03,hard_core,1.7775958620792558,0.7811751310143358,0.22515503253360292,0.048625069539262974,1.662695468740633e-14
conditionals_reliable,4,3000,12,3,2.0,0.21204556782789855,j2_a_then_b,0.5,0.5,0.03,soft_core_0.1,1.6080236976443143,0.7403006621129818,0.1157781739854611,0.011314434171427277,0.07628500504374723
conditionals_reliable,4,3000,12,3,2.0,0.21204556782789855,j2_a_then_b,0.5,0.5,0.03,soft_core_1,1.6444016739884064,0.7508059224186896,0.15152509328891975,0.01987608669668731,0.052705120539273266
conditionals_reliable,4,3000,12,3,2.0,0.21204556782789855,j2_a_then_b,0.5,0.5,0.03,soft_core_10,1.7351160676147648,0.7720212630278654,0.2062854336442755,0.03987889894706047,0.013905260468578958
conditionals_reliable,4,3000,12,3,2.0,0.21204556782789855,j2_a_then_b,0.5,0.5,0.03,adaptive_soft,1.6041340588449726,0.7390420781647363,0.11093170074296131,0.010382824010898397,0.07936448425527858
conditionals_reliable,5,3000,12,3,2.0,0.19042021188651845,j1_b_then_a,0.5,0.5,0.03,j1,1.5534121110161436,0.7171110938063521,0.11454228993836467,0.013864480827145146,0.07052995477588878
conditionals_reliable,5,3000,12,3,2.0,0.19042021188651845,j1_b_then_a,0.5,0.5,0.03,j2,1.572428999437938,0.7266767575922143,0.14020901379225315,0.01818966423617384,0.05650293300746986
conditionals_reliable,5,3000,12,3,2.0,0.19042021188651845,j1_b_then_a,0.5,0.5,0.03,selected_order,1.5534121110161436,0.7171110938063521,0.11454228993836467,0.013864480827145146,0.07052995477588878
conditionals_reliable,5,3000,12,3,2.0,0.19042021188651845,j1_b_then_a,0.5,0.5,0.03,independent,1.6503986635431955,0.7484731254249286,0.20227108550508116,0.03648162019987837,3.9379906429713574e-17
conditionals_reliable,5,3000,12,3,2.0,0.19042021188651845,j1_b_then_a,0.5,0.5,0.03,arithmetic,1.5286140514347588,0.7101003681813327,0.0960161215134986,0.008183352227513912,0.06351644389167929
conditionals_reliable,5,3000,12,3,2.0,0.19042021188651845,j1_b_then_a,0.5,0.5,0.03,geometric,1.529869474395354,0.71066049432928,0.09775452764933948,0.00843306469232979,0.06245157349489484
conditionals_reliable,5,3000,12,3,2.0,0.19042021188651845,j1_b_then_a,0.5,0.5,0.03,weighted_geometric,1.529869474395354,0.71066049432928,0.09775452764933948,0.00843306469232979,0.06245157349489484
conditionals_reliable,5,3000,12,3,2.0,0.19042021188651845,j1_b_then_a,0.5,0.5,0.03,hard_core,1.6317923955087648,0.7445331424445697,0.19054114180515186,0.03187869786742659,6.292444622917257e-14
conditionals_reliable,5,3000,12,3,2.0,0.19042021188651845,j1_b_then_a,0.5,0.5,0.03,soft_core_0.1,1.5359254539725404,0.7127916344114715,0.10592499876675493,0.009892113516738762,0.056989638637881465
conditionals_reliable,5,3000,12,3,2.0,0.19042021188651845,j1_b_then_a,0.5,0.5,0.03,soft_core_1,1.5702641641009891,0.7245617401943655,0.14316742639185775,0.01800349366274696,0.03213298699858864
conditionals_reliable,5,3000,12,3,2.0,0.19042021188651845,j1_b_then_a,0.5,0.5,0.03,soft_core_10,1.6186317221487323,0.7403674593784875,0.1816959500196319,0.02897994491093708,0.0060678893908974515
conditionals_reliable,5,3000,12,3,2.0,0.19042021188651845,j1_b_then_a,0.5,0.5,0.03,adaptive_soft,1.5317516266350666,0.7113247862977053,0.10036915079057854,0.008887462077915955,0.060702159646289326
conditionals_reliable,6,3000,12,3,2.0,0.21041883421227936,j1_b_then_a,0.5,0.5,0.03,j1,1.6034128412183453,0.7387556087636746,0.14764890450085771,0.019298302795999017,0.08080550014286007
conditionals_reliable,6,3000,12,3,2.0,0.21041883421227936,j1_b_then_a,0.5,0.5,0.03,j2,1.600934550349842,0.7379098750399312,0.14428200633479032,0.01879889428530869,0.08229379103767924
conditionals_reliable,6,3000,12,3,2.0,0.21041883421227936,j1_b_then_a,0.5,0.5,0.03,selected_order,1.6034128412183453,0.7387556087636746,0.14764890450085771,0.019298302795999017,0.08080550014286007
conditionals_reliable,6,3000,12,3,2.0,0.21041883421227936,j1_b_then_a,0.5,0.5,0.03,independent,1.9260914769717103,0.807106184575099,0.326151907975992,0.09962470304907678,3.9025796965161706e-17
conditionals_reliable,6,3000,12,3,2.0,0.21041883421227936,j1_b_then_a,0.5,0.5,0.03,arithmetic,1.560828191977711,0.7226960214979247,0.10606531015347082,0.009615133803457385,0.08154964559026963
conditionals_reliable,6,3000,12,3,2.0,0.21041883421227936,j1_b_then_a,0.5,0.5,0.03,geometric,1.5624746172716801,0.7236422618818048,0.10869411179275251,0.009997439565103352,0.08053140623917633
conditionals_reliable,6,3000,12,3,2.0,0.21041883421227936,j1_b_then_a,0.5,0.5,0.03,weighted_geometric,1.5624746172716801,0.7236422618818048,0.10869411179275251,0.009997439565103352,0.08053140623917633
conditionals_reliable,6,3000,12,3,2.0,0.21041883421227936,j1_b_then_a,0.5,0.5,0.03,hard_core,1.7422297893886867,0.7649067010205657,0.22517218991873725,0.05042025587460308,1.0842966730526947e-14
conditionals_reliable,6,3000,12,3,2.0,0.21041883421227936,j1_b_then_a,0.5,0.5,0.03,soft_core_0.1,1.5678761565529578,0.7254417808285495,0.11553450834871011,0.011292979191979406,0.07615593773990348
conditionals_reliable,6,3000,12,3,2.0,0.21041883421227936,j1_b_then_a,0.5,0.5,0.03,soft_core_1,1.602236262718172,0.7354445445463589,0.1494790889051307,0.019402994698341287,0.05395257977880153
conditionals_reliable,6,3000,12,3,2.0,0.21041883421227936,j1_b_then_a,0.5,0.5,0.03,soft_core_10,1.6943495912155562,0.7552628317410389,0.2042356069674965,0.04012473617583857,0.015547766520467965
conditionals_reliable,6,3000,12,3,2.0,0.21041883421227936,j1_b_then_a,0.5,0.5,0.03,adaptive_soft,1.56414846040141,0.7242068878346476,0.11087429151954219,0.010399540562832666,0.07913879075161247
conditionals_reliable,7,3000,12,3,2.0,0.20662299258968908,j2_a_then_b,0.5,0.5,0.03,j1,1.61151422737586,0.7439005377482787,0.14323015712028916,0.01811444005601792,0.08277359508298023
conditionals_reliable,7,3000,12,3,2.0,0.20662299258968908,j2_a_then_b,0.5,0.5,0.03,j2,1.6151416771282634,0.7455763530418897,0.14612376405285452,0.018857415787085545,0.08009183922760113
conditionals_reliable,7,3000,12,3,2.0,0.20662299258968908,j2_a_then_b,0.5,0.5,0.03,selected_order,1.6151416771282634,0.7455763530418897,0.14612376405285452,0.018857415787085545,0.08009183922760113
conditionals_reliable,7,3000,12,3,2.0,0.20662299258968908,j2_a_then_b,0.5,0.5,0.03,independent,1.9530207883356108,0.8175861745631218,0.336180401108129,0.10258826323672093,4.0156918033718904e-17
conditionals_reliable,7,3000,12,3,2.0,0.20662299258968908,j2_a_then_b,0.5,0.5,0.03,arithmetic,1.5728130832112301,0.7295717309161721,0.10498925850161527,0.009303135506737436,0.08143271715529064
conditionals_reliable,7,3000,12,3,2.0,0.20662299258968908,j2_a_then_b,0.5,0.5,0.03,geometric,1.5750522415286534,0.7307589923179647,0.1081925465588357,0.009825791734063487,0.08044540849429208
conditionals_reliable,7,3000,12,3,2.0,0.20662299258968908,j2_a_then_b,0.5,0.5,0.03,weighted_geometric,1.5750522415286534,0.7307589923179647,0.1081925465588357,0.009825791734063487,0.08044540849429208
conditionals_reliable,7,3000,12,3,2.0,0.20662299258968908,j2_a_then_b,0.5,0.5,0.03,hard_core,1.7543389898279391,0.7703800997315511,0.22331172333192686,0.049975147560972134,2.7346876818696618e-14
conditionals_reliable,7,3000,12,3,2.0,0.20662299258968908,j2_a_then_b,0.5,0.5,0.03,soft_core_0.1,1.5801068546058552,0.7323909117920773,0.11468704489015262,0.011031038399154347,0.07637523519172834
conditionals_reliable,7,3000,12,3,2.0,0.20662299258968908,j2_a_then_b,0.5,0.5,0.03,soft_core_1,1.6128832851229606,0.7414339749343435,0.14731437570060926,0.018738274586270802,0.05504760866470969
conditionals_reliable,7,3000,12,3,2.0,0.20662299258968908,j2_a_then_b,0.5,0.5,0.03,soft_core_10,1.7052521175468445,0.7607357998930449,0.20180982347524257,0.03950285300706348,0.01600721132832232
conditionals_reliable,7,3000,12,3,2.0,0.20662299258968908,j2_a_then_b,0.5,0.5,0.03,adaptive_soft,1.57661813300266,0.7312726792755632,0.11026036638219092,0.01019969888462058,0.07915369475765306
conditionals_reliable,8,3000,12,3,2.0,0.1992228393735167,j1_b_then_a,0.5,0.5,0.03,j1,1.575265716836988,0.7240923752447319,0.13329372671819478,0.017300282930915355,0.07274568337323305
conditionals_reliable,8,3000,12,3,2.0,0.1992228393735167,j1_b_then_a,0.5,0.5,0.03,j2,1.576819505762857,0.724720678136502,0.13690071150219693,0.017670742375030284,0.07143434377128692
conditionals_reliable,8,3000,12,3,2.0,0.1992228393735167,j1_b_then_a,0.5,0.5,0.03,selected_order,1.575265716836988,0.7240923752447319,0.13329372671819478,0.017300282930915355,0.07274568337323305
conditionals_reliable,8,3000,12,3,2.0,0.1992228393735167,j1_b_then_a,0.5,0.5,0.03,independent,1.802134216571128,0.7707903102863048,0.27027157166110244,0.07219820026398877,4.2287706539592686e-17
conditionals_reliable,8,3000,12,3,2.0,0.1992228393735167,j1_b_then_a,0.5,0.5,0.03,arithmetic,1.53807125756813,0.7111305127735098,0.10014649364056573,0.008880916360451381,0.07209001357225998
conditionals_reliable,8,3000,12,3,2.0,0.1992228393735167,j1_b_then_a,0.5,0.5,0.03,geometric,1.539901678061295,0.7119170467804775,0.10270193689516981,0.009271809594270125,0.07102502381514539
conditionals_reliable,8,3000,12,3,2.0,0.1992228393735167,j1_b_then_a,0.5,0.5,0.03,weighted_geometric,1.539901678061295,0.7119170467804775,0.10270193689516981,0.009271809594270125,0.07102502381514539
conditionals_reliable,8,3000,12,3,2.0,0.1992228393735167,j1_b_then_a,0.5,0.5,0.03,hard_core,1.6822745170733018,0.7500225317803612,0.20817550222783934,0.04116216732831854,1.0874230925921355e-14
conditionals_reliable,8,3000,12,3,2.0,0.1992228393735167,j1_b_then_a,0.5,0.5,0.03,soft_core_0.1,1.5455865803008344,0.7138815540913015,0.11013243490998903,0.010631073875587817,0.06627000960399165
conditionals_reliable,8,3000,12,3,2.0,0.1992228393735167,j1_b_then_a,0.5,0.5,0.03,soft_core_1,1.5800981001846048,0.7249124594657589,0.14583953083282414,0.018731733360699127,0.043125812994654525
conditionals_reliable,8,3000,12,3,2.0,0.1992228393735167,j1_b_then_a,0.5,0.5,0.03,soft_core_10,1.651772656421578,0.7432600763317255,0.1931810183269819,0.034708362393593845,0.010690820013237451
conditionals_reliable,8,3000,12,3,2.0,0.1992228393735167,j1_b_then_a,0.5,0.5,0.03,adaptive_soft,1.5416659438881928,0.7125309145629032,0.10507320578114354,0.009694419115243538,0.06950860772693535
conditionals_reliable,9,3000,12,3,2.0,0.18570212207213607,j2_a_then_b,0.5,0.5,0.03,j1,1.4155838164119323,0.6636034852938699,0.12555562960793074,0.01584462454205153,0.070252987494766
conditionals_reliable,9,3000,12,3,2.0,0.18570212207213607,j2_a_then_b,0.5,0.5,0.03,j2,1.4167105130545259,0.6642001541191878,0.1269019971712484,0.016115898559446618,0.07055143381766206
conditionals_reliable,9,3000,12,3,2.0,0.18570212207213607,j2_a_then_b,0.5,0.5,0.03,selected_order,1.4167105130545259,0.6642001541191878,0.1269019971712484,0.016115898559446618,0.07055143381766206
conditionals_reliable,9,3000,12,3,2.0,0.18570212207213607,j2_a_then_b,0.5,0.5,0.03,independent,1.6905734960050707,0.7244329917846389,0.28910915392920095,0.08262273463928935,4.2330442928143e-17
conditionals_reliable,9,3000,12,3,2.0,0.18570212207213607,j2_a_then_b,0.5,0.5,0.03,arithmetic,1.381672402506621,0.6502682821201161,0.0927432275841144,0.008104045761118929,0.070402210656214
conditionals_reliable,9,3000,12,3,2.0,0.18570212207213607,j2_a_then_b,0.5,0.5,0.03,geometric,1.3827876789341074,0.6508706237886503,0.09431156735424155,0.008318423358260336,0.06974631485751011
conditionals_reliable,9,3000,12,3,2.0,0.18570212207213607,j2_a_then_b,0.5,0.5,0.03,weighted_geometric,1.3827876789341074,0.6508706237886503,0.09431156735424155,0.008318423358260336,0.06974631485751011
conditionals_reliable,9,3000,12,3,2.0,0.18570212207213607,j2_a_then_b,0.5,0.5,0.03,hard_core,1.52846773612123,0.6886611256816741,0.1966700747976294,0.0411192333809346,4.0148967684220154e-14
conditionals_reliable,9,3000,12,3,2.0,0.18570212207213607,j2_a_then_b,0.5,0.5,0.03,soft_core_0.1,1.3873275086245924,0.6524601826828315,0.10039173867411728,0.009408319599613071,0.06600752918932287
conditionals_reliable,9,3000,12,3,2.0,0.18570212207213607,j2_a_then_b,0.5,0.5,0.03,soft_core_1,1.4168186948777106,0.6616030605098446,0.13120023976918063,0.016397118646132965,0.04616825197577437
conditionals_reliable,9,3000,12,3,2.0,0.18570212207213607,j2_a_then_b,0.5,0.5,0.03,soft_core_10,1.4926061507915487,0.6804560301668396,0.1796982984669766,0.03348081831168976,0.012323549079113682
conditionals_reliable,9,3000,12,3,2.0,0.18570212207213607,j2_a_then_b,0.5,0.5,0.03,adaptive_soft,1.3841936088095523,0.6513689033739797,0.09624775489716365,0.008656326690868289,0.06856158712225076
conditionals_reliable,10,3000,12,3,2.0,0.1858450859093233,j1_b_then_a,0.5,0.5,0.03,j1,1.5016687410923175,0.6983214015414217,0.09909561477702454,0.012334148154014114,0.07119815183397683
conditionals_reliable,10,3000,12,3,2.0,0.1858450859093233,j1_b_then_a,0.5,0.5,0.03,j2,1.5291091616917132,0.7157121829761367,0.14280729665032393,0.0185176201738639,0.04730958278555449
conditionals_reliable,10,3000,12,3,2.0,0.1858450859093233,j1_b_then_a,0.5,0.5,0.03,selected_order,1.5016687410923175,0.6983214015414217,0.09909561477702454,0.012334148154014114,0.07119815183397683
conditionals_reliable,10,3000,12,3,2.0,0.1858450859093233,j1_b_then_a,0.5,0.5,0.03,independent,1.5812338176923528,0.7296364150788054,0.18570942638619783,0.03061763570768874,3.756430147166935e-17
conditionals_reliable,10,3000,12,3,2.0,0.1858450859093233,j1_b_then_a,0.5,0.5,0.03,arithmetic,1.4819174541155764,0.6952374710889251,0.0935771569992885,0.00784316068877001,0.059253867309765645
conditionals_reliable,10,3000,12,3,2.0,0.1858450859093233,j1_b_then_a,0.5,0.5,0.03,geometric,1.4833995935070103,0.6960062592129087,0.09547212749596247,0.00811799566633012,0.05819453615580988
conditionals_reliable,10,3000,12,3,2.0,0.1858450859093233,j1_b_then_a,0.5,0.5,0.03,weighted_geometric,1.4833995935070103,0.6960062592129087,0.09547212749596247,0.00811799566633012,0.05819453615580988
conditionals_reliable,10,3000,12,3,2.0,0.1858450859093233,j1_b_then_a,0.5,0.5,0.03,hard_core,1.5785807268010326,0.7294376585172444,0.18410589621930198,0.029980224337265843,2.142695758115396e-15
conditionals_reliable,10,3000,12,3,2.0,0.1858450859093233,j1_b_then_a,0.5,0.5,0.03,soft_core_0.1,1.4894098989106916,0.6982275115325681,0.10362631954102927,0.00956204178242703,0.05284384733415867
conditionals_reliable,10,3000,12,3,2.0,0.1858450859093233,j1_b_then_a,0.5,0.5,0.03,soft_core_1,1.5229487963911839,0.7103319024129741,0.1401803901864948,0.017455907695975475,0.028928462486358955
conditionals_reliable,10,3000,12,3,2.0,0.1858450859093233,j1_b_then_a,0.5,0.5,0.03,soft_core_10,1.5672440122640903,0.7256342834721777,0.17619538033247095,0.02748249878239803,0.005239719325319673
conditionals_reliable,10,3000,12,3,2.0,0.1858450859093233,j1_b_then_a,0.5,0.5,0.03,adaptive_soft,1.485268214259262,0.6966986288624509,0.09808402878741473,0.008567945725431932,0.05647868008689965
conditionals_reliable,11,3000,12,3,2.0,0.20352269479689983,j1_b_then_a,0.5,0.5,0.03,j1,1.5545633038292903,0.7180433363087674,0.14360570030537367,0.018563656716726024,0.07958689856243993
conditionals_reliable,11,3000,12,3,2.0,0.20352269479689983,j1_b_then_a,0.5,0.5,0.03,j2,1.5493379736429218,0.7151350130678661,0.13673015504632557,0.017310802798004673,0.08210968198786586
conditionals_reliable,11,3000,12,3,2.0,0.20352269479689983,j1_b_then_a,0.5,0.5,0.03,selected_order,1.5545633038292903,0.7180433363087674,0.14360570030537367,0.018563656716726024,0.07958689856243993
conditionals_reliable,11,3000,12,3,2.0,0.20352269479689983,j1_b_then_a,0.5,0.5,0.03,independent,1.8949515972212572,0.79047298011121,0.3365723912226181,0.10147291892094364,4.2607067324516396e-17
conditionals_reliable,11,3000,12,3,2.0,0.20352269479689983,j1_b_then_a,0.5,0.5,0.03,arithmetic,1.512505182885841,0.7015421634730405,0.10130788744651073,0.00896153163698423,0.08084829027515289
conditionals_reliable,11,3000,12,3,2.0,0.20352269479689983,j1_b_then_a,0.5,0.5,0.03,geometric,1.5142802107099678,0.7024013439682824,0.10382280558097585,0.00935249121704089,0.08003843454933175
conditionals_reliable,11,3000,12,3,2.0,0.20352269479689983,j1_b_then_a,0.5,0.5,0.03,weighted_geometric,1.5142802107099678,0.7024013439682824,0.10382280558097585,0.00935249121704089,0.08003843454933175
conditionals_reliable,11,3000,12,3,2.0,0.20352269479689983,j1_b_then_a,0.5,0.5,0.03,hard_core,1.6914378470529854,0.7427263419218602,0.2181350674915637,0.04860729644759567,2.396766981449219e-14
conditionals_reliable,11,3000,12,3,2.0,0.20352269479689983,j1_b_then_a,0.5,0.5,0.03,soft_core_0.1,1.5190984964319052,0.703940705870277,0.1100274477451969,0.010504883929765374,0.07621104925406155
conditionals_reliable,11,3000,12,3,2.0,0.20352269479689983,j1_b_then_a,0.5,0.5,0.03,soft_core_1,1.5519045355573353,0.7128978211812335,0.14250803133434672,0.018236867638498022,0.05477584039643452
conditionals_reliable,11,3000,12,3,2.0,0.20352269479689983,j1_b_then_a,0.5,0.5,0.03,soft_core_10,1.6454148944762397,0.7333123761162219,0.19793268191320101,0.03901394876392686,0.014995541295291988
conditionals_reliable,11,3000,12,3,2.0,0.20352269479689983,j1_b_then_a,0.5,0.5,0.03,adaptive_soft,1.5157689004506172,0.7028854218941888,0.10579426876747917,0.0097089754342644,0.07883337038139362
conditionals_reliable,12,3000,12,3,2.0,0.1966098253818104,j1_b_then_a,0.5,0.5,0.03,j1,1.5372433444661433,0.7122920250360888,0.13855017005278358,0.01797439855276173,0.07238248218767956
conditionals_reliable,12,3000,12,3,2.0,0.1966098253818104,j1_b_then_a,0.5,0.5,0.03,j2,1.5308556631021617,0.7083465921857762,0.1307795466803614,0.016468538473748757,0.07525943549241985
conditionals_reliable,12,3000,12,3,2.0,0.1966098253818104,j1_b_then_a,0.5,0.5,0.03,selected_order,1.5372433444661433,0.7122920250360888,0.13855017005278358,0.01797439855276173,0.07238248218767956
conditionals_reliable,12,3000,12,3,2.0,0.1966098253818104,j1_b_then_a,0.5,0.5,0.03,independent,1.800678517967698,0.7695291850838216,0.29561058760239106,0.08403489397523496,4.454963310987685e-17
conditionals_reliable,12,3000,12,3,2.0,0.1966098253818104,j1_b_then_a,0.5,0.5,0.03,arithmetic,1.4967538309530237,0.6964187006618342,0.0988841011213894,0.008717152594431067,0.0738209588400497
conditionals_reliable,12,3000,12,3,2.0,0.1966098253818104,j1_b_then_a,0.5,0.5,0.03,geometric,1.498159259321311,0.6971700819249349,0.10098236762965639,0.009013075948240525,0.07299155864701065
conditionals_reliable,12,3000,12,3,2.0,0.1966098253818104,j1_b_then_a,0.5,0.5,0.03,weighted_geometric,1.498159259321311,0.6971700819249349,0.10098236762965639,0.009013075948240525,0.07299155864701065
conditionals_reliable,12,3000,12,3,2.0,0.1966098253818104,j1_b_then_a,0.5,0.5,0.03,hard_core,1.6497437670816544,0.7369609961880124,0.20774480972163045,0.04273909755606916,1.1943825603008758e-14
conditionals_reliable,12,3000,12,3,2.0,0.1966098253818104,j1_b_then_a,0.5,0.5,0.03,soft_core_0.1,1.503347265363615,0.6989468598260766,0.1077446633799108,0.0102601517326902,0.0687093107788427
conditionals_reliable,12,3000,12,3,2.0,0.1966098253818104,j1_b_then_a,0.5,0.5,0.03,soft_core_1,1.5362867630529067,0.7091428907092936,0.14143835920889578,0.018040218979338066,0.046683979048491496
conditionals_reliable,12,3000,12,3,2.0,0.1966098253818104,j1_b_then_a,0.5,0.5,0.03,soft_core_10,1.6143393888912894,0.7288433788018467,0.1912187773163728,0.03537828073696968,0.012029167472693631
conditionals_reliable,12,3000,12,3,2.0,0.1966098253818104,j1_b_then_a,0.5,0.5,0.03,adaptive_soft,1.4997667535221837,0.6977261268359468,0.10313720912624423,0.009400082861413438,0.07163018756451388
conditionals_reliable,13,3000,12,3,2.0,0.19502381305181807,j2_a_then_b,0.5,0.5,0.03,j1,1.4663966027569122,0.6777498939552904,0.12871026699639104,0.01640378224252528,0.07576096767517311
conditionals_reliable,13,3000,12,3,2.0,0.19502381305181807,j2_a_then_b,0.5,0.5,0.03,j2,1.4742730938866118,0.6821813358600191,0.1379269575374654,0.01822358750774061,0.07145939607570453
conditionals_reliable,13,3000,12,3,2.0,0.19502381305181807,j2_a_then_b,0.5,0.5,0.03,selected_order,1.4742730938866118,0.6821813358600191,0.1379269575374654,0.01822358750774061,0.07145939607570453
conditionals_reliable,13,3000,12,3,2.0,0.19502381305181807,j2_a_then_b,0.5,0.5,0.03,independent,1.7408585955057676,0.7396493770617203,0.2918374775289982,0.08471242452232668,4.1539167336363287e-17
conditionals_reliable,13,3000,12,3,2.0,0.19502381305181807,j2_a_then_b,0.5,0.5,0.03,arithmetic,1.4329358035728126,0.6658622337406597,0.09799945806931415,0.008785842654919147,0.07361018187543883
conditionals_reliable,13,3000,12,3,2.0,0.19502381305181807,j2_a_then_b,0.5,0.5,0.03,geometric,1.4341574665888717,0.6665390773082022,0.09978376151582816,0.009029872862176071,0.07269243308693275
conditionals_reliable,13,3000,12,3,2.0,0.19502381305181807,j2_a_then_b,0.5,0.5,0.03,weighted_geometric,1.4341574665888717,0.6665390773082022,0.09978376151582816,0.009029872862176071,0.07269243308693275
conditionals_reliable,13,3000,12,3,2.0,0.19502381305181807,j2_a_then_b,0.5,0.5,0.03,hard_core,1.592489296109772,0.7055576525630102,0.20555740480090784,0.043918551152678155,3.0898820084468005e-14
conditionals_reliable,13,3000,12,3,2.0,0.19502381305181807,j2_a_then_b,0.5,0.5,0.03,soft_core_0.1,1.439319436230878,0.6683588136625808,0.1064532973901261,0.010270923602442118,0.0685152448748219
conditionals_reliable,13,3000,12,3,2.0,0.19502381305181807,j2_a_then_b,0.5,0.5,0.03,soft_core_1,1.4720235759881228,0.6785900815625252,0.1394331166258528,0.017986088202220626,0.04722902171171191
conditionals_reliable,13,3000,12,3,2.0,0.19502381305181807,j2_a_then_b,0.5,0.5,0.03,soft_core_10,1.5529924976016167,0.6974600490691197,0.18842277932431123,0.035810202250845635,0.012808915298184587
conditionals_reliable,13,3000,12,3,2.0,0.19502381305181807,j2_a_then_b,0.5,0.5,0.03,adaptive_soft,1.4357570211908468,0.6671091505792826,0.10191008673874287,0.00941509216236505,0.0713639371084942
conditionals_reliable,14,3000,12,3,2.0,0.19803884693890858,j2_a_then_b,0.5,0.5,0.03,j1,1.5122033264107644,0.699483559690835,0.13639307400707013,0.017481240503572328,0.07876917140373728
conditionals_reliable,14,3000,12,3,2.0,0.19803884693890858,j2_a_then_b,0.5,0.5,0.03,j2,1.5145938908652388,0.701019884276198,0.14029184315130966,0.01808077002532945,0.07743125770833052
conditionals_reliable,14,3000,12,3,2.0,0.19803884693890858,j2_a_then_b,0.5,0.5,0.03,selected_order,1.5145938908652388,0.701019884276198,0.14029184315130966,0.01808077002532945,0.07743125770833052
conditionals_reliable,14,3000,12,3,2.0,0.19803884693890858,j2_a_then_b,0.5,0.5,0.03,independent,1.8602251191026833,0.7739229099213337,0.33460332001307425,0.101397970220993,4.2999440137796286e-17
conditionals_reliable,14,3000,12,3,2.0,0.19803884693890858,j2_a_then_b,0.5,0.5,0.03,arithmetic,1.475180119913996,0.685492745196156,0.10141685555482068,0.009069531300131555,0.0781002145560339
conditionals_reliable,14,3000,12,3,2.0,0.19803884693890858,j2_a_then_b,0.5,0.5,0.03,geometric,1.4766874126958816,0.6862211840481616,0.1034556726981698,0.009398508882846367,0.07734282162107704
conditionals_reliable,14,3000,12,3,2.0,0.19803884693890858,j2_a_then_b,0.5,0.5,0.03,weighted_geometric,1.4766874126958816,0.6862211840481616,0.1034556726981698,0.009398508882846367,0.07734282162107704
conditionals_reliable,14,3000,12,3,2.0,0.19803884693890858,j2_a_then_b,0.5,0.5,0.03,hard_core,1.6447766522560257,0.7250790943939182,0.21318826091923743,0.04719067348262892,4.573718278949636e-14
conditionals_reliable,14,3000,12,3,2.0,0.19803884693890858,j2_a_then_b,0.5,0.5,0.03,soft_core_0.1,1.4814000584943783,0.6877841399265516,0.10951704558863472,0.010527691339218482,0.07359661200755749
conditionals_reliable,14,3000,12,3,2.0,0.19803884693890858,j2_a_then_b,0.5,0.5,0.03,soft_core_1,1.5129301375911504,0.6966759567070963,0.140778995336712,0.017981253813328678,0.05298473639860818
conditionals_reliable,14,3000,12,3,2.0,0.19803884693890858,j2_a_then_b,0.5,0.5,0.03,soft_core_10,1.6012170099705523,0.7160519935702268,0.19353768503853708,0.037865558475122144,0.014732096906076726
conditionals_reliable,14,3000,12,3,2.0,0.19803884693890858,j2_a_then_b,0.5,0.5,0.03,adaptive_soft,1.478145783607267,0.6867133070893522,0.10537992998502459,0.009748373511649899,0.07615880063033457
conditionals_reliable,15,3000,12,3,2.0,0.21010607706902507,j1_b_then_a,0.5,0.5,0.03,j1,1.6701173674236889,0.7595356030047112,0.1499254119569755,0.019391572640606432,0.07894560482599197
conditionals_reliable,15,3000,12,3,2.0,0.21010607706902507,j1_b_then_a,0.5,0.5,0.03,j2,1.6666350181463296,0.7574282336215842,0.14463313610335748,0.018613764050179817,0.0808833826485844
conditionals_reliable,15,3000,12,3,2.0,0.21010607706902507,j1_b_then_a,0.5,0.5,0.03,selected_order,1.6701173674236889,0.7595356030047112,0.1499254119569755,0.019391572640606432,0.07894560482599197
conditionals_reliable,15,3000,12,3,2.0,0.21010607706902507,j1_b_then_a,0.5,0.5,0.03,independent,1.9487325406044114,0.8186333288910052,0.3112164954512121,0.08918610266001088,4.432297386945517e-17
conditionals_reliable,15,3000,12,3,2.0,0.21010607706902507,j1_b_then_a,0.5,0.5,0.03,arithmetic,1.627437687041155,0.7441186266628371,0.10686284699320614,0.00965077817898783,0.07991449373728816
conditionals_reliable,15,3000,12,3,2.0,0.21010607706902507,j1_b_then_a,0.5,0.5,0.03,geometric,1.629072915928425,0.745002433754697,0.1095194904640465,0.010045694238372392,0.07873542848126068
conditionals_reliable,15,3000,12,3,2.0,0.21010607706902507,j1_b_then_a,0.5,0.5,0.03,weighted_geometric,1.629072915928425,0.745002433754697,0.1095194904640465,0.010045694238372392,0.07873542848126068
conditionals_reliable,15,3000,12,3,2.0,0.21010607706902507,j1_b_then_a,0.5,0.5,0.03,hard_core,1.7974365460713095,0.7847083597970276,0.2223083968233938,0.04683573526485698,3.317670216252382e-14
conditionals_reliable,15,3000,12,3,2.0,0.21010607706902507,j1_b_then_a,0.5,0.5,0.03,soft_core_0.1,1.6349452938884643,0.746923213465203,0.11694765687529758,0.0114510062489491,0.07389910885795713
conditionals_reliable,15,3000,12,3,2.0,0.21010607706902507,j1_b_then_a,0.5,0.5,0.03,soft_core_1,1.6715396980554174,0.757698444935729,0.1532081091744425,0.02004335085421498,0.049758932080766274
conditionals_reliable,15,3000,12,3,2.0,0.21010607706902507,j1_b_then_a,0.5,0.5,0.03,soft_core_10,1.756785046525547,0.7769081720657489,0.20488918832022976,0.03865972661992223,0.013115510347720448
conditionals_reliable,15,3000,12,3,2.0,0.21010607706902507,j1_b_then_a,0.5,0.5,0.03,adaptive_soft,1.6308937205676766,0.7456042823247869,0.11189032154924067,0.01048220365034622,0.07719467547221995
conditionals_reliable,16,3000,12,3,2.0,0.19975322371304038,j1_b_then_a,0.5,0.5,0.03,j1,1.5342940280840651,0.7035280483150556,0.14048815027700415,0.018487699019594944,0.0754309064421709
conditionals_reliable,16,3000,12,3,2.0,0.19975322371304038,j1_b_then_a,0.5,0.5,0.03,j2,1.5308851392199994,0.7017526577185669,0.13629776368901034,0.017700715809238283,0.07653571606251629
conditionals_reliable,16,3000,12,3,2.0,0.19975322371304038,j1_b_then_a,0.5,0.5,0.03,selected_order,1.5342940280840651,0.7035280483150556,0.14048815027700415,0.018487699019594944,0.0754309064421709
conditionals_reliable,16,3000,12,3,2.0,0.19975322371304038,j1_b_then_a,0.5,0.5,0.03,independent,1.8261936306974305,0.7646069990136112,0.30523188898438447,0.08910362578697469,4.1409523861588335e-17
conditionals_reliable,16,3000,12,3,2.0,0.19975322371304038,j1_b_then_a,0.5,0.5,0.03,arithmetic,1.4936567083969594,0.688313182767675,0.10179131862215561,0.00923792500458646,0.07598331125234359
conditionals_reliable,16,3000,12,3,2.0,0.19975322371304038,j1_b_then_a,0.5,0.5,0.03,geometric,1.4951232878269218,0.6890812574191465,0.10380110068866358,0.009559761928522986,0.07497281566607504
conditionals_reliable,16,3000,12,3,2.0,0.19975322371304038,j1_b_then_a,0.5,0.5,0.03,weighted_geometric,1.4951232878269218,0.6890812574191465,0.10380110068866358,0.009559761928522986,0.07497281566607504
conditionals_reliable,16,3000,12,3,2.0,0.19975322371304038,j1_b_then_a,0.5,0.5,0.03,hard_core,1.6585377618597237,0.727407793422427,0.21164443367995095,0.04589898442827626,6.921665288394312e-14
conditionals_reliable,16,3000,12,3,2.0,0.19975322371304038,j1_b_then_a,0.5,0.5,0.03,soft_core_0.1,1.5003752612334567,0.6908464285266713,0.11047064190032743,0.010817137557953138,0.07071169497217959
conditionals_reliable,16,3000,12,3,2.0,0.19975322371304038,j1_b_then_a,0.5,0.5,0.03,soft_core_1,1.5334882346415883,0.7006301271108546,0.14327267683338835,0.01859859825522013,0.04916783737967422
conditionals_reliable,16,3000,12,3,2.0,0.19975322371304038,j1_b_then_a,0.5,0.5,0.03,soft_core_10,1.617073886051759,0.7191492728739282,0.19332914131953227,0.037184228506954506,0.01360498514426926
conditionals_reliable,16,3000,12,3,2.0,0.19975322371304038,j1_b_then_a,0.5,0.5,0.03,adaptive_soft,1.4967521618567887,0.6896354855931605,0.10592538143890794,0.009950438467903635,0.07361724666489747
conditionals_reliable,17,3000,12,3,2.0,0.18330434910986015,j1_b_then_a,0.5,0.5,0.03,j1,1.514857601909289,0.6943957640366537,0.11154890276650421,0.013964837410638259,0.06730589574845088
conditionals_reliable,17,3000,12,3,2.0,0.18330434910986015,j1_b_then_a,0.5,0.5,0.03,j2,1.5284437060543359,0.7041428879805517,0.1342414643617823,0.017080817919942558,0.054707432534697446
conditionals_reliable,17,3000,12,3,2.0,0.18330434910986015,j1_b_then_a,0.5,0.5,0.03,selected_order,1.514857601909289,0.6943957640366537,0.11154890276650421,0.013964837410638259,0.06730589574845088
conditionals_reliable,17,3000,12,3,2.0,0.18330434910986015,j1_b_then_a,0.5,0.5,0.03,independent,1.6176295055648104,0.7242741076929566,0.19939544565786427,0.03762390517476817,4.4194160204624214e-17
conditionals_reliable,17,3000,12,3,2.0,0.18330434910986015,j1_b_then_a,0.5,0.5,0.03,arithmetic,1.4888347215992888,0.6880599081517625,0.09332226536405307,0.008021588910209883,0.06100666414157413
conditionals_reliable,17,3000,12,3,2.0,0.18330434910986015,j1_b_then_a,0.5,0.5,0.03,geometric,1.4898951079827791,0.6884903300371821,0.09465981766412973,0.008199729301544573,0.060172981744862936
conditionals_reliable,17,3000,12,3,2.0,0.18330434910986015,j1_b_then_a,0.5,0.5,0.03,weighted_geometric,1.4898951079827791,0.6884903300371821,0.09465981766412973,0.008199729301544573,0.060172981744862936
conditionals_reliable,17,3000,12,3,2.0,0.18330434910986015,j1_b_then_a,0.5,0.5,0.03,hard_core,1.5892410953375329,0.7212074335295728,0.18480269228590562,0.031055305080705756,5.536949817042631e-15
conditionals_reliable,17,3000,12,3,2.0,0.18330434910986015,j1_b_then_a,0.5,0.5,0.03,soft_core_0.1,1.4956904518951002,0.690503010564076,0.1024651355643769,0.009591876685350744,0.05499213531828304
conditionals_reliable,17,3000,12,3,2.0,0.18330434910986015,j1_b_then_a,0.5,0.5,0.03,soft_core_1,1.5286310166907884,0.7016943173517111,0.1382497556378723,0.01736264406100107,0.03130449344882712
conditionals_reliable,17,3000,12,3,2.0,0.18330434910986015,j1_b_then_a,0.5,0.5,0.03,soft_core_10,1.5760322866297898,0.717068315220008,0.17596731384518438,0.028136947463340632,0.006004012350039615
conditionals_reliable,17,3000,12,3,2.0,0.18330434910986015,j1_b_then_a,0.5,0.5,0.03,adaptive_soft,1.4916968809919442,0.6891174646519335,0.09715561548052433,0.008633376204875686,0.058514121164841615
conditionals_reliable,18,3000,12,3,2.0,0.2005465400017264,j1_b_then_a,0.75,0.75,0.03,j1,1.6029195780797607,0.7292994805389164,0.12616538522691714,0.01566126525366566,0.0796147974890349
conditionals_reliable,18,3000,12,3,2.0,0.2005465400017264,j1_b_then_a,0.75,0.75,0.03,j2,1.619015688268458,0.7391138908160991,0.1489040971551958,0.019338052888109,0.06747507594090674
conditionals_reliable,18,3000,12,3,2.0,0.2005465400017264,j1_b_then_a,0.75,0.75,0.03,selected_order,1.6029195780797607,0.7292994805389164,0.12616538522691714,0.01566126525366566,0.0796147974890349
conditionals_reliable,18,3000,12,3,2.0,0.2005465400017264,j1_b_then_a,0.75,0.75,0.03,independent,1.8145701067753512,0.7838295070674804,0.27025738424549994,0.06685512016568744,3.996554124485432e-17
conditionals_reliable,18,3000,12,3,2.0,0.2005465400017264,j1_b_then_a,0.75,0.75,0.03,arithmetic,1.5727565109828745,0.7207025219939464,0.10032917066912536,0.00879007627133691,0.0735449367149708
conditionals_reliable,18,3000,12,3,2.0,0.2005465400017264,j1_b_then_a,0.75,0.75,0.03,geometric,1.574400067952975,0.7215237464622798,0.10285231156421315,0.009165918742679177,0.0724017496221438
conditionals_reliable,18,3000,12,3,2.0,0.2005465400017264,j1_b_then_a,0.75,0.75,0.03,weighted_geometric,1.579464276356746,0.7221525248452252,0.10481215635587968,0.010311376154446003,0.07578023881287554
conditionals_reliable,18,3000,12,3,2.0,0.2005465400017264,j1_b_then_a,0.75,0.75,0.03,hard_core,1.7118079136123006,0.7587788867246111,0.20693523717020337,0.04000656274774361,3.4204331617242024e-14
conditionals_reliable,18,3000,12,3,2.0,0.2005465400017264,j1_b_then_a,0.75,0.75,0.03,soft_core_0.1,1.580187077051692,0.7234644870875158,0.11040518665855961,0.010552581389292628,0.06747449551566331
conditionals_reliable,18,3000,12,3,2.0,0.2005465400017264,j1_b_then_a,0.75,0.75,0.03,soft_core_1,1.6156230708425965,0.734362903885081,0.14668581590739269,0.01888183070508041,0.04319023735348809
conditionals_reliable,18,3000,12,3,2.0,0.2005465400017264,j1_b_then_a,0.75,0.75,0.03,soft_core_10,1.6853459507528508,0.7524777464994269,0.19342816431496715,0.03441268197553045,0.010010884295570522
conditionals_reliable,18,3000,12,3,2.0,0.2005465400017264,j1_b_then_a,0.75,0.75,0.03,adaptive_soft,1.5806197043046533,0.7225062498321577,0.10645781963047021,0.010589186110355468,0.07411912577049629
conditionals_reliable,19,3000,12,3,2.0,0.1898414033699342,j2_a_then_b,0.5,0.5,0.03,j1,1.4996031761227695,0.6917660461927663,0.13151370371364723,0.016491045710632275,0.06754588785090737
conditionals_reliable,19,3000,12,3,2.0,0.1898414033699342,j2_a_then_b,0.5,0.5,0.03,j2,1.4975586169685189,0.6904739814538519,0.12749509085944288,0.016184984263484612,0.06939808738120125
conditionals_reliable,19,3000,12,3,2.0,0.1898414033699342,j2_a_then_b,0.5,0.5,0.03,selected_order,1.4975586169685189,0.6904739814538519,0.12749509085944288,0.016184984263484612,0.06939808738120125
conditionals_reliable,19,3000,12,3,2.0,0.1898414033699342,j2_a_then_b,0.5,0.5,0.03,independent,1.6715792211542402,0.7383562936348389,0.24907204089785567,0.057615151517328364,4.127556465983235e-17
conditionals_reliable,19,3000,12,3,2.0,0.1898414033699342,j2_a_then_b,0.5,0.5,0.03,arithmetic,1.4631477749145556,0.6783960410817452,0.09546349293131424,0.00829389743964026,0.06847198761605429
conditionals_reliable,19,3000,12,3,2.0,0.1898414033699342,j2_a_then_b,0.5,0.5,0.03,geometric,1.4647839514965777,0.6791624962904503,0.09777732042051136,0.008633429438977396,0.06728614290491426
conditionals_reliable,19,3000,12,3,2.0,0.1898414033699342,j2_a_then_b,0.5,0.5,0.03,weighted_geometric,1.4647839514965777,0.6791624962904503,0.09777732042051136,0.008633429438977396,0.06728614290491426
conditionals_reliable,19,3000,12,3,2.0,0.1898414033699342,j2_a_then_b,0.5,0.5,0.03,hard_core,1.5865405491340296,0.7153165729494734,0.19519684172222437,0.03632153988334148,5.0060658324733574e-14
conditionals_reliable,19,3000,12,3,2.0,0.1898414033699342,j2_a_then_b,0.5,0.5,0.03,soft_core_0.1,1.4702564578593447,0.6810310322404447,0.10496171532450889,0.009946222287326369,0.06258861278007762
conditionals_reliable,19,3000,12,3,2.0,0.1898414033699342,j2_a_then_b,0.5,0.5,0.03,soft_core_1,1.5033667608752246,0.6915424385781818,0.13940537827265548,0.017753673624293108,0.039491352499672
conditionals_reliable,19,3000,12,3,2.0,0.1898414033699342,j2_a_then_b,0.5,0.5,0.03,soft_core_10,1.5648941410029462,0.709284121151676,0.1829869938001666,0.03163391452297165,0.00878210571711793
conditionals_reliable,19,3000,12,3,2.0,0.1898414033699342,j2_a_then_b,0.5,0.5,0.03,adaptive_soft,1.466482237910629,0.6797476027795943,0.10007270748785714,0.009041518443229165,0.0657903916668167
conditionals_reliable,20,3000,12,3,2.0,0.19298151182418363,j2_a_then_b,0.5,0.5,0.03,j1,1.5342302120539,0.7114352855122298,0.11028462754356766,0.013701388717652752,0.07540243021050806
conditionals_reliable,20,3000,12,3,2.0,0.19298151182418363,j2_a_then_b,0.5,0.5,0.03,j2,1.5574991719682014,0.7253323453882812,0.14620021821399748,0.019075353484159625,0.05528098027549169
conditionals_reliable,20,3000,12,3,2.0,0.19298151182418363,j2_a_then_b,0.5,0.5,0.03,selected_order,1.5574991719682014,0.7253323453882812,0.14620021821399748,0.019075353484159625,0.05528098027549169
conditionals_reliable,20,3000,12,3,2.0,0.19298151182418363,j2_a_then_b,0.5,0.5,0.03,independent,1.6779232746776014,0.751976563210959,0.22726108585920485,0.047362055942030454,4.456443456358495e-17
conditionals_reliable,20,3000,12,3,2.0,0.19298151182418363,j2_a_then_b,0.5,0.5,0.03,arithmetic,1.510405810567449,0.7056767570046638,0.09737541211962258,0.008324472794141667,0.06534170524299986
conditionals_reliable,20,3000,12,3,2.0,0.19298151182418363,j2_a_then_b,0.5,0.5,0.03,geometric,1.5118968797499093,0.7064746082585193,0.09927911170250282,0.00863469933042604,0.06443252561940149
conditionals_reliable,20,3000,12,3,2.0,0.19298151182418363,j2_a_then_b,0.5,0.5,0.03,weighted_geometric,1.5118968797499093,0.7064746082585193,0.09927911170250282,0.00863469933042604,0.06443252561940149
conditionals_reliable,20,3000,12,3,2.0,0.19298151182418363,j2_a_then_b,0.5,0.5,0.03,hard_core,1.6251100053080427,0.7425123428504353,0.19620191594882888,0.03437247325687899,3.73924008650443e-14
conditionals_reliable,20,3000,12,3,2.0,0.19298151182418363,j2_a_then_b,0.5,0.5,0.03,soft_core_0.1,1.517808671934497,0.7086592389551865,0.10725184014220178,0.010055016836479818,0.059331059015891155
conditionals_reliable,20,3000,12,3,2.0,0.19298151182418363,j2_a_then_b,0.5,0.5,0.03,soft_core_1,1.5522716819019027,0.7206851664070483,0.1443093597810966,0.018163692444253764,0.03537053913352636
conditionals_reliable,20,3000,12,3,2.0,0.19298151182418363,j2_a_then_b,0.5,0.5,0.03,soft_core_10,1.607731695434892,0.7376715865908134,0.18584362669822882,0.030619005392292793,0.00731115845886907
conditionals_reliable,20,3000,12,3,2.0,0.19298151182418363,j2_a_then_b,0.5,0.5,0.03,adaptive_soft,1.5137331604772015,0.7071569609808636,0.10182844548482994,0.009076816830033408,0.06280121960555521
conditionals_reliable,21,3000,12,3,2.0,0.19727600521817956,j1_b_then_a,0.5,0.5,0.03,j1,1.5842745217427925,0.7259987788262817,0.12811293554086242,0.01616491443850514,0.07403831557636216
conditionals_reliable,21,3000,12,3,2.0,0.19727600521817956,j1_b_then_a,0.5,0.5,0.03,j2,1.5933186785675078,0.7310964008477602,0.1415145255343191,0.018263951790368108,0.06783708289871836
conditionals_reliable,21,3000,12,3,2.0,0.19727600521817956,j1_b_then_a,0.5,0.5,0.03,selected_order,1.5842745217427925,0.7259987788262817,0.12811293554086242,0.01616491443850514,0.07403831557636216
conditionals_reliable,21,3000,12,3,2.0,0.19727600521817956,j1_b_then_a,0.5,0.5,0.03,independent,1.7871128473034592,0.7713161081409141,0.26161695080907954,0.06463525833252204,4.468943236851722e-17
conditionals_reliable,21,3000,12,3,2.0,0.19727600521817956,j1_b_then_a,0.5,0.5,0.03,arithmetic,1.5517491056748438,0.7154050181970962,0.09980109228788323,0.008749692510735022,0.07093769923754024
conditionals_reliable,21,3000,12,3,2.0,0.19727600521817956,j1_b_then_a,0.5,0.5,0.03,geometric,1.5531468719385286,0.7161205493419928,0.1016847603040442,0.009055596272603883,0.06985611032449897
conditionals_reliable,21,3000,12,3,2.0,0.19727600521817956,j1_b_then_a,0.5,0.5,0.03,weighted_geometric,1.5531468719385286,0.7161205493419928,0.1016847603040442,0.009055596272603883,0.06985611032449897
conditionals_reliable,21,3000,12,3,2.0,0.19727600521817956,j1_b_then_a,0.5,0.5,0.03,hard_core,1.6863907009766432,0.7535679437371051,0.20457571112766004,0.03902808070660575,3.168298959319249e-14
conditionals_reliable,21,3000,12,3,2.0,0.19727600521817956,j1_b_then_a,0.5,0.5,0.03,soft_core_0.1,1.5588897331125098,0.7181135253659937,0.10926813495248297,0.010434645559070773,0.06494607714343556
conditionals_reliable,21,3000,12,3,2.0,0.19727600521817956,j1_b_then_a,0.5,0.5,0.03,soft_core_1,1.5935775907477037,0.7293335335924003,0.1455122703794116,0.018603579858590735,0.04120305157101517
conditionals_reliable,21,3000,12,3,2.0,0.19727600521817956,j1_b_then_a,0.5,0.5,0.03,soft_core_10,1.6606411571521211,0.7474626174629422,0.19133438325366972,0.03358088132406739,0.009566029299016147
conditionals_reliable,21,3000,12,3,2.0,0.19727600521817956,j1_b_then_a,0.5,0.5,0.03,adaptive_soft,1.5549289562192923,0.7167430595036839,0.10410672836186083,0.009484350137349436,0.06828998734511585
conditionals_reliable,22,3000,12,3,2.0,0.18502352730113028,j1_b_then_a,0.75,0.75,0.03,j1,1.440985531509181,0.6731087559026883,0.12735799548541643,0.016141830248792576,0.06963691277258074
conditionals_reliable,22,3000,12,3,2.0,0.18502352730113028,j1_b_then_a,0.75,0.75,0.03,j2,1.4414796761898272,0.6739228915798786,0.12689768903105,0.016194678907509627,0.06972402324571467
conditionals_reliable,22,3000,12,3,2.0,0.18502352730113028,j1_b_then_a,0.75,0.75,0.03,selected_order,1.440985531509181,0.6731087559026883,0.12735799548541643,0.016141830248792576,0.06963691277258074
conditionals_reliable,22,3000,12,3,2.0,0.18502352730113028,j1_b_then_a,0.75,0.75,0.03,independent,1.7120452637949262,0.7324652091021114,0.28676271817079,0.08345847783307124,4.330301669903484e-17
conditionals_reliable,22,3000,12,3,2.0,0.18502352730113028,j1_b_then_a,0.75,0.75,0.03,arithmetic,1.407009761154632,0.6603938649939688,0.09431272380234723,0.008352454959271652,0.06968046800914769
conditionals_reliable,22,3000,12,3,2.0,0.18502352730113028,j1_b_then_a,0.75,0.75,0.03,geometric,1.4082387335034972,0.6610944455042977,0.09619615676367844,0.0085969817197139,0.06896324179690115
conditionals_reliable,22,3000,12,3,2.0,0.18502352730113028,j1_b_then_a,0.75,0.75,0.03,weighted_geometric,1.4163860181538712,0.6640227900375005,0.10417779733200302,0.010502935648660467,0.0691420266889031
conditionals_reliable,22,3000,12,3,2.0,0.18502352730113028,j1_b_then_a,0.75,0.75,0.03,hard_core,1.556005269707362,0.6971029595901264,0.19683360672458095,0.04139785477990608,1.6273371912646802e-14
conditionals_reliable,22,3000,12,3,2.0,0.18502352730113028,j1_b_then_a,0.75,0.75,0.03,soft_core_0.1,1.4129206415042557,0.6627406889599378,0.10239387742362514,0.009720985299023953,0.06507030502250351
conditionals_reliable,22,3000,12,3,2.0,0.18502352730113028,j1_b_then_a,0.75,0.75,0.03,soft_core_1,1.4422524739704272,0.6718998262594271,0.1329412888572534,0.01664892142552387,0.04537874671770763
conditionals_reliable,22,3000,12,3,2.0,0.18502352730113028,j1_b_then_a,0.75,0.75,0.03,soft_core_10,1.5169366572608705,0.6892306868975357,0.1796441537620152,0.03329062731352999,0.012778388072293445
conditionals_reliable,22,3000,12,3,2.0,0.18502352730113028,j1_b_then_a,0.75,0.75,0.03,adaptive_soft,1.4172416911349726,0.6642893995037011,0.10536719511604553,0.010707904140049594,0.06790487628295654
conditionals_reliable,23,3000,12,3,2.0,0.2009563498486807,j2_a_then_b,0.5,0.5,0.03,j1,1.563351023023273,0.7196679315033254,0.14163634742240522,0.018136881445815056,0.0760969907359015
conditionals_reliable,23,3000,12,3,2.0,0.2009563498486807,j2_a_then_b,0.5,0.5,0.03,j2,1.5626896572995324,0.7185356999137694,0.13874190976738257,0.017856356868546242,0.07857147679311569
conditionals_reliable,23,3000,12,3,2.0,0.2009563498486807,j2_a_then_b,0.5,0.5,0.03,selected_order,1.5626896572995324,0.7185356999137694,0.13874190976738257,0.017856356868546242,0.07857147679311569
conditionals_reliable,23,3000,12,3,2.0,0.2009563498486807,j2_a_then_b,0.5,0.5,0.03,independent,1.8714931143709692,0.7849078834396296,0.3173169935399881,0.09328790033368344,4.372919247965728e-17
conditionals_reliable,23,3000,12,3,2.0,0.2009563498486807,j2_a_then_b,0.5,0.5,0.03,arithmetic,1.5244136133765112,0.7047746444191649,0.10266737064324623,0.009179143264663951,0.07733423376450858
conditionals_reliable,23,3000,12,3,2.0,0.2009563498486807,j2_a_then_b,0.5,0.5,0.03,geometric,1.5258868496670517,0.7055908162191094,0.10481666119997055,0.009511595243602783,0.07645700042494587
conditionals_reliable,23,3000,12,3,2.0,0.2009563498486807,j2_a_then_b,0.5,0.5,0.03,weighted_geometric,1.5258868496670517,0.7055908162191094,0.10481666119997055,0.009511595243602783,0.07645700042494587
conditionals_reliable,23,3000,12,3,2.0,0.2009563498486807,j2_a_then_b,0.5,0.5,0.03,hard_core,1.6899717435818755,0.7439580033973078,0.21497868169781365,0.04642862281055832,8.640372785022412e-14
conditionals_reliable,23,3000,12,3,2.0,0.2009563498486807,j2_a_then_b,0.5,0.5,0.03,soft_core_0.1,1.5309680276877655,0.7072829543762043,0.11136431522045993,0.010731450284274366,0.0723074525909161
conditionals_reliable,23,3000,12,3,2.0,0.2009563498486807,j2_a_then_b,0.5,0.5,0.03,soft_core_1,1.5634782579231377,0.7167322412856023,0.14420626574881004,0.018426581286132823,0.05083751428488183
conditionals_reliable,23,3000,12,3,2.0,0.2009563498486807,j2_a_then_b,0.5,0.5,0.03,soft_core_10,1.6477812654279715,0.7355233302957935,0.19593363133404776,0.03744142290014075,0.014142777378786008
conditionals_reliable,23,3000,12,3,2.0,0.2009563498486807,j2_a_then_b,0.5,0.5,0.03,adaptive_soft,1.52746210940829,0.7061228145518477,0.10690074203201831,0.009890319828743452,0.07513903133259844
conditionals_reliable,24,3000,12,3,2.0,0.1938231881627663,j1_b_then_a,0.5,0.5,0.03,j1,1.4934087442299255,0.6934110753925364,0.13552161693426995,0.017285729928890752,0.07363317001530363
conditionals_reliable,24,3000,12,3,2.0,0.1938231881627663,j1_b_then_a,0.5,0.5,0.03,j2,1.4911584184477007,0.6916633140519886,0.1317267817005995,0.016841225958014242,0.07511731713716434
conditionals_reliable,24,3000,12,3,2.0,0.1938231881627663,j1_b_then_a,0.5,0.5,0.03,selected_order,1.4934087442299255,0.6934110753925364,0.13552161693426995,0.017285729928890752,0.07363317001530363
conditionals_reliable,24,3000,12,3,2.0,0.1938231881627663,j1_b_then_a,0.5,0.5,0.03,independent,1.7771276646743515,0.7575248474111881,0.30453520500617043,0.08672850827927384,4.1220370487152907e-17
conditionals_reliable,24,3000,12,3,2.0,0.1938231881627663,j1_b_then_a,0.5,0.5,0.03,arithmetic,1.4557344564106207,0.6784897023245077,0.0984214434562183,0.008712021419924394,0.07437524357623397
conditionals_reliable,24,3000,12,3,2.0,0.1938231881627663,j1_b_then_a,0.5,0.5,0.03,geometric,1.4569758009331186,0.6791680317029822,0.10008472598391659,0.008969927933515741,0.07358167013197646
conditionals_reliable,24,3000,12,3,2.0,0.1938231881627663,j1_b_then_a,0.5,0.5,0.03,weighted_geometric,1.4569758009331186,0.6791680317029822,0.10008472598391659,0.008969927933515741,0.07358167013197646
conditionals_reliable,24,3000,12,3,2.0,0.1938231881627663,j1_b_then_a,0.5,0.5,0.03,hard_core,1.6105973903768032,0.7184217499310463,0.20662444828386992,0.04348333979361405,2.140119832629328e-14
conditionals_reliable,24,3000,12,3,2.0,0.1938231881627663,j1_b_then_a,0.5,0.5,0.03,soft_core_0.1,1.4618436471117273,0.6808148513118373,0.10642923747387206,0.010137955887684947,0.069628494058825
conditionals_reliable,24,3000,12,3,2.0,0.1938231881627663,j1_b_then_a,0.5,0.5,0.03,soft_core_1,1.4935111205743694,0.690288584009124,0.13862968701051126,0.01762406568600364,0.04858683701571211
conditionals_reliable,24,3000,12,3,2.0,0.1938231881627663,j1_b_then_a,0.5,0.5,0.03,soft_core_10,1.5736355431809668,0.7099478777985072,0.18905245781554075,0.035616725801148594,0.012808580927609165
conditionals_reliable,24,3000,12,3,2.0,0.1938231881627663,j1_b_then_a,0.5,0.5,0.03,adaptive_soft,1.4584831304756969,0.6796846900831662,0.10210424155684518,0.009332075014790197,0.07233042276254922
conditionals_reliable,25,3000,12,3,2.0,0.19733335787815603,j1_b_then_a,0.5,0.5,0.03,j1,1.5537320423854002,0.7199378912664511,0.13073437479826977,0.016211605554839532,0.0754377768435911
conditionals_reliable,25,3000,12,3,2.0,0.19733335787815603,j1_b_then_a,0.5,0.5,0.03,j2,1.5607128570562394,0.7236563177869297,0.1390493187035281,0.01787049036222919,0.07103048810909218
conditionals_reliable,25,3000,12,3,2.0,0.19733335787815603,j1_b_then_a,0.5,0.5,0.03,selected_order,1.5537320423854002,0.7199378912664511,0.13073437479826977,0.016211605554839532,0.0754377768435911
conditionals_reliable,25,3000,12,3,2.0,0.19733335787815603,j1_b_then_a,0.5,0.5,0.03,independent,1.7730109191327308,0.7734768649685693,0.2731521530518982,0.07013887553559546,4.621035114078685e-17
conditionals_reliable,25,3000,12,3,2.0,0.19733335787815603,j1_b_then_a,0.5,0.5,0.03,arithmetic,1.5200302170408755,0.7080684951043427,0.09856662434727542,0.008563046402387222,0.07323413247634163
conditionals_reliable,25,3000,12,3,2.0,0.19733335787815603,j1_b_then_a,0.5,0.5,0.03,geometric,1.521604298451759,0.7089180421706996,0.1008296650252878,0.008909781152175748,0.07227790252740003
conditionals_reliable,25,3000,12,3,2.0,0.19733335787815603,j1_b_then_a,0.5,0.5,0.03,weighted_geometric,1.521604298451759,0.7089180421706996,0.1008296650252878,0.008909781152175748,0.07227790252740003
conditionals_reliable,25,3000,12,3,2.0,0.19733335787815603,j1_b_then_a,0.5,0.5,0.03,hard_core,1.6654776815520351,0.7475028580879775,0.20562664565075456,0.04068882184595419,4.052367718110224e-14
conditionals_reliable,25,3000,12,3,2.0,0.19733335787815603,j1_b_then_a,0.5,0.5,0.03,soft_core_0.1,1.5270622847877655,0.7107980794189059,0.10799461822530394,0.010217573503849884,0.06767166118493768
conditionals_reliable,25,3000,12,3,2.0,0.19733335787815603,j1_b_then_a,0.5,0.5,0.03,soft_core_1,1.5611906158816535,0.7215267808372665,0.14320034237741225,0.018233512397783966,0.04444085924472672
conditionals_reliable,25,3000,12,3,2.0,0.19733335787815603,j1_b_then_a,0.5,0.5,0.03,soft_core_10,1.63492493071003,0.7405219556069871,0.1910557877279148,0.034426714073638495,0.01072160898605447
conditionals_reliable,25,3000,12,3,2.0,0.19733335787815603,j1_b_then_a,0.5,0.5,0.03,adaptive_soft,1.5232952466647145,0.7095060606467181,0.10311273394593823,0.009315673782352839,0.07081348167436881
conditionals_reliable,26,3000,12,3,2.0,0.19285432287500306,j1_b_then_a,0.75,0.75,0.03,j1,1.530763448230162,0.7074029349937008,0.1195576220385732,0.01507579778672627,0.07546246398285417
conditionals_reliable,26,3000,12,3,2.0,0.19285432287500306,j1_b_then_a,0.75,0.75,0.03,j2,1.5431002344130518,0.7154626317430158,0.14109769258362437,0.017934798979690456,0.06374443539211229
conditionals_reliable,26,3000,12,3,2.0,0.19285432287500306,j1_b_then_a,0.75,0.75,0.03,selected_order,1.530763448230162,0.7074029349937008,0.1195576220385732,0.01507579778672627,0.07546246398285417
conditionals_reliable,26,3000,12,3,2.0,0.19285432287500306,j1_b_then_a,0.75,0.75,0.03,independent,1.7477955278591761,0.7585994406671523,0.26577105825329045,0.06693220794783941,3.8115729708268177e-17
conditionals_reliable,26,3000,12,3,2.0,0.19285432287500306,j1_b_then_a,0.75,0.75,0.03,arithmetic,1.501469538629284,0.6982536621990401,0.09724616532225643,0.008389586352399798,0.06960344968748321
conditionals_reliable,26,3000,12,3,2.0,0.19285432287500306,j1_b_then_a,0.75,0.75,0.03,geometric,1.5026170799173482,0.6987983490785366,0.09886051919608413,0.008608491532992004,0.06885350285379056
conditionals_reliable,26,3000,12,3,2.0,0.19285432287500306,j1_b_then_a,0.75,0.75,0.03,weighted_geometric,1.508066827005365,0.6999053445573289,0.10046393746646072,0.009859073339234446,0.07202666737309561
conditionals_reliable,26,3000,12,3,2.0,0.19285432287500306,j1_b_then_a,0.75,0.75,0.03,hard_core,1.6340824614267133,0.7359148151507208,0.20084546693349442,0.0384651402838424,1.9861310296062638e-14
conditionals_reliable,26,3000,12,3,2.0,0.19285432287500306,j1_b_then_a,0.75,0.75,0.03,soft_core_0.1,1.5079053915295435,0.7006353814628004,0.10596758436409495,0.009880306797364007,0.06435908708754115
conditionals_reliable,26,3000,12,3,2.0,0.19285432287500306,j1_b_then_a,0.75,0.75,0.03,soft_core_1,1.54063684138958,0.7110981679520407,0.1407001508190922,0.017626735134428622,0.041903716629709174
conditionals_reliable,26,3000,12,3,2.0,0.19285432287500306,j1_b_then_a,0.75,0.75,0.03,soft_core_10,1.6078736487144405,0.7293816201217908,0.187019787537487,0.0328146737850123,0.00991725944555905
conditionals_reliable,26,3000,12,3,2.0,0.19285432287500306,j1_b_then_a,0.75,0.75,0.03,adaptive_soft,1.5091301871305982,0.7002452683578422,0.1021298658300188,0.010114446654083058,0.0705037596109209
conditionals_reliable,27,3000,12,3,2.0,0.20176590221089735,j1_b_then_a,0.5,0.5,0.03,j1,1.5319913153379388,0.7096333829329559,0.12797130144825694,0.016289477909508018,0.07955177656807125
conditionals_reliable,27,3000,12,3,2.0,0.20176590221089735,j1_b_then_a,0.5,0.5,0.03,j2,1.5446038797980364,0.7174903969707676,0.14555156767332683,0.019179587389463296,0.07057901112649433
conditionals_reliable,27,3000,12,3,2.0,0.20176590221089735,j1_b_then_a,0.5,0.5,0.03,selected_order,1.5319913153379388,0.7096333829329559,0.12797130144825694,0.016289477909508018,0.07955177656807125
conditionals_reliable,27,3000,12,3,2.0,0.20176590221089735,j1_b_then_a,0.5,0.5,0.03,independent,1.7759057428201195,0.7686433157837418,0.28312605214493874,0.07673910977564335,4.0280595337815103e-17
conditionals_reliable,27,3000,12,3,2.0,0.20176590221089735,j1_b_then_a,0.5,0.5,0.03,arithmetic,1.4996418895042127,0.6990655248010277,0.10033500917865067,0.008907525611488923,0.07506539384728277
conditionals_reliable,27,3000,12,3,2.0,0.20176590221089735,j1_b_then_a,0.5,0.5,0.03,geometric,1.5009081123872643,0.6997538693942351,0.10222451030832638,0.009175159202059486,0.0741105676433069
conditionals_reliable,27,3000,12,3,2.0,0.20176590221089735,j1_b_then_a,0.5,0.5,0.03,weighted_geometric,1.5009081123872643,0.6997538693942351,0.10222451030832638,0.009175159202059486,0.0741105676433069
conditionals_reliable,27,3000,12,3,2.0,0.20176590221089735,j1_b_then_a,0.5,0.5,0.03,hard_core,1.655628872861973,0.7406706166349791,0.21115531499962173,0.04327886913055966,2.2904083430090865e-14
conditionals_reliable,27,3000,12,3,2.0,0.20176590221089735,j1_b_then_a,0.5,0.5,0.03,soft_core_0.1,1.5065111098205521,0.7017747697400787,0.10956157140818794,0.010524889909996353,0.0694869858480841
conditionals_reliable,27,3000,12,3,2.0,0.20176590221089735,j1_b_then_a,0.5,0.5,0.03,soft_core_1,1.5414702925478558,0.7132473127273237,0.14546855958289837,0.018774696175191643,0.04634742508771989
conditionals_reliable,27,3000,12,3,2.0,0.20176590221089735,j1_b_then_a,0.5,0.5,0.03,soft_core_10,1.6200453521105214,0.7331207856240184,0.1952624622305598,0.0360546070404085,0.011796417312613229
conditionals_reliable,27,3000,12,3,2.0,0.20176590221089735,j1_b_then_a,0.5,0.5,0.03,adaptive_soft,1.5026437429359967,0.7003852578317412,0.1045621003836008,0.009594037194329776,0.07264028216536302
conditionals_reliable,28,3000,12,3,2.0,0.18098687026570384,j1_b_then_a,0.5,0.5,0.03,j1,1.4868614952804782,0.6887699723303304,0.0965518419007778,0.011997308145286484,0.06951294447776596
conditionals_reliable,28,3000,12,3,2.0,0.18098687026570384,j1_b_then_a,0.5,0.5,0.03,j2,1.5115301931470373,0.7059385199362443,0.1388617434107152,0.017651540859613523,0.045826290564836135
conditionals_reliable,28,3000,12,3,2.0,0.18098687026570384,j1_b_then_a,0.5,0.5,0.03,selected_order,1.4868614952804782,0.6887699723303304,0.0965518419007778,0.011997308145286484,0.06951294447776596
conditionals_reliable,28,3000,12,3,2.0,0.18098687026570384,j1_b_then_a,0.5,0.5,0.03,independent,1.5589327943669486,0.7187736853255436,0.17906012116397,0.02864612373974081,4.586437638066652e-17
conditionals_reliable,28,3000,12,3,2.0,0.18098687026570384,j1_b_then_a,0.5,0.5,0.03,arithmetic,1.4671402138547447,0.6862120417452995,0.09059434364560359,0.007523609030757913,0.05766961752130103
conditionals_reliable,28,3000,12,3,2.0,0.18098687026570384,j1_b_then_a,0.5,0.5,0.03,geometric,1.468408566379272,0.6868093290469524,0.09244312597567192,0.007750240834942139,0.05671996187418569
conditionals_reliable,28,3000,12,3,2.0,0.18098687026570384,j1_b_then_a,0.5,0.5,0.03,weighted_geometric,1.468408566379272,0.6868093290469524,0.09244312597567192,0.007750240834942139,0.05671996187418569
conditionals_reliable,28,3000,12,3,2.0,0.18098687026570384,j1_b_then_a,0.5,0.5,0.03,hard_core,1.559171727473401,0.7188048027385394,0.17911156714029353,0.028693922111698144,1.376189979027855e-14
conditionals_reliable,28,3000,12,3,2.0,0.18098687026570384,j1_b_then_a,0.5,0.5,0.03,soft_core_0.1,1.4741886426486308,0.6889189100461071,0.10043858554067851,0.009141296941068943,0.05146141603709802
conditionals_reliable,28,3000,12,3,2.0,0.18098687026570384,j1_b_then_a,0.5,0.5,0.03,soft_core_1,1.5063863341528394,0.7004907305964371,0.13624039502959578,0.01674162885681032,0.028021469432795498
conditionals_reliable,28,3000,12,3,2.0,0.18098687026570384,j1_b_then_a,0.5,0.5,0.03,soft_core_10,1.548498562465415,0.7151666518327947,0.17142096019198144,0.026325510076109063,0.005035814028183525
conditionals_reliable,28,3000,12,3,2.0,0.18098687026570384,j1_b_then_a,0.5,0.5,0.03,adaptive_soft,1.4702054717924546,0.6874661869002033,0.09500538589459573,0.008183590411045757,0.05503353148300796
conditionals_reliable,29,3000,12,3,2.0,0.2003699343811894,j2_a_then_b,0.5,0.5,0.03,j1,1.5624835930801158,0.7181873284789894,0.13754259529581217,0.01771619897254331,0.07788956710804795
conditionals_reliable,29,3000,12,3,2.0,0.2003699343811894,j2_a_then_b,0.5,0.5,0.03,j2,1.562919092896978,0.7183219195598105,0.139062281398955,0.017865322085533087,0.07670962159248183
conditionals_reliable,29,3000,12,3,2.0,0.2003699343811894,j2_a_then_b,0.5,0.5,0.03,selected_order,1.562919092896978,0.7183219195598105,0.139062281398955,0.017865322085533087,0.07670962159248183
conditionals_reliable,29,3000,12,3,2.0,0.2003699343811894,j2_a_then_b,0.5,0.5,0.03,independent,1.8733891076756994,0.7848013157290885,0.3185740929996043,0.09430929830447933,4.1810339099310896e-17
conditionals_reliable,29,3000,12,3,2.0,0.2003699343811894,j2_a_then_b,0.5,0.5,0.03,arithmetic,1.5246255084370608,0.7038631229798165,0.10119099815691776,0.00905069670027645,0.07729959435026487
conditionals_reliable,29,3000,12,3,2.0,0.2003699343811894,j2_a_then_b,0.5,0.5,0.03,geometric,1.525662550268273,0.7044549460739207,0.10263887526312056,0.009273590659849828,0.07664805537677762
conditionals_reliable,29,3000,12,3,2.0,0.2003699343811894,j2_a_then_b,0.5,0.5,0.03,weighted_geometric,1.525662550268273,0.7044549460739207,0.10263887526312056,0.009273590659849828,0.07664805537677762
conditionals_reliable,29,3000,12,3,2.0,0.2003699343811894,j2_a_then_b,0.5,0.5,0.03,hard_core,1.6882935950581273,0.7439951013216701,0.21372852591909378,0.046257543962358504,1.2394501784901935e-14
conditionals_reliable,29,3000,12,3,2.0,0.2003699343811894,j2_a_then_b,0.5,0.5,0.03,soft_core_0.1,1.5307039926314225,0.7061482576043583,0.10917352544589484,0.010489245290893857,0.0725047343233284
conditionals_reliable,29,3000,12,3,2.0,0.2003699343811894,j2_a_then_b,0.5,0.5,0.03,soft_core_1,1.5630605965515505,0.7157316819365456,0.14195389124001262,0.01818390294607988,0.050961952998372126
conditionals_reliable,29,3000,12,3,2.0,0.2003699343811894,j2_a_then_b,0.5,0.5,0.03,soft_core_10,1.6467073787739754,0.7351306402533555,0.19425089143452715,0.0372408251840647,0.014130203257821992
conditionals_reliable,29,3000,12,3,2.0,0.2003699343811894,j2_a_then_b,0.5,0.5,0.03,adaptive_soft,1.5272242885095937,0.7049861472631195,0.1047186376007147,0.009650705691033478,0.07533331508431933
conditionals_reliable,30,3000,12,3,2.0,0.19782634887871836,j2_a_then_b,0.5,0.5,0.03,j1,1.5550688020494432,0.7158082696898868,0.12624593169499682,0.01591872299287566,0.07534195501674276
conditionals_reliable,30,3000,12,3,2.0,0.19782634887871836,j2_a_then_b,0.5,0.5,0.03,j2,1.5652995350336003,0.7220997294138494,0.14069105570380955,0.01816506844655322,0.0671947011277544
conditionals_reliable,30,3000,12,3,2.0,0.19782634887871836,j2_a_then_b,0.5,0.5,0.03,selected_order,1.5652995350336003,0.7220997294138494,0.14069105570380955,0.01816506844655322,0.0671947011277544
conditionals_reliable,30,3000,12,3,2.0,0.19782634887871836,j2_a_then_b,0.5,0.5,0.03,independent,1.7460456254475152,0.7638615783245556,0.25745008076032283,0.0618382100200363,4.7375100158503874e-17
conditionals_reliable,30,3000,12,3,2.0,0.19782634887871836,j2_a_then_b,0.5,0.5,0.03,arithmetic,1.5226709729995747,0.7054631169005392,0.09805322544406887,0.008507381980923238,0.07126832807224855
conditionals_reliable,30,3000,12,3,2.0,0.19782634887871836,j2_a_then_b,0.5,0.5,0.03,geometric,1.5242982753645975,0.7062734970138136,0.10042151673371039,0.008857306396114355,0.07020715969578357
conditionals_reliable,30,3000,12,3,2.0,0.19782634887871836,j2_a_then_b,0.5,0.5,0.03,weighted_geometric,1.5242982753645975,0.7062734970138136,0.10042151673371039,0.008857306396114355,0.07020715969578357
conditionals_reliable,30,3000,12,3,2.0,0.19782634887871836,j2_a_then_b,0.5,0.5,0.03,hard_core,1.6557260416729962,0.7445580197453336,0.2033551458600413,0.03853134949610479,3.1609109300843535e-14
conditionals_reliable,30,3000,12,3,2.0,0.19782634887871836,j2_a_then_b,0.5,0.5,0.03,soft_core_0.1,1.5300339562132488,0.7082749381143971,0.10800005851958154,0.010234687778997173,0.06531654031632345
conditionals_reliable,30,3000,12,3,2.0,0.19782634887871836,j2_a_then_b,0.5,0.5,0.03,soft_core_1,1.5651064602035274,0.7196276339520122,0.14440597912128147,0.01849821555525058,0.04126678964740489
conditionals_reliable,30,3000,12,3,2.0,0.19782634887871836,j2_a_then_b,0.5,0.5,0.03,soft_core_10,1.6316629537410117,0.7383507862430753,0.19043712826385853,0.03340086163150635,0.009265246236468351
conditionals_reliable,30,3000,12,3,2.0,0.19782634887871836,j2_a_then_b,0.5,0.5,0.03,adaptive_soft,1.5260757209597071,0.7068987015426189,0.102836485414769,0.00928493797286636,0.06864905639628935
conditionals_reliable,31,3000,12,3,2.0,0.20049076222009118,j2_a_then_b,0.5,0.5,0.03,j1,1.486689025955499,0.6949942666706767,0.1424745307089513,0.018326167860738294,0.07667555012679865
conditionals_reliable,31,3000,12,3,2.0,0.20049076222009118,j2_a_then_b,0.5,0.5,0.03,j2,1.481699091428095,0.6914201572621662,0.132835979748619,0.01716735794529756,0.08159998261797685
conditionals_reliable,31,3000,12,3,2.0,0.20049076222009118,j2_a_then_b,0.5,0.5,0.03,selected_order,1.481699091428095,0.6914201572621662,0.132835979748619,0.01716735794529756,0.08159998261797685
conditionals_reliable,31,3000,12,3,2.0,0.20049076222009118,j2_a_then_b,0.5,0.5,0.03,independent,1.8340988832546459,0.7656576765054259,0.33418739965300115,0.10164867928519335,4.0587302579884094e-17
conditionals_reliable,31,3000,12,3,2.0,0.20049076222009118,j2_a_then_b,0.5,0.5,0.03,arithmetic,1.4454328384804487,0.6779059486912874,0.10024456459452206,0.008923544313090533,0.07913776637238773
conditionals_reliable,31,3000,12,3,2.0,0.20049076222009118,j2_a_then_b,0.5,0.5,0.03,geometric,1.4469569317928153,0.6786798899019696,0.10221465174091736,0.009245893112037084,0.07847018812218447
conditionals_reliable,31,3000,12,3,2.0,0.20049076222009118,j2_a_then_b,0.5,0.5,0.03,weighted_geometric,1.4469569317928153,0.6786798899019696,0.10221465174091736,0.009245893112037084,0.07847018812218447
conditionals_reliable,31,3000,12,3,2.0,0.20049076222009118,j2_a_then_b,0.5,0.5,0.03,hard_core,1.6216651925229346,0.7191235384149965,0.21448851524819465,0.04800723932801929,1.032225869539999e-14
conditionals_reliable,31,3000,12,3,2.0,0.20049076222009118,j2_a_then_b,0.5,0.5,0.03,soft_core_0.1,1.4516345242061623,0.6802671995445111,0.10824657628298562,0.01036685326154702,0.07474470888490806
conditionals_reliable,31,3000,12,3,2.0,0.20049076222009118,j2_a_then_b,0.5,0.5,0.03,soft_core_1,1.483588203760161,0.6894457826752387,0.13987902077589798,0.017912369680740347,0.05387494989437116
conditionals_reliable,31,3000,12,3,2.0,0.20049076222009118,j2_a_then_b,0.5,0.5,0.03,soft_core_10,1.5763765004760668,0.7098551123519454,0.19454794040557322,0.03853159142338949,0.014749537924846866
conditionals_reliable,31,3000,12,3,2.0,0.20049076222009118,j2_a_then_b,0.5,0.5,0.03,adaptive_soft,1.4484030257747096,0.679179162296662,0.10413163848378713,0.009592853156279522,0.07729489162010127
conditionals_reliable,32,3000,12,3,2.0,0.19983840931974625,j2_a_then_b,0.5,0.5,0.03,j1,1.5653058153492363,0.7179266511749215,0.14110966901976224,0.018451850218128774,0.07510267509228091
conditionals_reliable,32,3000,12,3,2.0,0.19983840931974625,j2_a_then_b,0.5,0.5,0.03,j2,1.5608670879805477,0.7168826868658725,0.1372067612227689,0.017534793826507657,0.07653360331717823
conditionals_reliable,32,3000,12,3,2.0,0.19983840931974625,j2_a_then_b,0.5,0.5,0.03,selected_order,1.5608670879805477,0.7168826868658725,0.1372067612227689,0.017534793826507657,0.07653360331717823
conditionals_reliable,32,3000,12,3,2.0,0.19983840931974625,j2_a_then_b,0.5,0.5,0.03,independent,1.859547313955572,0.7791392253650318,0.3098488161309339,0.09085589109588488,4.335402238790488e-17
conditionals_reliable,32,3000,12,3,2.0,0.19983840931974625,j2_a_then_b,0.5,0.5,0.03,arithmetic,1.524551914394393,0.7034881358990224,0.10255774359060121,0.009232922691287263,0.07581813920472955
conditionals_reliable,32,3000,12,3,2.0,0.19983840931974625,j2_a_then_b,0.5,0.5,0.03,geometric,1.5261985086794398,0.7043219054065606,0.1047655712081125,0.009595244429382496,0.07484025903601256
conditionals_reliable,32,3000,12,3,2.0,0.19983840931974625,j2_a_then_b,0.5,0.5,0.03,weighted_geometric,1.5261985086794398,0.7043219054065606,0.1047655712081125,0.009595244429382496,0.07484025903601256
conditionals_reliable,32,3000,12,3,2.0,0.19983840931974625,j2_a_then_b,0.5,0.5,0.03,hard_core,1.688174997972105,0.7433428015956224,0.2132922240607622,0.04521781254061103,1.1213064447166337e-14
conditionals_reliable,32,3000,12,3,2.0,0.19983840931974625,j2_a_then_b,0.5,0.5,0.03,soft_core_0.1,1.5315051700077424,0.7061236838204644,0.11155184360124387,0.010863076379576165,0.07060543434165295
conditionals_reliable,32,3000,12,3,2.0,0.19983840931974625,j2_a_then_b,0.5,0.5,0.03,soft_core_1,1.565235791027784,0.7162277353925244,0.1451580058288551,0.018772681581250374,0.04874674656428167
conditionals_reliable,32,3000,12,3,2.0,0.19983840931974625,j2_a_then_b,0.5,0.5,0.03,soft_core_10,1.6487798862407221,0.7353281121560705,0.19580602756277335,0.037120715048814784,0.012956213239888137
conditionals_reliable,32,3000,12,3,2.0,0.19983840931974625,j2_a_then_b,0.5,0.5,0.03,adaptive_soft,1.5278445067408428,0.7048875254803656,0.10692998741554605,0.009989173917590102,0.07349597069647448
conditionals_reliable,33,3000,12,3,2.0,0.20277155641736452,j2_a_then_b,0.5,0.5,0.03,j1,1.5767263692638298,0.7236687670788357,0.13773991516113707,0.0179371922928189,0.07862939510538827
conditionals_reliable,33,3000,12,3,2.0,0.20277155641736452,j2_a_then_b,0.5,0.5,0.03,j2,1.5793164025679793,0.7258494820424838,0.1424678757724052,0.0185004216574849,0.07637553048169303
conditionals_reliable,33,3000,12,3,2.0,0.20277155641736452,j2_a_then_b,0.5,0.5,0.03,selected_order,1.5793164025679793,0.7258494820424838,0.1424678757724052,0.0185004216574849,0.07637553048169303
conditionals_reliable,33,3000,12,3,2.0,0.20277155641736452,j2_a_then_b,0.5,0.5,0.03,independent,1.8691102237750754,0.7855819007098543,0.3087432383672654,0.09013475994167874,4.035972101469764e-17
conditionals_reliable,33,3000,12,3,2.0,0.20277155641736452,j2_a_then_b,0.5,0.5,0.03,arithmetic,1.5386786005357815,0.7103759852408564,0.10261092843108002,0.009246926958916206,0.07750246279354064
conditionals_reliable,33,3000,12,3,2.0,0.20277155641736452,j2_a_then_b,0.5,0.5,0.03,geometric,1.5400871428956953,0.7111327293526539,0.10456079779894589,0.009550572593105938,0.07666795917638156
conditionals_reliable,33,3000,12,3,2.0,0.20277155641736452,j2_a_then_b,0.5,0.5,0.03,weighted_geometric,1.5400871428956953,0.7111327293526539,0.10456079779894589,0.009550572593105938,0.07666795917638156
conditionals_reliable,33,3000,12,3,2.0,0.20277155641736452,j2_a_then_b,0.5,0.5,0.03,hard_core,1.703918743839014,0.7517170231692657,0.21598920430351512,0.04614500988604005,5.2837340673770275e-14
conditionals_reliable,33,3000,12,3,2.0,0.20277155641736452,j2_a_then_b,0.5,0.5,0.03,soft_core_0.1,1.5454470249538774,0.7129621483081006,0.11140889399343495,0.010836333363963092,0.07234325869896012
conditionals_reliable,33,3000,12,3,2.0,0.20277155641736452,j2_a_then_b,0.5,0.5,0.03,soft_core_1,1.5796902516200588,0.7233267019668451,0.1456536627436045,0.018913582380562562,0.04998557529097357
conditionals_reliable,33,3000,12,3,2.0,0.20277155641736452,j2_a_then_b,0.5,0.5,0.03,soft_core_10,1.6644487584403498,0.743288165763816,0.19804823571170127,0.03783181683412123,0.01324531480187779
conditionals_reliable,33,3000,12,3,2.0,0.20277155641736452,j2_a_then_b,0.5,0.5,0.03,adaptive_soft,1.5417480999395285,0.7117060468439584,0.10674225919950446,0.009949622335605018,0.07529396945904923
conditionals_reliable,34,3000,12,3,2.0,0.19478994089394047,j1_b_then_a,0.5,0.5,0.03,j1,1.521057632734444,0.7097536220959284,0.13674652942079865,0.017387368716682408,0.06945118226605855
conditionals_reliable,34,3000,12,3,2.0,0.19478994089394047,j1_b_then_a,0.5,0.5,0.03,j2,1.515652579397038,0.706027918383316,0.12861068057104472,0.016312231016335957,0.07354713423163464
conditionals_reliable,34,3000,12,3,2.0,0.19478994089394047,j1_b_then_a,0.5,0.5,0.03,selected_order,1.521057632734444,0.7097536220959284,0.13674652942079865,0.017387368716682408,0.06945118226605855
conditionals_reliable,34,3000,12,3,2.0,0.19478994089394047,j1_b_then_a,0.5,0.5,0.03,independent,1.7305436339416718,0.7566099734723563,0.2669944864268378,0.06829164401344584,4.181842468759584e-17
conditionals_reliable,34,3000,12,3,2.0,0.19478994089394047,j1_b_then_a,0.5,0.5,0.03,arithmetic,1.4818061970917016,0.6942731130472355,0.09762471989189385,0.008506501238786197,0.0714991582488466
conditionals_reliable,34,3000,12,3,2.0,0.19478994089394047,j1_b_then_a,0.5,0.5,0.03,geometric,1.483132279358085,0.6950468603642981,0.09968124948744371,0.008790758799806269,0.07054954913506357
conditionals_reliable,34,3000,12,3,2.0,0.19478994089394047,j1_b_then_a,0.5,0.5,0.03,weighted_geometric,1.483132279358085,0.6950468603642981,0.09968124948744371,0.008790758799806269,0.07054954913506357
conditionals_reliable,34,3000,12,3,2.0,0.19478994089394047,j1_b_then_a,0.5,0.5,0.03,hard_core,1.620449079766933,0.7338600602268909,0.2032811124525726,0.039688841394195394,2.060070168802198e-14
conditionals_reliable,34,3000,12,3,2.0,0.19478994089394047,j1_b_then_a,0.5,0.5,0.03,soft_core_0.1,1.4885597104758448,0.6970142842283891,0.10691529152287803,0.010094914107549126,0.06594819614725915
conditionals_reliable,34,3000,12,3,2.0,0.19478994089394047,j1_b_then_a,0.5,0.5,0.03,soft_core_1,1.5222304631650594,0.7081400977794836,0.14212443282746087,0.018036744157949515,0.04297176774233933
conditionals_reliable,34,3000,12,3,2.0,0.19478994089394047,j1_b_then_a,0.5,0.5,0.03,soft_core_10,1.5922755814899123,0.727133113719518,0.18925167147818672,0.03371563520012754,0.0102580757976708
conditionals_reliable,34,3000,12,3,2.0,0.19478994089394047,j1_b_then_a,0.5,0.5,0.03,adaptive_soft,1.4848143586916263,0.6956623550560789,0.10198903572544424,0.00919566685499379,0.06908477648544845
conditionals_reliable,35,3000,12,3,2.0,0.19888300808803644,j1_b_then_a,0.5,0.5,0.03,j1,1.532583902425706,0.708807916082885,0.14204650548844955,0.0184718374307419,0.07654701048672019
conditionals_reliable,35,3000,12,3,2.0,0.19888300808803644,j1_b_then_a,0.5,0.5,0.03,j2,1.5272661764716646,0.70586731415636,0.1358342791664995,0.01739111378601132,0.07881843143804128
conditionals_reliable,35,3000,12,3,2.0,0.19888300808803644,j1_b_then_a,0.5,0.5,0.03,selected_order,1.532583902425706,0.708807916082885,0.14204650548844955,0.0184718374307419,0.07654701048672019
conditionals_reliable,35,3000,12,3,2.0,0.19888300808803644,j1_b_then_a,0.5,0.5,0.03,independent,1.8571162776891792,0.7780541653937121,0.32503303242367715,0.09729237856906765,4.2676471700583875e-17
conditionals_reliable,35,3000,12,3,2.0,0.19888300808803644,j1_b_then_a,0.5,0.5,0.03,arithmetic,1.491263168503711,0.6927061617362648,0.10194907215846259,0.009167395583032355,0.07768272096238073
conditionals_reliable,35,3000,12,3,2.0,0.19888300808803644,j1_b_then_a,0.5,0.5,0.03,geometric,1.4932204670054638,0.693697132164458,0.10452724657751013,0.009618354922629161,0.07679023824420333
conditionals_reliable,35,3000,12,3,2.0,0.19888300808803644,j1_b_then_a,0.5,0.5,0.03,weighted_geometric,1.4932204670054638,0.693697132164458,0.10452724657751013,0.009618354922629161,0.07679023824420333
conditionals_reliable,35,3000,12,3,2.0,0.19888300808803644,j1_b_then_a,0.5,0.5,0.03,hard_core,1.6592976046500993,0.7324298229108291,0.21416224843388318,0.047122178004590294,2.4526091626438415e-14
conditionals_reliable,35,3000,12,3,2.0,0.19888300808803644,j1_b_then_a,0.5,0.5,0.03,soft_core_0.1,1.498139003688934,0.6953139013893362,0.11075827761615432,0.010790253523303595,0.07289420644091875
conditionals_reliable,35,3000,12,3,2.0,0.19888300808803644,j1_b_then_a,0.5,0.5,0.03,soft_core_1,1.5299899714315637,0.7042386776955466,0.1421949863722905,0.01827064086268981,0.052164703644203024
conditionals_reliable,35,3000,12,3,2.0,0.19888300808803644,j1_b_then_a,0.5,0.5,0.03,soft_core_10,1.6162654387020987,0.7232162465112465,0.19438329467680668,0.03777604850581661,0.014618139682342011
conditionals_reliable,35,3000,12,3,2.0,0.19888300808803644,j1_b_then_a,0.5,0.5,0.03,adaptive_soft,1.494745902197426,0.6942069467104055,0.10651475874317108,0.009982352471832734,0.07555545978847888
conditionals_reliable,36,3000,12,3,2.0,0.1883731376623723,j1_b_then_a,0.5,0.5,0.03,j1,1.431278852019833,0.6658927350770987,0.1365661068545137,0.01734897387994196,0.07222775588614176
conditionals_reliable,36,3000,12,3,2.0,0.1883731376623723,j1_b_then_a,0.5,0.5,0.03,j2,1.426014781449682,0.6617523124540254,0.1281563835019675,0.016114714095792647,0.07571221252345893
conditionals_reliable,36,3000,12,3,2.0,0.1883731376623723,j1_b_then_a,0.5,0.5,0.03,selected_order,1.431278852019833,0.6658927350770987,0.1365661068545137,0.01734897387994196,0.07222775588614176
conditionals_reliable,36,3000,12,3,2.0,0.1883731376623723,j1_b_then_a,0.5,0.5,0.03,independent,1.7599762628117097,0.7353377673711938,0.3182301784990002,0.09632017174616869,4.3240346801792476e-17
conditionals_reliable,36,3000,12,3,2.0,0.1883731376623723,j1_b_then_a,0.5,0.5,0.03,arithmetic,1.3931812417231428,0.6499261318095099,0.0970009258973925,0.00863649043862206,0.07396998420480033
conditionals_reliable,36,3000,12,3,2.0,0.1883731376623723,j1_b_then_a,0.5,0.5,0.03,geometric,1.394546475003823,0.6506471360014064,0.09887512540560797,0.008926700796355503,0.07327171852247777
conditionals_reliable,36,3000,12,3,2.0,0.1883731376623723,j1_b_then_a,0.5,0.5,0.03,weighted_geometric,1.394546475003823,0.6506471360014064,0.09887512540560797,0.008926700796355503,0.07327171852247777
conditionals_reliable,36,3000,12,3,2.0,0.1883731376623723,j1_b_then_a,0.5,0.5,0.03,hard_core,1.553366718700265,0.6873172925944604,0.2038321553714105,0.0448504993654503,3.242384447352562e-14
conditionals_reliable,36,3000,12,3,2.0,0.1883731376623723,j1_b_then_a,0.5,0.5,0.03,soft_core_0.1,1.398872249804791,0.6520767280548073,0.10450904041949732,0.009962442109154332,0.06977765388938335
conditionals_reliable,36,3000,12,3,2.0,0.1883731376623723,j1_b_then_a,0.5,0.5,0.03,soft_core_1,1.4275853250602568,0.6600707477693112,0.1335075580034984,0.016752284711342127,0.05074253697602578
conditionals_reliable,36,3000,12,3,2.0,0.1883731376623723,j1_b_then_a,0.5,0.5,0.03,soft_core_10,1.5108374000097833,0.6781684872902581,0.1840700981998213,0.03560087255092148,0.014486569206876203
conditionals_reliable,36,3000,12,3,2.0,0.1883731376623723,j1_b_then_a,0.5,0.5,0.03,adaptive_soft,1.3958868143301455,0.651098262162753,0.10066817009078967,0.009248006812586427,0.07216491513885714
conditionals_reliable,37,3000,12,3,2.0,0.19619158424093858,j2_a_then_b,0.5,0.5,0.03,j1,1.5701823696260495,0.7191011706983971,0.13099990890846921,0.016527694991651024,0.07228375236978675
conditionals_reliable,37,3000,12,3,2.0,0.19619158424093858,j2_a_then_b,0.5,0.5,0.03,j2,1.5749740289835004,0.7214774998415759,0.1372931753146037,0.017706691136039076,0.06933659991856705
conditionals_reliable,37,3000,12,3,2.0,0.19619158424093858,j2_a_then_b,0.5,0.5,0.03,selected_order,1.5749740289835004,0.7214774998415759,0.1372931753146037,0.017706691136039076,0.06933659991856705
conditionals_reliable,37,3000,12,3,2.0,0.19619158424093858,j2_a_then_b,0.5,0.5,0.03,independent,1.7660813123533665,0.7626516219154486,0.2577918038405757,0.0644085273511262,4.3057764144273216e-17
conditionals_reliable,37,3000,12,3,2.0,0.19619158424093858,j2_a_then_b,0.5,0.5,0.03,arithmetic,1.5356009857500232,0.7074826487953908,0.09893383063333244,0.008671164167882134,0.07081017614417688
conditionals_reliable,37,3000,12,3,2.0,0.19619158424093858,j2_a_then_b,0.5,0.5,0.03,geometric,1.5369996705694704,0.7081323782635351,0.10082825457374145,0.008972707868020551,0.06976446556354554
conditionals_reliable,37,3000,12,3,2.0,0.19619158424093858,j2_a_then_b,0.5,0.5,0.03,weighted_geometric,1.5369996705694704,0.7081323782635351,0.10082825457374145,0.008972707868020551,0.06976446556354554
conditionals_reliable,37,3000,12,3,2.0,0.19619158424093858,j2_a_then_b,0.5,0.5,0.03,hard_core,1.6709693174593958,0.745294644418454,0.20358300565835827,0.038962009744477805,1.500036387059219e-14
conditionals_reliable,37,3000,12,3,2.0,0.19619158424093858,j2_a_then_b,0.5,0.5,0.03,soft_core_0.1,1.542713814249251,0.71010263500963,0.10838850502630615,0.010347055892726172,0.06485222040690346
conditionals_reliable,37,3000,12,3,2.0,0.19619158424093858,j2_a_then_b,0.5,0.5,0.03,soft_core_1,1.5772382882492515,0.7211751457582234,0.14443222347510407,0.018480624320455042,0.041146887304399964
conditionals_reliable,37,3000,12,3,2.0,0.19619158424093858,j2_a_then_b,0.5,0.5,0.03,soft_core_10,1.6448088201404292,0.7391049034418872,0.19025843786281185,0.03348182626930776,0.009586430112126594
conditionals_reliable,37,3000,12,3,2.0,0.19619158424093858,j2_a_then_b,0.5,0.5,0.03,adaptive_soft,1.5387728850140072,0.7087478672755406,0.1032424691392185,0.00940006181357324,0.06819729138652923
conditionals_reliable,38,3000,12,3,2.0,0.2124875884041854,j2_a_then_b,0.5,0.5,0.03,j1,1.6959172282256685,0.7699477388167599,0.14360660085363183,0.018616017087976406,0.08422530404382148
conditionals_reliable,38,3000,12,3,2.0,0.2124875884041854,j2_a_then_b,0.5,0.5,0.03,j2,1.7025417741450632,0.7736491511229788,0.1537518697982757,0.020143749782199395,0.0784693233961687
conditionals_reliable,38,3000,12,3,2.0,0.2124875884041854,j2_a_then_b,0.5,0.5,0.03,selected_order,1.7025417741450632,0.7736491511229788,0.1537518697982757,0.020143749782199395,0.0784693233961687
conditionals_reliable,38,3000,12,3,2.0,0.2124875884041854,j2_a_then_b,0.5,0.5,0.03,independent,2.0129560406598515,0.8339865911554354,0.32745972107808863,0.09501196693328572,4.2563552042113696e-17
conditionals_reliable,38,3000,12,3,2.0,0.2124875884041854,j2_a_then_b,0.5,0.5,0.03,arithmetic,1.6569284665924084,0.7571554928291621,0.10772837126105612,0.009787103668212501,0.08134731371999507
conditionals_reliable,38,3000,12,3,2.0,0.2124875884041854,j2_a_then_b,0.5,0.5,0.03,geometric,1.6591200101964008,0.7582666017081069,0.11108722644655365,0.010318901634948857,0.08013693743597908
conditionals_reliable,38,3000,12,3,2.0,0.2124875884041854,j2_a_then_b,0.5,0.5,0.03,weighted_geometric,1.6591200101964008,0.7582666017081069,0.11108722644655365,0.010318901634948857,0.08013693743597908
conditionals_reliable,38,3000,12,3,2.0,0.2124875884041854,j2_a_then_b,0.5,0.5,0.03,hard_core,1.8319692410915531,0.7982010243233898,0.22670077666578323,0.048546515071010064,1.0831783752065144e-14
conditionals_reliable,38,3000,12,3,2.0,0.2124875884041854,j2_a_then_b,0.5,0.5,0.03,soft_core_0.1,1.6648799238849215,0.7601125106991252,0.11829829969972676,0.011692545472913226,0.07551932488426942
conditionals_reliable,38,3000,12,3,2.0,0.2124875884041854,j2_a_then_b,0.5,0.5,0.03,soft_core_1,1.7015021772905814,0.7704921209929939,0.15417751038598534,0.020272230766456296,0.05174935374346532
conditionals_reliable,38,3000,12,3,2.0,0.2124875884041854,j2_a_then_b,0.5,0.5,0.03,soft_core_10,1.7905519931453253,0.7901187813483652,0.2082182179627192,0.039935589341722776,0.013623571855504786
conditionals_reliable,38,3000,12,3,2.0,0.2124875884041854,j2_a_then_b,0.5,0.5,0.03,adaptive_soft,1.66090584675785,0.7588463227130599,0.11338578883124324,0.010745497956855102,0.07867077139335239
conditionals_reliable,39,3000,12,3,2.0,0.2001932083634463,j2_a_then_b,0.5,0.5,0.03,j1,1.5707830638352913,0.7282574308576804,0.1341021891849747,0.01721236687379283,0.07522931113802984
conditionals_reliable,39,3000,12,3,2.0,0.2001932083634463,j2_a_then_b,0.5,0.5,0.03,j2,1.573852705847767,0.7304804677288883,0.13888825797811968,0.017853342341184776,0.07191757273451745
conditionals_reliable,39,3000,12,3,2.0,0.2001932083634463,j2_a_then_b,0.5,0.5,0.03,selected_order,1.573852705847767,0.7304804677288883,0.13888825797811968,0.017853342341184776,0.07191757273451745
conditionals_reliable,39,3000,12,3,2.0,0.2001932083634463,j2_a_then_b,0.5,0.5,0.03,independent,1.8140686146508251,0.7813580217278957,0.28508317086577195,0.07546190878907437,3.8873094618348873e-17
conditionals_reliable,39,3000,12,3,2.0,0.2001932083634463,j2_a_then_b,0.5,0.5,0.03,arithmetic,1.5344496254141615,0.7153226048419904,0.10093899493710981,0.008893590979506916,0.07357344193627362
conditionals_reliable,39,3000,12,3,2.0,0.2001932083634463,j2_a_then_b,0.5,0.5,0.03,geometric,1.5358729661814932,0.7160372690592093,0.10287840868645674,0.009188013463210323,0.07283304865537424
conditionals_reliable,39,3000,12,3,2.0,0.2001932083634463,j2_a_then_b,0.5,0.5,0.03,weighted_geometric,1.5358729661814932,0.7160372690592093,0.10287840868645674,0.009188013463210323,0.07283304865537424
conditionals_reliable,39,3000,12,3,2.0,0.2001932083634463,j2_a_then_b,0.5,0.5,0.03,hard_core,1.6818645793835136,0.7555620444566822,0.21020857914888702,0.04195820920633772,1.7193179521391032e-14
conditionals_reliable,39,3000,12,3,2.0,0.2001932083634463,j2_a_then_b,0.5,0.5,0.03,soft_core_0.1,1.5413340363940382,0.717983094992745,0.11009266326382812,0.010499182909952888,0.06828996533868498
conditionals_reliable,39,3000,12,3,2.0,0.2001932083634463,j2_a_then_b,0.5,0.5,0.03,soft_core_1,1.5755513202902496,0.7290078478902627,0.14566899364437932,0.018571089362548858,0.0453421127956373
conditionals_reliable,39,3000,12,3,2.0,0.2001932083634463,j2_a_then_b,0.5,0.5,0.03,soft_core_10,1.6506701063879101,0.7483936794909626,0.19494175879875503,0.03535568878384273,0.011137404551075857
conditionals_reliable,39,3000,12,3,2.0,0.2001932083634463,j2_a_then_b,0.5,0.5,0.03,adaptive_soft,1.5375654988236562,0.71664614560458,0.10517834205286557,0.00959504796186661,0.07138722909564414
conditionals_reliable,40,3000,12,3,2.0,0.20890611636595927,j2_a_then_b,0.5,0.5,0.03,j1,1.5359544804260719,0.7155550286791507,0.15043960588884625,0.01965090593094623,0.08281080046992369
conditionals_reliable,40,3000,12,3,2.0,0.20890611636595927,j2_a_then_b,0.5,0.5,0.03,j2,1.5314726943509915,0.7121055190079849,0.1430669324977983,0.018613538937883083,0.08749711230535276
conditionals_reliable,40,3000,12,3,2.0,0.20890611636595927,j2_a_then_b,0.5,0.5,0.03,selected_order,1.5314726943509915,0.7121055190079849,0.1430669324977983,0.018613538937883083,0.08749711230535276
conditionals_reliable,40,3000,12,3,2.0,0.20890611636595927,j2_a_then_b,0.5,0.5,0.03,independent,1.9445103325726079,0.7981300665281374,0.36952262340969133,0.11743256706805735,4.1070036073883685e-17
conditionals_reliable,40,3000,12,3,2.0,0.20890611636595927,j2_a_then_b,0.5,0.5,0.03,arithmetic,1.4926002370461227,0.6973205202060548,0.10579550232201529,0.009732006879213537,0.08515395638763822
conditionals_reliable,40,3000,12,3,2.0,0.20890611636595927,j2_a_then_b,0.5,0.5,0.03,geometric,1.4939331513134375,0.6980609798247489,0.10757832558898243,0.01002976688839708,0.08465951231919946
conditionals_reliable,40,3000,12,3,2.0,0.20890611636595927,j2_a_then_b,0.5,0.5,0.03,weighted_geometric,1.4939331513134375,0.6980609798247489,0.10757832558898243,0.01002976688839708,0.08465951231919946
conditionals_reliable,40,3000,12,3,2.0,0.20890611636595927,j2_a_then_b,0.5,0.5,0.03,hard_core,1.6893846454407406,0.7400672795689663,0.22700282072835706,0.05362599409135883,5.2174593680718337e-14
conditionals_reliable,40,3000,12,3,2.0,0.20890611636595927,j2_a_then_b,0.5,0.5,0.03,soft_core_0.1,1.4985425763397635,0.6995219464434644,0.113383555016692,0.01113456866808399,0.0810673211506286
conditionals_reliable,40,3000,12,3,2.0,0.20890611636595927,j2_a_then_b,0.5,0.5,0.03,soft_core_1,1.5310921045341817,0.7079543297486327,0.14468296711414882,0.01885036928635383,0.060118325519623934
conditionals_reliable,40,3000,12,3,2.0,0.20890611636595927,j2_a_then_b,0.5,0.5,0.03,soft_core_10,1.6355560607037667,0.7293816083546076,0.20379649292797752,0.042270191620264616,0.017064835281850467
conditionals_reliable,40,3000,12,3,2.0,0.20890611636595927,j2_a_then_b,0.5,0.5,0.03,adaptive_soft,1.4953573016257709,0.6985228298837607,0.10941927889388446,0.010371391373946243,0.08353083197576613
conditionals_reliable,41,3000,12,3,2.0,0.19795477071528894,j2_a_then_b,0.5,0.5,0.03,j1,1.5842668844495187,0.7320383040177861,0.12772498384036596,0.01609981313467895,0.07650396749618721
conditionals_reliable,41,3000,12,3,2.0,0.19795477071528894,j2_a_then_b,0.5,0.5,0.03,j2,1.5956518458517939,0.738894766947859,0.14433845457678549,0.018573813391880866,0.06803352073681682
conditionals_reliable,41,3000,12,3,2.0,0.19795477071528894,j2_a_then_b,0.5,0.5,0.03,selected_order,1.5956518458517939,0.738894766947859,0.14433845457678549,0.018573813391880866,0.06803352073681682
conditionals_reliable,41,3000,12,3,2.0,0.19795477071528894,j2_a_then_b,0.5,0.5,0.03,independent,1.8225205420443242,0.7870424901276597,0.2813187854764222,0.07367112038228427,4.1821028278646156e-17
conditionals_reliable,41,3000,12,3,2.0,0.19795477071528894,j2_a_then_b,0.5,0.5,0.03,arithmetic,1.5530033036995128,0.7221876286079606,0.10145858179815709,0.008944429693316647,0.072268744116502
conditionals_reliable,41,3000,12,3,2.0,0.19795477071528894,j2_a_then_b,0.5,0.5,0.03,geometric,1.554890533973864,0.7231863167975827,0.10426206535262976,0.009366391593661394,0.07130488170690623
conditionals_reliable,41,3000,12,3,2.0,0.19795477071528894,j2_a_then_b,0.5,0.5,0.03,weighted_geometric,1.554890533973864,0.7231863167975827,0.10426206535262976,0.009366391593661394,0.07130488170690623
conditionals_reliable,41,3000,12,3,2.0,0.19795477071528894,j2_a_then_b,0.5,0.5,0.03,hard_core,1.6956093620664812,0.760085169077248,0.20752171187023083,0.04066368838322444,2.3613909603553215e-14
conditionals_reliable,41,3000,12,3,2.0,0.19795477071528894,j2_a_then_b,0.5,0.5,0.03,soft_core_0.1,1.5603577621035032,0.7250823221826442,0.11142345441822107,0.010672351324062974,0.06676531707546582
conditionals_reliable,41,3000,12,3,2.0,0.19795477071528894,j2_a_then_b,0.5,0.5,0.03,soft_core_1,1.593877973733318,0.7355755426995826,0.1461378105253434,0.018531803579663202,0.04407236115797108
conditionals_reliable,41,3000,12,3,2.0,0.19795477071528894,j2_a_then_b,0.5,0.5,0.03,soft_core_10,1.6655566797305,0.7534927832116131,0.1930369907630935,0.03440082666971264,0.010825284670427423
conditionals_reliable,41,3000,12,3,2.0,0.19795477071528894,j2_a_then_b,0.5,0.5,0.03,adaptive_soft,1.5565890595717182,0.7237813912476126,0.10654771323629128,0.009772828216132685,0.0698597351625046
conditionals_reliable,42,3000,12,3,2.0,0.20543151545640326,j1_b_then_a,0.5,0.5,0.03,j1,1.6215931387153522,0.7408827427269035,0.14285460130474165,0.018282390595093796,0.07889805051085554
conditionals_reliable,42,3000,12,3,2.0,0.20543151545640326,j1_b_then_a,0.5,0.5,0.03,j2,1.622973609524657,0.7410679619203954,0.14347759589420178,0.018612819705402746,0.07868260072258802
conditionals_reliable,42,3000,12,3,2.0,0.20543151545640326,j1_b_then_a,0.5,0.5,0.03,selected_order,1.6215931387153522,0.7408827427269035,0.14285460130474165,0.018282390595093796,0.07889805051085554
conditionals_reliable,42,3000,12,3,2.0,0.20543151545640326,j1_b_then_a,0.5,0.5,0.03,independent,1.9173834897771829,0.8058503513365569,0.3175998528208434,0.09179147984844788,4.118117290814145e-17
conditionals_reliable,42,3000,12,3,2.0,0.20543151545640326,j1_b_then_a,0.5,0.5,0.03,arithmetic,1.5826004574956327,0.7265715168250657,0.10418266819985231,0.009381405458093035,0.07879032561672175
conditionals_reliable,42,3000,12,3,2.0,0.20543151545640326,j1_b_then_a,0.5,0.5,0.03,geometric,1.5840689952716485,0.7273807894871978,0.10649179514169804,0.009722666843219702,0.07776185460950685
conditionals_reliable,42,3000,12,3,2.0,0.20543151545640326,j1_b_then_a,0.5,0.5,0.03,weighted_geometric,1.5840689952716485,0.7273807894871978,0.10649179514169804,0.009722666843219702,0.07776185460950685
conditionals_reliable,42,3000,12,3,2.0,0.20543151545640326,j1_b_then_a,0.5,0.5,0.03,hard_core,1.748760118149179,0.7671385988944437,0.21792980467273154,0.046220463569617835,3.052567240933216e-14
conditionals_reliable,42,3000,12,3,2.0,0.20543151545640326,j1_b_then_a,0.5,0.5,0.03,soft_core_0.1,1.5895587738951562,0.7291942007078716,0.11344307443047323,0.011039426904184708,0.07329252908232665
conditionals_reliable,42,3000,12,3,2.0,0.20543151545640326,j1_b_then_a,0.5,0.5,0.03,soft_core_1,1.6245172982191673,0.7393967471635408,0.14801636206986074,0.01926478135518082,0.05033467392854455
conditionals_reliable,42,3000,12,3,2.0,0.20543151545640326,j1_b_then_a,0.5,0.5,0.03,soft_core_10,1.7094824342345423,0.7589112135615239,0.20007407872679087,0.03804601748523931,0.013279745049712865
conditionals_reliable,42,3000,12,3,2.0,0.20543151545640326,j1_b_then_a,0.5,0.5,0.03,adaptive_soft,1.5857702929652422,0.72794990097881,0.10870408023686351,0.010131445782619071,0.0763414876304649
conditionals_reliable,43,3000,12,3,2.0,0.19862044425546227,j2_a_then_b,0.5,0.5,0.03,j1,1.5445542692264524,0.7118516353324778,0.12435257279271446,0.01573078225490347,0.07841207454227907
conditionals_reliable,43,3000,12,3,2.0,0.19862044425546227,j2_a_then_b,0.5,0.5,0.03,j2,1.5582886772459643,0.7210820405530248,0.1451529147582832,0.018926820747891947,0.06733149818493822
conditionals_reliable,43,3000,12,3,2.0,0.19862044425546227,j2_a_then_b,0.5,0.5,0.03,selected_order,1.5582886772459643,0.7210820405530248,0.1451529147582832,0.018926820747891947,0.06733149818493822
conditionals_reliable,43,3000,12,3,2.0,0.19862044425546227,j2_a_then_b,0.5,0.5,0.03,independent,1.769226334217133,0.7660259349104264,0.2709261419431925,0.07131912011387807,3.949944122506645e-17
conditionals_reliable,43,3000,12,3,2.0,0.19862044425546227,j2_a_then_b,0.5,0.5,0.03,arithmetic,1.513926572206574,0.7028270560860793,0.09957447355358474,0.008747625316691552,0.07287178636360864
conditionals_reliable,43,3000,12,3,2.0,0.19862044425546227,j2_a_then_b,0.5,0.5,0.03,geometric,1.515088629160014,0.7034530980479107,0.10147845461701305,0.008982799023812297,0.07203963383417063
conditionals_reliable,43,3000,12,3,2.0,0.19862044425546227,j2_a_then_b,0.5,0.5,0.03,weighted_geometric,1.515088629160014,0.7034530980479107,0.10147845461701305,0.008982799023812297,0.07203963383417063
conditionals_reliable,43,3000,12,3,2.0,0.19862044425546227,j2_a_then_b,0.5,0.5,0.03,hard_core,1.6610408915022794,0.7418903367282109,0.20670784390076188,0.041366885586556726,8.606400707133131e-14
conditionals_reliable,43,3000,12,3,2.0,0.19862044425546227,j2_a_then_b,0.5,0.5,0.03,soft_core_0.1,1.5206487846765409,0.705370613410405,0.1088128627463649,0.010321910820024522,0.06736982444208328
conditionals_reliable,43,3000,12,3,2.0,0.19862044425546227,j2_a_then_b,0.5,0.5,0.03,soft_core_1,1.555037233770767,0.7162420571926669,0.1442581104241209,0.018452100279811676,0.044211325031947676
conditionals_reliable,43,3000,12,3,2.0,0.19862044425546227,j2_a_then_b,0.5,0.5,0.03,soft_core_10,1.6290495726488161,0.7349499282481861,0.19195204602178997,0.03482251629527372,0.0109335180883592
conditionals_reliable,43,3000,12,3,2.0,0.19862044425546227,j2_a_then_b,0.5,0.5,0.03,adaptive_soft,1.5168117857783308,0.7040523651130677,0.10382006478119095,0.009398511167657381,0.07055155941198159
conditionals_reliable,44,3000,12,3,2.0,0.19928576368611184,j1_b_then_a,0.5,0.5,0.03,j1,1.5002431419646727,0.6975439156517435,0.13960169138085643,0.01813739397300051,0.07837889460225979
conditionals_reliable,44,3000,12,3,2.0,0.19928576368611184,j1_b_then_a,0.5,0.5,0.03,j2,1.4963421864699256,0.6948506163847447,0.13579442931552438,0.017256365280327927,0.07991202591876492
conditionals_reliable,44,3000,12,3,2.0,0.19928576368611184,j1_b_then_a,0.5,0.5,0.03,selected_order,1.5002431419646727,0.6975439156517435,0.13960169138085643,0.01813739397300051,0.07837889460225979
conditionals_reliable,44,3000,12,3,2.0,0.19928576368611184,j1_b_then_a,0.5,0.5,0.03,independent,1.8515184956722999,0.7701830259521667,0.3378634327843345,0.10227110820474455,4.079218516792049e-17
conditionals_reliable,44,3000,12,3,2.0,0.19928576368611184,j1_b_then_a,0.5,0.5,0.03,arithmetic,1.4603881043914644,0.6810802559652204,0.10108091079692196,0.009003249682288252,0.07914546026051233
conditionals_reliable,44,3000,12,3,2.0,0.19928576368611184,j1_b_then_a,0.5,0.5,0.03,geometric,1.4614579044264784,0.681694522329749,0.10257821598595716,0.009222202245951265,0.07855149273895437
conditionals_reliable,44,3000,12,3,2.0,0.19928576368611184,j1_b_then_a,0.5,0.5,0.03,weighted_geometric,1.4614579044264784,0.681694522329749,0.10257821598595716,0.009222202245951265,0.07855149273895437
conditionals_reliable,44,3000,12,3,2.0,0.19928576368611184,j1_b_then_a,0.5,0.5,0.03,hard_core,1.6342915519748449,0.7215835138685044,0.21400463895970975,0.047948084317075375,1.27403626575838e-14
conditionals_reliable,44,3000,12,3,2.0,0.19928576368611184,j1_b_then_a,0.5,0.5,0.03,soft_core_0.1,1.4660104322904581,0.6832176738924269,0.108531658645639,0.010318459973703158,0.07487949703305719
conditionals_reliable,44,3000,12,3,2.0,0.19928576368611184,j1_b_then_a,0.5,0.5,0.03,soft_core_1,1.4973968444535408,0.692030344338357,0.13973281467506524,0.017770616303608523,0.05417930621917823
conditionals_reliable,44,3000,12,3,2.0,0.19928576368611184,j1_b_then_a,0.5,0.5,0.03,soft_core_10,1.5893863689866656,0.71219972458955,0.19401796163609475,0.03841360829561802,0.01485258789836669
conditionals_reliable,44,3000,12,3,2.0,0.19928576368611184,j1_b_then_a,0.5,0.5,0.03,adaptive_soft,1.4628644353155253,0.6821741960516722,0.10446910357630886,0.009561276488245462,0.07739516358030106
conditionals_reliable,45,3000,12,3,2.0,0.19189407115438012,j1_b_then_a,0.5,0.5,0.03,j1,1.4902886006192975,0.689883005463498,0.12561789171974416,0.015642207730939477,0.07621950748760348
conditionals_reliable,45,3000,12,3,2.0,0.19189407115438012,j1_b_then_a,0.5,0.5,0.03,j2,1.4997781107722978,0.6961739419031187,0.1385570488243641,0.017844445982984642,0.06892663466795762
conditionals_reliable,45,3000,12,3,2.0,0.19189407115438012,j1_b_then_a,0.5,0.5,0.03,selected_order,1.4902886006192975,0.689883005463498,0.12561789171974416,0.015642207730939477,0.07621950748760348
conditionals_reliable,45,3000,12,3,2.0,0.19189407115438012,j1_b_then_a,0.5,0.5,0.03,independent,1.7719434152913363,0.7513972719161374,0.2932901729697308,0.08528043599692686,4.415997009616738e-17
conditionals_reliable,45,3000,12,3,2.0,0.19189407115438012,j1_b_then_a,0.5,0.5,0.03,arithmetic,1.4589685759501347,0.6794867959915927,0.0968360241670906,0.00851615808974869,0.07257307107778053
conditionals_reliable,45,3000,12,3,2.0,0.19189407115438012,j1_b_then_a,0.5,0.5,0.03,geometric,1.4602924125204566,0.6801802886579426,0.09876924905207611,0.008791702439599194,0.07178364856527826
conditionals_reliable,45,3000,12,3,2.0,0.19189407115438012,j1_b_then_a,0.5,0.5,0.03,weighted_geometric,1.4602924125204566,0.6801802886579426,0.09876924905207611,0.008791702439599194,0.07178364856527826
conditionals_reliable,45,3000,12,3,2.0,0.19189407115438012,j1_b_then_a,0.5,0.5,0.03,hard_core,1.6110552545396972,0.7166486212804485,0.20288750885897847,0.042409336357479545,3.0277954694961827e-14
conditionals_reliable,45,3000,12,3,2.0,0.19189407115438012,j1_b_then_a,0.5,0.5,0.03,soft_core_0.1,1.4651930446693138,0.6818852852701708,0.10524147507436224,0.00996815351821011,0.06770718820516088
conditionals_reliable,45,3000,12,3,2.0,0.19189407115438012,j1_b_then_a,0.5,0.5,0.03,soft_core_1,1.4962909158988853,0.6914163131671649,0.13740624018866113,0.01731271836922431,0.046847701429293113
conditionals_reliable,45,3000,12,3,2.0,0.19189407115438012,j1_b_then_a,0.5,0.5,0.03,soft_core_10,1.573356243557054,0.7090257862736586,0.18575578023830153,0.03450432683792059,0.012751721864181435
conditionals_reliable,45,3000,12,3,2.0,0.19189407115438012,j1_b_then_a,0.5,0.5,0.03,adaptive_soft,1.4618107245474585,0.6807147043128852,0.10082812497700135,0.009156739157914871,0.07048761588292642
conditionals_reliable,46,3000,12,3,2.0,0.19518393522163224,j1_b_then_a,0.5,0.5,0.03,j1,1.50015894561228,0.6934764958118576,0.13145380227689435,0.016453243742653386,0.07614081817077817
conditionals_reliable,46,3000,12,3,2.0,0.19518393522163224,j1_b_then_a,0.5,0.5,0.03,j2,1.505402339009887,0.6971723385101622,0.1365987078098378,0.01756158091666201,0.07313804275472141
conditionals_reliable,46,3000,12,3,2.0,0.19518393522163224,j1_b_then_a,0.5,0.5,0.03,selected_order,1.50015894561228,0.6934764958118576,0.13145380227689435,0.016453243742653386,0.07614081817077817
conditionals_reliable,46,3000,12,3,2.0,0.19518393522163224,j1_b_then_a,0.5,0.5,0.03,independent,1.7763470267356452,0.759763932369282,0.29880479913789953,0.08474177534506207,4.568444418335399e-17
conditionals_reliable,46,3000,12,3,2.0,0.19518393522163224,j1_b_then_a,0.5,0.5,0.03,arithmetic,1.4658406229170946,0.681270968790969,0.09811424931762461,0.008584164264751204,0.07463943046274978
conditionals_reliable,46,3000,12,3,2.0,0.19518393522163224,j1_b_then_a,0.5,0.5,0.03,geometric,1.4673795477720677,0.6820803324517771,0.10016554114062294,0.008912318157702557,0.07381105782062623
conditionals_reliable,46,3000,12,3,2.0,0.19518393522163224,j1_b_then_a,0.5,0.5,0.03,weighted_geometric,1.4673795477720677,0.6820803324517771,0.10016554114062294,0.008912318157702557,0.07381105782062623
conditionals_reliable,46,3000,12,3,2.0,0.19518393522163224,j1_b_then_a,0.5,0.5,0.03,hard_core,1.6214515909302003,0.719470541548128,0.2055688699512631,0.04356160219176614,3.2491790072940075e-14
conditionals_reliable,46,3000,12,3,2.0,0.19518393522163224,j1_b_then_a,0.5,0.5,0.03,soft_core_0.1,1.4723096813479477,0.6837422125943295,0.10657955982244993,0.010093459432289857,0.06975433164829432
conditionals_reliable,46,3000,12,3,2.0,0.19518393522163224,j1_b_then_a,0.5,0.5,0.03,soft_core_1,1.5037958556148696,0.6930125248131535,0.13848536882579193,0.017527530803404103,0.04869361548194047
conditionals_reliable,46,3000,12,3,2.0,0.19518393522163224,j1_b_then_a,0.5,0.5,0.03,soft_core_10,1.583321181019233,0.7112500287062159,0.1878964207813107,0.03542254661637128,0.013176127718800975
conditionals_reliable,46,3000,12,3,2.0,0.19518393522163224,j1_b_then_a,0.5,0.5,0.03,adaptive_soft,1.4689070360931862,0.6826023591762653,0.10220799845644254,0.009278792813063316,0.07252317829165181
conditionals_reliable,47,3000,12,3,2.0,0.195980402669006,j1_b_then_a,0.75,0.75,0.03,j1,1.5556230410677727,0.7136803211788333,0.12453731913592138,0.015373325871026765,0.07551390103352484
conditionals_reliable,47,3000,12,3,2.0,0.195980402669006,j1_b_then_a,0.75,0.75,0.03,j2,1.5710988883040267,0.7210863563340164,0.14381722872614272,0.018963034396789775,0.0660818753043871
conditionals_reliable,47,3000,12,3,2.0,0.195980402669006,j1_b_then_a,0.75,0.75,0.03,selected_order,1.5556230410677727,0.7136803211788333,0.12453731913592138,0.015373325871026765,0.07551390103352484
conditionals_reliable,47,3000,12,3,2.0,0.195980402669006,j1_b_then_a,0.75,0.75,0.03,independent,1.7576894219721662,0.7631074792009923,0.2618435773432574,0.06305349714127374,4.5261987818517715e-17
conditionals_reliable,47,3000,12,3,2.0,0.195980402669006,j1_b_then_a,0.75,0.75,0.03,arithmetic,1.5264268302492032,0.7042958726643022,0.09936320130025003,0.008762804244212694,0.07079788816895594
conditionals_reliable,47,3000,12,3,2.0,0.195980402669006,j1_b_then_a,0.75,0.75,0.03,geometric,1.5279583359213944,0.7050236445455789,0.10147898808267872,0.009077125369526116,0.06970622734934556
conditionals_reliable,47,3000,12,3,2.0,0.195980402669006,j1_b_then_a,0.75,0.75,0.03,weighted_geometric,1.5329294650421124,0.7062134379345175,0.1040362009036855,0.010196307675324335,0.0723674084606717
conditionals_reliable,47,3000,12,3,2.0,0.195980402669006,j1_b_then_a,0.75,0.75,0.03,hard_core,1.6568330516081664,0.7420588802338572,0.2032660797082952,0.03837381176054868,2.5925098764052005e-14
conditionals_reliable,47,3000,12,3,2.0,0.195980402669006,j1_b_then_a,0.75,0.75,0.03,soft_core_0.1,1.5336536328063912,0.7069621334752639,0.10893757145252587,0.0104441336596268,0.06489121849666472
conditionals_reliable,47,3000,12,3,2.0,0.195980402669006,j1_b_then_a,0.75,0.75,0.03,soft_core_1,1.5682432903533485,0.7178811201151551,0.14478450345425187,0.018606514158157818,0.04112165075175206
conditionals_reliable,47,3000,12,3,2.0,0.195980402669006,j1_b_then_a,0.75,0.75,0.03,soft_core_10,1.6334553658313133,0.736025793209453,0.19047373570322534,0.03332176710412919,0.009249419675371608
conditionals_reliable,47,3000,12,3,2.0,0.195980402669006,j1_b_then_a,0.75,0.75,0.03,adaptive_soft,1.5341336354515047,0.7065993568680218,0.10577132687698794,0.010485307575740508,0.07076144295627693
conditionals_reliable,48,3000,12,3,2.0,0.19194722641427797,j1_b_then_a,0.5,0.5,0.03,j1,1.5247961830258814,0.7024574959111619,0.12091320406645276,0.015123119369931376,0.07558874014262636
conditionals_reliable,48,3000,12,3,2.0,0.19194722641427797,j1_b_then_a,0.5,0.5,0.03,j2,1.5368107960488748,0.7101151310572469,0.14161774593285378,0.01799197281415261,0.06482649240791205
conditionals_reliable,48,3000,12,3,2.0,0.19194722641427797,j1_b_then_a,0.5,0.5,0.03,selected_order,1.5247961830258814,0.7024574959111619,0.12091320406645276,0.015123119369931376,0.07558874014262636
conditionals_reliable,48,3000,12,3,2.0,0.19194722641427797,j1_b_then_a,0.5,0.5,0.03,independent,1.73722759817489,0.7556141873834864,0.2649552038717425,0.0659328337137362,4.325021624146434e-17
conditionals_reliable,48,3000,12,3,2.0,0.19194722641427797,j1_b_then_a,0.5,0.5,0.03,arithmetic,1.4948858022187292,0.6931995965818185,0.09711284127897286,0.008385245570168379,0.07020761627526918
conditionals_reliable,48,3000,12,3,2.0,0.19194722641427797,j1_b_then_a,0.5,0.5,0.03,geometric,1.4964908178092529,0.6939487647099849,0.09914678928075885,0.008725226673244149,0.06936879250938208
conditionals_reliable,48,3000,12,3,2.0,0.19194722641427797,j1_b_then_a,0.5,0.5,0.03,weighted_geometric,1.4964908178092529,0.6939487647099849,0.09914678928075885,0.008725226673244149,0.06936879250938208
conditionals_reliable,48,3000,12,3,2.0,0.19194722641427797,j1_b_then_a,0.5,0.5,0.03,hard_core,1.6288059590598032,0.729718094344895,0.2001676594734322,0.038742368529044,3.1178723337192235e-14
conditionals_reliable,48,3000,12,3,2.0,0.19194722641427797,j1_b_then_a,0.5,0.5,0.03,soft_core_0.1,1.501782627006605,0.6957251611605743,0.10616612867228845,0.00999580365697702,0.0648911576327219
conditionals_reliable,48,3000,12,3,2.0,0.19194722641427797,j1_b_then_a,0.5,0.5,0.03,soft_core_1,1.5345668148215978,0.7057179951479967,0.14042318551287317,0.017743116542055255,0.042362976767891025
conditionals_reliable,48,3000,12,3,2.0,0.19194722641427797,j1_b_then_a,0.5,0.5,0.03,soft_core_10,1.6024291091089768,0.7232954238158699,0.18641492633044512,0.03305532086606736,0.010042299048513224
conditionals_reliable,48,3000,12,3,2.0,0.19194722641427797,j1_b_then_a,0.5,0.5,0.03,adaptive_soft,1.4981313802518943,0.6945053587758754,0.10138381911618762,0.009119735569058799,0.06794512371923676
conditionals_reliable,49,3000,12,3,2.0,0.19452254639486463,j1_b_then_a,0.5,0.5,0.03,j1,1.5590037711066822,0.7138881197077761,0.11515165983069245,0.01444087913144873,0.07668911555296277
conditionals_reliable,49,3000,12,3,2.0,0.19452254639486463,j1_b_then_a,0.5,0.5,0.03,j2,1.5787442302168229,0.7266459895339604,0.14671514764961682,0.018974396320211532,0.05887722102776709
conditionals_reliable,49,3000,12,3,2.0,0.19452254639486463,j1_b_then_a,0.5,0.5,0.03,selected_order,1.5590037711066822,0.7138881197077761,0.11515165983069245,0.01444087913144873,0.07668911555296277
conditionals_reliable,49,3000,12,3,2.0,0.19452254639486463,j1_b_then_a,0.5,0.5,0.03,independent,1.7339667949671937,0.7589283681572953,0.243666608562699,0.05526767160453052,4.313696690115395e-17
conditionals_reliable,49,3000,12,3,2.0,0.19452254639486463,j1_b_then_a,0.5,0.5,0.03,arithmetic,1.5327647989057094,0.7076994404485929,0.09808604022093138,0.008478741856750462,0.0677831682903649
conditionals_reliable,49,3000,12,3,2.0,0.19452254639486463,j1_b_then_a,0.5,0.5,0.03,geometric,1.5343585307430778,0.7085260837204588,0.10044925880054816,0.008831342312563151,0.06666508358213118
conditionals_reliable,49,3000,12,3,2.0,0.19452254639486463,j1_b_then_a,0.5,0.5,0.03,weighted_geometric,1.5343585307430778,0.7085260837204588,0.10044925880054816,0.008831342312563151,0.06666508358213118
conditionals_reliable,49,3000,12,3,2.0,0.19452254639486463,j1_b_then_a,0.5,0.5,0.03,hard_core,1.6550764421786117,0.7445247849218168,0.19913934290670693,0.036224980113182016,9.511975693742431e-15
conditionals_reliable,49,3000,12,3,2.0,0.19452254639486463,j1_b_then_a,0.5,0.5,0.03,soft_core_0.1,1.5401277031687108,0.7105447830569745,0.10808213879299268,0.01021212399375907,0.06174985551226981
conditionals_reliable,49,3000,12,3,2.0,0.19452254639486463,j1_b_then_a,0.5,0.5,0.03,soft_core_1,1.5745254743669677,0.7218177494073864,0.14419995897707644,0.018296928947394382,0.038049592459267007
conditionals_reliable,49,3000,12,3,2.0,0.19452254639486463,j1_b_then_a,0.5,0.5,0.03,soft_core_10,1.634809728250283,0.7391647767533566,0.18758473551157323,0.03184946664411594,0.008211905989533991
conditionals_reliable,49,3000,12,3,2.0,0.19452254639486463,j1_b_then_a,0.5,0.5,0.03,adaptive_soft,1.5361497320206228,0.7091571160115624,0.10288626509699528,0.009260821187336076,0.06509648684942838
j1_reliable,0,3000,12,3,2.0,0.1847451247208989,j1_b_then_a,1.0,1.0,0.03,j1,1.4627614176060562,0.6851082624418264,0.027740042508047794,0.0006868814110057575,0.07048051899943905
j1_reliable,0,3000,12,3,2.0,0.1847451247208989,j1_b_then_a,1.0,1.0,0.03,j2,1.5859353086505443,0.7284934527278604,0.18300909506012478,0.029586891114254533,0.044093781941964
j1_reliable,0,3000,12,3,2.0,0.1847451247208989,j1_b_then_a,1.0,1.0,0.03,selected_order,1.4627614176060562,0.6851082624418264,0.027740042508047794,0.0006868814110057575,0.07048051899943905
j1_reliable,0,3000,12,3,2.0,0.1847451247208989,j1_b_then_a,1.0,1.0,0.03,independent,1.642368341772569,0.7350690402699972,0.21617441337437493,0.04439204597775789,3.7231198424209385e-17
j1_reliable,0,3000,12,3,2.0,0.1847451247208989,j1_b_then_a,1.0,1.0,0.03,arithmetic,1.4899565566847741,0.6954768465646372,0.09258101211561666,0.0076238279419017785,0.057287150470701514
j1_reliable,0,3000,12,3,2.0,0.1847451247208989,j1_b_then_a,1.0,1.0,0.03,geometric,1.4926740335933513,0.6961303431853558,0.09486105213412581,0.008010018537438723,0.056870356570053744
j1_reliable,0,3000,12,3,2.0,0.1847451247208989,j1_b_then_a,1.0,1.0,0.03,weighted_geometric,1.4627614176060562,0.6851082624418264,0.027740042508047794,0.000686881411005758,0.07048051899943905
j1_reliable,0,3000,12,3,2.0,0.1847451247208989,j1_b_then_a,1.0,1.0,0.03,hard_core,1.5551224828687649,0.715502549877242,0.14850889839954629,0.022244485506982794,1.5379224122742135e-14
j1_reliable,0,3000,12,3,2.0,0.1847451247208989,j1_b_then_a,1.0,1.0,0.03,soft_core_0.1,1.4947642518345432,0.6969504371227361,0.0978469400648371,0.008512604601616729,0.05262250987043656
j1_reliable,0,3000,12,3,2.0,0.1847451247208989,j1_b_then_a,1.0,1.0,0.03,soft_core_1,1.5099265634344,0.7023514995853964,0.1146542040612475,0.012081948626775677,0.03255906090004319
j1_reliable,0,3000,12,3,2.0,0.1847451247208989,j1_b_then_a,1.0,1.0,0.03,soft_core_10,1.5426404214628893,0.7121478186757311,0.1405342412865863,0.019499048406783168,0.0072305168333608155
j1_reliable,0,3000,12,3,2.0,0.1847451247208989,j1_b_then_a,1.0,1.0,0.03,adaptive_soft,1.462765380665246,0.685109046081555,0.027759577477136983,0.0006879138289868916,0.06897099048915564
j1_reliable,1,3000,12,3,2.0,0.18337513458598864,j1_b_then_a,1.0,1.0,0.1,j1,1.4641693091322394,0.6792966261992831,0.02742043492326289,0.0006884582721939051,0.06974393889977598
j1_reliable,1,3000,12,3,2.0,0.18337513458598864,j1_b_then_a,1.0,1.0,0.1,j2,1.5872170056330765,0.721281472485431,0.18099599863450977,0.02955423487748209,0.05435486926387164
j1_reliable,1,3000,12,3,2.0,0.18337513458598864,j1_b_then_a,1.0,1.0,0.1,selected_order,1.4641693091322394,0.6792966261992831,0.02742043492326289,0.0006884582721939051,0.06974393889977598
j1_reliable,1,3000,12,3,2.0,0.18337513458598864,j1_b_then_a,1.0,1.0,0.1,independent,1.8037971758294038,0.7543818379717775,0.3036616661581118,0.08475168283236811,4.012369660155203e-17
j1_reliable,1,3000,12,3,2.0,0.18337513458598864,j1_b_then_a,1.0,1.0,0.1,arithmetic,1.4912724436340898,0.6892593629713887,0.09134866261932677,0.007605475185905261,0.06204940408182379
j1_reliable,1,3000,12,3,2.0,0.18337513458598864,j1_b_then_a,1.0,1.0,0.1,geometric,1.493970404669611,0.6899548675752428,0.09363056343519048,0.007984764265736582,0.062277123155664346
j1_reliable,1,3000,12,3,2.0,0.18337513458598864,j1_b_then_a,1.0,1.0,0.1,weighted_geometric,1.4641693091322394,0.6792966261992832,0.02742043492326289,0.0006884582721939068,0.069743938899776
j1_reliable,1,3000,12,3,2.0,0.18337513458598864,j1_b_then_a,1.0,1.0,0.1,hard_core,1.5787173051789678,0.7065211230920704,0.14909824265291435,0.027143547736746047,9.800529898609545e-15
j1_reliable,1,3000,12,3,2.0,0.18337513458598864,j1_b_then_a,1.0,1.0,0.1,soft_core_0.1,1.4954304714008562,0.6903757060440664,0.09546966985798365,0.00833894584429618,0.05876014657256614
j1_reliable,1,3000,12,3,2.0,0.18337513458598864,j1_b_then_a,1.0,1.0,0.1,soft_core_1,1.5082978069580053,0.6935543289065257,0.10784663118546342,0.011380801544071463,0.04095371557008438
j1_reliable,1,3000,12,3,2.0,0.18337513458598864,j1_b_then_a,1.0,1.0,0.1,soft_core_10,1.5535474444494126,0.7021332423796692,0.13665538044307748,0.02163672744893983,0.011290015870983739
j1_reliable,1,3000,12,3,2.0,0.18337513458598864,j1_b_then_a,1.0,1.0,0.1,adaptive_soft,1.4645729180894906,0.6794416808174226,0.029383152759514714,0.0007888450230691893,0.06660108670799561
j1_reliable,2,3000,12,3,2.0,0.18698725780570505,j1_b_then_a,1.0,1.0,0.1,j1,1.4841940771060764,0.6889781083155722,0.027833048973398434,0.0006931556052163229,0.07010490167986387
j1_reliable,2,3000,12,3,2.0,0.18698725780570505,j1_b_then_a,1.0,1.0,0.1,j2,1.6117219224459804,0.7324529029709227,0.18469535277364718,0.030517320391279516,0.05415697678928556
j1_reliable,2,3000,12,3,2.0,0.18698725780570505,j1_b_then_a,1.0,1.0,0.1,selected_order,1.4841940771060764,0.6889781083155722,0.027833048973398434,0.0006931556052163229,0.07010490167986387
j1_reliable,2,3000,12,3,2.0,0.18698725780570505,j1_b_then_a,1.0,1.0,0.1,independent,1.7749151575986033,0.7565025776317871,0.27243710009622946,0.07483555138354495,4.327832851206553e-17
j1_reliable,2,3000,12,3,2.0,0.18698725780570505,j1_b_then_a,1.0,1.0,0.1,arithmetic,1.5121935823834027,0.6992927224368669,0.09321177891556345,0.00783604257228018,0.0621309392345747
j1_reliable,2,3000,12,3,2.0,0.18698725780570505,j1_b_then_a,1.0,1.0,0.1,geometric,1.5151694891665686,0.6999001607368222,0.0954033248019329,0.008269310844282096,0.062107284736933555
j1_reliable,2,3000,12,3,2.0,0.18698725780570505,j1_b_then_a,1.0,1.0,0.1,weighted_geometric,1.4841940771060764,0.6889781083155722,0.027833048973398434,0.0006931556052163231,0.07010490167986388
j1_reliable,2,3000,12,3,2.0,0.18698725780570505,j1_b_then_a,1.0,1.0,0.1,hard_core,1.5970623900371372,0.7166353899523487,0.14988536002252734,0.026465810948357343,1.5455370952649926e-14
j1_reliable,2,3000,12,3,2.0,0.18698725780570505,j1_b_then_a,1.0,1.0,0.1,soft_core_0.1,1.5166848250183838,0.7003283611679156,0.09732401174020948,0.008633480628957586,0.05829109291695618
j1_reliable,2,3000,12,3,2.0,0.18698725780570505,j1_b_then_a,1.0,1.0,0.1,soft_core_1,1.5297552849677312,0.7036964780587559,0.11025470068850428,0.011699184119322335,0.03954904946255691
j1_reliable,2,3000,12,3,2.0,0.18698725780570505,j1_b_then_a,1.0,1.0,0.1,soft_core_10,1.5725164513029006,0.7122989189018121,0.13798988694138753,0.021253146343935138,0.010749542797031587
j1_reliable,2,3000,12,3,2.0,0.18698725780570505,j1_b_then_a,1.0,1.0,0.1,adaptive_soft,1.484579271442043,0.6891131933800636,0.02951411062201087,0.0007889510952899044,0.06648081570476481
j1_reliable,3,3000,12,3,2.0,0.18710792356015604,j1_b_then_a,1.0,1.0,0.03,j1,1.4905890496360255,0.6915911343560012,0.027588403914975603,0.0006889487617515809,0.07215267001463645
j1_reliable,3,3000,12,3,2.0,0.18710792356015604,j1_b_then_a,1.0,1.0,0.03,j2,1.6174002063784232,0.7354308323708767,0.18490407940806516,0.030312962611340404,0.05360020986296489
j1_reliable,3,3000,12,3,2.0,0.18710792356015604,j1_b_then_a,1.0,1.0,0.03,selected_order,1.4905890496360255,0.6915911343560012,0.027588403914975603,0.0006889487617515809,0.07215267001463645
j1_reliable,3,3000,12,3,2.0,0.18710792356015604,j1_b_then_a,1.0,1.0,0.03,independent,1.8170997427179407,0.7681823916638756,0.3022635094670433,0.08165608395533529,4.1114983024314614e-17
j1_reliable,3,3000,12,3,2.0,0.18710792356015604,j1_b_then_a,1.0,1.0,0.03,arithmetic,1.5183972019590743,0.7020601214425147,0.09349800199433753,0.007779266404191551,0.06287643993880065
j1_reliable,3,3000,12,3,2.0,0.18710792356015604,j1_b_then_a,1.0,1.0,0.03,geometric,1.521462821865417,0.7027781045225313,0.09584381221741899,0.008235213897934024,0.06292842162617643
j1_reliable,3,3000,12,3,2.0,0.18710792356015604,j1_b_then_a,1.0,1.0,0.03,weighted_geometric,1.4905890496360255,0.6915911343560012,0.027588403914975607,0.0006889487617515816,0.07215267001463646
j1_reliable,3,3000,12,3,2.0,0.18710792356015604,j1_b_then_a,1.0,1.0,0.03,hard_core,1.6064401062370892,0.7212634216984138,0.15403516868813208,0.027494811370176148,1.9761132485649513e-14
j1_reliable,3,3000,12,3,2.0,0.18710792356015604,j1_b_then_a,1.0,1.0,0.03,soft_core_0.1,1.5231563219707662,0.7033034134718594,0.09799207512921418,0.008642548395535644,0.059341733307703294
j1_reliable,3,3000,12,3,2.0,0.18710792356015604,j1_b_then_a,1.0,1.0,0.03,soft_core_1,1.5371829237341823,0.707067202310364,0.11183769046058777,0.0119470567455167,0.041113480647356836
j1_reliable,3,3000,12,3,2.0,0.18710792356015604,j1_b_then_a,1.0,1.0,0.03,soft_core_10,1.5825040360681029,0.7166594491734266,0.1418782487177066,0.02224077864103379,0.011065742875295579
j1_reliable,3,3000,12,3,2.0,0.18710792356015604,j1_b_then_a,1.0,1.0,0.03,adaptive_soft,1.4905874212286625,0.6915877236604063,0.02756277996515022,0.000688661511616711,0.07110528208016902
j1_reliable,4,3000,12,3,2.0,0.19664579057371614,j1_b_then_a,1.0,1.0,0.1,j1,1.5638747696310504,0.7232921896406602,0.028978284696054707,0.0007292376591116966,0.0740017370936592
j1_reliable,4,3000,12,3,2.0,0.19664579057371614,j1_b_then_a,1.0,1.0,0.1,j2,1.6983311738060138,0.769042461327083,0.19478627610271734,0.03221210817541655,0.055879959741097926
j1_reliable,4,3000,12,3,2.0,0.19664579057371614,j1_b_then_a,1.0,1.0,0.1,selected_order,1.5638747696310504,0.7232921896406602,0.028978284696054707,0.0007292376591116966,0.0740017370936592
j1_reliable,4,3000,12,3,2.0,0.19664579057371614,j1_b_then_a,1.0,1.0,0.1,independent,1.8679548840136955,0.7976888295728863,0.2904049393642745,0.07962735217033336,3.903624784589447e-17
j1_reliable,4,3000,12,3,2.0,0.19664579057371614,j1_b_then_a,1.0,1.0,0.1,arithmetic,1.5936198202107896,0.7342552641920864,0.09856822939974118,0.008306214146166155,0.06494084841737854
j1_reliable,4,3000,12,3,2.0,0.19664579057371614,j1_b_then_a,1.0,1.0,0.1,geometric,1.596717135195281,0.7349247284684268,0.10103150087211836,0.008766484955204849,0.06489510507310267
j1_reliable,4,3000,12,3,2.0,0.19664579057371614,j1_b_then_a,1.0,1.0,0.1,weighted_geometric,1.5638747696310504,0.7232921896406602,0.028978284696054707,0.0007292376591116989,0.0740017370936592
j1_reliable,4,3000,12,3,2.0,0.19664579057371614,j1_b_then_a,1.0,1.0,0.1,hard_core,1.6812187263628275,0.7530060174155028,0.16069013821657463,0.027597455163095724,3.432640541154788e-14
j1_reliable,4,3000,12,3,2.0,0.19664579057371614,j1_b_then_a,1.0,1.0,0.1,soft_core_0.1,1.5985492404425228,0.7354903801022049,0.10332429786350884,0.009204911811221439,0.06087039969697428
j1_reliable,4,3000,12,3,2.0,0.19664579057371614,j1_b_then_a,1.0,1.0,0.1,soft_core_1,1.6132030572296083,0.739458140279508,0.11792719532413795,0.012631482969855477,0.04119836386207069
j1_reliable,4,3000,12,3,2.0,0.19664579057371614,j1_b_then_a,1.0,1.0,0.1,soft_core_10,1.6573011260696695,0.7486595395144265,0.14837506475594067,0.022486355693167138,0.011028228245917275
j1_reliable,4,3000,12,3,2.0,0.19664579057371614,j1_b_then_a,1.0,1.0,0.1,adaptive_soft,1.564354155013967,0.72347194826183,0.03130539671058792,0.0008488121779059674,0.0702342029717815
j1_reliable,5,3000,12,3,2.0,0.18941109612545357,j1_b_then_a,1.0,1.0,0.03,j1,1.4950718896135364,0.6979959535071769,0.028088405869586965,0.0007054071184526586,0.06917444733967856
j1_reliable,5,3000,12,3,2.0,0.18941109612545357,j1_b_then_a,1.0,1.0,0.03,j2,1.6240593140074955,0.7430048018560476,0.1878280632677984,0.03086515910454512,0.0422305691725259
j1_reliable,5,3000,12,3,2.0,0.18941109612545357,j1_b_then_a,1.0,1.0,0.03,selected_order,1.4950718896135364,0.6979959535071769,0.028088405869586965,0.0007054071184526586,0.06917444733967856
j1_reliable,5,3000,12,3,2.0,0.18941109612545357,j1_b_then_a,1.0,1.0,0.03,independent,1.5912663600326005,0.7294970904539487,0.15757776824637298,0.023579196204704122,3.897616535196166e-17
j1_reliable,5,3000,12,3,2.0,0.18941109612545357,j1_b_then_a,1.0,1.0,0.03,arithmetic,1.5234935957014666,0.7087526457184188,0.09507970362540424,0.007949356646311372,0.055702508256102214
j1_reliable,5,3000,12,3,2.0,0.18941109612545357,j1_b_then_a,1.0,1.0,0.03,geometric,1.5265418436698164,0.7094331805587388,0.0974481981360108,0.008408104389496303,0.05468688446818949
j1_reliable,5,3000,12,3,2.0,0.18941109612545357,j1_b_then_a,1.0,1.0,0.03,weighted_geometric,1.4950718896135364,0.6979959535071769,0.028088405869586965,0.0007054071184526608,0.06917444733967856
j1_reliable,5,3000,12,3,2.0,0.18941109612545357,j1_b_then_a,1.0,1.0,0.03,hard_core,1.5785399435737373,0.7268436981311922,0.14560101594655356,0.020117275315664245,9.311161463632257e-15
j1_reliable,5,3000,12,3,2.0,0.18941109612545357,j1_b_then_a,1.0,1.0,0.03,soft_core_0.1,1.528801348133746,0.7102595280075655,0.10051587974190905,0.008942622409994943,0.049927397052844276
j1_reliable,5,3000,12,3,2.0,0.18941109612545357,j1_b_then_a,1.0,1.0,0.03,soft_core_1,1.5444576126040763,0.7157506857353865,0.11744171561988934,0.012566349564151232,0.028252687923385287
j1_reliable,5,3000,12,3,2.0,0.18941109612545357,j1_b_then_a,1.0,1.0,0.03,soft_core_10,1.5708204567245228,0.7244106380849415,0.13976026898629743,0.018441223778639285,0.005375054944281481
j1_reliable,5,3000,12,3,2.0,0.18941109612545357,j1_b_then_a,1.0,1.0,0.03,adaptive_soft,1.4950767576178463,0.6979923699429257,0.028103038668166772,0.0007065864409935522,0.06738003990368126
j1_reliable,6,3000,12,3,2.0,0.19145748717153188,j1_b_then_a,1.0,1.0,0.03,j1,1.522900466840732,0.7074709315367312,0.02910810846013692,0.0007339094845229279,0.07128864052107405
j1_reliable,6,3000,12,3,2.0,0.19145748717153188,j1_b_then_a,1.0,1.0,0.03,j2,1.6518391348857577,0.7521484518470675,0.1894280913967675,0.030978650694531908,0.056478792544749815
j1_reliable,6,3000,12,3,2.0,0.19145748717153188,j1_b_then_a,1.0,1.0,0.03,selected_order,1.522900466840732,0.7074709315367312,0.02910810846013692,0.0007339094845229279,0.07128864052107405
j1_reliable,6,3000,12,3,2.0,0.19145748717153188,j1_b_then_a,1.0,1.0,0.03,independent,1.8459594361724634,0.7816323060850351,0.28755149785673906,0.08365334046121006,3.885727768987239e-17
j1_reliable,6,3000,12,3,2.0,0.19145748717153188,j1_b_then_a,1.0,1.0,0.03,arithmetic,1.551273572989334,0.7180825926121458,0.09573215464227898,0.007969459896303682,0.0638837165329119
j1_reliable,6,3000,12,3,2.0,0.19145748717153188,j1_b_then_a,1.0,1.0,0.03,geometric,1.5541546006005662,0.7187672909385675,0.09801861975696766,0.008390088634050604,0.06357937604799115
j1_reliable,6,3000,12,3,2.0,0.19145748717153188,j1_b_then_a,1.0,1.0,0.03,weighted_geometric,1.522900466840732,0.7074709315367312,0.02910810846013692,0.0007339094845229287,0.07128864052107406
j1_reliable,6,3000,12,3,2.0,0.19145748717153188,j1_b_then_a,1.0,1.0,0.03,hard_core,1.6423041804897043,0.7352338201712569,0.15433275047073475,0.028326199924764397,2.3594567641119244e-14
j1_reliable,6,3000,12,3,2.0,0.19145748717153188,j1_b_then_a,1.0,1.0,0.03,soft_core_0.1,1.5557687497258537,0.7192400991079567,0.09992001580218739,0.008774039552494539,0.059776157421655256
j1_reliable,6,3000,12,3,2.0,0.19145748717153188,j1_b_then_a,1.0,1.0,0.03,soft_core_1,1.5690585752898991,0.7226243908277005,0.11230342526494282,0.011875025680726353,0.0413034756664405
j1_reliable,6,3000,12,3,2.0,0.19145748717153188,j1_b_then_a,1.0,1.0,0.03,soft_core_10,1.6141052354423984,0.7306683975380949,0.14084867324682565,0.022087462706612864,0.012105542474181025
j1_reliable,6,3000,12,3,2.0,0.19145748717153188,j1_b_then_a,1.0,1.0,0.03,adaptive_soft,1.5228997921402752,0.7074660592204751,0.029062228010872798,0.0007337623399219212,0.07012068972305902
j1_reliable,7,3000,12,3,2.0,0.19244519489479925,j1_b_then_a,1.0,1.0,0.03,j1,1.5415048324911917,0.7164050484923958,0.02904621026988225,0.0007359107705554782,0.07335956535355784
j1_reliable,7,3000,12,3,2.0,0.19244519489479925,j1_b_then_a,1.0,1.0,0.03,j2,1.6708640250672206,0.7607907187638765,0.19037008118248236,0.030947492699929052,0.056895609399192304
j1_reliable,7,3000,12,3,2.0,0.19244519489479925,j1_b_then_a,1.0,1.0,0.03,selected_order,1.5415048324911917,0.7164050484923958,0.02904621026988225,0.0007359107705554782,0.07335956535355784
j1_reliable,7,3000,12,3,2.0,0.19244519489479925,j1_b_then_a,1.0,1.0,0.03,independent,1.8827425728392833,0.7972953385236948,0.3059270598511952,0.08807353031030668,4.207880995653402e-17
j1_reliable,7,3000,12,3,2.0,0.19244519489479925,j1_b_then_a,1.0,1.0,0.03,arithmetic,1.569766828597602,0.7269546935106403,0.09631627473390715,0.007922052822478879,0.06512758737637506
j1_reliable,7,3000,12,3,2.0,0.19244519489479925,j1_b_then_a,1.0,1.0,0.03,geometric,1.573087434616358,0.727751360586131,0.0989959698690729,0.008453847214947597,0.06504056778484608
j1_reliable,7,3000,12,3,2.0,0.19244519489479925,j1_b_then_a,1.0,1.0,0.03,weighted_geometric,1.5415048324911913,0.7164050484923958,0.02904621026988226,0.0007359107705554809,0.07335956535355785
j1_reliable,7,3000,12,3,2.0,0.19244519489479925,j1_b_then_a,1.0,1.0,0.03,hard_core,1.664984550796182,0.7447946247132362,0.15777627985570958,0.02915863187997632,1.1136841607439415e-14
j1_reliable,7,3000,12,3,2.0,0.19244519489479925,j1_b_then_a,1.0,1.0,0.03,soft_core_0.1,1.5746859570867462,0.7282201034159436,0.1010412163585898,0.008835307194033748,0.0613549630031506
j1_reliable,7,3000,12,3,2.0,0.19244519489479925,j1_b_then_a,1.0,1.0,0.03,soft_core_1,1.5879303081476004,0.7315796956142372,0.11432094854362769,0.011936412194696214,0.043182829095040495
j1_reliable,7,3000,12,3,2.0,0.19244519489479925,j1_b_then_a,1.0,1.0,0.03,soft_core_10,1.6347491269391312,0.7400583477645303,0.14377261366173066,0.022551093559461024,0.01288749332169248
j1_reliable,7,3000,12,3,2.0,0.19244519489479925,j1_b_then_a,1.0,1.0,0.03,adaptive_soft,1.541500084924712,0.7163975416144662,0.02904795715141529,0.0007346517659092146,0.07225326022866896
j1_reliable,8,3000,12,3,2.0,0.1904686064739814,j1_b_then_a,1.0,1.0,0.03,j1,1.5043737821627918,0.6977869370250909,0.02813683509137832,0.0007081689840276209,0.06877478570683934
j1_reliable,8,3000,12,3,2.0,0.1904686064739814,j1_b_then_a,1.0,1.0,0.03,j2,1.6350854476271661,0.7430518588493944,0.1879448593207644,0.03115572190309518,0.05252652605014597
j1_reliable,8,3000,12,3,2.0,0.1904686064739814,j1_b_then_a,1.0,1.0,0.03,selected_order,1.5043737821627918,0.6977869370250909,0.02813683509137832,0.0007081689840276209,0.06877478570683934
j1_reliable,8,3000,12,3,2.0,0.1904686064739814,j1_b_then_a,1.0,1.0,0.03,independent,1.7353367660352674,0.7491573078809555,0.23212896569496258,0.058439216523899516,4.2247352619436066e-17
j1_reliable,8,3000,12,3,2.0,0.1904686064739814,j1_b_then_a,1.0,1.0,0.03,arithmetic,1.5327765343176925,0.708516783296629,0.09468166760888078,0.00794188701761996,0.06065065587849263
j1_reliable,8,3000,12,3,2.0,0.1904686064739814,j1_b_then_a,1.0,1.0,0.03,geometric,1.5361335308276605,0.7092062781796037,0.09717678687900472,0.00846963172198918,0.06031917541821821
j1_reliable,8,3000,12,3,2.0,0.1904686064739814,j1_b_then_a,1.0,1.0,0.03,weighted_geometric,1.5043737821627918,0.6977869370250909,0.028136835091378317,0.0007081689840276217,0.06877478570683936
j1_reliable,8,3000,12,3,2.0,0.1904686064739814,j1_b_then_a,1.0,1.0,0.03,hard_core,1.60800028358461,0.7254414422043945,0.1469780528951284,0.024482446736642002,9.650348698824462e-15
j1_reliable,8,3000,12,3,2.0,0.1904686064739814,j1_b_then_a,1.0,1.0,0.03,soft_core_0.1,1.5377912038845918,0.7096748655873574,0.09908861280728756,0.008862536919341376,0.05609266525508387
j1_reliable,8,3000,12,3,2.0,0.1904686064739814,j1_b_then_a,1.0,1.0,0.03,soft_core_1,1.5514459433976706,0.713384265659245,0.11187709822686846,0.012029500379763634,0.036008793876582956
j1_reliable,8,3000,12,3,2.0,0.1904686064739814,j1_b_then_a,1.0,1.0,0.03,soft_core_10,1.5891685400410263,0.7218286451514816,0.1371844145924126,0.020454229264950677,0.008905201127533978
j1_reliable,8,3000,12,3,2.0,0.1904686064739814,j1_b_then_a,1.0,1.0,0.03,adaptive_soft,1.504372070120314,0.6977810610037672,0.028054982203536912,0.0007077035679232838,0.06743150394480521
j1_reliable,9,3000,12,3,2.0,0.17417934429588564,j1_b_then_a,0.75,0.75,0.03,j1,1.3507416451625622,0.6372982871343615,0.02556495494518318,0.0006241837453616351,0.0625500139685885
j1_reliable,9,3000,12,3,2.0,0.17417934429588564,j1_b_then_a,0.75,0.75,0.03,j2,1.4644472993619557,0.6791036524007447,0.17211519824913724,0.027435570146966834,0.05222225790449522
j1_reliable,9,3000,12,3,2.0,0.17417934429588564,j1_b_then_a,0.75,0.75,0.03,selected_order,1.3507416451625622,0.6372982871343615,0.02556495494518318,0.0006241837453616351,0.0625500139685885
j1_reliable,9,3000,12,3,2.0,0.17417934429588564,j1_b_then_a,0.75,0.75,0.03,independent,1.6257544181883414,0.7019023748413115,0.2571394742844466,0.06955259811259189,4.103904595590463e-17
j1_reliable,9,3000,12,3,2.0,0.17417934429588564,j1_b_then_a,0.75,0.75,0.03,arithmetic,1.3760468454816126,0.647239254795981,0.08675220370030244,0.007097318699413424,0.057386135936541856
j1_reliable,9,3000,12,3,2.0,0.17417934429588564,j1_b_then_a,0.75,0.75,0.03,geometric,1.378162961636176,0.6476357681826265,0.08819531720596827,0.007349063807395387,0.05740338869259094
j1_reliable,9,3000,12,3,2.0,0.17417934429588564,j1_b_then_a,0.75,0.75,0.03,weighted_geometric,1.3569655765082433,0.6396601355650625,0.04777324630670729,0.0021676615803473895,0.06003129306236415
j1_reliable,9,3000,12,3,2.0,0.17417934429588564,j1_b_then_a,0.75,0.75,0.03,hard_core,1.448828064664892,0.6626670467912971,0.1345000995410789,0.023233314727253568,9.119186728987448e-15
j1_reliable,9,3000,12,3,2.0,0.17417934429588564,j1_b_then_a,0.75,0.75,0.03,soft_core_0.1,1.3793280460517352,0.6479452097745058,0.08955918452174783,0.007627876672144019,0.053899336580972665
j1_reliable,9,3000,12,3,2.0,0.17417934429588564,j1_b_then_a,0.75,0.75,0.03,soft_core_1,1.390213452111326,0.6507626783097769,0.09953952280311208,0.010177998928302507,0.03671734436669069
j1_reliable,9,3000,12,3,2.0,0.17417934429588564,j1_b_then_a,0.75,0.75,0.03,soft_core_10,1.4277161623736514,0.6586726351808168,0.12377546446547803,0.018650402222738706,0.00994564561185874
j1_reliable,9,3000,12,3,2.0,0.17417934429588564,j1_b_then_a,0.75,0.75,0.03,adaptive_soft,1.3575383729519053,0.6398849804795312,0.04933327667609404,0.002309470559623227,0.05886045638633646
j1_reliable,10,3000,12,3,2.0,0.18781614193594623,j1_b_then_a,1.0,1.0,0.1,j1,1.4558808267115855,0.6853072810266181,0.028351391140474,0.0007097532020551856,0.07260718547418503
j1_reliable,10,3000,12,3,2.0,0.18781614193594623,j1_b_then_a,1.0,1.0,0.1,j2,1.5812652480648337,0.7308705095219338,0.18564111838225805,0.03011827175551793,0.03458936655067365
j1_reliable,10,3000,12,3,2.0,0.18781614193594623,j1_b_then_a,1.0,1.0,0.1,selected_order,1.4558808267115855,0.6853072810266181,0.028351391140474,0.0007097532020551856,0.07260718547418503
j1_reliable,10,3000,12,3,2.0,0.18781614193594623,j1_b_then_a,1.0,1.0,0.1,independent,1.5367429141611706,0.7183200613097686,0.1485826257185672,0.019764914226662218,3.660424948295154e-17
j1_reliable,10,3000,12,3,2.0,0.18781614193594623,j1_b_then_a,1.0,1.0,0.1,arithmetic,1.4835904575831407,0.6961918116772777,0.09388138060004023,0.007774958357471014,0.05359827601242932
j1_reliable,10,3000,12,3,2.0,0.18781614193594623,j1_b_then_a,1.0,1.0,0.1,geometric,1.4864030602337341,0.6970107924140769,0.096416074385917,0.008182089070885716,0.05205224626786393
j1_reliable,10,3000,12,3,2.0,0.18781614193594623,j1_b_then_a,1.0,1.0,0.1,weighted_geometric,1.4558808267115855,0.6853072810266181,0.028351391140474,0.000709753202055186,0.07260718547418504
j1_reliable,10,3000,12,3,2.0,0.18781614193594623,j1_b_then_a,1.0,1.0,0.1,hard_core,1.540260236463654,0.7190162898095517,0.15066671163622777,0.020443559057908685,5.1894969893233105e-15
j1_reliable,10,3000,12,3,2.0,0.18781614193594623,j1_b_then_a,1.0,1.0,0.1,soft_core_0.1,1.4891410867409915,0.6982638449474935,0.10046069054784741,0.008832228778839268,0.04727633759738087
j1_reliable,10,3000,12,3,2.0,0.18781614193594623,j1_b_then_a,1.0,1.0,0.1,soft_core_1,1.5067029627188118,0.7058085403750282,0.12097914361911742,0.012925496263885164,0.025954707481107904
j1_reliable,10,3000,12,3,2.0,0.18781614193594623,j1_b_then_a,1.0,1.0,0.1,soft_core_10,1.533118031352707,0.7163009725922882,0.1449114283084446,0.018873282497442925,0.004729019884786323
j1_reliable,10,3000,12,3,2.0,0.18781614193594623,j1_b_then_a,1.0,1.0,0.1,adaptive_soft,1.4563500879110254,0.6855107845299713,0.030729630690550014,0.0008266900317886357,0.06607123202565938
j1_reliable,11,3000,12,3,2.0,0.18860040214278645,j1_b_then_a,1.0,1.0,0.03,j1,1.4782744392290212,0.6872533744229566,0.027798459153563018,0.000696290888991682,0.07068184855783194
j1_reliable,11,3000,12,3,2.0,0.18860040214278645,j1_b_then_a,1.0,1.0,0.03,j2,1.6061403062057493,0.7309563293966166,0.185971688028855,0.03064238284812274,0.058337178102308485
j1_reliable,11,3000,12,3,2.0,0.18860040214278645,j1_b_then_a,1.0,1.0,0.03,selected_order,1.4782744392290212,0.6872533744229566,0.027798459153563018,0.000696290888991682,0.07068184855783194
j1_reliable,11,3000,12,3,2.0,0.18860040214278645,j1_b_then_a,1.0,1.0,0.03,independent,1.823513677846047,0.7662555266453325,0.30934356942467156,0.08714204075943788,4.249895730955608e-17
j1_reliable,11,3000,12,3,2.0,0.18860040214278645,j1_b_then_a,1.0,1.0,0.03,arithmetic,1.5063286572234076,0.6976132308417626,0.09372006974364668,0.007853826616159689,0.0645095133300702
j1_reliable,11,3000,12,3,2.0,0.18860040214278645,j1_b_then_a,1.0,1.0,0.03,geometric,1.5092436525919117,0.6982254579101974,0.09601047228876043,0.00827019515380621,0.0646646762440817
j1_reliable,11,3000,12,3,2.0,0.18860040214278645,j1_b_then_a,1.0,1.0,0.03,weighted_geometric,1.4782744392290212,0.6872533744229566,0.027798459153563018,0.000696290888991683,0.07068184855783195
j1_reliable,11,3000,12,3,2.0,0.18860040214278645,j1_b_then_a,1.0,1.0,0.03,hard_core,1.5980332936064947,0.7142776942091338,0.1513357378572253,0.02810746138990874,1.092943339877076e-14
j1_reliable,11,3000,12,3,2.0,0.18860040214278645,j1_b_then_a,1.0,1.0,0.03,soft_core_0.1,1.5106567621440856,0.6985400311545154,0.09764185427669002,0.008609212519807345,0.061134202370329946
j1_reliable,11,3000,12,3,2.0,0.18860040214278645,j1_b_then_a,1.0,1.0,0.03,soft_core_1,1.523550133792741,0.7012016526042244,0.10929350664758143,0.011631299703199949,0.04305878854978318
j1_reliable,11,3000,12,3,2.0,0.18860040214278645,j1_b_then_a,1.0,1.0,0.03,soft_core_10,1.5709250047094057,0.7096390395895871,0.13835499168011445,0.022281569669964484,0.011983571267714694
j1_reliable,11,3000,12,3,2.0,0.18860040214278645,j1_b_then_a,1.0,1.0,0.03,adaptive_soft,1.4782692642986957,0.6872468567189411,0.02776311810766462,0.0006949601598890212,0.0697397769164564
j1_reliable,12,3000,12,3,2.0,0.182643253406353,j1_b_then_a,1.0,1.0,0.03,j1,1.4652847805485105,0.6837230244557765,0.02798712835817203,0.0007053912594090273,0.0657498056797634
j1_reliable,12,3000,12,3,2.0,0.182643253406353,j1_b_then_a,1.0,1.0,0.03,j2,1.5865461836078247,0.7256507212587078,0.1803932080657257,0.02896421194217228,0.05412749774336026
j1_reliable,12,3000,12,3,2.0,0.182643253406353,j1_b_then_a,1.0,1.0,0.03,selected_order,1.4652847805485105,0.6837230244557765,0.02798712835817203,0.0007053912594090273,0.0657498056797634
j1_reliable,12,3000,12,3,2.0,0.182643253406353,j1_b_then_a,1.0,1.0,0.03,independent,1.729261204431452,0.744252721675824,0.25474278127715994,0.06861457674068118,4.4409179235940404e-17
j1_reliable,12,3000,12,3,2.0,0.182643253406353,j1_b_then_a,1.0,1.0,0.03,arithmetic,1.491603971075558,0.6936553429646792,0.09116906006929743,0.00739522885554081,0.059938651711561826
j1_reliable,12,3000,12,3,2.0,0.182643253406353,j1_b_then_a,1.0,1.0,0.03,geometric,1.4948644479628057,0.6943243141633971,0.09382477111579572,0.007922081953176183,0.05984518865397028
j1_reliable,12,3000,12,3,2.0,0.182643253406353,j1_b_then_a,1.0,1.0,0.03,weighted_geometric,1.4652847805485105,0.6837230244557765,0.02798712835817203,0.0007053912594090283,0.06574980567976342
j1_reliable,12,3000,12,3,2.0,0.182643253406353,j1_b_then_a,1.0,1.0,0.03,hard_core,1.5645809158857091,0.709140955503937,0.1427588750394074,0.02346245385851066,1.0053177556020564e-14
j1_reliable,12,3000,12,3,2.0,0.182643253406353,j1_b_then_a,1.0,1.0,0.03,soft_core_0.1,1.4961583998597388,0.6946327151753299,0.09533895712674068,0.008228210870564608,0.055994737954731234
j1_reliable,12,3000,12,3,2.0,0.182643253406353,j1_b_then_a,1.0,1.0,0.03,soft_core_1,1.507889099745396,0.6975118549110269,0.10633519217954504,0.010951461521421225,0.037232102414677413
j1_reliable,12,3000,12,3,2.0,0.182643253406353,j1_b_then_a,1.0,1.0,0.03,soft_core_10,1.544945802902104,0.7053783902271494,0.13204670788217074,0.019240807378640756,0.009639141829636669
j1_reliable,12,3000,12,3,2.0,0.182643253406353,j1_b_then_a,1.0,1.0,0.03,adaptive_soft,1.4652855594081433,0.6837193298075279,0.027977166154596507,0.000705570293717876,0.06466367324390072
j1_reliable,13,3000,12,3,2.0,0.17846355041879874,j1_b_then_a,0.75,1.0,0.3,j1,1.399464590439374,0.6525003732756878,0.02650563899324926,0.0006583468922409435,0.06691062410793436
j1_reliable,13,3000,12,3,2.0,0.17846355041879874,j1_b_then_a,0.75,1.0,0.3,j2,1.5186048433463981,0.6947541496956837,0.1766214190881722,0.028706033897215478,0.05064070641063423
j1_reliable,13,3000,12,3,2.0,0.17846355041879874,j1_b_then_a,0.75,1.0,0.3,selected_order,1.399464590439374,0.6525003732756878,0.02650563899324926,0.0006583468922409435,0.06691062410793436
j1_reliable,13,3000,12,3,2.0,0.17846355041879874,j1_b_then_a,0.75,1.0,0.3,independent,1.66681304339241,0.7146960777081406,0.252171576146763,0.06926722211973668,4.230225367165837e-17
j1_reliable,13,3000,12,3,2.0,0.17846355041879874,j1_b_then_a,0.75,1.0,0.3,arithmetic,1.4260396592514946,0.6626040641052429,0.08937127229592044,0.007454505809646226,0.05877566525928427
j1_reliable,13,3000,12,3,2.0,0.17846355041879874,j1_b_then_a,0.75,1.0,0.3,geometric,1.428385253810269,0.6630333788479457,0.09099024842456485,0.007748737994511517,0.05846460024818144
j1_reliable,13,3000,12,3,2.0,0.17846355041879874,j1_b_then_a,0.75,1.0,0.3,weighted_geometric,1.406108393563201,0.6549400292763489,0.0494009471156237,0.0023067772818993627,0.06268343960008964
j1_reliable,13,3000,12,3,2.0,0.17846355041879874,j1_b_then_a,0.75,1.0,0.3,hard_core,1.504566057729359,0.6798628939455285,0.14484811442659556,0.024746050236387613,1.0911207821714335e-14
j1_reliable,13,3000,12,3,2.0,0.17846355041879874,j1_b_then_a,0.75,1.0,0.3,soft_core_0.1,1.4299249211112912,0.6635385365705375,0.09305693881637161,0.008118695167051403,0.05478910597631624
j1_reliable,13,3000,12,3,2.0,0.17846355041879874,j1_b_then_a,0.75,1.0,0.3,soft_core_1,1.4425341280770314,0.667273885087378,0.10614783744331717,0.011086127130737556,0.03694015208957119
j1_reliable,13,3000,12,3,2.0,0.17846355041879874,j1_b_then_a,0.75,1.0,0.3,soft_core_10,1.4818486865047527,0.6758233102435246,0.13347290643216886,0.019914343088429515,0.010082715021815927
j1_reliable,13,3000,12,3,2.0,0.17846355041879874,j1_b_then_a,0.75,1.0,0.3,adaptive_soft,1.4026025983053538,0.6537171119120141,0.03908471156906493,0.0014403371698713382,0.0574442323559825
j1_reliable,14,3000,12,3,2.0,0.18633714578334362,j1_b_then_a,1.0,1.0,0.03,j1,1.4434153331920618,0.6726456155444989,0.02761406091865774,0.0006928441077813117,0.07200811871926718
j1_reliable,14,3000,12,3,2.0,0.18633714578334362,j1_b_then_a,1.0,1.0,0.03,j2,1.5695019876779746,0.7170848940307486,0.183347897697551,0.030214865575464645,0.0558865831915507
j1_reliable,14,3000,12,3,2.0,0.18633714578334362,j1_b_then_a,1.0,1.0,0.03,selected_order,1.4434153331920618,0.6726456155444989,0.02761406091865774,0.0006928441077813117,0.07200811871926718
j1_reliable,14,3000,12,3,2.0,0.18633714578334362,j1_b_then_a,1.0,1.0,0.03,independent,1.7944569846161342,0.753625358183877,0.30942725038939145,0.08779717383196198,4.1566866454880113e-17
j1_reliable,14,3000,12,3,2.0,0.18633714578334362,j1_b_then_a,1.0,1.0,0.03,arithmetic,1.4710757975236612,0.6831601648842853,0.09244912246898951,0.007755865507087674,0.06394735095540893
j1_reliable,14,3000,12,3,2.0,0.18633714578334362,j1_b_then_a,1.0,1.0,0.03,geometric,1.4739266001361422,0.6837519705156875,0.09442075426938883,0.008162383082481073,0.06370224643374771
j1_reliable,14,3000,12,3,2.0,0.18633714578334362,j1_b_then_a,1.0,1.0,0.03,weighted_geometric,1.4434153331920618,0.6726456155444989,0.027614060918657743,0.0006928441077813129,0.07200811871926721
j1_reliable,14,3000,12,3,2.0,0.18633714578334362,j1_b_then_a,1.0,1.0,0.03,hard_core,1.567171071856491,0.702141873734618,0.1541865713309272,0.029163441437096607,1.0662013634919806e-14
j1_reliable,14,3000,12,3,2.0,0.18633714578334362,j1_b_then_a,1.0,1.0,0.03,soft_core_0.1,1.4756119808235575,0.6842706979925921,0.09653728905304798,0.008565998585927395,0.06028564277196576
j1_reliable,14,3000,12,3,2.0,0.18633714578334362,j1_b_then_a,1.0,1.0,0.03,soft_core_1,1.489635065502114,0.6879027440990085,0.11013930479403666,0.011857484826944658,0.04275240547677929
j1_reliable,14,3000,12,3,2.0,0.18633714578334362,j1_b_then_a,1.0,1.0,0.03,soft_core_10,1.538760488446257,0.6972139802412413,0.14069446615141618,0.022958109326481204,0.012209529723678874
j1_reliable,14,3000,12,3,2.0,0.18633714578334362,j1_b_then_a,1.0,1.0,0.03,adaptive_soft,1.4434078714841727,0.6726355428258408,0.02760231518075051,0.0006909858980252143,0.07102146907395691
j1_reliable,15,3000,12,3,2.0,0.19734929736191573,j1_b_then_a,1.0,1.0,0.03,j1,1.5927823831769516,0.7315476811802223,0.029696999114383175,0.0007594994649315934,0.07124320057934069
j1_reliable,15,3000,12,3,2.0,0.19734929736191573,j1_b_then_a,1.0,1.0,0.03,j2,1.7283121451229582,0.7763868751323952,0.1955079249819264,0.032307073901451065,0.05740495174159714
j1_reliable,15,3000,12,3,2.0,0.19734929736191573,j1_b_then_a,1.0,1.0,0.03,selected_order,1.5927823831769516,0.7315476811802223,0.029696999114383175,0.0007594994649315934,0.07124320057934069
j1_reliable,15,3000,12,3,2.0,0.19734929736191573,j1_b_then_a,1.0,1.0,0.03,independent,1.870855921166026,0.7955369096805713,0.2697567277127304,0.07273814170838837,4.383038016564881e-17
j1_reliable,15,3000,12,3,2.0,0.19734929736191573,j1_b_then_a,1.0,1.0,0.03,arithmetic,1.6223083752431193,0.7422444412008851,0.09889489409431548,0.008258915041943104,0.0643240761604689
j1_reliable,15,3000,12,3,2.0,0.19734929736191573,j1_b_then_a,1.0,1.0,0.03,geometric,1.6259849528517323,0.7430111848816224,0.1018790536802028,0.008865271512081307,0.06416040894575964
j1_reliable,15,3000,12,3,2.0,0.19734929736191573,j1_b_then_a,1.0,1.0,0.03,weighted_geometric,1.5927823831769516,0.7315476811802222,0.02969699911438318,0.0007594994649315952,0.0712432005793407
j1_reliable,15,3000,12,3,2.0,0.19734929736191573,j1_b_then_a,1.0,1.0,0.03,hard_core,1.7058939397984687,0.7579462191790547,0.1548570384706644,0.026424328658601375,1.087002036805689e-14
j1_reliable,15,3000,12,3,2.0,0.19734929736191573,j1_b_then_a,1.0,1.0,0.03,soft_core_0.1,1.6275299593773112,0.7433564562735392,0.1036351833978816,0.00923144130544506,0.06001571053079136
j1_reliable,15,3000,12,3,2.0,0.19734929736191573,j1_b_then_a,1.0,1.0,0.03,soft_core_1,1.6408066496617524,0.7463338997684429,0.11586526558107534,0.012309494307894764,0.0399717265676174
j1_reliable,15,3000,12,3,2.0,0.19734929736191573,j1_b_then_a,1.0,1.0,0.03,soft_core_10,1.6823321549942767,0.7541011629200552,0.14343277794199913,0.02150309264843362,0.010656995466716258
j1_reliable,15,3000,12,3,2.0,0.19734929736191573,j1_b_then_a,1.0,1.0,0.03,adaptive_soft,1.5927947040175334,0.731549277250184,0.029739482657976813,0.000762556394938987,0.07004018617207011
j1_reliable,16,3000,12,3,2.0,0.18574149828705752,j1_b_then_a,1.0,1.0,0.03,j1,1.4578428764625462,0.6745263008333025,0.027209909597004672,0.0006691299429053287,0.06818505814992881
j1_reliable,16,3000,12,3,2.0,0.18574149828705752,j1_b_then_a,1.0,1.0,0.03,j2,1.5845561869587885,0.7185480005204155,0.18383393383397836,0.030371782849979746,0.05443332218235711
j1_reliable,16,3000,12,3,2.0,0.18574149828705752,j1_b_then_a,1.0,1.0,0.03,selected_order,1.4578428764625462,0.6745263008333025,0.027209909597004672,0.0006691299429053287,0.06818505814992881
j1_reliable,16,3000,12,3,2.0,0.18574149828705752,j1_b_then_a,1.0,1.0,0.03,independent,1.7512287813861052,0.7415049499756895,0.27143641193696677,0.07437009822006849,4.01336407683528e-17
j1_reliable,16,3000,12,3,2.0,0.18574149828705752,j1_b_then_a,1.0,1.0,0.03,arithmetic,1.485896865592776,0.6850217278109908,0.09285522425796681,0.007834999134041041,0.06130919016614294
j1_reliable,16,3000,12,3,2.0,0.18574149828705752,j1_b_then_a,1.0,1.0,0.03,geometric,1.4886497579356988,0.6855323603633013,0.09471721827292884,0.008212500870632647,0.06105626589403564
j1_reliable,16,3000,12,3,2.0,0.18574149828705752,j1_b_then_a,1.0,1.0,0.03,weighted_geometric,1.4578428764625462,0.6745263008333025,0.027209909597004672,0.0006691299429053284,0.06818505814992883
j1_reliable,16,3000,12,3,2.0,0.18574149828705752,j1_b_then_a,1.0,1.0,0.03,hard_core,1.5698810542574078,0.7019245778060612,0.1468971890313832,0.026530251412998404,1.2968443009038565e-14
j1_reliable,16,3000,12,3,2.0,0.18574149828705752,j1_b_then_a,1.0,1.0,0.03,soft_core_0.1,1.4901583700443752,0.6859557148516839,0.09647667084856335,0.008572017585323657,0.05730863244984506
j1_reliable,16,3000,12,3,2.0,0.18574149828705752,j1_b_then_a,1.0,1.0,0.03,soft_core_1,1.5028772710027183,0.6892224745380899,0.10820849402208897,0.011545106171621775,0.03910757205587485
j1_reliable,16,3000,12,3,2.0,0.18574149828705752,j1_b_then_a,1.0,1.0,0.03,soft_core_10,1.5449670253625554,0.6975435429279245,0.1349305312277884,0.021086096469516494,0.01096752052781303
j1_reliable,16,3000,12,3,2.0,0.18574149828705752,j1_b_then_a,1.0,1.0,0.03,adaptive_soft,1.457861599678185,0.6745285153037428,0.027234380532087585,0.0006738877253102626,0.06708702343515931
j1_reliable,17,3000,12,3,2.0,0.1828987161434218,j1_b_then_a,1.0,1.0,0.03,j1,1.4635866308849959,0.679421431847893,0.02773439579527932,0.0007012460162227344,0.06693372160447529
j1_reliable,17,3000,12,3,2.0,0.1828987161434218,j1_b_then_a,1.0,1.0,0.03,j2,1.5844957741434729,0.7214959209617215,0.18081423546603745,0.02912373032743323,0.04033352831035569
j1_reliable,17,3000,12,3,2.0,0.1828987161434218,j1_b_then_a,1.0,1.0,0.03,selected_order,1.4635866308849959,0.679421431847893,0.02773439579527932,0.0007012460162227344,0.06693372160447529
j1_reliable,17,3000,12,3,2.0,0.1828987161434218,j1_b_then_a,1.0,1.0,0.03,independent,1.5666052990834336,0.710680029901267,0.16103321719246858,0.025182863478240957,4.4409728301519765e-17
j1_reliable,17,3000,12,3,2.0,0.1828987161434218,j1_b_then_a,1.0,1.0,0.03,arithmetic,1.4903128346983436,0.6894269719927302,0.09151988308701146,0.007517327827275576,0.05363362495741548
j1_reliable,17,3000,12,3,2.0,0.1828987161434218,j1_b_then_a,1.0,1.0,0.03,geometric,1.492906996262865,0.689972260919247,0.09355872191581956,0.00788903953796885,0.052525368500409036
j1_reliable,17,3000,12,3,2.0,0.1828987161434218,j1_b_then_a,1.0,1.0,0.03,weighted_geometric,1.4635866308849959,0.679421431847893,0.027734395795279324,0.0007012460162227355,0.06693372160447529
j1_reliable,17,3000,12,3,2.0,0.1828987161434218,j1_b_then_a,1.0,1.0,0.03,hard_core,1.5424888676003023,0.7080510381363888,0.14052575163853107,0.019154286351427182,2.477283187710857e-14
j1_reliable,17,3000,12,3,2.0,0.1828987161434218,j1_b_then_a,1.0,1.0,0.03,soft_core_0.1,1.4949965215136032,0.6908409059869712,0.09646637044228919,0.008382804347031635,0.04796327676026421
j1_reliable,17,3000,12,3,2.0,0.1828987161434218,j1_b_then_a,1.0,1.0,0.03,soft_core_1,1.5096622273621967,0.6965448618862576,0.11281746726099534,0.01179286790231694,0.027229046629356688
j1_reliable,17,3000,12,3,2.0,0.1828987161434218,j1_b_then_a,1.0,1.0,0.03,soft_core_10,1.534942841271039,0.7055213148299764,0.13472189292052658,0.017491065305361462,0.005220057992461928
j1_reliable,17,3000,12,3,2.0,0.1828987161434218,j1_b_then_a,1.0,1.0,0.03,adaptive_soft,1.4635894231958175,0.6794140398845765,0.02777727976042043,0.0007018968193741213,0.06522077145804883
j1_reliable,18,3000,12,3,2.0,0.19303183367213272,j1_b_then_a,1.0,1.0,0.03,j1,1.5308580365360702,0.7051757174051257,0.02846957386325195,0.0007189715211551862,0.07525702839029819
j1_reliable,18,3000,12,3,2.0,0.19303183367213272,j1_b_then_a,1.0,1.0,0.03,j2,1.6632649751976512,0.7498312909751269,0.1911193560626644,0.03161365983845004,0.04548227277868619
j1_reliable,18,3000,12,3,2.0,0.19303183367213272,j1_b_then_a,1.0,1.0,0.03,selected_order,1.5308580365360702,0.7051757174051257,0.02846957386325195,0.0007189715211551862,0.07525702839029819
j1_reliable,18,3000,12,3,2.0,0.19303183367213272,j1_b_then_a,1.0,1.0,0.03,independent,1.7430864230055965,0.7615707138538081,0.23626362750427335,0.053549293206504166,3.88143052613822e-17
j1_reliable,18,3000,12,3,2.0,0.19303183367213272,j1_b_then_a,1.0,1.0,0.03,arithmetic,1.5598641063307161,0.7158217180105487,0.09657874507772601,0.008102763095909286,0.06036965058449217
j1_reliable,18,3000,12,3,2.0,0.19303183367213272,j1_b_then_a,1.0,1.0,0.03,geometric,1.5631901943118374,0.7165299125583146,0.09915766326446673,0.00861666098721973,0.0595807326838141
j1_reliable,18,3000,12,3,2.0,0.19303183367213272,j1_b_then_a,1.0,1.0,0.03,weighted_geometric,1.5308580365360702,0.7051757174051257,0.02846957386325195,0.0007189715211551874,0.0752570283902982
j1_reliable,18,3000,12,3,2.0,0.19303183367213272,j1_b_then_a,1.0,1.0,0.03,hard_core,1.6353017295996255,0.736760645987569,0.15970760395811212,0.024854988478470223,2.962622795140177e-14
j1_reliable,18,3000,12,3,2.0,0.19303183367213272,j1_b_then_a,1.0,1.0,0.03,soft_core_0.1,1.5656490685460986,0.7174718946585548,0.10265141617301808,0.009203397372988092,0.055310796252053734
j1_reliable,18,3000,12,3,2.0,0.19303183367213272,j1_b_then_a,1.0,1.0,0.03,soft_core_1,1.5827555505422732,0.7232682580265871,0.12178718783750168,0.013200131896243457,0.034959952489681416
j1_reliable,18,3000,12,3,2.0,0.19303183367213272,j1_b_then_a,1.0,1.0,0.03,soft_core_10,1.6200204960542295,0.7332567689275459,0.15051739635651182,0.02155601594555671,0.008144184151166352
j1_reliable,18,3000,12,3,2.0,0.19303183367213272,j1_b_then_a,1.0,1.0,0.03,adaptive_soft,1.5308637686192406,0.705174359805684,0.028456061211713946,0.0007203405109693352,0.07371622429790294
j1_reliable,19,3000,12,3,2.0,0.1830883431860813,j1_b_then_a,1.0,1.0,0.1,j1,1.4382401312723727,0.6687773246658394,0.027386754515859434,0.0006893124960901362,0.0649353546571718
j1_reliable,19,3000,12,3,2.0,0.1830883431860813,j1_b_then_a,1.0,1.0,0.1,j2,1.5622321169416884,0.7120700708923628,0.18097849519432288,0.029680229492159343,0.048464374585874895
j1_reliable,19,3000,12,3,2.0,0.1830883431860813,j1_b_then_a,1.0,1.0,0.1,selected_order,1.4382401312723727,0.6687773246658394,0.027386754515859434,0.0006893124960901362,0.0649353546571718
j1_reliable,19,3000,12,3,2.0,0.1830883431860813,j1_b_then_a,1.0,1.0,0.1,independent,1.614360376623413,0.718009045973752,0.20722738797024107,0.044203143611085224,3.964936078630324e-17
j1_reliable,19,3000,12,3,2.0,0.1830883431860813,j1_b_then_a,1.0,1.0,0.1,arithmetic,1.4654667068960932,0.6790730595366252,0.09149036934380822,0.007634168456549716,0.056699864621523335
j1_reliable,19,3000,12,3,2.0,0.1830883431860813,j1_b_then_a,1.0,1.0,0.1,geometric,1.4684245199997057,0.6796435044352526,0.09377626978407833,0.008070672583804752,0.056494600140047015
j1_reliable,19,3000,12,3,2.0,0.1830883431860813,j1_b_then_a,1.0,1.0,0.1,weighted_geometric,1.4382401312723727,0.6687773246658394,0.027386754515859434,0.0006893124960901385,0.06493535465717182
j1_reliable,19,3000,12,3,2.0,0.1830883431860813,j1_b_then_a,1.0,1.0,0.1,hard_core,1.5267418602238043,0.6949163186112993,0.13875602952828892,0.021282115244777928,1.784893860708345e-14
j1_reliable,19,3000,12,3,2.0,0.1830883431860813,j1_b_then_a,1.0,1.0,0.1,soft_core_0.1,1.4701958692315542,0.6801549366345173,0.0958048202729527,0.008495341703238634,0.05229407310614608
j1_reliable,19,3000,12,3,2.0,0.1830883431860813,j1_b_then_a,1.0,1.0,0.1,soft_core_1,1.483748480156505,0.6839980938955686,0.1086710211422042,0.011672526040233076,0.03249701711170114
j1_reliable,19,3000,12,3,2.0,0.1830883431860813,j1_b_then_a,1.0,1.0,0.1,soft_core_10,1.5145535179670844,0.6919499764588151,0.1312530964279745,0.018620044218611565,0.007310029630923018
j1_reliable,19,3000,12,3,2.0,0.1830883431860813,j1_b_then_a,1.0,1.0,0.1,adaptive_soft,1.4386541226249934,0.6689202902300516,0.02936523903659712,0.000792443270665286,0.060866455889086055
j1_reliable,20,3000,12,3,2.0,0.18850598185623874,j1_b_then_a,1.0,1.0,0.03,j1,1.4744044036271462,0.6920757773970925,0.027921006465616825,0.0006892727881671971,0.07231208429422271
j1_reliable,20,3000,12,3,2.0,0.18850598185623874,j1_b_then_a,1.0,1.0,0.03,j2,1.6007943210262892,0.7367443991225167,0.18577197839654203,0.030190178631605287,0.04073066197740877
j1_reliable,20,3000,12,3,2.0,0.18850598185623874,j1_b_then_a,1.0,1.0,0.03,selected_order,1.4744044036271462,0.6920757773970925,0.027921006465616825,0.0006892727881671971,0.07231208429422271
j1_reliable,20,3000,12,3,2.0,0.18850598185623874,j1_b_then_a,1.0,1.0,0.03,independent,1.6162958607514377,0.73405118610342,0.1920280557039062,0.03471981323601338,4.490755666967543e-17
j1_reliable,20,3000,12,3,2.0,0.18850598185623874,j1_b_then_a,1.0,1.0,0.03,arithmetic,1.5019625704961592,0.7026415729644021,0.09363505139141336,0.00769727224741014,0.056521373135815726
j1_reliable,20,3000,12,3,2.0,0.18850598185623874,j1_b_then_a,1.0,1.0,0.03,geometric,1.5052119511840376,0.703501186106067,0.09660104752059379,0.008221953900231158,0.05559351254464473
j1_reliable,20,3000,12,3,2.0,0.18850598185623874,j1_b_then_a,1.0,1.0,0.03,weighted_geometric,1.4744044036271462,0.6920757773970925,0.02792100646561682,0.0006892727881671988,0.07231208429422271
j1_reliable,20,3000,12,3,2.0,0.18850598185623874,j1_b_then_a,1.0,1.0,0.03,hard_core,1.5653614039263275,0.7240418917853846,0.15101052690597436,0.021833019461687413,1.0273896337777996e-14
j1_reliable,20,3000,12,3,2.0,0.18850598185623874,j1_b_then_a,1.0,1.0,0.03,soft_core_0.1,1.5076148516536387,0.7044989290783754,0.09996062319799638,0.00879257286801374,0.051097449863648246
j1_reliable,20,3000,12,3,2.0,0.18850598185623874,j1_b_then_a,1.0,1.0,0.03,soft_core_1,1.524177468766134,0.7108042831735848,0.11846974726140817,0.01264538430689942,0.0302335558688872
j1_reliable,20,3000,12,3,2.0,0.18850598185623874,j1_b_then_a,1.0,1.0,0.03,soft_core_10,1.5550776974210472,0.7209721954234641,0.1439064631884322,0.019583374756427786,0.006216880644613997
j1_reliable,20,3000,12,3,2.0,0.18850598185623874,j1_b_then_a,1.0,1.0,0.03,adaptive_soft,1.474398786701815,0.6920618498765869,0.027794550965470902,0.0006878003557810454,0.07058696854315145
j1_reliable,21,3000,12,3,2.0,0.1916202573700971,j1_b_then_a,1.0,1.0,0.1,j1,1.5244691098217507,0.7048149253496654,0.02841271310396158,0.0007134838306120632,0.06915931113237876
j1_reliable,21,3000,12,3,2.0,0.1916202573700971,j1_b_then_a,1.0,1.0,0.1,j2,1.6563824984760316,0.7502029677787454,0.18985718862570292,0.03143563998567376,0.05081562676451116
j1_reliable,21,3000,12,3,2.0,0.1916202573700971,j1_b_then_a,1.0,1.0,0.1,selected_order,1.5244691098217507,0.7048149253496654,0.02841271310396158,0.0007134838306120632,0.06915931113237876
j1_reliable,21,3000,12,3,2.0,0.1916202573700971,j1_b_then_a,1.0,1.0,0.1,independent,1.728191514104131,0.7531564450770447,0.22574757899459932,0.050686459588927785,4.408980791016224e-17
j1_reliable,21,3000,12,3,2.0,0.1916202573700971,j1_b_then_a,1.0,1.0,0.1,arithmetic,1.5532719989483221,0.7156695831962235,0.096092800910343,0.008042137590262297,0.05998746894844495
j1_reliable,21,3000,12,3,2.0,0.1916202573700971,j1_b_then_a,1.0,1.0,0.1,geometric,1.5567671189171006,0.7163902789303449,0.0989407062970781,0.008606911956185709,0.05951836243374952
j1_reliable,21,3000,12,3,2.0,0.1916202573700971,j1_b_then_a,1.0,1.0,0.1,weighted_geometric,1.5244691098217507,0.7048149253496654,0.02841271310396158,0.0007134838306120647,0.06915931113237878
j1_reliable,21,3000,12,3,2.0,0.1916202573700971,j1_b_then_a,1.0,1.0,0.1,hard_core,1.6208882453837257,0.7333552165901459,0.1474316995008205,0.022964072393309564,1.6088878708316968e-14
j1_reliable,21,3000,12,3,2.0,0.1916202573700971,j1_b_then_a,1.0,1.0,0.1,soft_core_0.1,1.5584390665256123,0.7169473287131447,0.10108476412905652,0.009005633509281356,0.0551808536595316
j1_reliable,21,3000,12,3,2.0,0.1916202573700971,j1_b_then_a,1.0,1.0,0.1,soft_core_1,1.5720323072276416,0.7211540200184053,0.11466665696224725,0.012172707837761148,0.03458331799222053
j1_reliable,21,3000,12,3,2.0,0.1916202573700971,j1_b_then_a,1.0,1.0,0.1,soft_core_10,1.606169501228104,0.7300116644311158,0.13893705220328098,0.019800512277832194,0.007963391409780493
j1_reliable,21,3000,12,3,2.0,0.1916202573700971,j1_b_then_a,1.0,1.0,0.1,adaptive_soft,1.5249394704718537,0.7049940367375089,0.030660533016516296,0.0008307522768706127,0.06465696885903731
j1_reliable,22,3000,12,3,2.0,0.17835749404604226,j1_b_then_a,1.0,1.0,0.1,j1,1.3685896196989094,0.6445900112233953,0.02657751323422781,0.0006610129695526157,0.06444904838256263
j1_reliable,22,3000,12,3,2.0,0.17835749404604226,j1_b_then_a,1.0,1.0,0.1,j2,1.4852650281379383,0.6879587937275832,0.1764711765714953,0.02817115162851176,0.053524259741301115
j1_reliable,22,3000,12,3,2.0,0.17835749404604226,j1_b_then_a,1.0,1.0,0.1,selected_order,1.3685896196989094,0.6445900112233953,0.02657751323422781,0.0006610129695526157,0.06444904838256263
j1_reliable,22,3000,12,3,2.0,0.17835749404604226,j1_b_then_a,1.0,1.0,0.1,independent,1.6396606931782396,0.7097766750077666,0.25063489319868404,0.07029300765729572,4.326879054462036e-17
j1_reliable,22,3000,12,3,2.0,0.17835749404604226,j1_b_then_a,1.0,1.0,0.1,arithmetic,1.3945914476557555,0.6549303056935448,0.08909420005434139,0.00730934795627664,0.05898665406193186
j1_reliable,22,3000,12,3,2.0,0.17835749404604226,j1_b_then_a,1.0,1.0,0.1,geometric,1.3967780023735654,0.6554495130020018,0.0907932456141372,0.007577831844268559,0.058797522624259996
j1_reliable,22,3000,12,3,2.0,0.17835749404604226,j1_b_then_a,1.0,1.0,0.1,weighted_geometric,1.3685896196989094,0.6445900112233953,0.026577513234227815,0.0006610129695526178,0.06444904838256264
j1_reliable,22,3000,12,3,2.0,0.17835749404604226,j1_b_then_a,1.0,1.0,0.1,hard_core,1.4742848233037333,0.6711712049695003,0.1388226904100263,0.024819406247481156,1.170635604812889e-14
j1_reliable,22,3000,12,3,2.0,0.17835749404604226,j1_b_then_a,1.0,1.0,0.1,soft_core_0.1,1.3980518636400134,0.6558389277211485,0.09229091030737308,0.007881947821733334,0.05520166564234076
j1_reliable,22,3000,12,3,2.0,0.17835749404604226,j1_b_then_a,1.0,1.0,0.1,soft_core_1,1.4093792108109078,0.6589959248166514,0.10245626307618026,0.010531505940560822,0.03778967541006353
j1_reliable,22,3000,12,3,2.0,0.17835749404604226,j1_b_then_a,1.0,1.0,0.1,soft_core_10,1.4490175805047543,0.6669119838769212,0.12712509375287856,0.019421829420866232,0.010823007013873686
j1_reliable,22,3000,12,3,2.0,0.17835749404604226,j1_b_then_a,1.0,1.0,0.1,adaptive_soft,1.3689567493014618,0.6447410230135227,0.028562853427454772,0.0007523083893544906,0.061120349993946874
j1_reliable,23,3000,12,3,2.0,0.18769267894527392,j1_b_then_a,1.0,1.0,0.3,j1,1.4961197329740707,0.692461049844712,0.027756528094290477,0.0006917068235266474,0.06928779855437373
j1_reliable,23,3000,12,3,2.0,0.18769267894527392,j1_b_then_a,1.0,1.0,0.3,j2,1.6231239335662855,0.735755588814579,0.18621544223774233,0.030404085624592313,0.05692316312018231
j1_reliable,23,3000,12,3,2.0,0.18769267894527392,j1_b_then_a,1.0,1.0,0.3,selected_order,1.4961197329740707,0.692461049844712,0.027756528094290477,0.0006917068235266474,0.06928779855437373
j1_reliable,23,3000,12,3,2.0,0.18769267894527392,j1_b_then_a,1.0,1.0,0.3,independent,1.8053980616740546,0.7622127060437286,0.2833225126000045,0.0780808028438355,4.23630198152944e-17
j1_reliable,23,3000,12,3,2.0,0.18769267894527392,j1_b_then_a,1.0,1.0,0.3,arithmetic,1.5242087685563128,0.7028715951531629,0.09438741580495143,0.007848878192487274,0.06310548083727799
j1_reliable,23,3000,12,3,2.0,0.18769267894527392,j1_b_then_a,1.0,1.0,0.3,geometric,1.5272586912100703,0.7034833813980987,0.09678330948647494,0.008300378721110275,0.0629884387599253
j1_reliable,23,3000,12,3,2.0,0.18769267894527392,j1_b_then_a,1.0,1.0,0.3,weighted_geometric,1.4961197329740707,0.692461049844712,0.027756528094290477,0.000691706823526649,0.06928779855437373
j1_reliable,23,3000,12,3,2.0,0.18769267894527392,j1_b_then_a,1.0,1.0,0.3,hard_core,1.609875053628664,0.7182864834798014,0.14906789151333488,0.026845743596677768,1.953835282741515e-14
j1_reliable,23,3000,12,3,2.0,0.18769267894527392,j1_b_then_a,1.0,1.0,0.3,soft_core_0.1,1.528642045373688,0.7038080507973294,0.09842330281300377,0.008631628276454075,0.05921279967495478
j1_reliable,23,3000,12,3,2.0,0.18769267894527392,j1_b_then_a,1.0,1.0,0.3,soft_core_1,1.5408338147729483,0.7065394648912613,0.1097609907946149,0.011489537730973196,0.04075380743814309
j1_reliable,23,3000,12,3,2.0,0.18769267894527392,j1_b_then_a,1.0,1.0,0.3,soft_core_10,1.5836671253347983,0.7141344074368602,0.13681196206405952,0.021185434794243375,0.011506197769986726
j1_reliable,23,3000,12,3,2.0,0.18769267894527392,j1_b_then_a,1.0,1.0,0.3,adaptive_soft,1.4994845710858338,0.6936990529924747,0.041117707044632135,0.0015275662031306537,0.06013249213020202
j1_reliable,24,3000,12,3,2.0,0.17893757826488957,j1_b_then_a,1.0,1.0,0.03,j1,1.426669033515827,0.666803423783236,0.027227478819118005,0.000676106032393605,0.06449565623970728
j1_reliable,24,3000,12,3,2.0,0.17893757826488957,j1_b_then_a,1.0,1.0,0.03,j2,1.5445840617544244,0.7085205615112846,0.17732696130747672,0.0283981478258952,0.055030475192135046
j1_reliable,24,3000,12,3,2.0,0.17893757826488957,j1_b_then_a,1.0,1.0,0.03,selected_order,1.426669033515827,0.666803423783236,0.027227478819118005,0.000676106032393605,0.06449565623970728
j1_reliable,24,3000,12,3,2.0,0.17893757826488957,j1_b_then_a,1.0,1.0,0.03,independent,1.7099852814120142,0.7332221543033107,0.2699874084060669,0.0722028984020757,3.968097958507652e-17
j1_reliable,24,3000,12,3,2.0,0.17893757826488957,j1_b_then_a,1.0,1.0,0.03,arithmetic,1.4527354716250844,0.6767345885218324,0.08981802721555328,0.007319891714155692,0.05976306571592115
j1_reliable,24,3000,12,3,2.0,0.17893757826488957,j1_b_then_a,1.0,1.0,0.03,geometric,1.4552603665176223,0.6772689333412536,0.09184822615737614,0.007682315596346468,0.05982568849366893
j1_reliable,24,3000,12,3,2.0,0.17893757826488957,j1_b_then_a,1.0,1.0,0.03,weighted_geometric,1.426669033515827,0.666803423783236,0.027227478819118005,0.0006761060323936072,0.06449565623970731
j1_reliable,24,3000,12,3,2.0,0.17893757826488957,j1_b_then_a,1.0,1.0,0.03,hard_core,1.5286459422371077,0.6919921368627122,0.13944060574596892,0.02416545289898838,1.6364782764155094e-14
j1_reliable,24,3000,12,3,2.0,0.17893757826488957,j1_b_then_a,1.0,1.0,0.03,soft_core_0.1,1.4563781926329542,0.6775371494253966,0.09319324373146641,0.007953599758024909,0.056303869389264016
j1_reliable,24,3000,12,3,2.0,0.17893757826488957,j1_b_then_a,1.0,1.0,0.03,soft_core_1,1.4672776069173992,0.6800936395422518,0.10313339780527746,0.010528933355354335,0.038664353099773834
j1_reliable,24,3000,12,3,2.0,0.17893757826488957,j1_b_then_a,1.0,1.0,0.03,soft_core_10,1.5065232732610048,0.6879216575635217,0.12831636606248342,0.01940042756312584,0.010423107594318828
j1_reliable,24,3000,12,3,2.0,0.17893757826488957,j1_b_then_a,1.0,1.0,0.03,adaptive_soft,1.4266645180857553,0.6667945953841501,0.02716875376530484,0.0006748767748444028,0.06355034654213884
j1_reliable,25,3000,12,3,2.0,0.1905246943127553,j1_b_then_a,1.0,1.0,0.03,j1,1.4922917873038177,0.6970984210668999,0.027894370622631958,0.0006963139590028111,0.0698223882684715
j1_reliable,25,3000,12,3,2.0,0.1905246943127553,j1_b_then_a,1.0,1.0,0.03,j2,1.6229506586395217,0.7428445072202444,0.18897083490703093,0.03103130869962898,0.05067738973453922
j1_reliable,25,3000,12,3,2.0,0.1905246943127553,j1_b_then_a,1.0,1.0,0.03,selected_order,1.4922917873038177,0.6970984210668999,0.027894370622631958,0.0006963139590028111,0.0698223882684715
j1_reliable,25,3000,12,3,2.0,0.1905246943127553,j1_b_then_a,1.0,1.0,0.03,independent,1.715072596114295,0.7543222543171096,0.23696579081755398,0.05662481487586654,4.52041810315342e-17
j1_reliable,25,3000,12,3,2.0,0.1905246943127553,j1_b_then_a,1.0,1.0,0.03,arithmetic,1.5207939955992729,0.7080991081837549,0.09564678656426692,0.007936916424165476,0.060249889001505345
j1_reliable,25,3000,12,3,2.0,0.1905246943127553,j1_b_then_a,1.0,1.0,0.03,geometric,1.5245227666795202,0.7090521545535863,0.09861457005839093,0.008551855467410382,0.05998042668235707
j1_reliable,25,3000,12,3,2.0,0.1905246943127553,j1_b_then_a,1.0,1.0,0.03,weighted_geometric,1.4922917873038177,0.6970984210668999,0.027894370622631958,0.0006963139590028118,0.06982238826847152
j1_reliable,25,3000,12,3,2.0,0.1905246943127553,j1_b_then_a,1.0,1.0,0.03,hard_core,1.5937530551566828,0.726502217439473,0.15001287393101456,0.023910136544569992,1.225316454445173e-14
j1_reliable,25,3000,12,3,2.0,0.1905246943127553,j1_b_then_a,1.0,1.0,0.03,soft_core_0.1,1.5264161877331826,0.7096641814668406,0.1008858939286373,0.00899967114558949,0.05579578117127144
j1_reliable,25,3000,12,3,2.0,0.1905246943127553,j1_b_then_a,1.0,1.0,0.03,soft_core_1,1.5410053505472114,0.7139745650377046,0.11479981817658738,0.012368831422946057,0.03575852217829402
j1_reliable,25,3000,12,3,2.0,0.1905246943127553,j1_b_then_a,1.0,1.0,0.03,soft_core_10,1.5774521765368315,0.7229459232947748,0.14069030381448777,0.020437878873953447,0.00855281429569587
j1_reliable,25,3000,12,3,2.0,0.1905246943127553,j1_b_then_a,1.0,1.0,0.03,adaptive_soft,1.492301642828531,0.6971008967084996,0.02794150312335565,0.0006987401878155219,0.06850526757925136
j1_reliable,26,3000,12,3,2.0,0.18563745752086983,j1_b_then_a,1.0,1.0,0.1,j1,1.4633260165813144,0.682831390819676,0.02771679144349022,0.0006912765378090643,0.07161413611097366
j1_reliable,26,3000,12,3,2.0,0.18563745752086983,j1_b_then_a,1.0,1.0,0.1,j2,1.5877359204089316,0.7269656674525832,0.18387759557071623,0.029836871493802753,0.04645236943037178
j1_reliable,26,3000,12,3,2.0,0.18563745752086983,j1_b_then_a,1.0,1.0,0.1,selected_order,1.4633260165813144,0.682831390819676,0.02771679144349022,0.0006912765378090643,0.07161413611097366
j1_reliable,26,3000,12,3,2.0,0.18563745752086983,j1_b_then_a,1.0,1.0,0.1,independent,1.683647736573404,0.7390568391367837,0.23734203949653274,0.0548456201432126,3.906426204890333e-17
j1_reliable,26,3000,12,3,2.0,0.18563745752086983,j1_b_then_a,1.0,1.0,0.1,arithmetic,1.4907238580337685,0.693336473314009,0.09300550802678247,0.007677741495473514,0.059033252770672714
j1_reliable,26,3000,12,3,2.0,0.18563745752086983,j1_b_then_a,1.0,1.0,0.1,geometric,1.493546109180602,0.6940237654003484,0.09520406704911545,0.008089288642630288,0.058592156168060655
j1_reliable,26,3000,12,3,2.0,0.18563745752086983,j1_b_then_a,1.0,1.0,0.1,weighted_geometric,1.4633260165813144,0.682831390819676,0.02771679144349022,0.000691276537809065,0.07161413611097367
j1_reliable,26,3000,12,3,2.0,0.18563745752086983,j1_b_then_a,1.0,1.0,0.1,hard_core,1.5653243997208062,0.7143637003864634,0.1508392494156207,0.024164593455732054,1.520968011066591e-14
j1_reliable,26,3000,12,3,2.0,0.18563745752086983,j1_b_then_a,1.0,1.0,0.1,soft_core_0.1,1.4955465255746119,0.6948265923598969,0.09799777972055997,0.008566565448803498,0.05456265937862317
j1_reliable,26,3000,12,3,2.0,0.18563745752086983,j1_b_then_a,1.0,1.0,0.1,soft_core_1,1.5107095855132666,0.7001415217713761,0.11418244380222996,0.012104634167512032,0.03509748614287849
j1_reliable,26,3000,12,3,2.0,0.18563745752086983,j1_b_then_a,1.0,1.0,0.1,soft_core_10,1.548637346561378,0.7104664879067409,0.14156034400286252,0.020573990015164488,0.008401860268133426
j1_reliable,26,3000,12,3,2.0,0.18563745752086983,j1_b_then_a,1.0,1.0,0.1,adaptive_soft,1.4637684267050413,0.683002754321506,0.02980650868483464,0.0008016740364651819,0.06719036982987157
j1_reliable,27,3000,12,3,2.0,0.18595554435795722,j1_b_then_a,1.0,1.0,0.03,j1,1.4661875453218347,0.6851570193111571,0.02807894481359237,0.0007049878707044219,0.07037557662612057
j1_reliable,27,3000,12,3,2.0,0.18595554435795722,j1_b_then_a,1.0,1.0,0.03,j2,1.5918769658076,0.7293531208625147,0.18416056306102735,0.030005607551844043,0.04964759311175741
j1_reliable,27,3000,12,3,2.0,0.18595554435795722,j1_b_then_a,1.0,1.0,0.03,selected_order,1.4661875453218347,0.6851570193111571,0.02807894481359237,0.0007049878707044219,0.07037557662612057
j1_reliable,27,3000,12,3,2.0,0.18595554435795722,j1_b_then_a,1.0,1.0,0.03,independent,1.710299153531317,0.7445730289835826,0.24481341603257514,0.06248644240843431,3.957153615202769e-17
j1_reliable,27,3000,12,3,2.0,0.18595554435795722,j1_b_then_a,1.0,1.0,0.03,arithmetic,1.4936159753396168,0.6956860261378569,0.09329265614091894,0.007684793898941434,0.060011584868938976
j1_reliable,27,3000,12,3,2.0,0.18595554435795722,j1_b_then_a,1.0,1.0,0.03,geometric,1.4969226319143627,0.6965070129962072,0.09607742233975909,0.008212808596177115,0.05935238351264411
j1_reliable,27,3000,12,3,2.0,0.18595554435795722,j1_b_then_a,1.0,1.0,0.03,weighted_geometric,1.4661875453218347,0.6851570193111571,0.02807894481359237,0.0007049878707044235,0.0703755766261206
j1_reliable,27,3000,12,3,2.0,0.18595554435795722,j1_b_then_a,1.0,1.0,0.03,hard_core,1.571627995907954,0.7150021857620006,0.1514271820708218,0.024814861056680387,2.8079879380653857e-14
j1_reliable,27,3000,12,3,2.0,0.18595554435795722,j1_b_then_a,1.0,1.0,0.03,soft_core_0.1,1.4988336980002999,0.6972267157007214,0.09860427068004624,0.008666901394635475,0.05541652720107819
j1_reliable,27,3000,12,3,2.0,0.18595554435795722,j1_b_then_a,1.0,1.0,0.03,soft_core_1,1.5133215120440593,0.701966749646159,0.11368986740978512,0.01203480575468699,0.03642930998593271
j1_reliable,27,3000,12,3,2.0,0.18595554435795722,j1_b_then_a,1.0,1.0,0.03,soft_core_10,1.5520279247031605,0.7112071480616172,0.14110918713092713,0.020657960040728004,0.009319191493273494
j1_reliable,27,3000,12,3,2.0,0.18595554435795722,j1_b_then_a,1.0,1.0,0.03,adaptive_soft,1.4661962039593597,0.6851554583683623,0.028095281069528612,0.0007071447131249268,0.06906245582793587
j1_reliable,28,3000,12,3,2.0,0.18251754140131707,j1_b_then_a,1.0,1.0,0.03,j1,1.4354855059017064,0.6738319000104153,0.027244212990249532,0.0006681067862026004,0.06996727682005796
j1_reliable,28,3000,12,3,2.0,0.18251754140131707,j1_b_then_a,1.0,1.0,0.03,j2,1.5575229498261236,0.7172506075549245,0.18023990523051203,0.029254542089223408,0.03388115750324448
j1_reliable,28,3000,12,3,2.0,0.18251754140131707,j1_b_then_a,1.0,1.0,0.03,selected_order,1.4354855059017064,0.6738319000104153,0.027244212990249532,0.0006681067862026004,0.06996727682005796
j1_reliable,28,3000,12,3,2.0,0.18251754140131707,j1_b_then_a,1.0,1.0,0.03,independent,1.510013540159678,0.7044070816469287,0.14037432177474252,0.01823141588107681,4.5145562622286366e-17
j1_reliable,28,3000,12,3,2.0,0.18251754140131707,j1_b_then_a,1.0,1.0,0.03,arithmetic,1.4623603064047794,0.6841693018691226,0.09113337196174423,0.007522343459985914,0.0519242171616512
j1_reliable,28,3000,12,3,2.0,0.18251754140131707,j1_b_then_a,1.0,1.0,0.03,geometric,1.4651407400017917,0.6848540284476399,0.09329963591982328,0.00792744354601273,0.05043256628147718
j1_reliable,28,3000,12,3,2.0,0.18251754140131707,j1_b_then_a,1.0,1.0,0.03,weighted_geometric,1.4354855059017064,0.6738319000104153,0.02724421299024953,0.0006681067862026003,0.06996727682005797
j1_reliable,28,3000,12,3,2.0,0.18251754140131707,j1_b_then_a,1.0,1.0,0.03,hard_core,1.5169372691433514,0.7056170968674129,0.14564183598219232,0.019721618226137657,7.727527234100331e-15
j1_reliable,28,3000,12,3,2.0,0.18251754140131707,j1_b_then_a,1.0,1.0,0.03,soft_core_0.1,1.4677914588949459,0.6860370168936379,0.09716445532400363,0.008557337102384302,0.04578291360016235
j1_reliable,28,3000,12,3,2.0,0.18251754140131707,j1_b_then_a,1.0,1.0,0.03,soft_core_1,1.4847766290349655,0.6931779265966042,0.1170239021052417,0.012518804367024036,0.02505545765412842
j1_reliable,28,3000,12,3,2.0,0.18251754140131707,j1_b_then_a,1.0,1.0,0.03,soft_core_10,1.5101336185821979,0.7030716031045894,0.1401156141156084,0.018227190929902597,0.004541624305166952
j1_reliable,28,3000,12,3,2.0,0.18251754140131707,j1_b_then_a,1.0,1.0,0.03,adaptive_soft,1.435485002755489,0.6738273878762572,0.02716634762877533,0.0006679307861147526,0.0679092028605361
j1_reliable,29,3000,12,3,2.0,0.18826376731082287,j1_b_then_a,1.0,1.0,0.03,j1,1.4937984970204476,0.6919712854555651,0.028246090826887484,0.0007050867120822529,0.07068604219877982
j1_reliable,29,3000,12,3,2.0,0.18826376731082287,j1_b_then_a,1.0,1.0,0.03,j2,1.622610511772469,0.7357232623500936,0.1864120023492416,0.0307297106020308,0.05478390103552864
j1_reliable,29,3000,12,3,2.0,0.18826376731082287,j1_b_then_a,1.0,1.0,0.03,selected_order,1.4937984970204476,0.6919712854555651,0.028246090826887484,0.0007050867120822529,0.07068604219877982
j1_reliable,29,3000,12,3,2.0,0.18826376731082287,j1_b_then_a,1.0,1.0,0.03,independent,1.809954661696441,0.7631805301278273,0.28638412753296344,0.08012048294699017,4.2547601848498806e-17
j1_reliable,29,3000,12,3,2.0,0.18826376731082287,j1_b_then_a,1.0,1.0,0.03,arithmetic,1.5220486630476282,0.7024303146526838,0.09439414239303161,0.007891881743072338,0.06273497161715422
j1_reliable,29,3000,12,3,2.0,0.18826376731082287,j1_b_then_a,1.0,1.0,0.03,geometric,1.5254156530995577,0.7031765207177546,0.09696031734913595,0.008423811394011662,0.06235702598858332
j1_reliable,29,3000,12,3,2.0,0.18826376731082287,j1_b_then_a,1.0,1.0,0.03,weighted_geometric,1.4937984970204476,0.6919712854555651,0.028246090826887484,0.0007050867120822529,0.07068604219877983
j1_reliable,29,3000,12,3,2.0,0.18826376731082287,j1_b_then_a,1.0,1.0,0.03,hard_core,1.6105877273303737,0.7201124432384529,0.1517814654884317,0.027542308745987176,1.4811437270594398e-14
j1_reliable,29,3000,12,3,2.0,0.18826376731082287,j1_b_then_a,1.0,1.0,0.03,soft_core_0.1,1.527060489690285,0.703673986455686,0.0988241747690353,0.008815124267181644,0.05860040833529864
j1_reliable,29,3000,12,3,2.0,0.18826376731082287,j1_b_then_a,1.0,1.0,0.03,soft_core_1,1.5405146920990227,0.707210396556603,0.11132243781791147,0.011951383787474472,0.04024120291071085
j1_reliable,29,3000,12,3,2.0,0.18826376731082287,j1_b_then_a,1.0,1.0,0.03,soft_core_10,1.5845663119480233,0.715684792763939,0.13923390085125908,0.02186979673798022,0.011372818739095174
j1_reliable,29,3000,12,3,2.0,0.18826376731082287,j1_b_then_a,1.0,1.0,0.03,adaptive_soft,1.4938177945061717,0.6919768766217906,0.028292491629927342,0.0007098421634453479,0.06957050371919778
j1_reliable,30,3000,12,3,2.0,0.1902225063484623,j1_b_then_a,1.0,1.0,0.03,j1,1.4892934025769589,0.6928989289815803,0.027827866791247508,0.000697987319969443,0.07138091172799137
j1_reliable,30,3000,12,3,2.0,0.1902225063484623,j1_b_then_a,1.0,1.0,0.03,j2,1.6183255717759606,0.7383524274221234,0.1877055859072547,0.030941328589353154,0.04646998832583034
j1_reliable,30,3000,12,3,2.0,0.1902225063484623,j1_b_then_a,1.0,1.0,0.03,selected_order,1.4892934025769589,0.6928989289815803,0.027827866791247508,0.000697987319969443,0.07138091172799137
j1_reliable,30,3000,12,3,2.0,0.1902225063484623,j1_b_then_a,1.0,1.0,0.03,independent,1.6822297241582864,0.7442532533877868,0.2212517111108653,0.04831247218236109,4.531807763736519e-17
j1_reliable,30,3000,12,3,2.0,0.1902225063484623,j1_b_then_a,1.0,1.0,0.03,arithmetic,1.5176831482731707,0.7036959098522305,0.0946936193663533,0.007943814771109734,0.05892545002691083
j1_reliable,30,3000,12,3,2.0,0.1902225063484623,j1_b_then_a,1.0,1.0,0.03,geometric,1.5205103000422542,0.7042818248966185,0.09672855629322813,0.008348297131864867,0.05821294900325782
j1_reliable,30,3000,12,3,2.0,0.1902225063484623,j1_b_then_a,1.0,1.0,0.03,weighted_geometric,1.4892934025769589,0.6928989289815803,0.027827866791247508,0.0006979873199694434,0.07138091172799137
j1_reliable,30,3000,12,3,2.0,0.1902225063484623,j1_b_then_a,1.0,1.0,0.03,hard_core,1.587056606148767,0.7236085720906259,0.15089674745715104,0.023295258751867134,1.0067859392535832e-14
j1_reliable,30,3000,12,3,2.0,0.1902225063484623,j1_b_then_a,1.0,1.0,0.03,soft_core_0.1,1.522692071834221,0.705086224792722,0.09960974667251463,0.00886794806339035,0.05391463084444941
j1_reliable,30,3000,12,3,2.0,0.1902225063484623,j1_b_then_a,1.0,1.0,0.03,soft_core_1,1.5385293274183294,0.7104463187245047,0.11607710363119773,0.012559764780011284,0.03354911136254725
j1_reliable,30,3000,12,3,2.0,0.1902225063484623,j1_b_then_a,1.0,1.0,0.03,soft_core_10,1.573284634379799,0.7202266228606858,0.14247093529331212,0.020327983008584707,0.007579364661735295
j1_reliable,30,3000,12,3,2.0,0.1902225063484623,j1_b_then_a,1.0,1.0,0.03,adaptive_soft,1.4892843953884847,0.692889542417908,0.02772757781549683,0.0006956987734535427,0.06991999161814086
j1_reliable,31,3000,12,3,2.0,0.1811321763288534,j1_b_then_a,1.0,1.0,0.03,j1,1.4109138981878213,0.6635785760203688,0.02701597688658734,0.0006663200776155714,0.06654649395906616
j1_reliable,31,3000,12,3,2.0,0.1811321763288534,j1_b_then_a,1.0,1.0,0.03,j2,1.5304175062697043,0.7070742355589115,0.1792407856351465,0.028706677208294794,0.058170251540751804
j1_reliable,31,3000,12,3,2.0,0.1811321763288534,j1_b_then_a,1.0,1.0,0.03,selected_order,1.4109138981878213,0.6635785760203688,0.02701597688658734,0.0006663200776155714,0.06654649395906616
j1_reliable,31,3000,12,3,2.0,0.1811321763288534,j1_b_then_a,1.0,1.0,0.03,independent,1.7579884068392597,0.7394012335939196,0.30184480759467996,0.08643412837523161,4.216118315773633e-17
j1_reliable,31,3000,12,3,2.0,0.1811321763288534,j1_b_then_a,1.0,1.0,0.03,arithmetic,1.4372879554375972,0.6739440720681255,0.09058301201207646,0.0073914365611370955,0.06235837274990897
j1_reliable,31,3000,12,3,2.0,0.1811321763288534,j1_b_then_a,1.0,1.0,0.03,geometric,1.439941462101029,0.6746431202226785,0.09266213441008338,0.007776377456701273,0.06256865390832948
j1_reliable,31,3000,12,3,2.0,0.1811321763288534,j1_b_then_a,1.0,1.0,0.03,weighted_geometric,1.4109138981878213,0.6635785760203688,0.02701597688658734,0.0006663200776155714,0.06654649395906619
j1_reliable,31,3000,12,3,2.0,0.1811321763288534,j1_b_then_a,1.0,1.0,0.03,hard_core,1.525614308695477,0.6896834711260016,0.14265396207344455,0.026868091411059374,2.0327567967881408e-14
j1_reliable,31,3000,12,3,2.0,0.1811321763288534,j1_b_then_a,1.0,1.0,0.03,soft_core_0.1,1.441044723204149,0.6748590893067511,0.09379677753488057,0.008042309016572446,0.059259690383313204
j1_reliable,31,3000,12,3,2.0,0.1811321763288534,j1_b_then_a,1.0,1.0,0.03,soft_core_1,1.4522123189309213,0.6770653899574989,0.10286748442460654,0.010661048185572904,0.042161163930884565
j1_reliable,31,3000,12,3,2.0,0.1811321763288534,j1_b_then_a,1.0,1.0,0.03,soft_core_10,1.4982261174695255,0.6851072429790258,0.12986452910077143,0.020984546559826248,0.011911050495474468
j1_reliable,31,3000,12,3,2.0,0.1811321763288534,j1_b_then_a,1.0,1.0,0.03,adaptive_soft,1.4109162676435254,0.6635750365116556,0.026944561846874555,0.0006668866156731383,0.06570944254523986
j1_reliable,32,3000,12,3,2.0,0.1849390502539855,j1_b_then_a,1.0,1.0,0.03,j1,1.4845795464181015,0.6876127265797413,0.028032879052430848,0.0007132375038287206,0.06745124044669472
j1_reliable,32,3000,12,3,2.0,0.1849390502539855,j1_b_then_a,1.0,1.0,0.03,j2,1.6099526790288705,0.7303981336139065,0.183504989824833,0.030000636073515455,0.05455306640234761
j1_reliable,32,3000,12,3,2.0,0.1849390502539855,j1_b_then_a,1.0,1.0,0.03,selected_order,1.4845795464181015,0.6876127265797413,0.028032879052430848,0.0007132375038287206,0.06745124044669472
j1_reliable,32,3000,12,3,2.0,0.1849390502539855,j1_b_then_a,1.0,1.0,0.03,independent,1.7751881551728022,0.75169419060282,0.2719699131293537,0.07474328102454388,4.388784137421892e-17
j1_reliable,32,3000,12,3,2.0,0.1849390502539855,j1_b_then_a,1.0,1.0,0.03,arithmetic,1.5121837198017767,0.6978714181083396,0.0932477805661342,0.007744002266938291,0.06100215342452114
j1_reliable,32,3000,12,3,2.0,0.1849390502539855,j1_b_then_a,1.0,1.0,0.03,geometric,1.5153014472124682,0.6985351965048553,0.09572433457380458,0.008221123676407744,0.06064832299539116
j1_reliable,32,3000,12,3,2.0,0.1849390502539855,j1_b_then_a,1.0,1.0,0.03,weighted_geometric,1.4845795464181015,0.6876127265797413,0.028032879052430848,0.0007132375038287224,0.06745124044669473
j1_reliable,32,3000,12,3,2.0,0.1849390502539855,j1_b_then_a,1.0,1.0,0.03,hard_core,1.5913671906525029,0.7144589607145226,0.14718526362705547,0.025080706447976334,1.7730243408857924e-14
j1_reliable,32,3000,12,3,2.0,0.1849390502539855,j1_b_then_a,1.0,1.0,0.03,soft_core_0.1,1.5166748473975291,0.6989271698818431,0.0974429294424074,0.008549103698059446,0.05688006440268365
j1_reliable,32,3000,12,3,2.0,0.1849390502539855,j1_b_then_a,1.0,1.0,0.03,soft_core_1,1.528926251780914,0.7021760833404688,0.1091100375746682,0.0114078223161102,0.038379922943964466
j1_reliable,32,3000,12,3,2.0,0.1849390502539855,j1_b_then_a,1.0,1.0,0.03,soft_core_10,1.5690011601424676,0.7105615508931881,0.1358682737086191,0.020349725371401315,0.010233066009532226
j1_reliable,32,3000,12,3,2.0,0.1849390502539855,j1_b_then_a,1.0,1.0,0.03,adaptive_soft,1.4845969012775877,0.687617864362073,0.028092307589876155,0.0007176329619255091,0.0663737917199538
j1_reliable,33,3000,12,3,2.0,0.18968446087857935,j1_b_then_a,1.0,1.0,0.03,j1,1.5062851563207693,0.6975409472723143,0.028625569003458754,0.0007316480773200394,0.07042577140387979
j1_reliable,33,3000,12,3,2.0,0.18968446087857935,j1_b_then_a,1.0,1.0,0.03,j2,1.6352894041739536,0.7422467254223415,0.1874606228849341,0.030911168871567554,0.055158094532585605
j1_reliable,33,3000,12,3,2.0,0.18968446087857935,j1_b_then_a,1.0,1.0,0.03,selected_order,1.5062851563207693,0.6975409472723143,0.028625569003458754,0.0007316480773200394,0.07042577140387979
j1_reliable,33,3000,12,3,2.0,0.18968446087857935,j1_b_then_a,1.0,1.0,0.03,independent,1.7990718933103864,0.7638131836095569,0.27355720584579996,0.07528081530190067,3.9506282239607564e-17
j1_reliable,33,3000,12,3,2.0,0.18968446087857935,j1_b_then_a,1.0,1.0,0.03,arithmetic,1.5346390013700308,0.7081632077532721,0.0947439981533297,0.007958496521683572,0.06279193296823268
j1_reliable,33,3000,12,3,2.0,0.18968446087857935,j1_b_then_a,1.0,1.0,0.03,geometric,1.5376222017494992,0.7087856673316267,0.09709426452248805,0.008398647218367515,0.06268076132160973
j1_reliable,33,3000,12,3,2.0,0.18968446087857935,j1_b_then_a,1.0,1.0,0.03,weighted_geometric,1.506285156320769,0.6975409472723143,0.028625569003458754,0.0007316480773200399,0.0704257714038798
j1_reliable,33,3000,12,3,2.0,0.18968446087857935,j1_b_then_a,1.0,1.0,0.03,hard_core,1.6184943452166627,0.7266143716636289,0.15248139814280437,0.026485197064669213,1.8436795276230432e-14
j1_reliable,33,3000,12,3,2.0,0.18968446087857935,j1_b_then_a,1.0,1.0,0.03,soft_core_0.1,1.5392106271766424,0.709285664956604,0.09902567106363455,0.008777811180017298,0.05880397478971703
j1_reliable,33,3000,12,3,2.0,0.18968446087857935,j1_b_then_a,1.0,1.0,0.03,soft_core_1,1.5527208411141094,0.7130451816289796,0.11202109020820901,0.011927266077690039,0.0397346019379877
j1_reliable,33,3000,12,3,2.0,0.18968446087857935,j1_b_then_a,1.0,1.0,0.03,soft_core_10,1.5954294158026985,0.7222368854966345,0.14070490655788465,0.02150610393717383,0.010605462917295997
j1_reliable,33,3000,12,3,2.0,0.18968446087857935,j1_b_then_a,1.0,1.0,0.03,adaptive_soft,1.5062923903650165,0.6975401800758987,0.028596037943555263,0.00073339028925958,0.0692951204959309
j1_reliable,34,3000,12,3,2.0,0.18544431094823685,j1_b_then_a,0.75,0.75,0.3,j1,1.4450789928468362,0.6799260668356666,0.027556171630816438,0.0006850910713684156,0.06301836034240234
j1_reliable,34,3000,12,3,2.0,0.18544431094823685,j1_b_then_a,0.75,0.75,0.3,j2,1.5701642815144135,0.7247768551615943,0.18397593302628457,0.02986212293440293,0.05289542679025131
j1_reliable,34,3000,12,3,2.0,0.18544431094823685,j1_b_then_a,0.75,0.75,0.3,selected_order,1.4450789928468362,0.6799260668356666,0.027556171630816438,0.0006850910713684156,0.06301836034240234
j1_reliable,34,3000,12,3,2.0,0.18544431094823685,j1_b_then_a,0.75,0.75,0.3,independent,1.6544002161922429,0.7292098656842968,0.22323354346581276,0.05261260442847603,4.1700680331663914e-17
j1_reliable,34,3000,12,3,2.0,0.18544431094823685,j1_b_then_a,0.75,0.75,0.3,arithmetic,1.4724596168055757,0.6906678482901047,0.09324760093092666,0.007648344200854208,0.0579568935663268
j1_reliable,34,3000,12,3,2.0,0.18544431094823685,j1_b_then_a,0.75,0.75,0.3,geometric,1.4757239607430646,0.691481982366323,0.09590829966427282,0.008172743642193963,0.05803331784446348
j1_reliable,34,3000,12,3,2.0,0.18544431094823685,j1_b_then_a,0.75,0.75,0.3,weighted_geometric,1.452148853331796,0.682648248503219,0.05247263161184594,0.0024368488148631936,0.06059407261174096
j1_reliable,34,3000,12,3,2.0,0.18544431094823685,j1_b_then_a,0.75,0.75,0.3,hard_core,1.5343228497555206,0.7054636368513796,0.13661116449828065,0.021443168885966424,1.2030509208437055e-14
j1_reliable,34,3000,12,3,2.0,0.18544431094823685,j1_b_then_a,0.75,0.75,0.3,soft_core_0.1,1.4769845615493424,0.6917623244901717,0.09724744060647128,0.008474633223023963,0.0539283639424352
j1_reliable,34,3000,12,3,2.0,0.18544431094823685,j1_b_then_a,0.75,0.75,0.3,soft_core_1,1.488469799157388,0.6946620943939958,0.10706354346428902,0.011160165903491639,0.03429594021128574
j1_reliable,34,3000,12,3,2.0,0.18544431094823685,j1_b_then_a,0.75,0.75,0.3,soft_core_10,1.5201367799967949,0.7022887395910035,0.1283879196962042,0.01832842723505632,0.008058022358488359
j1_reliable,34,3000,12,3,2.0,0.18544431094823685,j1_b_then_a,0.75,0.75,0.3,adaptive_soft,1.4585668922466237,0.6849281609523549,0.06597997925693283,0.004013769687648458,0.04971541243961796
j1_reliable,35,3000,12,3,2.0,0.18192144061785712,j1_b_then_a,1.0,1.0,0.03,j1,1.4560528834292523,0.6774151363951045,0.027274768676603577,0.000667080570994382,0.06686088489050382
j1_reliable,35,3000,12,3,2.0,0.18192144061785712,j1_b_then_a,1.0,1.0,0.03,j2,1.5776883027899535,0.7193811326229892,0.17999739457126335,0.029225293342531357,0.05616980313763852
j1_reliable,35,3000,12,3,2.0,0.18192144061785712,j1_b_then_a,1.0,1.0,0.03,selected_order,1.4560528834292523,0.6774151363951045,0.027274768676603577,0.000667080570994382,0.06686088489050382
j1_reliable,35,3000,12,3,2.0,0.18192144061785712,j1_b_then_a,1.0,1.0,0.03,independent,1.7785496420500635,0.7517276154957094,0.29217340751939463,0.08169680442054361,4.1567082723273266e-17
j1_reliable,35,3000,12,3,2.0,0.18192144061785712,j1_b_then_a,1.0,1.0,0.03,arithmetic,1.4830208586288849,0.6874115255565776,0.09105443356604491,0.007550133128638562,0.06151534401407113
j1_reliable,35,3000,12,3,2.0,0.18192144061785712,j1_b_then_a,1.0,1.0,0.03,geometric,1.485632041735148,0.6880493551034296,0.09309603261534981,0.007911967181003149,0.06159187068016086
j1_reliable,35,3000,12,3,2.0,0.18192144061785712,j1_b_then_a,1.0,1.0,0.03,weighted_geometric,1.4560528834292523,0.6774151363951045,0.027274768676603577,0.0006670805709943843,0.06686088489050382
j1_reliable,35,3000,12,3,2.0,0.18192144061785712,j1_b_then_a,1.0,1.0,0.03,hard_core,1.5661431414936895,0.7029524418945983,0.1435988105714912,0.02621184640962263,1.1690333622598579e-14
j1_reliable,35,3000,12,3,2.0,0.18192144061785712,j1_b_then_a,1.0,1.0,0.03,soft_core_0.1,1.4868688409989328,0.6883279085257367,0.09448451074615158,0.008209880182780918,0.05805864464083334
j1_reliable,35,3000,12,3,2.0,0.18192144061785712,j1_b_then_a,1.0,1.0,0.03,soft_core_1,1.498392957678871,0.6908340879480638,0.10470804385719677,0.010921174180216663,0.04040658159129974
j1_reliable,35,3000,12,3,2.0,0.18192144061785712,j1_b_then_a,1.0,1.0,0.03,soft_core_10,1.5406758707939017,0.6985801240695184,0.1312652687400981,0.020572912225522252,0.011482491492634911
j1_reliable,35,3000,12,3,2.0,0.18192144061785712,j1_b_then_a,1.0,1.0,0.03,adaptive_soft,1.4560519571897579,0.6774076150098238,0.027242786875653086,0.0006668715503507079,0.06590359980194012
j1_reliable,36,3000,12,3,2.0,0.17594916504790398,j1_b_then_a,1.0,1.0,0.03,j1,1.3562590040083349,0.6335089232942586,0.02558218317368421,0.0006316279656938483,0.06539778689678193
j1_reliable,36,3000,12,3,2.0,0.17594916504790398,j1_b_then_a,1.0,1.0,0.03,j2,1.4745985349396133,0.6761230324410848,0.17481995642984005,0.028383357389586365,0.05546274178367961
j1_reliable,36,3000,12,3,2.0,0.17594916504790398,j1_b_then_a,1.0,1.0,0.03,selected_order,1.3562590040083349,0.6335089232942586,0.02558218317368421,0.0006316279656938483,0.06539778689678193
j1_reliable,36,3000,12,3,2.0,0.17594916504790398,j1_b_then_a,1.0,1.0,0.03,independent,1.688455587610324,0.7109223196715915,0.2892262874225309,0.08302938236805986,4.253916916346449e-17
j1_reliable,36,3000,12,3,2.0,0.17594916504790398,j1_b_then_a,1.0,1.0,0.03,arithmetic,1.3826026949031296,0.6437962089250844,0.08857321964428555,0.0073610237362753345,0.06043026434023076
j1_reliable,36,3000,12,3,2.0,0.17594916504790398,j1_b_then_a,1.0,1.0,0.03,geometric,1.3852082819711202,0.6443922962326393,0.0904323478217313,0.0077175663701876404,0.06054288831473539
j1_reliable,36,3000,12,3,2.0,0.17594916504790398,j1_b_then_a,1.0,1.0,0.03,weighted_geometric,1.3562590040083349,0.6335089232942586,0.02558218317368421,0.0006316279656938501,0.06539778689678195
j1_reliable,36,3000,12,3,2.0,0.17594916504790398,j1_b_then_a,1.0,1.0,0.03,hard_core,1.4699388821082102,0.6597752297934873,0.14050595082787662,0.02689340448124582,1.197108616541729e-14
j1_reliable,36,3000,12,3,2.0,0.17594916504790398,j1_b_then_a,1.0,1.0,0.03,soft_core_0.1,1.3863484161297706,0.6446274473427656,0.09170103002500125,0.007991840103629237,0.05732265479269188
j1_reliable,36,3000,12,3,2.0,0.17594916504790398,j1_b_then_a,1.0,1.0,0.03,soft_core_1,1.3973812591031531,0.6468614133416207,0.10130495983687388,0.010586795220720771,0.04092257007424062
j1_reliable,36,3000,12,3,2.0,0.17594916504790398,j1_b_then_a,1.0,1.0,0.03,soft_core_10,1.4422464696368407,0.6548929277696875,0.12767780288111297,0.020800374472391362,0.011924731038481769
j1_reliable,36,3000,12,3,2.0,0.17594916504790398,j1_b_then_a,1.0,1.0,0.03,adaptive_soft,1.356282877853653,0.6335172773785412,0.025702487091327567,0.0006375332523195267,0.06455091852354866
j1_reliable,37,3000,12,3,2.0,0.18801044103731754,j1_b_then_a,1.0,1.0,0.3,j1,1.50388768304425,0.6956885726775598,0.028021952887744294,0.0007088779906293242,0.06617614679056241
j1_reliable,37,3000,12,3,2.0,0.18801044103731754,j1_b_then_a,1.0,1.0,0.3,j2,1.630987414168825,0.7393307085671958,0.1861378720054427,0.030386920524774444,0.05144146448677459
j1_reliable,37,3000,12,3,2.0,0.18801044103731754,j1_b_then_a,1.0,1.0,0.3,selected_order,1.50388768304425,0.6956885726775598,0.028021952887744294,0.0007088779906293242,0.06617614679056241
j1_reliable,37,3000,12,3,2.0,0.18801044103731754,j1_b_then_a,1.0,1.0,0.3,independent,1.6970429820079318,0.7399881161244858,0.2137109146595311,0.04895847547471629,4.06144422684323e-17
j1_reliable,37,3000,12,3,2.0,0.18801044103731754,j1_b_then_a,1.0,1.0,0.3,arithmetic,1.5317220206530175,0.7061295353258885,0.09420684956614499,0.00779526929654369,0.058808805638668485
j1_reliable,37,3000,12,3,2.0,0.18801044103731754,j1_b_then_a,1.0,1.0,0.3,geometric,1.534938627062814,0.706791640263626,0.0967439828463745,0.008297944864116958,0.058489458708223245
j1_reliable,37,3000,12,3,2.0,0.18801044103731754,j1_b_then_a,1.0,1.0,0.3,weighted_geometric,1.50388768304425,0.6956885726775598,0.028021952887744294,0.0007088779906293249,0.06617614679056243
j1_reliable,37,3000,12,3,2.0,0.18801044103731754,j1_b_then_a,1.0,1.0,0.3,hard_core,1.593569385829718,0.7223671107801725,0.14209272247192967,0.021557089372365206,1.511747528134251e-14
j1_reliable,37,3000,12,3,2.0,0.18801044103731754,j1_b_then_a,1.0,1.0,0.3,soft_core_0.1,1.5364302019723104,0.7072635260411873,0.09855940497189096,0.008654338558760575,0.05411481303247511
j1_reliable,37,3000,12,3,2.0,0.18801044103731754,j1_b_then_a,1.0,1.0,0.3,soft_core_1,1.54895914315051,0.7110967428187265,0.11086711260522154,0.011582199646757812,0.03357647079206797
j1_reliable,37,3000,12,3,2.0,0.18801044103731754,j1_b_then_a,1.0,1.0,0.3,soft_core_10,1.5801411971042236,0.7192775364407955,0.1339738077511,0.018620533768300574,0.007687405932589008
j1_reliable,37,3000,12,3,2.0,0.18801044103731754,j1_b_then_a,1.0,1.0,0.3,adaptive_soft,1.5072213357090725,0.6969511376169409,0.04129059712546619,0.0015376324406311587,0.05481043214115984
j1_reliable,38,3000,12,3,2.0,0.2005752153602458,j1_b_then_a,1.0,1.0,0.1,j1,1.617838932361791,0.7422437988384714,0.030275428882847122,0.000780848532996313,0.07684291890533361
j1_reliable,38,3000,12,3,2.0,0.2005752153602458,j1_b_then_a,1.0,1.0,0.1,j2,1.7568503869545573,0.7878170315453754,0.19811555202270867,0.03304115217562451,0.05463476696365586
j1_reliable,38,3000,12,3,2.0,0.2005752153602458,j1_b_then_a,1.0,1.0,0.1,selected_order,1.617838932361791,0.7422437988384714,0.030275428882847122,0.000780848532996313,0.07684291890533361
j1_reliable,38,3000,12,3,2.0,0.2005752153602458,j1_b_then_a,1.0,1.0,0.1,independent,1.9362297655804461,0.813784252159837,0.29930590137663,0.08051462964245872,4.1131570564635467e-17
j1_reliable,38,3000,12,3,2.0,0.2005752153602458,j1_b_then_a,1.0,1.0,0.1,arithmetic,1.6478167733233933,0.7530542500251627,0.10007909268181112,0.008391037890195902,0.06573884293449472
j1_reliable,38,3000,12,3,2.0,0.2005752153602458,j1_b_then_a,1.0,1.0,0.1,geometric,1.651815221493546,0.7539620032648127,0.10349130765183052,0.009068726517074672,0.06540958213304872
j1_reliable,38,3000,12,3,2.0,0.2005752153602458,j1_b_then_a,1.0,1.0,0.1,weighted_geometric,1.6178389323617912,0.7422437988384714,0.030275428882847122,0.0007808485329963152,0.07684291890533364
j1_reliable,38,3000,12,3,2.0,0.2005752153602458,j1_b_then_a,1.0,1.0,0.1,hard_core,1.7425435382497267,0.7737886972395687,0.165063802090542,0.029222572409131734,9.5269647085442e-15
j1_reliable,38,3000,12,3,2.0,0.2005752153602458,j1_b_then_a,1.0,1.0,0.1,soft_core_0.1,1.6538782943321213,0.7546634053891427,0.10613525770970379,0.00956148118254277,0.06134811921613137
j1_reliable,38,3000,12,3,2.0,0.2005752153602458,j1_b_then_a,1.0,1.0,0.1,soft_core_1,1.669942950047158,0.7593266947269545,0.12202646290599528,0.013304582592456758,0.04138121978508971
j1_reliable,38,3000,12,3,2.0,0.2005752153602458,j1_b_then_a,1.0,1.0,0.1,soft_core_10,1.717175485912502,0.7693537967243489,0.15270225059446454,0.023819992100831258,0.011025767042668387
j1_reliable,38,3000,12,3,2.0,0.2005752153602458,j1_b_then_a,1.0,1.0,0.1,adaptive_soft,1.6183550826838502,0.742435389605871,0.03277428550448753,0.0009094160317835275,0.07276563326189221
j1_reliable,39,3000,12,3,2.0,0.1906157655407342,j1_b_then_a,1.0,1.0,0.03,j1,1.5028319359302096,0.7022808577691704,0.02798225092026009,0.0006925867590838035,0.07032053492965337
j1_reliable,39,3000,12,3,2.0,0.1906157655407342,j1_b_then_a,1.0,1.0,0.03,j2,1.631649666319783,0.7480754401226734,0.18869222034937486,0.030918929212752036,0.05226714149274143
j1_reliable,39,3000,12,3,2.0,0.1906157655407342,j1_b_then_a,1.0,1.0,0.03,selected_order,1.5028319359302096,0.7022808577691704,0.02798225092026009,0.0006925867590838035,0.07032053492965337
j1_reliable,39,3000,12,3,2.0,0.1906157655407342,j1_b_then_a,1.0,1.0,0.03,independent,1.748379323091965,0.7611622944621749,0.2517833294972348,0.06140460395069636,3.7827705377802e-17
j1_reliable,39,3000,12,3,2.0,0.1906157655407342,j1_b_then_a,1.0,1.0,0.03,arithmetic,1.5314082594236647,0.7132398207342046,0.09545431941302193,0.007982694305396953,0.06129383821119739
j1_reliable,39,3000,12,3,2.0,0.1906157655407342,j1_b_then_a,1.0,1.0,0.03,geometric,1.5342084743344777,0.713883554318174,0.09773881573848633,0.008383546768602413,0.06102486550138047
j1_reliable,39,3000,12,3,2.0,0.1906157655407342,j1_b_then_a,1.0,1.0,0.03,weighted_geometric,1.5028319359302096,0.7022808577691704,0.02798225092026009,0.0006925867590838053,0.0703205349296534
j1_reliable,39,3000,12,3,2.0,0.1906157655407342,j1_b_then_a,1.0,1.0,0.03,hard_core,1.6070038563697349,0.7326654651637428,0.14973502242533768,0.024783260807777745,1.9159422640836947e-14
j1_reliable,39,3000,12,3,2.0,0.1906157655407342,j1_b_then_a,1.0,1.0,0.03,soft_core_0.1,1.5359258450799773,0.7144773531636374,0.09996995335087584,0.008794544004624788,0.056977342791985075
j1_reliable,39,3000,12,3,2.0,0.1906157655407342,j1_b_then_a,1.0,1.0,0.03,soft_core_1,1.5499994245942605,0.7188965119109938,0.11376075440448653,0.012090192445333879,0.03721646989480469
j1_reliable,39,3000,12,3,2.0,0.1906157655407342,j1_b_then_a,1.0,1.0,0.03,soft_core_10,1.5887403873041173,0.7286906933212125,0.13987358571717295,0.020818158166420252,0.009164407662357137
j1_reliable,39,3000,12,3,2.0,0.1906157655407342,j1_b_then_a,1.0,1.0,0.03,adaptive_soft,1.5028438322686637,0.7022829548323118,0.028018908691200755,0.0006956548591356546,0.06907033611193969
j1_reliable,40,3000,12,3,2.0,0.18643284690873305,j1_b_then_a,1.0,1.0,0.03,j1,1.4565467811703663,0.6822382971620239,0.027658905698613415,0.0006887757011137266,0.0708231796253621
j1_reliable,40,3000,12,3,2.0,0.18643284690873305,j1_b_then_a,1.0,1.0,0.03,j2,1.582285456557475,0.7269168510884054,0.18445375724808422,0.030225761831316922,0.06053149964801033
j1_reliable,40,3000,12,3,2.0,0.18643284690873305,j1_b_then_a,1.0,1.0,0.03,selected_order,1.4565467811703663,0.6822382971620239,0.027658905698613415,0.0006887757011137266,0.0708231796253621
j1_reliable,40,3000,12,3,2.0,0.18643284690873305,j1_b_then_a,1.0,1.0,0.03,independent,1.8643067018814254,0.7730444748010594,0.34140766722414434,0.1013689286819964,4.1226378021273923e-17
j1_reliable,40,3000,12,3,2.0,0.18643284690873305,j1_b_then_a,1.0,1.0,0.03,arithmetic,1.4844121197811675,0.6928735384565577,0.09326391617460843,0.007810249855492447,0.06567733963668619
j1_reliable,40,3000,12,3,2.0,0.18643284690873305,j1_b_then_a,1.0,1.0,0.03,geometric,1.486999891588769,0.6935049551033162,0.09515242586004395,0.008155707185155762,0.06575181149052903
j1_reliable,40,3000,12,3,2.0,0.18643284690873305,j1_b_then_a,1.0,1.0,0.03,weighted_geometric,1.4565467811703663,0.6822382971620239,0.027658905698613415,0.0006887757011137293,0.07082317962536211
j1_reliable,40,3000,12,3,2.0,0.18643284690873305,j1_b_then_a,1.0,1.0,0.03,hard_core,1.5882043412714044,0.7097118717599676,0.1513098728318982,0.030661657125490144,1.933005458659519e-14
j1_reliable,40,3000,12,3,2.0,0.18643284690873305,j1_b_then_a,1.0,1.0,0.03,soft_core_0.1,1.4882682991031704,0.6937552324201777,0.09650981415519629,0.008460243627944068,0.06259084891371261
j1_reliable,40,3000,12,3,2.0,0.18643284690873305,j1_b_then_a,1.0,1.0,0.03,soft_core_1,1.500534395315465,0.6959417835429792,0.10666016698851259,0.011334235233479416,0.04593040378748345
j1_reliable,40,3000,12,3,2.0,0.18643284690873305,j1_b_then_a,1.0,1.0,0.03,soft_core_10,1.5546613499589779,0.7043755159236866,0.13672561623675505,0.02346100259605395,0.013575117513092115
j1_reliable,40,3000,12,3,2.0,0.18643284690873305,j1_b_then_a,1.0,1.0,0.03,adaptive_soft,1.456552603771172,0.682236024911801,0.02768729716395707,0.0006902013723641209,0.0700465453422848
j1_reliable,41,3000,12,3,2.0,0.1901375433724865,j1_b_then_a,1.0,1.0,0.03,j1,1.5230602096881576,0.7103085714102649,0.028657418191385974,0.0007143228614060756,0.07270732952114135
j1_reliable,41,3000,12,3,2.0,0.1901375433724865,j1_b_then_a,1.0,1.0,0.03,j2,1.651347852199734,0.7551424891221252,0.18865499162229987,0.030606004041258888,0.04860380842402623
j1_reliable,41,3000,12,3,2.0,0.1901375433724865,j1_b_then_a,1.0,1.0,0.03,selected_order,1.5230602096881576,0.7103085714102649,0.028657418191385974,0.0007143228614060756,0.07270732952114135
j1_reliable,41,3000,12,3,2.0,0.1901375433724865,j1_b_then_a,1.0,1.0,0.03,independent,1.7638416840608544,0.7717958328247556,0.2536427268545935,0.061056814899418846,4.126218793907022e-17
j1_reliable,41,3000,12,3,2.0,0.1901375433724865,j1_b_then_a,1.0,1.0,0.03,arithmetic,1.5511724894002246,0.7210916918813487,0.09561906290699043,0.00785869170171231,0.06065556897258378
j1_reliable,41,3000,12,3,2.0,0.1901375433724865,j1_b_then_a,1.0,1.0,0.03,geometric,1.5546106652423686,0.7218962905221977,0.09833370139714886,0.008419471851660924,0.060392380662223355
j1_reliable,41,3000,12,3,2.0,0.1901375433724865,j1_b_then_a,1.0,1.0,0.03,weighted_geometric,1.5230602096881574,0.7103085714102648,0.028657418191385974,0.0007143228614060758,0.07270732952114137
j1_reliable,41,3000,12,3,2.0,0.1901375433724865,j1_b_then_a,1.0,1.0,0.03,hard_core,1.6266329404181377,0.741442207269626,0.15498162684574654,0.02466630463748935,1.1558268071032585e-14
j1_reliable,41,3000,12,3,2.0,0.1901375433724865,j1_b_then_a,1.0,1.0,0.03,soft_core_0.1,1.556591056645672,0.7226596028458672,0.10110014572263046,0.008895290036442991,0.0562812112937715
j1_reliable,41,3000,12,3,2.0,0.1901375433724865,j1_b_then_a,1.0,1.0,0.03,soft_core_1,1.5715599627096268,0.72769280264269,0.11716670170842831,0.012407680836694397,0.03647042157765064
j1_reliable,41,3000,12,3,2.0,0.1901375433724865,j1_b_then_a,1.0,1.0,0.03,soft_core_10,1.609433363421082,0.7375758443318381,0.14509032921583948,0.02093610077970833,0.00887606220560094
j1_reliable,41,3000,12,3,2.0,0.1901375433724865,j1_b_then_a,1.0,1.0,0.03,adaptive_soft,1.5230761048895718,0.7103114211476261,0.028747119382998308,0.0007183715101754981,0.07135661316232762
j1_reliable,42,3000,12,3,2.0,0.1944078804567722,j1_b_then_a,1.0,1.0,0.1,j1,1.5479111400557442,0.713564147035624,0.028599590015771274,0.0007234546386918109,0.07208130690327329
j1_reliable,42,3000,12,3,2.0,0.1944078804567722,j1_b_then_a,1.0,1.0,0.1,j2,1.6820343133329145,0.7588178380016074,0.1927117559643808,0.03217043394999846,0.055709915075726875
j1_reliable,42,3000,12,3,2.0,0.1944078804567722,j1_b_then_a,1.0,1.0,0.1,selected_order,1.5479111400557442,0.713564147035624,0.028599590015771274,0.0007234546386918109,0.07208130690327329
j1_reliable,42,3000,12,3,2.0,0.1944078804567722,j1_b_then_a,1.0,1.0,0.1,independent,1.8440609467884916,0.7831672463726077,0.28402415932727065,0.07655616892861715,3.938436069363887e-17
j1_reliable,42,3000,12,3,2.0,0.1944078804567722,j1_b_then_a,1.0,1.0,0.1,arithmetic,1.5776746964506596,0.724430229436598,0.09758294155576558,0.00832764034444957,0.06389561098950007
j1_reliable,42,3000,12,3,2.0,0.1944078804567722,j1_b_then_a,1.0,1.0,0.1,geometric,1.5806310790339253,0.7250328770401236,0.0996774545642419,0.008739918765140856,0.06379020743744235
j1_reliable,42,3000,12,3,2.0,0.1944078804567722,j1_b_then_a,1.0,1.0,0.1,weighted_geometric,1.5479111400557442,0.713564147035624,0.028599590015771274,0.0007234546386918122,0.07208130690327329
j1_reliable,42,3000,12,3,2.0,0.1944078804567722,j1_b_then_a,1.0,1.0,0.1,hard_core,1.660039456844322,0.7420689316664236,0.15677724076722294,0.02661066034227197,1.5190314169764466e-14
j1_reliable,42,3000,12,3,2.0,0.1944078804567722,j1_b_then_a,1.0,1.0,0.1,soft_core_0.1,1.5823075203401693,0.7255222007257629,0.10181673791962864,0.009144424197845625,0.05981896693729431
j1_reliable,42,3000,12,3,2.0,0.1944078804567722,j1_b_then_a,1.0,1.0,0.1,soft_core_1,1.596104459076882,0.7291996136038051,0.11573722564067074,0.012392127014102215,0.040316368189639504
j1_reliable,42,3000,12,3,2.0,0.1944078804567722,j1_b_then_a,1.0,1.0,0.1,soft_core_10,1.637823459406346,0.7379798836776738,0.14496149445758924,0.021804172527798694,0.010693902265760833
j1_reliable,42,3000,12,3,2.0,0.1944078804567722,j1_b_then_a,1.0,1.0,0.1,adaptive_soft,1.5483776954488042,0.7137387198299232,0.030938179461935528,0.0008399841351704209,0.06839460417637168
j1_reliable,43,3000,12,3,2.0,0.18579353763367543,j1_b_then_a,1.0,1.0,0.3,j1,1.4799672981604841,0.6903615854465625,0.028392107436679435,0.0007123450828987061,0.07170524725687587
j1_reliable,43,3000,12,3,2.0,0.18579353763367543,j1_b_then_a,1.0,1.0,0.3,j2,1.6049020944072803,0.7334223033891393,0.18323970693587302,0.029844668121042306,0.04497703216589129
j1_reliable,43,3000,12,3,2.0,0.18579353763367543,j1_b_then_a,1.0,1.0,0.3,selected_order,1.4799672981604841,0.6903615854465625,0.028392107436679435,0.0007123450828987061,0.07170524725687587
j1_reliable,43,3000,12,3,2.0,0.18579353763367543,j1_b_then_a,1.0,1.0,0.3,independent,1.7017870667567072,0.7455500511756231,0.23460405884543675,0.056751614658390535,3.9212276821271285e-17
j1_reliable,43,3000,12,3,2.0,0.18579353763367543,j1_b_then_a,1.0,1.0,0.3,arithmetic,1.507098757206947,0.7005094376594418,0.09241480948171071,0.007617159759042296,0.05834113971138356
j1_reliable,43,3000,12,3,2.0,0.18579353763367543,j1_b_then_a,1.0,1.0,0.3,geometric,1.5103172391970232,0.7012510835283037,0.09513033047388773,0.008125031212678156,0.05774295051581718
j1_reliable,43,3000,12,3,2.0,0.18579353763367543,j1_b_then_a,1.0,1.0,0.3,weighted_geometric,1.4799672981604841,0.6903615854465625,0.028392107436679435,0.0007123450828987069,0.07170524725687588
j1_reliable,43,3000,12,3,2.0,0.18579353763367543,j1_b_then_a,1.0,1.0,0.3,hard_core,1.581117691369802,0.7205668606613189,0.15214103095665085,0.02394709403758887,9.4142869899241e-15
j1_reliable,43,3000,12,3,2.0,0.18579353763367543,j1_b_then_a,1.0,1.0,0.3,soft_core_0.1,1.51245250284129,0.7020819928562894,0.09814683416069472,0.00863597367736634,0.053646485013967904
j1_reliable,43,3000,12,3,2.0,0.18579353763367543,j1_b_then_a,1.0,1.0,0.3,soft_core_1,1.5278903400970933,0.7074069888316309,0.11528002444912201,0.012247016867472277,0.034193685332211406
j1_reliable,43,3000,12,3,2.0,0.18579353763367543,j1_b_then_a,1.0,1.0,0.3,soft_core_10,1.564377059206836,0.717030923469957,0.14271509644565836,0.02039241305701219,0.008295836205295492
j1_reliable,43,3000,12,3,2.0,0.18579353763367543,j1_b_then_a,1.0,1.0,0.3,adaptive_soft,1.4834315757527798,0.6917347497895524,0.04204654398898131,0.0015745125913187287,0.05965213493931679
j1_reliable,44,3000,12,3,2.0,0.18482584625415066,j1_b_then_a,1.0,1.0,0.1,j1,1.4314683529663663,0.6692194801227923,0.026457339468684008,0.0006369898880580708,0.06978355091878319
j1_reliable,44,3000,12,3,2.0,0.18482584625415066,j1_b_then_a,1.0,1.0,0.1,j2,1.5568984496271847,0.7138542532346961,0.1831289331754919,0.029996358246783157,0.0578107702303778
j1_reliable,44,3000,12,3,2.0,0.18482584625415066,j1_b_then_a,1.0,1.0,0.1,selected_order,1.4314683529663663,0.6692194801227923,0.026457339468684008,0.0006369898880580708,0.06978355091878319
j1_reliable,44,3000,12,3,2.0,0.18482584625415066,j1_b_then_a,1.0,1.0,0.1,independent,1.788923878919425,0.7490474250190778,0.31166383716793855,0.0879012868194953,4.0515796434935974e-17
j1_reliable,44,3000,12,3,2.0,0.18482584625415066,j1_b_then_a,1.0,1.0,0.1,arithmetic,1.459270269251663,0.6799555889001678,0.09254297965186414,0.007728695926481319,0.06379716057458047
j1_reliable,44,3000,12,3,2.0,0.18482584625415066,j1_b_then_a,1.0,1.0,0.1,geometric,1.4621691477937475,0.6806465327393785,0.09470263796933588,0.008146205568564832,0.06369522372230871
j1_reliable,44,3000,12,3,2.0,0.18482584625415066,j1_b_then_a,1.0,1.0,0.1,weighted_geometric,1.4314683529663665,0.6692194801227923,0.026457339468684008,0.0006369898880580706,0.0697835509187832
j1_reliable,44,3000,12,3,2.0,0.18482584625415066,j1_b_then_a,1.0,1.0,0.1,hard_core,1.551304848662148,0.6976298642271096,0.14888461500383557,0.028164506160628603,1.0373146657984135e-14
j1_reliable,44,3000,12,3,2.0,0.18482584625415066,j1_b_then_a,1.0,1.0,0.1,soft_core_0.1,1.4635181569486784,0.6809762204016633,0.09625564569022552,0.008466864623667875,0.060341228057164284
j1_reliable,44,3000,12,3,2.0,0.18482584625415066,j1_b_then_a,1.0,1.0,0.1,soft_core_1,1.4760951482313003,0.6837990848807584,0.10730846941975754,0.011398707786424616,0.04288746528139493
j1_reliable,44,3000,12,3,2.0,0.18482584625415066,j1_b_then_a,1.0,1.0,0.1,soft_core_10,1.5239451735178424,0.692762015266278,0.13595797982540458,0.022196520177402642,0.01200670984619989
j1_reliable,44,3000,12,3,2.0,0.18482584625415066,j1_b_then_a,1.0,1.0,0.1,adaptive_soft,1.431937769348245,0.6694143305443008,0.028850729914732084,0.0007538126093859798,0.0668254096759471
j1_reliable,45,3000,12,3,2.0,0.18100632831271926,j1_b_then_a,1.0,1.0,0.03,j1,1.4253199018752587,0.6670023911407618,0.027109854097630955,0.0006693883062178834,0.06933074149923762
j1_reliable,45,3000,12,3,2.0,0.18100632831271926,j1_b_then_a,1.0,1.0,0.03,j2,1.5452885431075596,0.709608977291445,0.17946752664236226,0.028902660391960946,0.04944328808088927
j1_reliable,45,3000,12,3,2.0,0.18100632831271926,j1_b_then_a,1.0,1.0,0.03,selected_order,1.4253199018752587,0.6670023911407618,0.027109854097630955,0.0006693883062178834,0.06933074149923762
j1_reliable,45,3000,12,3,2.0,0.18100632831271926,j1_b_then_a,1.0,1.0,0.03,independent,1.70956438199415,0.7342555971392627,0.26562354881290967,0.0734511457774703,4.572583887171585e-17
j1_reliable,45,3000,12,3,2.0,0.18100632831271926,j1_b_then_a,1.0,1.0,0.03,arithmetic,1.452114418053659,0.6772278766459253,0.09096404649305213,0.007513504660622633,0.059387014790063426
j1_reliable,45,3000,12,3,2.0,0.18100632831271926,j1_b_then_a,1.0,1.0,0.03,geometric,1.4545169406001313,0.6778543548850076,0.09282091203225966,0.007827705909041416,0.05903949059479939
j1_reliable,45,3000,12,3,2.0,0.18100632831271926,j1_b_then_a,1.0,1.0,0.03,weighted_geometric,1.4253199018752587,0.6670023911407618,0.027109854097630955,0.0006693883062178856,0.06933074149923762
j1_reliable,45,3000,12,3,2.0,0.18100632831271926,j1_b_then_a,1.0,1.0,0.03,hard_core,1.533769423408272,0.6958511718471961,0.1495988750298313,0.025637538346514537,1.1175170987185528e-14
j1_reliable,45,3000,12,3,2.0,0.18100632831271926,j1_b_then_a,1.0,1.0,0.03,soft_core_0.1,1.456298312432865,0.6785088193338881,0.09527267338970734,0.008255104190771405,0.055323936981863324
j1_reliable,45,3000,12,3,2.0,0.18100632831271926,j1_b_then_a,1.0,1.0,0.03,soft_core_1,1.469995985989051,0.6828662261583088,0.10983436805815905,0.011475776011713451,0.03749241284898941
j1_reliable,45,3000,12,3,2.0,0.18100632831271926,j1_b_then_a,1.0,1.0,0.03,soft_core_10,1.5103153560085487,0.6917324909458146,0.13783989346877945,0.02058905444214487,0.01045739882246408
j1_reliable,45,3000,12,3,2.0,0.18100632831271926,j1_b_then_a,1.0,1.0,0.03,adaptive_soft,1.4253365267459877,0.6670059475279169,0.027187258193640002,0.0006735181958227816,0.06814466760848116
j1_reliable,46,3000,12,3,2.0,0.1800045803609045,j1_b_then_a,1.0,1.0,0.03,j1,1.4308535956861257,0.6667744632846423,0.027627519807325168,0.0006937490745775699,0.06771234423820706
j1_reliable,46,3000,12,3,2.0,0.1800045803609045,j1_b_then_a,1.0,1.0,0.03,j2,1.5498049402643446,0.7082146730042855,0.17707346547028424,0.02855876138878044,0.05052542782020887
j1_reliable,46,3000,12,3,2.0,0.1800045803609045,j1_b_then_a,1.0,1.0,0.03,selected_order,1.4308535956861257,0.6667744632846423,0.027627519807325168,0.0006937490745775699,0.06771234423820706
j1_reliable,46,3000,12,3,2.0,0.1800045803609045,j1_b_then_a,1.0,1.0,0.03,independent,1.705552562808411,0.7350687697037835,0.26146322633565905,0.0701906881302694,4.7195870575021094e-17
j1_reliable,46,3000,12,3,2.0,0.1800045803609045,j1_b_then_a,1.0,1.0,0.03,arithmetic,1.456825028611683,0.6765068722044998,0.08924749735247302,0.007320290033859371,0.059118886029207944
j1_reliable,46,3000,12,3,2.0,0.1800045803609045,j1_b_then_a,1.0,1.0,0.03,geometric,1.4595776024785558,0.677163601438952,0.09140872574761613,0.007717567140043482,0.05874591309652799
j1_reliable,46,3000,12,3,2.0,0.1800045803609045,j1_b_then_a,1.0,1.0,0.03,weighted_geometric,1.4308535956861257,0.6667744632846423,0.027627519807325168,0.0006937490745775711,0.06771234423820706
j1_reliable,46,3000,12,3,2.0,0.1800045803609045,j1_b_then_a,1.0,1.0,0.03,hard_core,1.536797810035037,0.6939300481990612,0.14557295680240975,0.02508128727483342,1.0714481648975639e-14
j1_reliable,46,3000,12,3,2.0,0.1800045803609045,j1_b_then_a,1.0,1.0,0.03,soft_core_0.1,1.4613074250105438,0.6777534037394479,0.09356980752298578,0.008129126924986527,0.055101585998371595
j1_reliable,46,3000,12,3,2.0,0.1800045803609045,j1_b_then_a,1.0,1.0,0.03,soft_core_1,1.4747275291882853,0.6816749887125243,0.10703583010638432,0.011262303039414657,0.037406260940145784
j1_reliable,46,3000,12,3,2.0,0.1800045803609045,j1_b_then_a,1.0,1.0,0.03,soft_core_10,1.5146753696673325,0.6899488684837932,0.13430024937297205,0.020268662647211798,0.010263446207360171
j1_reliable,46,3000,12,3,2.0,0.1800045803609045,j1_b_then_a,1.0,1.0,0.03,adaptive_soft,1.430832616725313,0.666756809697948,0.02745840231998415,0.0006884624205753932,0.06658770194518192
j1_reliable,47,3000,12,3,2.0,0.1907537264147694,j1_b_then_a,1.0,1.0,0.03,j1,1.492970597407858,0.6910901901417382,0.027875941162699522,0.000700872885745119,0.07198568892476223
j1_reliable,47,3000,12,3,2.0,0.1907537264147694,j1_b_then_a,1.0,1.0,0.03,j2,1.6249624881009683,0.7365891413441437,0.18920184513710644,0.03151549398311839,0.04726880952684396
j1_reliable,47,3000,12,3,2.0,0.1907537264147694,j1_b_then_a,1.0,1.0,0.03,selected_order,1.492970597407858,0.6910901901417382,0.027875941162699522,0.000700872885745119,0.07198568892476223
j1_reliable,47,3000,12,3,2.0,0.1907537264147694,j1_b_then_a,1.0,1.0,0.03,independent,1.696807888326923,0.7446241161909284,0.22959668294316277,0.0503024893918348,4.525322385095679e-17
j1_reliable,47,3000,12,3,2.0,0.1907537264147694,j1_b_then_a,1.0,1.0,0.03,arithmetic,1.5219666236639728,0.702031276566795,0.09574045554730083,0.00809449030338183,0.05962724922580307
j1_reliable,47,3000,12,3,2.0,0.1907537264147694,j1_b_then_a,1.0,1.0,0.03,geometric,1.5252020991952147,0.7027423258013896,0.09827121470790849,0.00859334051273652,0.059359239057871264
j1_reliable,47,3000,12,3,2.0,0.1907537264147694,j1_b_then_a,1.0,1.0,0.03,weighted_geometric,1.492970597407858,0.6910901901417383,0.027875941162699522,0.0007008728857451197,0.07198568892476225
j1_reliable,47,3000,12,3,2.0,0.1907537264147694,j1_b_then_a,1.0,1.0,0.03,hard_core,1.5938081993200879,0.7220347212200237,0.15262639207210835,0.0241414090756488,2.118073897063409e-14
j1_reliable,47,3000,12,3,2.0,0.1907537264147694,j1_b_then_a,1.0,1.0,0.03,soft_core_0.1,1.5273573029300496,0.7035054953756789,0.10115504706145162,0.009111960421174976,0.05512217992959932
j1_reliable,47,3000,12,3,2.0,0.1907537264147694,j1_b_then_a,1.0,1.0,0.03,soft_core_1,1.5433169733633012,0.708639074633075,0.11777869989933132,0.01286187582512164,0.034694751755286676
j1_reliable,47,3000,12,3,2.0,0.1907537264147694,j1_b_then_a,1.0,1.0,0.03,soft_core_10,1.5794870287989111,0.7185180102192948,0.1441168905746741,0.021023050835472602,0.007864502301866116
j1_reliable,47,3000,12,3,2.0,0.1907537264147694,j1_b_then_a,1.0,1.0,0.03,adaptive_soft,1.4929893289337184,0.6910979741272316,0.0280052339492788,0.0007055586666069458,0.07057108345816356
j1_reliable,48,3000,12,3,2.0,0.18595965309166906,j1_b_then_a,1.0,1.0,0.03,j1,1.4620511217392507,0.68089474540426,0.02753070579852316,0.0006880660365941008,0.07104503575002556
j1_reliable,48,3000,12,3,2.0,0.18595965309166906,j1_b_then_a,1.0,1.0,0.03,j2,1.588117965128403,0.7251530248273795,0.1835764530153786,0.030116807811137562,0.04678374513364035
j1_reliable,48,3000,12,3,2.0,0.18595965309166906,j1_b_then_a,1.0,1.0,0.03,selected_order,1.4620511217392507,0.68089474540426,0.02753070579852316,0.0006880660365941008,0.07104503575002556
j1_reliable,48,3000,12,3,2.0,0.18595965309166906,j1_b_then_a,1.0,1.0,0.03,independent,1.6785216968869197,0.739744382504071,0.23594647489127196,0.05397263239670531,4.453236351980391e-17
j1_reliable,48,3000,12,3,2.0,0.18595965309166906,j1_b_then_a,1.0,1.0,0.03,arithmetic,1.4896818568549894,0.6914415914319003,0.09256590550921831,0.007724926317002052,0.05891439044183294
j1_reliable,48,3000,12,3,2.0,0.18595965309166906,j1_b_then_a,1.0,1.0,0.03,geometric,1.4928601828863237,0.6921723116234896,0.09506060233324504,0.008225185459284438,0.058217307161263734
j1_reliable,48,3000,12,3,2.0,0.18595965309166906,j1_b_then_a,1.0,1.0,0.03,weighted_geometric,1.4620511217392507,0.68089474540426,0.02753070579852316,0.0006880660365941016,0.07104503575002559
j1_reliable,48,3000,12,3,2.0,0.18595965309166906,j1_b_then_a,1.0,1.0,0.03,hard_core,1.5630592757031305,0.7117046406229618,0.14908257641620606,0.024088384707658537,2.505923333122309e-14
j1_reliable,48,3000,12,3,2.0,0.18595965309166906,j1_b_then_a,1.0,1.0,0.03,soft_core_0.1,1.4948927077244476,0.692935509265463,0.09782959432205722,0.008708568897694483,0.05421990615388282
j1_reliable,48,3000,12,3,2.0,0.18595965309166906,j1_b_then_a,1.0,1.0,0.03,soft_core_1,1.510109596714592,0.6979751730114315,0.11376263411876118,0.012260335197024403,0.034932709653954314
j1_reliable,48,3000,12,3,2.0,0.18595965309166906,j1_b_then_a,1.0,1.0,0.03,soft_core_10,1.5472068437304123,0.707884431115404,0.1401385214053144,0.02061892001291992,0.008345489088090052
j1_reliable,48,3000,12,3,2.0,0.18595965309166906,j1_b_then_a,1.0,1.0,0.03,adaptive_soft,1.4620476379079985,0.6808842497210179,0.027488047453242244,0.0006872037568767824,0.06966382834779154
j1_reliable,49,3000,12,3,2.0,0.1871548674685224,j1_b_then_a,1.0,1.0,0.03,j1,1.495101180472285,0.6933010267838179,0.02809942409264935,0.0007069108856829677,0.07230921333719892
j1_reliable,49,3000,12,3,2.0,0.1871548674685224,j1_b_then_a,1.0,1.0,0.03,j2,1.6218092094351826,0.7371964647745588,0.1858064148271102,0.030379851672904717,0.041085855798437265
j1_reliable,49,3000,12,3,2.0,0.1871548674685224,j1_b_then_a,1.0,1.0,0.03,selected_order,1.495101180472285,0.6933010267838179,0.02809942409264935,0.0007069108856829677,0.07230921333719892
j1_reliable,49,3000,12,3,2.0,0.1871548674685224,j1_b_then_a,1.0,1.0,0.03,independent,1.6689504096916434,0.7401962331592414,0.21382651961995763,0.042730468082853475,4.5575604225987037e-17
j1_reliable,49,3000,12,3,2.0,0.1871548674685224,j1_b_then_a,1.0,1.0,0.03,arithmetic,1.5231507679085023,0.7038849312044507,0.0943241779162441,0.007851724492644915,0.05669753456781808
j1_reliable,49,3000,12,3,2.0,0.1871548674685224,j1_b_then_a,1.0,1.0,0.03,geometric,1.5261260421718335,0.7045635891444104,0.09666030335266781,0.008305754916410495,0.055978842932420975
j1_reliable,49,3000,12,3,2.0,0.1871548674685224,j1_b_then_a,1.0,1.0,0.03,weighted_geometric,1.495101180472285,0.6933010267838179,0.028099424092649358,0.0007069108856829682,0.07230921333719892
j1_reliable,49,3000,12,3,2.0,0.1871548674685224,j1_b_then_a,1.0,1.0,0.03,hard_core,1.5895114159497599,0.7250359433531742,0.1529892543631185,0.022717803787695827,2.021720270691143e-14
j1_reliable,49,3000,12,3,2.0,0.1871548674685224,j1_b_then_a,1.0,1.0,0.03,soft_core_0.1,1.528487752951603,0.7055583418067866,0.10003111885740323,0.008870965657334758,0.051689794791220746
j1_reliable,49,3000,12,3,2.0,0.1871548674685224,j1_b_then_a,1.0,1.0,0.03,soft_core_1,1.544888633505134,0.7117293985974097,0.11850319799565305,0.012717232681838043,0.031547424019693446
j1_reliable,49,3000,12,3,2.0,0.1871548674685224,j1_b_then_a,1.0,1.0,0.03,soft_core_10,1.5777108343437753,0.7218426454155031,0.1451878450394632,0.020128594664096992,0.006821786817391338
j1_reliable,49,3000,12,3,2.0,0.1871548674685224,j1_b_then_a,1.0,1.0,0.03,adaptive_soft,1.495118754276343,0.6933055483602842,0.02818819104675411,0.0007113196196559902,0.07073582275119043
j2_reliable,0,3000,12,3,2.0,0.18444508590799635,j2_a_then_b,0.0,0.0,0.03,j1,1.5857332022099757,0.727557596166166,0.1826259352123193,0.02949908750577831,0.056775420997540585
j2_reliable,0,3000,12,3,2.0,0.18444508590799635,j2_a_then_b,0.0,0.0,0.03,j2,1.463325684554107,0.6842622712070331,0.02777754517700674,0.0006983353048719714,0.057957662542931214
j2_reliable,0,3000,12,3,2.0,0.18444508590799635,j2_a_then_b,0.0,0.0,0.03,selected_order,1.463325684554107,0.6842622712070331,0.02777754517700674,0.0006983353048719714,0.057957662542931214
j2_reliable,0,3000,12,3,2.0,0.18444508590799635,j2_a_then_b,0.0,0.0,0.03,independent,1.627368574116204,0.7250217971691758,0.19416440778388247,0.04105329804839413,3.788091109358038e-17
j2_reliable,0,3000,12,3,2.0,0.18444508590799635,j2_a_then_b,0.0,0.0,0.03,arithmetic,1.4904368429092019,0.6945587322597615,0.09244256283802477,0.007615772132327998,0.057366541770235875
j2_reliable,0,3000,12,3,2.0,0.18444508590799635,j2_a_then_b,0.0,0.0,0.03,geometric,1.4929294490709084,0.6951271288028094,0.09415663718957175,0.007955751804589427,0.05759755813088418
j2_reliable,0,3000,12,3,2.0,0.18444508590799635,j2_a_then_b,0.0,0.0,0.03,weighted_geometric,1.463325684554107,0.6842622712070331,0.02777754517700674,0.0006983353048719737,0.05795766254293123
j2_reliable,0,3000,12,3,2.0,0.18444508590799635,j2_a_then_b,0.0,0.0,0.03,hard_core,1.5400296269642373,0.7048733681420574,0.12542408057407897,0.018763929333743223,1.7332423383539565e-14
j2_reliable,0,3000,12,3,2.0,0.18444508590799635,j2_a_then_b,0.0,0.0,0.03,soft_core_0.1,1.4936164089678183,0.6951100293512018,0.09464222598886989,0.00812274441674892,0.05331084254462689
j2_reliable,0,3000,12,3,2.0,0.18444508590799635,j2_a_then_b,0.0,0.0,0.03,soft_core_1,1.5023872277754013,0.6966546070603477,0.10087521029780352,0.010194461328856817,0.03309203679530688
j2_reliable,0,3000,12,3,2.0,0.18444508590799635,j2_a_then_b,0.0,0.0,0.03,soft_core_10,1.5286969671797952,0.7024071557693822,0.11853784233228139,0.016230612828414433,0.0074422645052630906
j2_reliable,0,3000,12,3,2.0,0.18444508590799635,j2_a_then_b,0.0,0.0,0.03,adaptive_soft,1.4633266928922497,0.6842590889464422,0.027717988122944747,0.0006985747383965145,0.056868033513693315
j2_reliable,1,3000,12,3,2.0,0.1842235849083898,j2_a_then_b,0.0,0.0,0.03,j1,1.5901905696699177,0.7219158772543272,0.1822886466368376,0.030155187193690557,0.05572902107904131
j2_reliable,1,3000,12,3,2.0,0.1842235849083898,j2_a_then_b,0.0,0.0,0.03,j2,1.4639718273663191,0.6788616413085516,0.027294966375908607,0.0006787792949419843,0.0696364890716443
j2_reliable,1,3000,12,3,2.0,0.1842235849083898,j2_a_then_b,0.0,0.0,0.03,selected_order,1.4639718273663191,0.6788616413085516,0.027294966375908607,0.0006787792949419843,0.0696364890716443
j2_reliable,1,3000,12,3,2.0,0.1842235849083898,j2_a_then_b,0.0,0.0,0.03,independent,1.805623358028746,0.7547611615282722,0.3026231886289976,0.085206562127347,3.982814384225066e-17
j2_reliable,1,3000,12,3,2.0,0.1842235849083898,j2_a_then_b,0.0,0.0,0.03,arithmetic,1.4917484969354455,0.6891679557873128,0.09221050589528364,0.007769360635526144,0.06268275507534278
j2_reliable,1,3000,12,3,2.0,0.1842235849083898,j2_a_then_b,0.0,0.0,0.03,geometric,1.4947843096740847,0.6898468122572142,0.0945047620466903,0.008207344306634593,0.06286409560033504
j2_reliable,1,3000,12,3,2.0,0.1842235849083898,j2_a_then_b,0.0,0.0,0.03,weighted_geometric,1.4639718273663191,0.6788616413085516,0.0272949663759086,0.0006787792949419852,0.06963648907164431
j2_reliable,1,3000,12,3,2.0,0.1842235849083898,j2_a_then_b,0.0,0.0,0.03,hard_core,1.5818030542484234,0.7069534826815445,0.15002845976480245,0.02772617856571323,2.2791373339000897e-14
j2_reliable,1,3000,12,3,2.0,0.1842235849083898,j2_a_then_b,0.0,0.0,0.03,soft_core_0.1,1.4962316819943835,0.6902537347157518,0.09627096854654892,0.008555986591281817,0.05940499053921687
j2_reliable,1,3000,12,3,2.0,0.1842235849083898,j2_a_then_b,0.0,0.0,0.03,soft_core_1,1.5091573026085672,0.6934261598192467,0.1083192574983283,0.01159374501133138,0.04168802492223762
j2_reliable,1,3000,12,3,2.0,0.1842235849083898,j2_a_then_b,0.0,0.0,0.03,soft_core_10,1.555596043109665,0.7023955062624635,0.13732185464020116,0.022061101087247185,0.011546794505192796
j2_reliable,1,3000,12,3,2.0,0.1842235849083898,j2_a_then_b,0.0,0.0,0.03,adaptive_soft,1.4639803000691383,0.6788630049231783,0.02732153257722469,0.0006809083946945219,0.06869439766836263
j2_reliable,2,3000,12,3,2.0,0.18552844880832953,j2_a_then_b,0.0,0.0,0.03,j1,1.6075126830271538,0.7325914756816464,0.1835288855495478,0.03008286501736497,0.055903181596565495
j2_reliable,2,3000,12,3,2.0,0.18552844880832953,j2_a_then_b,0.0,0.0,0.03,j2,1.4817516737376444,0.6893383808665503,0.02810191890576889,0.0007170745848839423,0.06685274830541896
j2_reliable,2,3000,12,3,2.0,0.18552844880832953,j2_a_then_b,0.0,0.0,0.03,selected_order,1.4817516737376444,0.6893383808665503,0.02810191890576889,0.0007170745848839423,0.06685274830541896
j2_reliable,2,3000,12,3,2.0,0.18552844880832953,j2_a_then_b,0.0,0.0,0.03,independent,1.7666009535006582,0.7545907088678855,0.26694558859894024,0.0733377323895613,4.2607501005385386e-17
j2_reliable,2,3000,12,3,2.0,0.18552844880832953,j2_a_then_b,0.0,0.0,0.03,arithmetic,1.5093123277289329,0.6996432054388458,0.09288977698268114,0.007743324632694206,0.06137796495099222
j2_reliable,2,3000,12,3,2.0,0.18552844880832953,j2_a_then_b,0.0,0.0,0.03,geometric,1.512395320235555,0.7002130820283409,0.09510906496561561,0.008199425753741397,0.06118226059950942
j2_reliable,2,3000,12,3,2.0,0.18552844880832953,j2_a_then_b,0.0,0.0,0.03,weighted_geometric,1.4817516737376444,0.6893383808665503,0.02810191890576889,0.000717074584883943,0.06685274830541897
j2_reliable,2,3000,12,3,2.0,0.18552844880832953,j2_a_then_b,0.0,0.0,0.03,hard_core,1.590611299917441,0.7156743849454678,0.1449643260833449,0.025492867853578162,1.9454898789208143e-14
j2_reliable,2,3000,12,3,2.0,0.18552844880832953,j2_a_then_b,0.0,0.0,0.03,soft_core_0.1,1.513726018203659,0.700519535401244,0.09654490330329822,0.008512376724370385,0.057351670698746006
j2_reliable,2,3000,12,3,2.0,0.18552844880832953,j2_a_then_b,0.0,0.0,0.03,soft_core_1,1.525805831315157,0.7033473457660193,0.10724093563878181,0.011301847604016306,0.038745472638713065
j2_reliable,2,3000,12,3,2.0,0.18552844880832953,j2_a_then_b,0.0,0.0,0.03,soft_core_10,1.5667932297931397,0.7114416671067493,0.1333846104463304,0.02041729572131119,0.010565149576899918
j2_reliable,2,3000,12,3,2.0,0.18552844880832953,j2_a_then_b,0.0,0.0,0.03,adaptive_soft,1.481755832302642,0.689334440241883,0.028100841086157208,0.0007181389313932812,0.06580209109826243
j2_reliable,3,3000,12,3,2.0,0.18799945451538078,j2_a_then_b,0.0,0.0,0.03,j1,1.615796102852346,0.7347075440704658,0.18547803550291908,0.030567727098933788,0.05880600822199699
j2_reliable,3,3000,12,3,2.0,0.18799945451538078,j2_a_then_b,0.0,0.0,0.03,j2,1.4884258382251865,0.6904139057121736,0.028194637284026255,0.000715503296181624,0.06830671166312909
j2_reliable,3,3000,12,3,2.0,0.18799945451538078,j2_a_then_b,0.0,0.0,0.03,selected_order,1.4884258382251865,0.6904139057121736,0.028194637284026255,0.000715503296181624,0.06830671166312909
j2_reliable,3,3000,12,3,2.0,0.18799945451538078,j2_a_then_b,0.0,0.0,0.03,independent,1.8099154030782483,0.7642482395850022,0.2969754459849848,0.08045156277121368,4.153008413149602e-17
j2_reliable,3,3000,12,3,2.0,0.18799945451538078,j2_a_then_b,0.0,0.0,0.03,arithmetic,1.5164256382106254,0.7009018300098753,0.09355688606884936,0.00786157736646543,0.063556359942563
j2_reliable,3,3000,12,3,2.0,0.18799945451538078,j2_a_then_b,0.0,0.0,0.03,geometric,1.5192952223869285,0.7014963921260273,0.09579173719066852,0.008276045401759774,0.06348945441438739
j2_reliable,3,3000,12,3,2.0,0.18799945451538078,j2_a_then_b,0.0,0.0,0.03,weighted_geometric,1.4884258382251865,0.6904139057121736,0.028194637284026252,0.0007155032961816239,0.06830671166312909
j2_reliable,3,3000,12,3,2.0,0.18799945451538078,j2_a_then_b,0.0,0.0,0.03,hard_core,1.6008305509255887,0.7169218947572501,0.14694208048208332,0.026640596540784222,1.2948180533078592e-14
j2_reliable,3,3000,12,3,2.0,0.18799945451538078,j2_a_then_b,0.0,0.0,0.03,soft_core_0.1,1.5205678909665188,0.70177215875274,0.09716484536670199,0.008582463014912674,0.059867693937374344
j2_reliable,3,3000,12,3,2.0,0.18799945451538078,j2_a_then_b,0.0,0.0,0.03,soft_core_1,1.5327446347212286,0.7043630879799037,0.10777849577297668,0.011442496564935956,0.04152111968747268
j2_reliable,3,3000,12,3,2.0,0.18799945451538078,j2_a_then_b,0.0,0.0,0.03,soft_core_10,1.5767385019280789,0.7125996890493875,0.13501395371320887,0.021389443091809134,0.011226953784326886
j2_reliable,3,3000,12,3,2.0,0.18799945451538078,j2_a_then_b,0.0,0.0,0.03,adaptive_soft,1.4884212769825718,0.6904026882366211,0.028112292657175887,0.0007144039546283007,0.06736904417977052
j2_reliable,4,3000,12,3,2.0,0.19464102416566292,j2_a_then_b,0.0,0.0,0.03,j1,1.7002486665525085,0.7688992117304481,0.19233023435283636,0.03192709583328115,0.05912662235868631
j2_reliable,4,3000,12,3,2.0,0.19464102416566292,j2_a_then_b,0.0,0.0,0.03,j2,1.5664818039232433,0.7241851613108825,0.02973138222231227,0.0007653768122711001,0.07178491685536263
j2_reliable,4,3000,12,3,2.0,0.19464102416566292,j2_a_then_b,0.0,0.0,0.03,selected_order,1.5664818039232433,0.7241851613108825,0.02973138222231227,0.0007653768122711001,0.07178491685536263
j2_reliable,4,3000,12,3,2.0,0.19464102416566292,j2_a_then_b,0.0,0.0,0.03,independent,1.86485888199693,0.7965325490345686,0.28878241979024843,0.07827956322564991,3.744927740910492e-17
j2_reliable,4,3000,12,3,2.0,0.19464102416566292,j2_a_then_b,0.0,0.0,0.03,arithmetic,1.5956605138289721,0.7348350625738846,0.09735086695291185,0.008195036024032782,0.06545576960702444
j2_reliable,4,3000,12,3,2.0,0.19464102416566292,j2_a_then_b,0.0,0.0,0.03,geometric,1.5991695961393986,0.7355900174026566,0.10016777486354668,0.008747749403166744,0.06526369668342175
j2_reliable,4,3000,12,3,2.0,0.19464102416566292,j2_a_then_b,0.0,0.0,0.03,weighted_geometric,1.5664818039232433,0.7241851613108825,0.02973138222231227,0.0007653768122711031,0.07178491685536263
j2_reliable,4,3000,12,3,2.0,0.19464102416566292,j2_a_then_b,0.0,0.0,0.03,hard_core,1.6801166814519608,0.7519147268907179,0.15411817108186032,0.026701748521698952,1.2575932485142111e-14
j2_reliable,4,3000,12,3,2.0,0.19464102416566292,j2_a_then_b,0.0,0.0,0.03,soft_core_0.1,1.6004543216221425,0.7359072335389842,0.10173673104696017,0.009055502849479515,0.0612678388192467
j2_reliable,4,3000,12,3,2.0,0.19464102416566292,j2_a_then_b,0.0,0.0,0.03,soft_core_1,1.6128645961354389,0.7388415092539662,0.11367095661043172,0.01195421383925165,0.04146345707212014
j2_reliable,4,3000,12,3,2.0,0.19464102416566292,j2_a_then_b,0.0,0.0,0.03,soft_core_10,1.656213087625175,0.7475350735762635,0.14212418436203306,0.021614903965273255,0.010978813647141518
j2_reliable,4,3000,12,3,2.0,0.19464102416566292,j2_a_then_b,0.0,0.0,0.03,adaptive_soft,1.5664903589909036,0.7241840088651222,0.02969497397545878,0.0007674485952253037,0.07066579226787154
j2_reliable,5,3000,12,3,2.0,0.1886443223228071,j2_a_then_b,0.0,0.0,0.03,j1,1.6256197397890702,0.744542022009637,0.1867760982284283,0.030286049333358777,0.05581643076315661
j2_reliable,5,3000,12,3,2.0,0.1886443223228071,j2_a_then_b,0.0,0.0,0.03,j2,1.4993031450234406,0.7002844005653446,0.02829563561163385,0.0007057916433429807,0.05544740879178137
j2_reliable,5,3000,12,3,2.0,0.1886443223228071,j2_a_then_b,0.0,0.0,0.03,selected_order,1.4993031450234406,0.7002844005653446,0.02829563561163385,0.0007057916433429807,0.05544740879178137
j2_reliable,5,3000,12,3,2.0,0.1886443223228071,j2_a_then_b,0.0,0.0,0.03,independent,1.5768015933698012,0.7229004108400716,0.13469568228023618,0.019465734726621303,3.888882759654072e-17
j2_reliable,5,3000,12,3,2.0,0.1886443223228071,j2_a_then_b,0.0,0.0,0.03,arithmetic,1.5271213287117813,0.7108609374200413,0.0944839509286019,0.0077844753333480825,0.05563191977746898
j2_reliable,5,3000,12,3,2.0,0.1886443223228071,j2_a_then_b,0.0,0.0,0.03,geometric,1.5301359257162226,0.7115388955553617,0.09678247212970033,0.008251509104911557,0.055525542890153025
j2_reliable,5,3000,12,3,2.0,0.1886443223228071,j2_a_then_b,0.0,0.0,0.03,weighted_geometric,1.4993031450234409,0.7002844005653446,0.02829563561163385,0.0007057916433429806,0.05544740879178139
j2_reliable,5,3000,12,3,2.0,0.1886443223228071,j2_a_then_b,0.0,0.0,0.03,hard_core,1.5639643527374585,0.7195919004309097,0.12051549237540439,0.015926139084942083,1.7788956525330167e-14
j2_reliable,5,3000,12,3,2.0,0.1886443223228071,j2_a_then_b,0.0,0.0,0.03,soft_core_0.1,1.5307902039026413,0.7114973135982352,0.09714163094053667,0.008405789909838023,0.05070964472335135
j2_reliable,5,3000,12,3,2.0,0.1886443223228071,j2_a_then_b,0.0,0.0,0.03,soft_core_1,1.53908205838795,0.7130811405941173,0.1026908191713253,0.01032737488833875,0.02878942381091651
j2_reliable,5,3000,12,3,2.0,0.1886443223228071,j2_a_then_b,0.0,0.0,0.03,soft_core_10,1.5579157297088977,0.7179554921955185,0.11600510330444634,0.014584618109381312,0.005496489257438778
j2_reliable,5,3000,12,3,2.0,0.1886443223228071,j2_a_then_b,0.0,0.0,0.03,adaptive_soft,1.4993164647843222,0.700286744983636,0.02832404380026404,0.0007090836231009804,0.054084322189025605
j2_reliable,6,3000,12,3,2.0,0.19103314664836546,j2_a_then_b,0.0,0.0,0.1,j1,1.6533903176433362,0.7519047513020959,0.188851779921719,0.030792651727590856,0.05758765557318573
j2_reliable,6,3000,12,3,2.0,0.19103314664836546,j2_a_then_b,0.0,0.0,0.1,j2,1.52425625617971,0.7075797232998613,0.028753504378691255,0.0007287690789725174,0.07176117021953042
j2_reliable,6,3000,12,3,2.0,0.19103314664836546,j2_a_then_b,0.0,0.0,0.1,selected_order,1.52425625617971,0.7075797232998613,0.028753504378691255,0.0007287690789725174,0.07176117021953042
j2_reliable,6,3000,12,3,2.0,0.19103314664836546,j2_a_then_b,0.0,0.0,0.1,independent,1.847549988055331,0.7816141492245987,0.28703677254493565,0.08345599754738893,3.8358809717634863e-17
j2_reliable,6,3000,12,3,2.0,0.19103314664836546,j2_a_then_b,0.0,0.0,0.1,arithmetic,1.5523307204872836,0.7181364569604303,0.09542742893136397,0.007865927692235599,0.06467441289635806
j2_reliable,6,3000,12,3,2.0,0.19103314664836546,j2_a_then_b,0.0,0.0,0.1,geometric,1.5558439050665138,0.7189519738391706,0.09813286375230103,0.008436319141427766,0.0646326291193006
j2_reliable,6,3000,12,3,2.0,0.19103314664836546,j2_a_then_b,0.0,0.0,0.1,weighted_geometric,1.52425625617971,0.7075797232998612,0.028753504378691255,0.0007287690789725188,0.07176117021953043
j2_reliable,6,3000,12,3,2.0,0.19103314664836546,j2_a_then_b,0.0,0.0,0.1,hard_core,1.6444792736105938,0.7359779675531637,0.1556544348707949,0.028420918799909673,1.7958011508016583e-14
j2_reliable,6,3000,12,3,2.0,0.19103314664836546,j2_a_then_b,0.0,0.0,0.1,soft_core_0.1,1.5572839512167391,0.7193449736405744,0.09989342571049976,0.008779602216115056,0.06083510446127563
j2_reliable,6,3000,12,3,2.0,0.19103314664836546,j2_a_then_b,0.0,0.0,0.1,soft_core_1,1.569987345377321,0.7224781356202434,0.11222373865917912,0.011744633230733652,0.04218401237311678
j2_reliable,6,3000,12,3,2.0,0.19103314664836546,j2_a_then_b,0.0,0.0,0.1,soft_core_10,1.6158164933946404,0.7311225777006833,0.14200228448829888,0.02212430911440345,0.012241392602527119
j2_reliable,6,3000,12,3,2.0,0.19103314664836546,j2_a_then_b,0.0,0.0,0.1,adaptive_soft,1.5247145113624248,0.7077580555382434,0.03104601879710866,0.0008428222636147691,0.0681185834147022
j2_reliable,7,3000,12,3,2.0,0.19318877048993874,j2_a_then_b,0.0,0.0,0.03,j1,1.669214791065497,0.7612572498501154,0.19155283248673488,0.03131651816634482,0.060693391709417725
j2_reliable,7,3000,12,3,2.0,0.19318877048993874,j2_a_then_b,0.0,0.0,0.03,j2,1.5382245187681272,0.7157954554319159,0.028737099680951658,0.000716749058365214,0.07020621336670345
j2_reliable,7,3000,12,3,2.0,0.19318877048993874,j2_a_then_b,0.0,0.0,0.03,selected_order,1.5382245187681272,0.7157954554319159,0.028737099680951658,0.000716749058365214,0.07020621336670345
j2_reliable,7,3000,12,3,2.0,0.19318877048993874,j2_a_then_b,0.0,0.0,0.03,independent,1.8754092439844015,0.7954957649378721,0.3035675149773667,0.08712269983421332,4.1239667121183395e-17
j2_reliable,7,3000,12,3,2.0,0.19318877048993874,j2_a_then_b,0.0,0.0,0.03,arithmetic,1.5669537811254683,0.7266628689191041,0.09697403397244515,0.008031576996662232,0.06544980253806057
j2_reliable,7,3000,12,3,2.0,0.19318877048993874,j2_a_then_b,0.0,0.0,0.03,geometric,1.5702269069378683,0.7274528900513904,0.09957629505861751,0.008544951663550803,0.06530427603532135
j2_reliable,7,3000,12,3,2.0,0.19318877048993874,j2_a_then_b,0.0,0.0,0.03,weighted_geometric,1.5382245187681272,0.7157954554319159,0.02873709968095165,0.0007167490583652132,0.07020621336670346
j2_reliable,7,3000,12,3,2.0,0.19318877048993874,j2_a_then_b,0.0,0.0,0.03,hard_core,1.6586833042455114,0.7430003065722696,0.15233268755794285,0.028547574549118975,3.5629565624991995e-14
j2_reliable,7,3000,12,3,2.0,0.19318877048993874,j2_a_then_b,0.0,0.0,0.03,soft_core_0.1,1.5713927858509813,0.7276969246803765,0.10088481640161015,0.008821478576894262,0.0615501906685965
j2_reliable,7,3000,12,3,2.0,0.19318877048993874,j2_a_then_b,0.0,0.0,0.03,soft_core_1,1.582912770929745,0.730100913074652,0.11099515269577317,0.01150904299504689,0.0431793790348304
j2_reliable,7,3000,12,3,2.0,0.19318877048993874,j2_a_then_b,0.0,0.0,0.03,soft_core_10,1.628944014535928,0.7381117688062803,0.13872680573269958,0.021990640878309143,0.012795426798993077
j2_reliable,7,3000,12,3,2.0,0.19318877048993874,j2_a_then_b,0.0,0.0,0.03,adaptive_soft,1.5382330627186156,0.7157950494241292,0.02876299919093859,0.0007189947082759739,0.06920995135140237
j2_reliable,8,3000,12,3,2.0,0.18909398819210346,j2_a_then_b,0.0,0.0,0.03,j1,1.63327613223238,0.7421815165695531,0.1864586439848252,0.03065275849281501,0.05395936834293202
j2_reliable,8,3000,12,3,2.0,0.18909398819210346,j2_a_then_b,0.0,0.0,0.03,j2,1.5044749406371065,0.6982714274902921,0.028511957450824233,0.0007142835653823975,0.06674836598566579
j2_reliable,8,3000,12,3,2.0,0.18909398819210346,j2_a_then_b,0.0,0.0,0.03,selected_order,1.5044749406371065,0.6982714274902921,0.028511957450824233,0.0007142835653823975,0.06674836598566579
j2_reliable,8,3000,12,3,2.0,0.18909398819210346,j2_a_then_b,0.0,0.0,0.03,independent,1.731494342951191,0.7486964767746251,0.22697646907497393,0.0577424132757478,4.0755112982803243e-17
j2_reliable,8,3000,12,3,2.0,0.18909398819210346,j2_a_then_b,0.0,0.0,0.03,arithmetic,1.5323561552195462,0.7086680983970247,0.09410451837767983,0.007804316330272065,0.06035386716429889
j2_reliable,8,3000,12,3,2.0,0.18909398819210346,j2_a_then_b,0.0,0.0,0.03,geometric,1.5359491746048082,0.709421733279007,0.09679546090506819,0.008386960260208184,0.06008968059799573
j2_reliable,8,3000,12,3,2.0,0.18909398819210346,j2_a_then_b,0.0,0.0,0.03,weighted_geometric,1.5044749406371065,0.6982714274902921,0.028511957450824233,0.0007142835653823994,0.0667483659856658
j2_reliable,8,3000,12,3,2.0,0.18909398819210346,j2_a_then_b,0.0,0.0,0.03,hard_core,1.6025066028637585,0.7243940535082972,0.14447223503776832,0.023393929111160765,1.9466596753161023e-14
j2_reliable,8,3000,12,3,2.0,0.18909398819210346,j2_a_then_b,0.0,0.0,0.03,soft_core_0.1,1.5373894250894324,0.7098001895475872,0.098506881624631,0.008729835822645865,0.05588908586352077
j2_reliable,8,3000,12,3,2.0,0.18909398819210346,j2_a_then_b,0.0,0.0,0.03,soft_core_1,1.5498446859212769,0.7130714267886559,0.11025814653861067,0.011627871843054508,0.035905782416345046
j2_reliable,8,3000,12,3,2.0,0.18909398819210346,j2_a_then_b,0.0,0.0,0.03,soft_core_10,1.585101743473781,0.7209176862236611,0.13480225885695651,0.01957482545764867,0.008882905772369968
j2_reliable,8,3000,12,3,2.0,0.18909398819210346,j2_a_then_b,0.0,0.0,0.03,adaptive_soft,1.5044685170599286,0.6982590908879954,0.028395643718525286,0.00071268699896929,0.06546010327806875
j2_reliable,9,3000,12,3,2.0,0.1756233012051318,j2_a_then_b,0.0,0.0,0.03,j1,1.4684388352192999,0.6807302985175997,0.17356672416465208,0.02783991315156722,0.05207563901261753
j2_reliable,9,3000,12,3,2.0,0.1756233012051318,j2_a_then_b,0.0,0.0,0.03,j2,1.3525687333863223,0.6380520553161307,0.025678656583461464,0.000620195311431544,0.06446374943255723
j2_reliable,9,3000,12,3,2.0,0.1756233012051318,j2_a_then_b,0.0,0.0,0.03,selected_order,1.3525687333863223,0.6380520553161307,0.025678656583461464,0.000620195311431544,0.06446374943255723
j2_reliable,9,3000,12,3,2.0,0.1756233012051318,j2_a_then_b,0.0,0.0,0.03,independent,1.6318972559912475,0.7051660886065609,0.26149942760733325,0.07067228983925306,4.1246897300306385e-17
j2_reliable,9,3000,12,3,2.0,0.1756233012051318,j2_a_then_b,0.0,0.0,0.03,arithmetic,1.3781996485156267,0.6482468528753935,0.08756290622503919,0.007161183081175692,0.05826969422258737
j2_reliable,9,3000,12,3,2.0,0.1756233012051318,j2_a_then_b,0.0,0.0,0.03,geometric,1.380704742530325,0.6488378100075322,0.0895293146994613,0.00751240266080079,0.05839868864790409
j2_reliable,9,3000,12,3,2.0,0.1756233012051318,j2_a_then_b,0.0,0.0,0.03,weighted_geometric,1.3525687333863223,0.6380520553161307,0.02567865658346146,0.0006201953114315435,0.06446374943255724
j2_reliable,9,3000,12,3,2.0,0.1756233012051318,j2_a_then_b,0.0,0.0,0.03,hard_core,1.4535627301332938,0.665791304511631,0.13797710436113472,0.024046226281051134,1.0006953949955294e-14
j2_reliable,9,3000,12,3,2.0,0.1756233012051318,j2_a_then_b,0.0,0.0,0.03,soft_core_0.1,1.3819018516536707,0.6491980583692034,0.09102874268774412,0.007803412006538784,0.054957030653989505
j2_reliable,9,3000,12,3,2.0,0.1756233012051318,j2_a_then_b,0.0,0.0,0.03,soft_core_1,1.3932111952313653,0.652382609544719,0.10153647443823466,0.010481743934162723,0.037647767221771454
j2_reliable,9,3000,12,3,2.0,0.1756233012051318,j2_a_then_b,0.0,0.0,0.03,soft_core_10,1.432215459211025,0.6614401639757267,0.12694419559011325,0.01937210475772999,0.010078430452219917
j2_reliable,9,3000,12,3,2.0,0.1756233012051318,j2_a_then_b,0.0,0.0,0.03,adaptive_soft,1.3525698116748952,0.6380490976620812,0.025650739684425067,0.0006205144823403293,0.06347865277064714
j2_reliable,10,3000,12,3,2.0,0.18553003472476137,j2_a_then_b,0.0,0.0,0.03,j1,1.574377648969829,0.7283759196250859,0.18390659598129006,0.02936390282726489,0.0587653179881528
j2_reliable,10,3000,12,3,2.0,0.18553003472476137,j2_a_then_b,0.0,0.0,0.03,j2,1.4521271308974932,0.6836680921551935,0.027765744860128273,0.0006792205755118936,0.04588854957460578
j2_reliable,10,3000,12,3,2.0,0.18553003472476137,j2_a_then_b,0.0,0.0,0.03,selected_order,1.4521271308974932,0.6836680921551935,0.027765744860128273,0.0006792205755118936,0.04588854957460578
j2_reliable,10,3000,12,3,2.0,0.18553003472476137,j2_a_then_b,0.0,0.0,0.03,independent,1.5014838299782443,0.6968421113239155,0.09974207803023795,0.012512735127190186,3.8697958321583697e-17
j2_reliable,10,3000,12,3,2.0,0.18553003472476137,j2_a_then_b,0.0,0.0,0.03,arithmetic,1.4790526111745432,0.6943482077172113,0.09309957773242751,0.007535940883837911,0.05232693378137927
j2_reliable,10,3000,12,3,2.0,0.18553003472476137,j2_a_then_b,0.0,0.0,0.03,geometric,1.4818201121177814,0.6950788784385661,0.09537737361242833,0.007958057183167009,0.053059332450068435
j2_reliable,10,3000,12,3,2.0,0.18553003472476137,j2_a_then_b,0.0,0.0,0.03,weighted_geometric,1.4521271308974932,0.6836680921551935,0.027765744860128273,0.0006792205755118946,0.045888549574605794
j2_reliable,10,3000,12,3,2.0,0.18553003472476137,j2_a_then_b,0.0,0.0,0.03,hard_core,1.5050761248465492,0.6975979257476413,0.10255799453603527,0.013241614709726214,6.092961035610977e-15
j2_reliable,10,3000,12,3,2.0,0.18553003472476137,j2_a_then_b,0.0,0.0,0.03,soft_core_0.1,1.481778876910223,0.6945157868793324,0.09434009245791043,0.007945338827039659,0.048280051651738036
j2_reliable,10,3000,12,3,2.0,0.18553003472476137,j2_a_then_b,0.0,0.0,0.03,soft_core_1,1.4868003696737748,0.6939252185700792,0.09291720253573084,0.009098680950709318,0.026717555789848337
j2_reliable,10,3000,12,3,2.0,0.18553003472476137,j2_a_then_b,0.0,0.0,0.03,soft_core_10,1.500697937598042,0.6965611172586424,0.09938571521638014,0.01225880326316841,0.0049053076816237325
j2_reliable,10,3000,12,3,2.0,0.18553003472476137,j2_a_then_b,0.0,0.0,0.03,adaptive_soft,1.4521299443138693,0.6836688943962238,0.02777936439872891,0.0006798793997638013,0.044644074946920465
j2_reliable,11,3000,12,3,2.0,0.18601458362817672,j2_a_then_b,0.0,0.0,0.03,j1,1.603930049804028,0.7313095768047067,0.18421664539322366,0.03001699954572191,0.05604777691863522
j2_reliable,11,3000,12,3,2.0,0.18601458362817672,j2_a_then_b,0.0,0.0,0.03,j2,1.4785288268637757,0.687671945768029,0.027609837823837975,0.0006889941743029946,0.07177062086891364
j2_reliable,11,3000,12,3,2.0,0.18601458362817672,j2_a_then_b,0.0,0.0,0.03,selected_order,1.4785288268637757,0.687671945768029,0.027609837823837975,0.0006889941743029946,0.07177062086891364
j2_reliable,11,3000,12,3,2.0,0.18601458362817672,j2_a_then_b,0.0,0.0,0.03,independent,1.8251452476623808,0.7689887149871901,0.3123553548232226,0.08764121288758388,4.149752644375809e-17
j2_reliable,11,3000,12,3,2.0,0.18601458362817672,j2_a_then_b,0.0,0.0,0.03,arithmetic,1.5060755443702105,0.6981186653519323,0.09313571316455925,0.007708110534544906,0.06390919889377442
j2_reliable,11,3000,12,3,2.0,0.18601458362817672,j2_a_then_b,0.0,0.0,0.03,geometric,1.5091122646146202,0.6988248706048158,0.09560667261555471,0.00817036746749078,0.06385628595597018
j2_reliable,11,3000,12,3,2.0,0.18601458362817672,j2_a_then_b,0.0,0.0,0.03,weighted_geometric,1.4785288268637757,0.687671945768029,0.02760983782383798,0.0006889941743029957,0.07177062086891366
j2_reliable,11,3000,12,3,2.0,0.18601458362817672,j2_a_then_b,0.0,0.0,0.03,hard_core,1.5968012131397793,0.7173354610720273,0.15352668947547554,0.027882659826186804,3.4185036664477825e-14
j2_reliable,11,3000,12,3,2.0,0.18601458362817672,j2_a_then_b,0.0,0.0,0.03,soft_core_0.1,1.5105833519827159,0.6992942980051201,0.09752265105837794,0.008524170887476003,0.0603690814158125
j2_reliable,11,3000,12,3,2.0,0.18601458362817672,j2_a_then_b,0.0,0.0,0.03,soft_core_1,1.523673692747175,0.702821982045336,0.11035546694807097,0.011604239100644554,0.04246070912931168
j2_reliable,11,3000,12,3,2.0,0.18601458362817672,j2_a_then_b,0.0,0.0,0.03,soft_core_10,1.5704208551536487,0.7125040573080931,0.14050853612614234,0.02217102758276108,0.011772883927374148
j2_reliable,11,3000,12,3,2.0,0.18601458362817672,j2_a_then_b,0.0,0.0,0.03,adaptive_soft,1.4785300357482742,0.6876707708970415,0.02760094665242161,0.0006893410014550854,0.07077620312325758
j2_reliable,12,3000,12,3,2.0,0.18733984550144783,j2_a_then_b,0.0,0.0,0.03,j1,1.592595887086007,0.7279825717414581,0.18480751086362024,0.030494283727069357,0.05310124016298015
j2_reliable,12,3000,12,3,2.0,0.18733984550144783,j2_a_then_b,0.0,0.0,0.03,j2,1.4653503877700476,0.6832864881488684,0.027433784732231337,0.0006848814293112634,0.06941112262621388
j2_reliable,12,3000,12,3,2.0,0.18733984550144783,j2_a_then_b,0.0,0.0,0.03,selected_order,1.4653503877700476,0.6832864881488684,0.027433784732231337,0.0006848814293112634,0.06941112262621388
j2_reliable,12,3000,12,3,2.0,0.18733984550144783,j2_a_then_b,0.0,0.0,0.03,independent,1.7362797411182054,0.7485759165518135,0.26371782033674573,0.07059086083612245,4.43225853636767e-17
j2_reliable,12,3000,12,3,2.0,0.18733984550144783,j2_a_then_b,0.0,0.0,0.03,arithmetic,1.493411309345766,0.6939464912743019,0.093202850644924,0.007842201108081032,0.06125618139459698
j2_reliable,12,3000,12,3,2.0,0.18733984550144783,j2_a_then_b,0.0,0.0,0.03,geometric,1.4962962052978412,0.6945376137665761,0.09543548820776054,0.008265421656958245,0.061013655154876764
j2_reliable,12,3000,12,3,2.0,0.18733984550144783,j2_a_then_b,0.0,0.0,0.03,weighted_geometric,1.4653503877700478,0.6832864881488684,0.027433784732231337,0.0006848814293112646,0.06941112262621388
j2_reliable,12,3000,12,3,2.0,0.18733984550144783,j2_a_then_b,0.0,0.0,0.03,hard_core,1.5744840472028347,0.7127098821828382,0.14916950385534594,0.02565193645737532,1.1886729085056424e-14
j2_reliable,12,3000,12,3,2.0,0.18733984550144783,j2_a_then_b,0.0,0.0,0.03,soft_core_0.1,1.497915466987814,0.6950699020800292,0.09739215299864211,0.00865368768399446,0.057091299522711296
j2_reliable,12,3000,12,3,2.0,0.18733984550144783,j2_a_then_b,0.0,0.0,0.03,soft_core_1,1.511488671628267,0.6990294922810295,0.11035404756215515,0.011832101993175725,0.03799817863633441
j2_reliable,12,3000,12,3,2.0,0.18733984550144783,j2_a_then_b,0.0,0.0,0.03,soft_core_10,1.5528374020748679,0.7084012664489537,0.1381255888843987,0.02105550321175623,0.009841971997657403
j2_reliable,12,3000,12,3,2.0,0.18733984550144783,j2_a_then_b,0.0,0.0,0.03,adaptive_soft,1.465359951941734,0.6832885107627567,0.02751379935805727,0.0006874187545463848,0.06826373785601816
j2_reliable,13,3000,12,3,2.0,0.18047151075386234,j2_a_then_b,0.0,0.0,0.1,j1,1.519058283782892,0.695023345532321,0.1778339732512682,0.02902871220762371,0.05460956791268441
j2_reliable,13,3000,12,3,2.0,0.18047151075386234,j2_a_then_b,0.0,0.0,0.1,j2,1.398314842723278,0.6520919693309037,0.02644198121981343,0.0006557953713810811,0.06425451900240424
j2_reliable,13,3000,12,3,2.0,0.18047151075386234,j2_a_then_b,0.0,0.0,0.1,selected_order,1.398314842723278,0.6520919693309037,0.02644198121981343,0.0006557953713810811,0.06425451900240424
j2_reliable,13,3000,12,3,2.0,0.18047151075386234,j2_a_then_b,0.0,0.0,0.1,independent,1.6630560730207367,0.7135429930050583,0.25133497378911335,0.06871007978210422,4.041330620123638e-17
j2_reliable,13,3000,12,3,2.0,0.18047151075386234,j2_a_then_b,0.0,0.0,0.1,arithmetic,1.4249891427654173,0.6622506604929046,0.08951567989786256,0.007480415235770118,0.0594320434575443
j2_reliable,13,3000,12,3,2.0,0.18047151075386234,j2_a_then_b,0.0,0.0,0.1,geometric,1.427438679335649,0.6627423774436246,0.09129665564455901,0.007796183582498159,0.059302530885405935
j2_reliable,13,3000,12,3,2.0,0.18047151075386234,j2_a_then_b,0.0,0.0,0.1,weighted_geometric,1.3983148427232779,0.6520919693309036,0.02644198121981343,0.0006557953713810812,0.06425451900240424
j2_reliable,13,3000,12,3,2.0,0.18047151075386234,j2_a_then_b,0.0,0.0,0.1,hard_core,1.5006159577354792,0.6775245969206618,0.13840044295929466,0.024069491627372496,9.45145527808194e-15
j2_reliable,13,3000,12,3,2.0,0.18047151075386234,j2_a_then_b,0.0,0.0,0.1,soft_core_0.1,1.4285265821377373,0.6629725141946943,0.09253673025631885,0.008057247285884321,0.055595637937345614
j2_reliable,13,3000,12,3,2.0,0.18047151075386234,j2_a_then_b,0.0,0.0,0.1,soft_core_1,1.4394169333797784,0.6655605981272293,0.10227461044040087,0.010615745283329564,0.037485684423700046
j2_reliable,13,3000,12,3,2.0,0.18047151075386234,j2_a_then_b,0.0,0.0,0.1,soft_core_10,1.4781946201718033,0.6734551641080686,0.1274047390537479,0.01930726624435021,0.010091255120272537
j2_reliable,13,3000,12,3,2.0,0.18047151075386234,j2_a_then_b,0.0,0.0,0.1,adaptive_soft,1.3986865705033855,0.6522244212714172,0.02825482236720995,0.0007488128522543752,0.06097050555898934
j2_reliable,14,3000,12,3,2.0,0.18323369752929516,j2_a_then_b,0.0,0.0,0.1,j1,1.567766471970174,0.7168431940353356,0.1811213356311705,0.029199784284678162,0.05702981102370844
j2_reliable,14,3000,12,3,2.0,0.18323369752929516,j2_a_then_b,0.0,0.0,0.1,j2,1.446286791552835,0.6735335289783634,0.027417957706779083,0.0006796636146334397,0.06796629650200814
j2_reliable,14,3000,12,3,2.0,0.18323369752929516,j2_a_then_b,0.0,0.0,0.1,selected_order,1.446286791552835,0.6735335289783634,0.027417957706779083,0.0006796636146334397,0.06796629650200814
j2_reliable,14,3000,12,3,2.0,0.18323369752929516,j2_a_then_b,0.0,0.0,0.1,independent,1.7896538484171818,0.7512473868054764,0.3052664756334858,0.0861030649171071,4.241105112444146e-17
j2_reliable,14,3000,12,3,2.0,0.18323369752929516,j2_a_then_b,0.0,0.0,0.1,arithmetic,1.4731246263747662,0.683834081098237,0.0914272893239399,0.0075245510284189755,0.062498053762858274
j2_reliable,14,3000,12,3,2.0,0.18323369752929516,j2_a_then_b,0.0,0.0,0.1,geometric,1.4758008544550159,0.6844350208767006,0.09351887074324992,0.007909445073728335,0.06265188863022365
j2_reliable,14,3000,12,3,2.0,0.18323369752929516,j2_a_then_b,0.0,0.0,0.1,weighted_geometric,1.446286791552835,0.6735335289783634,0.027417957706779083,0.0006796636146334419,0.06796629650200815
j2_reliable,14,3000,12,3,2.0,0.18323369752929516,j2_a_then_b,0.0,0.0,0.1,hard_core,1.5581456132570615,0.700386671166633,0.14613940942883014,0.026571175443023978,1.5333738969223527e-14
j2_reliable,14,3000,12,3,2.0,0.18323369752929516,j2_a_then_b,0.0,0.0,0.1,soft_core_0.1,1.4770019120024327,0.6847220175909868,0.09490017989099635,0.008198517918124986,0.05921670558904651
j2_reliable,14,3000,12,3,2.0,0.18323369752929516,j2_a_then_b,0.0,0.0,0.1,soft_core_1,1.4885975648992562,0.6873894586951741,0.10547487131174228,0.010926780831236394,0.041691244945493235
j2_reliable,14,3000,12,3,2.0,0.18323369752929516,j2_a_then_b,0.0,0.0,0.1,soft_core_10,1.5325674059164438,0.6958630486246461,0.13338761413645975,0.02093627262207442,0.011707658810235413
j2_reliable,14,3000,12,3,2.0,0.18323369752929516,j2_a_then_b,0.0,0.0,0.1,adaptive_soft,1.4466840631837303,0.6736793401873353,0.029143351451944303,0.0007783340343232232,0.06502326335065131
j2_reliable,15,3000,12,3,2.0,0.20185450834959712,j2_a_then_b,0.0,0.0,0.03,j1,1.7331617333590312,0.7783916103741582,0.19963498843428035,0.033869800002164954,0.058383455454195744
j2_reliable,15,3000,12,3,2.0,0.20185450834959712,j2_a_then_b,0.0,0.0,0.03,j2,1.5908411605823183,0.7306959455435802,0.029673392026520536,0.0007696297688237992,0.07502114233063255
j2_reliable,15,3000,12,3,2.0,0.20185450834959712,j2_a_then_b,0.0,0.0,0.03,selected_order,1.5908411605823183,0.7306959455435802,0.029673392026520536,0.0007696297688237992,0.07502114233063255
j2_reliable,15,3000,12,3,2.0,0.20185450834959712,j2_a_then_b,0.0,0.0,0.03,independent,1.8742799655775226,0.7977874100943547,0.27557950250431446,0.07400477785006812,4.411644540228749e-17
j2_reliable,15,3000,12,3,2.0,0.20185450834959712,j2_a_then_b,0.0,0.0,0.03,arithmetic,1.6217877370027194,0.7420316464784147,0.10085692852052285,0.008648975761398198,0.06670229889241414
j2_reliable,15,3000,12,3,2.0,0.20185450834959712,j2_a_then_b,0.0,0.0,0.03,geometric,1.625591881847396,0.7428363514474203,0.10385948522757821,0.009261816406321776,0.06634324264099709
j2_reliable,15,3000,12,3,2.0,0.20185450834959712,j2_a_then_b,0.0,0.0,0.03,weighted_geometric,1.5908411605823183,0.7306959455435802,0.029673392026520536,0.0007696297688238011,0.07502114233063255
j2_reliable,15,3000,12,3,2.0,0.20185450834959712,j2_a_then_b,0.0,0.0,0.03,hard_core,1.7087836994040246,0.7607655787786312,0.1622072111651416,0.027682150104382908,2.156809121672489e-14
j2_reliable,15,3000,12,3,2.0,0.20185450834959712,j2_a_then_b,0.0,0.0,0.03,soft_core_0.1,1.6272000411416807,0.7433255227422856,0.10593389608407203,0.009647273288010388,0.06205966950485922
j2_reliable,15,3000,12,3,2.0,0.20185450834959712,j2_a_then_b,0.0,0.0,0.03,soft_core_1,1.6412702731829505,0.747153030556955,0.12012379685222281,0.012936503493444216,0.04118151522423531
j2_reliable,15,3000,12,3,2.0,0.20185450834959712,j2_a_then_b,0.0,0.0,0.03,soft_core_10,1.6849641965456787,0.756507131185015,0.15017542814247606,0.022678431281179037,0.010763688468654569
j2_reliable,15,3000,12,3,2.0,0.20185450834959712,j2_a_then_b,0.0,0.0,0.03,adaptive_soft,1.590848397706948,0.730690316443703,0.029675975175310686,0.0007714478794709255,0.07371482089070602
j2_reliable,16,3000,12,3,2.0,0.18704269614498076,j2_a_then_b,0.0,0.0,0.03,j1,1.5875463243369639,0.720120448710088,0.18401430110359887,0.030318414291460347,0.05523887108695717
j2_reliable,16,3000,12,3,2.0,0.18704269614498076,j2_a_then_b,0.0,0.0,0.03,j2,1.460908228337,0.6756254060063218,0.027280782645367697,0.0006892624149709132,0.0688290831528932
j2_reliable,16,3000,12,3,2.0,0.18704269614498076,j2_a_then_b,0.0,0.0,0.03,selected_order,1.460908228337,0.6756254060063218,0.027280782645367697,0.0006892624149709132,0.0688290831528932
j2_reliable,16,3000,12,3,2.0,0.18704269614498076,j2_a_then_b,0.0,0.0,0.03,independent,1.752468273072695,0.7406226229111857,0.265991348743995,0.07327298865458831,3.9325524655745324e-17
j2_reliable,16,3000,12,3,2.0,0.18704269614498076,j2_a_then_b,0.0,0.0,0.03,arithmetic,1.488537471871559,0.6861554588453346,0.09253572391108472,0.007733867675166562,0.06203397711992518
j2_reliable,16,3000,12,3,2.0,0.18704269614498076,j2_a_then_b,0.0,0.0,0.03,geometric,1.4915109381923801,0.6867477977700969,0.09487203875438627,0.008175895335453843,0.06156824935446421
j2_reliable,16,3000,12,3,2.0,0.18704269614498076,j2_a_then_b,0.0,0.0,0.03,weighted_geometric,1.460908228337,0.6756254060063218,0.027280782645367697,0.0006892624149709135,0.0688290831528932
j2_reliable,16,3000,12,3,2.0,0.18704269614498076,j2_a_then_b,0.0,0.0,0.03,hard_core,1.5729125071941517,0.7030842105409512,0.1474506149200805,0.026387228199865907,1.8454382270253954e-14
j2_reliable,16,3000,12,3,2.0,0.18704269614498076,j2_a_then_b,0.0,0.0,0.03,soft_core_0.1,1.4930030972010635,0.6871480980791386,0.09665407585597244,0.00852874064213372,0.05777720309603646
j2_reliable,16,3000,12,3,2.0,0.18704269614498076,j2_a_then_b,0.0,0.0,0.03,soft_core_1,1.50579638541142,0.6904022878432214,0.10869647398727673,0.011500771373369774,0.039312635612080225
j2_reliable,16,3000,12,3,2.0,0.18704269614498076,j2_a_then_b,0.0,0.0,0.03,soft_core_10,1.5480149221738875,0.6988501774579718,0.13563716188096614,0.02099991822909441,0.010934980755811475
j2_reliable,16,3000,12,3,2.0,0.18704269614498076,j2_a_then_b,0.0,0.0,0.03,adaptive_soft,1.4608999625221677,0.675617538155931,0.02719844946476717,0.0006871298317793008,0.06771038006902878
j2_reliable,17,3000,12,3,2.0,0.18449099767202562,j2_a_then_b,0.0,0.0,0.03,j1,1.5879452543585693,0.7216218266189793,0.18234110973257822,0.02996915761872683,0.054070375426607246
j2_reliable,17,3000,12,3,2.0,0.18449099767202562,j2_a_then_b,0.0,0.0,0.03,j2,1.4622016737240549,0.6784970371868434,0.02745811390135849,0.0006817820733643684,0.05493635259636643
j2_reliable,17,3000,12,3,2.0,0.18449099767202562,j2_a_then_b,0.0,0.0,0.03,selected_order,1.4622016737240549,0.6784970371868434,0.02745811390135849,0.0006817820733643684,0.05493635259636643
j2_reliable,17,3000,12,3,2.0,0.18449099767202562,j2_a_then_b,0.0,0.0,0.03,independent,1.5539593830764518,0.7002555644439756,0.13655900630658885,0.02251272534729492,4.4459344715184155e-17
j2_reliable,17,3000,12,3,2.0,0.18449099767202562,j2_a_then_b,0.0,0.0,0.03,arithmetic,1.4896720866731057,0.6887513885345159,0.09203218609277403,0.007688513157356011,0.05450336401148682
j2_reliable,17,3000,12,3,2.0,0.18449099767202562,j2_a_then_b,0.0,0.0,0.03,geometric,1.4928925415153822,0.6892985296983666,0.0942249475461192,0.00816417208751376,0.05459524905351856
j2_reliable,17,3000,12,3,2.0,0.18449099767202562,j2_a_then_b,0.0,0.0,0.03,weighted_geometric,1.4622016737240549,0.6784970371868434,0.027458113901358494,0.0006817820733643711,0.054936352596366436
j2_reliable,17,3000,12,3,2.0,0.18449099767202562,j2_a_then_b,0.0,0.0,0.03,hard_core,1.5297610775859207,0.6971179108551173,0.11866735778784712,0.016493081762010402,1.854993162394561e-14
j2_reliable,17,3000,12,3,2.0,0.18449099767202562,j2_a_then_b,0.0,0.0,0.03,soft_core_0.1,1.4937679430015287,0.6892351585688149,0.0946331148663366,0.008368750358888776,0.0498858430859701
j2_reliable,17,3000,12,3,2.0,0.18449099767202562,j2_a_then_b,0.0,0.0,0.03,soft_core_1,1.5030902292327177,0.6907045864105966,0.10023161108391222,0.010516095149728738,0.028431837227849584
j2_reliable,17,3000,12,3,2.0,0.18449099767202562,j2_a_then_b,0.0,0.0,0.03,soft_core_10,1.5232652936662077,0.6954850449124522,0.11405182754470287,0.015056774238203995,0.005481693776006117
j2_reliable,17,3000,12,3,2.0,0.18449099767202562,j2_a_then_b,0.0,0.0,0.03,adaptive_soft,1.462214890346042,0.6785009719287818,0.027485766465708744,0.0006849316346513237,0.0536026904926907
j2_reliable,18,3000,12,3,2.0,0.19774916267346865,j2_a_then_b,0.0,0.0,0.03,j1,1.6740769187861957,0.7540641867730282,0.1958030477316565,0.03305524577162508,0.0614626168332366
j2_reliable,18,3000,12,3,2.0,0.19774916267346865,j2_a_then_b,0.0,0.0,0.03,j2,1.5352403747604608,0.7069613282132696,0.02893262344677897,0.0007467214538111305,0.06324154905437016
j2_reliable,18,3000,12,3,2.0,0.19774916267346865,j2_a_then_b,0.0,0.0,0.03,selected_order,1.5352403747604608,0.7069613282132696,0.02893262344677897,0.0007467214538111305,0.06324154905437016
j2_reliable,18,3000,12,3,2.0,0.19774916267346865,j2_a_then_b,0.0,0.0,0.03,independent,1.7329541189956634,0.7546464424733815,0.2196434063510823,0.05035767260546191,3.8978426365242194e-17
j2_reliable,18,3000,12,3,2.0,0.19774916267346865,j2_a_then_b,0.0,0.0,0.03,arithmetic,1.5655421681613544,0.7182154000492703,0.0989137735517183,0.008452590310199742,0.06235208294380335
j2_reliable,18,3000,12,3,2.0,0.19774916267346865,j2_a_then_b,0.0,0.0,0.03,geometric,1.5692382036899826,0.7189754006266799,0.10177585984577557,0.009048934803986688,0.06257189776429532
j2_reliable,18,3000,12,3,2.0,0.19774916267346865,j2_a_then_b,0.0,0.0,0.03,weighted_geometric,1.5352403747604608,0.7069613282132696,0.028932623446778962,0.0007467214538111328,0.06324154905437017
j2_reliable,18,3000,12,3,2.0,0.19774916267346865,j2_a_then_b,0.0,0.0,0.03,hard_core,1.6275465184665485,0.7287522014449662,0.13686707036058784,0.022045015875548264,3.32418723518531e-14
j2_reliable,18,3000,12,3,2.0,0.19774916267346865,j2_a_then_b,0.0,0.0,0.03,soft_core_0.1,1.5700135531962764,0.7188806988510476,0.10225328025018521,0.00923440458120399,0.05810922061238857
j2_reliable,18,3000,12,3,2.0,0.19774916267346865,j2_a_then_b,0.0,0.0,0.03,soft_core_1,1.579934284845465,0.7200657574538702,0.10882719547203283,0.011537466527618554,0.03679732259514032
j2_reliable,18,3000,12,3,2.0,0.19774916267346865,j2_a_then_b,0.0,0.0,0.03,soft_core_10,1.6124270261163245,0.7259423755327552,0.12880718548201134,0.018797412769941523,0.008577016845344438
j2_reliable,18,3000,12,3,2.0,0.19774916267346865,j2_a_then_b,0.0,0.0,0.03,adaptive_soft,1.5352660845232002,0.7069673433328831,0.0290713034108072,0.0007531422130059147,0.06212242915772041
j2_reliable,19,3000,12,3,2.0,0.18202144820934146,j2_a_then_b,0.0,0.0,0.03,j1,1.5563180004513602,0.7096031170138489,0.18047194275236017,0.029778303442201164,0.05076830538323543
j2_reliable,19,3000,12,3,2.0,0.18202144820934146,j2_a_then_b,0.0,0.0,0.03,j2,1.4321665326786104,0.6660014165978929,0.026867122182484677,0.0006692451458803462,0.06508855876987471
j2_reliable,19,3000,12,3,2.0,0.18202144820934146,j2_a_then_b,0.0,0.0,0.03,selected_order,1.4321665326786104,0.6660014165978929,0.026867122182484677,0.0006692451458803462,0.06508855876987471
j2_reliable,19,3000,12,3,2.0,0.18202144820934146,j2_a_then_b,0.0,0.0,0.03,independent,1.6059718603782371,0.7159477574596044,0.20909730169583005,0.04348295981018271,3.860950097683604e-17
j2_reliable,19,3000,12,3,2.0,0.18202144820934146,j2_a_then_b,0.0,0.0,0.03,arithmetic,1.4597909001915053,0.6764872629232216,0.09147963408694626,0.0077238314404830975,0.057928432076555056
j2_reliable,19,3000,12,3,2.0,0.18202144820934146,j2_a_then_b,0.0,0.0,0.03,geometric,1.4625242075836868,0.6769817756528553,0.09346007661493089,0.008101407345868988,0.057347965924614705
j2_reliable,19,3000,12,3,2.0,0.18202144820934146,j2_a_then_b,0.0,0.0,0.03,weighted_geometric,1.4321665326786104,0.6660014165978929,0.026867122182484677,0.0006692451458803479,0.06508855876987471
j2_reliable,19,3000,12,3,2.0,0.18202144820934146,j2_a_then_b,0.0,0.0,0.03,hard_core,1.5208287952756496,0.6922310675534239,0.13807999319603312,0.021189008585048977,1.5431563330591732e-14
j2_reliable,19,3000,12,3,2.0,0.18202144820934146,j2_a_then_b,0.0,0.0,0.03,soft_core_0.1,1.4639705140269883,0.6774312324189001,0.09529774813020911,0.008443683153179999,0.05321123863379197
j2_reliable,19,3000,12,3,2.0,0.18202144820934146,j2_a_then_b,0.0,0.0,0.03,soft_core_1,1.476339382512997,0.6810106927473148,0.107566996241413,0.011318038187881357,0.03337021989191664
j2_reliable,19,3000,12,3,2.0,0.18202144820934146,j2_a_then_b,0.0,0.0,0.03,soft_core_10,1.507885702201405,0.6891014049289047,0.13045960341221408,0.018382847841171,0.007528150372120529
j2_reliable,19,3000,12,3,2.0,0.18202144820934146,j2_a_then_b,0.0,0.0,0.03,adaptive_soft,1.432193367643433,0.666009438383052,0.02701249249545548,0.0006759541904932427,0.06382295916342746
j2_reliable,20,3000,12,3,2.0,0.18565494092286944,j2_a_then_b,0.0,0.0,0.1,j1,1.5966823925306797,0.7353422600313557,0.18413440896443367,0.02962059957484236,0.05848869710726816
j2_reliable,20,3000,12,3,2.0,0.18565494092286944,j2_a_then_b,0.0,0.0,0.1,j2,1.4729708536319068,0.6916645985598934,0.028305703368341262,0.0006998908373045521,0.05334007952486534
j2_reliable,20,3000,12,3,2.0,0.18565494092286944,j2_a_then_b,0.0,0.0,0.1,selected_order,1.4729708536319068,0.6916645985598934,0.028305703368341262,0.0006998908373045521,0.05334007952486534
j2_reliable,20,3000,12,3,2.0,0.18565494092286944,j2_a_then_b,0.0,0.0,0.1,independent,1.5926001632898394,0.7200601577410458,0.15837522093798195,0.029719018518580102,4.36452821136496e-17
j2_reliable,20,3000,12,3,2.0,0.18565494092286944,j2_a_then_b,0.0,0.0,0.1,arithmetic,1.50011527955634,0.702092373727212,0.09329837303897848,0.0076020448798932985,0.05591438831606673
j2_reliable,20,3000,12,3,2.0,0.18565494092286944,j2_a_then_b,0.0,0.0,0.1,geometric,1.5031878828454215,0.7028512641589766,0.09587049289823689,0.008088136340591485,0.05632261232461254
j2_reliable,20,3000,12,3,2.0,0.18565494092286944,j2_a_then_b,0.0,0.0,0.1,weighted_geometric,1.4729708536319068,0.6916645985598934,0.028305703368341262,0.0006998908373045509,0.053340079524865344
j2_reliable,20,3000,12,3,2.0,0.18565494092286944,j2_a_then_b,0.0,0.0,0.1,hard_core,1.5406513873693781,0.7101147766184996,0.11770210780507236,0.0166316923144171,9.122756602812607e-15
j2_reliable,20,3000,12,3,2.0,0.18565494092286944,j2_a_then_b,0.0,0.0,0.1,soft_core_0.1,1.5035953012458587,0.7026265571414096,0.09583020283886581,0.008187803795265947,0.05182380199701151
j2_reliable,20,3000,12,3,2.0,0.18565494092286944,j2_a_then_b,0.0,0.0,0.1,soft_core_1,1.511028937735375,0.7034177098310571,0.09930234721498232,0.009932685872998412,0.030818594014584314
j2_reliable,20,3000,12,3,2.0,0.18565494092286944,j2_a_then_b,0.0,0.0,0.1,soft_core_10,1.532493357031338,0.7082008751987972,0.1123465599936601,0.014819166121623375,0.006366394678257895
j2_reliable,20,3000,12,3,2.0,0.18565494092286944,j2_a_then_b,0.0,0.0,0.1,adaptive_soft,1.473320825545273,0.6917753724919653,0.02983034892202573,0.0007873811855714982,0.0498236916143519
j2_reliable,21,3000,12,3,2.0,0.19020039330595828,j2_a_then_b,0.0,0.0,0.03,j1,1.652261688289189,0.7487832721135456,0.1885291927122074,0.030884938166249903,0.05592599520514685
j2_reliable,21,3000,12,3,2.0,0.19020039330595828,j2_a_then_b,0.0,0.0,0.03,j2,1.5233093451992787,0.7048115474790183,0.028828575011717556,0.0007293599444797371,0.06346365107703952
j2_reliable,21,3000,12,3,2.0,0.19020039330595828,j2_a_then_b,0.0,0.0,0.03,selected_order,1.5233093451992787,0.7048115474790183,0.028828575011717556,0.0007293599444797371,0.06346365107703952
j2_reliable,21,3000,12,3,2.0,0.19020039330595828,j2_a_then_b,0.0,0.0,0.03,independent,1.7190281823393174,0.7484062089009712,0.21328855316550233,0.04915641961933002,4.52809902027138e-17
j2_reliable,21,3000,12,3,2.0,0.19020039330595828,j2_a_then_b,0.0,0.0,0.03,arithmetic,1.5516249635245805,0.7153084832507391,0.09552141252609467,0.007939599745511509,0.059694823141093166
j2_reliable,21,3000,12,3,2.0,0.19020039330595828,j2_a_then_b,0.0,0.0,0.03,geometric,1.5547448211665509,0.7159496614499082,0.09798572620036478,0.008422035875859447,0.05982770691615436
j2_reliable,21,3000,12,3,2.0,0.19020039330595828,j2_a_then_b,0.0,0.0,0.03,weighted_geometric,1.5233093451992787,0.7048115474790183,0.028828575011717556,0.0007293599444797388,0.06346365107703954
j2_reliable,21,3000,12,3,2.0,0.19020039330595828,j2_a_then_b,0.0,0.0,0.03,hard_core,1.6110163427642255,0.7283265397620714,0.1380571118519766,0.021223180358344362,8.622911296731835e-15
j2_reliable,21,3000,12,3,2.0,0.19020039330595828,j2_a_then_b,0.0,0.0,0.03,soft_core_0.1,1.555864554736462,0.7161403529226188,0.09917001443124432,0.008692148989359567,0.055473532427125875
j2_reliable,21,3000,12,3,2.0,0.19020039330595828,j2_a_then_b,0.0,0.0,0.03,soft_core_1,1.5667595102349734,0.71861455688823,0.10864949605624649,0.011252419678358683,0.03486073827035482
j2_reliable,21,3000,12,3,2.0,0.19020039330595828,j2_a_then_b,0.0,0.0,0.03,soft_core_10,1.5972955191512872,0.725469568708305,0.12998783872288072,0.01819817938348791,0.008099907775499793
j2_reliable,21,3000,12,3,2.0,0.19020039330595828,j2_a_then_b,0.0,0.0,0.03,adaptive_soft,1.523323766511945,0.7048142834139937,0.028896502338214836,0.000733072301266518,0.062246546590924934
j2_reliable,22,3000,12,3,2.0,0.1781120749261225,j2_a_then_b,0.0,0.0,0.03,j1,1.488493052587164,0.6897603921768026,0.17572058005297772,0.0280208687163766,0.05363186365563757
j2_reliable,22,3000,12,3,2.0,0.1781120749261225,j2_a_then_b,0.0,0.0,0.03,j2,1.3719698216133762,0.6466770929070825,0.026305542390963024,0.0006459587704306213,0.06502121081014467
j2_reliable,22,3000,12,3,2.0,0.1781120749261225,j2_a_then_b,0.0,0.0,0.03,selected_order,1.3719698216133762,0.6466770929070825,0.026305542390963024,0.0006459587704306213,0.06502121081014467
j2_reliable,22,3000,12,3,2.0,0.1781120749261225,j2_a_then_b,0.0,0.0,0.03,independent,1.6432034510134013,0.7124522122568773,0.25307240599287534,0.0704268364874192,4.2359104264323555e-17
j2_reliable,22,3000,12,3,2.0,0.1781120749261225,j2_a_then_b,0.0,0.0,0.03,arithmetic,1.3976695188334505,0.6569516613257108,0.0885166943674438,0.007205122178565397,0.059326537232891094
j2_reliable,22,3000,12,3,2.0,0.1781120749261225,j2_a_then_b,0.0,0.0,0.03,geometric,1.4001843865117733,0.6575323136328876,0.09038141869937287,0.00755593137967273,0.059272908239883765
j2_reliable,22,3000,12,3,2.0,0.1781120749261225,j2_a_then_b,0.0,0.0,0.03,weighted_geometric,1.3719698216133762,0.6466770929070825,0.026305542390963024,0.0006459587704306246,0.0650212108101447
j2_reliable,22,3000,12,3,2.0,0.1781120749261225,j2_a_then_b,0.0,0.0,0.03,hard_core,1.4781768304057936,0.6739265299140441,0.13916418139544404,0.024910987540602853,9.960661289434885e-15
j2_reliable,22,3000,12,3,2.0,0.1781120749261225,j2_a_then_b,0.0,0.0,0.03,soft_core_0.1,1.4013410780044717,0.6578416688872509,0.091682902175639,0.007832958558928009,0.05571591889974718
j2_reliable,22,3000,12,3,2.0,0.1781120749261225,j2_a_then_b,0.0,0.0,0.03,soft_core_1,1.412361728517023,0.6607995282642597,0.10158421510492331,0.010418896886834006,0.0382213821928006
j2_reliable,22,3000,12,3,2.0,0.1781120749261225,j2_a_then_b,0.0,0.0,0.03,soft_core_10,1.4527637817759909,0.6693660669342282,0.12722714794104806,0.019508775508778085,0.010800090882641467
j2_reliable,22,3000,12,3,2.0,0.1781120749261225,j2_a_then_b,0.0,0.0,0.03,adaptive_soft,1.3719665740399076,0.6466708275393258,0.026236439247385255,0.0006451527548761569,0.06396199889220358
j2_reliable,23,3000,12,3,2.0,0.18739503035341543,j2_a_then_b,0.0,0.0,0.03,j1,1.6195632744657111,0.7355803741348673,0.18553708449632714,0.030396888392470463,0.05528211667588867
j2_reliable,23,3000,12,3,2.0,0.18739503035341543,j2_a_then_b,0.0,0.0,0.03,j2,1.49222833830561,0.6913839177304035,0.028092265713907806,0.0007084333080289874,0.07041355374494115
j2_reliable,23,3000,12,3,2.0,0.18739503035341543,j2_a_then_b,0.0,0.0,0.03,selected_order,1.49222833830561,0.6913839177304035,0.028092265713907806,0.0007084333080289874,0.07041355374494115
j2_reliable,23,3000,12,3,2.0,0.18739503035341543,j2_a_then_b,0.0,0.0,0.03,independent,1.8017152539643881,0.7629983200172232,0.28442642659315065,0.07809704148819964,4.244749685810814e-17
j2_reliable,23,3000,12,3,2.0,0.18739503035341543,j2_a_then_b,0.0,0.0,0.03,arithmetic,1.5200851429322906,0.7019695646817,0.09395492431051725,0.007790648113340452,0.06284783521041488
j2_reliable,23,3000,12,3,2.0,0.18739503035341543,j2_a_then_b,0.0,0.0,0.03,geometric,1.5234531090784158,0.7027577553947876,0.09673273935282213,0.008337975136070664,0.06258858543478608
j2_reliable,23,3000,12,3,2.0,0.18739503035341543,j2_a_then_b,0.0,0.0,0.03,weighted_geometric,1.49222833830561,0.6913839177304035,0.028092265713907806,0.0007084333080289886,0.07041355374494115
j2_reliable,23,3000,12,3,2.0,0.18739503035341543,j2_a_then_b,0.0,0.0,0.03,hard_core,1.60583189744527,0.7200063576395056,0.15145472514067337,0.02694361998535023,1.9914781484766292e-14
j2_reliable,23,3000,12,3,2.0,0.18739503035341543,j2_a_then_b,0.0,0.0,0.03,soft_core_0.1,1.5249574347211665,0.7032225568849835,0.0986005281730371,0.008697212750023874,0.0588604277857795
j2_reliable,23,3000,12,3,2.0,0.18739503035341543,j2_a_then_b,0.0,0.0,0.03,soft_core_1,1.5379189230739987,0.7067365131875908,0.11121144883958636,0.011728870415662779,0.04037663125175038
j2_reliable,23,3000,12,3,2.0,0.18739503035341543,j2_a_then_b,0.0,0.0,0.03,soft_core_10,1.5811225927453392,0.7156154872886008,0.13940873639025772,0.021523553806110696,0.01118364976754186
j2_reliable,23,3000,12,3,2.0,0.18739503035341543,j2_a_then_b,0.0,0.0,0.03,adaptive_soft,1.4922383317389296,0.6913837003429056,0.028174014563193756,0.0007108402627311742,0.06931418033366525
j2_reliable,24,3000,12,3,2.0,0.17973871566948862,j2_a_then_b,0.0,0.0,0.1,j1,1.5466863435302283,0.7090662805519482,0.1780214778996751,0.02881072515645062,0.05232512243786126
j2_reliable,24,3000,12,3,2.0,0.17973871566948862,j2_a_then_b,0.0,0.0,0.1,j2,1.4266673075940464,0.6669054256984934,0.02748136072146981,0.0006887156347223214,0.06735097984790953
j2_reliable,24,3000,12,3,2.0,0.17973871566948862,j2_a_then_b,0.0,0.0,0.1,selected_order,1.4266673075940464,0.6669054256984934,0.02748136072146981,0.0006887156347223214,0.06735097984790953
j2_reliable,24,3000,12,3,2.0,0.17973871566948862,j2_a_then_b,0.0,0.0,0.1,independent,1.7127371536419163,0.7358952997249231,0.273049871720871,0.07253652677653055,4.110405065240872e-17
j2_reliable,24,3000,12,3,2.0,0.17973871566948862,j2_a_then_b,0.0,0.0,0.1,arithmetic,1.453184083573355,0.6769956261637914,0.09018596271570277,0.007450616870002525,0.05983805114288538
j2_reliable,24,3000,12,3,2.0,0.17973871566948862,j2_a_then_b,0.0,0.0,0.1,geometric,1.455957177902513,0.6776095023858109,0.09230054171958035,0.007854057510525304,0.059828303702238815
j2_reliable,24,3000,12,3,2.0,0.17973871566948862,j2_a_then_b,0.0,0.0,0.1,weighted_geometric,1.4266673075940461,0.6669054256984933,0.027481360721469807,0.0006887156347223221,0.06735097984790954
j2_reliable,24,3000,12,3,2.0,0.17973871566948862,j2_a_then_b,0.0,0.0,0.1,hard_core,1.5313427089135343,0.6947179776224233,0.1443891272882049,0.024866029036331783,1.082871565831095e-14
j2_reliable,24,3000,12,3,2.0,0.17973871566948862,j2_a_then_b,0.0,0.0,0.1,soft_core_0.1,1.457376764395169,0.6780540456413761,0.09409555747057928,0.008195158895502434,0.05626214092183457
j2_reliable,24,3000,12,3,2.0,0.17973871566948862,j2_a_then_b,0.0,0.0,0.1,soft_core_1,1.4697853005078554,0.6814919483977586,0.10629722709942027,0.011113045248714643,0.03834868757818602
j2_reliable,24,3000,12,3,2.0,0.17973871566948862,j2_a_then_b,0.0,0.0,0.1,soft_core_10,1.5099317972102524,0.690474981864198,0.1333315396632394,0.02021114143319626,0.010161645856505478
j2_reliable,24,3000,12,3,2.0,0.17973871566948862,j2_a_then_b,0.0,0.0,0.1,adaptive_soft,1.427075957113446,0.66706074828196,0.029409012300808425,0.0007909903032116303,0.06401207674013965
j2_reliable,25,3000,12,3,2.0,0.18996980205460579,j2_a_then_b,0.25,0.25,0.03,j1,1.619683722445853,0.7421916614560402,0.18784186961864574,0.030763141683167683,0.05592473331359903
j2_reliable,25,3000,12,3,2.0,0.18996980205460579,j2_a_then_b,0.25,0.25,0.03,j2,1.4903490348447406,0.6967447458315641,0.028071869564197254,0.000702615390775766,0.06559412299447646
j2_reliable,25,3000,12,3,2.0,0.18996980205460579,j2_a_then_b,0.25,0.25,0.03,selected_order,1.4903490348447406,0.6967447458315641,0.028071869564197254,0.000702615390775766,0.06559412299447646
j2_reliable,25,3000,12,3,2.0,0.18996980205460579,j2_a_then_b,0.25,0.25,0.03,independent,1.705395658152962,0.7504894100757852,0.23206432962061607,0.05486348905238824,4.5048143245440277e-17
j2_reliable,25,3000,12,3,2.0,0.18996980205460579,j2_a_then_b,0.25,0.25,0.03,arithmetic,1.518403302488662,0.7075769269955803,0.09494319621259795,0.007821406159529844,0.06075942815403774
j2_reliable,25,3000,12,3,2.0,0.18996980205460579,j2_a_then_b,0.25,0.25,0.03,geometric,1.5220405251317668,0.708454007646072,0.09789799904901897,0.008433048554122306,0.06043777493868136
j2_reliable,25,3000,12,3,2.0,0.18996980205460579,j2_a_then_b,0.25,0.25,0.03,weighted_geometric,1.4976385720400198,0.6994962265244685,0.05323383161167748,0.0025063010987338586,0.06298877690295153
j2_reliable,25,3000,12,3,2.0,0.18996980205460579,j2_a_then_b,0.25,0.25,0.03,hard_core,1.5846807916516779,0.7227540488673025,0.1403525428221895,0.022371867092383264,3.4813386459699366e-14
j2_reliable,25,3000,12,3,2.0,0.18996980205460579,j2_a_then_b,0.25,0.25,0.03,soft_core_0.1,1.523189161045602,0.7087177951233233,0.09918196660014296,0.008704873820809568,0.05625643736663657
j2_reliable,25,3000,12,3,2.0,0.18996980205460579,j2_a_then_b,0.25,0.25,0.03,soft_core_1,1.5345721252375422,0.7115283485672682,0.10881503854031842,0.011337617872654438,0.036094884262480316
j2_reliable,25,3000,12,3,2.0,0.18996980205460579,j2_a_then_b,0.25,0.25,0.03,soft_core_10,1.568754504232806,0.7193453903942669,0.1315496602621255,0.018950108242273896,0.008598695370448571
j2_reliable,25,3000,12,3,2.0,0.18996980205460579,j2_a_then_b,0.25,0.25,0.03,adaptive_soft,1.4982512313468273,0.6997275408895074,0.05483563805742665,0.0026574985727594253,0.06157672453011216
j2_reliable,26,3000,12,3,2.0,0.18500681714580605,j2_a_then_b,0.0,0.0,0.03,j1,1.5925665761131904,0.7284641688115917,0.18354394314413447,0.029817395506353105,0.05727723921065217
j2_reliable,26,3000,12,3,2.0,0.18500681714580605,j2_a_then_b,0.0,0.0,0.03,j2,1.468222738632952,0.6848432303781309,0.027570214115364363,0.0006783349487288971,0.05975276092238783
j2_reliable,26,3000,12,3,2.0,0.18500681714580605,j2_a_then_b,0.0,0.0,0.03,selected_order,1.468222738632952,0.6848432303781309,0.027570214115364363,0.0006783349487288971,0.05975276092238783
j2_reliable,26,3000,12,3,2.0,0.18500681714580605,j2_a_then_b,0.0,0.0,0.03,independent,1.6762949538583911,0.7324140603303986,0.21810464214946684,0.05221871834795121,3.807549074930546e-17
j2_reliable,26,3000,12,3,2.0,0.18500681714580605,j2_a_then_b,0.0,0.0,0.03,arithmetic,1.4957523002523632,0.6953137279820868,0.09304409269494938,0.007691525322720828,0.058515000066519975
j2_reliable,26,3000,12,3,2.0,0.18500681714580605,j2_a_then_b,0.0,0.0,0.03,geometric,1.4985993885190023,0.6959851434230907,0.0952896844102612,0.008115631582819164,0.05881937239987068
j2_reliable,26,3000,12,3,2.0,0.18500681714580605,j2_a_then_b,0.0,0.0,0.03,weighted_geometric,1.468222738632952,0.6848432303781309,0.027570214115364363,0.0006783349487288982,0.05975276092238783
j2_reliable,26,3000,12,3,2.0,0.18500681714580605,j2_a_then_b,0.0,0.0,0.03,hard_core,1.5563125719034583,0.707250294761201,0.12958701091528543,0.021120578317658175,1.1658872543611477e-14
j2_reliable,26,3000,12,3,2.0,0.18500681714580605,j2_a_then_b,0.0,0.0,0.03,soft_core_0.1,1.4994674629976439,0.6960214747542823,0.09584301017422768,0.008324135105566446,0.05476146775299011
j2_reliable,26,3000,12,3,2.0,0.18500681714580605,j2_a_then_b,0.0,0.0,0.03,soft_core_1,1.509340349772333,0.6977692645628105,0.10218596595851206,0.010630416070535801,0.035228618618290145
j2_reliable,26,3000,12,3,2.0,0.18500681714580605,j2_a_then_b,0.0,0.0,0.03,soft_core_10,1.5411069912493953,0.7042314305812086,0.12134752258426089,0.017798958611014028,0.008482757108125991
j2_reliable,26,3000,12,3,2.0,0.18500681714580605,j2_a_then_b,0.0,0.0,0.03,adaptive_soft,1.4682264631321609,0.6848442754518965,0.027573717874759363,0.0006793056801432948,0.058754993553878636
j2_reliable,27,3000,12,3,2.0,0.18654365137855677,j2_a_then_b,0.25,0.25,0.03,j1,1.5904332745528125,0.7298176261848011,0.18475967825838832,0.030189788380635782,0.058361769552779226
j2_reliable,27,3000,12,3,2.0,0.18654365137855677,j2_a_then_b,0.25,0.25,0.03,j2,1.463925291723634,0.6852185668182352,0.027406114927489192,0.0006689522622701084,0.06250007287009657
j2_reliable,27,3000,12,3,2.0,0.18654365137855677,j2_a_then_b,0.25,0.25,0.03,selected_order,1.463925291723634,0.6852185668182352,0.027406114927489192,0.0006689522622701084,0.06250007287009657
j2_reliable,27,3000,12,3,2.0,0.18654365137855677,j2_a_then_b,0.25,0.25,0.03,independent,1.6946143132419138,0.7388956597917474,0.23453341937193323,0.059541581068398346,4.049007599714828e-17
j2_reliable,27,3000,12,3,2.0,0.18654365137855677,j2_a_then_b,0.25,0.25,0.03,arithmetic,1.4916893949823735,0.6958699944546842,0.09355722816870433,0.00773240138103188,0.06043092121143789
j2_reliable,27,3000,12,3,2.0,0.18654365137855677,j2_a_then_b,0.25,0.25,0.03,geometric,1.4948977937788184,0.6965397936663538,0.09594092561098945,0.008237170523947353,0.06051958746872476
j2_reliable,27,3000,12,3,2.0,0.18654365137855677,j2_a_then_b,0.25,0.25,0.03,weighted_geometric,1.4710875621839328,0.6878611896481193,0.05235988996453174,0.0024427419326699742,0.061560982194640804
j2_reliable,27,3000,12,3,2.0,0.18654365137855677,j2_a_then_b,0.25,0.25,0.03,hard_core,1.5588356871066915,0.7089082783366729,0.13490870906623997,0.022429877418471956,1.2495602851439633e-14
j2_reliable,27,3000,12,3,2.0,0.18654365137855677,j2_a_then_b,0.25,0.25,0.03,soft_core_0.1,1.4957410292861646,0.696614624940602,0.09661603875282312,0.008439504974822383,0.05647585835306248
j2_reliable,27,3000,12,3,2.0,0.18654365137855677,j2_a_then_b,0.25,0.25,0.03,soft_core_1,1.505673284307893,0.698593989064985,0.10370736486937414,0.01075535504068433,0.03686990077197975
j2_reliable,27,3000,12,3,2.0,0.18654365137855677,j2_a_then_b,0.25,0.25,0.03,soft_core_10,1.5403057891248746,0.7055699694088011,0.12537607801004982,0.018488068886159035,0.009295342555788184
j2_reliable,27,3000,12,3,2.0,0.18654365137855677,j2_a_then_b,0.25,0.25,0.03,adaptive_soft,1.471645984329001,0.6880513099838255,0.05372715511692708,0.0025809233954585853,0.060234320237279086
j2_reliable,28,3000,12,3,2.0,0.18176582914658296,j2_a_then_b,0.0,0.0,0.03,j1,1.5614436229335742,0.7188933080336873,0.17937844228835556,0.028773106532747905,0.057211384940198236
j2_reliable,28,3000,12,3,2.0,0.18176582914658296,j2_a_then_b,0.0,0.0,0.03,j2,1.4414804585064025,0.6768577308047855,0.02740846001379009,0.0006722788903625112,0.046926177951213746
j2_reliable,28,3000,12,3,2.0,0.18176582914658296,j2_a_then_b,0.0,0.0,0.03,selected_order,1.4414804585064025,0.6768577308047855,0.02740846001379009,0.0006722788903625112,0.046926177951213746
j2_reliable,28,3000,12,3,2.0,0.18176582914658296,j2_a_then_b,0.0,0.0,0.03,independent,1.4893391744463653,0.6898741517916025,0.09920299534858767,0.012208808405777836,4.701928905181836e-17
j2_reliable,28,3000,12,3,2.0,0.18176582914658296,j2_a_then_b,0.0,0.0,0.03,arithmetic,1.4678280856225394,0.6868132784098286,0.09063708289724119,0.00739413344657684,0.052068781445705974
j2_reliable,28,3000,12,3,2.0,0.18176582914658296,j2_a_then_b,0.0,0.0,0.03,geometric,1.470558341798967,0.6874330846385726,0.09266647743236779,0.007784810269594566,0.05288117632094782
j2_reliable,28,3000,12,3,2.0,0.18176582914658296,j2_a_then_b,0.0,0.0,0.03,weighted_geometric,1.4414804585064025,0.6768577308047855,0.02740846001379009,0.0006722788903625121,0.04692617795121375
j2_reliable,28,3000,12,3,2.0,0.18176582914658296,j2_a_then_b,0.0,0.0,0.03,hard_core,1.496077384388297,0.6910539247245613,0.10426071534067681,0.013675197566016976,1.0250286839690778e-14
j2_reliable,28,3000,12,3,2.0,0.18176582914658296,j2_a_then_b,0.0,0.0,0.03,soft_core_0.1,1.47075206012038,0.6870129161682449,0.09194442428042486,0.007834369996624672,0.04812027164498391
j2_reliable,28,3000,12,3,2.0,0.18176582914658296,j2_a_then_b,0.0,0.0,0.03,soft_core_1,1.4767814718128773,0.6869463169107484,0.09238773616150762,0.009255649538986749,0.02659928541600326
j2_reliable,28,3000,12,3,2.0,0.18176582914658296,j2_a_then_b,0.0,0.0,0.03,soft_core_10,1.4915483033002865,0.6899525390735808,0.10078940510013526,0.012650164555644714,0.004865834208973597
j2_reliable,28,3000,12,3,2.0,0.18176582914658296,j2_a_then_b,0.0,0.0,0.03,adaptive_soft,1.441493182124238,0.6768600195177538,0.02748622208507938,0.000675407755916741,0.04560535656475124
j2_reliable,29,3000,12,3,2.0,0.18979347546027112,j2_a_then_b,0.0,0.0,0.03,j1,1.6276512637441622,0.7374777659419003,0.18746989302840938,0.030872816141779596,0.05695050430248092
j2_reliable,29,3000,12,3,2.0,0.18979347546027112,j2_a_then_b,0.0,0.0,0.03,j2,1.4982612975703964,0.6931557073080091,0.02817201264942732,0.0007148984513062007,0.07001660657046085
j2_reliable,29,3000,12,3,2.0,0.18979347546027112,j2_a_then_b,0.0,0.0,0.03,selected_order,1.4982612975703964,0.6931557073080091,0.02817201264942732,0.0007148984513062007,0.07001660657046085
j2_reliable,29,3000,12,3,2.0,0.18979347546027112,j2_a_then_b,0.0,0.0,0.03,independent,1.8145145953475235,0.7641917204431043,0.2850212763696679,0.08047727274242289,4.193728486826362e-17
j2_reliable,29,3000,12,3,2.0,0.18979347546027112,j2_a_then_b,0.0,0.0,0.03,arithmetic,1.5264368230178595,0.7037357752546878,0.09481066575388303,0.007888744363370863,0.06348355543647087
j2_reliable,29,3000,12,3,2.0,0.18979347546027112,j2_a_then_b,0.0,0.0,0.03,geometric,1.5298287041998928,0.7045188087028897,0.09754452848187449,0.008425427425243373,0.0634931275719602
j2_reliable,29,3000,12,3,2.0,0.18979347546027112,j2_a_then_b,0.0,0.0,0.03,weighted_geometric,1.4982612975703964,0.693155707308009,0.02817201264942732,0.0007148984513062013,0.07001660657046085
j2_reliable,29,3000,12,3,2.0,0.18979347546027112,j2_a_then_b,0.0,0.0,0.03,hard_core,1.6152512039176248,0.7211644319874497,0.15212610430741302,0.02770723338786201,1.861033764747754e-14
j2_reliable,29,3000,12,3,2.0,0.18979347546027112,j2_a_then_b,0.0,0.0,0.03,soft_core_0.1,1.5312561988457463,0.7048939105181952,0.09928220310216508,0.008768973011114045,0.0597258007151296
j2_reliable,29,3000,12,3,2.0,0.18979347546027112,j2_a_then_b,0.0,0.0,0.03,soft_core_1,1.543903667836534,0.707962001660318,0.11112325977295091,0.011741434081344537,0.04115045779987285
j2_reliable,29,3000,12,3,2.0,0.18979347546027112,j2_a_then_b,0.0,0.0,0.03,soft_core_10,1.5885044989875177,0.7165451983836966,0.1393631006950801,0.021865931680696223,0.011581613547967929
j2_reliable,29,3000,12,3,2.0,0.18979347546027112,j2_a_then_b,0.0,0.0,0.03,adaptive_soft,1.4982656440864177,0.6931565168385563,0.028182582587597094,0.0007160497583626021,0.06896167773115786
j2_reliable,30,3000,12,3,2.0,0.18779832974480237,j2_a_then_b,0.0,0.0,0.03,j1,1.6152413644799013,0.7374496372342381,0.18624848763630886,0.030529317422248608,0.05607740028548742
j2_reliable,30,3000,12,3,2.0,0.18779832974480237,j2_a_then_b,0.0,0.0,0.03,j2,1.4874710925151453,0.6923492735597367,0.027787072612346617,0.0006934474601731129,0.06101877499151629
j2_reliable,30,3000,12,3,2.0,0.18779832974480237,j2_a_then_b,0.0,0.0,0.03,selected_order,1.4874710925151453,0.6923492735597367,0.027787072612346617,0.0006934474601731129,0.06101877499151629
j2_reliable,30,3000,12,3,2.0,0.18779832974480237,j2_a_then_b,0.0,0.0,0.03,independent,1.6663111825588792,0.7361353709355752,0.20675187532843625,0.04511195626995275,4.5017793113792436e-17
j2_reliable,30,3000,12,3,2.0,0.18779832974480237,j2_a_then_b,0.0,0.0,0.03,arithmetic,1.5155904002221634,0.7032104420919076,0.09432192879164922,0.007850764794583243,0.05854808763850183
j2_reliable,30,3000,12,3,2.0,0.18779832974480237,j2_a_then_b,0.0,0.0,0.03,geometric,1.5188022536886447,0.703992030543957,0.0968779447822129,0.008353956682541176,0.05864862068813277
j2_reliable,30,3000,12,3,2.0,0.18779832974480237,j2_a_then_b,0.0,0.0,0.03,weighted_geometric,1.4874710925151453,0.6923492735597367,0.027787072612346617,0.0006934474601731141,0.061018774991516304
j2_reliable,30,3000,12,3,2.0,0.18779832974480237,j2_a_then_b,0.0,0.0,0.03,hard_core,1.5712139565162797,0.7156368268302771,0.13161884248224157,0.02016582978297531,1.7540244559451177e-14
j2_reliable,30,3000,12,3,2.0,0.18779832974480237,j2_a_then_b,0.0,0.0,0.03,soft_core_0.1,1.5197157571730244,0.7040753798910223,0.09761373351691545,0.008571135258086858,0.05435139884276941
j2_reliable,30,3000,12,3,2.0,0.18779832974480237,j2_a_then_b,0.0,0.0,0.03,soft_core_1,1.5297918131787762,0.706157154085319,0.10526958506562577,0.010917093390302406,0.033892342113379575
j2_reliable,30,3000,12,3,2.0,0.18779832974480237,j2_a_then_b,0.0,0.0,0.03,soft_core_10,1.55885203392243,0.7128540612084684,0.12441370645050877,0.017464528898078303,0.00761832899500258
j2_reliable,30,3000,12,3,2.0,0.18779832974480237,j2_a_then_b,0.0,0.0,0.03,adaptive_soft,1.4874864897236288,0.6923534061078855,0.027899581817180805,0.000697289075318168,0.05987515347682787
j2_reliable,31,3000,12,3,2.0,0.18080874272255543,j2_a_then_b,0.0,0.0,0.03,j1,1.5365364179301462,0.7087404813903997,0.17924187057149216,0.029112872226093864,0.05404619364162327
j2_reliable,31,3000,12,3,2.0,0.18080874272255543,j2_a_then_b,0.0,0.0,0.03,j2,1.4138738007365483,0.6650041351367294,0.026431257545335894,0.0006465065769861603,0.07111192180384902
j2_reliable,31,3000,12,3,2.0,0.18080874272255543,j2_a_then_b,0.0,0.0,0.03,selected_order,1.4138738007365483,0.6650041351367294,0.026431257545335894,0.0006465065769861603,0.07111192180384902
j2_reliable,31,3000,12,3,2.0,0.18080874272255543,j2_a_then_b,0.0,0.0,0.03,independent,1.7695453723661352,0.7447612619798426,0.3067713887906067,0.08787840818797875,4.140113635311508e-17
j2_reliable,31,3000,12,3,2.0,0.18080874272255543,j2_a_then_b,0.0,0.0,0.03,arithmetic,1.4405311822073632,0.6754575736603196,0.0906713402421022,0.007419382809226999,0.06257905772273613
j2_reliable,31,3000,12,3,2.0,0.18080874272255543,j2_a_then_b,0.0,0.0,0.03,geometric,1.4440863439835137,0.6764026940459714,0.09353181852503022,0.008008551728427724,0.06241847924225721
j2_reliable,31,3000,12,3,2.0,0.18080874272255543,j2_a_then_b,0.0,0.0,0.03,weighted_geometric,1.4138738007365483,0.6650041351367294,0.026431257545335894,0.000646506576986161,0.07111192180384902
j2_reliable,31,3000,12,3,2.0,0.18080874272255543,j2_a_then_b,0.0,0.0,0.03,hard_core,1.5364865781235155,0.6958991115073039,0.15195707965769908,0.02847718016811889,2.8649769053833175e-14
j2_reliable,31,3000,12,3,2.0,0.18080874272255543,j2_a_then_b,0.0,0.0,0.03,soft_core_0.1,1.4456507919428392,0.6769586839847901,0.09556911624221288,0.00838137178091637,0.05915368548499378
j2_reliable,31,3000,12,3,2.0,0.18080874272255543,j2_a_then_b,0.0,0.0,0.03,soft_core_1,1.459263831008987,0.6808460826333407,0.10864708692761299,0.011545458919481858,0.04208146765912909
j2_reliable,31,3000,12,3,2.0,0.18080874272255543,j2_a_then_b,0.0,0.0,0.03,soft_core_10,1.5086647739473684,0.6909316024632819,0.13891439201710162,0.022530357055997596,0.011774705540386439
j2_reliable,31,3000,12,3,2.0,0.18080874272255543,j2_a_then_b,0.0,0.0,0.03,adaptive_soft,1.4138786369949832,0.6649994887441526,0.026452427616624394,0.0006476306345717127,0.07011294241592038
j2_reliable,32,3000,12,3,2.0,0.18768871184914612,j2_a_then_b,0.0,0.0,0.03,j1,1.6217298902479258,0.735441670393031,0.18605914293233203,0.030527104856191714,0.05525914053965522
j2_reliable,32,3000,12,3,2.0,0.18768871184914612,j2_a_then_b,0.0,0.0,0.03,j2,1.4942687608352785,0.6918857526428933,0.028411365349271935,0.0007183216201345933,0.06893710471765803
j2_reliable,32,3000,12,3,2.0,0.18768871184914612,j2_a_then_b,0.0,0.0,0.03,selected_order,1.4942687608352785,0.6918857526428933,0.028411365349271935,0.0007183216201345933,0.06893710471765803
j2_reliable,32,3000,12,3,2.0,0.18768871184914612,j2_a_then_b,0.0,0.0,0.03,independent,1.7902527045639736,0.7581610766993527,0.2750115027292894,0.07628361210895876,4.1556579322086135e-17
j2_reliable,32,3000,12,3,2.0,0.18768871184914612,j2_a_then_b,0.0,0.0,0.03,arithmetic,1.5223952156646237,0.7023076918018527,0.09442900851198674,0.0078884920371825,0.062098122628656625
j2_reliable,32,3000,12,3,2.0,0.18768871184914612,j2_a_then_b,0.0,0.0,0.03,geometric,1.5253955270640671,0.7028849350522428,0.09651391875021485,0.008324784717061311,0.06198749071970201
j2_reliable,32,3000,12,3,2.0,0.18768871184914612,j2_a_then_b,0.0,0.0,0.03,weighted_geometric,1.4942687608352785,0.6918857526428933,0.028411365349271932,0.0007183216201345954,0.06893710471765806
j2_reliable,32,3000,12,3,2.0,0.18768871184914612,j2_a_then_b,0.0,0.0,0.03,hard_core,1.6058411669289017,0.7196293415563724,0.15008381390244524,0.026195629040817965,1.9179405038764877e-14
j2_reliable,32,3000,12,3,2.0,0.18768871184914612,j2_a_then_b,0.0,0.0,0.03,soft_core_0.1,1.5268482396222058,0.7032944966707462,0.09823669984093997,0.008673550228400764,0.058231343184147036
j2_reliable,32,3000,12,3,2.0,0.18768871184914612,j2_a_then_b,0.0,0.0,0.03,soft_core_1,1.5396766783411213,0.7066243159951805,0.11011098603205316,0.011676720129408022,0.03958391896052893
j2_reliable,32,3000,12,3,2.0,0.18768871184914612,j2_a_then_b,0.0,0.0,0.03,soft_core_10,1.5821437405124157,0.7153930305206808,0.1381693351927132,0.021168765146286635,0.010624000434337725
j2_reliable,32,3000,12,3,2.0,0.18768871184914612,j2_a_then_b,0.0,0.0,0.03,adaptive_soft,1.4942851002182522,0.6918898612698225,0.028479906977380974,0.0007222892272687592,0.06785450176682234
j2_reliable,33,3000,12,3,2.0,0.1916625492037236,j2_a_then_b,0.0,0.0,0.03,j1,1.6319013670744917,0.7411747432228809,0.18927102824172096,0.03120646489127114,0.05723989962652873
j2_reliable,33,3000,12,3,2.0,0.1916625492037236,j2_a_then_b,0.0,0.0,0.03,j2,1.5018591298267716,0.6961915368462989,0.028032358610882165,0.0007026047906500323,0.06923271368134964
j2_reliable,33,3000,12,3,2.0,0.1916625492037236,j2_a_then_b,0.0,0.0,0.03,selected_order,1.5018591298267716,0.6961915368462989,0.028032358610882165,0.0007026047906500323,0.06923271368134964
j2_reliable,33,3000,12,3,2.0,0.1916625492037236,j2_a_then_b,0.0,0.0,0.03,independent,1.7919412363579261,0.7607037603378111,0.2725460080473144,0.07495747908572122,3.974073192438945e-17
j2_reliable,33,3000,12,3,2.0,0.1916625492037236,j2_a_then_b,0.0,0.0,0.03,arithmetic,1.5305108271044863,0.7069046969052073,0.09555050216767366,0.008008958669907543,0.06323630665393917
j2_reliable,33,3000,12,3,2.0,0.1916625492037236,j2_a_then_b,0.0,0.0,0.03,geometric,1.533376975586327,0.7074891541958811,0.09755578140848259,0.008425402432984242,0.063273121329116
j2_reliable,33,3000,12,3,2.0,0.1916625492037236,j2_a_then_b,0.0,0.0,0.03,weighted_geometric,1.5018591298267716,0.6961915368462989,0.028032358610882168,0.0007026047906500337,0.06923271368134964
j2_reliable,33,3000,12,3,2.0,0.1916625492037236,j2_a_then_b,0.0,0.0,0.03,hard_core,1.6116992206416516,0.723214789520107,0.1497735318492381,0.0260853489919616,9.915757452745685e-15
j2_reliable,33,3000,12,3,2.0,0.1916625492037236,j2_a_then_b,0.0,0.0,0.03,soft_core_0.1,1.5347521764188146,0.7078149900024129,0.09914635616287282,0.008756783333751461,0.05929680041893226
j2_reliable,33,3000,12,3,2.0,0.1916625492037236,j2_a_then_b,0.0,0.0,0.03,soft_core_1,1.5473482056881809,0.7108356609209406,0.11063380971107775,0.011722032764105663,0.03984907071370057
j2_reliable,33,3000,12,3,2.0,0.1916625492037236,j2_a_then_b,0.0,0.0,0.03,soft_core_10,1.5889054510643763,0.719154140085972,0.13812375994073703,0.021134690327473147,0.010570136799781783
j2_reliable,33,3000,12,3,2.0,0.1916625492037236,j2_a_then_b,0.0,0.0,0.03,adaptive_soft,1.5018644098027087,0.6961896125852838,0.02804056925460241,0.0007039708737216346,0.06812970755091148
j2_reliable,34,3000,12,3,2.0,0.18419015684378356,j2_a_then_b,0.0,0.0,0.1,j1,1.567402584714865,0.7234741163479069,0.18252802377144767,0.02945268063780729,0.04994077043370074
j2_reliable,34,3000,12,3,2.0,0.18419015684378356,j2_a_then_b,0.0,0.0,0.1,j2,1.4443633828760294,0.6793248250779594,0.02768679723602589,0.0006913987428600337,0.06705328268596357
j2_reliable,34,3000,12,3,2.0,0.18419015684378356,j2_a_then_b,0.0,0.0,0.1,selected_order,1.4443633828760294,0.6793248250779594,0.02768679723602589,0.0006913987428600337,0.06705328268596357
j2_reliable,34,3000,12,3,2.0,0.18419015684378356,j2_a_then_b,0.0,0.0,0.1,independent,1.657606820543841,0.7318867222649933,0.2293810955158288,0.05346532431524238,4.129164699205755e-17
j2_reliable,34,3000,12,3,2.0,0.18419015684378356,j2_a_then_b,0.0,0.0,0.1,arithmetic,1.471397889597726,0.6898989401231564,0.09242139821466966,0.007566991503665074,0.05849702655983214
j2_reliable,34,3000,12,3,2.0,0.18419015684378356,j2_a_then_b,0.0,0.0,0.1,geometric,1.4744400155590767,0.690622567517156,0.09484026759640839,0.008043772479406207,0.05822448934902862
j2_reliable,34,3000,12,3,2.0,0.18419015684378356,j2_a_then_b,0.0,0.0,0.1,weighted_geometric,1.4443633828760294,0.6793248250779594,0.02768679723602589,0.0006913987428600329,0.0670532826859636
j2_reliable,34,3000,12,3,2.0,0.18419015684378356,j2_a_then_b,0.0,0.0,0.1,hard_core,1.5380901116220966,0.707573591206014,0.14336683960050076,0.02241075835522614,1.192722834740823e-14
j2_reliable,34,3000,12,3,2.0,0.18419015684378356,j2_a_then_b,0.0,0.0,0.1,soft_core_0.1,1.4759951100155784,0.6911948758883242,0.09686739357870498,0.008416307794743895,0.05414443310368949
j2_reliable,34,3000,12,3,2.0,0.18419015684378356,j2_a_then_b,0.0,0.0,0.1,soft_core_1,1.4888864078675885,0.6953535868535963,0.1098759308033071,0.011438462039081792,0.03451638924633987
j2_reliable,34,3000,12,3,2.0,0.18419015684378356,j2_a_then_b,0.0,0.0,0.1,soft_core_10,1.522835371353867,0.7041199177631298,0.1345115223350259,0.01909380469639205,0.008170309333395291
j2_reliable,34,3000,12,3,2.0,0.18419015684378356,j2_a_then_b,0.0,0.0,0.1,adaptive_soft,1.4448218191643578,0.6795182943358223,0.029970687045973173,0.0008058529280109098,0.06304410316593771
j2_reliable,35,3000,12,3,2.0,0.18861464809815887,j2_a_then_b,0.0,0.0,0.03,j1,1.5824258620595935,0.7231793441150198,0.18575566126074095,0.030315235107167306,0.05576466089693276
j2_reliable,35,3000,12,3,2.0,0.18861464809815887,j2_a_then_b,0.0,0.0,0.03,j2,1.4559264146893793,0.6778761822123454,0.0271865701757521,0.0006688518534571176,0.07267616948959288
j2_reliable,35,3000,12,3,2.0,0.18861464809815887,j2_a_then_b,0.0,0.0,0.03,selected_order,1.4559264146893793,0.6778761822123454,0.0271865701757521,0.0006688518534571176,0.07267616948959288
j2_reliable,35,3000,12,3,2.0,0.18861464809815887,j2_a_then_b,0.0,0.0,0.03,independent,1.7876863386508541,0.7568699888604176,0.29720417998478227,0.08386962545999503,4.068456769673684e-17
j2_reliable,35,3000,12,3,2.0,0.18861464809815887,j2_a_then_b,0.0,0.0,0.03,arithmetic,1.483660177192302,0.6886367414761424,0.09340059326357497,0.0077355991214959315,0.06422041519326281
j2_reliable,35,3000,12,3,2.0,0.18861464809815887,j2_a_then_b,0.0,0.0,0.03,geometric,1.4865468739029803,0.6892845724697358,0.09573944910710323,0.008167108880056693,0.06400595815541017
j2_reliable,35,3000,12,3,2.0,0.18861464809815887,j2_a_then_b,0.0,0.0,0.03,weighted_geometric,1.4559264146893793,0.6778761822123454,0.0271865701757521,0.0006688518534571201,0.0726761694895929
j2_reliable,35,3000,12,3,2.0,0.18861464809815887,j2_a_then_b,0.0,0.0,0.03,hard_core,1.578064615262069,0.7083708484550227,0.15557355507498577,0.028852707960286477,1.7667196793206404e-14
j2_reliable,35,3000,12,3,2.0,0.18861464809815887,j2_a_then_b,0.0,0.0,0.03,soft_core_0.1,1.4881149980340684,0.6898033698843063,0.09784386105216332,0.008545771017410747,0.0604444370475516
j2_reliable,35,3000,12,3,2.0,0.18861464809815887,j2_a_then_b,0.0,0.0,0.03,soft_core_1,1.5015422738309274,0.693528891973696,0.11133183803076445,0.011718720703004327,0.04247819786926692
j2_reliable,35,3000,12,3,2.0,0.18861464809815887,j2_a_then_b,0.0,0.0,0.03,soft_core_10,1.5493266475328737,0.7032039070697448,0.1419687410669752,0.022565979433185272,0.012205951041624896
j2_reliable,35,3000,12,3,2.0,0.18861464809815887,j2_a_then_b,0.0,0.0,0.03,adaptive_soft,1.4559173848457765,0.6778673581828094,0.02708682792016083,0.0006665490558956982,0.0716188727515405
j2_reliable,36,3000,12,3,2.0,0.17439901506561384,j2_a_then_b,0.0,0.0,0.03,j1,1.470370559214613,0.6749385119983279,0.17196568906725285,0.02760313653955767,0.052403693047621235
j2_reliable,36,3000,12,3,2.0,0.17439901506561384,j2_a_then_b,0.0,0.0,0.03,j2,1.3557710346186538,0.6339825974503372,0.02551964324576866,0.0006254918441383989,0.06688805520181934
j2_reliable,36,3000,12,3,2.0,0.17439901506561384,j2_a_then_b,0.0,0.0,0.03,selected_order,1.3557710346186538,0.6339825974503372,0.02551964324576866,0.0006254918441383989,0.06688805520181934
j2_reliable,36,3000,12,3,2.0,0.17439901506561384,j2_a_then_b,0.0,0.0,0.03,independent,1.6861745601300755,0.7122838520216576,0.29216932528214146,0.08282390259820441,4.2522165635851765e-17
j2_reliable,36,3000,12,3,2.0,0.17439901506561384,j2_a_then_b,0.0,0.0,0.03,arithmetic,1.3811172517922543,0.6436976118650669,0.08661057596912161,0.0071125864897589805,0.05964587412472027
j2_reliable,36,3000,12,3,2.0,0.17439901506561384,j2_a_then_b,0.0,0.0,0.03,geometric,1.3833640076670433,0.6441708432518287,0.08821547889419647,0.007389954416342323,0.059544069898594607
j2_reliable,36,3000,12,3,2.0,0.17439901506561384,j2_a_then_b,0.0,0.0,0.03,weighted_geometric,1.3557710346186538,0.6339825974503372,0.025519643245768657,0.000625491844138399,0.06688805520181934
j2_reliable,36,3000,12,3,2.0,0.17439901506561384,j2_a_then_b,0.0,0.0,0.03,hard_core,1.4675967366701472,0.6617589665106296,0.14330205686158823,0.026535281160009718,2.4399110101769918e-14
j2_reliable,36,3000,12,3,2.0,0.17439901506561384,j2_a_then_b,0.0,0.0,0.03,soft_core_0.1,1.3847790066560968,0.6446417870127572,0.09005011664278915,0.007728925460622621,0.056352860186814825
j2_reliable,36,3000,12,3,2.0,0.17439901506561384,j2_a_then_b,0.0,0.0,0.03,soft_core_1,1.3968446472680927,0.6479685087454056,0.10183654439921833,0.010568631426412803,0.040111792024683485
j2_reliable,36,3000,12,3,2.0,0.17439901506561384,j2_a_then_b,0.0,0.0,0.03,soft_core_10,1.4408883777577288,0.6568273118669296,0.1302389999483704,0.020607353208791087,0.011749419806208168
j2_reliable,36,3000,12,3,2.0,0.17439901506561384,j2_a_then_b,0.0,0.0,0.03,adaptive_soft,1.355758489230739,0.6339714128893688,0.025452386565469786,0.000622354570401642,0.065971119132822
j2_reliable,37,3000,12,3,2.0,0.18933599821191674,j2_a_then_b,0.0,0.0,0.03,j1,1.6292939934212622,0.7388308432205419,0.1870531405656065,0.030790054648888524,0.05358525108522404
j2_reliable,37,3000,12,3,2.0,0.18933599821191674,j2_a_then_b,0.0,0.0,0.03,j2,1.5007416277201355,0.6940743873401074,0.028345036902042386,0.0007192522555956557,0.06608107208877846
j2_reliable,37,3000,12,3,2.0,0.18933599821191674,j2_a_then_b,0.0,0.0,0.03,selected_order,1.5007416277201355,0.6940743873401074,0.028345036902042386,0.0007192522555956557,0.06608107208877846
j2_reliable,37,3000,12,3,2.0,0.18933599821191674,j2_a_then_b,0.0,0.0,0.03,independent,1.6953320961431595,0.7383251845438761,0.2106974133323202,0.04941159798653328,4.087781906951064e-17
j2_reliable,37,3000,12,3,2.0,0.18933599821191674,j2_a_then_b,0.0,0.0,0.03,arithmetic,1.5289050935216926,0.7047031691097226,0.09444430552909802,0.007898558159256459,0.059833161587001235
j2_reliable,37,3000,12,3,2.0,0.18933599821191674,j2_a_then_b,0.0,0.0,0.03,geometric,1.5319351594643897,0.705270111315576,0.09667790005025972,0.0083557717781208,0.05952055221130047
j2_reliable,37,3000,12,3,2.0,0.18933599821191674,j2_a_then_b,0.0,0.0,0.03,weighted_geometric,1.5007416277201358,0.6940743873401074,0.028345036902042382,0.0007192522555956575,0.06608107208877846
j2_reliable,37,3000,12,3,2.0,0.18933599821191674,j2_a_then_b,0.0,0.0,0.03,hard_core,1.5933307182087613,0.719858536846089,0.14224698525697718,0.022014247428707896,1.9491458399678315e-14
j2_reliable,37,3000,12,3,2.0,0.18933599821191674,j2_a_then_b,0.0,0.0,0.03,soft_core_0.1,1.5333834557320543,0.7056582269869576,0.09840819735711222,0.008698502293842763,0.05514693712707038
j2_reliable,37,3000,12,3,2.0,0.18933599821191674,j2_a_then_b,0.0,0.0,0.03,soft_core_1,1.545901320423139,0.7090628228909301,0.11029909816606677,0.011597297514880107,0.03450540912454307
j2_reliable,37,3000,12,3,2.0,0.18933599821191674,j2_a_then_b,0.0,0.0,0.03,soft_core_10,1.578570483769155,0.7168207935292855,0.1337043386427238,0.018866521324773896,0.008038669851736971
j2_reliable,37,3000,12,3,2.0,0.18933599821191674,j2_a_then_b,0.0,0.0,0.03,adaptive_soft,1.5007383767586189,0.6940663934988787,0.028267896966344703,0.000718454720766604,0.06474750444210359
j2_reliable,38,3000,12,3,2.0,0.1976049728087079,j2_a_then_b,0.0,0.0,0.1,j1,1.753829770452382,0.7864113632447723,0.195592719470091,0.03232364603852062,0.058779260697685715
j2_reliable,38,3000,12,3,2.0,0.1976049728087079,j2_a_then_b,0.0,0.0,0.1,j2,1.6187341491896559,0.7420924927433461,0.030059070376842946,0.0007724915190511117,0.07099051142221037
j2_reliable,38,3000,12,3,2.0,0.1976049728087079,j2_a_then_b,0.0,0.0,0.1,selected_order,1.6187341491896559,0.7420924927433461,0.030059070376842946,0.0007724915190511117,0.07099051142221037
j2_reliable,38,3000,12,3,2.0,0.1976049728087079,j2_a_then_b,0.0,0.0,0.1,independent,1.9292265157884236,0.8083670210394662,0.288914825550759,0.07850526906138554,4.2153853875758505e-17
j2_reliable,38,3000,12,3,2.0,0.1976049728087079,j2_a_then_b,0.0,0.0,0.1,arithmetic,1.6482637901115353,0.7526549852180207,0.09910155767782859,0.008279355244314423,0.06488488605994804
j2_reliable,38,3000,12,3,2.0,0.1976049728087079,j2_a_then_b,0.0,0.0,0.1,geometric,1.6516837374825564,0.7533425996656176,0.10177514347426579,0.008833650190009716,0.06487927139818081
j2_reliable,38,3000,12,3,2.0,0.1976049728087079,j2_a_then_b,0.0,0.0,0.1,weighted_geometric,1.6187341491896559,0.7420924927433461,0.030059070376842946,0.0007724915190511139,0.07099051142221038
j2_reliable,38,3000,12,3,2.0,0.1976049728087079,j2_a_then_b,0.0,0.0,0.1,hard_core,1.7319392442957722,0.7680309832809998,0.15488384549365544,0.0269632805537738,1.4657629766766153e-14
j2_reliable,38,3000,12,3,2.0,0.1976049728087079,j2_a_then_b,0.0,0.0,0.1,soft_core_0.1,1.6531310584899421,0.7536433393549208,0.10339767311105788,0.009182113639326698,0.060868716615416346
j2_reliable,38,3000,12,3,2.0,0.1976049728087079,j2_a_then_b,0.0,0.0,0.1,soft_core_1,1.6660394234980327,0.7563143313647142,0.11508127990841184,0.01221562185269293,0.04112663166645119
j2_reliable,38,3000,12,3,2.0,0.1976049728087079,j2_a_then_b,0.0,0.0,0.1,soft_core_10,1.708689303610052,0.7640891213797549,0.14300787734766685,0.021880739771029452,0.010901012558976046
j2_reliable,38,3000,12,3,2.0,0.1976049728087079,j2_a_then_b,0.0,0.0,0.1,adaptive_soft,1.6192008378031655,0.7422558251445611,0.03231676659365458,0.0008887437533377384,0.06751229243993269
j2_reliable,39,3000,12,3,2.0,0.1892458300767715,j2_a_then_b,0.0,0.0,0.3,j1,1.6302657374737053,0.7473591060713092,0.18723647919016392,0.03049278272935582,0.05674484196351656
j2_reliable,39,3000,12,3,2.0,0.1892458300767715,j2_a_then_b,0.0,0.0,0.3,j2,1.5031107921868976,0.7024430237739689,0.028260100975347986,0.0007064830354617949,0.06461540926119935
j2_reliable,39,3000,12,3,2.0,0.1892458300767715,j2_a_then_b,0.0,0.0,0.3,selected_order,1.5031107921868976,0.7024430237739689,0.028260100975347986,0.0007064830354617949,0.06461540926119935
j2_reliable,39,3000,12,3,2.0,0.1892458300767715,j2_a_then_b,0.0,0.0,0.3,independent,1.7416921470345372,0.7560381498766913,0.24225512211675626,0.059720947433857835,3.861085472371529e-17
j2_reliable,39,3000,12,3,2.0,0.1892458300767715,j2_a_then_b,0.0,0.0,0.3,arithmetic,1.5311558435775112,0.7131912602773698,0.09478650147272698,0.007851709729796296,0.060680125612357944
j2_reliable,39,3000,12,3,2.0,0.1892458300767715,j2_a_then_b,0.0,0.0,0.3,geometric,1.5341454773624321,0.713861880805749,0.09727361821513611,0.008305510794026466,0.06088265841117546
j2_reliable,39,3000,12,3,2.0,0.1892458300767715,j2_a_then_b,0.0,0.0,0.3,weighted_geometric,1.5031107921868974,0.7024430237739689,0.028260100975347986,0.0007064830354617983,0.06461540926119938
j2_reliable,39,3000,12,3,2.0,0.1892458300767715,j2_a_then_b,0.0,0.0,0.3,hard_core,1.5977201307585593,0.7275032779211819,0.13920286856853317,0.022692819924569164,1.1833738895117412e-14
j2_reliable,39,3000,12,3,2.0,0.1892458300767715,j2_a_then_b,0.0,0.0,0.3,soft_core_0.1,1.535229491382876,0.7140607326046474,0.09836249880533515,0.008566560343771104,0.05676230283262571
j2_reliable,39,3000,12,3,2.0,0.1892458300767715,j2_a_then_b,0.0,0.0,0.3,soft_core_1,1.5462612567009537,0.7165977204184878,0.10744201653183905,0.011159196218113177,0.036843675291862416
j2_reliable,39,3000,12,3,2.0,0.1892458300767715,j2_a_then_b,0.0,0.0,0.3,soft_core_10,1.581021831525487,0.7241400684852187,0.13010552269322384,0.019030643322381396,0.008979400646618467
j2_reliable,39,3000,12,3,2.0,0.1892458300767715,j2_a_then_b,0.0,0.0,0.3,adaptive_soft,1.5062330213436608,0.703580026467166,0.04047107168332871,0.0014831734623556297,0.05519827995694968
j2_reliable,40,3000,12,3,2.0,0.18333568597833097,j2_a_then_b,0.0,0.0,0.03,j1,1.579659059300473,0.725632329258662,0.18128675255531632,0.02912335858749224,0.055755871879466075
j2_reliable,40,3000,12,3,2.0,0.18333568597833097,j2_a_then_b,0.0,0.0,0.03,j2,1.4585250566240542,0.6828169229944583,0.0275895646111654,0.0006878343586169591,0.07286737782724728
j2_reliable,40,3000,12,3,2.0,0.18333568597833097,j2_a_then_b,0.0,0.0,0.03,selected_order,1.4585250566240542,0.6828169229944583,0.0275895646111654,0.0006878343586169591,0.07286737782724728
j2_reliable,40,3000,12,3,2.0,0.18333568597833097,j2_a_then_b,0.0,0.0,0.03,independent,1.8667184373072696,0.7762632805434728,0.3474228709051648,0.10164471739212033,4.0248180986874806e-17
j2_reliable,40,3000,12,3,2.0,0.18333568597833097,j2_a_then_b,0.0,0.0,0.03,arithmetic,1.485229079512632,0.6929824873721396,0.09169392948255095,0.007503154830297272,0.06431162485335666
j2_reliable,40,3000,12,3,2.0,0.18333568597833097,j2_a_then_b,0.0,0.0,0.03,geometric,1.48787657707851,0.6936049875514576,0.09368551387708711,0.007874925638294337,0.06425151890722886
j2_reliable,40,3000,12,3,2.0,0.18333568597833097,j2_a_then_b,0.0,0.0,0.03,weighted_geometric,1.4585250566240542,0.6828169229944583,0.0275895646111654,0.0006878343586169598,0.07286737782724728
j2_reliable,40,3000,12,3,2.0,0.18333568597833097,j2_a_then_b,0.0,0.0,0.03,hard_core,1.5857656737620123,0.7132652993026493,0.15564657082880215,0.029928487337664907,1.0712541272017528e-14
j2_reliable,40,3000,12,3,2.0,0.18333568597833097,j2_a_then_b,0.0,0.0,0.03,soft_core_0.1,1.4894073634657012,0.6941203295770758,0.09576859448497324,0.008242931733962476,0.0611758905456357
j2_reliable,40,3000,12,3,2.0,0.18333568597833097,j2_a_then_b,0.0,0.0,0.03,soft_core_1,1.502704856411076,0.6976671181123554,0.10921912670477683,0.011377538588251032,0.044764798045252
j2_reliable,40,3000,12,3,2.0,0.18333568597833097,j2_a_then_b,0.0,0.0,0.03,soft_core_10,1.554772272115081,0.7077728843470686,0.1411949415331716,0.023177954819234528,0.013078280967839065
j2_reliable,40,3000,12,3,2.0,0.18333568597833097,j2_a_then_b,0.0,0.0,0.03,adaptive_soft,1.458520638070339,0.682806252464942,0.027558925920132652,0.0006867706468282019,0.07196958137516137
j2_reliable,41,3000,12,3,2.0,0.19374543412742337,j2_a_then_b,0.0,0.0,0.1,j1,1.6437892548716238,0.7524961079597481,0.19072544430876698,0.03131289701368262,0.05997931631598306
j2_reliable,41,3000,12,3,2.0,0.19374543412742337,j2_a_then_b,0.0,0.0,0.1,j2,1.5128049047872172,0.7065158938486606,0.02863740314652107,0.0007236432347309071,0.06526717204477399
j2_reliable,41,3000,12,3,2.0,0.19374543412742337,j2_a_then_b,0.0,0.0,0.1,selected_order,1.5128049047872172,0.7065158938486606,0.02863740314652107,0.0007236432347309071,0.06526717204477399
j2_reliable,41,3000,12,3,2.0,0.19374543412742337,j2_a_then_b,0.0,0.0,0.1,independent,1.7435672567425777,0.7627323846962034,0.2400301013703169,0.058871018768422094,4.0916718210580346e-17
j2_reliable,41,3000,12,3,2.0,0.19374543412742337,j2_a_then_b,0.0,0.0,0.1,arithmetic,1.5412150530653603,0.7173599189188882,0.09589935430008692,0.007958162073525232,0.0626232441803785
j2_reliable,41,3000,12,3,2.0,0.19374543412742337,j2_a_then_b,0.0,0.0,0.1,geometric,1.5444435635804725,0.7180998169673463,0.09843887034189372,0.008464521832335422,0.06292775260103721
j2_reliable,41,3000,12,3,2.0,0.19374543412742337,j2_a_then_b,0.0,0.0,0.1,weighted_geometric,1.5128049047872172,0.7065158938486606,0.02863740314652106,0.000723643234730908,0.065267172044774
j2_reliable,41,3000,12,3,2.0,0.19374543412742337,j2_a_then_b,0.0,0.0,0.1,hard_core,1.6115953741121805,0.731914347885969,0.14019265991121868,0.02353082705995738,2.731929053066231e-14
j2_reliable,41,3000,12,3,2.0,0.19374543412742337,j2_a_then_b,0.0,0.0,0.1,soft_core_0.1,1.5454480607040646,0.7182175923433568,0.09934093730657548,0.00870569896543214,0.058729480045727867
j2_reliable,41,3000,12,3,2.0,0.19374543412742337,j2_a_then_b,0.0,0.0,0.1,soft_core_1,1.5565091200339602,0.7204700058360783,0.10785884475471295,0.011299736786209194,0.038292011067844765
j2_reliable,41,3000,12,3,2.0,0.19374543412742337,j2_a_then_b,0.0,0.0,0.1,soft_core_10,1.5934385814384908,0.7282458980111606,0.1306581605551771,0.019605647560915304,0.009375212004102329
j2_reliable,41,3000,12,3,2.0,0.19374543412742337,j2_a_then_b,0.0,0.0,0.1,adaptive_soft,1.5131699513632135,0.7066460590459871,0.030311659255581,0.0008145392549858385,0.06184414420318775
j2_reliable,42,3000,12,3,2.0,0.1939440222684172,j2_a_then_b,0.0,0.0,0.03,j1,1.681806798381049,0.7580820179252362,0.1920854636429993,0.03197769436723195,0.057765688653992835
j2_reliable,42,3000,12,3,2.0,0.1939440222684172,j2_a_then_b,0.0,0.0,0.03,j2,1.5474452017612377,0.7128086975664452,0.02900858567769318,0.0007400859770161063,0.0715373728100185
j2_reliable,42,3000,12,3,2.0,0.1939440222684172,j2_a_then_b,0.0,0.0,0.03,selected_order,1.5474452017612377,0.7128086975664452,0.02900858567769318,0.0007400859770161063,0.0715373728100185
j2_reliable,42,3000,12,3,2.0,0.1939440222684172,j2_a_then_b,0.0,0.0,0.03,independent,1.8442553367658316,0.7826501314671089,0.28273085842804124,0.07669720139595228,4.077875009599978e-17
j2_reliable,42,3000,12,3,2.0,0.1939440222684172,j2_a_then_b,0.0,0.0,0.03,arithmetic,1.5767999700599027,0.7236443931870674,0.09727332098768379,0.008200111869110379,0.06465153073200565
j2_reliable,42,3000,12,3,2.0,0.1939440222684172,j2_a_then_b,0.0,0.0,0.03,geometric,1.580460322307936,0.7244490608775649,0.10013650346338629,0.008793885846875831,0.06461893128110273
j2_reliable,42,3000,12,3,2.0,0.1939440222684172,j2_a_then_b,0.0,0.0,0.03,weighted_geometric,1.5474452017612377,0.7128086975664452,0.029008585677693172,0.0007400859770161079,0.0715373728100185
j2_reliable,42,3000,12,3,2.0,0.1939440222684172,j2_a_then_b,0.0,0.0,0.03,hard_core,1.662705627321925,0.7410450406463669,0.15419441360683692,0.027068132712288206,1.141945427348705e-14
j2_reliable,42,3000,12,3,2.0,0.1939440222684172,j2_a_then_b,0.0,0.0,0.03,soft_core_0.1,1.5819232739472129,0.724847851319916,0.10187135596105165,0.009144589346249059,0.06064686938936508
j2_reliable,42,3000,12,3,2.0,0.1939440222684172,j2_a_then_b,0.0,0.0,0.03,soft_core_1,1.5951065096276582,0.7280592954628288,0.11412805576412777,0.012222409598353363,0.04103045906044235
j2_reliable,42,3000,12,3,2.0,0.1939440222684172,j2_a_then_b,0.0,0.0,0.03,soft_core_10,1.6390367249617694,0.7367344277125536,0.14242577309941362,0.022015023803160796,0.010855334706452684
j2_reliable,42,3000,12,3,2.0,0.1939440222684172,j2_a_then_b,0.0,0.0,0.03,adaptive_soft,1.5474590210395096,0.7128118265120559,0.029106067515429136,0.0007435061520557129,0.0704182397845214
j2_reliable,43,3000,12,3,2.0,0.18706035125003292,j2_a_then_b,0.0,0.0,0.1,j1,1.6025681724145724,0.732945443328301,0.18481554125862,0.03006429755226324,0.05901226407948207
j2_reliable,43,3000,12,3,2.0,0.18706035125003292,j2_a_then_b,0.0,0.0,0.1,j2,1.4766720046876483,0.6889616730702027,0.027479760279063514,0.0006784736134630525,0.058523017351818175
j2_reliable,43,3000,12,3,2.0,0.18706035125003292,j2_a_then_b,0.0,0.0,0.1,selected_order,1.4766720046876483,0.6889616730702027,0.027479760279063514,0.0006784736134630525,0.058523017351818175
j2_reliable,43,3000,12,3,2.0,0.18706035125003292,j2_a_then_b,0.0,0.0,0.1,independent,1.6813310865970552,0.7355582978573895,0.21647127002550065,0.052925736698544994,4.020739324467703e-17
j2_reliable,43,3000,12,3,2.0,0.18706035125003292,j2_a_then_b,0.0,0.0,0.1,arithmetic,1.5042062073355325,0.6994076130249841,0.09332120126998203,0.0076935326098127475,0.058767640715650105
j2_reliable,43,3000,12,3,2.0,0.18706035125003292,j2_a_then_b,0.0,0.0,0.1,geometric,1.5073644779345579,0.700062998190806,0.09562193981552153,0.008177558991763187,0.058959456530788504
j2_reliable,43,3000,12,3,2.0,0.18706035125003292,j2_a_then_b,0.0,0.0,0.1,weighted_geometric,1.4766720046876483,0.6889616730702027,0.027479760279063518,0.0006784736134630534,0.058523017351818175
j2_reliable,43,3000,12,3,2.0,0.18706035125003292,j2_a_then_b,0.0,0.0,0.1,hard_core,1.562685812708989,0.7098759824068661,0.128259047061015,0.02042427498538144,1.1803565093518103e-14
j2_reliable,43,3000,12,3,2.0,0.18706035125003292,j2_a_then_b,0.0,0.0,0.1,soft_core_0.1,1.5080178842138185,0.6999922716524111,0.09596420282163468,0.00833443171315125,0.05481695111390659
j2_reliable,43,3000,12,3,2.0,0.18706035125003292,j2_a_then_b,0.0,0.0,0.1,soft_core_1,1.5168638593608723,0.7012947444340407,0.10147962320710055,0.010393410915321586,0.035034277479887556
j2_reliable,43,3000,12,3,2.0,0.18706035125003292,j2_a_then_b,0.0,0.0,0.1,soft_core_10,1.5471351567485212,0.7070922958772098,0.11998188977699507,0.017138038019594945,0.00850862278639777
j2_reliable,43,3000,12,3,2.0,0.18706035125003292,j2_a_then_b,0.0,0.0,0.1,adaptive_soft,1.4770440311743793,0.6890885880819343,0.02919320844374181,0.0007713970234268708,0.05522489222310907
j2_reliable,44,3000,12,3,2.0,0.1818945308088921,j2_a_then_b,0.0,0.0,0.03,j1,1.5515057701075854,0.7110764924135959,0.17979275836663358,0.02924376162007116,0.055192125856033926
j2_reliable,44,3000,12,3,2.0,0.1818945308088921,j2_a_then_b,0.0,0.0,0.03,j2,1.4294547840268148,0.6680076503373688,0.027018447895408616,0.0006672140923816511,0.07008258037293132
j2_reliable,44,3000,12,3,2.0,0.1818945308088921,j2_a_then_b,0.0,0.0,0.03,selected_order,1.4294547840268148,0.6680076503373688,0.027018447895408616,0.0006672140923816511,0.07008258037293132
j2_reliable,44,3000,12,3,2.0,0.1818945308088921,j2_a_then_b,0.0,0.0,0.03,independent,1.7859816588037234,0.7483752251475582,0.3111271719562731,0.08793788477102034,4.022379556712675e-17
j2_reliable,44,3000,12,3,2.0,0.1818945308088921,j2_a_then_b,0.0,0.0,0.03,arithmetic,1.4563596562601533,0.678279918334708,0.0908437840833433,0.0075287075001481945,0.06263735311448261
j2_reliable,44,3000,12,3,2.0,0.1818945308088921,j2_a_then_b,0.0,0.0,0.03,geometric,1.4591524193652403,0.6789061783223143,0.09296287530285266,0.007928239227837973,0.06273184929048656
j2_reliable,44,3000,12,3,2.0,0.1818945308088921,j2_a_then_b,0.0,0.0,0.03,weighted_geometric,1.4294547840268148,0.6680076503373688,0.027018447895408616,0.0006672140923816526,0.07008258037293132
j2_reliable,44,3000,12,3,2.0,0.1818945308088921,j2_a_then_b,0.0,0.0,0.03,hard_core,1.5479079426370053,0.6968748941063211,0.15024715228936913,0.027921793593979692,1.2290285124131738e-14
j2_reliable,44,3000,12,3,2.0,0.1818945308088921,j2_a_then_b,0.0,0.0,0.03,soft_core_0.1,1.4605928190600836,0.6793286964545829,0.0948127866028499,0.008273310220428242,0.0594712172847291
j2_reliable,44,3000,12,3,2.0,0.1818945308088921,j2_a_then_b,0.0,0.0,0.03,soft_core_1,1.4735758118999744,0.6825631911044394,0.10719905600200258,0.011323726672762076,0.04225501878689586
j2_reliable,44,3000,12,3,2.0,0.1818945308088921,j2_a_then_b,0.0,0.0,0.03,soft_core_10,1.521438845319233,0.6920154203229534,0.13731110397069157,0.02214894496103167,0.011703965422151148
j2_reliable,44,3000,12,3,2.0,0.1818945308088921,j2_a_then_b,0.0,0.0,0.03,adaptive_soft,1.4294525807360596,0.6680016522968646,0.02696184835955024,0.0006666385694825158,0.06915160225634367
j2_reliable,45,3000,12,3,2.0,0.18477436041729461,j2_a_then_b,0.0,0.0,0.1,j1,1.551319447327229,0.7108124842997737,0.1827859976790532,0.030131103371348257,0.059090678870713606
j2_reliable,45,3000,12,3,2.0,0.18477436041729461,j2_a_then_b,0.0,0.0,0.1,j2,1.4254842662816618,0.666013753282988,0.027038330483108514,0.0006734980028848722,0.06472383991881381
j2_reliable,45,3000,12,3,2.0,0.18477436041729461,j2_a_then_b,0.0,0.0,0.1,selected_order,1.4254842662816618,0.666013753282988,0.027038330483108514,0.0006734980028848722,0.06472383991881381
j2_reliable,45,3000,12,3,2.0,0.18477436041729461,j2_a_then_b,0.0,0.0,0.1,independent,1.7031892998522224,0.7297501821119758,0.25797855485040305,0.07207932976796938,4.4071006790405895e-17
j2_reliable,45,3000,12,3,2.0,0.18477436041729461,j2_a_then_b,0.0,0.0,0.1,arithmetic,1.4532310542265807,0.6767019908250079,0.09231167916057675,0.007756575175876941,0.06190725939476369
j2_reliable,45,3000,12,3,2.0,0.18477436041729461,j2_a_then_b,0.0,0.0,0.1,geometric,1.4561131810341987,0.6773306666340907,0.09436631152449083,0.00816766312762916,0.062246883326751296
j2_reliable,45,3000,12,3,2.0,0.18477436041729461,j2_a_then_b,0.0,0.0,0.1,weighted_geometric,1.4254842662816618,0.666013753282988,0.027038330483108514,0.000673498002884874,0.06472383991881381
j2_reliable,45,3000,12,3,2.0,0.18477436041729461,j2_a_then_b,0.0,0.0,0.1,hard_core,1.5332393751116828,0.6910957933702198,0.13944494753980022,0.025403164701498757,1.2318172295550734e-14
j2_reliable,45,3000,12,3,2.0,0.18477436041729461,j2_a_then_b,0.0,0.0,0.1,soft_core_0.1,1.456982880369162,0.6773637147010017,0.09517470315819193,0.008379166282234968,0.0584947893008771
j2_reliable,45,3000,12,3,2.0,0.18477436041729461,j2_a_then_b,0.0,0.0,0.1,soft_core_1,1.467225110868154,0.6790953070077297,0.10309573686755208,0.010798269773964062,0.0399366979796504
j2_reliable,45,3000,12,3,2.0,0.18477436041729461,j2_a_then_b,0.0,0.0,0.1,soft_core_10,1.5083937930354618,0.6866853361567052,0.12767501360192982,0.020082111342340125,0.011013193755748722
j2_reliable,45,3000,12,3,2.0,0.18477436041729461,j2_a_then_b,0.0,0.0,0.1,adaptive_soft,1.4258554059120105,0.666141640451668,0.028781654288681326,0.0007659652806723927,0.06163641501215968
j2_reliable,46,3000,12,3,2.0,0.18713800798547547,j2_a_then_b,0.0,0.0,0.03,j1,1.562790238022763,0.7140856614311881,0.1852271516036196,0.030608948933273043,0.058792493921370426
j2_reliable,46,3000,12,3,2.0,0.18713800798547547,j2_a_then_b,0.0,0.0,0.03,j2,1.4345506518356075,0.6684819077974135,0.026470339706307647,0.0006554955379171381,0.06733954804717529
j2_reliable,46,3000,12,3,2.0,0.18713800798547547,j2_a_then_b,0.0,0.0,0.03,selected_order,1.4345506518356075,0.6684819077974135,0.026470339706307647,0.0006554955379171381,0.06733954804717529
j2_reliable,46,3000,12,3,2.0,0.18713800798547547,j2_a_then_b,0.0,0.0,0.03,independent,1.711402874939884,0.7371568018845716,0.26610223566961233,0.07110889751179507,4.441751291076412e-17
j2_reliable,46,3000,12,3,2.0,0.18713800798547547,j2_a_then_b,0.0,0.0,0.03,arithmetic,1.4627622492569967,0.6794433783524889,0.0935052311889363,0.00785307581987996,0.06306602098427284
j2_reliable,46,3000,12,3,2.0,0.18713800798547547,j2_a_then_b,0.0,0.0,0.03,geometric,1.465913727146378,0.6801966009730066,0.09589302114953244,0.00833069494877052,0.06329010389066639
j2_reliable,46,3000,12,3,2.0,0.18713800798547547,j2_a_then_b,0.0,0.0,0.03,weighted_geometric,1.4345506518356075,0.6684819077974135,0.026470339706307647,0.0006554955379171395,0.06733954804717532
j2_reliable,46,3000,12,3,2.0,0.18713800798547547,j2_a_then_b,0.0,0.0,0.03,hard_core,1.5444990104492637,0.6949247201001748,0.14329459904968467,0.02607425738914774,1.893064755917042e-14
j2_reliable,46,3000,12,3,2.0,0.18713800798547547,j2_a_then_b,0.0,0.0,0.03,soft_core_0.1,1.466904547555875,0.6803211669006761,0.09690972923916343,0.008570293822067924,0.05953261564448111
j2_reliable,46,3000,12,3,2.0,0.18713800798547547,j2_a_then_b,0.0,0.0,0.03,soft_core_1,1.4778800758147195,0.6823949701385784,0.10590932326394478,0.011164503816824621,0.040725545457394
j2_reliable,46,3000,12,3,2.0,0.18713800798547547,j2_a_then_b,0.0,0.0,0.03,soft_core_10,1.5202714139800015,0.6904555338123345,0.1317004249182206,0.020795081710533417,0.011032043431101745
j2_reliable,46,3000,12,3,2.0,0.18713800798547547,j2_a_then_b,0.0,0.0,0.03,adaptive_soft,1.4345646919744255,0.6684861924768057,0.0265674454344781,0.000659131856425132,0.06632308911127958
j2_reliable,47,3000,12,3,2.0,0.1884279990918947,j2_a_then_b,0.0,0.0,0.03,j1,1.6248501576850571,0.7359653624396967,0.18615847025984053,0.031042563623031705,0.055403883731680176
j2_reliable,47,3000,12,3,2.0,0.1884279990918947,j2_a_then_b,0.0,0.0,0.03,j2,1.4947426450126797,0.6918822596375138,0.028234637512969063,0.0007144824639093672,0.06316412981088497
j2_reliable,47,3000,12,3,2.0,0.1884279990918947,j2_a_then_b,0.0,0.0,0.03,selected_order,1.4947426450126797,0.6918822596375138,0.028234637512969063,0.0007144824639093672,0.06316412981088497
j2_reliable,47,3000,12,3,2.0,0.1884279990918947,j2_a_then_b,0.0,0.0,0.03,independent,1.6866103317141283,0.737923997141671,0.21442665999606003,0.04763240119148095,4.5429744011328235e-17
j2_reliable,47,3000,12,3,2.0,0.1884279990918947,j2_a_then_b,0.0,0.0,0.03,arithmetic,1.523142404119415,0.7023400309963097,0.09407259995020671,0.007958942376524553,0.059284006771282545
j2_reliable,47,3000,12,3,2.0,0.1884279990918947,j2_a_then_b,0.0,0.0,0.03,geometric,1.5264089628008264,0.7029991838371061,0.09650285669542026,0.008453900521523455,0.05935646685522856
j2_reliable,47,3000,12,3,2.0,0.1884279990918947,j2_a_then_b,0.0,0.0,0.03,weighted_geometric,1.4947426450126797,0.6918822596375138,0.02823463751296906,0.0007144824639093681,0.06316412981088497
j2_reliable,47,3000,12,3,2.0,0.1884279990918947,j2_a_then_b,0.0,0.0,0.03,hard_core,1.5838657443993769,0.7154503379343363,0.1359918233806373,0.02140916738303206,1.1520108198484614e-14
j2_reliable,47,3000,12,3,2.0,0.1884279990918947,j2_a_then_b,0.0,0.0,0.03,soft_core_0.1,1.527611747690831,0.7032125492864029,0.09761436182912489,0.008743109330398333,0.055052842916206005
j2_reliable,47,3000,12,3,2.0,0.1884279990918947,j2_a_then_b,0.0,0.0,0.03,soft_core_1,1.539148375984483,0.7057655119460444,0.10702933912056972,0.011437187551850267,0.03457514810515866
j2_reliable,47,3000,12,3,2.0,0.1884279990918947,j2_a_then_b,0.0,0.0,0.03,soft_core_10,1.5706030726198406,0.7126621647857416,0.12820357702064403,0.018510150395269615,0.007880274776585585
j2_reliable,47,3000,12,3,2.0,0.1884279990918947,j2_a_then_b,0.0,0.0,0.03,adaptive_soft,1.4947482278352262,0.691877502956092,0.028205281510720295,0.0007158223322060855,0.06202378415418798
j2_reliable,48,3000,12,3,2.0,0.18446845408683202,j2_a_then_b,0.0,0.0,0.1,j1,1.5825474961934987,0.7227201216461838,0.1823681477992518,0.029753808100140493,0.05724168039112199
j2_reliable,48,3000,12,3,2.0,0.18446845408683202,j2_a_then_b,0.0,0.0,0.1,j2,1.4581225601270926,0.6793728163163602,0.027024768878217892,0.0006614667402274838,0.058689692512357096
j2_reliable,48,3000,12,3,2.0,0.18446845408683202,j2_a_then_b,0.0,0.0,0.1,selected_order,1.4581225601270926,0.6793728163163602,0.027024768878217892,0.0006614667402274838,0.058689692512357096
j2_reliable,48,3000,12,3,2.0,0.18446845408683202,j2_a_then_b,0.0,0.0,0.1,independent,1.658063327861617,0.7287360553549213,0.21604641095149757,0.05014722888165367,4.201616358798464e-17
j2_reliable,48,3000,12,3,2.0,0.18446845408683202,j2_a_then_b,0.0,0.0,0.1,arithmetic,1.4854422345356992,0.6897068777501583,0.09205715954015384,0.007622111491384437,0.05796568645173953
j2_reliable,48,3000,12,3,2.0,0.18446845408683202,j2_a_then_b,0.0,0.0,0.1,geometric,1.4884886094556127,0.6904541207161258,0.0945599030111642,0.008089339939432045,0.058151703197870754
j2_reliable,48,3000,12,3,2.0,0.18446845408683202,j2_a_then_b,0.0,0.0,0.1,weighted_geometric,1.4581225601270926,0.6793728163163602,0.027024768878217892,0.0006614667402274849,0.0586896925123571
j2_reliable,48,3000,12,3,2.0,0.18446845408683202,j2_a_then_b,0.0,0.0,0.1,hard_core,1.5423643556859874,0.7008100892826361,0.12676238392393857,0.020306248051178425,1.06253926669123e-14
j2_reliable,48,3000,12,3,2.0,0.18446845408683202,j2_a_then_b,0.0,0.0,0.1,soft_core_0.1,1.4892396666014767,0.690429526364221,0.09497102711055194,0.008267982325874137,0.054081376453392525
j2_reliable,48,3000,12,3,2.0,0.18446845408683202,j2_a_then_b,0.0,0.0,0.1,soft_core_1,1.4984689336616215,0.6919017566443824,0.10064150586726496,0.010420100478631171,0.03456445910913398
j2_reliable,48,3000,12,3,2.0,0.18446845408683202,j2_a_then_b,0.0,0.0,0.1,soft_core_10,1.528366802748338,0.6979779934547361,0.11896584658556403,0.017211635103397585,0.008225032810123878
j2_reliable,48,3000,12,3,2.0,0.18446845408683202,j2_a_then_b,0.0,0.0,0.1,adaptive_soft,1.4584821254297167,0.6794915065799849,0.02875954601350203,0.0007512840035625804,0.05546606297190196
j2_reliable,49,3000,12,3,2.0,0.18887148636890785,j2_a_then_b,0.0,0.0,0.03,j1,1.6264179030245254,0.7389710340632204,0.18711378794114086,0.030584568053137844,0.059456188370009384
j2_reliable,49,3000,12,3,2.0,0.18887148636890785,j2_a_then_b,0.0,0.0,0.03,j2,1.4982203966442003,0.6951644073487792,0.027890773591823386,0.0006954077274042478,0.055920774116728474
j2_reliable,49,3000,12,3,2.0,0.18887148636890785,j2_a_then_b,0.0,0.0,0.03,selected_order,1.4982203966442003,0.6951644073487792,0.027890773591823386,0.0006954077274042478,0.055920774116728474
j2_reliable,49,3000,12,3,2.0,0.18887148636890785,j2_a_then_b,0.0,0.0,0.03,independent,1.6541325851072313,0.7300759616953478,0.18362282452104853,0.03871963996606625,4.4939918186935644e-17
j2_reliable,49,3000,12,3,2.0,0.18887148636890785,j2_a_then_b,0.0,0.0,0.03,arithmetic,1.5262639727599001,0.7055973060019091,0.09453476887098322,0.007830017610297644,0.05768848124336892
j2_reliable,49,3000,12,3,2.0,0.18887148636890785,j2_a_then_b,0.0,0.0,0.03,geometric,1.5295812651381895,0.7062510553589807,0.09697142108864805,0.008350839346856837,0.057895222477953034
j2_reliable,49,3000,12,3,2.0,0.18887148636890785,j2_a_then_b,0.0,0.0,0.03,weighted_geometric,1.4982203966442003,0.6951644073487792,0.027890773591823386,0.0006954077274042498,0.05592077411672848
j2_reliable,49,3000,12,3,2.0,0.18887148636890785,j2_a_then_b,0.0,0.0,0.03,hard_core,1.5744115522066688,0.7137515732094329,0.12271524896769635,0.018483381243261373,1.5794182063379533e-14
j2_reliable,49,3000,12,3,2.0,0.18887148636890785,j2_a_then_b,0.0,0.0,0.03,soft_core_0.1,1.5301968016436298,0.7060680364155513,0.0969760486212547,0.00849662325701934,0.053463829926194056
j2_reliable,49,3000,12,3,2.0,0.18887148636890785,j2_a_then_b,0.0,0.0,0.03,soft_core_1,1.5388393963575804,0.706892000285462,0.10105556894956572,0.010501529068241647,0.03262413431321993
j2_reliable,49,3000,12,3,2.0,0.18887148636890785,j2_a_then_b,0.0,0.0,0.03,soft_core_10,1.5641704478350078,0.7116954608475141,0.11640612269277391,0.016224960283880648,0.007062571592227482
j2_reliable,49,3000,12,3,2.0,0.18887148636890785,j2_a_then_b,0.0,0.0,0.03,adaptive_soft,1.4982363467486208,0.6951660412222119,0.027940086973006376,0.0006993212701645946,0.05486821956440434
all_noisy,0,3000,12,3,2.0,0.2565205518972317,j1_b_then_a,0.5,0.5,0.03,j1,1.5920109049286735,0.7284767794105897,0.1841077516925907,0.03029222892291,0.08783726332631883
all_noisy,0,3000,12,3,2.0,0.2565205518972317,j1_b_then_a,0.5,0.5,0.03,j2,1.5898819337720143,0.7288782351921643,0.18330042401329497,0.029816514213261612,0.0732220392817971
all_noisy,0,3000,12,3,2.0,0.2565205518972317,j1_b_then_a,0.5,0.5,0.03,selected_order,1.5920109049286735,0.7284767794105897,0.1841077516925907,0.03029222892291,0.08783726332631883
all_noisy,0,3000,12,3,2.0,0.2565205518972317,j1_b_then_a,0.5,0.5,0.03,independent,1.7058701986109606,0.7516583641235193,0.24566858199526567,0.05760179482207749,3.921902287400753e-17
all_noisy,0,3000,12,3,2.0,0.2565205518972317,j1_b_then_a,0.5,0.5,0.03,arithmetic,1.528227829767383,0.7069176114404392,0.13328964693266465,0.01604792882263985,0.08052965130405795
all_noisy,0,3000,12,3,2.0,0.2565205518972317,j1_b_then_a,0.5,0.5,0.03,geometric,1.5284516958984216,0.7074670084348704,0.1331342256138938,0.015916789882833692,0.08025841781789975
all_noisy,0,3000,12,3,2.0,0.2565205518972317,j1_b_then_a,0.5,0.5,0.03,weighted_geometric,1.5284516958984216,0.7074670084348704,0.1331342256138938,0.015916789882833692,0.08025841781789975
all_noisy,0,3000,12,3,2.0,0.2565205518972317,j1_b_then_a,0.5,0.5,0.03,hard_core,1.637475965300269,0.7353670738405385,0.20254764920186358,0.03963662962419395,1.4497606120037537e-14
all_noisy,0,3000,12,3,2.0,0.2565205518972317,j1_b_then_a,0.5,0.5,0.03,soft_core_0.1,1.5312479438025302,0.708224362175903,0.13557487296801737,0.016566233413657264,0.07427700109848433
all_noisy,0,3000,12,3,2.0,0.2565205518972317,j1_b_then_a,0.5,0.5,0.03,soft_core_1,1.5553554125160174,0.714928894530749,0.15508974621379043,0.022071367704557664,0.04592784068961934
all_noisy,0,3000,12,3,2.0,0.2565205518972317,j1_b_then_a,0.5,0.5,0.03,soft_core_10,1.6143438614379237,0.729858236608855,0.19114437821189514,0.034859250978576964,0.010166147903577647
all_noisy,0,3000,12,3,2.0,0.2565205518972317,j1_b_then_a,0.5,0.5,0.03,adaptive_soft,1.5292626816338217,0.7076829731876801,0.13383779804025836,0.01610538683986371,0.07834662524121401
all_noisy,1,3000,12,3,2.0,0.2570517382630308,j2_a_then_b,0.5,0.5,0.03,j1,1.5953546423229525,0.7252094260737537,0.18276014183494493,0.029781550039576322,0.08633523659189593
all_noisy,1,3000,12,3,2.0,0.2570517382630308,j2_a_then_b,0.5,0.5,0.03,j2,1.5936942355054238,0.7250515352906944,0.18229639256913377,0.029542575565368597,0.08762132872977724
all_noisy,1,3000,12,3,2.0,0.2570517382630308,j2_a_then_b,0.5,0.5,0.03,selected_order,1.5936942355054238,0.7250515352906944,0.18229639256913377,0.029542575565368597,0.08762132872977724
all_noisy,1,3000,12,3,2.0,0.2570517382630308,j2_a_then_b,0.5,0.5,0.03,independent,1.883939359285295,0.7813034740363449,0.333227029202797,0.09954380183584009,4.030335610131293e-17
all_noisy,1,3000,12,3,2.0,0.2570517382630308,j2_a_then_b,0.5,0.5,0.03,arithmetic,1.5317360044367376,0.7034509752780349,0.13124063808694236,0.015602431233951563,0.08697828266083656
all_noisy,1,3000,12,3,2.0,0.2570517382630308,j2_a_then_b,0.5,0.5,0.03,geometric,1.5318812574018557,0.7040544989580061,0.1310219882187852,0.015470420171288156,0.08711548367962559
all_noisy,1,3000,12,3,2.0,0.2570517382630308,j2_a_then_b,0.5,0.5,0.03,weighted_geometric,1.5318812574018557,0.7040544989580061,0.1310219882187852,0.015470420171288156,0.08711548367962559
all_noisy,1,3000,12,3,2.0,0.2570517382630308,j2_a_then_b,0.5,0.5,0.03,hard_core,1.683759514360715,0.736973730859203,0.21793821097990773,0.04852044064637263,1.1627653231222393e-14
all_noisy,1,3000,12,3,2.0,0.2570517382630308,j2_a_then_b,0.5,0.5,0.03,soft_core_0.1,1.5345672542920996,0.7047836128662422,0.13343390507483313,0.016098714196944617,0.0820350346768238
all_noisy,1,3000,12,3,2.0,0.2570517382630308,j2_a_then_b,0.5,0.5,0.03,soft_core_1,1.5588107466270011,0.7108749010652476,0.15272770237071584,0.021686955051424952,0.05665812975017814
all_noisy,1,3000,12,3,2.0,0.2570517382630308,j2_a_then_b,0.5,0.5,0.03,soft_core_10,1.6409777550037572,0.7284520896670558,0.19917859482500877,0.03968580629506703,0.015183208513737351
all_noisy,1,3000,12,3,2.0,0.2570517382630308,j2_a_then_b,0.5,0.5,0.03,adaptive_soft,1.5326675265626544,0.7042686565360917,0.13173758123221252,0.015654620027373826,0.08548977609430994
all_noisy,2,3000,12,3,2.0,0.25703368982125385,j2_a_then_b,0.25,0.25,0.1,j1,1.6064466741540424,0.7315405008833964,0.18221080519014493,0.02950875569915196,0.08790111635915483
all_noisy,2,3000,12,3,2.0,0.25703368982125385,j2_a_then_b,0.25,0.25,0.1,j2,1.6125199213512356,0.7344236835814492,0.18820983403344874,0.030810246365378095,0.08447687769309416
all_noisy,2,3000,12,3,2.0,0.25703368982125385,j2_a_then_b,0.25,0.25,0.1,selected_order,1.6125199213512356,0.7344236835814492,0.18820983403344874,0.030810246365378095,0.08447687769309416
all_noisy,2,3000,12,3,2.0,0.25703368982125385,j2_a_then_b,0.25,0.25,0.1,independent,1.8460037356185712,0.7809400312568663,0.3075268069083989,0.08926367890297489,4.350066148465172e-17
all_noisy,2,3000,12,3,2.0,0.25703368982125385,j2_a_then_b,0.25,0.25,0.1,arithmetic,1.5462460047678825,0.7113354570081232,0.13459698379840165,0.0160296208749888,0.08618899702612448
all_noisy,2,3000,12,3,2.0,0.25703368982125385,j2_a_then_b,0.25,0.25,0.1,geometric,1.5466703688814174,0.7119774893016372,0.1343354491855264,0.015965445881934937,0.08578123362409756
all_noisy,2,3000,12,3,2.0,0.25703368982125385,j2_a_then_b,0.25,0.25,0.1,weighted_geometric,1.5639552744840843,0.7180571812840734,0.150577545121858,0.01992683275781944,0.08502393835162987
all_noisy,2,3000,12,3,2.0,0.25703368982125385,j2_a_then_b,0.25,0.25,0.1,hard_core,1.694409776202308,0.7453657400628401,0.21898747322676346,0.047534952634560354,1.9647021531378482e-14
all_noisy,2,3000,12,3,2.0,0.25703368982125385,j2_a_then_b,0.25,0.25,0.1,soft_core_0.1,1.549668224959143,0.7128870801234889,0.13727589745193783,0.016665091344650586,0.08036020018404252
all_noisy,2,3000,12,3,2.0,0.25703368982125385,j2_a_then_b,0.25,0.25,0.1,soft_core_1,1.5749127515477097,0.7199770732922217,0.15833066787835195,0.022448666772706502,0.05401958498703908
all_noisy,2,3000,12,3,2.0,0.25703368982125385,j2_a_then_b,0.25,0.25,0.1,soft_core_10,1.6528208913421436,0.7372354193697486,0.20173619062885925,0.03919723422414213,0.014420388797803853
all_noisy,2,3000,12,3,2.0,0.25703368982125385,j2_a_then_b,0.25,0.25,0.1,adaptive_soft,1.5644664396182602,0.7179350838797056,0.1507041628816471,0.020038324530893534,0.07975318307682822
all_noisy,3,3000,12,3,2.0,0.26267937208357706,j1_b_then_a,0.5,0.5,0.03,j1,1.6153821111795608,0.734294921213995,0.18404637589416376,0.02969421171154368,0.0929297459948516
all_noisy,3,3000,12,3,2.0,0.26267937208357706,j1_b_then_a,0.5,0.5,0.03,j2,1.6198762682546497,0.7364513122179267,0.18719789242318005,0.03064844036146819,0.0850879359448008
all_noisy,3,3000,12,3,2.0,0.26267937208357706,j1_b_then_a,0.5,0.5,0.03,selected_order,1.6153821111795608,0.734294921213995,0.18404637589416376,0.02969421171154368,0.0929297459948516
all_noisy,3,3000,12,3,2.0,0.26267937208357706,j1_b_then_a,0.5,0.5,0.03,independent,1.89066020509937,0.7905752296707587,0.32964861595069045,0.09615974077228967,4.1594753779412083e-17
all_noisy,3,3000,12,3,2.0,0.26267937208357706,j1_b_then_a,0.5,0.5,0.03,arithmetic,1.5526022774782138,0.7129011606819545,0.13250293807245483,0.015604840226207152,0.08900884096982618
all_noisy,3,3000,12,3,2.0,0.26267937208357706,j1_b_then_a,0.5,0.5,0.03,geometric,1.552736167140464,0.7136056672175878,0.13244573882686156,0.0154648649377706,0.08892840526623848
all_noisy,3,3000,12,3,2.0,0.26267937208357706,j1_b_then_a,0.5,0.5,0.03,weighted_geometric,1.552736167140464,0.7136056672175878,0.13244573882686156,0.0154648649377706,0.08892840526623848
all_noisy,3,3000,12,3,2.0,0.26267937208357706,j1_b_then_a,0.5,0.5,0.03,hard_core,1.7052933924362874,0.747561008338257,0.2207389933888903,0.04870994097326765,2.647031837187312e-14
all_noisy,3,3000,12,3,2.0,0.26267937208357706,j1_b_then_a,0.5,0.5,0.03,soft_core_0.1,1.5555408496794085,0.7143772375213139,0.13508206582659596,0.016122810959144678,0.08370928531714703
all_noisy,3,3000,12,3,2.0,0.26267937208357706,j1_b_then_a,0.5,0.5,0.03,soft_core_1,1.5807337121284941,0.7207637917532052,0.15527365825588568,0.02193788519030089,0.057507817640937396
all_noisy,3,3000,12,3,2.0,0.26267937208357706,j1_b_then_a,0.5,0.5,0.03,soft_core_10,1.6639175191779314,0.7389070377535516,0.2023782478296441,0.04014227530197541,0.015036016592264953
all_noisy,3,3000,12,3,2.0,0.26267937208357706,j1_b_then_a,0.5,0.5,0.03,adaptive_soft,1.553557446544552,0.7138325414100344,0.13323425633810318,0.015657834117500675,0.08726112527375161
all_noisy,4,3000,12,3,2.0,0.2716696333067582,j2_a_then_b,0.5,0.5,0.03,j1,1.6987500243193718,0.7697389025529539,0.19498113047142854,0.032396190773697396,0.09257892230118706
all_noisy,4,3000,12,3,2.0,0.2716696333067582,j2_a_then_b,0.5,0.5,0.03,j2,1.6956106489106884,0.7676327954738861,0.19213848495102234,0.031757672311930885,0.08996576160776258
all_noisy,4,3000,12,3,2.0,0.2716696333067582,j2_a_then_b,0.5,0.5,0.03,selected_order,1.6956106489106884,0.7676327954738861,0.19213848495102234,0.031757672311930885,0.08996576160776258
all_noisy,4,3000,12,3,2.0,0.2716696333067582,j2_a_then_b,0.5,0.5,0.03,independent,1.9410378436956783,0.8207200249415953,0.32443872619592873,0.09450879600625513,3.904154208415913e-17
all_noisy,4,3000,12,3,2.0,0.2716696333067582,j2_a_then_b,0.5,0.5,0.03,arithmetic,1.6279471522995743,0.745397792698189,0.13915940651302836,0.01673402624940344,0.09127234195447481
all_noisy,4,3000,12,3,2.0,0.2716696333067582,j2_a_then_b,0.5,0.5,0.03,geometric,1.6291953635999108,0.7463915857715937,0.1400847565386243,0.01686602030255804,0.09116383293067634
all_noisy,4,3000,12,3,2.0,0.2716696333067582,j2_a_then_b,0.5,0.5,0.03,weighted_geometric,1.6291953635999108,0.7463915857715937,0.1400847565386243,0.01686602030255804,0.09116383293067634
all_noisy,4,3000,12,3,2.0,0.2716696333067582,j2_a_then_b,0.5,0.5,0.03,hard_core,1.78429749513564,0.7812023110057075,0.2289239133910888,0.0499615172414222,1.8760619215631366e-14
all_noisy,4,3000,12,3,2.0,0.2716696333067582,j2_a_then_b,0.5,0.5,0.03,soft_core_0.1,1.6321977505828735,0.7472541294518192,0.14292320173153789,0.01757108928719186,0.08541584247652681
all_noisy,4,3000,12,3,2.0,0.2716696333067582,j2_a_then_b,0.5,0.5,0.03,soft_core_1,1.6587406065881365,0.7543316719950737,0.16464560983873372,0.02366863206550291,0.05724328478786656
all_noisy,4,3000,12,3,2.0,0.2716696333067582,j2_a_then_b,0.5,0.5,0.03,soft_core_10,1.7422954621776108,0.7726296235966306,0.21128631195216277,0.041553529856371514,0.014827953553536357
all_noisy,4,3000,12,3,2.0,0.2716696333067582,j2_a_then_b,0.5,0.5,0.03,adaptive_soft,1.6300720363766916,0.7466443201361095,0.14092390803292984,0.01707233474737375,0.08932826007359156
all_noisy,5,3000,12,3,2.0,0.2637626494259485,j2_a_then_b,0.5,0.5,0.03,j1,1.6235730231980645,0.7436926571053049,0.1846546876234757,0.029832491914931477,0.08962336764488486
all_noisy,5,3000,12,3,2.0,0.2637626494259485,j2_a_then_b,0.5,0.5,0.03,j2,1.6283220099068652,0.7457680332891082,0.1894573094052147,0.031065323910431618,0.06808076359621167
all_noisy,5,3000,12,3,2.0,0.2637626494259485,j2_a_then_b,0.5,0.5,0.03,selected_order,1.6283220099068652,0.7457680332891082,0.1894573094052147,0.031065323910431618,0.06808076359621167
all_noisy,5,3000,12,3,2.0,0.2637626494259485,j2_a_then_b,0.5,0.5,0.03,independent,1.6509910815086235,0.7499059061239317,0.20254444797615814,0.03644753251472201,4.011976618044723e-17
all_noisy,5,3000,12,3,2.0,0.2637626494259485,j2_a_then_b,0.5,0.5,0.03,arithmetic,1.5604021153494378,0.7217622303723548,0.13319641806926438,0.01579317764148678,0.07885206562054825
all_noisy,5,3000,12,3,2.0,0.2637626494259485,j2_a_then_b,0.5,0.5,0.03,geometric,1.5607954448329409,0.7225317282571609,0.13362749178723002,0.015759112963343102,0.07832891588278665
all_noisy,5,3000,12,3,2.0,0.2637626494259485,j2_a_then_b,0.5,0.5,0.03,weighted_geometric,1.5607954448329409,0.7225317282571609,0.13362749178723002,0.015759112963343102,0.07832891588278665
all_noisy,5,3000,12,3,2.0,0.2637626494259485,j2_a_then_b,0.5,0.5,0.03,hard_core,1.6484297161653072,0.748769999707913,0.19788136763173092,0.034778935309285074,2.007824280191173e-14
all_noisy,5,3000,12,3,2.0,0.2637626494259485,j2_a_then_b,0.5,0.5,0.03,soft_core_0.1,1.563769472157332,0.7233969774991724,0.13632324860985778,0.016450212195797887,0.0715185780953944
all_noisy,5,3000,12,3,2.0,0.2637626494259485,j2_a_then_b,0.5,0.5,0.03,soft_core_1,1.5880627443381712,0.7308269520830565,0.15711660131253372,0.021946357568055023,0.040567542225549216
all_noisy,5,3000,12,3,2.0,0.2637626494259485,j2_a_then_b,0.5,0.5,0.03,soft_core_10,1.6342229834530315,0.744652074759302,0.18943564798523993,0.03185184191497956,0.007749472281138326
all_noisy,5,3000,12,3,2.0,0.2637626494259485,j2_a_then_b,0.5,0.5,0.03,adaptive_soft,1.5616576142732277,0.7227781016641032,0.1344152963129294,0.015960054643142763,0.0761473208763067
all_noisy,6,3000,12,3,2.0,0.26387580427783913,j2_a_then_b,0.5,0.5,0.03,j1,1.651693500351457,0.7521167103254496,0.18830509940815474,0.03056054685611841,0.08933022329153574
all_noisy,6,3000,12,3,2.0,0.26387580427783913,j2_a_then_b,0.5,0.5,0.03,j2,1.6518968100309637,0.7511251830296535,0.1876041097802287,0.030726121191934345,0.08916937454625358
all_noisy,6,3000,12,3,2.0,0.26387580427783913,j2_a_then_b,0.5,0.5,0.03,selected_order,1.6518968100309637,0.7511251830296535,0.1876041097802287,0.030726121191934345,0.08916937454625358
all_noisy,6,3000,12,3,2.0,0.26387580427783913,j2_a_then_b,0.5,0.5,0.03,independent,1.9176685541429137,0.802290240870245,0.32029936240071233,0.09727812425750396,3.863228653966818e-17
all_noisy,6,3000,12,3,2.0,0.26387580427783913,j2_a_then_b,0.5,0.5,0.03,arithmetic,1.586698665269959,0.7292742327221673,0.13490096945375116,0.016166975629841155,0.08924979891889465
all_noisy,6,3000,12,3,2.0,0.26387580427783913,j2_a_then_b,0.5,0.5,0.03,geometric,1.587745546029132,0.7303583080190738,0.13605082550320785,0.016246070472824416,0.08935742688809101
all_noisy,6,3000,12,3,2.0,0.26387580427783913,j2_a_then_b,0.5,0.5,0.03,weighted_geometric,1.587745546029132,0.7303583080190738,0.13605082550320785,0.016246070472824416,0.08935742688809101
all_noisy,6,3000,12,3,2.0,0.26387580427783913,j2_a_then_b,0.5,0.5,0.03,hard_core,1.7406885453539733,0.7617219676138698,0.22004578452505297,0.049653819809545544,1.460147494691622e-14
all_noisy,6,3000,12,3,2.0,0.26387580427783913,j2_a_then_b,0.5,0.5,0.03,soft_core_0.1,1.5902503529232863,0.7309533744915799,0.13810791770461336,0.016821943642799632,0.08400831932932326
all_noisy,6,3000,12,3,2.0,0.26387580427783913,j2_a_then_b,0.5,0.5,0.03,soft_core_1,1.6134634478524743,0.7363940988289258,0.15574718039890045,0.022110015887927822,0.05779630037650799
all_noisy,6,3000,12,3,2.0,0.26387580427783913,j2_a_then_b,0.5,0.5,0.03,soft_core_10,1.6950422337691153,0.7527869730130434,0.20049479464731831,0.040038137220686505,0.016108875221945224
all_noisy,6,3000,12,3,2.0,0.26387580427783913,j2_a_then_b,0.5,0.5,0.03,adaptive_soft,1.5884703607748216,0.7305281862435188,0.13664536751925344,0.016412801259201255,0.08764950249675685
all_noisy,7,3000,12,3,2.0,0.27002408292891117,j2_a_then_b,0.5,0.5,0.03,j1,1.6724942713334596,0.7628596503035464,0.1914290514364433,0.031398264486866174,0.09628039488253444
all_noisy,7,3000,12,3,2.0,0.27002408292891117,j2_a_then_b,0.5,0.5,0.03,j2,1.6740271103023463,0.7624332983320683,0.1922368185583864,0.03167297983076542,0.08919895469606615
all_noisy,7,3000,12,3,2.0,0.27002408292891117,j2_a_then_b,0.5,0.5,0.03,selected_order,1.6740271103023463,0.7624332983320683,0.1922368185583864,0.03167297983076542,0.08919895469606615
all_noisy,7,3000,12,3,2.0,0.27002408292891117,j2_a_then_b,0.5,0.5,0.03,independent,1.9598043482627827,0.8212572332567838,0.3389474930218551,0.10330805279757749,4.2677789011076236e-17
all_noisy,7,3000,12,3,2.0,0.27002408292891117,j2_a_then_b,0.5,0.5,0.03,arithmetic,1.6061343311474483,0.7393033237881583,0.13747265670870598,0.01651289215157236,0.09273967478930027
all_noisy,7,3000,12,3,2.0,0.27002408292891117,j2_a_then_b,0.5,0.5,0.03,geometric,1.6064030827275972,0.7403005548435505,0.13796318559441573,0.016430263847614347,0.09271197408824731
all_noisy,7,3000,12,3,2.0,0.27002408292891117,j2_a_then_b,0.5,0.5,0.03,weighted_geometric,1.6064030827275972,0.7403005548435505,0.13796318559441573,0.016430263847614347,0.09271197408824731
all_noisy,7,3000,12,3,2.0,0.27002408292891117,j2_a_then_b,0.5,0.5,0.03,hard_core,1.7754370616558668,0.7757665321429043,0.23109420575536085,0.05341826230133654,2.9142849977867056e-14
all_noisy,7,3000,12,3,2.0,0.27002408292891117,j2_a_then_b,0.5,0.5,0.03,soft_core_0.1,1.6094321626609258,0.7411277133152434,0.14065917131481076,0.017133803944314727,0.08734983904443461
all_noisy,7,3000,12,3,2.0,0.27002408292891117,j2_a_then_b,0.5,0.5,0.03,soft_core_1,1.6356459716410765,0.7476596757091883,0.16126170721331037,0.02314940874941568,0.06088395781146265
all_noisy,7,3000,12,3,2.0,0.27002408292891117,j2_a_then_b,0.5,0.5,0.03,soft_core_10,1.7260318055116797,0.7659531314258716,0.21021724646837325,0.043011877475741346,0.01710623553252781
all_noisy,7,3000,12,3,2.0,0.27002408292891117,j2_a_then_b,0.5,0.5,0.03,adaptive_soft,1.6072944936896825,0.7405452017537388,0.13875926356172538,0.01663750957063276,0.09099827500424329
all_noisy,8,3000,12,3,2.0,0.26448074677463695,j2_a_then_b,0.5,0.5,0.03,j1,1.6366010909996482,0.7444416409822215,0.19040834100788773,0.03167973263771703,0.08788591025984051
all_noisy,8,3000,12,3,2.0,0.26448074677463695,j2_a_then_b,0.5,0.5,0.03,j2,1.635969728260421,0.7430862130942484,0.18952130367642173,0.03151105497797515,0.08243458122931455
all_noisy,8,3000,12,3,2.0,0.26448074677463695,j2_a_then_b,0.5,0.5,0.03,selected_order,1.635969728260421,0.7430862130942484,0.18952130367642173,0.03151105497797515,0.08243458122931455
all_noisy,8,3000,12,3,2.0,0.26448074677463695,j2_a_then_b,0.5,0.5,0.03,independent,1.8070421541723103,0.772415544567251,0.2745999989333065,0.07379598550724943,4.108144324893173e-17
all_noisy,8,3000,12,3,2.0,0.26448074677463695,j2_a_then_b,0.5,0.5,0.03,arithmetic,1.5697155463717682,0.7209226460188617,0.13757036145634322,0.016781048777516263,0.08516024574457752
all_noisy,8,3000,12,3,2.0,0.26448074677463695,j2_a_then_b,0.5,0.5,0.03,geometric,1.5699479816432973,0.7215619093689736,0.1376246430574673,0.016650201304248186,0.08486123197797184
all_noisy,8,3000,12,3,2.0,0.26448074677463695,j2_a_then_b,0.5,0.5,0.03,weighted_geometric,1.5699479816432973,0.7215619093689736,0.1376246430574673,0.016650201304248186,0.08486123197797184
all_noisy,8,3000,12,3,2.0,0.26448074677463695,j2_a_then_b,0.5,0.5,0.03,hard_core,1.6994550065479979,0.7522432269005959,0.21520717872365713,0.04457071535547609,1.8292553102870994e-14
all_noisy,8,3000,12,3,2.0,0.26448074677463695,j2_a_then_b,0.5,0.5,0.03,soft_core_0.1,1.572850045318913,0.7223236562328968,0.14014458938807547,0.017321285631299,0.07881957021050016
all_noisy,8,3000,12,3,2.0,0.26448074677463695,j2_a_then_b,0.5,0.5,0.03,soft_core_1,1.598243318235681,0.729115028504546,0.16041343508560138,0.023090227452789665,0.05016714699077154
all_noisy,8,3000,12,3,2.0,0.26448074677463695,j2_a_then_b,0.5,0.5,0.03,soft_core_10,1.6678534050744076,0.7454764379073412,0.2009056056850828,0.038112044682978456,0.01203693109922122
all_noisy,8,3000,12,3,2.0,0.26448074677463695,j2_a_then_b,0.5,0.5,0.03,adaptive_soft,1.5707905084906537,0.7217795428070461,0.13835755484873985,0.016845360074205902,0.08292797038515345
all_noisy,9,3000,12,3,2.0,0.24097460251315023,j1_b_then_a,0.5,0.5,0.03,j1,1.4680073539674046,0.6810802641222179,0.175089538416586,0.028248853985309057,0.08113211806143211
all_noisy,9,3000,12,3,2.0,0.24097460251315023,j1_b_then_a,0.5,0.5,0.03,j2,1.4625949290451195,0.6778061246997568,0.1696792719468379,0.027029653387753753,0.0799022548876311
all_noisy,9,3000,12,3,2.0,0.24097460251315023,j1_b_then_a,0.5,0.5,0.03,selected_order,1.4680073539674046,0.6810802641222179,0.175089538416586,0.028248853985309057,0.08113211806143211
all_noisy,9,3000,12,3,2.0,0.24097460251315023,j1_b_then_a,0.5,0.5,0.03,independent,1.6929525085517403,0.7252765010264491,0.2921710313367027,0.08392008080209407,4.074502914968095e-17
all_noisy,9,3000,12,3,2.0,0.24097460251315023,j1_b_then_a,0.5,0.5,0.03,arithmetic,1.407321117051715,0.6584936974209873,0.12466776867448337,0.014680701486113053,0.0805171864745316
all_noisy,9,3000,12,3,2.0,0.24097460251315023,j1_b_then_a,0.5,0.5,0.03,geometric,1.4075146914457246,0.6589340893232396,0.1243606991812873,0.014539955212681364,0.08047161404658758
all_noisy,9,3000,12,3,2.0,0.24097460251315023,j1_b_then_a,0.5,0.5,0.03,weighted_geometric,1.4075146914457246,0.6589340893232396,0.1243606991812873,0.014539955212681364,0.08047161404658758
all_noisy,9,3000,12,3,2.0,0.24097460251315023,j1_b_then_a,0.5,0.5,0.03,hard_core,1.5403155329310514,0.6894134808681702,0.2014965090080002,0.04345085630328251,1.7273877095664942e-14
all_noisy,9,3000,12,3,2.0,0.24097460251315023,j1_b_then_a,0.5,0.5,0.03,soft_core_0.1,1.4097872309905426,0.6595652629702322,0.12642359210045362,0.015075501101233783,0.07559125181094793
all_noisy,9,3000,12,3,2.0,0.24097460251315023,j1_b_then_a,0.5,0.5,0.03,soft_core_1,1.4312423329984463,0.6652498729091197,0.14365769966990474,0.0200390274669369,0.051464740828669635
all_noisy,9,3000,12,3,2.0,0.24097460251315023,j1_b_then_a,0.5,0.5,0.03,soft_core_10,1.5032424801877604,0.6815186491302423,0.18503352584858312,0.0358038274725167,0.013574721067449017
all_noisy,9,3000,12,3,2.0,0.24097460251315023,j1_b_then_a,0.5,0.5,0.03,adaptive_soft,1.4081707417465608,0.6591155438189928,0.12495811880597554,0.014694910678892307,0.07891070579309982
all_noisy,10,3000,12,3,2.0,0.25596247852536785,j1_b_then_a,0.5,0.5,0.03,j1,1.5804133412011907,0.7301308220996956,0.18432834409646304,0.029842732406984224,0.09087672535687272
all_noisy,10,3000,12,3,2.0,0.25596247852536785,j1_b_then_a,0.5,0.5,0.03,j2,1.5763469637036405,0.7291230757481608,0.18161458451239346,0.029112259689876966,0.0579731808920721
all_noisy,10,3000,12,3,2.0,0.25596247852536785,j1_b_then_a,0.5,0.5,0.03,selected_order,1.5804133412011907,0.7301308220996956,0.18432834409646304,0.029842732406984224,0.09087672535687272
all_noisy,10,3000,12,3,2.0,0.25596247852536785,j1_b_then_a,0.5,0.5,0.03,independent,1.58344051982845,0.7308363104056477,0.18638075107188065,0.030640383416236754,3.693967453006424e-17
all_noisy,10,3000,12,3,2.0,0.25596247852536785,j1_b_then_a,0.5,0.5,0.03,arithmetic,1.516039931536039,0.7069458920740863,0.13128035658839735,0.015497645951928147,0.07442495312447239
all_noisy,10,3000,12,3,2.0,0.25596247852536785,j1_b_then_a,0.5,0.5,0.03,geometric,1.5158474639764519,0.7076646184506633,0.1311513404640316,0.01529652417779289,0.07388478172760644
all_noisy,10,3000,12,3,2.0,0.25596247852536785,j1_b_then_a,0.5,0.5,0.03,weighted_geometric,1.5158474639764519,0.7076646184506633,0.1311513404640316,0.01529652417779289,0.07388478172760644
all_noisy,10,3000,12,3,2.0,0.25596247852536785,j1_b_then_a,0.5,0.5,0.03,hard_core,1.5941131875364332,0.7327710867884111,0.1907352672750639,0.03257546177377258,5.276693045543646e-15
all_noisy,10,3000,12,3,2.0,0.25596247852536785,j1_b_then_a,0.5,0.5,0.03,soft_core_0.1,1.518595513910366,0.7084500088282546,0.13370787638839995,0.0159432923825639,0.06719292898977908
all_noisy,10,3000,12,3,2.0,0.25596247852536785,j1_b_then_a,0.5,0.5,0.03,soft_core_1,1.5413596959078706,0.71576155426556,0.15334289853586508,0.02115678633049901,0.03711077644354992
all_noisy,10,3000,12,3,2.0,0.25596247852536785,j1_b_then_a,0.5,0.5,0.03,soft_core_10,1.582289973686549,0.7290326817832697,0.18317632393202102,0.030086492567665105,0.006799315128803401
all_noisy,10,3000,12,3,2.0,0.25596247852536785,j1_b_then_a,0.5,0.5,0.03,adaptive_soft,1.5166379547165731,0.7078823103441582,0.13188198414291427,0.015483210539656846,0.07174004140553648
all_noisy,11,3000,12,3,2.0,0.2602523444068943,j1_b_then_a,0.75,0.75,0.03,j1,1.602468842425223,0.7304587508674278,0.18559299440174365,0.030286746576900808,0.08758959531261677
all_noisy,11,3000,12,3,2.0,0.2602523444068943,j1_b_then_a,0.75,0.75,0.03,j2,1.6038108091271812,0.7313133891521703,0.18627171301352616,0.030695610600257717,0.09207600546137057
all_noisy,11,3000,12,3,2.0,0.2602523444068943,j1_b_then_a,0.75,0.75,0.03,selected_order,1.602468842425223,0.7304587508674278,0.18559299440174365,0.030286746576900808,0.08758959531261677
all_noisy,11,3000,12,3,2.0,0.2602523444068943,j1_b_then_a,0.75,0.75,0.03,independent,1.8977673339549317,0.7918726113379221,0.34141744195084,0.10272222502558219,4.3086959299440086e-17
all_noisy,11,3000,12,3,2.0,0.2602523444068943,j1_b_then_a,0.75,0.75,0.03,arithmetic,1.5379472812052037,0.7083097685541082,0.1331798265089136,0.015944553065624208,0.08983280038699365
all_noisy,11,3000,12,3,2.0,0.2602523444068943,j1_b_then_a,0.75,0.75,0.03,geometric,1.538311091962678,0.7090146319908128,0.13327459513589587,0.015863120513045344,0.08995609150158723
all_noisy,11,3000,12,3,2.0,0.2602523444068943,j1_b_then_a,0.75,0.75,0.03,weighted_geometric,1.55431488122779,0.7144768916443928,0.14841132075999458,0.01952215398236734,0.08875904087423027
all_noisy,11,3000,12,3,2.0,0.2602523444068943,j1_b_then_a,0.75,0.75,0.03,hard_core,1.7004526208103832,0.7448008250800298,0.22448567244302153,0.051079685749989376,1.2948115867948185e-14
all_noisy,11,3000,12,3,2.0,0.2602523444068943,j1_b_then_a,0.75,0.75,0.03,soft_core_0.1,1.5411239499613505,0.7097818204917885,0.13584315443553435,0.016523383690611515,0.08489617107408685
all_noisy,11,3000,12,3,2.0,0.2602523444068943,j1_b_then_a,0.75,0.75,0.03,soft_core_1,1.566779276103661,0.7162118887848216,0.15604950521233993,0.02245165670730744,0.05916019315544534
all_noisy,11,3000,12,3,2.0,0.2602523444068943,j1_b_then_a,0.75,0.75,0.03,soft_core_10,1.655296735244212,0.7353186756888408,0.2048868388249608,0.04176275341120435,0.015818332768358905
all_noisy,11,3000,12,3,2.0,0.2602523444068943,j1_b_then_a,0.75,0.75,0.03,adaptive_soft,1.5543099570834404,0.7143609061022164,0.14828476814731228,0.019522597407510972,0.08719632829638355
all_noisy,12,3000,12,3,2.0,0.2555740036853307,j1_b_then_a,0.5,0.5,0.03,j1,1.5869534356125987,0.7250038677072616,0.18072517489816406,0.0294299709726954,0.08491721623948094
all_noisy,12,3000,12,3,2.0,0.2555740036853307,j1_b_then_a,0.5,0.5,0.03,j2,1.5881577461714529,0.7262787689756487,0.1836972994983503,0.029794191323761588,0.08534670231564774
all_noisy,12,3000,12,3,2.0,0.2555740036853307,j1_b_then_a,0.5,0.5,0.03,selected_order,1.5869534356125987,0.7250038677072616,0.18072517489816406,0.0294299709726954,0.08491721623948094
all_noisy,12,3000,12,3,2.0,0.2555740036853307,j1_b_then_a,0.5,0.5,0.03,independent,1.8017690511072073,0.7677185412624391,0.2939359474090171,0.08407299318074449,4.453797718360445e-17
all_noisy,12,3000,12,3,2.0,0.2555740036853307,j1_b_then_a,0.5,0.5,0.03,arithmetic,1.5241718865905707,0.7040350064263207,0.13119184391030214,0.015519192052776102,0.08513195927756431
all_noisy,12,3000,12,3,2.0,0.2555740036853307,j1_b_then_a,0.5,0.5,0.03,geometric,1.5249874292028054,0.7049107032433705,0.1315349453743367,0.015537967477563983,0.08503624189353506
all_noisy,12,3000,12,3,2.0,0.2555740036853307,j1_b_then_a,0.5,0.5,0.03,weighted_geometric,1.5249874292028054,0.7049107032433705,0.1315349453743367,0.015537967477563983,0.08503624189353506
all_noisy,12,3000,12,3,2.0,0.2555740036853307,j1_b_then_a,0.5,0.5,0.03,hard_core,1.664825994437554,0.7364877436826949,0.21137838285239835,0.04520059205502593,9.847566074486659e-15
all_noisy,12,3000,12,3,2.0,0.2555740036853307,j1_b_then_a,0.5,0.5,0.03,soft_core_0.1,1.5276573993677673,0.7056635175431013,0.13402851623726483,0.01616000796829569,0.07956798993470468
all_noisy,12,3000,12,3,2.0,0.2555740036853307,j1_b_then_a,0.5,0.5,0.03,soft_core_1,1.551798603958792,0.7121004254195996,0.1532385488904258,0.021664535834276674,0.05291917800646645
all_noisy,12,3000,12,3,2.0,0.2555740036853307,j1_b_then_a,0.5,0.5,0.03,soft_core_10,1.6270833569250394,0.7287926321625152,0.19526261196378292,0.03769240746660417,0.013510179925870088
all_noisy,12,3000,12,3,2.0,0.2555740036853307,j1_b_then_a,0.5,0.5,0.03,adaptive_soft,1.5257626970083362,0.7051290045632037,0.13226615433816385,0.015718910917967965,0.083289600628079
all_noisy,13,3000,12,3,2.0,0.2480628324174123,j1_b_then_a,0.5,0.5,0.03,j1,1.5210072214895203,0.6959349603498215,0.17787457705808032,0.028907674060064708,0.08450098677792067
all_noisy,13,3000,12,3,2.0,0.2480628324174123,j1_b_then_a,0.5,0.5,0.03,j2,1.5201601325849459,0.6952265543045485,0.17716177777460462,0.028757168270004678,0.08268537058502858
all_noisy,13,3000,12,3,2.0,0.2480628324174123,j1_b_then_a,0.5,0.5,0.03,selected_order,1.5210072214895203,0.6959349603498215,0.17787457705808032,0.028907674060064708,0.08450098677792067
all_noisy,13,3000,12,3,2.0,0.2480628324174123,j1_b_then_a,0.5,0.5,0.03,independent,1.7356698321802304,0.7382814086229393,0.288344697300575,0.0835942803833569,4.190384174875149e-17
all_noisy,13,3000,12,3,2.0,0.2480628324174123,j1_b_then_a,0.5,0.5,0.03,arithmetic,1.4599265317309709,0.674299483977703,0.12873279152606265,0.015280437100390648,0.0835931786814746
all_noisy,13,3000,12,3,2.0,0.2480628324174123,j1_b_then_a,0.5,0.5,0.03,geometric,1.4601847875998981,0.6748652261345147,0.12850769622076388,0.015156599189902724,0.08353940396934356
all_noisy,13,3000,12,3,2.0,0.2480628324174123,j1_b_then_a,0.5,0.5,0.03,weighted_geometric,1.4601847875998981,0.6748652261345147,0.12850769622076388,0.015156599189902724,0.08353940396934356
all_noisy,13,3000,12,3,2.0,0.2480628324174123,j1_b_then_a,0.5,0.5,0.03,hard_core,1.6043261907742148,0.7064009824445234,0.2080558286275397,0.04548097052489131,1.1811634688691628e-14
all_noisy,13,3000,12,3,2.0,0.2480628324174123,j1_b_then_a,0.5,0.5,0.03,soft_core_0.1,1.4627235917861832,0.6755450272926149,0.13079632417831497,0.015744640766838965,0.07828517304445266
all_noisy,13,3000,12,3,2.0,0.2480628324174123,j1_b_then_a,0.5,0.5,0.03,soft_core_1,1.48603518287869,0.6816601994809892,0.1491794920864775,0.021062250955886746,0.052660732191347794
all_noisy,13,3000,12,3,2.0,0.2480628324174123,j1_b_then_a,0.5,0.5,0.03,soft_core_10,1.5631044665493452,0.6983614929701689,0.19130967579864605,0.03740980157219547,0.01397979490268828
all_noisy,13,3000,12,3,2.0,0.2480628324174123,j1_b_then_a,0.5,0.5,0.03,adaptive_soft,1.4609202366840068,0.6750602062821168,0.12918624938076365,0.015327115094220137,0.08186048723113941
all_noisy,14,3000,12,3,2.0,0.25844566552177417,j1_b_then_a,0.5,0.5,0.03,j1,1.5712231279903537,0.7182870454053282,0.18282482984461795,0.02983491463124626,0.09148236733455169
all_noisy,14,3000,12,3,2.0,0.25844566552177417,j1_b_then_a,0.5,0.5,0.03,j2,1.5712538971214516,0.7174813502422156,0.18318588097674723,0.029888363315156135,0.08803715963929458
all_noisy,14,3000,12,3,2.0,0.25844566552177417,j1_b_then_a,0.5,0.5,0.03,selected_order,1.5712231279903537,0.7182870454053282,0.18282482984461795,0.02983491463124626,0.09148236733455169
all_noisy,14,3000,12,3,2.0,0.25844566552177417,j1_b_then_a,0.5,0.5,0.03,independent,1.87120490443206,0.7775314636493669,0.3376630808310385,0.10286965760653925,4.2402979065154975e-17
all_noisy,14,3000,12,3,2.0,0.25844566552177417,j1_b_then_a,0.5,0.5,0.03,arithmetic,1.5073801484799743,0.6953161904925974,0.13058543687096638,0.015560938365259562,0.0897597634869231
all_noisy,14,3000,12,3,2.0,0.25844566552177417,j1_b_then_a,0.5,0.5,0.03,geometric,1.5075132970115623,0.6958580917404803,0.1306585446475191,0.015424593471219687,0.0897222874922622
all_noisy,14,3000,12,3,2.0,0.25844566552177417,j1_b_then_a,0.5,0.5,0.03,weighted_geometric,1.5075132970115623,0.6958580917404803,0.1306585446475191,0.015424593471219687,0.0897222874922622
all_noisy,14,3000,12,3,2.0,0.25844566552177417,j1_b_then_a,0.5,0.5,0.03,hard_core,1.6713279119169095,0.7304802104769181,0.22146962733727318,0.05107072462824191,1.5057504688367664e-14
all_noisy,14,3000,12,3,2.0,0.25844566552177417,j1_b_then_a,0.5,0.5,0.03,soft_core_0.1,1.5102677677482883,0.6965947389079895,0.13313262084405084,0.016069438682476074,0.08472588936449778
all_noisy,14,3000,12,3,2.0,0.25844566552177417,j1_b_then_a,0.5,0.5,0.03,soft_core_1,1.5354025232355195,0.7027774227903738,0.15280837599516656,0.021862041427790302,0.0594167719168657
all_noisy,14,3000,12,3,2.0,0.25844566552177417,j1_b_then_a,0.5,0.5,0.03,soft_core_10,1.6243502600179438,0.7211333409471937,0.2013539566107719,0.04132376464863379,0.01625749730437622
all_noisy,14,3000,12,3,2.0,0.25844566552177417,j1_b_then_a,0.5,0.5,0.03,adaptive_soft,1.5083193754054582,0.6960741443002301,0.1313846038537668,0.015613613823897532,0.08812861427889261
all_noisy,15,3000,12,3,2.0,0.27221419193572044,j1_b_then_a,0.5,0.5,0.03,j1,1.7320043292210907,0.7785174742930964,0.19738237593900104,0.03297090336447909,0.09029737457614397
all_noisy,15,3000,12,3,2.0,0.27221419193572044,j1_b_then_a,0.5,0.5,0.03,j2,1.729558648027973,0.7769728676254706,0.19510972257683373,0.032432099308619095,0.09036937026131289
all_noisy,15,3000,12,3,2.0,0.27221419193572044,j1_b_then_a,0.5,0.5,0.03,selected_order,1.7320043292210907,0.7785174742930964,0.19738237593900104,0.03297090336447909,0.09029737457614397
all_noisy,15,3000,12,3,2.0,0.27221419193572044,j1_b_then_a,0.5,0.5,0.03,independent,1.9516470412113966,0.8211091905492228,0.31146060838353323,0.08909789846691751,4.385932083373715e-17
all_noisy,15,3000,12,3,2.0,0.27221419193572044,j1_b_then_a,0.5,0.5,0.03,arithmetic,1.6615839764950144,0.7549079592080159,0.14183358111079375,0.017319395642472486,0.09033337241872841
all_noisy,15,3000,12,3,2.0,0.27221419193572044,j1_b_then_a,0.5,0.5,0.03,geometric,1.662325495429962,0.7559208759530454,0.14285832605853804,0.01736677875718405,0.08996668386420278
all_noisy,15,3000,12,3,2.0,0.27221419193572044,j1_b_then_a,0.5,0.5,0.03,weighted_geometric,1.662325495429962,0.7559208759530454,0.14285832605853804,0.01736677875718405,0.08996668386420278
all_noisy,15,3000,12,3,2.0,0.27221419193572044,j1_b_then_a,0.5,0.5,0.03,hard_core,1.8124225198884205,0.7878023953200567,0.22557998167887186,0.04885326166124989,1.2529059204241609e-14
all_noisy,15,3000,12,3,2.0,0.27221419193572044,j1_b_then_a,0.5,0.5,0.03,soft_core_0.1,1.6653596058611668,0.7567265390327712,0.14544245548444093,0.018066932335814846,0.08404063581432365
all_noisy,15,3000,12,3,2.0,0.27221419193572044,j1_b_then_a,0.5,0.5,0.03,soft_core_1,1.6917243690146566,0.7634738030756923,0.1656392230922177,0.024028233002029553,0.05557018992871781
all_noisy,15,3000,12,3,2.0,0.27221419193572044,j1_b_then_a,0.5,0.5,0.03,soft_core_10,1.771373508214783,0.7801374085254994,0.20891991841048882,0.04081114670043316,0.014438561968658808
all_noisy,15,3000,12,3,2.0,0.27221419193572044,j1_b_then_a,0.5,0.5,0.03,adaptive_soft,1.6632109967238247,0.7561551595295016,0.1436213264259645,0.01757150251532981,0.08807037556568278
all_noisy,16,3000,12,3,2.0,0.2578288913431992,j1_b_then_a,0.5,0.5,0.03,j1,1.5868232856443814,0.7190120975018605,0.18198208273902997,0.029871031879544048,0.08636962181675978
all_noisy,16,3000,12,3,2.0,0.2578288913431992,j1_b_then_a,0.5,0.5,0.03,j2,1.587450703441447,0.7196441001864673,0.1837533517029089,0.030026623382672566,0.08560207952397203
all_noisy,16,3000,12,3,2.0,0.2578288913431992,j1_b_then_a,0.5,0.5,0.03,selected_order,1.5868232856443814,0.7190120975018605,0.18198208273902997,0.029871031879544048,0.08636962181675978
all_noisy,16,3000,12,3,2.0,0.2578288913431992,j1_b_then_a,0.5,0.5,0.03,independent,1.8259025496486794,0.7650498049531796,0.30310728092384764,0.08876751122235084,4.111178989833301e-17
all_noisy,16,3000,12,3,2.0,0.2578288913431992,j1_b_then_a,0.5,0.5,0.03,arithmetic,1.5236781701706112,0.6974579732307664,0.13200702389057975,0.01572874848625571,0.08598585067036589
all_noisy,16,3000,12,3,2.0,0.2578288913431992,j1_b_then_a,0.5,0.5,0.03,geometric,1.5235755515748186,0.6979370881526524,0.1315632322319541,0.015526456067722127,0.08573672512534844
all_noisy,16,3000,12,3,2.0,0.2578288913431992,j1_b_then_a,0.5,0.5,0.03,weighted_geometric,1.5235755515748186,0.6979370881526524,0.1315632322319541,0.015526456067722127,0.08573672512534844
all_noisy,16,3000,12,3,2.0,0.2578288913431992,j1_b_then_a,0.5,0.5,0.03,hard_core,1.66959494540728,0.7297490394392017,0.21380052608674027,0.047371863808214655,1.7390133278706587e-14
all_noisy,16,3000,12,3,2.0,0.2578288913431992,j1_b_then_a,0.5,0.5,0.03,soft_core_0.1,1.5262658020516469,0.6986380442172404,0.13392017347300508,0.016153479157420627,0.08042894048627873
all_noisy,16,3000,12,3,2.0,0.2578288913431992,j1_b_then_a,0.5,0.5,0.03,soft_core_1,1.5500750939397905,0.7046614449155472,0.1527144828231335,0.021625790351455915,0.05457212196971766
all_noisy,16,3000,12,3,2.0,0.2578288913431992,j1_b_then_a,0.5,0.5,0.03,soft_core_10,1.6278636040299113,0.7213793163402734,0.19589164379710053,0.038696625248751136,0.014743049263777595
all_noisy,16,3000,12,3,2.0,0.2578288913431992,j1_b_then_a,0.5,0.5,0.03,adaptive_soft,1.5243609321430684,0.6981406115819769,0.13225097539271252,0.01570974117119867,0.0840400626771393
all_noisy,17,3000,12,3,2.0,0.2522956058763164,j1_b_then_a,0.5,0.5,0.03,j1,1.5856305197098741,0.7215019666748101,0.18350494120073196,0.030041829012872005,0.08351277012604551
all_noisy,17,3000,12,3,2.0,0.2522956058763164,j1_b_then_a,0.5,0.5,0.03,j2,1.5818770007611747,0.7199843645431617,0.18039407882293104,0.02920991576229033,0.06686346632465134
all_noisy,17,3000,12,3,2.0,0.2522956058763164,j1_b_then_a,0.5,0.5,0.03,selected_order,1.5856305197098741,0.7215019666748101,0.18350494120073196,0.030041829012872005,0.08351277012604551
all_noisy,17,3000,12,3,2.0,0.2522956058763164,j1_b_then_a,0.5,0.5,0.03,independent,1.617129109865104,0.7250271432247257,0.19977787461439186,0.03755093336916537,4.554789287254986e-17
all_noisy,17,3000,12,3,2.0,0.2522956058763164,j1_b_then_a,0.5,0.5,0.03,arithmetic,1.522473156290956,0.6997036887577174,0.13236501393615707,0.015850367233991705,0.07518811822534842
all_noisy,17,3000,12,3,2.0,0.2522956058763164,j1_b_then_a,0.5,0.5,0.03,geometric,1.5219257058149407,0.700108745343531,0.13134293078033948,0.015532784597494936,0.07505563565236849
all_noisy,17,3000,12,3,2.0,0.2522956058763164,j1_b_then_a,0.5,0.5,0.03,weighted_geometric,1.5219257058149407,0.700108745343531,0.13134293078033948,0.015532784597494936,0.07505563565236849
all_noisy,17,3000,12,3,2.0,0.2522956058763164,j1_b_then_a,0.5,0.5,0.03,hard_core,1.6030964634373046,0.7242070124819151,0.1911258008691475,0.033576588254616714,5.229180655631015e-14
all_noisy,17,3000,12,3,2.0,0.2522956058763164,j1_b_then_a,0.5,0.5,0.03,soft_core_0.1,1.5244763249060425,0.7007840258215691,0.13374541757088182,0.016136047358178734,0.06855403211327664
all_noisy,17,3000,12,3,2.0,0.2522956058763164,j1_b_then_a,0.5,0.5,0.03,soft_core_1,1.5463734953731025,0.7072611458065132,0.15266145855774288,0.02118744755074035,0.038991265116522816
all_noisy,17,3000,12,3,2.0,0.2522956058763164,j1_b_then_a,0.5,0.5,0.03,soft_core_10,1.5895757407482245,0.7202398285598478,0.1829831648255012,0.03070421291080989,0.007486015972512097
all_noisy,17,3000,12,3,2.0,0.2522956058763164,j1_b_then_a,0.5,0.5,0.03,adaptive_soft,1.522657081224549,0.7002958901324537,0.13203297182998203,0.015706334298035207,0.07297119253950417
all_noisy,18,3000,12,3,2.0,0.26427948667903406,j2_a_then_b,0.5,0.5,0.03,j1,1.6702780377859254,0.753322764985748,0.19311851832940927,0.032157199206956054,0.09371721768921296
all_noisy,18,3000,12,3,2.0,0.26427948667903406,j2_a_then_b,0.5,0.5,0.03,j2,1.6610118200095514,0.7486089892624902,0.18458132005932446,0.029965022755711654,0.07578421672137459
all_noisy,18,3000,12,3,2.0,0.26427948667903406,j2_a_then_b,0.5,0.5,0.03,selected_order,1.6610118200095514,0.7486089892624902,0.18458132005932446,0.029965022755711654,0.07578421672137459
all_noisy,18,3000,12,3,2.0,0.26427948667903406,j2_a_then_b,0.5,0.5,0.03,independent,1.8073149559818715,0.7805748535417746,0.2681232304716949,0.06616701763153952,3.922053774537631e-17
all_noisy,18,3000,12,3,2.0,0.26427948667903406,j2_a_then_b,0.5,0.5,0.03,arithmetic,1.5999710457632468,0.7288374165775378,0.13662534877505977,0.016365842513113,0.08475071720529376
all_noisy,18,3000,12,3,2.0,0.26427948667903406,j2_a_then_b,0.5,0.5,0.03,geometric,1.600162215903158,0.7293663204110452,0.13657895560630637,0.016255758983100357,0.08419951080382553
all_noisy,18,3000,12,3,2.0,0.26427948667903406,j2_a_then_b,0.5,0.5,0.03,weighted_geometric,1.600162215903158,0.7293663204110452,0.13657895560630637,0.016255758983100357,0.08419951080382553
all_noisy,18,3000,12,3,2.0,0.26427948667903406,j2_a_then_b,0.5,0.5,0.03,hard_core,1.7187025222693415,0.7577650508635605,0.20987635293952908,0.04191218062944386,1.4657780181371087e-14
all_noisy,18,3000,12,3,2.0,0.26427948667903406,j2_a_then_b,0.5,0.5,0.03,soft_core_0.1,1.6030735354124352,0.7301093847942498,0.139167130716537,0.01693423064400948,0.0781182705095645
all_noisy,18,3000,12,3,2.0,0.26427948667903406,j2_a_then_b,0.5,0.5,0.03,soft_core_1,1.628142341592478,0.736718712659819,0.1589225448581867,0.022667110914593978,0.04910363359804403
all_noisy,18,3000,12,3,2.0,0.26427948667903406,j2_a_then_b,0.5,0.5,0.03,soft_core_10,1.6919821429960498,0.7519224398210508,0.1970627037941022,0.036456856744710546,0.01127572286742724
all_noisy,18,3000,12,3,2.0,0.26427948667903406,j2_a_then_b,0.5,0.5,0.03,adaptive_soft,1.601008737454881,0.7295784694936986,0.13734042438646799,0.016453352510903834,0.08225355716743571
all_noisy,19,3000,12,3,2.0,0.2522084194840779,j2_a_then_b,0.5,0.5,0.03,j1,1.5583952269342687,0.7107025529115041,0.18188867024211627,0.02957544651125157,0.08047229422904846
all_noisy,19,3000,12,3,2.0,0.2522084194840779,j2_a_then_b,0.5,0.5,0.03,j2,1.5561098955115569,0.710864928167317,0.1807890776963841,0.02926649554757474,0.07931453804132572
all_noisy,19,3000,12,3,2.0,0.2522084194840779,j2_a_then_b,0.5,0.5,0.03,selected_order,1.5561098955115569,0.710864928167317,0.1807890776963841,0.02926649554757474,0.07931453804132572
all_noisy,19,3000,12,3,2.0,0.2522084194840779,j2_a_then_b,0.5,0.5,0.03,independent,1.6742043767056896,0.7399131838880146,0.250292512794347,0.057775523734291484,4.0534244436068085e-17
all_noisy,19,3000,12,3,2.0,0.2522084194840779,j2_a_then_b,0.5,0.5,0.03,arithmetic,1.4957748455902022,0.6895738730526076,0.13112328079880747,0.015676079285335095,0.07989341613518708
all_noisy,19,3000,12,3,2.0,0.2522084194840779,j2_a_then_b,0.5,0.5,0.03,geometric,1.496150298672394,0.6900673680378159,0.1311065862042576,0.015584722319698383,0.07943868997748461
all_noisy,19,3000,12,3,2.0,0.2522084194840779,j2_a_then_b,0.5,0.5,0.03,weighted_geometric,1.496150298672394,0.6900673680378159,0.1311065862042576,0.015584722319698383,0.07943868997748461
all_noisy,19,3000,12,3,2.0,0.2522084194840779,j2_a_then_b,0.5,0.5,0.03,hard_core,1.6039829425763805,0.7194152996083827,0.20322870505710272,0.0390142843724401,2.781016910115305e-14
all_noisy,19,3000,12,3,2.0,0.2522084194840779,j2_a_then_b,0.5,0.5,0.03,soft_core_0.1,1.4991303359378152,0.6909935710108752,0.13399357820731803,0.016279864608474044,0.07354881354869346
all_noisy,19,3000,12,3,2.0,0.2522084194840779,j2_a_then_b,0.5,0.5,0.03,soft_core_1,1.523471210178704,0.6982571435763416,0.1548049034876418,0.021840227990361376,0.045635377653288865
all_noisy,19,3000,12,3,2.0,0.2522084194840779,j2_a_then_b,0.5,0.5,0.03,soft_core_10,1.5812670431312408,0.7137305260771284,0.19175420014567235,0.03434483151915127,0.010144795991913093
all_noisy,19,3000,12,3,2.0,0.2522084194840779,j2_a_then_b,0.5,0.5,0.03,adaptive_soft,1.4970254276745165,0.6903396427341892,0.13195978432804525,0.015789287314111344,0.07755315897720018
all_noisy,20,3000,12,3,2.0,0.257158057184416,j2_a_then_b,0.5,0.5,0.03,j1,1.6014926210352074,0.7359484433417177,0.18714610177059296,0.030534589434763386,0.09034493847064057
all_noisy,20,3000,12,3,2.0,0.257158057184416,j2_a_then_b,0.5,0.5,0.03,j2,1.5983710818814962,0.7348630321911719,0.1831787347679183,0.02972403224974104,0.06553818402641903
all_noisy,20,3000,12,3,2.0,0.257158057184416,j2_a_then_b,0.5,0.5,0.03,selected_order,1.5983710818814962,0.7348630321911719,0.1831787347679183,0.02972403224974104,0.06553818402641903
all_noisy,20,3000,12,3,2.0,0.257158057184416,j2_a_then_b,0.5,0.5,0.03,independent,1.6715944016196198,0.749189979631161,0.2246048371496312,0.046974162819529805,4.344657518989207e-17
all_noisy,20,3000,12,3,2.0,0.257158057184416,j2_a_then_b,0.5,0.5,0.03,arithmetic,1.537317040516995,0.7133454587282554,0.1340467567980237,0.01611741907245718,0.07794156124852979
all_noisy,20,3000,12,3,2.0,0.257158057184416,j2_a_then_b,0.5,0.5,0.03,geometric,1.5374467770041595,0.7141093339045465,0.1340624405497193,0.016005522866612335,0.07762013619304708
all_noisy,20,3000,12,3,2.0,0.257158057184416,j2_a_then_b,0.5,0.5,0.03,weighted_geometric,1.5374467770041595,0.7141093339045465,0.1340624405497193,0.016005522866612335,0.07762013619304708
all_noisy,20,3000,12,3,2.0,0.257158057184416,j2_a_then_b,0.5,0.5,0.03,hard_core,1.6324898126610645,0.7410672169706233,0.19950181707280182,0.036734244519658205,9.221090417646768e-15
all_noisy,20,3000,12,3,2.0,0.257158057184416,j2_a_then_b,0.5,0.5,0.03,soft_core_0.1,1.5402749971077998,0.7148934338408516,0.1365683814288556,0.016661255175009704,0.07132287485816896
all_noisy,20,3000,12,3,2.0,0.257158057184416,j2_a_then_b,0.5,0.5,0.03,soft_core_1,1.5639820934297883,0.7219368971513783,0.15638018335307735,0.02205254416515564,0.04214823888007033
all_noisy,20,3000,12,3,2.0,0.257158057184416,j2_a_then_b,0.5,0.5,0.03,soft_core_10,1.6148489393988934,0.7363610480653193,0.1897991699626973,0.03307322036098861,0.008625111496405527
all_noisy,20,3000,12,3,2.0,0.257158057184416,j2_a_then_b,0.5,0.5,0.03,adaptive_soft,1.5382674680105175,0.7143312529004958,0.13478768233639307,0.01619615107831538,0.07560398268737326
all_noisy,21,3000,12,3,2.0,0.2652375790583257,j1_b_then_a,0.5,0.5,0.03,j1,1.64746068265467,0.746710646530824,0.18873698249808557,0.030816281038130486,0.08850031824316958
all_noisy,21,3000,12,3,2.0,0.2652375790583257,j1_b_then_a,0.5,0.5,0.03,j2,1.6520402993228627,0.7485360241393602,0.19050829227622115,0.0318326014755492,0.08050494815905346
all_noisy,21,3000,12,3,2.0,0.2652375790583257,j1_b_then_a,0.5,0.5,0.03,selected_order,1.64746068265467,0.746710646530824,0.18873698249808557,0.030816281038130486,0.08850031824316958
all_noisy,21,3000,12,3,2.0,0.2652375790583257,j1_b_then_a,0.5,0.5,0.03,independent,1.7909399891362308,0.7718671620251414,0.26227497107692455,0.06531777416675838,4.3610861600466766e-17
all_noisy,21,3000,12,3,2.0,0.2652375790583257,j1_b_then_a,0.5,0.5,0.03,arithmetic,1.5835422022329133,0.724984031884829,0.13658979673279736,0.016506605607474457,0.08450263320111151
all_noisy,21,3000,12,3,2.0,0.2652375790583257,j1_b_then_a,0.5,0.5,0.03,geometric,1.5835099979193952,0.7256556739768281,0.13650672410699188,0.01634144124712008,0.08399853005605011
all_noisy,21,3000,12,3,2.0,0.2652375790583257,j1_b_then_a,0.5,0.5,0.03,weighted_geometric,1.5835099979193952,0.7256556739768281,0.13650672410699188,0.01634144124712008,0.08399853005605011
all_noisy,21,3000,12,3,2.0,0.2652375790583257,j1_b_then_a,0.5,0.5,0.03,hard_core,1.7052947883113747,0.7559433791326808,0.21207472289624588,0.04261127730168675,1.813830378096425e-14
all_noisy,21,3000,12,3,2.0,0.2652375790583257,j1_b_then_a,0.5,0.5,0.03,soft_core_0.1,1.5865289406124146,0.7264709982716455,0.13923324065046744,0.017041556146274235,0.07780774086158784
all_noisy,21,3000,12,3,2.0,0.2652375790583257,j1_b_then_a,0.5,0.5,0.03,soft_core_1,1.6124018830005717,0.7336003321301504,0.16015482518846577,0.022928964648791725,0.0485406356470436
all_noisy,21,3000,12,3,2.0,0.2652375790583257,j1_b_then_a,0.5,0.5,0.03,soft_core_10,1.6779639833412723,0.7498162559863191,0.19929002523613198,0.03704935253208804,0.011060704827813002
all_noisy,21,3000,12,3,2.0,0.2652375790583257,j1_b_then_a,0.5,0.5,0.03,adaptive_soft,1.5843881422940054,0.7258895229223387,0.13730388200052845,0.016545442719934318,0.0820153877506772
all_noisy,22,3000,12,3,2.0,0.24672490159103688,j2_a_then_b,0.5,0.5,0.03,j1,1.4891741147171662,0.6881492849184406,0.17468731022496134,0.02795198716197644,0.08319221434848102
all_noisy,22,3000,12,3,2.0,0.24672490159103688,j2_a_then_b,0.5,0.5,0.03,j2,1.4941494271651221,0.690023917623686,0.17778315770794573,0.028981639159815446,0.08066172991599349
all_noisy,22,3000,12,3,2.0,0.24672490159103688,j2_a_then_b,0.5,0.5,0.03,selected_order,1.4941494271651221,0.690023917623686,0.17778315770794573,0.028981639159815446,0.08066172991599349
all_noisy,22,3000,12,3,2.0,0.24672490159103688,j2_a_then_b,0.5,0.5,0.03,independent,1.7149081304393752,0.7345886014670893,0.29149533693180074,0.08488300404014973,4.372818356930233e-17
all_noisy,22,3000,12,3,2.0,0.24672490159103688,j2_a_then_b,0.5,0.5,0.03,arithmetic,1.4320952760159482,0.6676212104492099,0.12787650786146748,0.015102022535944037,0.08192697213223725
all_noisy,22,3000,12,3,2.0,0.24672490159103688,j2_a_then_b,0.5,0.5,0.03,geometric,1.431727123270188,0.6680338921191367,0.1266163614560393,0.014805302293102524,0.08179949702939694
all_noisy,22,3000,12,3,2.0,0.24672490159103688,j2_a_then_b,0.5,0.5,0.03,weighted_geometric,1.431727123270188,0.6680338921191367,0.1266163614560393,0.014805302293102524,0.08179949702939694
all_noisy,22,3000,12,3,2.0,0.24672490159103688,j2_a_then_b,0.5,0.5,0.03,hard_core,1.569426719183475,0.6996573984688721,0.20700099935066277,0.044713617159768966,1.9969074802895635e-14
all_noisy,22,3000,12,3,2.0,0.24672490159103688,j2_a_then_b,0.5,0.5,0.03,soft_core_0.1,1.4342168376244024,0.6687366370308211,0.12876953441301045,0.01538814735437069,0.0766478576568962
all_noisy,22,3000,12,3,2.0,0.24672490159103688,j2_a_then_b,0.5,0.5,0.03,soft_core_1,1.4566360309706947,0.6749452517152621,0.14745357016366603,0.020573833858098724,0.0516750472745274
all_noisy,22,3000,12,3,2.0,0.24672490159103688,j2_a_then_b,0.5,0.5,0.03,soft_core_10,1.5291682241390883,0.6915170070429106,0.18976463288630277,0.03650468862334804,0.01402775954847025
all_noisy,22,3000,12,3,2.0,0.24672490159103688,j2_a_then_b,0.5,0.5,0.03,adaptive_soft,1.4324488780270217,0.6682357139251035,0.12723703188215282,0.014974459376138444,0.08015102736243805
all_noisy,23,3000,12,3,2.0,0.25769909031255894,j2_a_then_b,0.5,0.5,0.03,j1,1.6225885172802408,0.736674947210498,0.18634452622141123,0.030627250416853397,0.08659273175687318
all_noisy,23,3000,12,3,2.0,0.25769909031255894,j2_a_then_b,0.5,0.5,0.03,j2,1.6220408911455397,0.7360350994178039,0.1852379431528642,0.03042680033382517,0.08796527741722539
all_noisy,23,3000,12,3,2.0,0.25769909031255894,j2_a_then_b,0.5,0.5,0.03,selected_order,1.6220408911455397,0.7360350994178039,0.1852379431528642,0.03042680033382517,0.08796527741722539
all_noisy,23,3000,12,3,2.0,0.25769909031255894,j2_a_then_b,0.5,0.5,0.03,independent,1.8785048077787834,0.7867339541550711,0.3175175624276793,0.09333033681555251,4.4040484993414073e-17
all_noisy,23,3000,12,3,2.0,0.25769909031255894,j2_a_then_b,0.5,0.5,0.03,arithmetic,1.5593891133125948,0.7149140767898815,0.1359541676390998,0.01643012397770102,0.08727900458704928
all_noisy,23,3000,12,3,2.0,0.25769909031255894,j2_a_then_b,0.5,0.5,0.03,geometric,1.5591976899974156,0.7154452422621472,0.13547959102256543,0.01621321632302192,0.08688929531982174
all_noisy,23,3000,12,3,2.0,0.25769909031255894,j2_a_then_b,0.5,0.5,0.03,weighted_geometric,1.5591976899974156,0.7154452422621472,0.13547959102256543,0.01621321632302192,0.08688929531982174
all_noisy,23,3000,12,3,2.0,0.25769909031255894,j2_a_then_b,0.5,0.5,0.03,hard_core,1.710837386220764,0.7477612552201915,0.22038282515621066,0.04916955199460881,1.2492759467620703e-14
all_noisy,23,3000,12,3,2.0,0.25769909031255894,j2_a_then_b,0.5,0.5,0.03,soft_core_0.1,1.5620913592002463,0.7162542253460291,0.13803365143482718,0.016890361609347895,0.08163384614782683
all_noisy,23,3000,12,3,2.0,0.25769909031255894,j2_a_then_b,0.5,0.5,0.03,soft_core_1,1.586899186276747,0.722662134738345,0.15756059102335732,0.02259914412262879,0.05591018128767183
all_noisy,23,3000,12,3,2.0,0.25769909031255894,j2_a_then_b,0.5,0.5,0.03,soft_core_10,1.6674111438316503,0.7394647910311285,0.20186893919238819,0.0401981902781179,0.015292248106223011
all_noisy,23,3000,12,3,2.0,0.25769909031255894,j2_a_then_b,0.5,0.5,0.03,adaptive_soft,1.5600485906423605,0.7156837694256772,0.13623401260838353,0.01641266037538356,0.0852061538439039
all_noisy,24,3000,12,3,2.0,0.25451595501196284,j2_a_then_b,0.5,0.5,0.03,j1,1.549179422147742,0.7097365437071029,0.18216702085086284,0.029782432638471468,0.08327603139282319
all_noisy,24,3000,12,3,2.0,0.25451595501196284,j2_a_then_b,0.5,0.5,0.03,j2,1.5472081847533705,0.7088023411438499,0.1809101512928853,0.02950105915358751,0.08749871338931962
all_noisy,24,3000,12,3,2.0,0.25451595501196284,j2_a_then_b,0.5,0.5,0.03,selected_order,1.5472081847533705,0.7088023411438499,0.1809101512928853,0.02950105915358751,0.08749871338931962
all_noisy,24,3000,12,3,2.0,0.25451595501196284,j2_a_then_b,0.5,0.5,0.03,independent,1.7827387572625784,0.7562074126353082,0.3046233719704731,0.08709967953390049,4.1235988645323015e-17
all_noisy,24,3000,12,3,2.0,0.25451595501196284,j2_a_then_b,0.5,0.5,0.03,arithmetic,1.486530783047019,0.6874771323551844,0.13169717522294797,0.01579082202329117,0.08538737239107139
all_noisy,24,3000,12,3,2.0,0.25451595501196284,j2_a_then_b,0.5,0.5,0.03,geometric,1.4861609949574988,0.6878226198019917,0.1304899894026371,0.015518712456377171,0.08522168287746579
all_noisy,24,3000,12,3,2.0,0.25451595501196284,j2_a_then_b,0.5,0.5,0.03,weighted_geometric,1.4861609949574988,0.6878226198019917,0.1304899894026371,0.015518712456377171,0.08522168287746579
all_noisy,24,3000,12,3,2.0,0.25451595501196284,j2_a_then_b,0.5,0.5,0.03,hard_core,1.6286718513097698,0.7196651770507709,0.2110214060123317,0.04595894853575773,1.9504582770126043e-14
all_noisy,24,3000,12,3,2.0,0.25451595501196284,j2_a_then_b,0.5,0.5,0.03,soft_core_0.1,1.4887191868659813,0.6885135888148686,0.13281894338433384,0.016117273078264757,0.07999682323766305
all_noisy,24,3000,12,3,2.0,0.25451595501196284,j2_a_then_b,0.5,0.5,0.03,soft_core_1,1.5122304295252151,0.6945436993964796,0.15120861724044204,0.021510873229390312,0.054166493608857495
all_noisy,24,3000,12,3,2.0,0.25451595501196284,j2_a_then_b,0.5,0.5,0.03,soft_core_10,1.5895651065028018,0.7115749411380444,0.19430145970464188,0.03811638763939121,0.014054724670631775
all_noisy,24,3000,12,3,2.0,0.25451595501196284,j2_a_then_b,0.5,0.5,0.03,adaptive_soft,1.486903915721945,0.6880228493523123,0.13118458153214219,0.015692886338108444,0.0835513571326446
all_noisy,25,3000,12,3,2.0,0.25985728050181034,j1_b_then_a,0.5,0.5,0.03,j1,1.6156671389864408,0.7410727236937157,0.18451635674491335,0.029927183630250733,0.08710541251479725
all_noisy,25,3000,12,3,2.0,0.25985728050181034,j1_b_then_a,0.5,0.5,0.03,j2,1.6174340968249874,0.7419549804142082,0.18721242382648673,0.03045183828621964,0.08120030076123828
all_noisy,25,3000,12,3,2.0,0.25985728050181034,j1_b_then_a,0.5,0.5,0.03,selected_order,1.6156671389864408,0.7410727236937157,0.18451635674491335,0.029927183630250733,0.08710541251479725
all_noisy,25,3000,12,3,2.0,0.25985728050181034,j1_b_then_a,0.5,0.5,0.03,independent,1.7739438519401989,0.7747427292823729,0.2729375638240228,0.06960870389418733,4.640457361918816e-17
all_noisy,25,3000,12,3,2.0,0.25985728050181034,j1_b_then_a,0.5,0.5,0.03,arithmetic,1.552485395676987,0.7191781734728384,0.1343984841440568,0.015933651166996875,0.08415285663801775
all_noisy,25,3000,12,3,2.0,0.25985728050181034,j1_b_then_a,0.5,0.5,0.03,geometric,1.5534223575211106,0.7201157811322969,0.13528079081420052,0.015995262889846405,0.083673688242243
all_noisy,25,3000,12,3,2.0,0.25985728050181034,j1_b_then_a,0.5,0.5,0.03,weighted_geometric,1.5534223575211106,0.7201157811322969,0.13528079081420052,0.015995262889846405,0.083673688242243
all_noisy,25,3000,12,3,2.0,0.25985728050181034,j1_b_then_a,0.5,0.5,0.03,hard_core,1.6746029530112727,0.7506592080153112,0.21050753677530717,0.04202500540079502,1.0001803567719467e-14
all_noisy,25,3000,12,3,2.0,0.25985728050181034,j1_b_then_a,0.5,0.5,0.03,soft_core_0.1,1.5561954707041235,0.7208912867038768,0.1379548783094521,0.01663943338530648,0.0777678725485493
all_noisy,25,3000,12,3,2.0,0.25985728050181034,j1_b_then_a,0.5,0.5,0.03,soft_core_1,1.5804703681432357,0.7276632022269387,0.15808163972459438,0.02216648215419726,0.04951984222336131
all_noisy,25,3000,12,3,2.0,0.25985728050181034,j1_b_then_a,0.5,0.5,0.03,soft_core_10,1.6459114107153607,0.7440315977911038,0.1972077386600338,0.03622186564490969,0.011605385229707218
all_noisy,25,3000,12,3,2.0,0.25985728050181034,j1_b_then_a,0.5,0.5,0.03,adaptive_soft,1.554227931512866,0.7203389897184077,0.13606273767364105,0.016182756571696526,0.08178327838201666
all_noisy,26,3000,12,3,2.0,0.2591820757991877,j2_a_then_b,0.5,0.5,0.03,j1,1.5926470073239412,0.7291510207649583,0.18521745697837472,0.030268982268383014,0.0903479941968751
all_noisy,26,3000,12,3,2.0,0.2591820757991877,j2_a_then_b,0.5,0.5,0.03,j2,1.5900455789655445,0.7271139154782349,0.18240564675043874,0.02962099082957226,0.07513541740790693
all_noisy,26,3000,12,3,2.0,0.2591820757991877,j2_a_then_b,0.5,0.5,0.03,selected_order,1.5900455789655445,0.7271139154782349,0.18240564675043874,0.02962099082957226,0.07513541740790693
all_noisy,26,3000,12,3,2.0,0.2591820757991877,j2_a_then_b,0.5,0.5,0.03,independent,1.7453988160534382,0.7565156807730663,0.2658339017009719,0.06767651564376376,3.8919545152258125e-17
all_noisy,26,3000,12,3,2.0,0.2591820757991877,j2_a_then_b,0.5,0.5,0.03,arithmetic,1.5277487590153607,0.7058429789113323,0.1312057975613946,0.01569722638277095,0.082741705802391
all_noisy,26,3000,12,3,2.0,0.2591820757991877,j2_a_then_b,0.5,0.5,0.03,geometric,1.5277481924962393,0.7064453228065198,0.1309291472370916,0.015512229951712773,0.08307970344942307
all_noisy,26,3000,12,3,2.0,0.2591820757991877,j2_a_then_b,0.5,0.5,0.03,weighted_geometric,1.5277481924962393,0.7064453228065198,0.1309291472370916,0.015512229951712773,0.08307970344942307
all_noisy,26,3000,12,3,2.0,0.2591820757991877,j2_a_then_b,0.5,0.5,0.03,hard_core,1.6477562449691183,0.7359202423369822,0.20586588235375086,0.04168930668403503,1.6331371852976674e-14
all_noisy,26,3000,12,3,2.0,0.2591820757991877,j2_a_then_b,0.5,0.5,0.03,soft_core_0.1,1.5302722131280477,0.7070816569876703,0.13319996418734015,0.016101519721366052,0.07725227481217167
all_noisy,26,3000,12,3,2.0,0.2591820757991877,j2_a_then_b,0.5,0.5,0.03,soft_core_1,1.553651126458008,0.7133150280006668,0.1523900393087123,0.021474756921764468,0.04927223504295849
all_noisy,26,3000,12,3,2.0,0.2591820757991877,j2_a_then_b,0.5,0.5,0.03,soft_core_10,1.619149137247262,0.7293748518309585,0.19224190920580925,0.03578032405474845,0.01154930410255873
all_noisy,26,3000,12,3,2.0,0.2591820757991877,j2_a_then_b,0.5,0.5,0.03,adaptive_soft,1.5284725811637492,0.7066230893926951,0.13157469908540187,0.015681586005840086,0.0812156460001574
all_noisy,27,3000,12,3,2.0,0.25984367157999944,j1_b_then_a,0.5,0.5,0.03,j1,1.5905749467908379,0.7290086137869413,0.18337431200752266,0.029904822641260858,0.08948109657678999
all_noisy,27,3000,12,3,2.0,0.25984367157999944,j1_b_then_a,0.5,0.5,0.03,j2,1.5888870815095832,0.7286122524316025,0.18372362554459618,0.029796222957940155,0.07890981495707716
all_noisy,27,3000,12,3,2.0,0.25984367157999944,j1_b_then_a,0.5,0.5,0.03,selected_order,1.5905749467908379,0.7290086137869413,0.18337431200752266,0.029904822641260858,0.08948109657678999
all_noisy,27,3000,12,3,2.0,0.25984367157999944,j1_b_then_a,0.5,0.5,0.03,independent,1.7682677183390074,0.7638700953638198,0.27754143724079416,0.07499089997926714,3.9110631267649647e-17
all_noisy,27,3000,12,3,2.0,0.25984367157999944,j1_b_then_a,0.5,0.5,0.03,arithmetic,1.525344969693038,0.7061832173089665,0.13098137785789338,0.015475776555381392,0.08419545576693356
all_noisy,27,3000,12,3,2.0,0.25984367157999944,j1_b_then_a,0.5,0.5,0.03,geometric,1.5257581131819316,0.7067129887683318,0.1306237487752835,0.015391097257380706,0.08393256051093484
all_noisy,27,3000,12,3,2.0,0.25984367157999944,j1_b_then_a,0.5,0.5,0.03,weighted_geometric,1.5257581131819316,0.7067129887683318,0.1306237487752835,0.015391097257380706,0.08393256051093484
all_noisy,27,3000,12,3,2.0,0.25984367157999944,j1_b_then_a,0.5,0.5,0.03,hard_core,1.6556703564083335,0.7375322461461326,0.20920013392489067,0.04321035342970031,1.2186115663425491e-14
all_noisy,27,3000,12,3,2.0,0.25984367157999944,j1_b_then_a,0.5,0.5,0.03,soft_core_0.1,1.5283882138015636,0.7074655727826976,0.1331263678735048,0.016008994193842354,0.07820026226413783
all_noisy,27,3000,12,3,2.0,0.25984367157999944,j1_b_then_a,0.5,0.5,0.03,soft_core_1,1.5520871074453422,0.7141715070396573,0.15359302753516446,0.021470217235679222,0.05070669180974049
all_noisy,27,3000,12,3,2.0,0.25984367157999944,j1_b_then_a,0.5,0.5,0.03,soft_core_10,1.62181282062272,0.7305484336394822,0.19462536417471907,0.03646601323951291,0.012553812742766941
all_noisy,27,3000,12,3,2.0,0.25984367157999944,j1_b_then_a,0.5,0.5,0.03,adaptive_soft,1.5265184925811992,0.7069281013712053,0.1313452418528515,0.01557007257854624,0.08209969657170453
all_noisy,28,3000,12,3,2.0,0.25326013239637696,j2_a_then_b,0.5,0.5,0.03,j1,1.5660416529242478,0.7217713157861443,0.18230657193762018,0.02966216376236716,0.08937042635967853
all_noisy,28,3000,12,3,2.0,0.25326013239637696,j2_a_then_b,0.5,0.5,0.03,j2,1.5624728692726295,0.7203997097110678,0.18044441276790385,0.028883655725722584,0.05618189767766263
all_noisy,28,3000,12,3,2.0,0.25326013239637696,j2_a_then_b,0.5,0.5,0.03,selected_order,1.5624728692726295,0.7203997097110678,0.18044441276790385,0.028883655725722584,0.05618189767766263
all_noisy,28,3000,12,3,2.0,0.25326013239637696,j2_a_then_b,0.5,0.5,0.03,independent,1.5636266781469503,0.7206254585598759,0.1811420622720285,0.029184921750364738,4.606009689565678e-17
all_noisy,28,3000,12,3,2.0,0.25326013239637696,j2_a_then_b,0.5,0.5,0.03,arithmetic,1.5030228585785408,0.6994766422359451,0.13157853043708168,0.015569873081901985,0.07277616201867056
all_noisy,28,3000,12,3,2.0,0.25326013239637696,j2_a_then_b,0.5,0.5,0.03,geometric,1.5034418790050093,0.700177098270385,0.13176228841776477,0.01551630206431872,0.07254995746360426
all_noisy,28,3000,12,3,2.0,0.25326013239637696,j2_a_then_b,0.5,0.5,0.03,weighted_geometric,1.5034418790050093,0.700177098270385,0.13176228841776477,0.01551630206431872,0.07254995746360426
all_noisy,28,3000,12,3,2.0,0.25326013239637696,j2_a_then_b,0.5,0.5,0.03,hard_core,1.57768238098727,0.7230528007934256,0.18742302762946647,0.03187416991653045,1.6628774355393195e-14
all_noisy,28,3000,12,3,2.0,0.25326013239637696,j2_a_then_b,0.5,0.5,0.03,soft_core_0.1,1.506007183437852,0.7008360170076836,0.13387450010019167,0.0161114805274698,0.0659737404052198
all_noisy,28,3000,12,3,2.0,0.25326013239637696,j2_a_then_b,0.5,0.5,0.03,soft_core_1,1.5275757481718666,0.7073225075452546,0.1519078123085753,0.021016024129013506,0.03640732212824265
all_noisy,28,3000,12,3,2.0,0.25326013239637696,j2_a_then_b,0.5,0.5,0.03,soft_core_10,1.5664870666810506,0.719548025387311,0.18017848176215598,0.02950656017272645,0.006658557728143679
all_noisy,28,3000,12,3,2.0,0.25326013239637696,j2_a_then_b,0.5,0.5,0.03,adaptive_soft,1.5041769703311219,0.7003569479318279,0.13235878973689139,0.01568718758097587,0.07044224998910759
all_noisy,29,3000,12,3,2.0,0.2630005287314616,j1_b_then_a,0.5,0.5,0.03,j1,1.6257158763605386,0.7367336256616073,0.18738935890235922,0.03128980760145544,0.09007171115343203
all_noisy,29,3000,12,3,2.0,0.2630005287314616,j1_b_then_a,0.5,0.5,0.03,j2,1.623724469054257,0.7367502642061255,0.18832900213999693,0.031037519317533818,0.08818748960309016
all_noisy,29,3000,12,3,2.0,0.2630005287314616,j1_b_then_a,0.5,0.5,0.03,selected_order,1.6257158763605386,0.7367336256616073,0.18738935890235922,0.03128980760145544,0.09007171115343203
all_noisy,29,3000,12,3,2.0,0.2630005287314616,j1_b_then_a,0.5,0.5,0.03,independent,1.8861959088504099,0.7873944921591197,0.32027188858384065,0.09554876632786623,4.205789031362946e-17
all_noisy,29,3000,12,3,2.0,0.2630005287314616,j1_b_then_a,0.5,0.5,0.03,arithmetic,1.5583311116547232,0.7140952643079297,0.13547674837030454,0.016380396504442923,0.08912960037826108
all_noisy,29,3000,12,3,2.0,0.2630005287314616,j1_b_then_a,0.5,0.5,0.03,geometric,1.55867585958711,0.7148856126539579,0.13562265357229064,0.016290746346679368,0.08911554094351566
all_noisy,29,3000,12,3,2.0,0.2630005287314616,j1_b_then_a,0.5,0.5,0.03,weighted_geometric,1.55867585958711,0.7148856126539579,0.13562265357229064,0.016290746346679368,0.08911554094351566
all_noisy,29,3000,12,3,2.0,0.2630005287314616,j1_b_then_a,0.5,0.5,0.03,hard_core,1.714978059300125,0.7490151122891567,0.22335880700167415,0.05029464378716322,2.039565760807199e-14
all_noisy,29,3000,12,3,2.0,0.2630005287314616,j1_b_then_a,0.5,0.5,0.03,soft_core_0.1,1.5616671529215305,0.7156768932817081,0.13831668336663866,0.01698584121863119,0.08368907610262336
all_noisy,29,3000,12,3,2.0,0.2630005287314616,j1_b_then_a,0.5,0.5,0.03,soft_core_1,1.5876151821355062,0.722186479379327,0.1587926704379004,0.022930566425583852,0.05697878138143723
all_noisy,29,3000,12,3,2.0,0.2630005287314616,j1_b_then_a,0.5,0.5,0.03,soft_core_10,1.6710481998313436,0.7401031987886338,0.20442272793550587,0.04119110892897909,0.015335161492541015
all_noisy,29,3000,12,3,2.0,0.2630005287314616,j1_b_then_a,0.5,0.5,0.03,adaptive_soft,1.5595540349351678,0.7151178859732259,0.13642113319990262,0.01649512253461236,0.08738086726606477
all_noisy,30,3000,12,3,2.0,0.2661741503300111,j1_b_then_a,0.5,0.5,0.03,j1,1.62209859719647,0.7406703658436753,0.18890941164757286,0.031273424054574464,0.08960735765740176
all_noisy,30,3000,12,3,2.0,0.2661741503300111,j1_b_then_a,0.5,0.5,0.03,j2,1.6209394696194626,0.7394535316060965,0.1882810664538604,0.031175668661196008,0.07810132706245165
all_noisy,30,3000,12,3,2.0,0.2661741503300111,j1_b_then_a,0.5,0.5,0.03,selected_order,1.62209859719647,0.7406703658436753,0.18890941164757286,0.031273424054574464,0.08960735765740176
all_noisy,30,3000,12,3,2.0,0.2661741503300111,j1_b_then_a,0.5,0.5,0.03,independent,1.7472681528577039,0.7646393769335841,0.2567413656843958,0.061958260351695695,4.5902028551006794e-17
all_noisy,30,3000,12,3,2.0,0.2661741503300111,j1_b_then_a,0.5,0.5,0.03,arithmetic,1.5546235963910673,0.7166879813463831,0.13503197298808645,0.01630476781297682,0.08385434235992668
all_noisy,30,3000,12,3,2.0,0.2661741503300111,j1_b_then_a,0.5,0.5,0.03,geometric,1.5547722539777555,0.7174658961150134,0.13509535030344286,0.016179997089286077,0.08320051708536672
all_noisy,30,3000,12,3,2.0,0.2661741503300111,j1_b_then_a,0.5,0.5,0.03,weighted_geometric,1.5547722539777555,0.7174658961150134,0.13509535030344286,0.016179997089286077,0.08320051708536672
all_noisy,30,3000,12,3,2.0,0.2661741503300111,j1_b_then_a,0.5,0.5,0.03,hard_core,1.6713828870218226,0.7473236551870137,0.20831935223402243,0.04125482432862648,1.5973395767373894e-14
all_noisy,30,3000,12,3,2.0,0.2661741503300111,j1_b_then_a,0.5,0.5,0.03,soft_core_0.1,1.5576658295435586,0.7182848188470531,0.13766093111957164,0.016851402756104153,0.07700335664082127
all_noisy,30,3000,12,3,2.0,0.2661741503300111,j1_b_then_a,0.5,0.5,0.03,soft_core_1,1.5828928399613824,0.7254161946048395,0.15824338976749125,0.0225785159400576,0.04776914589515437
all_noisy,30,3000,12,3,2.0,0.2661741503300111,j1_b_then_a,0.5,0.5,0.03,soft_core_10,1.6460369156786212,0.741389871690572,0.19616535271601301,0.03611575582210209,0.010669743818735455
all_noisy,30,3000,12,3,2.0,0.2661741503300111,j1_b_then_a,0.5,0.5,0.03,adaptive_soft,1.55561040396624,0.7177005983769298,0.13583974565864992,0.016374909158718434,0.08121572561792688
all_noisy,31,3000,12,3,2.0,0.25051720783598375,j1_b_then_a,0.75,0.75,0.03,j1,1.5320473725493284,0.7069143020339909,0.1783557373008935,0.028732716077914045,0.08483030817193778
all_noisy,31,3000,12,3,2.0,0.25051720783598375,j1_b_then_a,0.75,0.75,0.03,j2,1.5316996847159736,0.7072981802145302,0.1783763018963838,0.02875863605457626,0.08986868598558607
all_noisy,31,3000,12,3,2.0,0.25051720783598375,j1_b_then_a,0.75,0.75,0.03,selected_order,1.5320473725493284,0.7069143020339909,0.1783557373008935,0.028732716077914045,0.08483030817193778
all_noisy,31,3000,12,3,2.0,0.25051720783598375,j1_b_then_a,0.75,0.75,0.03,independent,1.833270526889284,0.7640375947633697,0.3311476081162901,0.10125843450254245,4.1408290581617134e-17
all_noisy,31,3000,12,3,2.0,0.25051720783598375,j1_b_then_a,0.75,0.75,0.03,arithmetic,1.4708161444154404,0.6850053717146547,0.12819003421427927,0.01508301850302532,0.08734949707876191
all_noisy,31,3000,12,3,2.0,0.25051720783598375,j1_b_then_a,0.75,0.75,0.03,geometric,1.4712032862424407,0.6858003752403025,0.1282143133493689,0.015007225359771307,0.08719404224635956
all_noisy,31,3000,12,3,2.0,0.25051720783598375,j1_b_then_a,0.75,0.75,0.03,weighted_geometric,1.486577924035223,0.6911969754552965,0.14266145122428806,0.0185256649968355,0.08598804204213745
all_noisy,31,3000,12,3,2.0,0.25051720783598375,j1_b_then_a,0.75,0.75,0.03,hard_core,1.6319947704187059,0.7196825622416557,0.21607577818071927,0.04967974885695879,1.3625383795666123e-14
all_noisy,31,3000,12,3,2.0,0.25051720783598375,j1_b_then_a,0.75,0.75,0.03,soft_core_0.1,1.4737430234674844,0.6864774482496783,0.13063799738651746,0.015601325998870222,0.08247705104007595
all_noisy,31,3000,12,3,2.0,0.25051720783598375,j1_b_then_a,0.75,0.75,0.03,soft_core_1,1.497624895147403,0.6924006298416118,0.14948430793272868,0.0211117792264996,0.05814121774871215
all_noisy,31,3000,12,3,2.0,0.25051720783598375,j1_b_then_a,0.75,0.75,0.03,soft_core_10,1.58545884936539,0.7105546129464917,0.19668532251772927,0.04019110725920839,0.015844149673622552
all_noisy,31,3000,12,3,2.0,0.25051720783598375,j1_b_then_a,0.75,0.75,0.03,adaptive_soft,1.4865032557884037,0.6910504549873234,0.14245942414329082,0.018506623147264346,0.08453164756184649
all_noisy,32,3000,12,3,2.0,0.26085171521582984,j2_a_then_b,0.5,0.5,0.03,j1,1.6225386759640954,0.7367741096589036,0.18753538661031538,0.030722821369730518,0.08723280942390334
all_noisy,32,3000,12,3,2.0,0.26085171521582984,j2_a_then_b,0.5,0.5,0.03,j2,1.6250988900915047,0.7369798914622604,0.18778811323658887,0.031157863954617445,0.08633048932999972
all_noisy,32,3000,12,3,2.0,0.26085171521582984,j2_a_then_b,0.5,0.5,0.03,selected_order,1.6250988900915047,0.7369798914622604,0.18778811323658887,0.031157863954617445,0.08633048932999972
all_noisy,32,3000,12,3,2.0,0.26085171521582984,j2_a_then_b,0.5,0.5,0.03,independent,1.8626020697015435,0.7805129046204982,0.31011984878900506,0.09071592070265971,4.261384659976713e-17
all_noisy,32,3000,12,3,2.0,0.26085171521582984,j2_a_then_b,0.5,0.5,0.03,arithmetic,1.5589596427087276,0.7146835055367149,0.13638097560988652,0.016458692003558668,0.08678164937695151
all_noisy,32,3000,12,3,2.0,0.26085171521582984,j2_a_then_b,0.5,0.5,0.03,geometric,1.5591108286187167,0.7153078867593243,0.13639545306919496,0.016322125737008062,0.08650030341158435
all_noisy,32,3000,12,3,2.0,0.26085171521582984,j2_a_then_b,0.5,0.5,0.03,weighted_geometric,1.5591108286187167,0.7153078867593243,0.13639545306919496,0.016322125737008062,0.08650030341158435
all_noisy,32,3000,12,3,2.0,0.26085171521582984,j2_a_then_b,0.5,0.5,0.03,hard_core,1.7044483189068254,0.7467100698569535,0.2176158471032825,0.04717031605863847,1.0134385075563056e-14
all_noisy,32,3000,12,3,2.0,0.26085171521582984,j2_a_then_b,0.5,0.5,0.03,soft_core_0.1,1.5617894187315304,0.716034179582169,0.1387962158256541,0.01694800541484923,0.08100457703702829
all_noisy,32,3000,12,3,2.0,0.26085171521582984,j2_a_then_b,0.5,0.5,0.03,soft_core_1,1.5860482565203597,0.72229225515423,0.1579290267639372,0.022485987012384513,0.054279055345420865
all_noisy,32,3000,12,3,2.0,0.26085171521582984,j2_a_then_b,0.5,0.5,0.03,soft_core_10,1.6643732360776242,0.7388530633986504,0.2007242290714729,0.03919319068115761,0.014101030676991613
all_noisy,32,3000,12,3,2.0,0.26085171521582984,j2_a_then_b,0.5,0.5,0.03,adaptive_soft,1.5598891875253438,0.7155179948904232,0.13710735322523193,0.016504456364083427,0.08474125801762396
all_noisy,33,3000,12,3,2.0,0.26141349265352015,j2_a_then_b,0.5,0.5,0.03,j1,1.6370349977338345,0.7435745344146757,0.18915636541426223,0.031190312948466272,0.08845982275061387
all_noisy,33,3000,12,3,2.0,0.26141349265352015,j2_a_then_b,0.5,0.5,0.03,j2,1.6354551472898737,0.7417824444480785,0.185149316607248,0.030480588440851823,0.0859311407727698
all_noisy,33,3000,12,3,2.0,0.26141349265352015,j2_a_then_b,0.5,0.5,0.03,selected_order,1.6354551472898737,0.7417824444480785,0.185149316607248,0.030480588440851823,0.0859311407727698
all_noisy,33,3000,12,3,2.0,0.26141349265352015,j2_a_then_b,0.5,0.5,0.03,independent,1.869009161210707,0.78446616316743,0.30605136719543874,0.08918973333834411,3.9971984718598856e-17
all_noisy,33,3000,12,3,2.0,0.26141349265352015,j2_a_then_b,0.5,0.5,0.03,arithmetic,1.5712134628871894,0.7204855232256866,0.13554499731198258,0.01632956374047246,0.08719548176169181
all_noisy,33,3000,12,3,2.0,0.26141349265352015,j2_a_then_b,0.5,0.5,0.03,geometric,1.5714921154267318,0.7212201147133646,0.1355728071756305,0.016235328757745058,0.08736919241702852
all_noisy,33,3000,12,3,2.0,0.26141349265352015,j2_a_then_b,0.5,0.5,0.03,weighted_geometric,1.5714921154267318,0.7212201147133646,0.1355728071756305,0.016235328757745058,0.08736919241702852
all_noisy,33,3000,12,3,2.0,0.26141349265352015,j2_a_then_b,0.5,0.5,0.03,hard_core,1.7115164945277526,0.7518711268198778,0.21642576030824714,0.04644712704680297,1.6818331690664366e-14
all_noisy,33,3000,12,3,2.0,0.26141349265352015,j2_a_then_b,0.5,0.5,0.03,soft_core_0.1,1.574121670369927,0.7219419908920278,0.13791730586452958,0.016853567597866062,0.08173205722962462
all_noisy,33,3000,12,3,2.0,0.26141349265352015,j2_a_then_b,0.5,0.5,0.03,soft_core_1,1.5980141969006556,0.7282218497202289,0.15699837863884497,0.02236185894711112,0.054430203440901444
all_noisy,33,3000,12,3,2.0,0.26141349265352015,j2_a_then_b,0.5,0.5,0.03,soft_core_10,1.6732277576781573,0.7444298906788058,0.1999010833924887,0.03866615558974349,0.014090381923897635
all_noisy,33,3000,12,3,2.0,0.26141349265352015,j2_a_then_b,0.5,0.5,0.03,adaptive_soft,1.5722537404830506,0.7214284132499315,0.13626548445346764,0.016414827314316035,0.0855654353025298
all_noisy,34,3000,12,3,2.0,0.25697003039364036,j1_b_then_a,0.5,0.5,0.03,j1,1.57265826323001,0.7254715486529141,0.1832457269845958,0.029885517566636446,0.08080582060176564
all_noisy,34,3000,12,3,2.0,0.25697003039364036,j1_b_then_a,0.5,0.5,0.03,j2,1.5720168589348524,0.7259446514573624,0.18411459975436528,0.02970301488906404,0.08524086813766626
all_noisy,34,3000,12,3,2.0,0.25697003039364036,j1_b_then_a,0.5,0.5,0.03,selected_order,1.57265826323001,0.7254715486529141,0.1832457269845958,0.029885517566636446,0.08080582060176564
all_noisy,34,3000,12,3,2.0,0.25697003039364036,j1_b_then_a,0.5,0.5,0.03,independent,1.7316244807476848,0.7571217769307952,0.2685986327253207,0.06875782952663877,4.207284326822402e-17
all_noisy,34,3000,12,3,2.0,0.25697003039364036,j1_b_then_a,0.5,0.5,0.03,arithmetic,1.50856270023248,0.7029968692514081,0.13230656371778662,0.015529628987907189,0.08302334436971594
all_noisy,34,3000,12,3,2.0,0.25697003039364036,j1_b_then_a,0.5,0.5,0.03,geometric,1.5087463947031854,0.7035804160150642,0.13187323594504313,0.015421761151781444,0.08272402508802285
all_noisy,34,3000,12,3,2.0,0.25697003039364036,j1_b_then_a,0.5,0.5,0.03,weighted_geometric,1.5087463947031854,0.7035804160150642,0.13187323594504313,0.015421761151781444,0.08272402508802285
all_noisy,34,3000,12,3,2.0,0.25697003039364036,j1_b_then_a,0.5,0.5,0.03,hard_core,1.633944484230535,0.7356818318666111,0.20930870444894809,0.04219001688069911,2.7678326317753703e-14
all_noisy,34,3000,12,3,2.0,0.25697003039364036,j1_b_then_a,0.5,0.5,0.03,soft_core_0.1,1.511646304083762,0.7044794758214765,0.13459791403487195,0.016095824689866468,0.07691968190229179
all_noisy,34,3000,12,3,2.0,0.25697003039364036,j1_b_then_a,0.5,0.5,0.03,soft_core_1,1.5366688660370058,0.7118385718939441,0.15531298011366254,0.021787444489654167,0.049125365294099665
all_noisy,34,3000,12,3,2.0,0.25697003039364036,j1_b_then_a,0.5,0.5,0.03,soft_core_10,1.6043990714825143,0.7288866868081502,0.19556120103477567,0.03626063017054043,0.011553495072734184
all_noisy,34,3000,12,3,2.0,0.25697003039364036,j1_b_then_a,0.5,0.5,0.03,adaptive_soft,1.5095925482891646,0.7038427831422519,0.13268426591905663,0.015618849370911512,0.08086663357444458
all_noisy,35,3000,12,3,2.0,0.2594837151280902,j1_b_then_a,0.5,0.5,0.03,j1,1.5846245364238243,0.7228136084322745,0.18322569703075006,0.02997711967887154,0.0868940222662179
all_noisy,35,3000,12,3,2.0,0.2594837151280902,j1_b_then_a,0.5,0.5,0.03,j2,1.5886941435693807,0.7246607886032204,0.1864536265491404,0.030972588401631748,0.09057757230259401
all_noisy,35,3000,12,3,2.0,0.2594837151280902,j1_b_then_a,0.5,0.5,0.03,selected_order,1.5846245364238243,0.7228136084322745,0.18322569703075006,0.02997711967887154,0.0868940222662179
all_noisy,35,3000,12,3,2.0,0.2594837151280902,j1_b_then_a,0.5,0.5,0.03,independent,1.8637985131024457,0.7802850726103779,0.3278898786286041,0.09857814181836175,4.3110012901050737e-17
all_noisy,35,3000,12,3,2.0,0.2594837151280902,j1_b_then_a,0.5,0.5,0.03,arithmetic,1.5225817882835175,0.7011084414001005,0.13393684651880838,0.016114542970931994,0.08873579728440593
all_noisy,35,3000,12,3,2.0,0.2594837151280902,j1_b_then_a,0.5,0.5,0.03,geometric,1.5223624451002271,0.7017019221258252,0.1334421959855454,0.015887361476280924,0.08840534031666673
all_noisy,35,3000,12,3,2.0,0.2594837151280902,j1_b_then_a,0.5,0.5,0.03,weighted_geometric,1.5223624451002271,0.7017019221258252,0.1334421959855454,0.015887361476280924,0.08840534031666673
all_noisy,35,3000,12,3,2.0,0.2594837151280902,j1_b_then_a,0.5,0.5,0.03,hard_core,1.6828469197780662,0.7362191345919197,0.222352778876526,0.05090259828598103,1.6337698351094736e-14
all_noisy,35,3000,12,3,2.0,0.2594837151280902,j1_b_then_a,0.5,0.5,0.03,soft_core_0.1,1.525226575210434,0.7024718384134394,0.13595802011323818,0.016558826955276534,0.08332514701635428
all_noisy,35,3000,12,3,2.0,0.2594837151280902,j1_b_then_a,0.5,0.5,0.03,soft_core_1,1.5506274061478382,0.7087875202159217,0.1557944761764465,0.02241241604442485,0.057931807179544395
all_noisy,35,3000,12,3,2.0,0.2594837151280902,j1_b_then_a,0.5,0.5,0.03,soft_core_10,1.637180742968772,0.7268044111899544,0.2027969985777134,0.0413517585443262,0.015914668571877896
all_noisy,35,3000,12,3,2.0,0.2594837151280902,j1_b_then_a,0.5,0.5,0.03,adaptive_soft,1.523202220467444,0.7019283573880265,0.1341864549572281,0.0160846057358679,0.08678360922968627
all_noisy,36,3000,12,3,2.0,0.2403673886680258,j1_b_then_a,0.5,0.5,0.03,j1,1.4765789010509918,0.6780174376950906,0.17284121438448158,0.027560242319565855,0.08075876840596506
all_noisy,36,3000,12,3,2.0,0.2403673886680258,j1_b_then_a,0.5,0.5,0.03,j2,1.47668914564897,0.677486275037913,0.17140866730480986,0.02749415033419308,0.08547696169731184
all_noisy,36,3000,12,3,2.0,0.2403673886680258,j1_b_then_a,0.5,0.5,0.03,selected_order,1.4765789010509918,0.6780174376950906,0.17284121438448158,0.027560242319565855,0.08075876840596506
all_noisy,36,3000,12,3,2.0,0.2403673886680258,j1_b_then_a,0.5,0.5,0.03,independent,1.762228716981459,0.7361729236508814,0.31976732977821365,0.09646474172998835,4.22152712936162e-17
all_noisy,36,3000,12,3,2.0,0.2403673886680258,j1_b_then_a,0.5,0.5,0.03,arithmetic,1.41910562229657,0.6574076145789619,0.12441782226581798,0.01464755373719561,0.08311786505163844
all_noisy,36,3000,12,3,2.0,0.2403673886680258,j1_b_then_a,0.5,0.5,0.03,geometric,1.41927606942794,0.6579267612455032,0.12414131677145272,0.014489470577692318,0.08245248295924128
all_noisy,36,3000,12,3,2.0,0.2403673886680258,j1_b_then_a,0.5,0.5,0.03,weighted_geometric,1.41927606942794,0.6579267612455032,0.12414131677145272,0.014489470577692318,0.08245248295924128
all_noisy,36,3000,12,3,2.0,0.2403673886680258,j1_b_then_a,0.5,0.5,0.03,hard_core,1.5670551103129298,0.6899727705869376,0.20836923437932697,0.04689581318376837,2.5370391158459174e-14
all_noisy,36,3000,12,3,2.0,0.2403673886680258,j1_b_then_a,0.5,0.5,0.03,soft_core_0.1,1.4217962689971502,0.6586448403525882,0.12651464161821932,0.015079641135077522,0.07792018901517382
all_noisy,36,3000,12,3,2.0,0.2403673886680258,j1_b_then_a,0.5,0.5,0.03,soft_core_1,1.4442740462320776,0.6644012927664761,0.14478456260553285,0.02027150576232225,0.054873194182493194
all_noisy,36,3000,12,3,2.0,0.2403673886680258,j1_b_then_a,0.5,0.5,0.03,soft_core_10,1.523779248473947,0.6811423563389506,0.18920705004290447,0.03779345205937308,0.015339167453758781
all_noisy,36,3000,12,3,2.0,0.2403673886680258,j1_b_then_a,0.5,0.5,0.03,adaptive_soft,1.4200166290393066,0.6581393161440838,0.12485226748799437,0.014663123262646684,0.08100577061214125
all_noisy,37,3000,12,3,2.0,0.2601440201305881,j1_b_then_a,0.5,0.5,0.03,j1,1.631379915241627,0.7395125421318434,0.18634296746973575,0.030926576712397933,0.08323012687077337
all_noisy,37,3000,12,3,2.0,0.2601440201305881,j1_b_then_a,0.5,0.5,0.03,j2,1.629834858515542,0.7393766723589182,0.1871384648427954,0.030585087614430986,0.08264427023303739
all_noisy,37,3000,12,3,2.0,0.2601440201305881,j1_b_then_a,0.5,0.5,0.03,selected_order,1.631379915241627,0.7395125421318434,0.18634296746973575,0.030926576712397933,0.08323012687077337
all_noisy,37,3000,12,3,2.0,0.2601440201305881,j1_b_then_a,0.5,0.5,0.03,independent,1.7671651164954176,0.763211887444229,0.2586694425061031,0.06485336572045158,4.000944540949458e-17
all_noisy,37,3000,12,3,2.0,0.2601440201305881,j1_b_then_a,0.5,0.5,0.03,arithmetic,1.56624904663255,0.7175714994241256,0.1361525066446557,0.016417292324926697,0.08293719855190536
all_noisy,37,3000,12,3,2.0,0.2601440201305881,j1_b_then_a,0.5,0.5,0.03,geometric,1.5668896082821562,0.7183978340879777,0.13691560696507477,0.016414523517381218,0.08300744556096025
all_noisy,37,3000,12,3,2.0,0.2601440201305881,j1_b_then_a,0.5,0.5,0.03,weighted_geometric,1.5668896082821562,0.7183978340879777,0.13691560696507477,0.016414523517381218,0.08300744556096025
all_noisy,37,3000,12,3,2.0,0.2601440201305881,j1_b_then_a,0.5,0.5,0.03,hard_core,1.686509897840128,0.7487329064012392,0.21113637899575838,0.042226429061790485,1.4010785539083884e-14
all_noisy,37,3000,12,3,2.0,0.2601440201305881,j1_b_then_a,0.5,0.5,0.03,soft_core_0.1,1.5698664339616553,0.7192455811907289,0.13956342273793698,0.017106882537210006,0.07687305822697196
all_noisy,37,3000,12,3,2.0,0.2601440201305881,j1_b_then_a,0.5,0.5,0.03,soft_core_1,1.5951223633286211,0.7263763749859464,0.16003476147598858,0.022866430475264148,0.04792239783935182
all_noisy,37,3000,12,3,2.0,0.2601440201305881,j1_b_then_a,0.5,0.5,0.03,soft_core_10,1.6594588327041826,0.742535030213252,0.19850870834201492,0.036733408642036135,0.010914606426795192
all_noisy,37,3000,12,3,2.0,0.2601440201305881,j1_b_then_a,0.5,0.5,0.03,adaptive_soft,1.567758093103425,0.7186434455922422,0.13768720071832963,0.016616917530071013,0.08104370086966088
all_noisy,38,3000,12,3,2.0,0.27755601815443,j1_b_then_a,0.5,0.5,0.03,j1,1.7552844607489542,0.7877205230617116,0.1981134967313364,0.03313727814695917,0.09711605985244047
all_noisy,38,3000,12,3,2.0,0.27755601815443,j1_b_then_a,0.5,0.5,0.03,j2,1.7565478765460913,0.7876411078790482,0.19868850841675778,0.03333237061430288,0.08984913942799995
all_noisy,38,3000,12,3,2.0,0.27755601815443,j1_b_then_a,0.5,0.5,0.03,selected_order,1.7552844607489542,0.7877205230617116,0.1981134967313364,0.03313727814695917,0.09711605985244047
all_noisy,38,3000,12,3,2.0,0.27755601815443,j1_b_then_a,0.5,0.5,0.03,independent,2.013004587987674,0.8342968545330858,0.3299396941654556,0.09627196065746584,4.183255620882874e-17
all_noisy,38,3000,12,3,2.0,0.27755601815443,j1_b_then_a,0.5,0.5,0.03,arithmetic,1.684772991265693,0.7642903051015595,0.14258863323849522,0.01741448267281523,0.09348259964022018
all_noisy,38,3000,12,3,2.0,0.27755601815443,j1_b_then_a,0.5,0.5,0.03,geometric,1.6853742220904144,0.7651763252459114,0.14318767844648975,0.017423236873015262,0.09363440048397918
all_noisy,38,3000,12,3,2.0,0.27755601815443,j1_b_then_a,0.5,0.5,0.03,weighted_geometric,1.6853742220904144,0.7651763252459114,0.14318767844648975,0.017423236873015262,0.09363440048397918
all_noisy,38,3000,12,3,2.0,0.27755601815443,j1_b_then_a,0.5,0.5,0.03,hard_core,1.8481968666329662,0.7991322492312624,0.2323936824617392,0.05221380180418814,1.5183080607780114e-14
all_noisy,38,3000,12,3,2.0,0.27755601815443,j1_b_then_a,0.5,0.5,0.03,soft_core_0.1,1.6886437472060174,0.7660462639182348,0.14589736721041177,0.01818214606798235,0.08781046287096719
all_noisy,38,3000,12,3,2.0,0.27755601815443,j1_b_then_a,0.5,0.5,0.03,soft_core_1,1.71673294944954,0.7729781395404908,0.16680137738229106,0.02457531774957114,0.059059993582795366
all_noisy,38,3000,12,3,2.0,0.27755601815443,j1_b_then_a,0.5,0.5,0.03,soft_core_10,1.8043370240889653,0.7908499829205127,0.21400110576355674,0.0433566146005252,0.015288164460438099
all_noisy,38,3000,12,3,2.0,0.27755601815443,j1_b_then_a,0.5,0.5,0.03,adaptive_soft,1.686336005138671,0.7654332262963603,0.14399565211440665,0.017646910655688765,0.09177314654316424
all_noisy,39,3000,12,3,2.0,0.25613284950000714,j2_a_then_b,0.5,0.5,0.03,j1,1.631465807136376,0.7483262450974988,0.18825334933748697,0.03064113388099737,0.08635452222815873
all_noisy,39,3000,12,3,2.0,0.25613284950000714,j2_a_then_b,0.5,0.5,0.03,j2,1.6251743968230052,0.744972269540196,0.18380702440715851,0.029332760789877232,0.08090437609431061
all_noisy,39,3000,12,3,2.0,0.25613284950000714,j2_a_then_b,0.5,0.5,0.03,selected_order,1.6251743968230052,0.744972269540196,0.18380702440715851,0.029332760789877232,0.08090437609431061
all_noisy,39,3000,12,3,2.0,0.25613284950000714,j2_a_then_b,0.5,0.5,0.03,independent,1.8129019530772184,0.7793676681593888,0.28144336997847985,0.07474869770540044,3.7982806521921454e-17
all_noisy,39,3000,12,3,2.0,0.25613284950000714,j2_a_then_b,0.5,0.5,0.03,arithmetic,1.5661617776637513,0.7251465880964322,0.13505012836806018,0.016039519209256583,0.08362944916123466
all_noisy,39,3000,12,3,2.0,0.25613284950000714,j2_a_then_b,0.5,0.5,0.03,geometric,1.5662878428216822,0.7258157345299953,0.13501323350487227,0.015919849917854265,0.08385614522703101
all_noisy,39,3000,12,3,2.0,0.25613284950000714,j2_a_then_b,0.5,0.5,0.03,weighted_geometric,1.5662878428216822,0.7258157345299953,0.13501323350487227,0.015919849917854265,0.08385614522703101
all_noisy,39,3000,12,3,2.0,0.25613284950000714,j2_a_then_b,0.5,0.5,0.03,hard_core,1.6939986218440302,0.7561087549565995,0.2118572194471936,0.043610450007025306,9.47453355884454e-15
all_noisy,39,3000,12,3,2.0,0.25613284950000714,j2_a_then_b,0.5,0.5,0.03,soft_core_0.1,1.5689703266443733,0.7265435667355024,0.13750008162769717,0.01655155200705489,0.07819311055565768
all_noisy,39,3000,12,3,2.0,0.25613284950000714,j2_a_then_b,0.5,0.5,0.03,soft_core_1,1.5929536686941097,0.7330734558003391,0.1572037004924708,0.022075967288089075,0.05082823104804969
all_noisy,39,3000,12,3,2.0,0.25613284950000714,j2_a_then_b,0.5,0.5,0.03,soft_core_10,1.662229026999074,0.7493994368917297,0.1974807677363713,0.037113837190146035,0.012342892502722138
all_noisy,39,3000,12,3,2.0,0.25613284950000714,j2_a_then_b,0.5,0.5,0.03,adaptive_soft,1.5670663449547635,0.7260244033062869,0.13573757867610564,0.01610365248231114,0.08204223638025729
all_noisy,40,3000,12,3,2.0,0.26062073612221565,j2_a_then_b,0.5,0.5,0.03,j1,1.5837411168886457,0.727385125491029,0.18476147579953903,0.030262014350988464,0.08921476594442905
all_noisy,40,3000,12,3,2.0,0.26062073612221565,j2_a_then_b,0.5,0.5,0.03,j2,1.5831559369861792,0.7271496017117683,0.18563962720311214,0.030169985988467842,0.09740303396199619
all_noisy,40,3000,12,3,2.0,0.26062073612221565,j2_a_then_b,0.5,0.5,0.03,selected_order,1.5831559369861792,0.7271496017117683,0.18563962720311214,0.030169985988467842,0.09740303396199619
all_noisy,40,3000,12,3,2.0,0.26062073612221565,j2_a_then_b,0.5,0.5,0.03,independent,1.9486030755676431,0.8012831536204483,0.3713214007848714,0.11801745691049796,4.091855495446908e-17
all_noisy,40,3000,12,3,2.0,0.26062073612221565,j2_a_then_b,0.5,0.5,0.03,arithmetic,1.5191787756240922,0.7043605416369408,0.13290367830962496,0.01583834629985059,0.0933088999532126
all_noisy,40,3000,12,3,2.0,0.26062073612221565,j2_a_then_b,0.5,0.5,0.03,geometric,1.5193036466694674,0.7051581396271335,0.13286804142802,0.015686096208139,0.09369688194665564
all_noisy,40,3000,12,3,2.0,0.26062073612221565,j2_a_then_b,0.5,0.5,0.03,weighted_geometric,1.5193036466694674,0.7051581396271335,0.13286804142802,0.015686096208139,0.09369688194665564
all_noisy,40,3000,12,3,2.0,0.26062073612221565,j2_a_then_b,0.5,0.5,0.03,hard_core,1.7049822973744335,0.7443639369430991,0.23292140188313704,0.05618056822576101,1.5110665690594362e-14
all_noisy,40,3000,12,3,2.0,0.26062073612221565,j2_a_then_b,0.5,0.5,0.03,soft_core_0.1,1.5222199874504712,0.705974366313041,0.1356119865778441,0.016374613646621475,0.08908317214894171
all_noisy,40,3000,12,3,2.0,0.26062073612221565,j2_a_then_b,0.5,0.5,0.03,soft_core_1,1.5486898488697274,0.7124292033292611,0.15641135973345013,0.022552906385858572,0.06447663904172832
all_noisy,40,3000,12,3,2.0,0.26062073612221565,j2_a_then_b,0.5,0.5,0.03,soft_core_10,1.650085820407233,0.7332245706739066,0.21013406818220565,0.04484813750698481,0.0180856030893488
all_noisy,40,3000,12,3,2.0,0.26062073612221565,j2_a_then_b,0.5,0.5,0.03,adaptive_soft,1.5201654890257317,0.7054026241089224,0.13369694148809222,0.015889713588364083,0.09223007091911513
all_noisy,41,3000,12,3,2.0,0.26335880986187954,j2_a_then_b,0.5,0.5,0.03,j1,1.6441353951341717,0.7522273295700834,0.18890556175235884,0.031008348622527427,0.0928638834794882
all_noisy,41,3000,12,3,2.0,0.26335880986187954,j2_a_then_b,0.5,0.5,0.03,j2,1.6439228652250335,0.7525166230604697,0.18898213483633583,0.031005129858942528,0.07769318186390113
all_noisy,41,3000,12,3,2.0,0.26335880986187954,j2_a_then_b,0.5,0.5,0.03,selected_order,1.6439228652250335,0.7525166230604697,0.18898213483633583,0.031005129858942528,0.07769318186390113
all_noisy,41,3000,12,3,2.0,0.26335880986187954,j2_a_then_b,0.5,0.5,0.03,independent,1.8195075835111163,0.7876938210668452,0.28383949872445047,0.07460784594993088,4.040038085492037e-17
all_noisy,41,3000,12,3,2.0,0.26335880986187954,j2_a_then_b,0.5,0.5,0.03,arithmetic,1.5783132368540957,0.7297472556472263,0.13622370925095076,0.016369016325287908,0.08527853267169465
all_noisy,41,3000,12,3,2.0,0.26335880986187954,j2_a_then_b,0.5,0.5,0.03,geometric,1.5791406272653814,0.7308173658616133,0.1374907654048407,0.01641666538705451,0.08488566435210614
all_noisy,41,3000,12,3,2.0,0.26335880986187954,j2_a_then_b,0.5,0.5,0.03,weighted_geometric,1.5791406272653814,0.7308173658616133,0.1374907654048407,0.01641666538705451,0.08488566435210614
all_noisy,41,3000,12,3,2.0,0.26335880986187954,j2_a_then_b,0.5,0.5,0.03,hard_core,1.707988700228118,0.7628064355181696,0.21626758445199565,0.04407320496597197,8.931711737537396e-15
all_noisy,41,3000,12,3,2.0,0.26335880986187954,j2_a_then_b,0.5,0.5,0.03,soft_core_0.1,1.5820056756003245,0.7316567235646653,0.14010479106167031,0.017084731564997797,0.07900067794538501
all_noisy,41,3000,12,3,2.0,0.26335880986187954,j2_a_then_b,0.5,0.5,0.03,soft_core_1,1.6071544297654634,0.7388305198227318,0.16076813713028393,0.022834166173583754,0.0507256589371215
all_noisy,41,3000,12,3,2.0,0.26335880986187954,j2_a_then_b,0.5,0.5,0.03,soft_core_10,1.6767621822060175,0.7559355358507489,0.20223322925674458,0.03778893137452206,0.012087033693404506
all_noisy,41,3000,12,3,2.0,0.26335880986187954,j2_a_then_b,0.5,0.5,0.03,adaptive_soft,1.579973578603126,0.7310603896390245,0.1382479587809184,0.016611279558566457,0.0830020179929015
all_noisy,42,3000,12,3,2.0,0.26865936750497943,j2_a_then_b,0.5,0.5,0.03,j1,1.6815248963058604,0.7585772051452838,0.19347103184365158,0.032190290898475624,0.09131170705955463
all_noisy,42,3000,12,3,2.0,0.26865936750497943,j2_a_then_b,0.5,0.5,0.03,j2,1.6792099309085582,0.7582485368761073,0.192460593537726,0.031916977042389286,0.09034378700978359
all_noisy,42,3000,12,3,2.0,0.26865936750497943,j2_a_then_b,0.5,0.5,0.03,selected_order,1.6792099309085582,0.7582485368761073,0.192460593537726,0.031916977042389286,0.09034378700978359
all_noisy,42,3000,12,3,2.0,0.26865936750497943,j2_a_then_b,0.5,0.5,0.03,independent,1.919655336313357,0.8071476327056775,0.31893099478722203,0.09201500074769225,3.926820838318869e-17
all_noisy,42,3000,12,3,2.0,0.26865936750497943,j2_a_then_b,0.5,0.5,0.03,arithmetic,1.6124225327006494,0.7355243684514976,0.13905051988132633,0.01691567001049557,0.0908277470346691
all_noisy,42,3000,12,3,2.0,0.26865936750497943,j2_a_then_b,0.5,0.5,0.03,geometric,1.613045494264808,0.7364929144119748,0.13973966526438406,0.01692627742209688,0.0901371423030601
all_noisy,42,3000,12,3,2.0,0.26865936750497943,j2_a_then_b,0.5,0.5,0.03,weighted_geometric,1.613045494264808,0.7364929144119748,0.13973966526438406,0.01692627742209688,0.0901371423030601
all_noisy,42,3000,12,3,2.0,0.26865936750497943,j2_a_then_b,0.5,0.5,0.03,hard_core,1.7645418189691202,0.7703978064653104,0.2257106175896936,0.04936221164107793,1.000633685332482e-14
all_noisy,42,3000,12,3,2.0,0.26865936750497943,j2_a_then_b,0.5,0.5,0.03,soft_core_0.1,1.616079731626751,0.7373116891827941,0.1424812035694491,0.017634960365182882,0.08442613845361009
all_noisy,42,3000,12,3,2.0,0.26865936750497943,j2_a_then_b,0.5,0.5,0.03,soft_core_1,1.6426491835326127,0.7440611243411723,0.16319641258119383,0.023721984193583418,0.056365913472083355
all_noisy,42,3000,12,3,2.0,0.26865936750497943,j2_a_then_b,0.5,0.5,0.03,soft_core_10,1.7243597749259716,0.762111146518321,0.20836311059863596,0.04128011488464392,0.014441764379410435
all_noisy,42,3000,12,3,2.0,0.26865936750497943,j2_a_then_b,0.5,0.5,0.03,adaptive_soft,1.6139341643080356,0.7367334103800475,0.140542331841976,0.017134233403403858,0.08831196774069745
all_noisy,43,3000,12,3,2.0,0.2575480579902118,j2_a_then_b,0.5,0.5,0.03,j1,1.6067627308349952,0.7353274148548415,0.1868582530260643,0.030529391960470928,0.09099154602981152
all_noisy,43,3000,12,3,2.0,0.2575480579902118,j2_a_then_b,0.5,0.5,0.03,j2,1.6061136751752234,0.734333010947758,0.18482027727800024,0.030194992654526433,0.07386133327144853
all_noisy,43,3000,12,3,2.0,0.2575480579902118,j2_a_then_b,0.5,0.5,0.03,selected_order,1.6061136751752234,0.734333010947758,0.18482027727800024,0.030194992654526433,0.07386133327144853
all_noisy,43,3000,12,3,2.0,0.2575480579902118,j2_a_then_b,0.5,0.5,0.03,independent,1.7634638101590172,0.7646893947132339,0.2678463396669708,0.07009603059832599,4.0435228355059043e-17
all_noisy,43,3000,12,3,2.0,0.2575480579902118,j2_a_then_b,0.5,0.5,0.03,arithmetic,1.5427120118817519,0.7128944108600248,0.13532682254067865,0.016230511895323096,0.08242643965063
all_noisy,43,3000,12,3,2.0,0.2575480579902118,j2_a_then_b,0.5,0.5,0.03,geometric,1.5439042524696802,0.713881504790647,0.13644479658814704,0.016362515765160516,0.08203543307119693
all_noisy,43,3000,12,3,2.0,0.2575480579902118,j2_a_then_b,0.5,0.5,0.03,weighted_geometric,1.5439042524696802,0.713881504790647,0.13644479658814704,0.016362515765160516,0.08203543307119693
all_noisy,43,3000,12,3,2.0,0.2575480579902118,j2_a_then_b,0.5,0.5,0.03,hard_core,1.6652043323972785,0.7423574740655058,0.2081730480256546,0.04212280878898075,1.5033770228968518e-14
all_noisy,43,3000,12,3,2.0,0.2575480579902118,j2_a_then_b,0.5,0.5,0.03,soft_core_0.1,1.5464723038699495,0.7145610936424529,0.1387371891274144,0.016959244946248356,0.07614796377118123
all_noisy,43,3000,12,3,2.0,0.2575480579902118,j2_a_then_b,0.5,0.5,0.03,soft_core_1,1.5696357308634161,0.7208436392463068,0.15680058287821472,0.02223095142080908,0.04838904482421594
all_noisy,43,3000,12,3,2.0,0.2575480579902118,j2_a_then_b,0.5,0.5,0.03,soft_core_10,1.634458304006838,0.7361416546659427,0.1948321449937822,0.03607709803117928,0.01163544311549632
all_noisy,43,3000,12,3,2.0,0.2575480579902118,j2_a_then_b,0.5,0.5,0.03,adaptive_soft,1.5446444819103147,0.7140737792640531,0.13711072965685753,0.016534937852773636,0.08015072437900911
all_noisy,44,3000,12,3,2.0,0.2503686312781287,j1_b_then_a,0.5,0.5,0.03,j1,1.5429533816108685,0.7082547150206331,0.17827491337103074,0.028728831694663844,0.08457896859079256
all_noisy,44,3000,12,3,2.0,0.2503686312781287,j1_b_then_a,0.5,0.5,0.03,j2,1.5439418244265652,0.7076705970609731,0.17736618806078788,0.02890381898019569,0.0874953504966719
all_noisy,44,3000,12,3,2.0,0.2503686312781287,j1_b_then_a,0.5,0.5,0.03,selected_order,1.5429533816108685,0.7082547150206331,0.17827491337103074,0.028728831694663844,0.08457896859079256
all_noisy,44,3000,12,3,2.0,0.2503686312781287,j1_b_then_a,0.5,0.5,0.03,independent,1.8472369224213359,0.7667857246301645,0.3350586886874729,0.1011796816400088,4.0859291353166716e-17
all_noisy,44,3000,12,3,2.0,0.2503686312781287,j1_b_then_a,0.5,0.5,0.03,arithmetic,1.4831919144955887,0.6866678508456578,0.12864830741047634,0.015261961306762951,0.08603715954373221
all_noisy,44,3000,12,3,2.0,0.2503686312781287,j1_b_then_a,0.5,0.5,0.03,geometric,1.482755412365979,0.687190654145179,0.12826791899970097,0.014977043571923553,0.0861775756484331
all_noisy,44,3000,12,3,2.0,0.2503686312781287,j1_b_then_a,0.5,0.5,0.03,weighted_geometric,1.482755412365979,0.687190654145179,0.12826791899970097,0.014977043571923553,0.0861775756484331
all_noisy,44,3000,12,3,2.0,0.2503686312781287,j1_b_then_a,0.5,0.5,0.03,hard_core,1.6364376913686047,0.7195512975337726,0.2134717803027413,0.048487619808495475,1.1490076706514316e-14
all_noisy,44,3000,12,3,2.0,0.2503686312781287,j1_b_then_a,0.5,0.5,0.03,soft_core_0.1,1.4853190635177145,0.6879116636034097,0.13065347266351712,0.015581012359691606,0.08147854511844643
all_noisy,44,3000,12,3,2.0,0.2503686312781287,j1_b_then_a,0.5,0.5,0.03,soft_core_1,1.5086457141665894,0.693717647876443,0.1490104782904952,0.02098537213362891,0.05741198569876046
all_noisy,44,3000,12,3,2.0,0.2503686312781287,j1_b_then_a,0.5,0.5,0.03,soft_core_10,1.592688204600042,0.7108686230524462,0.19460508600211268,0.03940296011213987,0.015556767108877283
all_noisy,44,3000,12,3,2.0,0.2503686312781287,j1_b_then_a,0.5,0.5,0.03,adaptive_soft,1.4835081532023688,0.6874040606746592,0.1289748632303513,0.0151546794583256,0.08467820224010078
all_noisy,45,3000,12,3,2.0,0.2509826118992091,j2_a_then_b,0.5,0.5,0.03,j1,1.546774558018179,0.7100092726537386,0.1813891246783533,0.029484294408234413,0.08828403125304496
all_noisy,45,3000,12,3,2.0,0.2509826118992091,j2_a_then_b,0.5,0.5,0.03,j2,1.5452973913572097,0.7085510058204788,0.17883374773862332,0.029061680731017975,0.0799796256510164
all_noisy,45,3000,12,3,2.0,0.2509826118992091,j2_a_then_b,0.5,0.5,0.03,selected_order,1.5452973913572097,0.7085510058204788,0.17883374773862332,0.029061680731017975,0.0799796256510164
all_noisy,45,3000,12,3,2.0,0.2509826118992091,j2_a_then_b,0.5,0.5,0.03,independent,1.7738873793465217,0.7542689535725189,0.29701128349559647,0.08700173806141558,4.510410915924944e-17
all_noisy,45,3000,12,3,2.0,0.2509826118992091,j2_a_then_b,0.5,0.5,0.03,arithmetic,1.4852371342614339,0.6875845988776398,0.13067055668473807,0.015598044339489133,0.08413182845203067
all_noisy,45,3000,12,3,2.0,0.2509826118992091,j2_a_then_b,0.5,0.5,0.03,geometric,1.484591567336726,0.6879525320945195,0.12954482992844482,0.015256215494776838,0.08398585205609292
all_noisy,45,3000,12,3,2.0,0.2509826118992091,j2_a_then_b,0.5,0.5,0.03,weighted_geometric,1.484591567336726,0.6879525320945195,0.12954482992844482,0.015256215494776838,0.08398585205609292
all_noisy,45,3000,12,3,2.0,0.2509826118992091,j2_a_then_b,0.5,0.5,0.03,hard_core,1.6286999341546615,0.7183058595447372,0.20908602312399857,0.04582731780447755,1.8133588015709993e-14
all_noisy,45,3000,12,3,2.0,0.2509826118992091,j2_a_then_b,0.5,0.5,0.03,soft_core_0.1,1.4871084790964564,0.6885978327594497,0.1316858981875205,0.015838590392272544,0.07875452813861535
all_noisy,45,3000,12,3,2.0,0.2509826118992091,j2_a_then_b,0.5,0.5,0.03,soft_core_1,1.509977452487893,0.6943816973932218,0.14985455057802138,0.021042291912234785,0.053311482028483785
all_noisy,45,3000,12,3,2.0,0.2509826118992091,j2_a_then_b,0.5,0.5,0.03,soft_core_10,1.5866291868032232,0.710234605242038,0.19191928617148832,0.03740701939514922,0.014504529609842911
all_noisy,45,3000,12,3,2.0,0.2509826118992091,j2_a_then_b,0.5,0.5,0.03,adaptive_soft,1.4853221485093986,0.6881376590220767,0.13016357260397746,0.015425542419446155,0.0823117120229179
all_noisy,46,3000,12,3,2.0,0.25310641077688173,j2_a_then_b,0.5,0.5,0.03,j1,1.5637828651380759,0.715548873436832,0.1861938997873139,0.030889677584652463,0.08881398739204478
all_noisy,46,3000,12,3,2.0,0.25310641077688173,j2_a_then_b,0.5,0.5,0.03,j2,1.5541404709281768,0.7109540297143798,0.17858431412789705,0.02879621802749096,0.08164715990112877
all_noisy,46,3000,12,3,2.0,0.25310641077688173,j2_a_then_b,0.5,0.5,0.03,selected_order,1.5541404709281768,0.7109540297143798,0.17858431412789705,0.02879621802749096,0.08164715990112877
all_noisy,46,3000,12,3,2.0,0.25310641077688173,j2_a_then_b,0.5,0.5,0.03,independent,1.7839613797695693,0.7633541904874922,0.301629690090276,0.08594424760894771,4.7390702834794e-17
all_noisy,46,3000,12,3,2.0,0.25310641077688173,j2_a_then_b,0.5,0.5,0.03,arithmetic,1.4969547656932383,0.6914417113195747,0.1323480756203529,0.015990735390981885,0.08523057364658676
all_noisy,46,3000,12,3,2.0,0.25310641077688173,j2_a_then_b,0.5,0.5,0.03,geometric,1.497070783235758,0.6920530809499261,0.13229069214564368,0.01583987144481514,0.08497475932982891
all_noisy,46,3000,12,3,2.0,0.25310641077688173,j2_a_then_b,0.5,0.5,0.03,weighted_geometric,1.497070783235758,0.6920530809499261,0.13229069214564368,0.01583987144481514,0.08497475932982891
all_noisy,46,3000,12,3,2.0,0.25310641077688173,j2_a_then_b,0.5,0.5,0.03,hard_core,1.6382619020744813,0.72432066104565,0.21324625872967598,0.046667787142820355,1.0136099294065445e-14
all_noisy,46,3000,12,3,2.0,0.25310641077688173,j2_a_then_b,0.5,0.5,0.03,soft_core_0.1,1.4997275545615245,0.6927513884506592,0.13445596248008543,0.01646083568281494,0.07972231370065551
all_noisy,46,3000,12,3,2.0,0.25310641077688173,j2_a_then_b,0.5,0.5,0.03,soft_core_1,1.5235784109281303,0.6988121830949277,0.15278701460453153,0.02194427848695287,0.05395212524746554
all_noisy,46,3000,12,3,2.0,0.25310641077688173,j2_a_then_b,0.5,0.5,0.03,soft_core_10,1.5998790221499823,0.7159463990109626,0.1960764529826348,0.038677805360439604,0.014160690556281863
all_noisy,46,3000,12,3,2.0,0.25310641077688173,j2_a_then_b,0.5,0.5,0.03,adaptive_soft,1.49784482850689,0.6922555659052673,0.13292113002066405,0.016021143912687965,0.08329515501904448
all_noisy,47,3000,12,3,2.0,0.2619557170914259,j1_b_then_a,0.5,0.5,0.03,j1,1.6283312456293733,0.7378531639273911,0.18705379885268292,0.030829789088830075,0.09006144578567252
all_noisy,47,3000,12,3,2.0,0.2619557170914259,j1_b_then_a,0.5,0.5,0.03,j2,1.6299407967050137,0.7381979171078924,0.18863051590200092,0.03115505805587388,0.07825789064352161
all_noisy,47,3000,12,3,2.0,0.2619557170914259,j1_b_then_a,0.5,0.5,0.03,selected_order,1.6283312456293733,0.7378531639273911,0.18705379885268292,0.030829789088830075,0.09006144578567252
all_noisy,47,3000,12,3,2.0,0.2619557170914259,j1_b_then_a,0.5,0.5,0.03,independent,1.7636600345222255,0.7649132321641048,0.26124071107108165,0.06350557676412344,4.546721072556936e-17
all_noisy,47,3000,12,3,2.0,0.2619557170914259,j1_b_then_a,0.5,0.5,0.03,arithmetic,1.5637676913107255,0.7154473225802344,0.13560411016767446,0.016360805263687772,0.08415966821459706
all_noisy,47,3000,12,3,2.0,0.2619557170914259,j1_b_then_a,0.5,0.5,0.03,geometric,1.5637842716261492,0.7160296420119486,0.13543968153919989,0.016219938480082803,0.08378514949826606
all_noisy,47,3000,12,3,2.0,0.2619557170914259,j1_b_then_a,0.5,0.5,0.03,weighted_geometric,1.5637842716261492,0.7160296420119486,0.13543968153919989,0.016219938480082803,0.08378514949826606
all_noisy,47,3000,12,3,2.0,0.2619557170914259,j1_b_then_a,0.5,0.5,0.03,hard_core,1.6817362140200982,0.7453859569454391,0.2090790290490404,0.04169842497193732,1.0405058619001513e-14
all_noisy,47,3000,12,3,2.0,0.2619557170914259,j1_b_then_a,0.5,0.5,0.03,soft_core_0.1,1.5665985980217403,0.7167751326101677,0.1379364188777335,0.01687704899874126,0.07770727479212587
all_noisy,47,3000,12,3,2.0,0.2619557170914259,j1_b_then_a,0.5,0.5,0.03,soft_core_1,1.5914327975709994,0.7234463178652404,0.15785409019720495,0.0225516765917638,0.04872178151211195
all_noisy,47,3000,12,3,2.0,0.2619557170914259,j1_b_then_a,0.5,0.5,0.03,soft_core_10,1.655734830792722,0.739284020949861,0.19647905434196025,0.03639631288252707,0.010971257204058418
all_noisy,47,3000,12,3,2.0,0.2619557170914259,j1_b_then_a,0.5,0.5,0.03,adaptive_soft,1.5645996128070954,0.7162425133261304,0.1361649853336142,0.0164107174824213,0.0818394419652543
all_noisy,48,3000,12,3,2.0,0.25410123292912534,j2_a_then_b,0.5,0.5,0.03,j1,1.5900817448625886,0.7248083119537972,0.18223473116015812,0.02962877796051189,0.08791345300158644
all_noisy,48,3000,12,3,2.0,0.25410123292912534,j2_a_then_b,0.5,0.5,0.03,j2,1.5890008319024935,0.7245070414674034,0.182210649191671,0.029456093705532604,0.07354530814733325
all_noisy,48,3000,12,3,2.0,0.25410123292912534,j2_a_then_b,0.5,0.5,0.03,selected_order,1.5890008319024935,0.7245070414674034,0.182210649191671,0.029456093705532604,0.07354530814733325
all_noisy,48,3000,12,3,2.0,0.25410123292912534,j2_a_then_b,0.5,0.5,0.03,independent,1.7414333235688362,0.7575232058448242,0.268155685942857,0.06629535946436095,4.3611549391219935e-17
all_noisy,48,3000,12,3,2.0,0.25410123292912534,j2_a_then_b,0.5,0.5,0.03,arithmetic,1.5278832784149439,0.7035274449982232,0.132054356602773,0.01575183973467464,0.08072938057445983
all_noisy,48,3000,12,3,2.0,0.25410123292912534,j2_a_then_b,0.5,0.5,0.03,geometric,1.528160868578088,0.7041420071979113,0.1319723178876241,0.015644847711739303,0.08033575829316011
all_noisy,48,3000,12,3,2.0,0.25410123292912534,j2_a_then_b,0.5,0.5,0.03,weighted_geometric,1.528160868578088,0.7041420071979113,0.1319723178876241,0.015644847711739303,0.08033575829316011
all_noisy,48,3000,12,3,2.0,0.25410123292912534,j2_a_then_b,0.5,0.5,0.03,hard_core,1.643864854990502,0.7331388893779655,0.20615804254251008,0.040979895308442385,1.1320640375101463e-14
all_noisy,48,3000,12,3,2.0,0.25410123292912534,j2_a_then_b,0.5,0.5,0.03,soft_core_0.1,1.5310150214193239,0.7049316949519665,0.13464691181704658,0.016309219793587473,0.074641223084018
all_noisy,48,3000,12,3,2.0,0.25410123292912534,j2_a_then_b,0.5,0.5,0.03,soft_core_1,1.5551267891949536,0.7115317635270395,0.15475428554048265,0.021837764435818106,0.04741366322087999
all_noisy,48,3000,12,3,2.0,0.25410123292912534,j2_a_then_b,0.5,0.5,0.03,soft_core_10,1.6176245007658911,0.7269885367107428,0.19327927678781173,0.03551123358065438,0.011002441943379015
all_noisy,48,3000,12,3,2.0,0.25410123292912534,j2_a_then_b,0.5,0.5,0.03,adaptive_soft,1.5289955970119213,0.7043712366239655,0.13275802986807156,0.015839408717325802,0.0785152330731291
all_noisy,49,3000,12,3,2.0,0.26232214643414997,j1_b_then_a,0.5,0.5,0.03,j1,1.6378545548945498,0.7434789261846322,0.18974113632510192,0.03130135078169661,0.0933489867813847
all_noisy,49,3000,12,3,2.0,0.26232214643414997,j1_b_then_a,0.5,0.5,0.03,j2,1.6328362309389446,0.7404962031022138,0.18499195206602218,0.03012160695032662,0.07051153504959956
all_noisy,49,3000,12,3,2.0,0.26232214643414997,j1_b_then_a,0.5,0.5,0.03,selected_order,1.6378545548945498,0.7434789261846322,0.18974113632510192,0.03130135078169661,0.0933489867813847
all_noisy,49,3000,12,3,2.0,0.26232214643414997,j1_b_then_a,0.5,0.5,0.03,independent,1.7407552391088574,0.7612576981330987,0.24556576572828606,0.05616604485856157,4.551127866461819e-17
all_noisy,49,3000,12,3,2.0,0.26232214643414997,j1_b_then_a,0.5,0.5,0.03,arithmetic,1.5694459746757312,0.719515583992104,0.13503299058596643,0.01602212422842298,0.08193026091549213
all_noisy,49,3000,12,3,2.0,0.26232214643414997,j1_b_then_a,0.5,0.5,0.03,geometric,1.5699062314041055,0.7202260119045233,0.1353569798283241,0.015985009186312932,0.08196659754007012
all_noisy,49,3000,12,3,2.0,0.26232214643414997,j1_b_then_a,0.5,0.5,0.03,weighted_geometric,1.5699062314041055,0.7202260119045233,0.1353569798283241,0.015985009186312932,0.08196659754007012
all_noisy,49,3000,12,3,2.0,0.26232214643414997,j1_b_then_a,0.5,0.5,0.03,hard_core,1.6769979002921354,0.747525561286239,0.20452176920542467,0.03932416143805086,1.8795319298282365e-14
all_noisy,49,3000,12,3,2.0,0.26232214643414997,j1_b_then_a,0.5,0.5,0.03,soft_core_0.1,1.572551645766472,0.7208496414701163,0.13758019922947196,0.01660034765490414,0.07575202704077402
all_noisy,49,3000,12,3,2.0,0.26232214643414997,j1_b_then_a,0.5,0.5,0.03,soft_core_1,1.5965472631299977,0.7271459729281734,0.15648529831334937,0.022066773811219683,0.04635339331252982
all_noisy,49,3000,12,3,2.0,0.26232214643414997,j1_b_then_a,0.5,0.5,0.03,soft_core_10,1.654979948815037,0.7421023411815874,0.19317538922934688,0.03475280769285622,0.009980575087229703
all_noisy,49,3000,12,3,2.0,0.26232214643414997,j1_b_then_a,0.5,0.5,0.03,adaptive_soft,1.570664679645732,0.7203980490297401,0.13599932846159016,0.01616187777856222,0.07998044698367196
