regime,seed,gamma,method,factorization_tv,joint_nll,joint_brier,tv_to_truth,marginal_distortion,reconciliation_distortion,tax_vs_best_order,tax_vs_selected_order,soft_weight,soft_lambda,pool_weight,selected_order_name,selected_policy
trusted_marginals,0,2.0,j1,0.07865568191481347,1.4606125508006975,0.6708184407536767,0.05123216684342774,0.01933060074319382,0.0033176622839261906,0.004617263395669369,0.0,0.25,100.0,0.5,j1_b_then_a,mpr
trusted_marginals,0,2.0,j2,0.07865568191481347,1.4559952874050281,0.6699281253359728,0.05310882089226585,0.020306057260508575,0.0033176622839261906,0.0,-0.004617263395669369,0.25,100.0,0.5,j1_b_then_a,mpr
trusted_marginals,0,2.0,selected_order,0.07865568191481347,1.4606125508006975,0.6708184407536767,0.05123216684342774,0.01933060074319382,0.0033176622839261906,0.004617263395669369,0.0,0.25,100.0,0.5,j1_b_then_a,mpr
trusted_marginals,0,2.0,independent,0.07865568191481347,1.671984402918757,0.7114135830404517,0.25292235862645707,3.9546829895022175e-17,0.06537559145583566,0.2159891155137288,0.21137185211805942,0.25,100.0,0.5,j1_b_then_a,mpr
trusted_marginals,0,2.0,arithmetic,0.07865568191481347,1.4512725860703095,0.6683783752485257,0.040091053214976614,0.01981832900185117,0.0016764709247717555,-0.0047227013347186375,-0.009339964730388006,0.25,100.0,0.5,j1_b_then_a,mpr
trusted_marginals,0,2.0,geometric,0.07865568191481347,1.451584897419973,0.6685060527297487,0.040026958957958526,0.0199116383017981,0.0016774049953452155,-0.004410389985055163,-0.009027653380724532,0.25,100.0,0.5,j1_b_then_a,mpr
trusted_marginals,0,2.0,weighted_geometric,0.07865568191481347,1.451584897419973,0.6685060527297487,0.040026958957958526,0.0199116383017981,0.0016774049953452155,-0.004410389985055163,-0.009027653380724532,0.25,100.0,0.5,j1_b_then_a,mpr
trusted_marginals,0,2.0,hard_core,0.07865568191481347,1.4439424613148513,0.6655353932989264,0.02138486235388664,1.0022957427403573e-13,0.0028217075858932602,-0.012052826090176882,-0.01667008948584625,0.25,100.0,0.5,j1_b_then_a,mpr
trusted_marginals,0,2.0,adaptive_soft,0.07865568191481347,1.4447408321487605,0.6656116550266266,0.02299964254032988,0.00034688674248897923,0.002927809787526918,-0.01125445525626767,-0.01587171865193704,0.25,100.0,0.5,j1_b_then_a,mpr
trusted_marginals,0,2.0,selective_core,0.07865568191481347,1.4447111715582865,0.6655889263421002,0.022952138811104607,3.194357858738936e-14,0.0029686155675290628,-0.011284115846741605,-0.015901379242410973,0.25,100.0,0.5,j1_b_then_a,mpr
trusted_marginals,1,2.0,j1,0.09107660527698214,1.4753678951584692,0.6893803713952945,0.0663962432455248,0.02659188860311524,0.003899919111362091,0.005691379643729011,0.005691379643729011,0.25,10.0,0.25,j2_a_then_b,soft
trusted_marginals,1,2.0,j2,0.09107660527698214,1.4696765155147402,0.6830311350342677,0.051374160582339574,0.018307247423970215,0.003899919111362091,0.0,0.0,0.25,10.0,0.25,j2_a_then_b,soft
trusted_marginals,1,2.0,selected_order,0.09107660527698214,1.4696765155147402,0.6830311350342677,0.051374160582339574,0.018307247423970215,0.003899919111362091,0.0,0.0,0.25,10.0,0.25,j2_a_then_b,soft
trusted_marginals,1,2.0,independent,0.09107660527698214,1.5603510637077334,0.7059417535912064,0.14343373603848722,4.322887534047304e-17,0.02978445377247853,0.09067454819299314,0.09067454819299314,0.25,10.0,0.25,j2_a_then_b,soft
trusted_marginals,1,2.0,arithmetic,0.09107660527698214,1.464889749366997,0.6834114208900616,0.04555185415059278,0.0224495680135427,0.0019682868687265946,-0.004786766147743204,-0.004786766147743204,0.25,10.0,0.25,j2_a_then_b,soft
trusted_marginals,1,2.0,geometric,0.09107660527698214,1.464624185338491,0.6832240814139275,0.04578787052558879,0.022680735223435847,0.0019691089682372974,-0.005052330176249287,-0.005052330176249287,0.25,10.0,0.25,j2_a_then_b,soft
trusted_marginals,1,2.0,weighted_geometric,0.09107660527698214,1.4651731079154642,0.6823650738201205,0.04464968797127874,0.02053796421992752,0.0024517460007920694,-0.0045034075992760325,-0.0045034075992760325,0.25,10.0,0.25,j2_a_then_b,soft
trusted_marginals,1,2.0,hard_core,0.09107660527698214,1.4604956836652914,0.6804874499900072,0.02310702002262975,1.8990985840112648e-14,0.003225667784044724,-0.009180831849448845,-0.009180831849448845,0.25,10.0,0.25,j2_a_then_b,soft
trusted_marginals,1,2.0,adaptive_soft,0.09107660527698214,1.462533190176483,0.6807679395673976,0.025673729794682288,0.002323407500410533,0.003164561611627196,-0.007143325338257123,-0.007143325338257123,0.25,10.0,0.25,j2_a_then_b,soft
trusted_marginals,1,2.0,selective_core,0.09107660527698214,1.462533190176483,0.6807679395673976,0.025673729794682288,0.002323407500410533,0.003164561611627196,-0.007143325338257123,-0.007143325338257123,0.25,10.0,0.25,j2_a_then_b,soft
trusted_marginals,2,2.0,j1,0.0911622183707996,1.5328134783208505,0.7143222259192941,0.05819471239000231,0.021748480986947382,0.003938097733992349,0.0,0.0,0.75,3.0,0.75,j1_b_then_a,soft
trusted_marginals,2,2.0,j2,0.0911622183707996,1.5455188282545,0.7193208390715745,0.06310956591191937,0.024043839504794818,0.003938097733992349,0.012705349933649579,0.012705349933649579,0.75,3.0,0.75,j1_b_then_a,soft
trusted_marginals,2,2.0,selected_order,0.0911622183707996,1.5328134783208505,0.7143222259192941,0.05819471239000231,0.021748480986947382,0.003938097733992349,0.0,0.0,0.75,3.0,0.75,j1_b_then_a,soft
trusted_marginals,2,2.0,independent,0.0911622183707996,1.7297915418455232,0.752672748375619,0.2256575883337595,4.3066034950429295e-17,0.05444818939132278,0.19697806352467273,0.19697806352467273,0.75,3.0,0.75,j1_b_then_a,soft
trusted_marginals,2,2.0,arithmetic,0.0911622183707996,1.531670312898219,0.7143064827886498,0.046272392042643724,0.022896160245871072,0.001988215378116626,-0.001143165422631487,-0.001143165422631487,0.75,3.0,0.75,j1_b_then_a,soft
trusted_marginals,2,2.0,geometric,0.0911622183707996,1.5311898388744356,0.7141780677408293,0.046483997218585635,0.02312978078756815,0.0019890884235789314,-0.0016236394464148596,-0.0016236394464148596,0.75,3.0,0.75,j1_b_then_a,soft
trusted_marginals,2,2.0,weighted_geometric,0.0911622183707996,1.5300143279210079,0.7135965830339062,0.04873101424825721,0.022494540345205365,0.0024798264283240694,-0.002799150399842576,-0.002799150399842576,0.75,3.0,0.75,j1_b_then_a,soft
trusted_marginals,2,2.0,hard_core,0.0911622183707996,1.5289770286211934,0.71196401149905,0.02509796998543508,3.9988007158065506e-14,0.0033073210928627433,-0.0038364496996570185,-0.0038364496996570185,0.75,3.0,0.75,j1_b_then_a,soft
trusted_marginals,2,2.0,adaptive_soft,0.0911622183707996,1.5268996284451364,0.7118840478563199,0.031342549436185634,0.0071053479597345676,0.0028236377883700875,-0.005913849875714083,-0.005913849875714083,0.75,3.0,0.75,j1_b_then_a,soft
trusted_marginals,2,2.0,selective_core,0.0911622183707996,1.5268996284451364,0.7118840478563199,0.031342549436185634,0.0071053479597345676,0.0028236377883700875,-0.005913849875714083,-0.005913849875714083,0.75,3.0,0.75,j1_b_then_a,soft
trusted_marginals,3,2.0,j1,0.08910745444838021,1.4390500483725142,0.6673113359444156,0.06400210109320736,0.024611524095136474,0.003960171438071484,0.011729434965316754,0.0,0.75,100.0,0.5,j1_b_then_a,mpr
trusted_marginals,3,2.0,j2,0.08910745444838021,1.4273206134071974,0.6641701136518243,0.05481493472502963,0.019929290960675288,0.003960171438071484,0.0,-0.011729434965316754,0.75,100.0,0.5,j1_b_then_a,mpr
trusted_marginals,3,2.0,selected_order,0.08910745444838021,1.4390500483725142,0.6673113359444156,0.06400210109320736,0.024611524095136474,0.003960171438071484,0.011729434965316754,0.0,0.75,100.0,0.5,j1_b_then_a,mpr
trusted_marginals,3,2.0,independent,0.08910745444838021,1.4990111664248642,0.6772010643832419,0.14041885995086306,4.637426781559789e-17,0.026543884075154133,0.0716905530176668,0.05996111805235005,0.75,100.0,0.5,j1_b_then_a,mpr
trusted_marginals,3,2.0,arithmetic,0.08910745444838021,1.4254506196016046,0.6631851455859289,0.04542268175686378,0.022270407527905857,0.002000816302716719,-0.001869993805592829,-0.013599428770909583,0.75,100.0,0.5,j1_b_then_a,mpr
trusted_marginals,3,2.0,geometric,0.08910745444838021,1.425155992813357,0.663217998782252,0.04554883600664532,0.02236758647064986,0.002001805101505375,-0.0021646205938403718,-0.013894055559157126,0.75,100.0,0.5,j1_b_then_a,mpr
trusted_marginals,3,2.0,weighted_geometric,0.08910745444838021,1.425155992813357,0.663217998782252,0.04554883600664532,0.02236758647064986,0.002001805101505375,-0.0021646205938403718,-0.013894055559157126,0.75,100.0,0.5,j1_b_then_a,mpr
trusted_marginals,3,2.0,hard_core,0.08910745444838021,1.4208864534994703,0.6614051620012398,0.02568904139688853,3.94201985168415e-14,0.003206767370470628,-0.0064341599077271106,-0.018163594873043865,0.75,100.0,0.5,j1_b_then_a,mpr
trusted_marginals,3,2.0,adaptive_soft,0.08910745444838021,1.421352215477616,0.6616587921414874,0.028201028305697748,0.0003021568390086658,0.003375644070454783,-0.0059683979295814815,-0.017697832894898236,0.75,100.0,0.5,j1_b_then_a,mpr
trusted_marginals,3,2.0,selective_core,0.08910745444838021,1.4213249547795561,0.6616522343601425,0.02813052640919131,6.552613741997491e-14,0.0034087879263537345,-0.005995658627641287,-0.01772509359295804,0.75,100.0,0.5,j1_b_then_a,mpr
trusted_marginals,4,2.0,j1,0.08578964354382536,1.479476098101484,0.6951642893065731,0.06038302183275388,0.02402804049078382,0.003587315100862795,0.010805644323982788,0.0,1.0,10.0,0.5,j1_b_then_a,soft
trusted_marginals,4,2.0,j2,0.08578964354382536,1.4686704537775013,0.691417477082005,0.05152869952998463,0.01972636753006097,0.003587315100862795,0.0,-0.010805644323982788,1.0,10.0,0.5,j1_b_then_a,soft
trusted_marginals,4,2.0,selected_order,0.08578964354382536,1.479476098101484,0.6951642893065731,0.06038302183275388,0.02402804049078382,0.003587315100862795,0.010805644323982788,0.0,1.0,10.0,0.5,j1_b_then_a,soft
trusted_marginals,4,2.0,independent,0.08578964354382536,1.5751073606564572,0.7112349701485511,0.16710234195349316,3.9871995679077733e-17,0.035996654121473314,0.1064369068789559,0.09563126255497312,1.0,10.0,0.5,j1_b_then_a,soft
trusted_marginals,4,2.0,arithmetic,0.08578964354382536,1.4668171110356232,0.6908289359456355,0.04341374497336366,0.021877204010422372,0.0018110168327734218,-0.0018533427418780946,-0.012658987065860883,1.0,10.0,0.5,j1_b_then_a,soft
trusted_marginals,4,2.0,geometric,0.08578964354382536,1.4668088035221962,0.6910826092401017,0.04372043343077148,0.02206753414789497,0.001811850856028521,-0.0018616502553050474,-0.012667294579287836,1.0,10.0,0.5,j1_b_then_a,soft
trusted_marginals,4,2.0,weighted_geometric,0.08578964354382536,1.4668088035221962,0.6910826092401017,0.04372043343077148,0.02206753414789497,0.001811850856028521,-0.0018616502553050474,-0.012667294579287836,1.0,10.0,0.5,j1_b_then_a,soft
trusted_marginals,4,2.0,hard_core,0.08578964354382536,1.4604641162914058,0.6874756286814957,0.022340553604342412,3.472308963796411e-14,0.0030279464920043688,-0.00820633748609545,-0.019011981810078238,1.0,10.0,0.5,j1_b_then_a,soft
trusted_marginals,4,2.0,adaptive_soft,0.08578964354382536,1.4640920015278773,0.6882615340021511,0.03039210216272302,0.0032025556976971454,0.0033681163102484498,-0.004578452249623943,-0.015384096573606731,1.0,10.0,0.5,j1_b_then_a,soft
trusted_marginals,4,2.0,selective_core,0.08578964354382536,1.4630469792841954,0.6885454380679495,0.028361513291759146,0.006856298487389579,0.002563379967144091,-0.005623474493305913,-0.0164291188172887,1.0,10.0,0.5,j1_b_then_a,soft
trusted_marginals,5,2.0,j1,0.09020316945473822,1.4439251777825215,0.6821984869436386,0.06370391300173131,0.025154972759874057,0.0038449949840108086,0.019200882281026566,0.0,0.75,10.0,0.5,j1_b_then_a,soft
trusted_marginals,5,2.0,j2,0.09020316945473822,1.424724295501495,0.6764169340640949,0.053429798937391755,0.01926818962495468,0.0038449949840108086,0.0,-0.019200882281026566,0.75,10.0,0.5,j1_b_then_a,soft
trusted_marginals,5,2.0,selected_order,0.09020316945473822,1.4439251777825215,0.6821984869436386,0.06370391300173131,0.025154972759874057,0.0038449949840108086,0.019200882281026566,0.0,0.75,10.0,0.5,j1_b_then_a,soft
trusted_marginals,5,2.0,independent,0.09020316945473822,1.5892231008803515,0.7113147206097807,0.18465428132584044,4.2091372349232136e-17,0.044696283937557625,0.16449880537885653,0.14529792309782996,0.75,10.0,0.5,j1_b_then_a,soft
trusted_marginals,5,2.0,arithmetic,0.09020316945473822,1.4269952092783509,0.6766729441549021,0.044676249394995246,0.022211581192414342,0.001940805425270028,0.002270913776855954,-0.01692996850417061,0.75,10.0,0.5,j1_b_then_a,soft
trusted_marginals,5,2.0,geometric,0.09020316945473822,1.4265362305195222,0.6765690603595037,0.04482151709727296,0.02228996690583954,0.001941635321400924,0.0018119350180272331,-0.017388947262999332,0.75,10.0,0.5,j1_b_then_a,soft
trusted_marginals,5,2.0,weighted_geometric,0.09020316945473822,1.4265362305195222,0.6765690603595037,0.04482151709727296,0.02228996690583954,0.001941635321400924,0.0018119350180272331,-0.017388947262999332,0.75,10.0,0.5,j1_b_then_a,soft
trusted_marginals,5,2.0,hard_core,0.09020316945473822,1.4155893176889514,0.6732020221094804,0.024373457935913678,2.6388009462212635e-14,0.003170691591050406,-0.009134977812543577,-0.028335860093570142,0.75,10.0,0.5,j1_b_then_a,soft
trusted_marginals,5,2.0,adaptive_soft,0.09020316945473822,1.4202885996340593,0.6741416791893043,0.027421837886706116,0.002889191349893545,0.00304676052060375,-0.004435695867435641,-0.023636578148462206,0.75,10.0,0.5,j1_b_then_a,soft
trusted_marginals,5,2.0,selective_core,0.09020316945473822,1.4202885996340593,0.6741416791893043,0.027421837886706116,0.002889191349893545,0.00304676052060375,-0.004435695867435641,-0.023636578148462206,0.75,10.0,0.5,j1_b_then_a,soft
trusted_marginals,6,2.0,j1,0.09281885268815275,1.4666650610781393,0.694747198490907,0.06611023595398983,0.026185872001832686,0.0039635589802981515,0.0,-0.01679076405625035,0.75,100.0,0.5,j2_a_then_b,mpr
trusted_marginals,6,2.0,j2,0.09281885268815275,1.4834558251343897,0.7000032764755986,0.05627608059445494,0.020628756963681622,0.0039635589802981515,0.01679076405625035,0.0,0.75,100.0,0.5,j2_a_then_b,mpr
trusted_marginals,6,2.0,selected_order,0.09281885268815275,1.4834558251343897,0.7000032764755986,0.05627608059445494,0.020628756963681622,0.0039635589802981515,0.01679076405625035,0.0,0.75,100.0,0.5,j2_a_then_b,mpr
trusted_marginals,6,2.0,independent,0.09281885268815275,1.5725071845707292,0.7155022916652638,0.1544917882745952,3.9410549070072537e-17,0.03059935667534264,0.10584212349258992,0.08905135943633957,0.75,100.0,0.5,j2_a_then_b,mpr
trusted_marginals,6,2.0,arithmetic,0.09281885268815275,1.4671695626988845,0.6946183389703787,0.04701833923179332,0.02340731448275714,0.0019999628035093173,0.0005045016207452235,-0.016286262435505128,0.75,100.0,0.5,j2_a_then_b,mpr
trusted_marginals,6,2.0,geometric,0.09281885268815275,1.4670354976624593,0.6947106446582358,0.04716722485072409,0.02354058494533571,0.002000728212720018,0.0003704365843200108,-0.01642032747193034,0.75,100.0,0.5,j2_a_then_b,mpr
trusted_marginals,6,2.0,weighted_geometric,0.09281885268815275,1.4670354976624593,0.6947106446582358,0.04716722485072409,0.02354058494533571,0.002000728212720018,0.0003704365843200108,-0.01642032747193034,0.75,100.0,0.5,j2_a_then_b,mpr
trusted_marginals,6,2.0,hard_core,0.09281885268815275,1.4602023152223715,0.691744773559234,0.026310656585513677,3.871711561549446e-14,0.003277728115480668,-0.006462745855767782,-0.023253509912018133,0.75,100.0,0.5,j2_a_then_b,mpr
trusted_marginals,6,2.0,adaptive_soft,0.09281885268815275,1.458486004754056,0.6911148241988824,0.028366826330336204,0.0003271964753703022,0.0034328453934757545,-0.008179056324083334,-0.024969820380333685,0.75,100.0,0.5,j2_a_then_b,mpr
trusted_marginals,6,2.0,selective_core,0.09281885268815275,1.458509871919173,0.6911094470539267,0.028313402617236447,4.240528485165596e-14,0.003469124985195989,-0.008155189158966403,-0.024945953215216754,0.75,100.0,0.5,j2_a_then_b,mpr
trusted_marginals,7,2.0,j1,0.0888292718664589,1.524884485388709,0.6963290827021413,0.061747263600982476,0.0242286911532666,0.0038145782889659045,0.019203198137672794,0.0,0.5,100.0,0.5,j1_b_then_a,mpr
trusted_marginals,7,2.0,j2,0.0888292718664589,1.5056812872510361,0.6912333474432157,0.05531880275443302,0.020448213734888917,0.0038145782889659045,0.0,-0.019203198137672794,0.5,100.0,0.5,j1_b_then_a,mpr
trusted_marginals,7,2.0,selected_order,0.0888292718664589,1.524884485388709,0.6963290827021413,0.061747263600982476,0.0242286911532666,0.0038145782889659045,0.019203198137672794,0.0,0.5,100.0,0.5,j1_b_then_a,mpr
trusted_marginals,7,2.0,independent,0.0888292718664589,1.6246227624578724,0.7164994062384933,0.20417517518824876,4.05761443325256e-17,0.04418008836918598,0.11894147520683629,0.0997382770691635,0.5,100.0,0.5,j1_b_then_a,mpr
trusted_marginals,7,2.0,arithmetic,0.0888292718664589,1.5071943812912634,0.6913189439903438,0.04462089313511325,0.02233845244407773,0.0019261610291855908,0.0015130940402272586,-0.017690104097445536,0.5,100.0,0.5,j1_b_then_a,mpr
trusted_marginals,7,2.0,geometric,0.0888292718664589,1.5075562032669132,0.6913556019676226,0.044658170912429615,0.022458870550323213,0.0019270584062519673,0.0018749160158770817,-0.017328282121795713,0.5,100.0,0.5,j1_b_then_a,mpr
trusted_marginals,7,2.0,weighted_geometric,0.0888292718664589,1.5075562032669132,0.6913556019676226,0.044658170912429615,0.022458870550323213,0.0019270584062519673,0.0018749160158770817,-0.017328282121795713,0.5,100.0,0.5,j1_b_then_a,mpr
trusted_marginals,7,2.0,hard_core,0.0888292718664589,1.5047991098714768,0.6904654666238104,0.024213515749032084,3.206072657791631e-14,0.0031736049359527836,-0.0008821773795593124,-0.020085375517232107,0.5,100.0,0.5,j1_b_then_a,mpr
trusted_marginals,7,2.0,adaptive_soft,0.0888292718664589,1.5047477602465067,0.6904581760498129,0.024244888463023483,0.00030731144065146654,0.003136739212058217,-0.0009335270045294219,-0.020136725142202216,0.5,100.0,0.5,j1_b_then_a,mpr
trusted_marginals,7,2.0,selective_core,0.0888292718664589,1.5047991098714768,0.6904654666238104,0.024213515749032084,3.206072657791631e-14,0.0031736049359527836,-0.0008821773795593124,-0.020085375517232107,0.5,100.0,0.5,j1_b_then_a,mpr
trusted_marginals,8,2.0,j1,0.08018117252149783,1.50260869751227,0.7041874890042956,0.05301129514648776,0.020581822549324804,0.0034094190704568386,0.0,0.0,0.5,10.0,0.5,j1_b_then_a,soft
trusted_marginals,8,2.0,j2,0.08018117252149783,1.5174102286454862,0.710127319360786,0.05299416004476143,0.02020566651964714,0.0034094190704568386,0.01480153113321614,0.01480153113321614,0.5,10.0,0.5,j1_b_then_a,soft
trusted_marginals,8,2.0,selected_order,0.08018117252149783,1.50260869751227,0.7041874890042956,0.05301129514648776,0.020581822549324804,0.0034094190704568386,0.0,0.0,0.5,10.0,0.5,j1_b_then_a,soft
trusted_marginals,8,2.0,independent,0.08018117252149783,1.7876278381372073,0.7626797800633924,0.30557553389331804,4.12348107048377e-17,0.08055541638485338,0.28501914062493716,0.28501914062493716,0.5,10.0,0.5,j1_b_then_a,soft
trusted_marginals,8,2.0,arithmetic,0.08018117252149783,1.5027967587066777,0.7051491901408058,0.04088565870396946,0.020393744534485947,0.0017234068015432938,0.00018806119440761826,0.00018806119440761826,0.5,10.0,0.5,j1_b_then_a,soft
trusted_marginals,8,2.0,geometric,0.08018117252149783,1.5031014017547617,0.7052256468223181,0.04098179887660764,0.02053448848331937,0.0017244548586004176,0.0004927042424915928,0.0004927042424915928,0.5,10.0,0.5,j1_b_then_a,soft
trusted_marginals,8,2.0,weighted_geometric,0.08018117252149783,1.5031014017547617,0.7052256468223181,0.04098179887660764,0.02053448848331937,0.0017244548586004176,0.0004927042424915928,0.0004927042424915928,0.5,10.0,0.5,j1_b_then_a,soft
trusted_marginals,8,2.0,hard_core,0.08018117252149783,1.4985771691554364,0.7038969844663927,0.022101019411443837,9.575312526384494e-14,0.002942714934106405,-0.004031528356833736,-0.004031528356833736,0.5,10.0,0.5,j1_b_then_a,soft
trusted_marginals,8,2.0,adaptive_soft,0.08018117252149783,1.4987789238306084,0.7039876728446841,0.022729954718291517,0.003028679932802666,0.002580969244027187,-0.003829773681661708,-0.003829773681661708,0.5,10.0,0.5,j1_b_then_a,soft
trusted_marginals,8,2.0,selective_core,0.08018117252149783,1.4987789238306084,0.7039876728446841,0.022729954718291517,0.003028679932802666,0.002580969244027187,-0.003829773681661708,-0.003829773681661708,0.5,10.0,0.5,j1_b_then_a,soft
trusted_marginals,9,2.0,j1,0.08504291419961499,1.401545915799691,0.6557214730261969,0.061050389150318636,0.024375273066081386,0.0035406911479688185,0.0,-0.00899083260252298,0.75,100.0,0.5,j2_a_then_b,mpr
trusted_marginals,9,2.0,j2,0.08504291419961499,1.410536748402214,0.6588927358694786,0.050172315469556736,0.01878714300551298,0.0035406911479688185,0.00899083260252298,0.0,0.75,100.0,0.5,j2_a_then_b,mpr
trusted_marginals,9,2.0,selected_order,0.08504291419961499,1.410536748402214,0.6588927358694786,0.050172315469556736,0.01878714300551298,0.0035406911479688185,0.00899083260252298,0.0,0.75,100.0,0.5,j2_a_then_b,mpr
trusted_marginals,9,2.0,independent,0.08504291419961499,1.4973806089083026,0.679812177480549,0.1667426163441119,4.4775336003043684e-17,0.03609698618106246,0.09583469310861159,0.08684386050608861,0.75,100.0,0.5,j2_a_then_b,mpr
trusted_marginals,9,2.0,arithmetic,0.08504291419961499,1.398842477711383,0.6547883351696585,0.04342828415752632,0.021581208035797158,0.0017867460291244486,-0.0027034380883079745,-0.011694270690830955,0.75,100.0,0.5,j2_a_then_b,mpr
trusted_marginals,9,2.0,geometric,0.08504291419961499,1.3988724189571422,0.6547901385923378,0.04361458650548546,0.021701466298685378,0.0017874876713336301,-0.002673496842548806,-0.011664329445071786,0.75,100.0,0.5,j2_a_then_b,mpr
trusted_marginals,9,2.0,weighted_geometric,0.08504291419961499,1.3988724189571422,0.6547901385923378,0.04361458650548546,0.021701466298685378,0.0017874876713336301,-0.002673496842548806,-0.011664329445071786,0.75,100.0,0.5,j2_a_then_b,mpr
trusted_marginals,9,2.0,hard_core,0.08504291419961499,1.3990300292041142,0.6542239436922314,0.02210650573582446,3.694561850777392e-14,0.0030087394821720335,-0.0025158865955767773,-0.011506719198099757,0.75,100.0,0.5,j2_a_then_b,mpr
trusted_marginals,9,2.0,adaptive_soft,0.08504291419961499,1.399426915454932,0.654170524308084,0.023892131745359087,0.00031692484235628136,0.003123404104166431,-0.002119000344759092,-0.011109832947282072,0.75,100.0,0.5,j2_a_then_b,mpr
trusted_marginals,9,2.0,selective_core,0.08504291419961499,1.3995480034568277,0.6542055944694398,0.023856626164745064,4.138722588155279e-14,0.0031604650387905926,-0.001997912342863284,-0.010988744945386264,0.75,100.0,0.5,j2_a_then_b,mpr
trusted_marginals,10,2.0,j1,0.07800922120909216,1.3692675824242186,0.6519312712450268,0.05224676373142754,0.019807872861321036,0.003334100683669224,0.0,0.0,0.5,3.0,0.5,j1_b_then_a,soft
trusted_marginals,10,2.0,j2,0.07800922120909216,1.3744106808306549,0.6536289207752843,0.050689573562410196,0.019569352428959016,0.003334100683669224,0.005143098406436231,0.005143098406436231,0.5,3.0,0.5,j1_b_then_a,soft
trusted_marginals,10,2.0,selected_order,0.07800922120909216,1.3692675824242186,0.6519312712450268,0.05224676373142754,0.019807872861321036,0.003334100683669224,0.0,0.0,0.5,3.0,0.5,j1_b_then_a,soft
trusted_marginals,10,2.0,independent,0.07800922120909216,1.5852279805495495,0.6986473929082424,0.21925949815221174,4.1581809610141683e-17,0.056130453185726216,0.21596039812533085,0.21596039812533085,0.5,3.0,0.5,j1_b_then_a,soft
trusted_marginals,10,2.0,arithmetic,0.07800922120909216,1.3651823876866636,0.6506861374481158,0.039644311355789656,0.019688612645140005,0.00168507425707358,-0.004085194737555087,-0.004085194737555087,0.5,3.0,0.5,j1_b_then_a,soft
trusted_marginals,10,2.0,geometric,0.07800922120909216,1.3650830421342146,0.6507196458179771,0.0397451273643901,0.01980167082328744,0.0016860165367655754,-0.004184540290004035,-0.004184540290004035,0.5,3.0,0.5,j1_b_then_a,soft
trusted_marginals,10,2.0,weighted_geometric,0.07800922120909216,1.3650830421342146,0.6507196458179771,0.0397451273643901,0.01980167082328744,0.0016860165367655754,-0.004184540290004035,-0.004184540290004035,0.5,3.0,0.5,j1_b_then_a,soft
trusted_marginals,10,2.0,hard_core,0.07800922120909216,1.360988996134571,0.6495651098931651,0.02189795033730723,1.4471311729299007e-13,0.0028217944887167744,-0.008278586289647727,-0.008278586289647727,0.5,3.0,0.5,j1_b_then_a,soft
trusted_marginals,10,2.0,adaptive_soft,0.07800922120909216,1.361822974876247,0.6497160910877151,0.024591555479870183,0.00617755717892475,0.002194709985242514,-0.0074446075479717155,-0.0074446075479717155,0.5,3.0,0.5,j1_b_then_a,soft
trusted_marginals,10,2.0,selective_core,0.07800922120909216,1.361822974876247,0.6497160910877151,0.024591555479870183,0.00617755717892475,0.002194709985242514,-0.0074446075479717155,-0.0074446075479717155,0.5,3.0,0.5,j1_b_then_a,soft
trusted_marginals,11,2.0,j1,0.08920135218005865,1.3968745104095006,0.6516496928780555,0.06519268219228057,0.026951762382302624,0.003762241884193008,0.0029336956813346138,0.0,1.0,30.0,0.75,j1_b_then_a,mpr
trusted_marginals,11,2.0,j2,0.08920135218005865,1.393940814728166,0.6491785740081494,0.04855592079054462,0.017820426075126364,0.003762241884193008,0.0,-0.0029336956813346138,1.0,30.0,0.75,j1_b_then_a,mpr
trusted_marginals,11,2.0,selected_order,0.08920135218005865,1.3968745104095006,0.6516496928780555,0.06519268219228057,0.026951762382302624,0.003762241884193008,0.0029336956813346138,0.0,1.0,30.0,0.75,j1_b_then_a,mpr
trusted_marginals,11,2.0,independent,0.08920135218005865,1.4117738143941543,0.6505415821261223,0.08308049011776122,4.2037100195444473e-17,0.014038978379017,0.01783299966598828,0.014899303984653667,1.0,30.0,0.75,j1_b_then_a,mpr
trusted_marginals,11,2.0,arithmetic,0.08920135218005865,1.3873416342850098,0.6476166692844825,0.044118253823593793,0.02238609422871447,0.0018979758765767217,-0.006599180443156216,-0.00953287612449083,1.0,30.0,0.75,j1_b_then_a,mpr
trusted_marginals,11,2.0,geometric,0.08920135218005865,1.3877913070989243,0.6476675037203423,0.04441094708722871,0.022517925977234968,0.001898682279436256,-0.006149507629241713,-0.009083203310576327,1.0,30.0,0.75,j1_b_then_a,mpr
trusted_marginals,11,2.0,weighted_geometric,0.08920135218005865,1.390430305371091,0.6489736755664721,0.05197609303755469,0.024778812359361614,0.0023660851109023355,-0.0035105093570750867,-0.0064442050384097005,1.0,30.0,0.75,j1_b_then_a,mpr
trusted_marginals,11,2.0,hard_core,0.08920135218005865,1.3815068695824573,0.6446902664207399,0.021675285559496642,2.914653040425609e-14,0.0031226573002611268,-0.012433945145708725,-0.015367640827043338,1.0,30.0,0.75,j1_b_then_a,mpr
trusted_marginals,11,2.0,adaptive_soft,0.08920135218005865,1.3842827524689332,0.6446019210874533,0.029339147929653177,0.001070428144104889,0.0036626514666218296,-0.009658062259232825,-0.012591757940567438,1.0,30.0,0.75,j1_b_then_a,mpr
trusted_marginals,11,2.0,selective_core,0.08920135218005865,1.3822450127691615,0.644500400285643,0.02383002404778017,2.0807280969496142e-14,0.003285163008934806,-0.011695801959004548,-0.014629497640339162,1.0,30.0,0.75,j1_b_then_a,mpr
trusted_marginals,12,2.0,j1,0.09027979038081793,1.5358337462045364,0.7074848448288896,0.06030447889457255,0.022882217320938102,0.003943272581368448,0.0003657028380070759,0.0003657028380070759,0.25,100.0,0.25,j2_a_then_b,mpr
trusted_marginals,12,2.0,j2,0.09027979038081793,1.5354680433665293,0.7055020925969243,0.058114589334299936,0.022045107546175856,0.003943272581368448,0.0,0.0,0.25,100.0,0.25,j2_a_then_b,mpr
trusted_marginals,12,2.0,selected_order,0.09027979038081793,1.5354680433665293,0.7055020925969243,0.058114589334299936,0.022045107546175856,0.003943272581368448,0.0,0.0,0.25,100.0,0.25,j2_a_then_b,mpr
trusted_marginals,12,2.0,independent,0.09027979038081793,1.7215816406692,0.7455332470827197,0.24583228042964028,4.395236514423851e-17,0.05913519420052857,0.18611359730267063,0.18611359730267063,0.25,100.0,0.25,j2_a_then_b,mpr
trusted_marginals,12,2.0,arithmetic,0.09027979038081793,1.5280288352563938,0.703995253164029,0.044797962943772675,0.022463662433556953,0.0019930499546544447,-0.007439208110135542,-0.007439208110135542,0.25,100.0,0.25,j2_a_then_b,mpr
trusted_marginals,12,2.0,geometric,0.09027979038081793,1.527655041511765,0.7038439454352802,0.044744463200081415,0.022593980144067303,0.0019943183276417923,-0.007813001854764412,-0.007813001854764412,0.25,100.0,0.25,j2_a_then_b,mpr
trusted_marginals,12,2.0,weighted_geometric,0.09027979038081793,1.5295519493807948,0.7039993736217192,0.04756299210704003,0.022344493926788913,0.002478671028727979,-0.005916093985734561,-0.005916093985734561,0.25,100.0,0.25,j2_a_then_b,mpr
trusted_marginals,12,2.0,hard_core,0.09027979038081793,1.5265723490085257,0.7033607689453325,0.024243195582423667,2.393296439020143e-14,0.003319773327991275,-0.008895694358003636,-0.008895694358003636,0.25,100.0,0.25,j2_a_then_b,mpr
trusted_marginals,12,2.0,adaptive_soft,0.09027979038081793,1.5276064268856895,0.7033623170363389,0.026137643247118866,0.00036398146821477737,0.0034573781612009906,-0.007861616480839828,-0.007861616480839828,0.25,100.0,0.25,j2_a_then_b,mpr
trusted_marginals,12,2.0,selective_core,0.09027979038081793,1.5276857047891812,0.703382416742091,0.026095341951555526,2.9557825867673767e-14,0.0035022663442704324,-0.0077823385773481135,-0.0077823385773481135,0.25,100.0,0.25,j2_a_then_b,mpr
trusted_marginals,13,2.0,j1,0.08108867093040922,1.4657745153602877,0.684843256683037,0.054694314186728335,0.021129898029881248,0.003422108516813689,0.0075040910067474265,0.0,0.75,10.0,0.75,j1_b_then_a,soft
trusted_marginals,13,2.0,j2,0.08108867093040922,1.4582704243535403,0.6805212865747544,0.051894222865964144,0.019862342362522108,0.003422108516813689,0.0,-0.0075040910067474265,0.75,10.0,0.75,j1_b_then_a,soft
trusted_marginals,13,2.0,selected_order,0.08108867093040922,1.4657745153602877,0.684843256683037,0.054694314186728335,0.021129898029881248,0.003422108516813689,0.0075040910067474265,0.0,0.75,10.0,0.75,j1_b_then_a,soft
trusted_marginals,13,2.0,independent,0.08108867093040922,1.6370843597274534,0.719110250990938,0.24531687641560387,4.07057742547734e-17,0.062350934702306876,0.1788139353739131,0.17130984436716568,0.75,10.0,0.75,j1_b_then_a,soft
trusted_marginals,13,2.0,arithmetic,0.08108867093040922,1.4551601749719807,0.6805503350743004,0.04081873261172636,0.020496120196201655,0.0017289042967198124,-0.003110249381559571,-0.010614340388306998,0.75,10.0,0.75,j1_b_then_a,soft
trusted_marginals,13,2.0,geometric,0.08108867093040922,1.4550894795050167,0.6805667554949805,0.040709285434425604,0.020611641078223435,0.0017297901734041159,-0.0031809448485236036,-0.01068503585527103,0.75,10.0,0.75,j1_b_then_a,soft
trusted_marginals,13,2.0,weighted_geometric,0.08108867093040922,1.4587115764278946,0.6821872958550808,0.04454928574922188,0.02090184548544962,0.00215829708481077,0.0004411520743543562,-0.00706293893239307,0.75,10.0,0.75,j1_b_then_a,soft
trusted_marginals,13,2.0,hard_core,0.08108867093040922,1.4461645694012382,0.6772301245405322,0.02239119112884444,5.09881008128963e-14,0.0028982202341292914,-0.012105854952302098,-0.019609945959049524,0.75,10.0,0.75,j1_b_then_a,soft
trusted_marginals,13,2.0,adaptive_soft,0.08108867093040922,1.4477657199990663,0.6775465470825642,0.02467287567475043,0.0029207578089493983,0.0027387226209281863,-0.010504704354473926,-0.018008795361221352,0.75,10.0,0.75,j1_b_then_a,soft
trusted_marginals,13,2.0,selective_core,0.08108867093040922,1.4477657199990663,0.6775465470825642,0.02467287567475043,0.0029207578089493983,0.0027387226209281863,-0.010504704354473926,-0.018008795361221352,0.75,10.0,0.75,j1_b_then_a,soft
trusted_marginals,14,2.0,j1,0.09112478957480802,1.4316119893027723,0.6711177234127564,0.06787773623432924,0.02750244014223563,0.0038955930656214732,0.009029256747030034,0.009029256747030034,0.5,1.0,0.5,j2_a_then_b,soft
trusted_marginals,14,2.0,j2,0.09112478957480802,1.4225827325557423,0.6659545668447654,0.04999168537095328,0.01794655248039701,0.0038955930656214732,0.0,0.0,0.5,1.0,0.5,j2_a_then_b,soft
trusted_marginals,14,2.0,selected_order,0.09112478957480802,1.4225827325557423,0.6659545668447654,0.04999168537095328,0.01794655248039701,0.0038955930656214732,0.0,0.0,0.5,1.0,0.5,j2_a_then_b,soft
trusted_marginals,14,2.0,independent,0.09112478957480802,1.4596040518007878,0.6711026666272976,0.10842242710920058,3.722124334009508e-17,0.018680153744136695,0.03702131924504548,0.03702131924504548,0.5,1.0,0.5,j2_a_then_b,soft
trusted_marginals,14,2.0,arithmetic,0.09112478957480802,1.419137062084843,0.6657346048241245,0.04573564128325488,0.022724496311316296,0.0019656966437005224,-0.003445670470899387,-0.003445670470899387,0.5,1.0,0.5,j2_a_then_b,soft
trusted_marginals,14,2.0,geometric,0.09112478957480802,1.4192081876771294,0.6657696359034051,0.04581226046349107,0.0227728632885297,0.001966456096048464,-0.003374544878612884,-0.003374544878612884,0.5,1.0,0.5,j2_a_then_b,soft
trusted_marginals,14,2.0,weighted_geometric,0.09112478957480802,1.4192081876771294,0.6657696359034051,0.04581226046349107,0.0227728632885297,0.001966456096048464,-0.003374544878612884,-0.003374544878612884,0.5,1.0,0.5,j2_a_then_b,soft
trusted_marginals,14,2.0,hard_core,0.09112478957480802,1.4140348734867905,0.6619793520582034,0.02292630090966559,4.3902295156477564e-14,0.003230983101881722,-0.008547859068951835,-0.008547859068951835,0.5,1.0,0.5,j2_a_then_b,soft
trusted_marginals,14,2.0,adaptive_soft,0.09112478957480802,1.4152402647946407,0.6633620317283251,0.03226514484312288,0.011830565674515622,0.002248234895261442,-0.00734246776110159,-0.00734246776110159,0.5,1.0,0.5,j2_a_then_b,soft
trusted_marginals,14,2.0,selective_core,0.09112478957480802,1.4152402647946407,0.6633620317283251,0.03226514484312288,0.011830565674515622,0.002248234895261442,-0.00734246776110159,-0.00734246776110159,0.5,1.0,0.5,j2_a_then_b,soft
trusted_marginals,15,2.0,j1,0.08153546728793443,1.4034678398709175,0.6566550607839781,0.05594091900597293,0.02168498201481298,0.003487858168410518,0.011343569136695653,0.011343569136695653,0.5,3.0,0.5,j2_a_then_b,soft
trusted_marginals,15,2.0,j2,0.08153546728793443,1.3921242707342218,0.6504821112991982,0.051547852624620374,0.019113515664148366,0.003487858168410518,0.0,0.0,0.5,3.0,0.5,j2_a_then_b,soft
trusted_marginals,15,2.0,selected_order,0.08153546728793443,1.3921242707342218,0.6504821112991982,0.051547852624620374,0.019113515664148366,0.003487858168410518,0.0,0.0,0.5,3.0,0.5,j2_a_then_b,soft
trusted_marginals,15,2.0,independent,0.08153546728793443,1.5943968846877852,0.6897952829764266,0.1978011990037951,3.967106591146186e-17,0.052461884176776684,0.20227261395356333,0.20227261395356333,0.5,3.0,0.5,j2_a_then_b,soft
trusted_marginals,15,2.0,arithmetic,0.08153546728793443,1.3915788998819192,0.6512162052413343,0.041433123980453734,0.020399248839480653,0.0017614059235911302,-0.0005453708523026624,-0.0005453708523026624,0.5,3.0,0.5,j2_a_then_b,soft
trusted_marginals,15,2.0,geometric,0.08153546728793443,1.3907293572415802,0.6510349866441975,0.041511102967097556,0.02056068012132637,0.0017622107383853155,-0.0013949134926416473,-0.0013949134926416473,0.5,3.0,0.5,j2_a_then_b,soft
trusted_marginals,15,2.0,weighted_geometric,0.08153546728793443,1.3907293572415802,0.6510349866441975,0.041511102967097556,0.02056068012132637,0.0017622107383853155,-0.0013949134926416473,-0.0013949134926416473,0.5,3.0,0.5,j2_a_then_b,soft
trusted_marginals,15,2.0,hard_core,0.08153546728793443,1.389838201677661,0.6499113387249559,0.022406610159123815,3.697370372108405e-14,0.002922296727219836,-0.0022860690565609243,-0.0022860690565609243,0.5,3.0,0.5,j2_a_then_b,soft
trusted_marginals,15,2.0,adaptive_soft,0.08153546728793443,1.3889844814461056,0.6497653452131792,0.025453377441260753,0.00618379490319088,0.002293798008292204,-0.0031397892881162015,-0.0031397892881162015,0.5,3.0,0.5,j2_a_then_b,soft
trusted_marginals,15,2.0,selective_core,0.08153546728793443,1.3889844814461056,0.6497653452131792,0.025453377441260753,0.00618379490319088,0.002293798008292204,-0.0031397892881162015,-0.0031397892881162015,0.5,3.0,0.5,j2_a_then_b,soft
trusted_marginals,16,2.0,j1,0.08984636589326314,1.5733254158769143,0.731657754640157,0.05940174711038773,0.021988482053482073,0.0039047593185784876,0.006561478303669155,0.0,0.5,3.0,0.5,j1_b_then_a,soft
trusted_marginals,16,2.0,j2,0.08984636589326314,1.5667639375732452,0.7297290192098878,0.05956703630133238,0.0220026391657085,0.0039047593185784876,0.0,-0.006561478303669155,0.5,3.0,0.5,j1_b_then_a,soft
trusted_marginals,16,2.0,selected_order,0.08984636589326314,1.5733254158769143,0.731657754640157,0.05940174711038773,0.021988482053482073,0.0039047593185784876,0.006561478303669155,0.0,0.5,3.0,0.5,j1_b_then_a,soft
trusted_marginals,16,2.0,independent,0.08984636589326314,1.7719799926696223,0.7668928928979865,0.21768889193753282,4.1387830594890974e-17,0.05993944930967766,0.20521605509637708,0.19865457679270793,0.5,3.0,0.5,j1_b_then_a,soft
trusted_marginals,16,2.0,arithmetic,0.08984636589326314,1.5610731831697267,0.7282285046357373,0.04461829758434228,0.02199556060959526,0.001972340058391953,-0.0056907544035185165,-0.012252232707187671,0.5,3.0,0.5,j1_b_then_a,soft
trusted_marginals,16,2.0,geometric,0.08984636589326314,1.5621311392052655,0.7285538003643269,0.04476370188311532,0.022168419714063872,0.0019733668347954787,-0.004632798367979696,-0.01119427667164885,0.5,3.0,0.5,j1_b_then_a,soft
trusted_marginals,16,2.0,weighted_geometric,0.08984636589326314,1.5621311392052655,0.7285538003643269,0.04476370188311532,0.022168419714063872,0.0019733668347954787,-0.004632798367979696,-0.01119427667164885,0.5,3.0,0.5,j1_b_then_a,soft
trusted_marginals,16,2.0,hard_core,0.08984636589326314,1.5522448747350976,0.7249518569475315,0.025774401914280036,3.655881671578551e-14,0.003220874093471136,-0.014519062838147523,-0.021080541141816678,0.5,3.0,0.5,j1_b_then_a,soft
trusted_marginals,16,2.0,adaptive_soft,0.08984636589326314,1.5550834510684979,0.7257300025752493,0.028478698969518077,0.006710378455949954,0.0025394128257145345,-0.01168048650474729,-0.018241964808416444,0.5,3.0,0.5,j1_b_then_a,soft
trusted_marginals,16,2.0,selective_core,0.08984636589326314,1.5550834510684979,0.7257300025752493,0.028478698969518077,0.006710378455949954,0.0025394128257145345,-0.01168048650474729,-0.018241964808416444,0.5,3.0,0.5,j1_b_then_a,soft
trusted_marginals,17,2.0,j1,0.07776979283623128,1.4486430692985537,0.6738692716870758,0.04869176279440328,0.01842267747295297,0.0033546867391340517,0.0,-0.010180443050596066,0.25,100.0,0.5,j2_a_then_b,mpr
trusted_marginals,17,2.0,j2,0.07776979283623128,1.4588235123491498,0.6788009822117334,0.053686021583031276,0.021005726379284856,0.0033546867391340517,0.010180443050596066,0.0,0.25,100.0,0.5,j2_a_then_b,mpr
trusted_marginals,17,2.0,selected_order,0.07776979283623128,1.4588235123491498,0.6788009822117334,0.053686021583031276,0.021005726379284856,0.0033546867391340517,0.010180443050596066,0.0,0.25,100.0,0.5,j2_a_then_b,mpr
trusted_marginals,17,2.0,independent,0.07776979283623128,1.7553072116112636,0.7430463599575885,0.3062785460623609,3.9361580401325866e-17,0.08208358289348905,0.3066641423127099,0.2964836992621138,0.25,100.0,0.5,j2_a_then_b,mpr
trusted_marginals,17,2.0,arithmetic,0.07776979283623128,1.4470264647206454,0.6744443967470554,0.03908445833900459,0.01971420192611889,0.0016974805539574818,-0.0016166045779082427,-0.011797047628504309,0.25,100.0,0.5,j2_a_then_b,mpr
trusted_marginals,17,2.0,geometric,0.07776979283623128,1.4469314933453492,0.6743582438998771,0.03907197963659445,0.01992661911001942,0.001698721913866843,-0.0017115759532044805,-0.011892019003800547,0.25,100.0,0.5,j2_a_then_b,mpr
trusted_marginals,17,2.0,weighted_geometric,0.07776979283623128,1.4469314933453492,0.6743582438998771,0.03907197963659445,0.01992661911001942,0.001698721913866843,-0.0017115759532044805,-0.011892019003800547,0.25,100.0,0.5,j2_a_then_b,mpr
trusted_marginals,17,2.0,hard_core,0.07776979283623128,1.4430346307005388,0.6720779163068037,0.021687983579796635,3.9219754885150974e-14,0.0028698728786286337,-0.005608438598014853,-0.01578888164861092,0.25,100.0,0.5,j2_a_then_b,mpr
trusted_marginals,17,2.0,adaptive_soft,0.07776979283623128,1.4443763301928312,0.6724971085595661,0.023437391816643994,0.000408804069223487,0.0029648802369143966,-0.004266739105722506,-0.014447182156318572,0.25,100.0,0.5,j2_a_then_b,mpr
trusted_marginals,17,2.0,selective_core,0.07776979283623128,1.4443682363569774,0.6724741332050064,0.023440134267090296,5.167813608140427e-14,0.003015810655833314,-0.004274832941576268,-0.014455275992172334,0.25,100.0,0.5,j2_a_then_b,mpr
trusted_marginals,18,2.0,j1,0.0819281327006839,1.4097241004295042,0.6584790450588014,0.059795242408489414,0.02391706795766624,0.0034147629149263274,0.002630170937142795,0.002630170937142795,0.5,3.0,0.5,j2_a_then_b,soft
trusted_marginals,18,2.0,j2,0.0819281327006839,1.4070939294923615,0.6559530233749108,0.04712442714757301,0.016688108382024103,0.0034147629149263274,0.0,0.0,0.5,3.0,0.5,j2_a_then_b,soft
trusted_marginals,18,2.0,selected_order,0.0819281327006839,1.4070939294923615,0.6559530233749108,0.04712442714757301,0.016688108382024103,0.0034147629149263274,0.0,0.0,0.5,3.0,0.5,j2_a_then_b,soft
trusted_marginals,18,2.0,independent,0.0819281327006839,1.60118391830128,0.6993760966314096,0.222231130599325,3.8535242163038884e-17,0.05366002262923409,0.19408998880891848,0.19408998880891848,0.5,3.0,0.5,j2_a_then_b,soft
trusted_marginals,18,2.0,arithmetic,0.0819281327006839,1.4025452480877254,0.6551008153014681,0.04115178023191352,0.02030258816984515,0.0017241951030399275,-0.004548681404636046,-0.004548681404636046,0.5,3.0,0.5,j2_a_then_b,soft
trusted_marginals,18,2.0,geometric,0.0819281327006839,1.4014963265668177,0.6548943675468936,0.041136711750615396,0.020339381070067917,0.001725022389074061,-0.005597602925543788,-0.005597602925543788,0.5,3.0,0.5,j2_a_then_b,soft
trusted_marginals,18,2.0,weighted_geometric,0.0819281327006839,1.4014963265668177,0.6548943675468936,0.041136711750615396,0.020339381070067917,0.001725022389074061,-0.005597602925543788,-0.005597602925543788,0.5,3.0,0.5,j2_a_then_b,soft
trusted_marginals,18,2.0,hard_core,0.0819281327006839,1.3987229731971713,0.652814152552245,0.02203832798631187,4.0054814716763974e-14,0.0028787941887831446,-0.008370956295190135,-0.008370956295190135,0.5,3.0,0.5,j2_a_then_b,soft
trusted_marginals,18,2.0,adaptive_soft,0.0819281327006839,1.3988506758348467,0.6531312504051593,0.024902759565867797,0.006266288745863057,0.0022500811565862237,-0.00824325365751477,-0.00824325365751477,0.5,3.0,0.5,j2_a_then_b,soft
trusted_marginals,18,2.0,selective_core,0.0819281327006839,1.3988506758348467,0.6531312504051593,0.024902759565867797,0.006266288745863057,0.0022500811565862237,-0.00824325365751477,-0.00824325365751477,0.5,3.0,0.5,j2_a_then_b,soft
trusted_marginals,19,2.0,j1,0.08146163078133722,1.3725070661593708,0.6464164703800618,0.052418055923738126,0.020730014213944003,0.003379776764647846,0.008003795484157639,0.008003795484157639,0.5,10.0,0.5,j2_a_then_b,soft
trusted_marginals,19,2.0,j2,0.08146163078133722,1.3645032706752132,0.6451051378260964,0.05340711223801393,0.02045257214503168,0.003379776764647846,0.0,0.0,0.5,10.0,0.5,j2_a_then_b,soft
trusted_marginals,19,2.0,selected_order,0.08146163078133722,1.3645032706752132,0.6451051378260964,0.05340711223801393,0.02045257214503168,0.003379776764647846,0.0,0.0,0.5,10.0,0.5,j2_a_then_b,soft
trusted_marginals,19,2.0,independent,0.08146163078133722,1.5572489641903773,0.6813437447395899,0.20508431577617484,4.2171602039446645e-17,0.052950956561720816,0.19274569351516413,0.19274569351516413,0.5,10.0,0.5,j2_a_then_b,soft
trusted_marginals,19,2.0,arithmetic,0.08146163078133722,1.361923669075859,0.6434947176558221,0.04051656783428402,0.020591293179487817,0.0017057901425542106,-0.00257960159935422,-0.00257960159935422,0.5,10.0,0.5,j2_a_then_b,soft
trusted_marginals,19,2.0,geometric,0.08146163078133722,1.3616645615051066,0.6434033808937045,0.04065142908734421,0.02076916190568961,0.0017065025184233448,-0.002838709170106535,-0.002838709170106535,0.5,10.0,0.5,j2_a_then_b,soft
trusted_marginals,19,2.0,weighted_geometric,0.08146163078133722,1.3616645615051066,0.6434033808937045,0.04065142908734421,0.02076916190568961,0.0017065025184233448,-0.002838709170106535,-0.002838709170106535,0.5,10.0,0.5,j2_a_then_b,soft
trusted_marginals,19,2.0,hard_core,0.08146163078133722,1.3605413259590105,0.6424511090712749,0.020826735797015057,4.5422278155475596e-14,0.0028910928928190926,-0.003961944716202703,-0.003961944716202703,0.5,10.0,0.5,j2_a_then_b,soft
trusted_marginals,19,2.0,adaptive_soft,0.08146163078133722,1.3602399344619773,0.6424711829395228,0.021557231384953416,0.002582084455232455,0.002592283360126629,-0.004263336213235824,-0.004263336213235824,0.5,10.0,0.5,j2_a_then_b,soft
trusted_marginals,19,2.0,selective_core,0.08146163078133722,1.3602399344619773,0.6424711829395228,0.021557231384953416,0.002582084455232455,0.002592283360126629,-0.004263336213235824,-0.004263336213235824,0.5,10.0,0.5,j2_a_then_b,soft
trusted_marginals,20,2.0,j1,0.097237156635736,1.596773163394363,0.7336677798395899,0.07045418252754364,0.02738858238659851,0.00427226463590258,0.0008027725614723202,0.0008027725614723202,0.5,10.0,0.5,j2_a_then_b,soft
trusted_marginals,20,2.0,j2,0.097237156635736,1.5959703908328906,0.7319679714668411,0.05865175407146805,0.02122862364956176,0.00427226463590258,0.0,0.0,0.5,10.0,0.5,j2_a_then_b,soft
trusted_marginals,20,2.0,selected_order,0.097237156635736,1.5959703908328906,0.7319679714668411,0.05865175407146805,0.02122862364956176,0.00427226463590258,0.0,0.0,0.5,10.0,0.5,j2_a_then_b,soft
trusted_marginals,20,2.0,independent,0.097237156635736,1.646694833156272,0.7413561625813441,0.15874072878596654,3.780123051600262e-17,0.027863641499821602,0.05072444232338147,0.05072444232338147,0.5,10.0,0.5,j2_a_then_b,soft
trusted_marginals,20,2.0,arithmetic,0.097237156635736,1.5873382568392551,0.7299293412111015,0.04841507860989387,0.024308603018080112,0.002156736894890101,-0.008632133993635493,-0.008632133993635493,0.5,10.0,0.5,j2_a_then_b,soft
trusted_marginals,20,2.0,geometric,0.097237156635736,1.5877151672131637,0.7298875671576127,0.04869416374280362,0.024573407850379668,0.002157688016223589,-0.00825522361972686,-0.00825522361972686,0.5,10.0,0.5,j2_a_then_b,soft
trusted_marginals,20,2.0,weighted_geometric,0.097237156635736,1.5877151672131637,0.7298875671576127,0.04869416374280362,0.024573407850379668,0.002157688016223589,-0.00825522361972686,-0.00825522361972686,0.5,10.0,0.5,j2_a_then_b,soft
trusted_marginals,20,2.0,hard_core,0.097237156635736,1.5836188156501383,0.727763992452282,0.028104006843867248,2.924686260861141e-14,0.0034688798261856986,-0.012351575182752317,-0.012351575182752317,0.5,10.0,0.5,j2_a_then_b,soft
trusted_marginals,20,2.0,adaptive_soft,0.097237156635736,1.5836793688282407,0.7278979137822155,0.028732104966068477,0.002666440025087894,0.003189340319166089,-0.012291022004649932,-0.012291022004649932,0.5,10.0,0.5,j2_a_then_b,soft
trusted_marginals,20,2.0,selective_core,0.097237156635736,1.5836793688282407,0.7278979137822155,0.028732104966068477,0.002666440025087894,0.003189340319166089,-0.012291022004649932,-0.012291022004649932,0.5,10.0,0.5,j2_a_then_b,soft
trusted_marginals,21,2.0,j1,0.092794898232073,1.5303137307259045,0.7135012767320839,0.05952524652236725,0.022447942229599286,0.003988230799174439,0.009893072560613447,0.009893072560613447,0.5,100.0,0.5,j2_a_then_b,mpr
trusted_marginals,21,2.0,j2,0.092794898232073,1.520420658165291,0.7098269895263905,0.06177409177787976,0.023694035788226077,0.003988230799174439,0.0,0.0,0.5,100.0,0.5,j2_a_then_b,mpr
trusted_marginals,21,2.0,selected_order,0.092794898232073,1.520420658165291,0.7098269895263905,0.06177409177787976,0.023694035788226077,0.003988230799174439,0.0,0.0,0.5,100.0,0.5,j2_a_then_b,mpr
trusted_marginals,21,2.0,independent,0.092794898232073,1.6806040614119133,0.7379395142479496,0.19230308815296798,3.9569476167899964e-17,0.04288162773800455,0.16018340324662228,0.16018340324662228,0.5,100.0,0.5,j2_a_then_b,mpr
trusted_marginals,21,2.0,arithmetic,0.092794898232073,1.5181560944229298,0.7090052346643226,0.046142352875287666,0.02307098900891266,0.0020135520214573654,-0.0022645637423612808,-0.0022645637423612808,0.5,100.0,0.5,j2_a_then_b,mpr
trusted_marginals,21,2.0,geometric,0.092794898232073,1.5172871770639231,0.7088922173018655,0.04623288027889992,0.023241733364186837,0.0020144487673235912,-0.0031334811013679076,-0.0031334811013679076,0.5,100.0,0.5,j2_a_then_b,mpr
trusted_marginals,21,2.0,weighted_geometric,0.092794898232073,1.5172871770639231,0.7088922173018655,0.04623288027889992,0.023241733364186837,0.0020144487673235912,-0.0031334811013679076,-0.0031334811013679076,0.5,100.0,0.5,j2_a_then_b,mpr
trusted_marginals,21,2.0,hard_core,0.092794898232073,1.5132604907899236,0.7081783763123404,0.02437688631155651,2.556918435661637e-14,0.0032994420598249762,-0.007160167375367399,-0.007160167375367399,0.5,100.0,0.5,j2_a_then_b,mpr
trusted_marginals,21,2.0,adaptive_soft,0.092794898232073,1.5132461230130825,0.7081670870980407,0.024411230731925214,0.0003035285921468628,0.003263103184871451,-0.007174535152208561,-0.007174535152208561,0.5,100.0,0.5,j2_a_then_b,mpr
trusted_marginals,21,2.0,selective_core,0.092794898232073,1.5132604907899236,0.7081783763123404,0.02437688631155651,2.556918435661637e-14,0.0032994420598249762,-0.007160167375367399,-0.007160167375367399,0.5,100.0,0.5,j2_a_then_b,mpr
trusted_marginals,22,2.0,j1,0.07815217266768104,1.4036939436697193,0.6580651670863699,0.05580089961061864,0.021521644257891118,0.003302231371227751,0.006537862372297587,0.006537862372297587,0.25,3.0,0.25,j2_a_then_b,soft
trusted_marginals,22,2.0,j2,0.07815217266768104,1.3971560812974217,0.6508965894484094,0.04705054210814046,0.0178058722421439,0.003302231371227751,0.0,0.0,0.25,3.0,0.25,j2_a_then_b,soft
trusted_marginals,22,2.0,selected_order,0.07815217266768104,1.3971560812974217,0.6508965894484094,0.04705054210814046,0.0178058722421439,0.003302231371227751,0.0,0.0,0.25,3.0,0.25,j2_a_then_b,soft
trusted_marginals,22,2.0,independent,0.07815217266768104,1.607728419658523,0.7006239116364567,0.22739073541124435,3.748565992117356e-17,0.057807263666961574,0.21057233836110134,0.21057233836110134,0.25,3.0,0.25,j2_a_then_b,soft
trusted_marginals,22,2.0,arithmetic,0.07815217266768104,1.3936781998699093,0.6524551325753549,0.03949783632417913,0.019663758250017482,0.0016686974686347424,-0.003477881427512486,-0.003477881427512486,0.25,3.0,0.25,j2_a_then_b,soft
trusted_marginals,22,2.0,geometric,0.07815217266768104,1.393734602271274,0.6524267753418148,0.03947388380430316,0.01973395775294987,0.0016695880673666583,-0.0034214790261477557,-0.0034214790261477557,0.25,3.0,0.25,j2_a_then_b,soft
trusted_marginals,22,2.0,weighted_geometric,0.07815217266768104,1.393766386923117,0.6511318281531338,0.03977632355361084,0.018785396299074532,0.0020761650986874944,-0.003389694374304808,-0.003389694374304808,0.25,3.0,0.25,j2_a_then_b,soft
trusted_marginals,22,2.0,hard_core,0.07815217266768104,1.3895559568487843,0.6503080059540505,0.021526578028529086,2.3719441998905094e-14,0.002763787338249083,-0.007600124448637446,-0.007600124448637446,0.25,3.0,0.25,j2_a_then_b,soft
trusted_marginals,22,2.0,adaptive_soft,0.07815217266768104,1.3892098034463378,0.6499356987419798,0.025877656967778485,0.0061692225513866866,0.002374351027986963,-0.007946277851083927,-0.007946277851083927,0.25,3.0,0.25,j2_a_then_b,soft
trusted_marginals,22,2.0,selective_core,0.07815217266768104,1.3892098034463378,0.6499356987419798,0.025877656967778485,0.0061692225513866866,0.002374351027986963,-0.007946277851083927,-0.007946277851083927,0.25,3.0,0.25,j2_a_then_b,soft
trusted_marginals,23,2.0,j1,0.07540059840090592,1.353881062820776,0.6337278785217364,0.04836369976405879,0.018457824640762125,0.0031825043473968826,0.0,0.0,0.75,100.0,0.5,j1_b_then_a,mpr
trusted_marginals,23,2.0,j2,0.07540059840090592,1.358343083172872,0.637408707530841,0.05132021358470792,0.019795155712889496,0.0031825043473968826,0.0044620203520959745,0.0044620203520959745,0.75,100.0,0.5,j1_b_then_a,mpr
trusted_marginals,23,2.0,selected_order,0.07540059840090592,1.353881062820776,0.6337278785217364,0.04836369976405879,0.018457824640762125,0.0031825043473968826,0.0,0.0,0.75,100.0,0.5,j1_b_then_a,mpr
trusted_marginals,23,2.0,independent,0.07540059840090592,1.598842510883169,0.6921594517628498,0.26132025502705164,4.07243141119229e-17,0.06419306725646899,0.24496144806239295,0.24496144806239295,0.75,100.0,0.5,j1_b_then_a,mpr
trusted_marginals,23,2.0,arithmetic,0.07540059840090592,1.350572728330492,0.6336492555139674,0.03829852228724167,0.01912649017682579,0.00160844979666322,-0.003308334490284004,-0.003308334490284004,0.75,100.0,0.5,j1_b_then_a,mpr
trusted_marginals,23,2.0,geometric,0.07540059840090592,1.3496657094915159,0.6334879532201276,0.03833249241727339,0.01924551292306436,0.00160930553967208,-0.004215353329260152,-0.004215353329260152,0.75,100.0,0.5,j1_b_then_a,mpr
trusted_marginals,23,2.0,weighted_geometric,0.07540059840090592,1.3496657094915159,0.6334879532201276,0.03833249241727339,0.01924551292306436,0.00160930553967208,-0.004215353329260152,-0.004215353329260152,0.75,100.0,0.5,j1_b_then_a,mpr
trusted_marginals,23,2.0,hard_core,0.07540059840090592,1.3453938580312588,0.6310898275653883,0.0204401219689326,4.3041470507067944e-14,0.002718854224778351,-0.008487204789517255,-0.008487204789517255,0.75,100.0,0.5,j1_b_then_a,mpr
trusted_marginals,23,2.0,adaptive_soft,0.07540059840090592,1.3474610797489923,0.6313988906798828,0.022257882752903916,0.0003435220437679039,0.0028151863624288234,-0.006419983071783708,-0.006419983071783708,0.75,100.0,0.5,j1_b_then_a,mpr
trusted_marginals,23,2.0,selective_core,0.07540059840090592,1.347521362492028,0.6314013460151388,0.022236830586277824,5.3311776190443844e-14,0.0028555077615651588,-0.006359700328748108,-0.006359700328748108,0.75,100.0,0.5,j1_b_then_a,mpr
trusted_marginals,24,2.0,j1,0.09115796536119113,1.4941093730947446,0.6988704828288317,0.06165833566911767,0.023817976118780528,0.0038719154117067005,0.01914031967222307,0.0,0.25,100.0,0.5,j1_b_then_a,mpr
trusted_marginals,24,2.0,j2,0.09115796536119113,1.4749690534225215,0.6923784925928295,0.0566228205140669,0.020866304586975613,0.0038719154117067005,0.0,-0.01914031967222307,0.25,100.0,0.5,j1_b_then_a,mpr
trusted_marginals,24,2.0,selected_order,0.09115796536119113,1.4941093730947446,0.6988704828288317,0.06165833566911767,0.023817976118780528,0.0038719154117067005,0.01914031967222307,0.0,0.25,100.0,0.5,j1_b_then_a,mpr
trusted_marginals,24,2.0,independent,0.09115796536119113,1.6001905642846905,0.7129796106581568,0.1625928922233706,3.7383755081355285e-17,0.03760064571222259,0.12522151086216904,0.10608119118994597,0.25,100.0,0.5,j1_b_then_a,mpr
trusted_marginals,24,2.0,arithmetic,0.09115796536119113,1.4765062839618248,0.6929508969428945,0.044749934886598126,0.022342140352878046,0.00195364360940981,0.0015372305393033248,-0.017603089132919747,0.25,100.0,0.5,j1_b_then_a,mpr
trusted_marginals,24,2.0,geometric,0.09115796536119113,1.4766983907443123,0.6930734832730787,0.044974080341958426,0.02250008434700328,0.0019543669478221714,0.0017293373217908137,-0.017410982350432258,0.25,100.0,0.5,j1_b_then_a,mpr
trusted_marginals,24,2.0,weighted_geometric,0.09115796536119113,1.4766983907443123,0.6930734832730787,0.044974080341958426,0.02250008434700328,0.0019543669478221714,0.0017293373217908137,-0.017410982350432258,0.25,100.0,0.5,j1_b_then_a,mpr
trusted_marginals,24,2.0,hard_core,0.09115796536119113,1.472369977672117,0.6907912202605978,0.024367200453500083,2.428582723853069e-14,0.0031678941304429022,-0.0025990757504044115,-0.021739395422627483,0.25,100.0,0.5,j1_b_then_a,mpr
trusted_marginals,24,2.0,adaptive_soft,0.09115796536119113,1.4716117832022482,0.6904048295985037,0.02629947190377902,0.00029135223539675047,0.0033146604624666315,-0.003357270220273323,-0.022497589892496395,0.25,100.0,0.5,j1_b_then_a,mpr
trusted_marginals,24,2.0,selective_core,0.09115796536119113,1.4716341591393272,0.6904091803636021,0.026253400012904816,3.1278877718579925e-14,0.0033463607443433006,-0.003334894283194334,-0.022475213955417406,0.25,100.0,0.5,j1_b_then_a,mpr
trusted_marginals,25,2.0,j1,0.08404098878108872,1.5575847339131006,0.7105407411264835,0.054133160748915214,0.020291739519567097,0.0035675806071427027,0.0,0.0,0.5,100.0,0.75,j1_b_then_a,mpr
trusted_marginals,25,2.0,j2,0.08404098878108872,1.5698914165879216,0.7152010903739318,0.05627034845582541,0.02135136831287616,0.0035675806071427027,0.012306682674821046,0.012306682674821046,0.5,100.0,0.75,j1_b_then_a,mpr
trusted_marginals,25,2.0,selected_order,0.08404098878108872,1.5575847339131006,0.7105407411264835,0.054133160748915214,0.020291739519567097,0.0035675806071427027,0.0,0.0,0.5,100.0,0.75,j1_b_then_a,mpr
trusted_marginals,25,2.0,independent,0.08404098878108872,1.8094280108018215,0.7639592017303254,0.2707443063304838,3.9243023740797526e-17,0.07117976962340901,0.2518432768887209,0.2518432768887209,0.5,100.0,0.75,j1_b_then_a,mpr
trusted_marginals,25,2.0,arithmetic,0.08404098878108872,1.556213940148556,0.7107583425254365,0.04164136388785193,0.020821553916221605,0.0018024208971471553,-0.001370793764544631,-0.001370793764544631,0.5,100.0,0.75,j1_b_then_a,mpr
trusted_marginals,25,2.0,geometric,0.08404098878108872,1.5565105164370465,0.7107442769246803,0.0415796369895322,0.02087861688235691,0.0018033963083837338,-0.0010742174760540735,-0.0010742174760540735,0.5,100.0,0.75,j1_b_then_a,mpr
trusted_marginals,25,2.0,weighted_geometric,0.08404098878108872,1.5552406295995422,0.7101053092860301,0.044468342328025684,0.020595651407202802,0.002245216664401121,-0.0023441043135583595,-0.0023441043135583595,0.5,100.0,0.75,j1_b_then_a,mpr
trusted_marginals,25,2.0,hard_core,0.08404098878108872,1.5579436146953909,0.7104188438284135,0.022924544009934465,3.391872514279436e-14,0.0029860819447707927,0.00035888078229029396,0.00035888078229029396,0.5,100.0,0.75,j1_b_then_a,mpr
trusted_marginals,25,2.0,adaptive_soft,0.08404098878108872,1.5578169741076695,0.7103928410048955,0.022915970127506253,0.0003443760928907902,0.0029425153819329255,0.0002322401945689112,0.0002322401945689112,0.5,100.0,0.75,j1_b_then_a,mpr
trusted_marginals,25,2.0,selective_core,0.08404098878108872,1.5579436146953909,0.7104188438284135,0.022924544009934465,3.391872514279436e-14,0.0029860819447707927,0.00035888078229029396,0.00035888078229029396,0.5,100.0,0.75,j1_b_then_a,mpr
trusted_marginals,26,2.0,j1,0.07855423057668035,1.3510712982367046,0.6374073484372965,0.05321859004149384,0.020903823979991455,0.003311381568483806,0.0009944413421290044,0.0009944413421290044,0.25,10.0,0.25,j2_a_then_b,soft
trusted_marginals,26,2.0,j2,0.07855423057668035,1.3500768568945756,0.6377569181803917,0.049456807223728076,0.01893301139939462,0.003311381568483806,0.0,0.0,0.25,10.0,0.25,j2_a_then_b,soft
trusted_marginals,26,2.0,selected_order,0.07855423057668035,1.3500768568945756,0.6377569181803917,0.049456807223728076,0.01893301139939462,0.003311381568483806,0.0,0.0,0.25,10.0,0.25,j2_a_then_b,soft
trusted_marginals,26,2.0,independent,0.07855423057668035,1.5312201805892505,0.6746720403433919,0.2121018853088931,4.155673743490296e-17,0.05654078743581834,0.1811433236946749,0.1811433236946749,0.25,10.0,0.25,j2_a_then_b,soft
trusted_marginals,26,2.0,arithmetic,0.07855423057668035,1.3441140168781918,0.635421860043352,0.03938019941449326,0.019918417689693015,0.001672856176740412,-0.005962840016383808,-0.005962840016383808,0.25,10.0,0.25,j2_a_then_b,soft
trusted_marginals,26,2.0,geometric,0.07855423057668035,1.343866837111532,0.6353058017244948,0.039380640588024506,0.01998956659401685,0.0016737693921692947,-0.0062100197830434745,-0.0062100197830434745,0.25,10.0,0.25,j2_a_then_b,soft
trusted_marginals,26,2.0,weighted_geometric,0.07855423057668035,1.345285587633064,0.6359537968532426,0.04119139104366623,0.01947732009655991,0.0020803921500958306,-0.0047912692615115215,-0.0047912692615115215,0.25,10.0,0.25,j2_a_then_b,soft
trusted_marginals,26,2.0,hard_core,0.07855423057668035,1.3396688136682597,0.6327557418160866,0.02033490075045773,5.898528295303611e-14,0.0028246966987532374,-0.010408043226315833,-0.010408043226315833,0.25,10.0,0.25,j2_a_then_b,soft
trusted_marginals,26,2.0,adaptive_soft,0.07855423057668035,1.3394337155996459,0.6326558971684912,0.022251567610383313,0.002592762528366679,0.0026831261433541043,-0.010643141294929714,-0.010643141294929714,0.25,10.0,0.25,j2_a_then_b,soft
trusted_marginals,26,2.0,selective_core,0.07855423057668035,1.3394337155996459,0.6326558971684912,0.022251567610383313,0.002592762528366679,0.0026831261433541043,-0.010643141294929714,-0.010643141294929714,0.25,10.0,0.25,j2_a_then_b,soft
trusted_marginals,27,2.0,j1,0.08083093269368939,1.376623637373493,0.6499101171555651,0.0571801627807722,0.022853119133971325,0.00337787024355182,0.013529571048609634,0.0,0.75,10.0,0.75,j1_b_then_a,soft
trusted_marginals,27,2.0,j2,0.08083093269368939,1.3630940663248834,0.6428651710587636,0.047698968363300856,0.017710736199475895,0.00337787024355182,0.0,-0.013529571048609634,0.75,10.0,0.75,j1_b_then_a,soft
trusted_marginals,27,2.0,selected_order,0.08083093269368939,1.376623637373493,0.6499101171555651,0.0571801627807722,0.022853119133971325,0.00337787024355182,0.013529571048609634,0.0,0.75,10.0,0.75,j1_b_then_a,soft
trusted_marginals,27,2.0,independent,0.08083093269368939,1.5514337827819846,0.6761259256594788,0.2019735149715255,4.3240916760851207e-17,0.05503009746029512,0.18833971645710124,0.1748101454084916,0.75,10.0,0.75,j1_b_then_a,soft
trusted_marginals,27,2.0,arithmetic,0.08083093269368939,1.3632008115171435,0.6440460623454152,0.040587240767285454,0.020281927666723584,0.0017057532483498823,0.0001067451922600604,-0.013422825856349574,0.75,10.0,0.75,j1_b_then_a,soft
trusted_marginals,27,2.0,geometric,0.08083093269368939,1.3630171428569962,0.6439512707742788,0.04082307905166477,0.020493006268185742,0.0017065788025841429,-7.692346788723547e-05,-0.01360649451649687,0.75,10.0,0.75,j1_b_then_a,soft
trusted_marginals,27,2.0,weighted_geometric,0.08083093269368939,1.3681285987336833,0.6463393022779892,0.04628800134604404,0.021736881690176766,0.0021320533692228585,0.005034532408799919,-0.008495038639809716,0.75,10.0,0.75,j1_b_then_a,soft
trusted_marginals,27,2.0,hard_core,0.08083093269368939,1.3573479589996098,0.6411533432489988,0.020680325827063754,3.8581115932850234e-14,0.0029005376092317674,-0.005746107325273586,-0.01927567837388322,0.75,10.0,0.75,j1_b_then_a,soft
trusted_marginals,27,2.0,adaptive_soft,0.08083093269368939,1.3593449574133545,0.6417905753402233,0.023127486419766467,0.0027731625504776336,0.002737353111116289,-0.003749108911528909,-0.017278679960138543,0.75,10.0,0.75,j1_b_then_a,soft
trusted_marginals,27,2.0,selective_core,0.08083093269368939,1.3593449574133545,0.6417905753402233,0.023127486419766467,0.0027731625504776336,0.002737353111116289,-0.003749108911528909,-0.017278679960138543,0.75,10.0,0.75,j1_b_then_a,soft
trusted_marginals,28,2.0,j1,0.08804696765230322,1.4906874653520632,0.6886969554282554,0.06481589017640868,0.025212906964870926,0.0038039147416482704,0.0015611854082349108,0.0,0.75,1.0,0.75,j1_b_then_a,soft
trusted_marginals,28,2.0,j2,0.08804696765230322,1.4891262799438283,0.6852390782007626,0.05114478517334645,0.01799405312333427,0.0038039147416482704,0.0,-0.0015611854082349108,0.75,1.0,0.75,j1_b_then_a,soft
trusted_marginals,28,2.0,selected_order,0.08804696765230322,1.4906874653520632,0.6886969554282554,0.06481589017640868,0.025212906964870926,0.0038039147416482704,0.0015611854082349108,0.0,0.75,1.0,0.75,j1_b_then_a,soft
trusted_marginals,28,2.0,independent,0.08804696765230322,1.601910846808179,0.7125213027769014,0.17392181098594642,4.5679666917531474e-17,0.03760617828410784,0.11278456686435079,0.11122338145611588,0.75,1.0,0.75,j1_b_then_a,soft
trusted_marginals,28,2.0,arithmetic,0.08804696765230322,1.4814854183296622,0.6845464784598642,0.043986297999868765,0.02160348004410257,0.0019221783462053256,-0.007640861614166106,-0.009202047022401016,0.75,1.0,0.75,j1_b_then_a,soft
trusted_marginals,28,2.0,geometric,0.08804696765230322,1.4821959830844647,0.6847306293203933,0.044119092191894554,0.021712319906593128,0.00192325089431107,-0.006930296859363638,-0.008491482267598549,0.75,1.0,0.75,j1_b_then_a,soft
trusted_marginals,28,2.0,weighted_geometric,0.08804696765230322,1.4845323236740133,0.6861607385352385,0.05155299935034964,0.023497295196650975,0.002401058078905346,-0.004593956269814958,-0.006155141678049869,0.75,1.0,0.75,j1_b_then_a,soft
trusted_marginals,28,2.0,hard_core,0.08804696765230322,1.4782162378116428,0.6837429791416434,0.024435915569956414,8.7584603666055e-14,0.003050380015313911,-0.010910042132185493,-0.012471227540420404,0.75,1.0,0.75,j1_b_then_a,soft
trusted_marginals,28,2.0,adaptive_soft,0.08804696765230322,1.4786965694995609,0.6842761523846209,0.03726148294759986,0.012567771252298026,0.002378581979619588,-0.010429710444267437,-0.011990895852502348,0.75,1.0,0.75,j1_b_then_a,soft
trusted_marginals,28,2.0,selective_core,0.08804696765230322,1.4786965694995609,0.6842761523846209,0.03726148294759986,0.012567771252298026,0.002378581979619588,-0.010429710444267437,-0.011990895852502348,0.75,1.0,0.75,j1_b_then_a,soft
trusted_marginals,29,2.0,j1,0.09211681611511426,1.3921611569277315,0.6488706731094505,0.0640127522635151,0.026097843526908696,0.00394532846995587,0.0,-0.000501844556222597,0.25,100.0,0.5,j2_a_then_b,mpr
trusted_marginals,29,2.0,j2,0.09211681611511426,1.392663001483954,0.6497480012283929,0.05539895700928582,0.020551267897035465,0.00394532846995587,0.000501844556222597,0.0,0.25,100.0,0.5,j2_a_then_b,mpr
trusted_marginals,29,2.0,selected_order,0.09211681611511426,1.392663001483954,0.6497480012283929,0.05539895700928582,0.020551267897035465,0.00394532846995587,0.000501844556222597,0.0,0.25,100.0,0.5,j2_a_then_b,mpr
trusted_marginals,29,2.0,independent,0.09211681611511426,1.4183809027704368,0.6554827607722807,0.08064921516638959,4.492172150753759e-17,0.012667659424061459,0.026219745842705366,0.02571790128648277,0.25,100.0,0.5,j2_a_then_b,mpr
trusted_marginals,29,2.0,arithmetic,0.09211681611511426,1.3842562692474207,0.6462601460250091,0.04666826652421778,0.02332455571197206,0.0019911911229471882,-0.007904887680310724,-0.00840673223653332,0.25,100.0,0.5,j2_a_then_b,mpr
trusted_marginals,29,2.0,geometric,0.09211681611511426,1.384417986088629,0.6461038793118519,0.0468429589332705,0.023390648691641324,0.0019920479695591286,-0.007743170839102476,-0.008245015395325073,0.25,100.0,0.5,j2_a_then_b,mpr
trusted_marginals,29,2.0,weighted_geometric,0.09211681611511426,1.384417986088629,0.6461038793118519,0.0468429589332705,0.023390648691641324,0.0019920479695591286,-0.007743170839102476,-0.008245015395325073,0.25,100.0,0.5,j2_a_then_b,mpr
trusted_marginals,29,2.0,hard_core,0.09211681611511426,1.3826936849228046,0.6443986436868105,0.02407058680499237,4.956214648757506e-14,0.003277521210419738,-0.009467472004926814,-0.00996931656114941,0.25,100.0,0.5,j2_a_then_b,mpr
trusted_marginals,29,2.0,adaptive_soft,0.09211681611511426,1.3833814711166708,0.6445849183804575,0.026424085704594483,0.00024353152560709705,0.0034239784679506117,-0.0087796858110607,-0.009281530367283297,0.25,100.0,0.5,j2_a_then_b,mpr
trusted_marginals,29,2.0,selective_core,0.09211681611511426,1.3834025136703654,0.6445823375333073,0.02636519529075161,2.47474726664974e-14,0.003449614748736014,-0.008758643257366083,-0.00926048781358868,0.25,100.0,0.5,j2_a_then_b,mpr
trusted_marginals,30,2.0,j1,0.08213444419972517,1.5175698784065834,0.692693672256195,0.05666700864375639,0.02167035958700747,0.003601449257804065,0.0047068246823245286,0.0,0.75,10.0,0.5,j1_b_then_a,soft
trusted_marginals,30,2.0,j2,0.08213444419972517,1.5128630537242589,0.6902556855246185,0.051637451147185605,0.018769662892651837,0.003601449257804065,0.0,-0.0047068246823245286,0.75,10.0,0.5,j1_b_then_a,soft
trusted_marginals,30,2.0,selected_order,0.08213444419972517,1.5175698784065834,0.692693672256195,0.05666700864375639,0.02167035958700747,0.003601449257804065,0.0047068246823245286,0.0,0.75,10.0,0.5,j1_b_then_a,soft
trusted_marginals,30,2.0,independent,0.08213444419972517,1.7231070968392863,0.7327859357102497,0.25108415969521286,4.294328378274615e-17,0.06469347372579011,0.21024404311502742,0.2055372184327029,0.75,10.0,0.5,j1_b_then_a,soft
trusted_marginals,30,2.0,arithmetic,0.08213444419972517,1.5072602617392545,0.6892879481339553,0.040477307640514965,0.02022001123982963,0.0018205119749046131,-0.005602791985004352,-0.01030961666732888,0.75,10.0,0.5,j1_b_then_a,soft
trusted_marginals,30,2.0,geometric,0.08213444419972517,1.5079162336424587,0.6893426832430231,0.040421367041848476,0.020323202117060922,0.001821520896442677,-0.004946820081800141,-0.00965364476412467,0.75,10.0,0.5,j1_b_then_a,soft
trusted_marginals,30,2.0,weighted_geometric,0.08213444419972517,1.5079162336424587,0.6893426832430231,0.040421367041848476,0.020323202117060922,0.001821520896442677,-0.004946820081800141,-0.00965364476412467,0.75,10.0,0.5,j1_b_then_a,soft
trusted_marginals,30,2.0,hard_core,0.08213444419972517,1.501292228322424,0.6851654255425514,0.02331646672465791,5.136504918961743e-14,0.00294097791207442,-0.011570825401834961,-0.01627765008415949,0.75,10.0,0.5,j1_b_then_a,soft
trusted_marginals,30,2.0,adaptive_soft,0.08213444419972517,1.5021804878589702,0.6854175505470746,0.025992821152001612,0.002885475058729152,0.002820053602360099,-0.010682565865288707,-0.015389390547613235,0.75,10.0,0.5,j1_b_then_a,soft
trusted_marginals,30,2.0,selective_core,0.08213444419972517,1.5021804878589702,0.6854175505470746,0.025992821152001612,0.002885475058729152,0.002820053602360099,-0.010682565865288707,-0.015389390547613235,0.75,10.0,0.5,j1_b_then_a,soft
trusted_marginals,31,2.0,j1,0.08930650649639005,1.4838312883226867,0.6833568418485197,0.06174782653621277,0.023469437653331177,0.0038648943437269326,0.014609758364107162,0.014609758364107162,0.5,10.0,0.5,j2_a_then_b,soft
trusted_marginals,31,2.0,j2,0.08930650649639005,1.4692215299585796,0.676744106728561,0.05591241555936165,0.020434184005862704,0.0038648943437269326,0.0,0.0,0.5,10.0,0.5,j2_a_then_b,soft
trusted_marginals,31,2.0,selected_order,0.08930650649639005,1.4692215299585796,0.676744106728561,0.05591241555936165,0.020434184005862704,0.0038648943437269326,0.0,0.0,0.5,10.0,0.5,j2_a_then_b,soft
trusted_marginals,31,2.0,independent,0.08930650649639005,1.5976741739362406,0.703715948312492,0.18949656649005045,4.483986085538315e-17,0.044295534725993464,0.12845264397766099,0.12845264397766099,0.5,10.0,0.5,j2_a_then_b,soft
trusted_marginals,31,2.0,arithmetic,0.08930650649639005,1.4694567477627418,0.6775885346118102,0.044187416256201685,0.021951810829596914,0.0019512255086593703,0.00023521780416224658,0.00023521780416224658,0.5,10.0,0.5,j2_a_then_b,soft
trusted_marginals,31,2.0,geometric,0.08930650649639005,1.4686985052201507,0.6774643510173063,0.04436925146059009,0.022102266777780474,0.0019520532065290567,-0.0005230247384289122,-0.0005230247384289122,0.5,10.0,0.5,j2_a_then_b,soft
trusted_marginals,31,2.0,weighted_geometric,0.08930650649639005,1.4686985052201507,0.6774643510173063,0.04436925146059009,0.022102266777780474,0.0019520532065290567,-0.0005230247384289122,-0.0005230247384289122,0.5,10.0,0.5,j2_a_then_b,soft
trusted_marginals,31,2.0,hard_core,0.08930650649639005,1.4621369038521483,0.6749190493773609,0.024694902365219804,7.829809239525863e-14,0.0031611802152597675,-0.0070846261064312355,-0.0070846261064312355,0.5,10.0,0.5,j2_a_then_b,soft
trusted_marginals,31,2.0,adaptive_soft,0.08930650649639005,1.46202216018229,0.6749722217974675,0.025249186087384225,0.002568507224813265,0.0028803678609315036,-0.007199369776289544,-0.007199369776289544,0.5,10.0,0.5,j2_a_then_b,soft
trusted_marginals,31,2.0,selective_core,0.08930650649639005,1.46202216018229,0.6749722217974675,0.025249186087384225,0.002568507224813265,0.0028803678609315036,-0.007199369776289544,-0.007199369776289544,0.5,10.0,0.5,j2_a_then_b,soft
trusted_marginals,32,2.0,j1,0.09381047798341544,1.4791393271557463,0.695224156571888,0.06472473922524716,0.025116256928456777,0.004028623603264369,0.008544377942634185,0.0,1.0,30.0,0.75,j1_b_then_a,soft
trusted_marginals,32,2.0,j2,0.09381047798341544,1.470594949213112,0.6936127263684896,0.05912431230779573,0.021991264368136428,0.004028623603264369,0.0,-0.008544377942634185,1.0,30.0,0.75,j1_b_then_a,soft
trusted_marginals,32,2.0,selected_order,0.09381047798341544,1.4791393271557463,0.695224156571888,0.06472473922524716,0.025116256928456777,0.004028623603264369,0.008544377942634185,0.0,1.0,30.0,0.75,j1_b_then_a,soft
trusted_marginals,32,2.0,independent,0.09381047798341544,1.514609880646998,0.6958986206048383,0.09923886078297035,4.2260980956040916e-17,0.017751956611161142,0.04401493143388602,0.03547055349125183,1.0,30.0,0.75,j1_b_then_a,soft
trusted_marginals,32,2.0,arithmetic,0.09381047798341544,1.4670999284612587,0.6914683221844441,0.047356661889811094,0.023553760648296583,0.002032314680980829,-0.0034950207518533727,-0.012039398694487558,1.0,30.0,0.75,j1_b_then_a,soft
trusted_marginals,32,2.0,geometric,0.09381047798341544,1.4667080453644905,0.6914447603412058,0.04752530242712117,0.023672684759277397,0.0020330390945628735,-0.003886903848621559,-0.012431281791255744,1.0,30.0,0.75,j1_b_then_a,soft
trusted_marginals,32,2.0,weighted_geometric,0.09381047798341544,1.470874312508704,0.6925681247307435,0.052827754225122286,0.02443187535976593,0.0025295098681034807,0.00027936329559197226,-0.008265014647042213,1.0,30.0,0.75,j1_b_then_a,soft
trusted_marginals,32,2.0,hard_core,0.09381047798341544,1.4615553086906674,0.6882983321941298,0.025698686438651194,6.836141952537046e-14,0.003295011153450074,-0.009039640522444659,-0.017584018465078843,1.0,30.0,0.75,j1_b_then_a,soft
trusted_marginals,32,2.0,adaptive_soft,0.09381047798341544,1.4662124720552445,0.6890183989902903,0.034788389639333575,0.0010555042518897064,0.003959806936477851,-0.004382477157867548,-0.012926855100501733,1.0,30.0,0.75,j1_b_then_a,soft
trusted_marginals,32,2.0,selective_core,0.09381047798341544,1.4630920441396174,0.6885308252562834,0.028519536830291643,0.0009099111509933888,0.0033907379777900343,-0.0075029050734947145,-0.0160472830161289,1.0,30.0,0.75,j1_b_then_a,soft
trusted_marginals,33,2.0,j1,0.08801426742317052,1.596771217283636,0.7164867385358621,0.06164380477630394,0.022825764508081464,0.003818757932160136,0.0076186736780461395,0.0,0.5,100.0,0.5,j1_b_then_a,mpr
trusted_marginals,33,2.0,j2,0.08801426742317052,1.5891525436055898,0.7137698456953396,0.055408464841660274,0.0200494417286896,0.003818757932160136,0.0,-0.0076186736780461395,0.5,100.0,0.5,j1_b_then_a,mpr
trusted_marginals,33,2.0,selected_order,0.08801426742317052,1.596771217283636,0.7164867385358621,0.06164380477630394,0.022825764508081464,0.003818757932160136,0.0076186736780461395,0.0,0.5,100.0,0.5,j1_b_then_a,mpr
trusted_marginals,33,2.0,independent,0.08801426742317052,1.7544015921487557,0.7482647248590363,0.22757625199369239,4.3899278201302296e-17,0.05704512347547144,0.1652490485431659,0.15763037486511977,0.5,100.0,0.5,j1_b_then_a,mpr
trusted_marginals,33,2.0,arithmetic,0.08801426742317052,1.5846465663766198,0.7128255803248378,0.04365794741836893,0.021437603118385506,0.0019287678323952667,-0.0045059772289699485,-0.012124650907016088,0.5,100.0,0.5,j1_b_then_a,mpr
trusted_marginals,33,2.0,geometric,0.08801426742317052,1.5852238487628734,0.7128936959726998,0.04385481640052289,0.021628793786202374,0.0019296973254731683,-0.003928694842716407,-0.011547368520762546,0.5,100.0,0.5,j1_b_then_a,mpr
trusted_marginals,33,2.0,weighted_geometric,0.08801426742317052,1.5852238487628734,0.7128936959726998,0.04385481640052289,0.021628793786202374,0.0019296973254731683,-0.003928694842716407,-0.011547368520762546,0.5,100.0,0.5,j1_b_then_a,mpr
trusted_marginals,33,2.0,hard_core,0.08801426742317052,1.5852595420343432,0.71217056231728,0.02562065576184585,3.505596970343602e-14,0.0030914927469673954,-0.0038930015712466126,-0.011511675249292752,0.5,100.0,0.5,j1_b_then_a,mpr
trusted_marginals,33,2.0,adaptive_soft,0.08801426742317052,1.5851506897361158,0.7121610717475687,0.02561890109858267,0.0003180131733882059,0.003053730573878571,-0.004001853869473937,-0.011620527547520076,0.5,100.0,0.5,j1_b_then_a,mpr
trusted_marginals,33,2.0,selective_core,0.08801426742317052,1.5852595420343432,0.71217056231728,0.02562065576184585,3.505596970343602e-14,0.0030914927469673954,-0.0038930015712466126,-0.011511675249292752,0.5,100.0,0.5,j1_b_then_a,mpr
trusted_marginals,34,2.0,j1,0.08241797806598938,1.531687527924472,0.7067947351480859,0.05367058633299386,0.02001274659315846,0.003614663010669061,0.0,-0.0016563641324531808,0.5,10.0,0.5,j2_a_then_b,soft
trusted_marginals,34,2.0,j2,0.08241797806598938,1.5333438920569251,0.7090414793681392,0.055878274860215016,0.020809093472300925,0.003614663010669061,0.0016563641324531808,0.0,0.5,10.0,0.5,j2_a_then_b,soft
trusted_marginals,34,2.0,selected_order,0.08241797806598938,1.5333438920569251,0.7090414793681392,0.055878274860215016,0.020809093472300925,0.003614663010669061,0.0016563641324531808,0.0,0.5,10.0,0.5,j2_a_then_b,soft
trusted_marginals,34,2.0,independent,0.08241797806598938,1.793139502182825,0.761676042167594,0.2826802156287586,4.007586973321826e-17,0.06948138091062381,0.261451974258353,0.2597956101258998,0.5,10.0,0.5,j2_a_then_b,soft
trusted_marginals,34,2.0,arithmetic,0.08241797806598938,1.5250643425720662,0.705825831656304,0.04083253744949505,0.020410920032729672,0.001828324991936749,-0.006623185352405692,-0.008279549484858872,0.5,10.0,0.5,j2_a_then_b,soft
trusted_marginals,34,2.0,geometric,0.08241797806598938,1.52518412506501,0.7058899002538523,0.04092917069814493,0.020613307151404754,0.001829516719486056,-0.0065034028594619375,-0.008159766991915118,0.5,10.0,0.5,j2_a_then_b,soft
trusted_marginals,34,2.0,weighted_geometric,0.08241797806598938,1.52518412506501,0.7058899002538523,0.04092917069814493,0.020613307151404754,0.001829516719486056,-0.0065034028594619375,-0.008159766991915118,0.5,10.0,0.5,j2_a_then_b,soft
trusted_marginals,34,2.0,hard_core,0.08241797806598938,1.5223529778304736,0.7047195611884877,0.02341860846488025,3.1037906264092454e-14,0.0029652782953049767,-0.009334550093998306,-0.010990914226451487,0.5,10.0,0.5,j2_a_then_b,soft
trusted_marginals,34,2.0,adaptive_soft,0.08241797806598938,1.5221190027160196,0.7046755974555221,0.02398712576367665,0.0028163496038541027,0.0026431453013636154,-0.009568525208452305,-0.011224889340905486,0.5,10.0,0.5,j2_a_then_b,soft
trusted_marginals,34,2.0,selective_core,0.08241797806598938,1.5221190027160196,0.7046755974555221,0.02398712576367665,0.0028163496038541027,0.0026431453013636154,-0.009568525208452305,-0.011224889340905486,0.5,10.0,0.5,j2_a_then_b,soft
trusted_marginals,35,2.0,j1,0.08085370179951593,1.5232205340122276,0.7002377280966819,0.055186639765213555,0.020818819918010524,0.0034560459975240794,0.0,0.0,0.5,3.0,0.5,j1_b_then_a,soft
trusted_marginals,35,2.0,j2,0.08085370179951593,1.5286244897488013,0.7013041714643248,0.053419455548060796,0.019848612612790313,0.0034560459975240794,0.005403955736573707,0.005403955736573707,0.5,3.0,0.5,j1_b_then_a,soft
trusted_marginals,35,2.0,selected_order,0.08085370179951593,1.5232205340122276,0.7002377280966819,0.055186639765213555,0.020818819918010524,0.0034560459975240794,0.0,0.0,0.5,3.0,0.5,j1_b_then_a,soft
trusted_marginals,35,2.0,independent,0.08085370179951593,1.759245744466977,0.7480420571755516,0.2738994008139091,4.12395608656059e-17,0.07116153136896751,0.23602521045474933,0.23602521045474933,0.5,3.0,0.5,j1_b_then_a,soft
trusted_marginals,35,2.0,arithmetic,0.08085370179951593,1.519049845867119,0.6988170590548329,0.04078710914413931,0.020333716265400398,0.0017467319540700554,-0.004170688145108459,-0.004170688145108459,0.5,3.0,0.5,j1_b_then_a,soft
trusted_marginals,35,2.0,geometric,0.08085370179951593,1.5189193072610236,0.6986601844856902,0.04082000060690549,0.02048094802770644,0.0017477155081124073,-0.004301226751203924,-0.004301226751203924,0.5,3.0,0.5,j1_b_then_a,soft
trusted_marginals,35,2.0,weighted_geometric,0.08085370179951593,1.5189193072610236,0.6986601844856902,0.04082000060690549,0.02048094802770644,0.0017477155081124073,-0.004301226751203924,-0.004301226751203924,0.5,3.0,0.5,j1_b_then_a,soft
trusted_marginals,35,2.0,hard_core,0.08085370179951593,1.5073477837680411,0.6961145331641853,0.023673615289052093,6.05217326856691e-14,0.0029025967936883268,-0.01587275024418644,-0.01587275024418644,0.5,3.0,0.5,j1_b_then_a,soft
trusted_marginals,35,2.0,adaptive_soft,0.08085370179951593,1.510804654084593,0.69670821202312,0.026124754442148203,0.006659017275100901,0.0022371183855828367,-0.012415879927634599,-0.012415879927634599,0.5,3.0,0.5,j1_b_then_a,soft
trusted_marginals,35,2.0,selective_core,0.08085370179951593,1.510804654084593,0.69670821202312,0.026124754442148203,0.006659017275100901,0.0022371183855828367,-0.012415879927634599,-0.012415879927634599,0.5,3.0,0.5,j1_b_then_a,soft
trusted_marginals,36,2.0,j1,0.08861966433033201,1.539435653948947,0.7129587795754522,0.058791922568631916,0.021884252773528175,0.003795935545178694,0.0,0.0,0.25,100.0,0.5,j1_b_then_a,mpr
trusted_marginals,36,2.0,j2,0.08861966433033201,1.5495114669020496,0.7182902105825779,0.05786546147160064,0.02231748761052367,0.003795935545178694,0.010075812953102448,0.010075812953102448,0.25,100.0,0.5,j1_b_then_a,mpr
trusted_marginals,36,2.0,selected_order,0.08861966433033201,1.539435653948947,0.7129587795754522,0.058791922568631916,0.021884252773528175,0.003795935545178694,0.0,0.0,0.25,100.0,0.5,j1_b_then_a,mpr
trusted_marginals,36,2.0,independent,0.08861966433033201,1.7543289056274805,0.7545086378078167,0.24786617140040834,4.1065241485060965e-17,0.06449817155444601,0.21489325167853335,0.21489325167853335,0.25,100.0,0.5,j1_b_then_a,mpr
trusted_marginals,36,2.0,arithmetic,0.08861966433033201,1.5365582314460997,0.71315591943644,0.04419552614370001,0.022100870192025897,0.0019172241203010319,-0.002877422502847393,-0.002877422502847393,0.25,100.0,0.5,j1_b_then_a,mpr
trusted_marginals,36,2.0,geometric,0.08861966433033201,1.5367826079583573,0.7131598276541765,0.04433045626432927,0.02225828698745665,0.0019181791848064628,-0.0026530459905897974,-0.0026530459905897974,0.25,100.0,0.5,j1_b_then_a,mpr
trusted_marginals,36,2.0,weighted_geometric,0.08861966433033201,1.5367826079583573,0.7131598276541765,0.04433045626432927,0.02225828698745665,0.0019181791848064628,-0.0026530459905897974,-0.0026530459905897974,0.25,100.0,0.5,j1_b_then_a,mpr
trusted_marginals,36,2.0,hard_core,0.08861966433033201,1.5306134541667558,0.7101676923918449,0.02339624893006295,5.3521651466239414e-14,0.0031683327131153743,-0.008822199782191342,-0.008822199782191342,0.25,100.0,0.5,j1_b_then_a,mpr
trusted_marginals,36,2.0,adaptive_soft,0.08861966433033201,1.5326562254480127,0.7106794106240014,0.024979942532649322,0.00036530055816762664,0.0032995664198067647,-0.006779428500934381,-0.006779428500934381,0.25,100.0,0.5,j1_b_then_a,mpr
trusted_marginals,36,2.0,selective_core,0.08861966433033201,1.5326043531553524,0.7106348542192809,0.024931639217225566,2.7417342539099582e-14,0.003341080623057517,-0.00683130079359473,-0.00683130079359473,0.25,100.0,0.5,j1_b_then_a,mpr
trusted_marginals,37,2.0,j1,0.08548781854754302,1.516037043640398,0.6982468192886288,0.05499201703493033,0.020853750079767537,0.003671961529378278,0.0,-0.008337847356228112,0.25,100.0,0.5,j2_a_then_b,mpr
trusted_marginals,37,2.0,j2,0.08548781854754302,1.5243748909966262,0.7003560754760988,0.05723439486779606,0.021899008108615815,0.003671961529378278,0.008337847356228112,0.0,0.25,100.0,0.5,j2_a_then_b,mpr
trusted_marginals,37,2.0,selected_order,0.08548781854754302,1.5243748909966262,0.7003560754760988,0.05723439486779606,0.021899008108615815,0.003671961529378278,0.008337847356228112,0.0,0.25,100.0,0.5,j2_a_then_b,mpr
trusted_marginals,37,2.0,independent,0.08548781854754302,1.7686804269846483,0.7483783136187933,0.23934470757782944,3.779610088447405e-17,0.06453245010391225,0.2526433833442503,0.24430553598802218,0.25,100.0,0.5,j2_a_then_b,mpr
trusted_marginals,37,2.0,arithmetic,0.08548781854754302,1.512674254012217,0.697028606257341,0.042370823963097756,0.021376379094191655,0.0018543585414668305,-0.003362789628181151,-0.011700636984409263,0.25,100.0,0.5,j2_a_then_b,mpr
trusted_marginals,37,2.0,geometric,0.08548781854754302,1.5127683798601275,0.6968702307650563,0.04244088103495863,0.02150382563679883,0.001855209456366842,-0.0032686637802705754,-0.011606511136498687,0.25,100.0,0.5,j2_a_then_b,mpr
trusted_marginals,37,2.0,weighted_geometric,0.08548781854754302,1.5127683798601275,0.6968702307650563,0.04244088103495863,0.02150382563679883,0.001855209456366842,-0.0032686637802705754,-0.011606511136498687,0.25,100.0,0.5,j2_a_then_b,mpr
trusted_marginals,37,2.0,hard_core,0.08548781854754302,1.517733743671466,0.6986439167414501,0.023778599325212254,9.000097184446582e-14,0.0030772005538642947,0.0016967000310679214,-0.0066411473251601905,0.25,100.0,0.5,j2_a_then_b,mpr
trusted_marginals,37,2.0,adaptive_soft,0.08548781854754302,1.51766316761339,0.698747593019852,0.025638835522355723,0.00037483103022674234,0.003203284513369697,0.0016261239729919996,-0.006711723383236112,0.25,100.0,0.5,j2_a_then_b,mpr
trusted_marginals,37,2.0,selective_core,0.08548781854754302,1.5178107075618394,0.6987809940194933,0.02565474326815402,7.615062738914636e-14,0.0032499574326413498,0.001773663921441404,-0.006564183434786708,0.25,100.0,0.5,j2_a_then_b,mpr
trusted_marginals,38,2.0,j1,0.09564311345575274,1.552620682336856,0.7103995495613046,0.07139211714659359,0.02796724157516089,0.004113998242746907,0.004652303026983162,0.004652303026983162,0.5,1.0,0.5,j2_a_then_b,soft
trusted_marginals,38,2.0,j2,0.09564311345575274,1.5479683793098729,0.7112006948883658,0.05495477249119812,0.01882532136513925,0.004113998242746907,0.0,0.0,0.5,1.0,0.5,j2_a_then_b,soft
trusted_marginals,38,2.0,selected_order,0.09564311345575274,1.5479683793098729,0.7112006948883658,0.05495477249119812,0.01882532136513925,0.004113998242746907,0.0,0.0,0.5,1.0,0.5,j2_a_then_b,soft
trusted_marginals,38,2.0,independent,0.09564311345575274,1.600475702336096,0.7188902931990043,0.12404849716910715,4.476194398863112e-17,0.020381168447428145,0.052507323026223185,0.052507323026223185,0.5,1.0,0.5,j2_a_then_b,soft
trusted_marginals,38,2.0,arithmetic,0.09564311345575274,1.541250610536211,0.7078842681026335,0.04816823779171534,0.023396281470150052,0.0020756217654565824,-0.006717768773661925,-0.006717768773661925,0.5,1.0,0.5,j2_a_then_b,soft
trusted_marginals,38,2.0,geometric,0.09564311345575274,1.541961034857865,0.7079363606263828,0.04824684029016176,0.023457048614268068,0.0020763972706958835,-0.006007344452007901,-0.006007344452007901,0.5,1.0,0.5,j2_a_then_b,soft
trusted_marginals,38,2.0,weighted_geometric,0.09564311345575274,1.541961034857865,0.7079363606263828,0.04824684029016176,0.023457048614268068,0.0020763972706958835,-0.006007344452007901,-0.006007344452007901,0.5,1.0,0.5,j2_a_then_b,soft
trusted_marginals,38,2.0,hard_core,0.09564311345575274,1.5332319497356734,0.7043486593461057,0.027899352854500455,2.016010441403685e-14,0.0033165874223294927,-0.014736429574199406,-0.014736429574199406,0.5,1.0,0.5,j2_a_then_b,soft
trusted_marginals,38,2.0,adaptive_soft,0.09564311345575274,1.5367400584646558,0.7057636868011706,0.03580729664617719,0.012154408867172667,0.0023537630813765466,-0.011228320845217077,-0.011228320845217077,0.5,1.0,0.5,j2_a_then_b,soft
trusted_marginals,38,2.0,selective_core,0.09564311345575274,1.5367400584646558,0.7057636868011706,0.03580729664617719,0.012154408867172667,0.0023537630813765466,-0.011228320845217077,-0.011228320845217077,0.5,1.0,0.5,j2_a_then_b,soft
trusted_marginals,39,2.0,j1,0.0796408477097673,1.4085321215751727,0.6637454849188932,0.05514923557533902,0.02117378852033032,0.0033654339482295,0.0,0.0,1.0,10.0,1.0,j1_b_then_a,soft
trusted_marginals,39,2.0,j2,0.0796408477097673,1.4114450356220858,0.6670863065555632,0.04902117253369287,0.01873269045811152,0.0033654339482295,0.002912914046913073,0.002912914046913073,1.0,10.0,1.0,j1_b_then_a,soft
trusted_marginals,39,2.0,selected_order,0.0796408477097673,1.4085321215751727,0.6637454849188932,0.05514923557533902,0.02117378852033032,0.0033654339482295,0.0,0.0,1.0,10.0,1.0,j1_b_then_a,soft
trusted_marginals,39,2.0,independent,0.0796408477097673,1.587873653154416,0.7073100562413003,0.21758895007383466,4.16597908513977e-17,0.05388773318191972,0.17934153157924326,0.17934153157924326,1.0,10.0,1.0,j1_b_then_a,soft
trusted_marginals,39,2.0,arithmetic,0.0796408477097673,1.4028177424379682,0.6632815709341108,0.039794156251715396,0.019953239489220898,0.0017006121598897564,-0.005714379137204517,-0.005714379137204517,1.0,10.0,1.0,j1_b_then_a,soft
trusted_marginals,39,2.0,geometric,0.0796408477097673,1.4031692979119605,0.6633358709873852,0.03998642745820354,0.020113682595209074,0.0017015301232767945,-0.005362823663212168,-0.005362823663212168,1.0,10.0,1.0,j1_b_then_a,soft
trusted_marginals,39,2.0,weighted_geometric,0.0796408477097673,1.4085321215751727,0.6637454849188933,0.05514923557533902,0.021173788520330326,0.0033654339482295003,0.0,0.0,1.0,10.0,1.0,j1_b_then_a,soft
trusted_marginals,39,2.0,hard_core,0.0796408477097673,1.4006305356068491,0.6618547225685723,0.021063321687880502,1.0699504391471164e-13,0.0027971905094006607,-0.007901585968323577,-0.007901585968323577,1.0,10.0,1.0,j1_b_then_a,soft
trusted_marginals,39,2.0,adaptive_soft,0.0796408477097673,1.40278305317842,0.6619387318507275,0.029366727461778305,0.0032784896955127597,0.0031285504982413175,-0.00574906839675271,-0.00574906839675271,1.0,10.0,1.0,j1_b_then_a,soft
trusted_marginals,39,2.0,selective_core,0.0796408477097673,1.4010875170876302,0.6618489797250263,0.02331664785381757,0.0010398389802694298,0.002832844927596969,-0.007444604487542472,-0.007444604487542472,1.0,10.0,1.0,j1_b_then_a,soft
trusted_marginals,40,2.0,j1,0.08446233274760698,1.504665986501956,0.7011632663563188,0.056934537403645416,0.021505635952691123,0.003627529353163451,0.004538462960070433,0.0,0.75,0.3,0.75,j1_b_then_a,soft
trusted_marginals,40,2.0,j2,0.08446233274760698,1.5001275235418856,0.6982040381904403,0.05545325058872591,0.020031906981773144,0.003627529353163451,0.0,-0.004538462960070433,0.75,0.3,0.75,j1_b_then_a,soft
trusted_marginals,40,2.0,selected_order,0.08446233274760698,1.504665986501956,0.7011632663563188,0.056934537403645416,0.021505635952691123,0.003627529353163451,0.004538462960070433,0.0,0.75,0.3,0.75,j1_b_then_a,soft
trusted_marginals,40,2.0,independent,0.08446233274760698,1.6881651354668752,0.7341047430868842,0.20264350559895875,4.172782040843555e-17,0.05105450717283584,0.18803761192498958,0.18349914896491915,0.75,0.3,0.75,j1_b_then_a,soft
trusted_marginals,40,2.0,arithmetic,0.08446233274760698,1.4952783459912329,0.6973959517240285,0.0429861783627601,0.020768771467232106,0.001831813665417488,-0.004849177550652728,-0.00938764051072316,0.75,0.3,0.75,j1_b_then_a,soft
trusted_marginals,40,2.0,geometric,0.08446233274760698,1.4950484009446123,0.6974059653832093,0.043055964317346776,0.02086249064069165,0.0018326656987567478,-0.005079122597273278,-0.00961758555734371,0.75,0.3,0.75,j1_b_then_a,soft
trusted_marginals,40,2.0,weighted_geometric,0.08446233274760698,1.4980167961406725,0.6987182020932625,0.046591288486388126,0.02121784890075634,0.0022810671271443522,-0.002110727401213097,-0.00664919036128353,0.75,0.3,0.75,j1_b_then_a,soft
trusted_marginals,40,2.0,hard_core,0.08446233274760698,1.4903557620175452,0.6952855252248625,0.02463521432934131,4.5807448807011876e-14,0.0029781046732502824,-0.00977176152434045,-0.014310224484410883,0.75,0.3,0.75,j1_b_then_a,soft
trusted_marginals,40,2.0,adaptive_soft,0.08446233274760698,1.495923136080246,0.6977502047720884,0.04091485486721517,0.016721675778124997,0.002223887492516898,-0.004204387461639536,-0.008742850421709969,0.75,0.3,0.75,j1_b_then_a,soft
trusted_marginals,40,2.0,selective_core,0.08446233274760698,1.495923136080246,0.6977502047720884,0.04091485486721517,0.016721675778124997,0.002223887492516898,-0.004204387461639536,-0.008742850421709969,0.75,0.3,0.75,j1_b_then_a,soft
trusted_marginals,41,2.0,j1,0.07749598404308716,1.42678828891311,0.677128219034216,0.05079274177427515,0.019946386132617597,0.0032032769577321966,0.01857862074300609,0.0,0.5,10.0,0.5,j1_b_then_a,soft
trusted_marginals,41,2.0,j2,0.07749598404308716,1.408209668170104,0.6717260063527942,0.050323496445262045,0.019918762475630677,0.0032032769577321966,0.0,-0.01857862074300609,0.5,10.0,0.5,j1_b_then_a,soft
trusted_marginals,41,2.0,selected_order,0.07749598404308716,1.42678828891311,0.677128219034216,0.05079274177427515,0.019946386132617597,0.0032032769577321966,0.01857862074300609,0.0,0.5,10.0,0.5,j1_b_then_a,soft
trusted_marginals,41,2.0,independent,0.07749598404308716,1.6659602170776093,0.727642498192138,0.2711265158045975,4.1550543929992635e-17,0.06935988297248545,0.2577505489075054,0.23917192816449928,0.5,10.0,0.5,j1_b_then_a,soft
trusted_marginals,41,2.0,arithmetic,0.07749598404308716,1.4112597861273395,0.6723870510169486,0.038997851168902545,0.019932574304124113,0.0016190901957935959,0.003050117957235532,-0.01552850278577056,0.5,10.0,0.5,j1_b_then_a,soft
trusted_marginals,41,2.0,geometric,0.07749598404308716,1.4110106132930738,0.6722301111116101,0.0391023095857878,0.020077599594823147,0.0016201697868998665,0.0028009451229698,-0.01577767562003629,0.5,10.0,0.5,j1_b_then_a,soft
trusted_marginals,41,2.0,weighted_geometric,0.07749598404308716,1.4110106132930738,0.6722301111116101,0.0391023095857878,0.020077599594823147,0.0016201697868998665,0.0028009451229698,-0.01577767562003629,0.5,10.0,0.5,j1_b_then_a,soft
trusted_marginals,41,2.0,hard_core,0.07749598404308716,1.4088540289650595,0.6716065994757165,0.02004668264876004,4.847711663515109e-14,0.0028052082638677298,0.0006443607949555563,-0.017934259948050535,0.5,10.0,0.5,j1_b_then_a,soft
trusted_marginals,41,2.0,adaptive_soft,0.07749598404308716,1.4086357120671769,0.6715419594002915,0.0206010470748917,0.0028453234025758245,0.002466581568450529,0.000426043897072903,-0.018152576845933188,0.5,10.0,0.5,j1_b_then_a,soft
trusted_marginals,41,2.0,selective_core,0.07749598404308716,1.4086357120671769,0.6715419594002915,0.0206010470748917,0.0028453234025758245,0.002466581568450529,0.000426043897072903,-0.018152576845933188,0.5,10.0,0.5,j1_b_then_a,soft
trusted_marginals,42,2.0,j1,0.08137997034059655,1.4284089205429973,0.6792272026074296,0.05524292776283881,0.02191451055955219,0.0034310189303466488,0.0004523495108506026,0.0004523495108506026,0.25,100.0,0.5,j2_a_then_b,mpr
trusted_marginals,42,2.0,j2,0.08137997034059655,1.4279565710321467,0.6787218879324832,0.05071863747894465,0.019198962956600535,0.0034310189303466488,0.0,0.0,0.25,100.0,0.5,j2_a_then_b,mpr
trusted_marginals,42,2.0,selected_order,0.08137997034059655,1.4279565710321467,0.6787218879324832,0.05071863747894465,0.019198962956600535,0.0034310189303466488,0.0,0.0,0.25,100.0,0.5,j2_a_then_b,mpr
trusted_marginals,42,2.0,independent,0.08137997034059655,1.6355558340419352,0.7167866559659201,0.22366388039493554,4.00833541163402e-17,0.05485780004692446,0.20759926300978848,0.20759926300978848,0.25,100.0,0.5,j2_a_then_b,mpr
trusted_marginals,42,2.0,arithmetic,0.08137997034059655,1.4215882667996238,0.6767796573825012,0.04053673692326313,0.020556736758076337,0.001732960723252234,-0.006368304232522881,-0.006368304232522881,0.25,100.0,0.5,j2_a_then_b,mpr
trusted_marginals,42,2.0,geometric,0.08137997034059655,1.421233666205241,0.6767681412958512,0.040606068793821316,0.020713417875435187,0.0017338172799371955,-0.00672290482690574,-0.00672290482690574,0.25,100.0,0.5,j2_a_then_b,mpr
trusted_marginals,42,2.0,weighted_geometric,0.08137997034059655,1.421233666205241,0.6767681412958512,0.040606068793821316,0.020713417875435187,0.0017338172799371955,-0.00672290482690574,-0.00672290482690574,0.25,100.0,0.5,j2_a_then_b,mpr
trusted_marginals,42,2.0,hard_core,0.08137997034059655,1.4186886358558908,0.6756877314282639,0.021153584498811905,2.398724712512467e-14,0.0029145582243121147,-0.009267935176255904,-0.009267935176255904,0.25,100.0,0.5,j2_a_then_b,mpr
trusted_marginals,42,2.0,adaptive_soft,0.08137997034059655,1.4194773038090875,0.6756988155480351,0.023085980749057607,0.00032913941972579025,0.0030238482916507144,-0.00847926722305914,-0.00847926722305914,0.25,100.0,0.5,j2_a_then_b,mpr
trusted_marginals,42,2.0,selective_core,0.08137997034059655,1.419530475244805,0.6756991263743674,0.023061877611949604,2.1119557478180805e-14,0.0030618631717027347,-0.008426095787341659,-0.008426095787341659,0.25,100.0,0.5,j2_a_then_b,mpr
trusted_marginals,43,2.0,j1,0.08611676156893541,1.4359963463214969,0.6682016265012717,0.05586393805557616,0.02180328374715418,0.003688952007742224,0.0005745257950198202,0.0005745257950198202,0.25,3.0,0.25,j2_a_then_b,soft
trusted_marginals,43,2.0,j2,0.08611676156893541,1.435421820526477,0.6701446225276154,0.05640224110555279,0.021511401538158854,0.003688952007742224,0.0,0.0,0.25,3.0,0.25,j2_a_then_b,soft
trusted_marginals,43,2.0,selected_order,0.08611676156893541,1.435421820526477,0.6701446225276154,0.05640224110555279,0.021511401538158854,0.003688952007742224,0.0,0.0,0.25,3.0,0.25,j2_a_then_b,soft
trusted_marginals,43,2.0,independent,0.08611676156893541,1.6127205334443304,0.7021399980688292,0.207792352702354,4.337668004867007e-17,0.05686810306371955,0.17729871291785337,0.17729871291785337,0.25,3.0,0.25,j2_a_then_b,soft
trusted_marginals,43,2.0,arithmetic,0.08611676156893541,1.427936478667426,0.6666753691640979,0.042497257838826685,0.021657342642656494,0.0018631958308792118,-0.007485341859051031,-0.007485341859051031,0.25,3.0,0.25,j2_a_then_b,soft
trusted_marginals,43,2.0,geometric,0.08611676156893541,1.4282358128569335,0.6668469989397583,0.04264197043585188,0.021791273284122895,0.0018641248399050543,-0.0071860076695435815,-0.0071860076695435815,0.25,3.0,0.25,j2_a_then_b,soft
trusted_marginals,43,2.0,weighted_geometric,0.08611676156893541,1.4299518352182778,0.667911305176133,0.046207069561446844,0.021685194799169992,0.002318084476248103,-0.005469985308199199,-0.005469985308199199,0.25,3.0,0.25,j2_a_then_b,soft
trusted_marginals,43,2.0,hard_core,0.08611676156893541,1.419679732534272,0.6621267952172761,0.022170621444302718,4.8499380984684606e-14,0.003087066211786163,-0.015742087992205,-0.015742087992205,0.25,3.0,0.25,j2_a_then_b,soft
trusted_marginals,43,2.0,adaptive_soft,0.08611676156893541,1.4223206569523577,0.6633663836632361,0.028148633595382045,0.0067466590525484494,0.002629665541370233,-0.01310116357411939,-0.01310116357411939,0.25,3.0,0.25,j2_a_then_b,soft
trusted_marginals,43,2.0,selective_core,0.08611676156893541,1.4223206569523577,0.6633663836632361,0.028148633595382045,0.0067466590525484494,0.002629665541370233,-0.01310116357411939,-0.01310116357411939,0.25,3.0,0.25,j2_a_then_b,soft
trusted_marginals,44,2.0,j1,0.08766083361859123,1.5244987468197637,0.7056114483009499,0.05992124281099599,0.022786697725428517,0.00378405626183463,0.009805740673465069,0.009805740673465069,0.5,10.0,0.5,j2_a_then_b,soft
trusted_marginals,44,2.0,j2,0.08766083361859123,1.5146930061462986,0.7019454138727471,0.05505588148249296,0.02042542775484705,0.00378405626183463,0.0,0.0,0.5,10.0,0.5,j2_a_then_b,soft
trusted_marginals,44,2.0,selected_order,0.08766083361859123,1.5146930061462986,0.7019454138727471,0.05505588148249296,0.02042542775484705,0.00378405626183463,0.0,0.0,0.5,10.0,0.5,j2_a_then_b,soft
trusted_marginals,44,2.0,independent,0.08766083361859123,1.6959815554975308,0.7396500078882446,0.22420622202456827,4.0574118229715766e-17,0.05810912311938415,0.18128854935123218,0.18128854935123218,0.5,10.0,0.5,j2_a_then_b,soft
trusted_marginals,44,2.0,arithmetic,0.08766083361859123,1.5112607541623155,0.7014062018132137,0.04375244059435229,0.02160606274013776,0.0019115294821323689,-0.0034322519839831145,-0.0034322519839831145,0.5,10.0,0.5,j2_a_then_b,soft
trusted_marginals,44,2.0,geometric,0.08766083361859123,1.5119278905491929,0.7015868860115727,0.043964034162185646,0.021836912589598478,0.0019125154523590142,-0.002765115597105794,-0.002765115597105794,0.5,10.0,0.5,j2_a_then_b,soft
trusted_marginals,44,2.0,weighted_geometric,0.08766083361859123,1.5119278905491929,0.7015868860115727,0.043964034162185646,0.021836912589598478,0.0019125154523590142,-0.002765115597105794,-0.002765115597105794,0.5,10.0,0.5,j2_a_then_b,soft
trusted_marginals,44,2.0,hard_core,0.08766083361859123,1.503131221344156,0.6986685754531277,0.02391732978118363,6.597532762486367e-14,0.003122000007119998,-0.011561784802142538,-0.011561784802142538,0.5,10.0,0.5,j2_a_then_b,soft
trusted_marginals,44,2.0,adaptive_soft,0.08766083361859123,1.504153301147969,0.6988406819135347,0.024480003368812113,0.0026901950018639533,0.002819422718839044,-0.010539704998329569,-0.010539704998329569,0.5,10.0,0.5,j2_a_then_b,soft
trusted_marginals,44,2.0,selective_core,0.08766083361859123,1.504153301147969,0.6988406819135347,0.024480003368812113,0.0026901950018639533,0.002819422718839044,-0.010539704998329569,-0.010539704998329569,0.5,10.0,0.5,j2_a_then_b,soft
trusted_marginals,45,2.0,j1,0.08769827416982388,1.541248473166598,0.7149666598770857,0.05858723471192115,0.022617467266586106,0.003765443991694288,0.01084327702306509,0.0,0.75,100.0,0.5,j1_b_then_a,mpr
trusted_marginals,45,2.0,j2,0.08769827416982388,1.530405196143533,0.7083402092729205,0.05692392388692062,0.02134873496525863,0.003765443991694288,0.0,-0.01084327702306509,0.75,100.0,0.5,j1_b_then_a,mpr
trusted_marginals,45,2.0,selected_order,0.08769827416982388,1.541248473166598,0.7149666598770857,0.05858723471192115,0.022617467266586106,0.003765443991694288,0.01084327702306509,0.0,0.75,100.0,0.5,j1_b_then_a,mpr
trusted_marginals,45,2.0,independent,0.08769827416982388,1.693509462494128,0.7405105262234479,0.25216324971500126,4.4926437786987903e-17,0.05876278663690905,0.16310426635059505,0.15226098932752996,0.75,100.0,0.5,j1_b_then_a,mpr
trusted_marginals,45,2.0,arithmetic,0.08769827416982388,1.5290199151892925,0.7092421123337918,0.0434973777852616,0.021983101115922346,0.0019022817390507182,-0.0013852809542405087,-0.012228557977305599,0.75,100.0,0.5,j1_b_then_a,mpr
trusted_marginals,45,2.0,geometric,0.08769827416982388,1.5281956723440238,0.7090857999148318,0.04352548425720265,0.022132512627563165,0.0019033105932658952,-0.0022095237995092276,-0.013052800822574318,0.75,100.0,0.5,j1_b_then_a,mpr
trusted_marginals,45,2.0,weighted_geometric,0.08769827416982388,1.5281956723440238,0.7090857999148318,0.04352548425720265,0.022132512627563165,0.0019033105932658952,-0.0022095237995092276,-0.013052800822574318,0.75,100.0,0.5,j1_b_then_a,mpr
trusted_marginals,45,2.0,hard_core,0.08769827416982388,1.5235770274396714,0.7061827063359947,0.023863096101013618,1.4110481763606777e-13,0.0031245433382870377,-0.0068281687038616035,-0.017671445726926693,0.75,100.0,0.5,j1_b_then_a,mpr
trusted_marginals,45,2.0,adaptive_soft,0.08769827416982388,1.5250403872732055,0.7066283868192756,0.025986350847868572,0.00035482636210098785,0.0032561506146262893,-0.005364808870327531,-0.01620808589339262,0.75,100.0,0.5,j1_b_then_a,mpr
trusted_marginals,45,2.0,selective_core,0.08769827416982388,1.525051822996338,0.7065936989126783,0.025941910291828258,1.184429944801977e-13,0.0032963538413906483,-0.005353373147195084,-0.016196650170260174,0.75,100.0,0.5,j1_b_then_a,mpr
trusted_marginals,46,2.0,j1,0.08830149185669134,1.5013258513646457,0.6914329579769982,0.05813146913280863,0.02216579121131145,0.003792152652095176,0.0,-0.009565424054127858,0.5,100.0,0.5,j2_a_then_b,mpr
trusted_marginals,46,2.0,j2,0.08830149185669134,1.5108912754187735,0.6964412807694239,0.0590651540004351,0.022454836443811955,0.003792152652095176,0.009565424054127858,0.0,0.5,100.0,0.5,j2_a_then_b,mpr
trusted_marginals,46,2.0,selected_order,0.08830149185669134,1.5108912754187735,0.6964412807694239,0.0590651540004351,0.022454836443811955,0.003792152652095176,0.009565424054127858,0.0,0.5,100.0,0.5,j2_a_then_b,mpr
trusted_marginals,46,2.0,independent,0.08830149185669134,1.640781983301224,0.7179593638694275,0.17316097835639652,4.5067953275551574e-17,0.042914192947691845,0.13945613193657835,0.1298907078824505,0.5,100.0,0.5,j2_a_then_b,mpr
trusted_marginals,46,2.0,arithmetic,0.08830149185669134,1.4984125261548247,0.6913912326797259,0.04446077136598302,0.022310313827561677,0.0019140316899980674,-0.002913325209821016,-0.012478749263948874,0.5,100.0,0.5,j2_a_then_b,mpr
trusted_marginals,46,2.0,geometric,0.08830149185669134,1.4984281247054665,0.6914898245130833,0.04461308165657272,0.022441614270838114,0.0019148244205351027,-0.0028977266591792006,-0.012463150713307058,0.5,100.0,0.5,j2_a_then_b,mpr
trusted_marginals,46,2.0,weighted_geometric,0.08830149185669134,1.4984281247054665,0.6914898245130833,0.04461308165657272,0.022441614270838114,0.0019148244205351027,-0.0028977266591792006,-0.012463150713307058,0.5,100.0,0.5,j2_a_then_b,mpr
trusted_marginals,46,2.0,hard_core,0.08830149185669134,1.4980789377828196,0.6902980932624715,0.024619903555682353,3.40306055091142e-14,0.003142965337069214,-0.0032469135818260497,-0.012812337635953908,0.5,100.0,0.5,j2_a_then_b,mpr
trusted_marginals,46,2.0,adaptive_soft,0.08830149185669134,1.498025809450981,0.6902986485598963,0.024645727152844833,0.000304555522993278,0.003106390521451562,-0.0033000419136646197,-0.012865465967792478,0.5,100.0,0.5,j2_a_then_b,mpr
trusted_marginals,46,2.0,selective_core,0.08830149185669134,1.4980789377828196,0.6902980932624715,0.024619903555682353,3.40306055091142e-14,0.003142965337069214,-0.0032469135818260497,-0.012812337635953908,0.5,100.0,0.5,j2_a_then_b,mpr
trusted_marginals,47,2.0,j1,0.09042872918240553,1.5890864354839467,0.7247645199504279,0.06277835073298758,0.023420910684318612,0.0038409007282724124,0.006484329168652714,0.0,0.25,100.0,0.5,j1_b_then_a,mpr
trusted_marginals,47,2.0,j2,0.09042872918240553,1.582602106315294,0.722636562566988,0.058239746679140864,0.021650829093822887,0.0038409007282724124,0.0,-0.006484329168652714,0.25,100.0,0.5,j1_b_then_a,mpr
trusted_marginals,47,2.0,selected_order,0.09042872918240553,1.5890864354839467,0.7247645199504279,0.06277835073298758,0.023420910684318612,0.0038409007282724124,0.006484329168652714,0.0,0.25,100.0,0.5,j1_b_then_a,mpr
trusted_marginals,47,2.0,independent,0.09042872918240553,1.7681691061582938,0.7586126980021147,0.2345817625814786,4.3856007099675336e-17,0.060902744254667726,0.18556699984299985,0.17908267067434713,0.25,100.0,0.5,j1_b_then_a,mpr
trusted_marginals,47,2.0,arithmetic,0.09042872918240553,1.577704101715991,0.721212752052815,0.046088080180117175,0.022535869889070727,0.0019384694004340103,-0.0048980045993030075,-0.011382333767955721,0.25,100.0,0.5,j1_b_then_a,mpr
trusted_marginals,47,2.0,geometric,0.09042872918240553,1.578065513939032,0.7212829675101112,0.04653999888478106,0.022813665518674097,0.0019392671947106369,-0.0045365923762619165,-0.01102092154491463,0.25,100.0,0.5,j1_b_then_a,mpr
trusted_marginals,47,2.0,weighted_geometric,0.09042872918240553,1.578065513939032,0.7212829675101112,0.04653999888478106,0.022813665518674097,0.0019392671947106369,-0.0045365923762619165,-0.01102092154491463,0.25,100.0,0.5,j1_b_then_a,mpr
trusted_marginals,47,2.0,hard_core,0.09042872918240553,1.575722039656576,0.7203039430962367,0.026062698374650892,4.467312486086509e-14,0.003217284705882008,-0.006880066658717876,-0.01336439582737059,0.25,100.0,0.5,j1_b_then_a,mpr
trusted_marginals,47,2.0,adaptive_soft,0.09042872918240553,1.5764471637003552,0.7204808337707936,0.027712611569281828,0.00033941068866754487,0.003349300372468822,-0.006154942614938763,-0.012639271783591477,0.25,100.0,0.5,j1_b_then_a,mpr
trusted_marginals,47,2.0,selective_core,0.09042872918240553,1.5764785079486965,0.7204985971926642,0.02765142579021867,2.6058921596915144e-14,0.0033870529193033975,-0.0061235983665974825,-0.012607927535250196,0.25,100.0,0.5,j1_b_then_a,mpr
trusted_marginals,48,2.0,j1,0.09255217827869662,1.5526216315243326,0.7161180222379208,0.06290145123831928,0.023734394660717296,0.0040134020677800985,0.007152439985698811,0.007152439985698811,0.25,3.0,0.5,j2_a_then_b,soft
trusted_marginals,48,2.0,j2,0.09255217827869662,1.5454691915386338,0.7135773166948152,0.06038302231448003,0.02207120697825244,0.0040134020677800985,0.0,0.0,0.25,3.0,0.5,j2_a_then_b,soft
trusted_marginals,48,2.0,selected_order,0.09255217827869662,1.5454691915386338,0.7135773166948152,0.06038302231448003,0.02207120697825244,0.0040134020677800985,0.0,0.0,0.25,3.0,0.5,j2_a_then_b,soft
trusted_marginals,48,2.0,independent,0.09255217827869662,1.667369630622069,0.7392310604786021,0.18736326590289554,4.5037483832842725e-17,0.040281273606442576,0.12190043908343529,0.12190043908343529,0.25,3.0,0.5,j2_a_then_b,soft
trusted_marginals,48,2.0,arithmetic,0.09255217827869662,1.5405725327443613,0.7121773500672607,0.04686542257580098,0.022902800819484846,0.0020263980008861536,-0.004896658794272479,-0.004896658794272479,0.25,3.0,0.5,j2_a_then_b,soft
trusted_marginals,48,2.0,geometric,0.09255217827869662,1.540910386190811,0.7121776536936837,0.046892548118446266,0.023019541654320984,0.0020272921458192638,-0.004558805347822714,-0.004558805347822714,0.25,3.0,0.5,j2_a_then_b,soft
trusted_marginals,48,2.0,weighted_geometric,0.09255217827869662,1.540910386190811,0.7121776536936837,0.046892548118446266,0.023019541654320984,0.0020272921458192638,-0.004558805347822714,-0.004558805347822714,0.25,3.0,0.5,j2_a_then_b,soft
trusted_marginals,48,2.0,hard_core,0.09255217827869662,1.5338710658378745,0.7110880677032638,0.025766986870015045,2.513565793224811e-14,0.003291823359782123,-0.011598125700759354,-0.011598125700759354,0.25,3.0,0.5,j2_a_then_b,soft
trusted_marginals,48,2.0,adaptive_soft,0.09255217827869662,1.536338908543502,0.7109055325852129,0.03198506896892176,0.006789581323846092,0.0028795924686761554,-0.009130282995131855,-0.009130282995131855,0.25,3.0,0.5,j2_a_then_b,soft
trusted_marginals,48,2.0,selective_core,0.09255217827869662,1.536338908543502,0.7109055325852129,0.03198506896892176,0.006789581323846092,0.0028795924686761554,-0.009130282995131855,-0.009130282995131855,0.25,3.0,0.5,j2_a_then_b,soft
trusted_marginals,49,2.0,j1,0.0881275669414479,1.4937195250085478,0.6860660420775664,0.060175507015782975,0.022767157212201943,0.0038085314458454925,0.0,-0.017978790551116397,0.75,30.0,0.5,j2_a_then_b,soft
trusted_marginals,49,2.0,j2,0.0881275669414479,1.5116983155596642,0.6894789579107194,0.05623364156889056,0.020639005215854427,0.0038085314458454925,0.017978790551116397,0.0,0.75,30.0,0.5,j2_a_then_b,soft
trusted_marginals,49,2.0,selected_order,0.0881275669414479,1.5116983155596642,0.6894789579107194,0.05623364156889056,0.020639005215854427,0.0038085314458454925,0.017978790551116397,0.0,0.75,30.0,0.5,j2_a_then_b,soft
trusted_marginals,49,2.0,independent,0.0881275669414479,1.7347428698509304,0.7336851472454226,0.2471854245181986,4.115633480295793e-17,0.06555918862234955,0.24102334484238264,0.22304455429126624,0.75,30.0,0.5,j2_a_then_b,soft
trusted_marginals,49,2.0,arithmetic,0.0881275669414479,1.495602548679411,0.6854590258824864,0.04368776144041708,0.02170308121402816,0.0019240843640303206,0.0018830236708631265,-0.01609576688025327,0.75,30.0,0.5,j2_a_then_b,soft
trusted_marginals,49,2.0,geometric,0.0881275669414479,1.4949924649838535,0.68523008544522,0.043702994772195,0.021809226258510464,0.0019251062577154358,0.0012729399753057535,-0.016705850575810643,0.75,30.0,0.5,j2_a_then_b,soft
trusted_marginals,49,2.0,weighted_geometric,0.0881275669414479,1.4949924649838535,0.68523008544522,0.043702994772195,0.021809226258510464,0.0019251062577154358,0.0012729399753057535,-0.016705850575810643,0.75,30.0,0.5,j2_a_then_b,soft
trusted_marginals,49,2.0,hard_core,0.0881275669414479,1.4946515269934217,0.6842396348026689,0.024943314533043097,2.617055876885926e-14,0.003163017570755744,0.0009320019848739758,-0.01704678856624242,0.75,30.0,0.5,j2_a_then_b,soft
trusted_marginals,49,2.0,adaptive_soft,0.0881275669414479,1.4923349211205328,0.6839436767533691,0.027225948008601817,0.0011455671120992345,0.003217105598440966,-0.0013846038880149791,-0.019363394439131376,0.75,30.0,0.5,j2_a_then_b,soft
trusted_marginals,49,2.0,selective_core,0.0881275669414479,1.4923349211205328,0.6839436767533691,0.027225948008601817,0.0011455671120992345,0.003217105598440966,-0.0013846038880149791,-0.019363394439131376,0.75,30.0,0.5,j2_a_then_b,soft
corrupted_marginals,0,2.0,j1,0.14956710259120537,1.4869573331273886,0.6853722075833684,0.10495530031119278,0.056818395253156906,0.010035807967816184,0.004336571033535241,0.0,0.5,0.01,0.5,j1_b_then_a,geometric
corrupted_marginals,0,2.0,j2,0.14956710259120537,1.4826207620938534,0.6817895613877402,0.10413396326249157,0.05799377838119042,0.010035807967816184,0.0,-0.004336571033535241,0.5,0.01,0.5,j1_b_then_a,geometric
corrupted_marginals,0,2.0,selected_order,0.14956710259120537,1.4869573331273886,0.6853722075833684,0.10495530031119278,0.056818395253156906,0.010035807967816184,0.004336571033535241,0.0,0.5,0.01,0.5,j1_b_then_a,geometric
corrupted_marginals,0,2.0,independent,0.14956710259120537,1.7523334719860222,0.7351439726112245,0.2897033791824897,3.990015952457394e-17,0.07326121844547302,0.2697127098921688,0.26537613885863354,0.5,0.01,0.5,j1_b_then_a,geometric
corrupted_marginals,0,2.0,arithmetic,0.14956710259120537,1.4635163802375706,0.6754696158109548,0.07718557226487027,0.05740608681717365,0.00511771866127504,-0.019104381856282826,-0.023440952889818067,0.5,0.01,0.5,j1_b_then_a,geometric
corrupted_marginals,0,2.0,geometric,0.14956710259120537,1.4640617597863388,0.6753261934058786,0.07852801517976818,0.05701105542186841,0.0051259597671811045,-0.018559002307514616,-0.022895573341049857,0.5,0.01,0.5,j1_b_then_a,geometric
corrupted_marginals,0,2.0,weighted_geometric,0.14956710259120537,1.4640617597863388,0.6753261934058786,0.07852801517976818,0.05701105542186841,0.0051259597671811045,-0.018559002307514616,-0.022895573341049857,0.5,0.01,0.5,j1_b_then_a,geometric
corrupted_marginals,0,2.0,hard_core,0.14956710259120537,1.5338992644499194,0.6897790076890502,0.15913618728726125,1.0308445786193709e-13,0.018366403705153963,0.051278502356066014,0.04694193132253077,0.5,0.01,0.5,j1_b_then_a,geometric
corrupted_marginals,0,2.0,adaptive_soft,0.14956710259120537,1.4642619123761464,0.6753879736192265,0.07901301501038156,0.05669681431686452,0.005127309732258037,-0.01835884971770696,-0.0226954207512422,0.5,0.01,0.5,j1_b_then_a,geometric
corrupted_marginals,0,2.0,selective_core,0.14956710259120537,1.4640617597863388,0.6753261934058786,0.07852801517976818,0.05701105542186841,0.0051259597671811045,-0.018559002307514616,-0.022895573341049857,0.5,0.01,0.5,j1_b_then_a,geometric
corrupted_marginals,1,2.0,j1,0.15057581499543762,1.488140798870385,0.6953349753858067,0.09406837004116028,0.05793988380180556,0.010076580632605638,0.0,0.0,0.75,0.01,0.75,j1_b_then_a,arithmetic
corrupted_marginals,1,2.0,j2,0.15057581499543762,1.4970264474334398,0.6953023293752563,0.11098492396246261,0.04693591169468669,0.010076580632605638,0.008885648563054849,0.008885648563054849,0.75,0.01,0.75,j1_b_then_a,arithmetic
corrupted_marginals,1,2.0,selected_order,0.15057581499543762,1.488140798870385,0.6953349753858067,0.09406837004116028,0.05793988380180556,0.010076580632605638,0.0,0.0,0.75,0.01,0.75,j1_b_then_a,arithmetic
corrupted_marginals,1,2.0,independent,0.15057581499543762,1.6262387829931506,0.731281546402482,0.21206961452445292,4.258584858449904e-17,0.036815106579980265,0.13809798412276564,0.13809798412276564,0.75,0.01,0.75,j1_b_then_a,arithmetic
corrupted_marginals,1,2.0,arithmetic,0.15057581499543762,1.4708744838202206,0.6872716305455258,0.07574097104589878,0.0524378977482461,0.005141584292647687,-0.017266315050164405,-0.017266315050164405,0.75,0.01,0.75,j1_b_then_a,arithmetic
corrupted_marginals,1,2.0,geometric,0.15057581499543762,1.471744056302734,0.6874995213668412,0.07637461108477257,0.05219983954290628,0.005151225767231405,-0.016396742567651,-0.016396742567651,0.75,0.01,0.75,j1_b_then_a,arithmetic
corrupted_marginals,1,2.0,weighted_geometric,0.15057581499543762,1.4746790203570146,0.689456402922502,0.07757068722171646,0.05502462288736779,0.006371175197702374,-0.013461778513370382,-0.013461778513370382,0.75,0.01,0.75,j1_b_then_a,arithmetic
corrupted_marginals,1,2.0,hard_core,0.15057581499543762,1.5327095613487909,0.7078835878272359,0.15282814900283018,3.8953922701953464e-14,0.01343721933664224,0.04456876247840591,0.04456876247840591,0.75,0.01,0.75,j1_b_then_a,arithmetic
corrupted_marginals,1,2.0,adaptive_soft,0.15057581499543762,1.4747952045061379,0.6894879026099116,0.07798181813470322,0.054595922967792976,0.006337869841924956,-0.013345594364247093,-0.013345594364247093,0.75,0.01,0.75,j1_b_then_a,arithmetic
corrupted_marginals,1,2.0,selective_core,0.15057581499543762,1.4708744838202206,0.6872716305455258,0.07574097104589878,0.0524378977482461,0.005141584292647687,-0.017266315050164405,-0.017266315050164405,0.75,0.01,0.75,j1_b_then_a,arithmetic
corrupted_marginals,2,2.0,j1,0.16197747618363845,1.5606109384235762,0.7245197490414532,0.11519718341852761,0.059698780301497764,0.011344168552884998,0.0,0.0,0.5,0.01,0.5,j1_b_then_a,arithmetic
corrupted_marginals,2,2.0,j2,0.16197747618363845,1.5703292578001007,0.7285140733771707,0.10863445536060926,0.06312182062889553,0.011344168552884998,0.009718319376524454,0.009718319376524454,0.5,0.01,0.5,j1_b_then_a,arithmetic
corrupted_marginals,2,2.0,selected_order,0.16197747618363845,1.5606109384235762,0.7245197490414532,0.11519718341852761,0.059698780301497764,0.011344168552884998,0.0,0.0,0.5,0.01,0.5,j1_b_then_a,arithmetic
corrupted_marginals,2,2.0,independent,0.16197747618363845,1.8041954136708982,0.7789097466357023,0.2728894237435726,4.300488255976932e-17,0.06345984349420795,0.24358447524732196,0.24358447524732196,0.5,0.01,0.5,j1_b_then_a,arithmetic
corrupted_marginals,2,2.0,arithmetic,0.16197747618363845,1.5413049177174611,0.7176111903032482,0.08019554854050995,0.061410300465196625,0.005791271738398544,-0.01930602070611509,-0.01930602070611509,0.5,0.01,0.5,j1_b_then_a,arithmetic
corrupted_marginals,2,2.0,geometric,0.16197747618363845,1.54195767085755,0.717744056754269,0.08136526170142722,0.060853105088958956,0.005801312354755668,-0.018653267566026255,-0.018653267566026255,0.5,0.01,0.5,j1_b_then_a,arithmetic
corrupted_marginals,2,2.0,weighted_geometric,0.16197747618363845,1.54195767085755,0.717744056754269,0.08136526170142722,0.060853105088958956,0.005801312354755668,-0.018653267566026255,-0.018653267566026255,0.5,0.01,0.5,j1_b_then_a,arithmetic
corrupted_marginals,2,2.0,hard_core,0.16197747618363845,1.6407755305183973,0.7411612021921208,0.1688865633715285,6.721178898066506e-14,0.01892551268601829,0.08016459209482107,0.08016459209482107,0.5,0.01,0.5,j1_b_then_a,arithmetic
corrupted_marginals,2,2.0,adaptive_soft,0.16197747618363845,1.5422591180103344,0.7178393370130871,0.08193871321618222,0.06046435462219636,0.005802673006062707,-0.018351820413241793,-0.018351820413241793,0.5,0.01,0.5,j1_b_then_a,arithmetic
corrupted_marginals,2,2.0,selective_core,0.16197747618363845,1.5413049177174611,0.7176111903032482,0.08019554854050995,0.061410300465196625,0.005791271738398544,-0.01930602070611509,-0.01930602070611509,0.5,0.01,0.5,j1_b_then_a,arithmetic
corrupted_marginals,3,2.0,j1,0.15033255353391892,1.4572768079741696,0.6739208205385846,0.09961749713607715,0.054590671261239974,0.010140396484983686,0.016481344058936198,0.0,0.75,0.01,0.75,j1_b_then_a,geometric
corrupted_marginals,3,2.0,j2,0.15033255353391892,1.4407954639152334,0.6746676972265534,0.10662691382229215,0.04996613370877002,0.010140396484983686,0.0,-0.016481344058936198,0.75,0.01,0.75,j1_b_then_a,geometric
corrupted_marginals,3,2.0,selected_order,0.15033255353391892,1.4572768079741696,0.6739208205385846,0.09961749713607715,0.054590671261239974,0.010140396484983686,0.016481344058936198,0.0,0.75,0.01,0.75,j1_b_then_a,geometric
corrupted_marginals,3,2.0,independent,0.15033255353391892,1.5560106469819452,0.6997927741100305,0.20570049694658887,4.63794177759172e-17,0.03325775711149312,0.11521518306671186,0.09873383900777566,0.75,0.01,0.75,j1_b_then_a,geometric
corrupted_marginals,3,2.0,arithmetic,0.15033255353391892,1.4293960224579436,0.6667084145804897,0.07673735409269322,0.052278402485004975,0.005171038529267815,-0.011399441457289772,-0.02788078551622597,0.75,0.01,0.75,j1_b_then_a,geometric
corrupted_marginals,3,2.0,geometric,0.15033255353391892,1.428090758609654,0.6662397978892024,0.07739777472791508,0.05188322791890202,0.005179504677046103,-0.012704705305579322,-0.02918604936451552,0.75,0.01,0.75,j1_b_then_a,geometric
corrupted_marginals,3,2.0,weighted_geometric,0.15033255353391892,1.437433607324642,0.6680299559455309,0.08184361608992015,0.05315365258676867,0.006421834256306437,-0.0033618565905912945,-0.019843200649527493,0.75,0.01,0.75,j1_b_then_a,geometric
corrupted_marginals,3,2.0,hard_core,0.15033255353391892,1.4856522084060215,0.6846939196181977,0.15191746275990256,1.0227432279980713e-13,0.012831392975728122,0.044856744490788136,0.028375400431851938,0.75,0.01,0.75,j1_b_then_a,geometric
corrupted_marginals,3,2.0,adaptive_soft,0.15033255353391892,1.437488238918815,0.668073014827474,0.08226265785438885,0.05272502213078938,0.006392904634676319,-0.0033072249964183342,-0.019788569055354532,0.75,0.01,0.75,j1_b_then_a,geometric
corrupted_marginals,3,2.0,selective_core,0.15033255353391892,1.437433607324642,0.6680299559455309,0.08184361608992015,0.05315365258676867,0.006421834256306437,-0.0033618565905912945,-0.019843200649527493,0.75,0.01,0.75,j1_b_then_a,geometric
corrupted_marginals,4,2.0,j1,0.14931743151124552,1.4824093942200447,0.6981750766093757,0.09644552798852533,0.05633044004933421,0.00994788339990766,0.0,0.0,0.5,0.01,0.5,j1_b_then_a,geometric
corrupted_marginals,4,2.0,j2,0.14931743151124552,1.491434777331634,0.7016600177620992,0.10729108722297814,0.05019565562475176,0.00994788339990766,0.009025383111589402,0.009025383111589402,0.5,0.01,0.5,j1_b_then_a,geometric
corrupted_marginals,4,2.0,selected_order,0.14931743151124552,1.4824093942200447,0.6981750766093757,0.09644552798852533,0.05633044004933421,0.00994788339990766,0.0,0.0,0.5,0.01,0.5,j1_b_then_a,geometric
corrupted_marginals,4,2.0,independent,0.14931743151124552,1.6307744822292427,0.7324209032904634,0.22411317687756002,4.0457085381459536e-17,0.04297147478991374,0.148365088009198,0.148365088009198,0.5,0.01,0.5,j1_b_then_a,geometric
corrupted_marginals,4,2.0,arithmetic,0.14931743151124552,1.4669923627121764,0.6916794500019637,0.07532618231150474,0.053263047837042964,0.0050717716931516265,-0.015417031507868328,-0.015417031507868328,0.5,0.01,0.5,j1_b_then_a,geometric
corrupted_marginals,4,2.0,geometric,0.14931743151124552,1.4663505670502945,0.6914520038101241,0.07641866979247544,0.05273163192431543,0.005079456172376198,-0.016058827169750156,-0.016058827169750156,0.5,0.01,0.5,j1_b_then_a,geometric
corrupted_marginals,4,2.0,weighted_geometric,0.14931743151124552,1.4663505670502945,0.6914520038101241,0.07641866979247544,0.05273163192431543,0.005079456172376198,-0.016058827169750156,-0.016058827169750156,0.5,0.01,0.5,j1_b_then_a,geometric
corrupted_marginals,4,2.0,hard_core,0.14931743151124552,1.5366237856834883,0.7101318357790631,0.15320633821054616,5.215501002335033e-14,0.01461606878545325,0.054214391463443645,0.054214391463443645,0.5,0.01,0.5,j1_b_then_a,geometric
corrupted_marginals,4,2.0,adaptive_soft,0.14931743151124552,1.4665734120700904,0.6915333552273404,0.07698755625746267,0.052352148800717306,0.0050807424224686105,-0.015835982149954297,-0.015835982149954297,0.5,0.01,0.5,j1_b_then_a,geometric
corrupted_marginals,4,2.0,selective_core,0.14931743151124552,1.4663505670502945,0.6914520038101241,0.07641866979247544,0.05273163192431543,0.005079456172376198,-0.016058827169750156,-0.016058827169750156,0.5,0.01,0.5,j1_b_then_a,geometric
corrupted_marginals,5,2.0,j1,0.15617679343902444,1.4422923100670468,0.6840246205266279,0.10109118556909621,0.06021300323486243,0.010539392484381988,0.0,0.0,0.5,0.01,0.5,j1_b_then_a,arithmetic
corrupted_marginals,5,2.0,j2,0.15617679343902444,1.4888034992400137,0.7035709027322486,0.1126485400901344,0.0533067766925281,0.010539392484381988,0.046511189172966816,0.046511189172966816,0.5,0.01,0.5,j1_b_then_a,arithmetic
corrupted_marginals,5,2.0,selected_order,0.15617679343902444,1.4422923100670468,0.6840246205266279,0.10109118556909621,0.06021300323486243,0.010539392484381988,0.0,0.0,0.5,0.01,0.5,j1_b_then_a,arithmetic
corrupted_marginals,5,2.0,independent,0.15617679343902444,1.6853840198060623,0.7458562520400476,0.24628037391468272,4.1068887326624185e-17,0.05275476780710319,0.2430917097390155,0.2430917097390155,0.5,0.01,0.5,j1_b_then_a,arithmetic
corrupted_marginals,5,2.0,arithmetic,0.15617679343902444,1.444274435400067,0.6853129234473934,0.07800078244516956,0.056759889963695236,0.0053743979914548205,0.0019821253330201127,0.0019821253330201127,0.5,0.01,0.5,j1_b_then_a,arithmetic
corrupted_marginals,5,2.0,geometric,0.15617679343902444,1.443741538618981,0.6854756349367994,0.07864629345382448,0.056464243798418405,0.005382798360797169,0.0014492285519340786,0.0014492285519340786,0.5,0.01,0.5,j1_b_then_a,arithmetic
corrupted_marginals,5,2.0,weighted_geometric,0.15617679343902444,1.443741538618981,0.6854756349367994,0.07864629345382448,0.056464243798418405,0.005382798360797169,0.0014492285519340786,0.0014492285519340786,0.5,0.01,0.5,j1_b_then_a,arithmetic
corrupted_marginals,5,2.0,hard_core,0.15617679343902444,1.5378997819248816,0.7122621047765499,0.1612756508757177,5.318843159910115e-14,0.016565478073986225,0.0956074718578348,0.0956074718578348,0.5,0.01,0.5,j1_b_then_a,arithmetic
corrupted_marginals,5,2.0,adaptive_soft,0.15617679343902444,1.4441016566302676,0.6856161833397265,0.07922388407025231,0.0560774590744534,0.005383838980299798,0.0018093465632207373,0.0018093465632207373,0.5,0.01,0.5,j1_b_then_a,arithmetic
corrupted_marginals,5,2.0,selective_core,0.15617679343902444,1.444274435400067,0.6853129234473934,0.07800078244516956,0.056759889963695236,0.0053743979914548205,0.0019821253330201127,0.0019821253330201127,0.5,0.01,0.5,j1_b_then_a,arithmetic
corrupted_marginals,6,2.0,j1,0.1527729041894526,1.493679456832511,0.7028456594016527,0.09927667366876587,0.05759895580968886,0.010109405611183536,0.0,0.0,0.5,0.01,0.5,j1_b_then_a,geometric
corrupted_marginals,6,2.0,j2,0.1527729041894526,1.5178814506639147,0.7151307609633077,0.10999876319037608,0.05031862386320864,0.010109405611183536,0.024201993831403756,0.024201993831403756,0.5,0.01,0.5,j1_b_then_a,geometric
corrupted_marginals,6,2.0,selected_order,0.1527729041894526,1.493679456832511,0.7028456594016527,0.09927667366876587,0.05759895580968886,0.010109405611183536,0.0,0.0,0.5,0.01,0.5,j1_b_then_a,geometric
corrupted_marginals,6,2.0,independent,0.1527729041894526,1.6636158893179673,0.7468037568771113,0.21770992636798928,3.642644183250027e-17,0.03739719121479638,0.16993643248545642,0.16993643248545642,0.5,0.01,0.5,j1_b_then_a,geometric
corrupted_marginals,6,2.0,arithmetic,0.1527729041894526,1.483608887339166,0.7008505816997153,0.07650240272601934,0.05395878983644873,0.005151026964883277,-0.01007056949334495,-0.01007056949334495,0.5,0.01,0.5,j1_b_then_a,geometric
corrupted_marginals,6,2.0,geometric,0.1527729041894526,1.4849051819391774,0.7018412568039216,0.07743203065434393,0.05356990260783841,0.005159163359805169,-0.008774274893333489,-0.008774274893333489,0.5,0.01,0.5,j1_b_then_a,geometric
corrupted_marginals,6,2.0,weighted_geometric,0.1527729041894526,1.4849051819391774,0.7018412568039216,0.07743203065434393,0.05356990260783841,0.005159163359805169,-0.008774274893333489,-0.008774274893333489,0.5,0.01,0.5,j1_b_then_a,geometric
corrupted_marginals,6,2.0,hard_core,0.1527729041894526,1.5610002492273465,0.7244248936009808,0.15473545431417193,2.898930076956056e-14,0.013334942127504102,0.06732079239483557,0.06732079239483557,0.5,0.01,0.5,j1_b_then_a,geometric
corrupted_marginals,6,2.0,adaptive_soft,0.1527729041894526,1.4852724459238384,0.7019749355906557,0.07804094883663473,0.053153725198142966,0.005160396845643674,-0.008407010908672463,-0.008407010908672463,0.5,0.01,0.5,j1_b_then_a,geometric
corrupted_marginals,6,2.0,selective_core,0.1527729041894526,1.4849051819391774,0.7018412568039216,0.07743203065434393,0.05356990260783841,0.005159163359805169,-0.008774274893333489,-0.008774274893333489,0.5,0.01,0.5,j1_b_then_a,geometric
corrupted_marginals,7,2.0,j1,0.15768849260059034,1.5475810034081874,0.7063844731023069,0.1050181539080772,0.06002362132955355,0.010822770978020963,0.022582210828370863,0.0,0.5,0.01,0.5,j1_b_then_a,arithmetic
corrupted_marginals,7,2.0,j2,0.15768849260059034,1.5249987925798165,0.7030724856454391,0.11103794626530208,0.055631012657158016,0.010822770978020963,0.0,-0.022582210828370863,0.5,0.01,0.5,j1_b_then_a,arithmetic
corrupted_marginals,7,2.0,selected_order,0.15768849260059034,1.5475810034081874,0.7063844731023069,0.1050181539080772,0.06002362132955355,0.010822770978020963,0.022582210828370863,0.0,0.5,0.01,0.5,j1_b_then_a,arithmetic
corrupted_marginals,7,2.0,independent,0.15768849260059034,1.6960845510994162,0.7431883072916416,0.25327197094186854,4.4351919055787837e-17,0.05233340999259619,0.17108575851959973,0.14850354769122887,0.5,0.01,0.5,j1_b_then_a,arithmetic
corrupted_marginals,7,2.0,arithmetic,0.15768849260059034,1.5151853226806442,0.69612874456374,0.07875445564977547,0.057827316993355755,0.005524533909865301,-0.009813469899172311,-0.032395680727543175,0.5,0.01,0.5,j1_b_then_a,arithmetic
corrupted_marginals,7,2.0,geometric,0.15768849260059034,1.5138782299651221,0.6957820337209831,0.0793895274763522,0.05748338924989362,0.005534888948531424,-0.011120562614694407,-0.03370277344306527,0.5,0.01,0.5,j1_b_then_a,arithmetic
corrupted_marginals,7,2.0,weighted_geometric,0.15768849260059034,1.5138782299651221,0.6957820337209831,0.0793895274763522,0.05748338924989362,0.005534888948531424,-0.011120562614694407,-0.03370277344306527,0.5,0.01,0.5,j1_b_then_a,arithmetic
corrupted_marginals,7,2.0,hard_core,0.15768849260059034,1.604583656567129,0.7221582297642601,0.16229192077367668,1.9735658772371613e-14,0.016359877272831384,0.07958486398731246,0.057002653158941596,0.5,0.01,0.5,j1_b_then_a,arithmetic
corrupted_marginals,7,2.0,adaptive_soft,0.15768849260059034,1.514218095327667,0.6959121130010759,0.07996604348701183,0.05709388084683057,0.005536101184342937,-0.010780697252149585,-0.03336290808052045,0.5,0.01,0.5,j1_b_then_a,arithmetic
corrupted_marginals,7,2.0,selective_core,0.15768849260059034,1.5151853226806442,0.69612874456374,0.07875445564977547,0.057827316993355755,0.005524533909865301,-0.009813469899172311,-0.032395680727543175,0.5,0.01,0.5,j1_b_then_a,arithmetic
corrupted_marginals,8,2.0,j1,0.1651038811229963,1.5557374550122687,0.7306709821659648,0.11343617036190233,0.06602680995558659,0.011464505357517961,0.007032754875014868,0.007032754875014868,0.5,0.01,0.5,j2_a_then_b,arithmetic
corrupted_marginals,8,2.0,j2,0.1651038811229963,1.5487047001372538,0.7252931499885503,0.11848060894324698,0.06392638039369483,0.011464505357517961,0.0,0.0,0.5,0.01,0.5,j2_a_then_b,arithmetic
corrupted_marginals,8,2.0,selected_order,0.1651038811229963,1.5487047001372538,0.7252931499885503,0.11848060894324698,0.06392638039369483,0.011464505357517961,0.0,0.0,0.5,0.01,0.5,j2_a_then_b,arithmetic
corrupted_marginals,8,2.0,independent,0.1651038811229963,1.893278160168654,0.7955733915653479,0.33767587729351317,3.8401737912090343e-17,0.08957684911497386,0.3445734600314001,0.3445734600314001,0.5,0.01,0.5,j2_a_then_b,arithmetic
corrupted_marginals,8,2.0,arithmetic,0.1651038811229963,1.5272517820501192,0.7181354790225783,0.0854988259889272,0.06497659517464069,0.00584642714741305,-0.021452918087134565,-0.021452918087134565,0.5,0.01,0.5,j2_a_then_b,arithmetic
corrupted_marginals,8,2.0,geometric,0.1651038811229963,1.5284782049822287,0.718805246677136,0.08688792257935415,0.06455889323370033,0.005855162347003285,-0.02022649515502506,-0.02022649515502506,0.5,0.01,0.5,j2_a_then_b,arithmetic
corrupted_marginals,8,2.0,weighted_geometric,0.1651038811229963,1.5284782049822287,0.718805246677136,0.08688792257935415,0.06455889323370033,0.005855162347003285,-0.02022649515502506,-0.02022649515502506,0.5,0.01,0.5,j2_a_then_b,arithmetic
corrupted_marginals,8,2.0,hard_core,0.1651038811229963,1.627686571957574,0.7425515305712187,0.18026511814852803,2.295149937243696e-14,0.022751529850419012,0.07898187182032013,0.07898187182032013,0.5,0.01,0.5,j2_a_then_b,arithmetic
corrupted_marginals,8,2.0,adaptive_soft,0.1651038811229963,1.5287445433391627,0.7189129014548719,0.08740626317709989,0.06423760252596446,0.005856636239940764,-0.019960156798091155,-0.019960156798091155,0.5,0.01,0.5,j2_a_then_b,arithmetic
corrupted_marginals,8,2.0,selective_core,0.1651038811229963,1.5272517820501192,0.7181354790225783,0.0854988259889272,0.06497659517464069,0.00584642714741305,-0.021452918087134565,-0.021452918087134565,0.5,0.01,0.5,j2_a_then_b,arithmetic
corrupted_marginals,9,2.0,j1,0.14909528769281458,1.444838528461902,0.6727896761640809,0.0974616105594196,0.05585452908940217,0.009879626364773053,0.0,0.0,0.5,0.01,0.5,j1_b_then_a,arithmetic
corrupted_marginals,9,2.0,j2,0.14909528769281458,1.4522215329933912,0.6770725425087298,0.10667342744558075,0.05058722412247582,0.009879626364773053,0.007383004531489101,0.007383004531489101,0.5,0.01,0.5,j1_b_then_a,arithmetic
corrupted_marginals,9,2.0,selected_order,0.14909528769281458,1.444838528461902,0.6727896761640809,0.0974616105594196,0.05585452908940217,0.009879626364773053,0.0,0.0,0.5,0.01,0.5,j1_b_then_a,arithmetic
corrupted_marginals,9,2.0,independent,0.14909528769281458,1.6011318322128585,0.7163741189845132,0.22393195917242667,4.723346097960121e-17,0.04283027542013528,0.1562933037509564,0.1562933037509564,0.5,0.01,0.5,j1_b_then_a,arithmetic
corrupted_marginals,9,2.0,arithmetic,0.14909528769281458,1.4278797881904137,0.6667646866132338,0.07564852852434949,0.053220876605938966,0.00503899139920652,-0.01695874027148836,-0.01695874027148836,0.5,0.01,0.5,j1_b_then_a,arithmetic
corrupted_marginals,9,2.0,geometric,0.14909528769281458,1.4281183691711261,0.666983425493922,0.07667705959084656,0.052695648958352506,0.005047596961693489,-0.01672015929077597,-0.01672015929077597,0.5,0.01,0.5,j1_b_then_a,arithmetic
corrupted_marginals,9,2.0,weighted_geometric,0.14909528769281458,1.4281183691711261,0.666983425493922,0.07667705959084656,0.052695648958352506,0.005047596961693489,-0.01672015929077597,-0.01672015929077597,0.5,0.01,0.5,j1_b_then_a,arithmetic
corrupted_marginals,9,2.0,hard_core,0.14909528769281458,1.5297398817321688,0.6958065453862976,0.15292887144370645,1.5575562611609014e-13,0.014506132637282832,0.08490135327026671,0.08490135327026671,0.5,0.01,0.5,j1_b_then_a,arithmetic
corrupted_marginals,9,2.0,adaptive_soft,0.14909528769281458,1.4285836051598448,0.6671563472706111,0.07724318401370965,0.052319259966430894,0.005049145965319929,-0.016254923302057245,-0.016254923302057245,0.5,0.01,0.5,j1_b_then_a,arithmetic
corrupted_marginals,9,2.0,selective_core,0.14909528769281458,1.4278797881904137,0.6667646866132338,0.07564852852434949,0.053220876605938966,0.00503899139920652,-0.01695874027148836,-0.01695874027148836,0.5,0.01,0.5,j1_b_then_a,arithmetic
corrupted_marginals,10,2.0,j1,0.1504532831878131,1.414681365307226,0.6691957522167097,0.10507283554186272,0.056566939520500625,0.010105709421795091,0.013570557658386884,0.0,0.5,0.01,0.5,j1_b_then_a,arithmetic
corrupted_marginals,10,2.0,j2,0.1504532831878131,1.4011108076488392,0.6687595884708118,0.09992703725373896,0.05885014328326888,0.010105709421795091,0.0,-0.013570557658386884,0.5,0.01,0.5,j1_b_then_a,arithmetic
corrupted_marginals,10,2.0,selected_order,0.1504532831878131,1.414681365307226,0.6691957522167097,0.10507283554186272,0.056566939520500625,0.010105709421795091,0.013570557658386884,0.0,0.5,0.01,0.5,j1_b_then_a,arithmetic
corrupted_marginals,10,2.0,independent,0.1504532831878131,1.6793545606002764,0.7305810025512625,0.26658637494302706,4.327881809710905e-17,0.06415253230428175,0.2782437529514372,0.26467319529305033,0.5,0.01,0.5,j1_b_then_a,arithmetic
corrupted_marginals,10,2.0,arithmetic,0.1504532831878131,1.3852507293229561,0.6603307006226548,0.0747271873740996,0.05770854140188472,0.005153985908051811,-0.015860078325883098,-0.02943063598426998,0.5,0.01,0.5,j1_b_then_a,arithmetic
corrupted_marginals,10,2.0,geometric,0.1504532831878131,1.3870119572243664,0.6610097427533169,0.075813949150001,0.057336199440914795,0.005162651099803973,-0.014098850424472786,-0.02766940808285967,0.5,0.01,0.5,j1_b_then_a,arithmetic
corrupted_marginals,10,2.0,weighted_geometric,0.1504532831878131,1.3870119572243664,0.6610097427533169,0.075813949150001,0.057336199440914795,0.005162651099803973,-0.014098850424472786,-0.02766940808285967,0.5,0.01,0.5,j1_b_then_a,arithmetic
corrupted_marginals,10,2.0,hard_core,0.1504532831878131,1.4828226771567152,0.6853670865469157,0.15673569116599934,8.490994258207986e-14,0.01905273082329567,0.08171186950787601,0.06814131184948913,0.5,0.01,0.5,j1_b_then_a,arithmetic
corrupted_marginals,10,2.0,adaptive_soft,0.1504532831878131,1.3873298659203237,0.6611204665760775,0.07631196008267083,0.057009407182370124,0.005163813224165718,-0.013780941728515517,-0.0273514993869024,0.5,0.01,0.5,j1_b_then_a,arithmetic
corrupted_marginals,10,2.0,selective_core,0.1504532831878131,1.3852507293229561,0.6603307006226548,0.0747271873740996,0.05770854140188472,0.005153985908051811,-0.015860078325883098,-0.02943063598426998,0.5,0.01,0.5,j1_b_then_a,arithmetic
corrupted_marginals,11,2.0,j1,0.14024294058310693,1.40953786470729,0.656835199524824,0.08042795395426978,0.05297382696944274,0.009076948516404637,0.0,0.0,0.75,0.01,0.75,j1_b_then_a,geometric
corrupted_marginals,11,2.0,j2,0.14024294058310693,1.427335296361427,0.6664622093795122,0.104726226999814,0.03858908907446474,0.009076948516404637,0.01779743165413694,0.01779743165413694,0.75,0.01,0.75,j1_b_then_a,geometric
corrupted_marginals,11,2.0,selected_order,0.14024294058310693,1.40953786470729,0.656835199524824,0.08042795395426978,0.05297382696944274,0.009076948516404637,0.0,0.0,0.75,0.01,0.75,j1_b_then_a,geometric
corrupted_marginals,11,2.0,independent,0.14024294058310693,1.4874832622963372,0.6828338467978516,0.16397013455597553,4.49716786637337e-17,0.019788783388614607,0.07794539758904717,0.07794539758904717,0.75,0.01,0.75,j1_b_then_a,geometric
corrupted_marginals,11,2.0,arithmetic,0.14024294058310693,1.398857738116657,0.6545773948919522,0.06925379718219057,0.045781458021953714,0.004626726103618738,-0.01068012659063311,-0.01068012659063311,0.75,0.01,0.75,j1_b_then_a,geometric
corrupted_marginals,11,2.0,geometric,0.14024294058310693,1.3997238665412517,0.6545107755643552,0.06959551959299856,0.04556973428830189,0.00463464814335631,-0.00981399816603834,-0.00981399816603834,0.75,0.01,0.75,j1_b_then_a,geometric
corrupted_marginals,11,2.0,weighted_geometric,0.14024294058310693,1.3999347643093105,0.6538305172014464,0.0678684703335492,0.04924703022652923,0.0057445357149340385,-0.009603100397979514,-0.009603100397979514,0.75,0.01,0.75,j1_b_then_a,geometric
corrupted_marginals,11,2.0,hard_core,0.14024294058310693,1.4563837971416755,0.6776036702099111,0.13886096760473887,4.8747861080894115e-14,0.010198814563431644,0.04684593243438551,0.04684593243438551,0.75,0.01,0.75,j1_b_then_a,geometric
corrupted_marginals,11,2.0,adaptive_soft,0.14024294058310693,1.4001830708504184,0.6539422825063855,0.06834383181616949,0.04880383526823453,0.0057152542691192194,-0.009354793856871657,-0.009354793856871657,0.75,0.01,0.75,j1_b_then_a,geometric
corrupted_marginals,11,2.0,selective_core,0.14024294058310693,1.3999347643093105,0.6538305172014464,0.0678684703335492,0.04924703022652923,0.0057445357149340385,-0.009603100397979514,-0.009603100397979514,0.75,0.01,0.75,j1_b_then_a,geometric
corrupted_marginals,12,2.0,j1,0.16185384031478514,1.566018535668741,0.7238100303472215,0.11029544290811392,0.06158315193080068,0.011222614723997703,0.0,-0.0011167758318662013,0.5,0.01,0.5,j2_a_then_b,arithmetic
corrupted_marginals,12,2.0,j2,0.16185384031478514,1.5671353115006073,0.7166633604973704,0.11338063272570856,0.060584604534307814,0.011222614723997703,0.0011167758318662013,0.0,0.5,0.01,0.5,j2_a_then_b,arithmetic
corrupted_marginals,12,2.0,selected_order,0.16185384031478514,1.5671353115006073,0.7166633604973704,0.11338063272570856,0.060584604534307814,0.011222614723997703,0.0011167758318662013,0.0,0.5,0.01,0.5,j2_a_then_b,arithmetic
corrupted_marginals,12,2.0,independent,0.16185384031478514,1.8030004725451427,0.7732855464996271,0.2859692895284035,4.3563211103215573e-17,0.06754280475896104,0.23698193687640168,0.23586516104453548,0.5,0.01,0.5,j2_a_then_b,arithmetic
corrupted_marginals,12,2.0,arithmetic,0.16185384031478514,1.5429697999928251,0.7111753578198037,0.0811248637629815,0.06108387823255423,0.005727451676902586,-0.02304873567591592,-0.024165511507782123,0.5,0.01,0.5,j2_a_then_b,arithmetic
corrupted_marginals,12,2.0,geometric,0.16185384031478514,1.543327239168121,0.7111513460644355,0.08188548338577001,0.060895352364639874,0.005737741269368758,-0.022691296500620073,-0.023808072332486274,0.5,0.01,0.5,j2_a_then_b,arithmetic
corrupted_marginals,12,2.0,weighted_geometric,0.16185384031478514,1.543327239168121,0.7111513460644355,0.08188548338577001,0.060895352364639874,0.005737741269368758,-0.022691296500620073,-0.023808072332486274,0.5,0.01,0.5,j2_a_then_b,arithmetic
corrupted_marginals,12,2.0,hard_core,0.16185384031478514,1.6423101840581853,0.7334346524930802,0.16937559922105203,1.270153126505148e-13,0.019380624945028124,0.07629164838944424,0.07517487255757804,0.5,0.01,0.5,j2_a_then_b,arithmetic
corrupted_marginals,12,2.0,adaptive_soft,0.16185384031478514,1.5436237039478884,0.7112576143283305,0.08243116284943597,0.060531239708855974,0.005738900577689923,-0.02239483172085266,-0.02351160755271886,0.5,0.01,0.5,j2_a_then_b,arithmetic
corrupted_marginals,12,2.0,selective_core,0.16185384031478514,1.5429697999928251,0.7111753578198037,0.0811248637629815,0.06108387823255423,0.005727451676902586,-0.02304873567591592,-0.024165511507782123,0.5,0.01,0.5,j2_a_then_b,arithmetic
corrupted_marginals,13,2.0,j1,0.1558771729962397,1.4892354241046946,0.6949582082010145,0.10854285796508706,0.060082865631209174,0.010564341020838175,0.0,0.0,0.75,0.01,0.75,j1_b_then_a,geometric
corrupted_marginals,13,2.0,j2,0.1558771729962397,1.4927496259178108,0.6954250590637105,0.10807401409030683,0.05927771800315699,0.010564341020838175,0.0035142018131162356,0.0035142018131162356,0.75,0.01,0.75,j1_b_then_a,geometric
corrupted_marginals,13,2.0,selected_order,0.1558771729962397,1.4892354241046946,0.6949582082010145,0.10854285796508706,0.060082865631209174,0.010564341020838175,0.0,0.0,0.75,0.01,0.75,j1_b_then_a,geometric
corrupted_marginals,13,2.0,independent,0.1558771729962397,1.7238418641414457,0.7496048432808962,0.28654963259448696,4.136049684168308e-17,0.0705422652177539,0.23460644003675113,0.23460644003675113,0.75,0.01,0.75,j1_b_then_a,geometric
corrupted_marginals,13,2.0,arithmetic,0.1558771729962397,1.4695060138337377,0.686074408809504,0.07829591758187114,0.05968029181718306,0.005392585764520613,-0.01972941027095687,-0.01972941027095687,0.75,0.01,0.75,j1_b_then_a,geometric
corrupted_marginals,13,2.0,geometric,0.1558771729962397,1.4691217675189532,0.6861393145466099,0.07903263093285318,0.059433970304854755,0.005403205520038259,-0.02011365658574138,-0.02011365658574138,0.75,0.01,0.75,j1_b_then_a,geometric
corrupted_marginals,13,2.0,weighted_geometric,0.1558771729962397,1.4737501205426806,0.6883776151590028,0.08701933546516848,0.05971115912749936,0.006715586161099088,-0.015485303562013941,-0.015485303562013941,0.75,0.01,0.75,j1_b_then_a,geometric
corrupted_marginals,13,2.0,hard_core,0.1558771729962397,1.5756778934524573,0.7110855014579941,0.16345419446466714,1.0472459105958196e-13,0.01996700539063786,0.08644246934776278,0.08644246934776278,0.75,0.01,0.75,j1_b_then_a,geometric
corrupted_marginals,13,2.0,adaptive_soft,0.1558771729962397,1.473929996461391,0.6884177539899793,0.08724435450181778,0.05937618224233688,0.0066823973104015565,-0.01530542764330356,-0.01530542764330356,0.75,0.01,0.75,j1_b_then_a,geometric
corrupted_marginals,13,2.0,selective_core,0.1558771729962397,1.4737501205426806,0.6883776151590028,0.08701933546516848,0.05971115912749936,0.006715586161099088,-0.015485303562013941,-0.015485303562013941,0.75,0.01,0.75,j1_b_then_a,geometric
corrupted_marginals,14,2.0,j1,0.14279109782524146,1.4288506070088849,0.6696429793460316,0.0866339996677498,0.053934703667168425,0.00925724554659198,0.0,0.0,0.75,0.01,0.75,j1_b_then_a,geometric
corrupted_marginals,14,2.0,j2,0.14279109782524146,1.455678892499388,0.6766788031181802,0.10627611833045258,0.04143922181525751,0.00925724554659198,0.02682828549050309,0.02682828549050309,0.75,0.01,0.75,j1_b_then_a,geometric
corrupted_marginals,14,2.0,selected_order,0.14279109782524146,1.4288506070088849,0.6696429793460316,0.0866339996677498,0.053934703667168425,0.00925724554659198,0.0,0.0,0.75,0.01,0.75,j1_b_then_a,geometric
corrupted_marginals,14,2.0,independent,0.14279109782524146,1.517263595292323,0.6912650287450295,0.18077124767373748,3.756906217329201e-17,0.024383665378061223,0.08841298828343813,0.08841298828343813,0.75,0.01,0.75,j1_b_then_a,geometric
corrupted_marginals,14,2.0,arithmetic,0.14279109782524146,1.420982763007826,0.6661087554369085,0.0728563333952072,0.04768696274121295,0.004717781328672766,-0.007867844001058888,-0.007867844001058888,0.75,0.01,0.75,j1_b_then_a,geometric
corrupted_marginals,14,2.0,geometric,0.14279109782524146,1.4231854411990656,0.6668994528224493,0.07360123317647858,0.047290465680984925,0.00472567890336262,-0.005665165809819239,-0.005665165809819239,0.75,0.01,0.75,j1_b_then_a,geometric
corrupted_marginals,14,2.0,weighted_geometric,0.14279109782524146,1.4212135903406766,0.666671558110453,0.07298620529390351,0.05054899100809844,0.005852232167093133,-0.007637016668208263,-0.007637016668208263,0.75,0.01,0.75,j1_b_then_a,geometric
corrupted_marginals,14,2.0,hard_core,0.14279109782524146,1.4660120565264572,0.6809225510473337,0.14371323062795277,8.50825838006209e-14,0.010771267992771697,0.037161449517572276,0.037161449517572276,0.75,0.01,0.75,j1_b_then_a,geometric
corrupted_marginals,14,2.0,adaptive_soft,0.14279109782524146,1.4213627916442975,0.6667140099550636,0.07344460031477873,0.050104039628268926,0.005823098451312796,-0.007487815364587425,-0.007487815364587425,0.75,0.01,0.75,j1_b_then_a,geometric
corrupted_marginals,14,2.0,selective_core,0.14279109782524146,1.4212135903406766,0.666671558110453,0.07298620529390351,0.05054899100809844,0.005852232167093133,-0.007637016668208263,-0.007637016668208263,0.75,0.01,0.75,j1_b_then_a,geometric
corrupted_marginals,15,2.0,j1,0.14439655620499284,1.4261564741756616,0.6646881793997227,0.09865092635838049,0.05511741963945511,0.009408308223347287,0.008081558473575168,0.008081558473575168,0.5,0.01,0.5,j2_a_then_b,arithmetic
corrupted_marginals,15,2.0,j2,0.14439655620499284,1.4180749157020864,0.6636700410216672,0.1031795762982009,0.05202058018909527,0.009408308223347287,0.0,0.0,0.5,0.01,0.5,j2_a_then_b,arithmetic
corrupted_marginals,15,2.0,selected_order,0.14439655620499284,1.4180749157020864,0.6636700410216672,0.1031795762982009,0.05202058018909527,0.009408308223347287,0.0,0.0,0.5,0.01,0.5,j2_a_then_b,arithmetic
corrupted_marginals,15,2.0,independent,0.14439655620499284,1.664619283683231,0.7170636643574883,0.24888726253639765,3.88710331283848e-17,0.059074476338766564,0.24654436798114454,0.24654436798114454,0.5,0.01,0.5,j2_a_then_b,arithmetic
corrupted_marginals,15,2.0,arithmetic,0.14439655620499284,1.4011729235049626,0.656366817677815,0.07441940316703934,0.05356899991427517,0.004795337789309235,-0.01690199219712385,-0.01690199219712385,0.5,0.01,0.5,j2_a_then_b,arithmetic
corrupted_marginals,15,2.0,geometric,0.14439655620499284,1.4027032962180557,0.6568945711095676,0.07515181648661415,0.05321852311745434,0.004803270183196476,-0.015371619484030763,-0.015371619484030763,0.5,0.01,0.5,j2_a_then_b,arithmetic
corrupted_marginals,15,2.0,weighted_geometric,0.14439655620499284,1.4027032962180557,0.6568945711095676,0.07515181648661415,0.05321852311745434,0.004803270183196476,-0.015371619484030763,-0.015371619484030763,0.5,0.01,0.5,j2_a_then_b,arithmetic
corrupted_marginals,15,2.0,hard_core,0.14439655620499284,1.4850228743114449,0.680378593423606,0.15134448441902637,6.719060210828593e-14,0.016806206863845163,0.06694795860935843,0.06694795860935843,0.5,0.01,0.5,j2_a_then_b,arithmetic
corrupted_marginals,15,2.0,adaptive_soft,0.14439655620499284,1.4029550283634047,0.6570061242948718,0.07564990023979955,0.05287932454106383,0.0048043525396127785,-0.015119887338681748,-0.015119887338681748,0.5,0.01,0.5,j2_a_then_b,arithmetic
corrupted_marginals,15,2.0,selective_core,0.14439655620499284,1.4011729235049626,0.656366817677815,0.07441940316703934,0.05356899991427517,0.004795337789309235,-0.01690199219712385,-0.01690199219712385,0.5,0.01,0.5,j2_a_then_b,arithmetic
corrupted_marginals,16,2.0,j1,0.16718055145657093,1.6025644228149618,0.746989123947444,0.11926702367894733,0.06190433821416403,0.011815577643482292,0.0,-0.0011274126275255814,0.25,0.01,0.25,j2_a_then_b,geometric
corrupted_marginals,16,2.0,j2,0.16718055145657093,1.6036918354424874,0.7448929329056909,0.1130445163470102,0.06406064626425073,0.011815577643482292,0.0011274126275255814,0.0,0.25,0.01,0.25,j2_a_then_b,geometric
corrupted_marginals,16,2.0,selected_order,0.16718055145657093,1.6036918354424874,0.7448929329056909,0.1130445163470102,0.06406064626425073,0.011815577643482292,0.0011274126275255814,0.0,0.25,0.01,0.25,j2_a_then_b,geometric
corrupted_marginals,16,2.0,independent,0.16718055145657093,1.8737320140861562,0.8001892515234839,0.27885306064559107,4.199554793542573e-17,0.06905620501995167,0.2711675912711944,0.2700401786436688,0.25,0.01,0.25,j2_a_then_b,geometric
corrupted_marginals,16,2.0,arithmetic,0.16718055145657093,1.577593878790172,0.7365620685376988,0.08438880536478964,0.06298249223920736,0.00603316115285644,-0.02497054402478982,-0.0260979566523154,0.25,0.01,0.25,j2_a_then_b,geometric
corrupted_marginals,16,2.0,geometric,0.16718055145657093,1.5786321890977983,0.7372026710181557,0.08561936912318925,0.06250615474544814,0.00604409036536428,-0.023932233717163465,-0.025059646344689046,0.25,0.01,0.25,j2_a_then_b,geometric
corrupted_marginals,16,2.0,weighted_geometric,0.16718055145657093,1.5850246451931906,0.7388213263756505,0.0918561039412597,0.06318854724914186,0.007492045995763039,-0.01753977762177117,-0.01866719024929675,0.25,0.01,0.25,j2_a_then_b,geometric
corrupted_marginals,16,2.0,hard_core,0.16718055145657093,1.6672125445733932,0.7625756755280647,0.17674946662697652,9.52158183468142e-14,0.020961031868957942,0.06464812175843138,0.0635207091309058,0.25,0.01,0.25,j2_a_then_b,geometric
corrupted_marginals,16,2.0,adaptive_soft,0.16718055145657093,1.5851884865600878,0.7388903020996391,0.09220964307264205,0.06278755032918097,0.007456072226258831,-0.01737593625487399,-0.018503348882399573,0.25,0.01,0.25,j2_a_then_b,geometric
corrupted_marginals,16,2.0,selective_core,0.16718055145657093,1.5850246451931906,0.7388213263756505,0.0918561039412597,0.06318854724914186,0.007492045995763039,-0.01753977762177117,-0.01866719024929675,0.25,0.01,0.25,j2_a_then_b,geometric
corrupted_marginals,17,2.0,j1,0.16398999424589225,1.4748162121627515,0.6889342456983942,0.11633195036509768,0.06411658173356685,0.011632737188573265,0.00022386799694418258,0.0,0.5,0.01,0.5,j1_b_then_a,arithmetic
corrupted_marginals,17,2.0,j2,0.16398999424589225,1.4745923441658073,0.6880618528396821,0.11304098664583004,0.06585741532224132,0.011632737188573265,0.0,-0.00022386799694418258,0.5,0.01,0.5,j1_b_then_a,arithmetic
corrupted_marginals,17,2.0,selected_order,0.16398999424589225,1.4748162121627515,0.6889342456983942,0.11633195036509768,0.06411658173356685,0.011632737188573265,0.00022386799694418258,0.0,0.5,0.01,0.5,j1_b_then_a,arithmetic
corrupted_marginals,17,2.0,independent,0.16398999424589225,1.8222769469597628,0.7686603881380706,0.3382371818489197,4.037597350643046e-17,0.0921349534423521,0.3476846027939555,0.34746073479701134,0.5,0.01,0.5,j1_b_then_a,arithmetic
corrupted_marginals,17,2.0,arithmetic,0.16398999424589225,1.4510209869767865,0.6785267269943581,0.08277121641788807,0.06498699852790406,0.00594344314789749,-0.023571357189020814,-0.023795225185964997,0.5,0.01,0.5,j1_b_then_a,arithmetic
corrupted_marginals,17,2.0,geometric,0.16398999424589225,1.4505420117884178,0.6780179363416636,0.0833852570355636,0.06476324012696044,0.005955241223100628,-0.024050332377389516,-0.0242742003743337,0.5,0.01,0.5,j1_b_then_a,arithmetic
corrupted_marginals,17,2.0,weighted_geometric,0.16398999424589225,1.4505420117884178,0.6780179363416636,0.0833852570355636,0.06476324012696044,0.005955241223100628,-0.024050332377389516,-0.0242742003743337,0.5,0.01,0.5,j1_b_then_a,arithmetic
corrupted_marginals,17,2.0,hard_core,0.16398999424589225,1.5518165066903462,0.7038332186310879,0.1750349603080777,1.183406022915029e-13,0.02380750239846393,0.0772241625245389,0.07700029452759471,0.5,0.01,0.5,j1_b_then_a,arithmetic
corrupted_marginals,17,2.0,adaptive_soft,0.16398999424589225,1.4507543378463468,0.6781004780029757,0.08386932173725355,0.06445237295281993,0.005956186947946975,-0.023838006319460536,-0.02406187431640472,0.5,0.01,0.5,j1_b_then_a,arithmetic
corrupted_marginals,17,2.0,selective_core,0.16398999424589225,1.4510209869767865,0.6785267269943581,0.08277121641788807,0.06498699852790406,0.00594344314789749,-0.023571357189020814,-0.023795225185964997,0.5,0.01,0.5,j1_b_then_a,arithmetic
corrupted_marginals,18,2.0,j1,0.15472626682098697,1.4277626320178456,0.6650429482645961,0.10027510392839781,0.06238242386842936,0.010564052187594495,0.0,0.0,0.5,0.01,0.5,j1_b_then_a,geometric
corrupted_marginals,18,2.0,j2,0.15472626682098697,1.4339054900669752,0.6684499052166027,0.11332162573464813,0.052774297580546,0.010564052187594495,0.006142858049129618,0.006142858049129618,0.5,0.01,0.5,j1_b_then_a,geometric
corrupted_marginals,18,2.0,selected_order,0.15472626682098697,1.4277626320178456,0.6650429482645961,0.10027510392839781,0.06238242386842936,0.010564052187594495,0.0,0.0,0.5,0.01,0.5,j1_b_then_a,geometric
corrupted_marginals,18,2.0,independent,0.15472626682098697,1.6687336983931573,0.721857940914785,0.26936540516499313,3.804768322233573e-17,0.061711088848588065,0.24097106637531174,0.24097106637531174,0.5,0.01,0.5,j1_b_then_a,geometric
corrupted_marginals,18,2.0,arithmetic,0.15472626682098697,1.410939079821234,0.6581737517813461,0.0793234689410808,0.05757836072448765,0.005389850902756798,-0.01682355219661158,-0.01682355219661158,0.5,0.01,0.5,j1_b_then_a,geometric
corrupted_marginals,18,2.0,geometric,0.15472626682098697,1.408974102295866,0.657558700386585,0.07976799703973814,0.05734698700155702,0.005398696685243132,-0.01878852972197964,-0.01878852972197964,0.5,0.01,0.5,j1_b_then_a,geometric
corrupted_marginals,18,2.0,weighted_geometric,0.15472626682098697,1.408974102295866,0.657558700386585,0.07976799703973814,0.05734698700155702,0.005398696685243132,-0.01878852972197964,-0.01878852972197964,0.5,0.01,0.5,j1_b_then_a,geometric
corrupted_marginals,18,2.0,hard_core,0.15472626682098697,1.4929668721074612,0.6794762085466342,0.1623130115226478,1.4028652707814143e-13,0.01826153944128944,0.06520424008961556,0.06520424008961556,0.5,0.01,0.5,j1_b_then_a,geometric
corrupted_marginals,18,2.0,adaptive_soft,0.15472626682098697,1.409223844125426,0.6576383651339568,0.0803126392397271,0.056995469809880024,0.005399794176603303,-0.018538787892419695,-0.018538787892419695,0.5,0.01,0.5,j1_b_then_a,geometric
corrupted_marginals,18,2.0,selective_core,0.15472626682098697,1.408974102295866,0.657558700386585,0.07976799703973814,0.05734698700155702,0.005398696685243132,-0.01878852972197964,-0.01878852972197964,0.5,0.01,0.5,j1_b_then_a,geometric
corrupted_marginals,19,2.0,j1,0.1504151519377649,1.39708349616745,0.659039289397688,0.09925481368850976,0.05728785294674488,0.010230417076848925,0.0,0.0,0.5,0.01,0.5,j1_b_then_a,arithmetic
corrupted_marginals,19,2.0,j2,0.1504151519377649,1.4088657012285235,0.6634515148447029,0.1058313456678989,0.054766571530239526,0.010230417076848925,0.011782205061073414,0.011782205061073414,0.5,0.01,0.5,j1_b_then_a,arithmetic
corrupted_marginals,19,2.0,selected_order,0.1504151519377649,1.39708349616745,0.659039289397688,0.09925481368850976,0.05728785294674488,0.010230417076848925,0.0,0.0,0.5,0.01,0.5,j1_b_then_a,arithmetic
corrupted_marginals,19,2.0,independent,0.1504151519377649,1.6486986079391903,0.7159267927640459,0.25491933180435206,4.211172040996579e-17,0.06085052209436349,0.25161511177174023,0.25161511177174023,0.5,0.01,0.5,j1_b_then_a,arithmetic
corrupted_marginals,19,2.0,arithmetic,0.1504151519377649,1.380476262293983,0.6528629975625027,0.075108344061786,0.05602721223849217,0.005222891045355938,-0.016607233873467075,-0.016607233873467075,0.5,0.01,0.5,j1_b_then_a,arithmetic
corrupted_marginals,19,2.0,geometric,0.1504151519377649,1.381795825944401,0.6531535616972967,0.07608652750225343,0.055662842317795704,0.005232660690558733,-0.01528767022304911,-0.01528767022304911,0.5,0.01,0.5,j1_b_then_a,arithmetic
corrupted_marginals,19,2.0,weighted_geometric,0.1504151519377649,1.381795825944401,0.6531535616972967,0.07608652750225343,0.055662842317795704,0.005232660690558733,-0.01528767022304911,-0.01528767022304911,0.5,0.01,0.5,j1_b_then_a,arithmetic
corrupted_marginals,19,2.0,hard_core,0.1504151519377649,1.491985394824258,0.6839824577113321,0.15849144009006408,4.5374162055883527e-14,0.01792108998282514,0.09490189865680798,0.09490189865680798,0.5,0.01,0.5,j1_b_then_a,arithmetic
corrupted_marginals,19,2.0,adaptive_soft,0.1504151519377649,1.382192726740086,0.6533128432862747,0.0766204536794555,0.055316796419886204,0.005233994088049039,-0.014890769427364114,-0.014890769427364114,0.5,0.01,0.5,j1_b_then_a,arithmetic
corrupted_marginals,19,2.0,selective_core,0.1504151519377649,1.380476262293983,0.6528629975625027,0.075108344061786,0.05602721223849217,0.005222891045355938,-0.016607233873467075,-0.016607233873467075,0.5,0.01,0.5,j1_b_then_a,arithmetic
corrupted_marginals,20,2.0,j1,0.16131254346743124,1.621821662568162,0.7412855302275819,0.10711043173993764,0.06056342699481051,0.011120440502762514,0.004042256658766563,0.0,0.5,0.01,0.5,j1_b_then_a,arithmetic
corrupted_marginals,20,2.0,j2,0.16131254346743124,1.6177794059093955,0.7421643936684887,0.11610073413326973,0.05442203094269658,0.011120440502762514,0.0,-0.004042256658766563,0.5,0.01,0.5,j1_b_then_a,arithmetic
corrupted_marginals,20,2.0,selected_order,0.16131254346743124,1.621821662568162,0.7412855302275819,0.10711043173993764,0.06056342699481051,0.011120440502762514,0.004042256658766563,0.0,0.5,0.01,0.5,j1_b_then_a,arithmetic
corrupted_marginals,20,2.0,independent,0.16131254346743124,1.7225371295545011,0.76772578625715,0.22104733402855123,3.675303740817079e-17,0.03538266230871605,0.1047577236451056,0.10071546698633904,0.5,0.01,0.5,j1_b_then_a,arithmetic
corrupted_marginals,20,2.0,arithmetic,0.16131254346743124,1.5961108836812572,0.7330636510330044,0.08134216160949512,0.05749272896875351,0.005677538631059662,-0.02166852222813831,-0.025710778886904873,0.5,0.01,0.5,j1_b_then_a,arithmetic
corrupted_marginals,20,2.0,geometric,0.16131254346743124,1.5967365899482597,0.7327781373828283,0.08279572186632919,0.05682446249963219,0.005688204789239024,-0.021042815961135775,-0.025085072619902338,0.5,0.01,0.5,j1_b_then_a,arithmetic
corrupted_marginals,20,2.0,weighted_geometric,0.16131254346743124,1.5967365899482597,0.7327781373828283,0.08279572186632919,0.05682446249963219,0.005688204789239024,-0.021042815961135775,-0.025085072619902338,0.5,0.01,0.5,j1_b_then_a,arithmetic
corrupted_marginals,20,2.0,hard_core,0.16131254346743124,1.678742375108895,0.7569627268389443,0.16342160649860688,4.5777217703069e-14,0.014359139716726095,0.060962969199499506,0.05692071254073294,0.5,0.01,0.5,j1_b_then_a,arithmetic
corrupted_marginals,20,2.0,adaptive_soft,0.16131254346743124,1.5970933271451118,0.7329036050373839,0.08344219627232304,0.05637972998713195,0.005689938698608204,-0.020686078764283744,-0.024728335423050307,0.5,0.01,0.5,j1_b_then_a,arithmetic
corrupted_marginals,20,2.0,selective_core,0.16131254346743124,1.5961108836812572,0.7330636510330044,0.08134216160949512,0.05749272896875351,0.005677538631059662,-0.02166852222813831,-0.025710778886904873,0.5,0.01,0.5,j1_b_then_a,arithmetic
corrupted_marginals,21,2.0,j1,0.15831732243880428,1.5470487797390342,0.721217377301667,0.1092810384321685,0.057353354395021684,0.011014548368681404,0.0,-0.00843864417350737,0.5,0.01,0.5,j2_a_then_b,geometric
corrupted_marginals,21,2.0,j2,0.15831732243880428,1.5554874239125416,0.7265067633540389,0.10852608606869053,0.057915604161415765,0.011014548368681404,0.00843864417350737,0.0,0.5,0.01,0.5,j2_a_then_b,geometric
corrupted_marginals,21,2.0,selected_order,0.15831732243880428,1.5554874239125416,0.7265067633540389,0.10852608606869053,0.057915604161415765,0.011014548368681404,0.00843864417350737,0.0,0.5,0.01,0.5,j2_a_then_b,geometric
corrupted_marginals,21,2.0,independent,0.15831732243880428,1.757279442672566,0.7648279004673054,0.24650898107893976,3.775284121779188e-17,0.0516075779344039,0.21023066293353176,0.2017920187600244,0.5,0.01,0.5,j2_a_then_b,geometric
corrupted_marginals,21,2.0,arithmetic,0.15831732243880428,1.528385949709691,0.7153759243164447,0.07965326962247148,0.0576344792782187,0.005622485147441413,-0.018662830029343214,-0.027101474202850584,0.5,0.01,0.5,j2_a_then_b,geometric
corrupted_marginals,21,2.0,geometric,0.15831732243880428,1.5284544044465544,0.7152725539576341,0.08061516717553442,0.0572228464537762,0.005632705211306132,-0.01859437529247976,-0.02703301946598713,0.5,0.01,0.5,j2_a_then_b,geometric
corrupted_marginals,21,2.0,weighted_geometric,0.15831732243880428,1.5284544044465544,0.7152725539576341,0.08061516717553442,0.0572228464537762,0.005632705211306132,-0.01859437529247976,-0.02703301946598713,0.5,0.01,0.5,j2_a_then_b,geometric
corrupted_marginals,21,2.0,hard_core,0.15831732243880428,1.610638678067437,0.7380558606778054,0.16371149680817254,2.03823547666529e-14,0.016324004867651006,0.0635898983284029,0.055151254154895524,0.5,0.01,0.5,j2_a_then_b,geometric
corrupted_marginals,21,2.0,adaptive_soft,0.15831732243880428,1.5287531964674443,0.7153854139690956,0.08122110220259889,0.05681752892898386,0.0056342095001364655,-0.018295583271589866,-0.026734227445097236,0.5,0.01,0.5,j2_a_then_b,geometric
corrupted_marginals,21,2.0,selective_core,0.15831732243880428,1.5284544044465544,0.7152725539576341,0.08061516717553442,0.0572228464537762,0.005632705211306132,-0.01859437529247976,-0.02703301946598713,0.5,0.01,0.5,j2_a_then_b,geometric
corrupted_marginals,22,2.0,j1,0.1485506133023539,1.442856679489374,0.6779579067938427,0.10347632136100281,0.05767423059738127,0.009972583828176099,0.019600338183299426,0.019600338183299426,0.5,0.01,0.5,j2_a_then_b,arithmetic
corrupted_marginals,22,2.0,j2,0.1485506133023539,1.4232563413060746,0.6633744496197168,0.1049625554527295,0.05498796861927382,0.009972583828176099,0.0,0.0,0.5,0.01,0.5,j2_a_then_b,arithmetic
corrupted_marginals,22,2.0,selected_order,0.1485506133023539,1.4232563413060746,0.6633744496197168,0.1049625554527295,0.05498796861927382,0.009972583828176099,0.0,0.0,0.5,0.01,0.5,j2_a_then_b,arithmetic
corrupted_marginals,22,2.0,independent,0.1485506133023539,1.6980191399584175,0.7331208050851519,0.27124216282078456,3.882827490520741e-17,0.06529481699249132,0.2747627986523429,0.2747627986523429,0.5,0.01,0.5,j2_a_then_b,arithmetic
corrupted_marginals,22,2.0,arithmetic,0.1485506133023539,1.411189258772291,0.6624382450920768,0.07716768097934004,0.05633109960832752,0.005087631150033006,-0.012067082533783635,-0.012067082533783635,0.5,0.01,0.5,j2_a_then_b,arithmetic
corrupted_marginals,22,2.0,geometric,0.1485506133023539,1.412434683164994,0.6632006106526548,0.07801227095781167,0.05598376156669563,0.005096233835852151,-0.010821658141080492,-0.010821658141080492,0.5,0.01,0.5,j2_a_then_b,arithmetic
corrupted_marginals,22,2.0,weighted_geometric,0.1485506133023539,1.412434683164994,0.6632006106526548,0.07801227095781167,0.05598376156669563,0.005096233835852151,-0.010821658141080492,-0.010821658141080492,0.5,0.01,0.5,j2_a_then_b,arithmetic
corrupted_marginals,22,2.0,hard_core,0.1485506133023539,1.5078313295506525,0.6859557051731822,0.15728440491246667,3.222119285658164e-14,0.01820511306199637,0.08457498824457788,0.08457498824457788,0.5,0.01,0.5,j2_a_then_b,arithmetic
corrupted_marginals,22,2.0,adaptive_soft,0.1485506133023539,1.4127126660488156,0.6633143791183166,0.07851690460272706,0.05565598989937541,0.005097333099128802,-0.010543675257258966,-0.010543675257258966,0.5,0.01,0.5,j2_a_then_b,arithmetic
corrupted_marginals,22,2.0,selective_core,0.1485506133023539,1.411189258772291,0.6624382450920768,0.07716768097934004,0.05633109960832752,0.005087631150033006,-0.012067082533783635,-0.012067082533783635,0.5,0.01,0.5,j2_a_then_b,arithmetic
corrupted_marginals,23,2.0,j1,0.15561467688237438,1.381194942501777,0.6443441722921479,0.10755373786332308,0.060144846177753154,0.01094596427715832,0.0,0.0,0.5,0.01,0.5,j1_b_then_a,geometric
corrupted_marginals,23,2.0,j2,0.15561467688237438,1.3940320765740517,0.6491819606668378,0.10508290433488038,0.062094900825225965,0.01094596427715832,0.012837134072274603,0.012837134072274603,0.5,0.01,0.5,j1_b_then_a,geometric
corrupted_marginals,23,2.0,selected_order,0.15561467688237438,1.381194942501777,0.6443441722921479,0.10755373786332308,0.060144846177753154,0.01094596427715832,0.0,0.0,0.5,0.01,0.5,j1_b_then_a,geometric
corrupted_marginals,23,2.0,independent,0.15561467688237438,1.6804739302230942,0.7171498510888235,0.2971897770538109,4.1371745439222617e-17,0.07390624581717956,0.2992789877213171,0.2992789877213171,0.5,0.01,0.5,j1_b_then_a,geometric
corrupted_marginals,23,2.0,arithmetic,0.15561467688237438,1.3630967392974578,0.6372876557510428,0.07590165937746425,0.061119873501489536,0.005598735358536082,-0.01809820320431932,-0.01809820320431932,0.5,0.01,0.5,j1_b_then_a,geometric
corrupted_marginals,23,2.0,geometric,0.15561467688237438,1.3648488229424232,0.6375388911356236,0.07679900998764695,0.0606791812216589,0.0056120072675298685,-0.016346119559353944,-0.016346119559353944,0.5,0.01,0.5,j1_b_then_a,geometric
corrupted_marginals,23,2.0,weighted_geometric,0.15561467688237438,1.3648488229424232,0.6375388911356236,0.07679900998764695,0.0606791812216589,0.0056120072675298685,-0.016346119559353944,-0.016346119559353944,0.5,0.01,0.5,j1_b_then_a,geometric
corrupted_marginals,23,2.0,hard_core,0.15561467688237438,1.4605723988014638,0.6606802348455135,0.16343787628317577,3.413487567149702e-14,0.020681702790307142,0.07937745629968673,0.07937745629968673,0.5,0.01,0.5,j1_b_then_a,geometric
corrupted_marginals,23,2.0,adaptive_soft,0.15561467688237438,1.3650940900873332,0.6376117591848424,0.07729168309289014,0.06036032925689484,0.005613427421595116,-0.016100852414443922,-0.016100852414443922,0.5,0.01,0.5,j1_b_then_a,geometric
corrupted_marginals,23,2.0,selective_core,0.15561467688237438,1.3648488229424232,0.6375388911356236,0.07679900998764695,0.0606791812216589,0.0056120072675298685,-0.016346119559353944,-0.016346119559353944,0.5,0.01,0.5,j1_b_then_a,geometric
corrupted_marginals,24,2.0,j1,0.1541135355222193,1.5117726495960295,0.7064134633480821,0.10047662704764108,0.05629957894567127,0.010437366932384833,0.005476112155692325,0.0,0.75,0.01,0.75,j1_b_then_a,geometric
corrupted_marginals,24,2.0,j2,0.1541135355222193,1.5062965374403372,0.7032129428416647,0.10835694132519788,0.05223255177818096,0.010437366932384833,0.0,-0.005476112155692325,0.75,0.01,0.75,j1_b_then_a,geometric
corrupted_marginals,24,2.0,selected_order,0.1541135355222193,1.5117726495960295,0.7064134633480821,0.10047662704764108,0.05629957894567127,0.010437366932384833,0.005476112155692325,0.0,0.75,0.01,0.75,j1_b_then_a,geometric
corrupted_marginals,24,2.0,independent,0.1541135355222193,1.6719707506895753,0.7380242236446033,0.22771089227202998,4.0303630116471365e-17,0.044779255052013536,0.16567421324923814,0.16019810109354582,0.75,0.01,0.75,j1_b_then_a,geometric
corrupted_marginals,24,2.0,arithmetic,0.1541135355222193,1.4867230730779597,0.6968055247180992,0.07711109334747926,0.054266065361926095,0.005324406669651133,-0.019573464362377502,-0.025049576518069827,0.75,0.01,0.75,j1_b_then_a,geometric
corrupted_marginals,24,2.0,geometric,0.1541135355222193,1.487450069656832,0.6974646751441098,0.0781770353973405,0.053830959907924185,0.005333250002084112,-0.018846467783505183,-0.02432257993919751,0.75,0.01,0.75,j1_b_then_a,geometric
corrupted_marginals,24,2.0,weighted_geometric,0.1541135355222193,1.4941783544213558,0.7000651560432775,0.08238538537060085,0.0549610687289181,0.006603913352948744,-0.012118183018981377,-0.017594295174673702,0.75,0.01,0.75,j1_b_then_a,geometric
corrupted_marginals,24,2.0,hard_core,0.1541135355222193,1.5618549611637378,0.7208414551775537,0.15777419635551213,3.3506069128258227e-14,0.014670866544160121,0.055558423723400585,0.05008231156770826,0.75,0.01,0.75,j1_b_then_a,geometric
corrupted_marginals,24,2.0,adaptive_soft,0.1541135355222193,1.4943628234874484,0.700130088509473,0.08280253501179631,0.05454310998032384,0.006574238370160534,-0.01193371395288878,-0.017409826108581106,0.75,0.01,0.75,j1_b_then_a,geometric
corrupted_marginals,24,2.0,selective_core,0.1541135355222193,1.4941783544213558,0.7000651560432775,0.08238538537060085,0.0549610687289181,0.006603913352948744,-0.012118183018981377,-0.017594295174673702,0.75,0.01,0.75,j1_b_then_a,geometric
corrupted_marginals,25,2.0,j1,0.16176104699448407,1.5979791849853169,0.7289503435291588,0.11430701205585336,0.06061883293821326,0.01112400576896071,0.008253094621578638,0.0,0.5,0.01,0.5,j1_b_then_a,arithmetic
corrupted_marginals,25,2.0,j2,0.16176104699448407,1.5897260903637382,0.7222817035772013,0.10523607197990766,0.06401390692562552,0.01112400576896071,0.0,-0.008253094621578638,0.5,0.01,0.5,j1_b_then_a,arithmetic
corrupted_marginals,25,2.0,selected_order,0.16176104699448407,1.5979791849853169,0.7289503435291588,0.11430701205585336,0.06061883293821326,0.01112400576896071,0.008253094621578638,0.0,0.5,0.01,0.5,j1_b_then_a,arithmetic
corrupted_marginals,25,2.0,independent,0.16176104699448407,1.8892355039842241,0.7883633137095717,0.30766328269987897,3.952860174599726e-17,0.08032143741511177,0.2995094136204859,0.29125631899890725,0.5,0.01,0.5,j1_b_then_a,arithmetic
corrupted_marginals,25,2.0,arithmetic,0.16176104699448407,1.5709848534249136,0.716595215790645,0.07915312656960692,0.06231636993191937,0.005672481292347795,-0.01874123693882468,-0.026994331560403317,0.5,0.01,0.5,j1_b_then_a,arithmetic
corrupted_marginals,25,2.0,geometric,0.16176104699448407,1.5708330612362051,0.7165893260681663,0.07983897018738659,0.062141043346253894,0.0056808151867588814,-0.0188930291275331,-0.02714612374911174,0.5,0.01,0.5,j1_b_then_a,arithmetic
corrupted_marginals,25,2.0,weighted_geometric,0.16176104699448407,1.5708330612362051,0.7165893260681663,0.07983897018738659,0.062141043346253894,0.0056808151867588814,-0.0188930291275331,-0.02714612374911174,0.5,0.01,0.5,j1_b_then_a,arithmetic
corrupted_marginals,25,2.0,hard_core,0.16176104699448407,1.6804814979801015,0.7417383081923299,0.16948359256032722,8.739187075845422e-14,0.02109572611194936,0.09075540761636325,0.08250231299478461,0.5,0.01,0.5,j1_b_then_a,arithmetic
corrupted_marginals,25,2.0,adaptive_soft,0.16176104699448407,1.571145046309404,0.7166950454199648,0.08036533613939015,0.061795377680260756,0.00568192784607969,-0.01858104405433414,-0.026834138675912778,0.5,0.01,0.5,j1_b_then_a,arithmetic
corrupted_marginals,25,2.0,selective_core,0.16176104699448407,1.5709848534249136,0.716595215790645,0.07915312656960692,0.06231636993191937,0.005672481292347795,-0.01874123693882468,-0.026994331560403317,0.5,0.01,0.5,j1_b_then_a,arithmetic
corrupted_marginals,26,2.0,j1,0.14675931117730087,1.3764336320861368,0.6504070166662291,0.09789249620830015,0.05660670993607765,0.009955920968828483,0.0,-0.008914795297734424,0.5,0.01,0.5,j2_a_then_b,arithmetic
corrupted_marginals,26,2.0,j2,0.14675931117730087,1.3853484273838712,0.6524653720612746,0.10345840428336044,0.05396163459118576,0.009955920968828483,0.008914795297734424,0.0,0.5,0.01,0.5,j2_a_then_b,arithmetic
corrupted_marginals,26,2.0,selected_order,0.14675931117730087,1.3853484273838712,0.6524653720612746,0.10345840428336044,0.05396163459118576,0.009955920968828483,0.008914795297734424,0.0,0.5,0.01,0.5,j2_a_then_b,arithmetic
corrupted_marginals,26,2.0,independent,0.14675931117730087,1.6168789364205807,0.7082047950294935,0.2583763445699683,4.126111616004763e-17,0.06447681613581585,0.2404453043344439,0.23153050903670946,0.5,0.01,0.5,j2_a_then_b,arithmetic
corrupted_marginals,26,2.0,arithmetic,0.14675931117730087,1.3594158836143755,0.6431003488557535,0.07345922085006983,0.05528417226363168,0.005089454040162213,-0.017017748471761296,-0.02593254376949572,0.5,0.01,0.5,j2_a_then_b,arithmetic
corrupted_marginals,26,2.0,geometric,0.14675931117730087,1.360236385122919,0.6436322152695382,0.07426293080967258,0.055034933000152976,0.0051014062423464165,-0.016197246963217893,-0.025112042260952316,0.5,0.01,0.5,j2_a_then_b,arithmetic
corrupted_marginals,26,2.0,weighted_geometric,0.14675931117730087,1.360236385122919,0.6436322152695382,0.07426293080967258,0.055034933000152976,0.0051014062423464165,-0.016197246963217893,-0.025112042260952316,0.5,0.01,0.5,j2_a_then_b,arithmetic
corrupted_marginals,26,2.0,hard_core,0.14675931117730087,1.4614552442103075,0.670442424408763,0.15282350707830508,6.888539772506672e-14,0.01828038246480111,0.0850216121241707,0.07610681682643627,0.5,0.01,0.5,j2_a_then_b,arithmetic
corrupted_marginals,26,2.0,adaptive_soft,0.14675931117730087,1.360567576926026,0.643760593386417,0.07475099195588439,0.05470990905831087,0.005102576236654537,-0.01586605516011086,-0.024780850457845283,0.5,0.01,0.5,j2_a_then_b,arithmetic
corrupted_marginals,26,2.0,selective_core,0.14675931117730087,1.3594158836143755,0.6431003488557535,0.07345922085006983,0.05528417226363168,0.005089454040162213,-0.017017748471761296,-0.02593254376949572,0.5,0.01,0.5,j2_a_then_b,arithmetic
corrupted_marginals,27,2.0,j1,0.14408426800746182,1.3914152899609957,0.656795270630776,0.09304999614282418,0.057890973672698465,0.009824638784272728,0.0,-0.0036983913471102525,0.5,0.01,0.5,j2_a_then_b,arithmetic
corrupted_marginals,27,2.0,j2,0.14408426800746182,1.395113681308106,0.656031490975529,0.10681628327141712,0.04931830907131682,0.009824638784272728,0.0036983913471102525,0.0,0.5,0.01,0.5,j2_a_then_b,arithmetic
corrupted_marginals,27,2.0,selected_order,0.14408426800746182,1.395113681308106,0.656031490975529,0.10681628327141712,0.04931830907131682,0.009824638784272728,0.0036983913471102525,0.0,0.5,0.01,0.5,j2_a_then_b,arithmetic
corrupted_marginals,27,2.0,independent,0.14408426800746182,1.6243160325587487,0.6996812918426762,0.2524913134731285,4.4260090943426576e-17,0.0624190974477542,0.23290074259775295,0.2292023512506427,0.5,0.01,0.5,j2_a_then_b,arithmetic
corrupted_marginals,27,2.0,arithmetic,0.14408426800746182,1.3743982143491427,0.6484471920886818,0.07342881339491845,0.053604641372007614,0.005022770611968309,-0.01701707561185306,-0.020715466958963313,0.5,0.01,0.5,j2_a_then_b,arithmetic
corrupted_marginals,27,2.0,geometric,0.14408426800746182,1.3728543182710387,0.6483171132791147,0.07407140161160616,0.05325117610551238,0.005033473576795817,-0.018560971689957073,-0.022259363037067326,0.5,0.01,0.5,j2_a_then_b,arithmetic
corrupted_marginals,27,2.0,weighted_geometric,0.14408426800746182,1.3728543182710387,0.6483171132791147,0.07407140161160616,0.05325117610551238,0.005033473576795817,-0.018560971689957073,-0.022259363037067326,0.5,0.01,0.5,j2_a_then_b,arithmetic
corrupted_marginals,27,2.0,hard_core,0.14408426800746182,1.4444893495793492,0.6664592403132857,0.1516457393237959,8.367995258531231e-14,0.017471629643187037,0.05307405961835343,0.04937566827124318,0.5,0.01,0.5,j2_a_then_b,arithmetic
corrupted_marginals,27,2.0,adaptive_soft,0.14408426800746182,1.3730822532283415,0.6483972372615661,0.07457545200319843,0.05292023676006349,0.005034648862378009,-0.018333036732654184,-0.022031428079764437,0.5,0.01,0.5,j2_a_then_b,arithmetic
corrupted_marginals,27,2.0,selective_core,0.14408426800746182,1.3743982143491427,0.6484471920886818,0.07342881339491845,0.053604641372007614,0.005022770611968309,-0.01701707561185306,-0.020715466958963313,0.5,0.01,0.5,j2_a_then_b,arithmetic
corrupted_marginals,28,2.0,j1,0.1544083687773907,1.522097209799179,0.7002597611124347,0.10029834417011145,0.05933428835429053,0.010579614269443824,0.014107719169955013,0.0,0.75,0.01,0.75,j1_b_then_a,geometric
corrupted_marginals,28,2.0,j2,0.1544083687773907,1.507989490629224,0.6957473496869875,0.11216609217646199,0.05191930000277967,0.010579614269443824,0.0,-0.014107719169955013,0.75,0.01,0.75,j1_b_then_a,geometric
corrupted_marginals,28,2.0,selected_order,0.1544083687773907,1.522097209799179,0.7002597611124347,0.10029834417011145,0.05933428835429053,0.010579614269443824,0.014107719169955013,0.0,0.75,0.01,0.75,j1_b_then_a,geometric
corrupted_marginals,28,2.0,independent,0.1544083687773907,1.683968448618904,0.7389021489120593,0.2316171037084709,4.594682110909548e-17,0.0454803954562582,0.17597895798968,0.16187123881972498,0.75,0.01,0.75,j1_b_then_a,geometric
corrupted_marginals,28,2.0,arithmetic,0.1544083687773907,1.4931113093143658,0.6895962777561129,0.07849016352893239,0.05562679417853507,0.005399960467503167,-0.014878181314858185,-0.0289859004848132,0.75,0.01,0.75,j1_b_then_a,geometric
corrupted_marginals,28,2.0,geometric,0.1544083687773907,1.4931426054361174,0.6897371152577998,0.07925837993182219,0.05525463635938043,0.005409264690115634,-0.014846885193106507,-0.02895460436306152,0.75,0.01,0.75,j1_b_then_a,geometric
corrupted_marginals,28,2.0,weighted_geometric,0.1544083687773907,1.5021643756378973,0.6929659733278211,0.08223766084505245,0.057241142594109305,0.006716940715269899,-0.005825114991326652,-0.019932834161281665,0.75,0.01,0.75,j1_b_then_a,geometric
corrupted_marginals,28,2.0,hard_core,0.1544083687773907,1.5785868037490476,0.7139392279897986,0.15903228990885845,7.639889685240233e-14,0.015310011661872293,0.07059731311982365,0.05648959394986863,0.75,0.01,0.75,j1_b_then_a,geometric
corrupted_marginals,28,2.0,adaptive_soft,0.1544083687773907,1.5023143164239148,0.6930016479115557,0.08262042030370569,0.056830048811620106,0.006683185260731116,-0.005675174205309164,-0.019782893375264177,0.75,0.01,0.75,j1_b_then_a,geometric
corrupted_marginals,28,2.0,selective_core,0.1544083687773907,1.5021643756378973,0.6929659733278211,0.08223766084505245,0.057241142594109305,0.006716940715269899,-0.005825114991326652,-0.019932834161281665,0.75,0.01,0.75,j1_b_then_a,geometric
corrupted_marginals,29,2.0,j1,0.14618335561624918,1.4283001252201637,0.6640271368110923,0.09424320760313401,0.05105174003620669,0.009607092550173921,0.011156437153600374,0.0,0.5,0.01,0.5,j1_b_then_a,geometric
corrupted_marginals,29,2.0,j2,0.14618335561624918,1.4171436880665633,0.6596810706542355,0.1000012450434426,0.045868691006154684,0.009607092550173921,0.0,-0.011156437153600374,0.5,0.01,0.5,j1_b_then_a,geometric
corrupted_marginals,29,2.0,selected_order,0.14618335561624918,1.4283001252201637,0.6640271368110923,0.09424320760313401,0.05105174003620669,0.009607092550173921,0.011156437153600374,0.0,0.5,0.01,0.5,j1_b_then_a,geometric
corrupted_marginals,29,2.0,independent,0.14618335561624918,1.5062064535637123,0.6881527618673299,0.16449065252824244,4.322836034444111e-17,0.01882471649206069,0.08906276549714898,0.0779063283435486,0.5,0.01,0.5,j1_b_then_a,geometric
corrupted_marginals,29,2.0,arithmetic,0.14618335561624918,1.4021948655802232,0.654147611504092,0.07262253674009506,0.04846021552118066,0.004897435185692984,-0.014948822486340108,-0.02610525963994048,0.5,0.01,0.5,j1_b_then_a,geometric
corrupted_marginals,29,2.0,geometric,0.14618335561624918,1.4028849796216265,0.6543282387604178,0.07285175410007962,0.04824863986490994,0.0049054651723782,-0.014258708444936818,-0.025415145598537192,0.5,0.01,0.5,j1_b_then_a,geometric
corrupted_marginals,29,2.0,weighted_geometric,0.14618335561624918,1.4028849796216265,0.6543282387604178,0.07285175410007962,0.04824863986490994,0.0049054651723782,-0.014258708444936818,-0.025415145598537192,0.5,0.01,0.5,j1_b_then_a,geometric
corrupted_marginals,29,2.0,hard_core,0.14618335561624918,1.4707790862432841,0.6785446923970475,0.14358432129278278,4.677147492411103e-14,0.010720072516447566,0.053635398176720805,0.04247896102312043,0.5,0.01,0.5,j1_b_then_a,geometric
corrupted_marginals,29,2.0,adaptive_soft,0.14618335561624918,1.403297505362355,0.6544868024330173,0.07348036145490022,0.04781469025634,0.004906234041629874,-0.013846182704208232,-0.025002619857808606,0.5,0.01,0.5,j1_b_then_a,geometric
corrupted_marginals,29,2.0,selective_core,0.14618335561624918,1.4028849796216265,0.6543282387604178,0.07285175410007962,0.04824863986490994,0.0049054651723782,-0.014258708444936818,-0.025415145598537192,0.5,0.01,0.5,j1_b_then_a,geometric
corrupted_marginals,30,2.0,j1,0.15915275064592763,1.5556197473732687,0.7070191366595041,0.10533696541806625,0.0641254983694296,0.01101654508367449,0.019468129199754935,0.019468129199754935,0.25,0.01,0.25,j2_a_then_b,arithmetic
corrupted_marginals,30,2.0,j2,0.15915275064592763,1.5361516181735138,0.699055336536331,0.11663089964611299,0.058185633158378644,0.01101654508367449,0.0,0.0,0.25,0.01,0.25,j2_a_then_b,arithmetic
corrupted_marginals,30,2.0,selected_order,0.15915275064592763,1.5361516181735138,0.699055336536331,0.11663089964611299,0.058185633158378644,0.01101654508367449,0.0,0.0,0.25,0.01,0.25,j2_a_then_b,arithmetic
corrupted_marginals,30,2.0,independent,0.15915275064592763,1.8158428178703216,0.7623855994637874,0.29490841276158586,4.456584315584754e-17,0.07332475266698847,0.2796911996968079,0.2796911996968079,0.25,0.01,0.25,j2_a_then_b,arithmetic
corrupted_marginals,30,2.0,arithmetic,0.15915275064592763,1.5221806733677166,0.6938167404789024,0.08139522997003824,0.06115556576390411,0.0056207903113928365,-0.013970944805797192,-0.013970944805797192,0.25,0.01,0.25,j2_a_then_b,arithmetic
corrupted_marginals,30,2.0,geometric,0.15915275064592763,1.523071724497034,0.6942953608859782,0.08230881358900033,0.06082138782562839,0.005630004611785701,-0.01307989367647977,-0.01307989367647977,0.25,0.01,0.25,j2_a_then_b,arithmetic
corrupted_marginals,30,2.0,weighted_geometric,0.15915275064592763,1.523950081830701,0.6945183999981852,0.09323699613734919,0.059409489882100805,0.007000810933559727,-0.012201536342812735,-0.012201536342812735,0.25,0.01,0.25,j2_a_then_b,arithmetic
corrupted_marginals,30,2.0,hard_core,0.15915275064592763,1.640096827408838,0.7195228037772834,0.1696490926233161,4.9280980182330336e-14,0.020767784820052804,0.10394520923532435,0.10394520923532435,0.25,0.01,0.25,j2_a_then_b,arithmetic
corrupted_marginals,30,2.0,adaptive_soft,0.15915275064592763,1.5242336034189747,0.6945969299487154,0.09349734443506316,0.059079959484484246,0.006972289592355872,-0.01191801475453902,-0.01191801475453902,0.25,0.01,0.25,j2_a_then_b,arithmetic
corrupted_marginals,30,2.0,selective_core,0.15915275064592763,1.5221806733677166,0.6938167404789024,0.08139522997003824,0.06115556576390411,0.0056207903113928365,-0.013970944805797192,-0.013970944805797192,0.25,0.01,0.25,j2_a_then_b,arithmetic
corrupted_marginals,31,2.0,j1,0.15598514657945975,1.495344940882017,0.6870891281870672,0.10374917841196687,0.05906027740383169,0.010775547568159799,0.0,0.0,0.5,0.01,0.5,j1_b_then_a,arithmetic
corrupted_marginals,31,2.0,j2,0.15598514657945975,1.5003350927317116,0.6896238955503095,0.11198900829660326,0.05434869819417944,0.010775547568159799,0.004990151849694646,0.004990151849694646,0.5,0.01,0.5,j1_b_then_a,arithmetic
corrupted_marginals,31,2.0,selected_order,0.15598514657945975,1.495344940882017,0.6870891281870672,0.10374917841196687,0.05906027740383169,0.010775547568159799,0.0,0.0,0.5,0.01,0.5,j1_b_then_a,arithmetic
corrupted_marginals,31,2.0,independent,0.15598514657945975,1.6650384168465315,0.7259750725580002,0.24617608901854124,4.7136458554723415e-17,0.051706760740484484,0.16969347596451456,0.16969347596451456,0.5,0.01,0.5,j1_b_then_a,arithmetic
corrupted_marginals,31,2.0,arithmetic,0.15598514657945975,1.4771873729952758,0.680126647071892,0.0787415628481317,0.05670448779900553,0.005501629421151289,-0.018157567886741166,-0.018157567886741166,0.5,0.01,0.5,j1_b_then_a,arithmetic
corrupted_marginals,31,2.0,geometric,0.15598514657945975,1.475523903288333,0.6799847228133157,0.08039137775182753,0.0560621789105596,0.005511828380449788,-0.019821037593684032,-0.019821037593684032,0.5,0.01,0.5,j1_b_then_a,arithmetic
corrupted_marginals,31,2.0,weighted_geometric,0.15598514657945975,1.475523903288333,0.6799847228133157,0.08039137775182753,0.0560621789105596,0.005511828380449788,-0.019821037593684032,-0.019821037593684032,0.5,0.01,0.5,j1_b_then_a,arithmetic
corrupted_marginals,31,2.0,hard_core,0.15598514657945975,1.5428390139649328,0.6975185059602462,0.16140573016939952,6.416823868524917e-14,0.016038969238238433,0.047494073082915866,0.047494073082915866,0.5,0.01,0.5,j1_b_then_a,arithmetic
corrupted_marginals,31,2.0,adaptive_soft,0.15598514657945975,1.4757438689646178,0.6800677631467159,0.0809853361137475,0.055666860680979154,0.0055136052417219155,-0.019601071917399127,-0.019601071917399127,0.5,0.01,0.5,j1_b_then_a,arithmetic
corrupted_marginals,31,2.0,selective_core,0.15598514657945975,1.4771873729952758,0.680126647071892,0.0787415628481317,0.05670448779900553,0.005501629421151289,-0.018157567886741166,-0.018157567886741166,0.5,0.01,0.5,j1_b_then_a,arithmetic
corrupted_marginals,32,2.0,j1,0.14875216665000374,1.5021195267874847,0.7021025960956448,0.09804194088471438,0.05279798999060037,0.009939739088830354,0.0,0.0,0.75,0.01,0.75,j1_b_then_a,geometric
corrupted_marginals,32,2.0,j2,0.14875216665000374,1.5116882193454384,0.7098018920009486,0.10443212505735992,0.04846558850436969,0.009939739088830354,0.009568692557953673,0.009568692557953673,0.75,0.01,0.75,j1_b_then_a,geometric
corrupted_marginals,32,2.0,selected_order,0.14875216665000374,1.5021195267874847,0.7021025960956448,0.09804194088471438,0.05279798999060037,0.009939739088830354,0.0,0.0,0.75,0.01,0.75,j1_b_then_a,geometric
corrupted_marginals,32,2.0,independent,0.14875216665000374,1.6122538790308025,0.73060514547568,0.18032359939063924,4.4171860179992306e-17,0.024277410257587295,0.1101343522433178,0.1101343522433178,0.75,0.01,0.75,j1_b_then_a,geometric
corrupted_marginals,32,2.0,arithmetic,0.14875216665000374,1.4876410355058487,0.6984018933458204,0.07516102967354252,0.050631789247485,0.00507028637886763,-0.01447849128163603,-0.01447849128163603,0.75,0.01,0.75,j1_b_then_a,geometric
corrupted_marginals,32,2.0,geometric,0.14875216665000374,1.4863696771935124,0.6983764119009004,0.07562762675746339,0.050281218787206754,0.005078994709017175,-0.015749849593972298,-0.015749849593972298,0.75,0.01,0.75,j1_b_then_a,geometric
corrupted_marginals,32,2.0,weighted_geometric,0.14875216665000374,1.4890692879295637,0.6983028711657513,0.08023098943993821,0.051455304147355,0.006286483438805183,-0.013050238857921004,-0.013050238857921004,0.75,0.01,0.75,j1_b_then_a,geometric
corrupted_marginals,32,2.0,hard_core,0.14875216665000374,1.5634725183262945,0.7233147891493441,0.14892220990021965,3.074656883803907e-14,0.011576994527606936,0.0613529915388098,0.0613529915388098,0.75,0.01,0.75,j1_b_then_a,geometric
corrupted_marginals,32,2.0,adaptive_soft,0.14875216665000374,1.4894472447328257,0.698440753047533,0.08067476541394404,0.05100500821561185,0.006258589131713305,-0.012672282054658979,-0.012672282054658979,0.75,0.01,0.75,j1_b_then_a,geometric
corrupted_marginals,32,2.0,selective_core,0.14875216665000374,1.4890692879295637,0.6983028711657513,0.08023098943993821,0.051455304147355,0.006286483438805183,-0.013050238857921004,-0.013050238857921004,0.75,0.01,0.75,j1_b_then_a,geometric
corrupted_marginals,33,2.0,j1,0.16278908692974453,1.6148038973766852,0.7244857822043198,0.10843882859289343,0.06327577618170961,0.01137878311442108,0.0,-0.022509807524247583,0.5,0.01,0.5,j2_a_then_b,arithmetic
corrupted_marginals,33,2.0,j2,0.16278908692974453,1.6373137049009328,0.7332963196477085,0.11626562791736317,0.06014084129463055,0.01137878311442108,0.022509807524247583,0.0,0.5,0.01,0.5,j2_a_then_b,arithmetic
corrupted_marginals,33,2.0,selected_order,0.16278908692974453,1.6373137049009328,0.7332963196477085,0.11626562791736317,0.06014084129463055,0.01137878311442108,0.022509807524247583,0.0,0.5,0.01,0.5,j2_a_then_b,arithmetic
corrupted_marginals,33,2.0,independent,0.16278908692974453,1.845422490405877,0.7769015136029126,0.2788881762584809,4.4215993984676043e-17,0.0654809297613414,0.23061859302919174,0.20810878550494416,0.5,0.01,0.5,j2_a_then_b,arithmetic
corrupted_marginals,33,2.0,arithmetic,0.16278908692974453,1.602589433835044,0.7197333948882421,0.0811626984643958,0.061708308738170056,0.0058067487853195755,-0.01221446354164124,-0.03472427106588882,0.5,0.01,0.5,j2_a_then_b,arithmetic
corrupted_marginals,33,2.0,geometric,0.16278908692974453,1.602491713101453,0.7197527912845595,0.08262729528802751,0.06096573915660942,0.005816839986611195,-0.012312184275232063,-0.034821991799479646,0.5,0.01,0.5,j2_a_then_b,arithmetic
corrupted_marginals,33,2.0,weighted_geometric,0.16278908692974453,1.602491713101453,0.7197527912845595,0.08262729528802751,0.06096573915660942,0.005816839986611195,-0.012312184275232063,-0.034821991799479646,0.5,0.01,0.5,j2_a_then_b,arithmetic
corrupted_marginals,33,2.0,hard_core,0.16278908692974453,1.7087667667845716,0.741999229380662,0.1697883086257511,2.0836386327265087e-14,0.019362959331907494,0.09396286940788645,0.07145306188363887,0.5,0.01,0.5,j2_a_then_b,arithmetic
corrupted_marginals,33,2.0,adaptive_soft,0.16278908692974453,1.6028450178237261,0.7198560066856742,0.08321020786482743,0.06057912062722932,0.005818608110839945,-0.011958879552959045,-0.03446868707720663,0.5,0.01,0.5,j2_a_then_b,arithmetic
corrupted_marginals,33,2.0,selective_core,0.16278908692974453,1.602589433835044,0.7197333948882421,0.0811626984643958,0.061708308738170056,0.0058067487853195755,-0.01221446354164124,-0.03472427106588882,0.5,0.01,0.5,j2_a_then_b,arithmetic
corrupted_marginals,34,2.0,j1,0.16399428302684652,1.5625275930436329,0.7228372968572487,0.11443643238602214,0.06406579975227636,0.011566295186555582,0.00518298716703125,0.00518298716703125,0.5,0.01,0.5,j2_a_then_b,geometric
corrupted_marginals,34,2.0,j2,0.16399428302684652,1.5573446058766016,0.7189530958048129,0.11232247825449128,0.06397598327218548,0.011566295186555582,0.0,0.0,0.5,0.01,0.5,j2_a_then_b,geometric
corrupted_marginals,34,2.0,selected_order,0.16399428302684652,1.5573446058766016,0.7189530958048129,0.11232247825449128,0.06397598327218548,0.011566295186555582,0.0,0.0,0.5,0.01,0.5,j2_a_then_b,geometric
corrupted_marginals,34,2.0,independent,0.16399428302684652,1.8685094806833127,0.7892286531542247,0.3160125545322159,4.0252835244690424e-17,0.07834457720460061,0.31116487480671107,0.31116487480671107,0.5,0.01,0.5,j2_a_then_b,geometric
corrupted_marginals,34,2.0,arithmetic,0.16399428302684652,1.5330773419433863,0.7113363432315021,0.08132804858876795,0.06402089151223089,0.00590434867870367,-0.02426726393321532,-0.02426726393321532,0.5,0.01,0.5,j2_a_then_b,geometric
corrupted_marginals,34,2.0,geometric,0.16399428302684652,1.5359544610278792,0.712320605841227,0.08285913186636586,0.0634858689261931,0.005914052383266421,-0.02139014484872237,-0.02139014484872237,0.5,0.01,0.5,j2_a_then_b,geometric
corrupted_marginals,34,2.0,weighted_geometric,0.16399428302684652,1.5359544610278792,0.712320605841227,0.08285913186636586,0.0634858689261931,0.005914052383266421,-0.02139014484872237,-0.02139014484872237,0.5,0.01,0.5,j2_a_then_b,geometric
corrupted_marginals,34,2.0,hard_core,0.16399428302684652,1.644053027735149,0.7405460118204639,0.1735808548419122,2.39687492537043e-14,0.021201086509996706,0.08670842185854744,0.08670842185854744,0.5,0.01,0.5,j2_a_then_b,geometric
corrupted_marginals,34,2.0,adaptive_soft,0.16399428302684652,1.5362557750225578,0.7124319197233014,0.08339019544844886,0.06314402215480526,0.005915909888185235,-0.021088830854043783,-0.021088830854043783,0.5,0.01,0.5,j2_a_then_b,geometric
corrupted_marginals,34,2.0,selective_core,0.16399428302684652,1.5359544610278792,0.712320605841227,0.08285913186636586,0.0634858689261931,0.005914052383266421,-0.02139014484872237,-0.02139014484872237,0.5,0.01,0.5,j2_a_then_b,geometric
corrupted_marginals,35,2.0,j1,0.16127468238569959,1.5493148209694074,0.7081182030147776,0.10986794797780615,0.06329056868183551,0.01139425641359599,0.0,0.0,0.5,0.01,0.5,j1_b_then_a,arithmetic
corrupted_marginals,35,2.0,j2,0.16127468238569959,1.5517669425825134,0.7173783319452698,0.11325811892284494,0.06216463249837003,0.01139425641359599,0.0024521216131059287,0.0024521216131059287,0.5,0.01,0.5,j1_b_then_a,arithmetic
corrupted_marginals,35,2.0,selected_order,0.16127468238569959,1.5493148209694074,0.7081182030147776,0.10986794797780615,0.06329056868183551,0.01139425641359599,0.0,0.0,0.5,0.01,0.5,j1_b_then_a,arithmetic
corrupted_marginals,35,2.0,independent,0.16127468238569959,1.8390357845057652,0.7728949732912096,0.3086390359743129,4.1405274391406733e-17,0.08000290291403749,0.2897209635363578,0.2897209635363578,0.5,0.01,0.5,j1_b_then_a,arithmetic
corrupted_marginals,35,2.0,arithmetic,0.16127468238569959,1.5261625408462804,0.7035038986574561,0.07987902620310791,0.06272760059010274,0.005820145098032143,-0.023152280123126978,-0.023152280123126978,0.5,0.01,0.5,j1_b_then_a,arithmetic
corrupted_marginals,35,2.0,geometric,0.16127468238569959,1.5269035627335505,0.7038847168598249,0.08092866951343404,0.062373745804807715,0.005830939256442046,-0.02241125823585688,-0.02241125823585688,0.5,0.01,0.5,j1_b_then_a,arithmetic
corrupted_marginals,35,2.0,weighted_geometric,0.16127468238569959,1.5269035627335505,0.7038847168598249,0.08092866951343404,0.062373745804807715,0.005830939256442046,-0.02241125823585688,-0.02241125823585688,0.5,0.01,0.5,j1_b_then_a,arithmetic
corrupted_marginals,35,2.0,hard_core,0.16127468238569959,1.619820069538054,0.7275504415109135,0.17134992460522558,3.311629636693677e-14,0.021240778480047337,0.0705052485686466,0.0705052485686466,0.5,0.01,0.5,j1_b_then_a,arithmetic
corrupted_marginals,35,2.0,adaptive_soft,0.16127468238569959,1.5271431815837286,0.703976976628675,0.0814566417467438,0.06203496106620688,0.005832248067019335,-0.022171639385678787,-0.022171639385678787,0.5,0.01,0.5,j1_b_then_a,arithmetic
corrupted_marginals,35,2.0,selective_core,0.16127468238569959,1.5261625408462804,0.7035038986574561,0.07987902620310791,0.06272760059010274,0.005820145098032143,-0.023152280123126978,-0.023152280123126978,0.5,0.01,0.5,j1_b_then_a,arithmetic
corrupted_marginals,36,2.0,j1,0.1583328504789824,1.5613921648678344,0.725994849753288,0.11396551049021268,0.058348412800163174,0.01092795761162234,0.004323187526469319,0.0,0.5,0.01,0.5,j1_b_then_a,arithmetic
corrupted_marginals,36,2.0,j2,0.1583328504789824,1.557068977341365,0.7213933341253662,0.10924399171226332,0.06067982267777843,0.01092795761162234,0.0,-0.004323187526469319,0.5,0.01,0.5,j1_b_then_a,arithmetic
corrupted_marginals,36,2.0,selected_order,0.1583328504789824,1.5613921648678344,0.725994849753288,0.11396551049021268,0.058348412800163174,0.01092795761162234,0.004323187526469319,0.0,0.5,0.01,0.5,j1_b_then_a,arithmetic
corrupted_marginals,36,2.0,independent,0.1583328504789824,1.8141607532788915,0.7762740344297604,0.2912585190931122,4.040800829249562e-17,0.0717515162022998,0.2570917759375264,0.2527685884110571,0.5,0.01,0.5,j1_b_then_a,arithmetic
corrupted_marginals,36,2.0,arithmetic,0.1583328504789824,1.5370991610042255,0.7150013188751977,0.08177538730373231,0.05951411773897078,0.005575639072745029,-0.019969816337139568,-0.024293003863608886,0.5,0.01,0.5,j1_b_then_a,arithmetic
corrupted_marginals,36,2.0,geometric,0.1583328504789824,1.5366018884150203,0.7150884730964792,0.08326190406160176,0.058915464478082186,0.00558448821984027,-0.020467088926344745,-0.024790276452814064,0.5,0.01,0.5,j1_b_then_a,arithmetic
corrupted_marginals,36,2.0,weighted_geometric,0.1583328504789824,1.5366018884150203,0.7150884730964792,0.08326190406160176,0.058915464478082186,0.00558448821984027,-0.020467088926344745,-0.024790276452814064,0.5,0.01,0.5,j1_b_then_a,arithmetic
corrupted_marginals,36,2.0,hard_core,0.1583328504789824,1.615034628780768,0.7368338467066221,0.16927778739416238,3.6913932038173815e-14,0.01841210513201932,0.05796565143940291,0.05364246391293359,0.5,0.01,0.5,j1_b_then_a,arithmetic
corrupted_marginals,36,2.0,adaptive_soft,0.1583328504789824,1.5368143089809214,0.7151764200586228,0.08380942214671523,0.05855442080567434,0.0055861572500718335,-0.02025466836044365,-0.02457785588691297,0.5,0.01,0.5,j1_b_then_a,arithmetic
corrupted_marginals,36,2.0,selective_core,0.1583328504789824,1.5370991610042255,0.7150013188751977,0.08177538730373231,0.05951411773897078,0.005575639072745029,-0.019969816337139568,-0.024293003863608886,0.5,0.01,0.5,j1_b_then_a,arithmetic
corrupted_marginals,37,2.0,j1,0.16114462400209306,1.571015523533576,0.7235012991475352,0.11317214897828819,0.0607217046652502,0.011280985449213975,0.005077326852390485,0.005077326852390485,0.5,0.01,0.5,j2_a_then_b,arithmetic
corrupted_marginals,37,2.0,j2,0.16114462400209306,1.5659381966811856,0.7149925106938793,0.11274365711376644,0.06119404008712935,0.011280985449213975,0.0,0.0,0.5,0.01,0.5,j2_a_then_b,arithmetic
corrupted_marginals,37,2.0,selected_order,0.16114462400209306,1.5659381966811856,0.7149925106938793,0.11274365711376644,0.06119404008712935,0.011280985449213975,0.0,0.0,0.5,0.01,0.5,j2_a_then_b,arithmetic
corrupted_marginals,37,2.0,independent,0.16114462400209306,1.8838245429224671,0.7826856323724605,0.28867433807614656,4.1774228390703546e-17,0.07372073777094093,0.31788634624128154,0.31788634624128154,0.5,0.01,0.5,j2_a_then_b,arithmetic
corrupted_marginals,37,2.0,arithmetic,0.16114462400209306,1.5432811808947098,0.710150417279815,0.08306691921242046,0.06095787237618975,0.005760049603149946,-0.02265701578647583,-0.02265701578647583,0.5,0.01,0.5,j2_a_then_b,arithmetic
corrupted_marginals,37,2.0,geometric,0.16114462400209306,1.5450948223942216,0.710728316259604,0.08383958372049138,0.06058925937072596,0.0057705710720464,-0.020843374286964034,-0.020843374286964034,0.5,0.01,0.5,j2_a_then_b,arithmetic
corrupted_marginals,37,2.0,weighted_geometric,0.16114462400209306,1.5450948223942216,0.710728316259604,0.08383958372049138,0.06058925937072596,0.0057705710720464,-0.020843374286964034,-0.020843374286964034,0.5,0.01,0.5,j2_a_then_b,arithmetic
corrupted_marginals,37,2.0,hard_core,0.16114462400209306,1.671877369739652,0.7378564035109122,0.17078298565137076,1.3710527767945627e-13,0.02108630011343256,0.10593917305846645,0.10593917305846645,0.5,0.01,0.5,j2_a_then_b,arithmetic
corrupted_marginals,37,2.0,adaptive_soft,0.16114462400209306,1.5455502659154805,0.7108817616746499,0.08439274813213027,0.06022693672304218,0.005771886565066975,-0.02038793076570511,-0.02038793076570511,0.5,0.01,0.5,j2_a_then_b,arithmetic
corrupted_marginals,37,2.0,selective_core,0.16114462400209306,1.5432811808947098,0.710150417279815,0.08306691921242046,0.06095787237618975,0.005760049603149946,-0.02265701578647583,-0.02265701578647583,0.5,0.01,0.5,j2_a_then_b,arithmetic
corrupted_marginals,38,2.0,j1,0.1547953592528192,1.5603356238421258,0.710585826417967,0.09471009326274696,0.05955189394254654,0.010495435096143466,0.0,0.0,0.5,0.01,0.5,j1_b_then_a,arithmetic
corrupted_marginals,38,2.0,j2,0.1547953592528192,1.5918323100592198,0.7285696146445091,0.1156132020392915,0.0470384778693081,0.010495435096143466,0.031496686217094005,0.031496686217094005,0.5,0.01,0.5,j1_b_then_a,arithmetic
corrupted_marginals,38,2.0,selected_order,0.1547953592528192,1.5603356238421258,0.710585826417967,0.09471009326274696,0.05955189394254654,0.010495435096143466,0.0,0.0,0.5,0.01,0.5,j1_b_then_a,arithmetic
corrupted_marginals,38,2.0,independent,0.1547953592528192,1.686660402439886,0.7470075167144505,0.194636604489526,4.3475002786154406e-17,0.027390081420416112,0.12632477859776015,0.12632477859776015,0.5,0.01,0.5,j1_b_then_a,arithmetic
corrupted_marginals,38,2.0,arithmetic,0.1547953592528192,1.5517437511771204,0.7117772097071691,0.07663459769878032,0.0532951859059273,0.005353428651646735,-0.008591872665005384,-0.008591872665005384,0.5,0.01,0.5,j1_b_then_a,arithmetic
corrupted_marginals,38,2.0,geometric,0.1547953592528192,1.5544037597476592,0.7125374063961281,0.07750801300422737,0.0527363786581876,0.005362392786688434,-0.005931864094466555,-0.005931864094466555,0.5,0.01,0.5,j1_b_then_a,arithmetic
corrupted_marginals,38,2.0,weighted_geometric,0.1547953592528192,1.5544037597476592,0.7125374063961281,0.07750801300422737,0.0527363786581876,0.005362392786688434,-0.005931864094466555,-0.005931864094466555,0.5,0.01,0.5,j1_b_then_a,arithmetic
corrupted_marginals,38,2.0,hard_core,0.1547953592528192,1.6189537658779096,0.7335556785269136,0.15377798231160655,2.0985860415428417e-14,0.012400279965562177,0.05861814203578386,0.05861814203578386,0.5,0.01,0.5,j1_b_then_a,arithmetic
corrupted_marginals,38,2.0,adaptive_soft,0.1547953592528192,1.554754595570552,0.7126604470803045,0.07815845704802787,0.05228698571386221,0.005363848648833782,-0.005581028271573807,-0.005581028271573807,0.5,0.01,0.5,j1_b_then_a,arithmetic
corrupted_marginals,38,2.0,selective_core,0.1547953592528192,1.5517437511771204,0.7117772097071691,0.07663459769878032,0.0532951859059273,0.005353428651646735,-0.008591872665005384,-0.008591872665005384,0.5,0.01,0.5,j1_b_then_a,arithmetic
corrupted_marginals,39,2.0,j1,0.1495120636525881,1.4338199169788832,0.6774094951740647,0.10147630386784572,0.057105997887294355,0.010153952358441473,0.0,0.0,0.75,0.01,0.75,j1_b_then_a,geometric
corrupted_marginals,39,2.0,j2,0.1495120636525881,1.4379515083931005,0.6791923663037293,0.10613621656312247,0.054570430732714816,0.010153952358441473,0.004131591414217262,0.004131591414217262,0.75,0.01,0.75,j1_b_then_a,geometric
corrupted_marginals,39,2.0,selected_order,0.1495120636525881,1.4338199169788832,0.6774094951740647,0.10147630386784572,0.057105997887294355,0.010153952358441473,0.0,0.0,0.75,0.01,0.75,j1_b_then_a,geometric
corrupted_marginals,39,2.0,independent,0.1495120636525881,1.6623870190747445,0.7354840882280935,0.26199780983315935,3.964041009503483e-17,0.06107894470229918,0.22856710209586129,0.22856710209586129,0.75,0.01,0.75,j1_b_then_a,geometric
corrupted_marginals,39,2.0,arithmetic,0.1495120636525881,1.4142839998862287,0.6697342234121317,0.07637868693049288,0.05583821431000457,0.005181843398109679,-0.019535917092654564,-0.019535917092654564,0.75,0.01,0.75,j1_b_then_a,geometric
corrupted_marginals,39,2.0,geometric,0.1495120636525881,1.4148788047857304,0.6705146302599542,0.07754460523818764,0.05541759808804693,0.005191707418748854,-0.018941112193152865,-0.018941112193152865,0.75,0.01,0.75,j1_b_then_a,geometric
corrupted_marginals,39,2.0,weighted_geometric,0.1495120636525881,1.419131318856485,0.6720145486164966,0.08312634577301405,0.0561646093717532,0.00645208019916817,-0.01468859812239831,-0.01468859812239831,0.75,0.01,0.75,j1_b_then_a,geometric
corrupted_marginals,39,2.0,hard_core,0.1495120636525881,1.49656454294246,0.6929775023231268,0.1567352451202616,1.209261672459154e-13,0.01764540811119983,0.06274462596357688,0.06274462596357688,0.75,0.01,0.75,j1_b_then_a,geometric
corrupted_marginals,39,2.0,adaptive_soft,0.1495120636525881,1.419283398772124,0.6720652416897536,0.08341142874222097,0.0558220767471135,0.006419920894569941,-0.014536518206759164,-0.014536518206759164,0.75,0.01,0.75,j1_b_then_a,geometric
corrupted_marginals,39,2.0,selective_core,0.1495120636525881,1.419131318856485,0.6720145486164966,0.08312634577301405,0.0561646093717532,0.00645208019916817,-0.01468859812239831,-0.01468859812239831,0.75,0.01,0.75,j1_b_then_a,geometric
corrupted_marginals,40,2.0,j1,0.15681741054117743,1.526526031522253,0.7100819701640494,0.10383767616629236,0.05965455410827765,0.010723743399073822,0.0,0.0,0.5,0.01,0.5,j1_b_then_a,arithmetic
corrupted_marginals,40,2.0,j2,0.15681741054117743,1.5353938238165752,0.7141927881006184,0.11224953667397088,0.05509552962280135,0.010723743399073822,0.008867792294322108,0.008867792294322108,0.5,0.01,0.5,j1_b_then_a,arithmetic
corrupted_marginals,40,2.0,selected_order,0.15681741054117743,1.526526031522253,0.7100819701640494,0.10383767616629236,0.05965455410827765,0.010723743399073822,0.0,0.0,0.5,0.01,0.5,j1_b_then_a,arithmetic
corrupted_marginals,40,2.0,independent,0.15681741054117743,1.771266680307289,0.762756212077622,0.2583916293156218,4.1239324146366925e-17,0.059055924032640164,0.24474064878503587,0.24474064878503587,0.5,0.01,0.5,j1_b_then_a,arithmetic
corrupted_marginals,40,2.0,arithmetic,0.15681741054117743,1.508072577406904,0.7037709851552102,0.07911307991224861,0.057375041865539475,0.005471276157075772,-0.018453454115349155,-0.018453454115349155,0.5,0.01,0.5,j1_b_then_a,arithmetic
corrupted_marginals,40,2.0,geometric,0.15681741054117743,1.5087858304655748,0.7041643137219744,0.07963263831751445,0.057117244640246125,0.005480742340576089,-0.017740201056678284,-0.017740201056678284,0.5,0.01,0.5,j1_b_then_a,arithmetic
corrupted_marginals,40,2.0,weighted_geometric,0.15681741054117743,1.5087858304655748,0.7041643137219744,0.07963263831751445,0.057117244640246125,0.005480742340576089,-0.017740201056678284,-0.017740201056678284,0.5,0.01,0.5,j1_b_then_a,arithmetic
corrupted_marginals,40,2.0,hard_core,0.15681741054117743,1.591424997438016,0.727385717899205,0.16295820251701632,7.437557957775621e-14,0.017575323254291654,0.06489896591576283,0.06489896591576283,0.5,0.01,0.5,j1_b_then_a,arithmetic
corrupted_marginals,40,2.0,adaptive_soft,0.15681741054117743,1.5090949854401594,0.7042764798704988,0.08020430793335155,0.056738394248144246,0.005481888410483145,-0.01743104608209367,-0.01743104608209367,0.5,0.01,0.5,j1_b_then_a,arithmetic
corrupted_marginals,40,2.0,selective_core,0.15681741054117743,1.508072577406904,0.7037709851552102,0.07911307991224861,0.057375041865539475,0.005471276157075772,-0.018453454115349155,-0.018453454115349155,0.5,0.01,0.5,j1_b_then_a,arithmetic
corrupted_marginals,41,2.0,j1,0.15843686798702766,1.4598889235921821,0.6928016086673188,0.11132834833843722,0.060157822394112444,0.01089675295763033,0.010362372027226341,0.010362372027226341,0.5,0.01,0.5,j2_a_then_b,geometric
corrupted_marginals,41,2.0,j2,0.15843686798702766,1.4495265515649558,0.6880354367984061,0.1076000592301042,0.062253827934621114,0.01089675295763033,0.0,0.0,0.5,0.01,0.5,j2_a_then_b,geometric
corrupted_marginals,41,2.0,selected_order,0.15843686798702766,1.4495265515649558,0.6880354367984061,0.1076000592301042,0.062253827934621114,0.01089675295763033,0.0,0.0,0.5,0.01,0.5,j2_a_then_b,geometric
corrupted_marginals,41,2.0,independent,0.15843686798702766,1.7585193433056734,0.7571158648573835,0.30575042599462837,4.166914209513539e-17,0.0784255556242955,0.3089927917407176,0.3089927917407176,0.5,0.01,0.5,j2_a_then_b,geometric
corrupted_marginals,41,2.0,arithmetic,0.15843686798702766,1.4322671287501079,0.6807410999239744,0.07978072144867132,0.061205825164366755,0.005565651660747339,-0.017259422814847936,-0.017259422814847936,0.5,0.01,0.5,j2_a_then_b,geometric
corrupted_marginals,41,2.0,geometric,0.15843686798702766,1.4321030697298154,0.6812512877891784,0.07998828679390628,0.060962418803745665,0.0055770226239883515,-0.01742348183514042,-0.01742348183514042,0.5,0.01,0.5,j2_a_then_b,geometric
corrupted_marginals,41,2.0,weighted_geometric,0.15843686798702766,1.4321030697298154,0.6812512877891784,0.07998828679390628,0.060962418803745665,0.0055770226239883515,-0.01742348183514042,-0.01742348183514042,0.5,0.01,0.5,j2_a_then_b,geometric
corrupted_marginals,41,2.0,hard_core,0.15843686798702766,1.5525390998290085,0.7106160853116986,0.16839935898633998,3.572214998305047e-14,0.020981204171493018,0.1030125482640527,0.1030125482640527,0.5,0.01,0.5,j2_a_then_b,geometric
corrupted_marginals,41,2.0,adaptive_soft,0.15843686798702766,1.4324638433326535,0.6813849865702889,0.08049329055699311,0.06064169857779131,0.005577949878560051,-0.01706270823230227,-0.01706270823230227,0.5,0.01,0.5,j2_a_then_b,geometric
corrupted_marginals,41,2.0,selective_core,0.15843686798702766,1.4321030697298154,0.6812512877891784,0.07998828679390628,0.060962418803745665,0.0055770226239883515,-0.01742348183514042,-0.01742348183514042,0.5,0.01,0.5,j2_a_then_b,geometric
corrupted_marginals,42,2.0,j1,0.1535280473873405,1.4567678372740975,0.692065593997442,0.10341860766034099,0.058526522176072,0.010332269504364153,0.0,-0.006154394221042692,0.5,0.01,0.5,j2_a_then_b,arithmetic
corrupted_marginals,42,2.0,j2,0.1535280473873405,1.4629222314951402,0.691993465749298,0.10824435150578635,0.055863652721449907,0.010332269504364153,0.006154394221042692,0.0,0.5,0.01,0.5,j2_a_then_b,arithmetic
corrupted_marginals,42,2.0,selected_order,0.1535280473873405,1.4629222314951402,0.691993465749298,0.10824435150578635,0.055863652721449907,0.010332269504364153,0.006154394221042692,0.0,0.5,0.01,0.5,j2_a_then_b,arithmetic
corrupted_marginals,42,2.0,independent,0.1535280473873405,1.7242889144120754,0.7464108734414407,0.2669489177492164,4.068951122218612e-17,0.06253533924293417,0.2675210771379779,0.2613666829169352,0.5,0.01,0.5,j2_a_then_b,arithmetic
corrupted_marginals,42,2.0,arithmetic,0.1535280473873405,1.4357995007520477,0.6835472271763167,0.07816330082304232,0.05719508744876093,0.005269378726179101,-0.02096833652204988,-0.02712273074309257,0.5,0.01,0.5,j2_a_then_b,arithmetic
corrupted_marginals,42,2.0,geometric,0.1535280473873405,1.4384946679504624,0.6848696957942892,0.07944443471640429,0.056727292946745,0.005278361685257068,-0.018273169323635097,-0.02442756354467779,0.5,0.01,0.5,j2_a_then_b,arithmetic
corrupted_marginals,42,2.0,weighted_geometric,0.1535280473873405,1.4384946679504624,0.6848696957942892,0.07944443471640429,0.056727292946745,0.005278361685257068,-0.018273169323635097,-0.02442756354467779,0.5,0.01,0.5,j2_a_then_b,arithmetic
corrupted_marginals,42,2.0,hard_core,0.1535280473873405,1.5309660067810855,0.7110322027659463,0.1618318191453559,5.0072095666812975e-14,0.01753884775897005,0.07419816950698799,0.0680437752859453,0.5,0.01,0.5,j2_a_then_b,arithmetic
corrupted_marginals,42,2.0,adaptive_soft,0.1535280473873405,1.4388415703346655,0.6850011017527433,0.07998238464125647,0.05638120373977301,0.005279837921837366,-0.017926266939432,-0.024080661160474692,0.5,0.01,0.5,j2_a_then_b,arithmetic
corrupted_marginals,42,2.0,selective_core,0.1535280473873405,1.4357995007520477,0.6835472271763167,0.07816330082304232,0.05719508744876093,0.005269378726179101,-0.02096833652204988,-0.02712273074309257,0.5,0.01,0.5,j2_a_then_b,arithmetic
corrupted_marginals,43,2.0,j1,0.14667112065050225,1.4617334624757878,0.6793692766700099,0.10291112812182406,0.054646194783045214,0.009781071297469201,0.02315866321059401,0.0,0.75,0.01,0.75,j1_b_then_a,arithmetic
corrupted_marginals,43,2.0,j2,0.14667112065050225,1.4385747992651938,0.6726012736978653,0.10266091026526786,0.054481182331615106,0.009781071297469201,0.0,-0.02315866321059401,0.75,0.01,0.75,j1_b_then_a,arithmetic
corrupted_marginals,43,2.0,selected_order,0.14667112065050225,1.4617334624757878,0.6793692766700099,0.10291112812182406,0.054646194783045214,0.009781071297469201,0.02315866321059401,0.0,0.75,0.01,0.75,j1_b_then_a,arithmetic
corrupted_marginals,43,2.0,independent,0.14667112065050225,1.6741997784771814,0.7237449092668963,0.2604108081527126,4.0598797381666967e-17,0.06361348669700619,0.23562497921198755,0.21246631600139354,0.75,0.01,0.75,j1_b_then_a,arithmetic
corrupted_marginals,43,2.0,arithmetic,0.14667112065050225,1.429726718511159,0.6681886637097986,0.0762145609154014,0.05456368855733014,0.004988078356835205,-0.00884808075403476,-0.03200674396462877,0.75,0.01,0.75,j1_b_then_a,arithmetic
corrupted_marginals,43,2.0,geometric,0.14667112065050225,1.4299546856381964,0.668401706756303,0.0770736048809506,0.05414195719376955,0.0049962016516761085,-0.008620113626997439,-0.03177877683759145,0.75,0.01,0.75,j1_b_then_a,arithmetic
corrupted_marginals,43,2.0,weighted_geometric,0.14667112065050225,1.4407821742071212,0.6719895400533634,0.08354943977300162,0.05427822357597688,0.006195137008244929,0.0022073749419273536,-0.020951288268666657,0.75,0.01,0.75,j1_b_then_a,arithmetic
corrupted_marginals,43,2.0,hard_core,0.14667112065050225,1.4932214003601145,0.6849240505432284,0.15560310883436995,3.827143686234503e-14,0.017245837154737747,0.0546466010949207,0.03148793788432669,0.75,0.01,0.75,j1_b_then_a,arithmetic
corrupted_marginals,43,2.0,adaptive_soft,0.14667112065050225,1.4407982370742694,0.671991779740842,0.08382927560479225,0.053934198730453485,0.006167178878371455,0.0022234378090755236,-0.020935225401518487,0.75,0.01,0.75,j1_b_then_a,arithmetic
corrupted_marginals,43,2.0,selective_core,0.14667112065050225,1.429726718511159,0.6681886637097986,0.0762145609154014,0.05456368855733014,0.004988078356835205,-0.00884808075403476,-0.03200674396462877,0.75,0.01,0.75,j1_b_then_a,arithmetic
corrupted_marginals,44,2.0,j1,0.1616778619427194,1.5423596780506497,0.714301440084689,0.10806282669372856,0.06279360197792574,0.01126631861878007,0.0,0.0,0.5,0.01,0.5,j1_b_then_a,arithmetic
corrupted_marginals,44,2.0,j2,0.1616778619427194,1.5442906247636066,0.7150667111388429,0.11513935837615301,0.05835161951006956,0.01126631861878007,0.0019309467129569047,0.0019309467129569047,0.5,0.01,0.5,j1_b_then_a,arithmetic
corrupted_marginals,44,2.0,selected_order,0.1616778619427194,1.5423596780506497,0.714301440084689,0.10806282669372856,0.06279360197792574,0.01126631861878007,0.0,0.0,0.5,0.01,0.5,j1_b_then_a,arithmetic
corrupted_marginals,44,2.0,independent,0.1616778619427194,1.7787568928472661,0.7656633324261822,0.27483415547271184,4.282530818681962e-17,0.06648029033790923,0.23639721479661646,0.23639721479661646,0.5,0.01,0.5,j1_b_then_a,arithmetic
corrupted_marginals,44,2.0,arithmetic,0.1616778619427194,1.5198553075045202,0.7056487670658752,0.0815849274045134,0.060572610743997626,0.005750905912614228,-0.022504370546129415,-0.022504370546129415,0.5,0.01,0.5,j1_b_then_a,arithmetic
corrupted_marginals,44,2.0,geometric,0.1616778619427194,1.5199783225762276,0.7059432552512501,0.08249781345973743,0.060257513479045115,0.005761338198356791,-0.022381355474422104,-0.022381355474422104,0.5,0.01,0.5,j1_b_then_a,arithmetic
corrupted_marginals,44,2.0,weighted_geometric,0.1616778619427194,1.5199783225762276,0.7059432552512501,0.08249781345973743,0.060257513479045115,0.005761338198356791,-0.022381355474422104,-0.022381355474422104,0.5,0.01,0.5,j1_b_then_a,arithmetic
corrupted_marginals,44,2.0,hard_core,0.1616778619427194,1.6096921057561129,0.7284230580503949,0.17008736340456074,2.301020880996277e-14,0.019554208379736746,0.06733242770546322,0.06733242770546322,0.5,0.01,0.5,j1_b_then_a,arithmetic
corrupted_marginals,44,2.0,adaptive_soft,0.1616778619427194,1.5202745093820689,0.7060531214706723,0.08306728982025013,0.059879150269290284,0.005762498498483179,-0.02208516866858079,-0.02208516866858079,0.5,0.01,0.5,j1_b_then_a,arithmetic
corrupted_marginals,44,2.0,selective_core,0.1616778619427194,1.5198553075045202,0.7056487670658752,0.0815849274045134,0.060572610743997626,0.005750905912614228,-0.022504370546129415,-0.022504370546129415,0.5,0.01,0.5,j1_b_then_a,arithmetic
corrupted_marginals,45,2.0,j1,0.16292283184060183,1.5698856052590617,0.7241822400261408,0.11046300432018753,0.06292276220067396,0.011440968202264321,0.0,0.0,0.5,0.01,0.5,j1_b_then_a,arithmetic
corrupted_marginals,45,2.0,j2,0.16292283184060183,1.5710637818946966,0.7268206979646723,0.11343798712489327,0.061076388094432985,0.011440968202264321,0.0011781766356349088,0.0011781766356349088,0.5,0.01,0.5,j1_b_then_a,arithmetic
corrupted_marginals,45,2.0,selected_order,0.16292283184060183,1.5698856052590617,0.7241822400261408,0.11046300432018753,0.06292276220067396,0.011440968202264321,0.0,0.0,0.5,0.01,0.5,j1_b_then_a,arithmetic
corrupted_marginals,45,2.0,independent,0.16292283184060183,1.7836485008292715,0.7697327349987634,0.2891963324492839,4.241397543510578e-17,0.06808439973550862,0.21376289557020978,0.21376289557020978,0.5,0.01,0.5,j1_b_then_a,arithmetic
corrupted_marginals,45,2.0,arithmetic,0.16292283184060183,1.5466630908883194,0.7161328039746707,0.08036075712934698,0.06199957514755344,0.005842283840022372,-0.023222514370742298,-0.023222514370742298,0.5,0.01,0.5,j1_b_then_a,arithmetic
corrupted_marginals,45,2.0,geometric,0.16292283184060183,1.5467341879755576,0.7161883965277375,0.08112444154857743,0.061718211858333726,0.005852963801473745,-0.023151417283504117,-0.023151417283504117,0.5,0.01,0.5,j1_b_then_a,arithmetic
corrupted_marginals,45,2.0,weighted_geometric,0.16292283184060183,1.5467341879755576,0.7161883965277375,0.08112444154857743,0.061718211858333726,0.005852963801473745,-0.023151417283504117,-0.023151417283504117,0.5,0.01,0.5,j1_b_then_a,arithmetic
corrupted_marginals,45,2.0,hard_core,0.16292283184060183,1.6458782673006607,0.7398728066160158,0.16820328817770272,2.5549119948582027e-14,0.019574778371995626,0.07599266204159894,0.07599266204159894,0.5,0.01,0.5,j1_b_then_a,arithmetic
corrupted_marginals,45,2.0,adaptive_soft,0.16292283184060183,1.5470401332274437,0.7162957149434922,0.08168426233909643,0.061349702131883135,0.005854247854024649,-0.02284547203161802,-0.02284547203161802,0.5,0.01,0.5,j1_b_then_a,arithmetic
corrupted_marginals,45,2.0,selective_core,0.16292283184060183,1.5466630908883194,0.7161328039746707,0.08036075712934698,0.06199957514755344,0.005842283840022372,-0.023222514370742298,-0.023222514370742298,0.5,0.01,0.5,j1_b_then_a,arithmetic
corrupted_marginals,46,2.0,j1,0.15295088799944098,1.526421410243367,0.7034871745949668,0.10387632034158975,0.05684998469578038,0.010421127085273658,0.0,0.0,0.5,0.01,0.5,j1_b_then_a,geometric
corrupted_marginals,46,2.0,j2,0.15295088799944098,1.5435591986711028,0.708307357096725,0.10687002280492112,0.054918483146086064,0.010421127085273658,0.017137788427735723,0.017137788427735723,0.5,0.01,0.5,j1_b_then_a,geometric
corrupted_marginals,46,2.0,selected_order,0.15295088799944098,1.526421410243367,0.7034871745949668,0.10387632034158975,0.05684998469578038,0.010421127085273658,0.0,0.0,0.5,0.01,0.5,j1_b_then_a,geometric
corrupted_marginals,46,2.0,independent,0.15295088799944098,1.7165948011500627,0.7464881991216722,0.2375897271458345,4.22672489998506e-17,0.05046989780343665,0.1901733909066956,0.1901733909066956,0.5,0.01,0.5,j1_b_then_a,geometric
corrupted_marginals,46,2.0,arithmetic,0.15295088799944098,1.513274831045158,0.6978214548022743,0.07680841453064262,0.05588423392093319,0.005321127725889012,-0.013146579198209052,-0.013146579198209052,0.5,0.01,0.5,j1_b_then_a,geometric
corrupted_marginals,46,2.0,geometric,0.15295088799944098,1.5134237152012036,0.6983857243894586,0.07731216265637428,0.055616219168600156,0.005331672855161463,-0.012997695042163526,-0.012997695042163526,0.5,0.01,0.5,j1_b_then_a,geometric
corrupted_marginals,46,2.0,weighted_geometric,0.15295088799944098,1.5134237152012036,0.6983857243894586,0.07731216265637428,0.055616219168600156,0.005331672855161463,-0.012997695042163526,-0.012997695042163526,0.5,0.01,0.5,j1_b_then_a,geometric
corrupted_marginals,46,2.0,hard_core,0.15295088799944098,1.590713022624248,0.7204414315940437,0.1580318906297322,5.649703769324433e-14,0.016164435906888427,0.06429161238088099,0.06429161238088099,0.5,0.01,0.5,j1_b_then_a,geometric
corrupted_marginals,46,2.0,adaptive_soft,0.15295088799944098,1.5137193198420955,0.6985087479982224,0.07788842869747356,0.055227132744217006,0.005332814224873603,-0.01270209040127157,-0.01270209040127157,0.5,0.01,0.5,j1_b_then_a,geometric
corrupted_marginals,46,2.0,selective_core,0.15295088799944098,1.5134237152012036,0.6983857243894586,0.07731216265637428,0.055616219168600156,0.005331672855161463,-0.012997695042163526,-0.012997695042163526,0.5,0.01,0.5,j1_b_then_a,geometric
corrupted_marginals,47,2.0,j1,0.1641900254357747,1.632465536773555,0.7450639351208895,0.11744093823283754,0.06068854993884774,0.011562175499913608,0.02048096711132308,0.02048096711132308,0.5,0.01,0.5,j2_a_then_b,arithmetic
corrupted_marginals,47,2.0,j2,0.1641900254357747,1.611984569662232,0.7339278327687032,0.11247800725098497,0.0613004227092495,0.011562175499913608,0.0,0.0,0.5,0.01,0.5,j2_a_then_b,arithmetic
corrupted_marginals,47,2.0,selected_order,0.1641900254357747,1.611984569662232,0.7339278327687032,0.11247800725098497,0.0613004227092495,0.011562175499913608,0.0,0.0,0.5,0.01,0.5,j2_a_then_b,arithmetic
corrupted_marginals,47,2.0,independent,0.1641900254357747,1.8629274267803777,0.7907349737467481,0.2861813816828442,4.184291609234141e-17,0.06929222685671677,0.2509428571181458,0.2509428571181458,0.5,0.01,0.5,j2_a_then_b,arithmetic
corrupted_marginals,47,2.0,arithmetic,0.1641900254357747,1.5979452755194508,0.7306168787546627,0.08474336539029545,0.060994486324048594,0.005900760250121169,-0.014039294142781156,-0.014039294142781156,0.5,0.01,0.5,j2_a_then_b,arithmetic
corrupted_marginals,47,2.0,geometric,0.1641900254357747,1.5982786554434087,0.7309138801954099,0.08581522439558517,0.06048338190201013,0.0059106020718018935,-0.013705914218823168,-0.013705914218823168,0.5,0.01,0.5,j2_a_then_b,arithmetic
corrupted_marginals,47,2.0,weighted_geometric,0.1641900254357747,1.5982786554434087,0.7309138801954099,0.08581522439558517,0.06048338190201013,0.0059106020718018935,-0.013705914218823168,-0.013705914218823168,0.5,0.01,0.5,j2_a_then_b,arithmetic
corrupted_marginals,47,2.0,hard_core,0.1641900254357747,1.7029285529023674,0.7571732766008499,0.17351722366592906,3.8578154942624104e-14,0.018543494028264572,0.09094398324013553,0.09094398324013553,0.5,0.01,0.5,j2_a_then_b,arithmetic
corrupted_marginals,47,2.0,adaptive_soft,0.1641900254357747,1.5986609424332416,0.7310522382296042,0.08640401097785377,0.06009390342238382,0.005912012550619613,-0.013323627228990276,-0.013323627228990276,0.5,0.01,0.5,j2_a_then_b,arithmetic
corrupted_marginals,47,2.0,selective_core,0.1641900254357747,1.5979452755194508,0.7306168787546627,0.08474336539029545,0.060994486324048594,0.005900760250121169,-0.014039294142781156,-0.014039294142781156,0.5,0.01,0.5,j2_a_then_b,arithmetic
corrupted_marginals,48,2.0,j1,0.15824138089141238,1.5723870730364355,0.7240444510477568,0.1060660690933369,0.05850510407086004,0.01079713749998066,0.0,-0.00958520238697158,0.5,0.01,0.5,j2_a_then_b,arithmetic
corrupted_marginals,48,2.0,j2,0.15824138089141238,1.5819722754234071,0.7332636233401333,0.11142022001894313,0.05661002433686704,0.01079713749998066,0.00958520238697158,0.0,0.5,0.01,0.5,j2_a_then_b,arithmetic
corrupted_marginals,48,2.0,selected_order,0.15824138089141238,1.5819722754234071,0.7332636233401333,0.11142022001894313,0.05661002433686704,0.01079713749998066,0.00958520238697158,0.0,0.5,0.01,0.5,j2_a_then_b,arithmetic
corrupted_marginals,48,2.0,independent,0.15824138089141238,1.752361737784997,0.767500116454711,0.2437910530352627,4.42725487069681e-17,0.048484104564428004,0.17997466474856139,0.1703894623615898,0.5,0.01,0.5,j2_a_then_b,arithmetic
corrupted_marginals,48,2.0,arithmetic,0.15824138089141238,1.5533771829617118,0.7202346708725748,0.07984222368528496,0.05755756420386352,0.005508166798338109,-0.019009890074723756,-0.028595092461695337,0.5,0.01,0.5,j2_a_then_b,arithmetic
corrupted_marginals,48,2.0,geometric,0.15824138089141238,1.554847471794098,0.7208622030298418,0.08098671090154573,0.05718392854306114,0.005517567749242053,-0.017539601242337444,-0.027124803629309024,0.5,0.01,0.5,j2_a_then_b,arithmetic
corrupted_marginals,48,2.0,weighted_geometric,0.15824138089141238,1.554847471794098,0.7208622030298418,0.08098671090154573,0.05718392854306114,0.005517567749242053,-0.017539601242337444,-0.027124803629309024,0.5,0.01,0.5,j2_a_then_b,arithmetic
corrupted_marginals,48,2.0,hard_core,0.15824138089141238,1.6281011865732853,0.7432732515006205,0.16362429322729552,2.6413586636376935e-14,0.015782321656095763,0.05571411353684974,0.04612891114987816,0.5,0.01,0.5,j2_a_then_b,arithmetic
corrupted_marginals,48,2.0,adaptive_soft,0.15824138089141238,1.5551520497592128,0.7209922411999405,0.08159008149785592,0.05678163338550051,0.005519054318686994,-0.017235023277222705,-0.026820225664194286,0.5,0.01,0.5,j2_a_then_b,arithmetic
corrupted_marginals,48,2.0,selective_core,0.15824138089141238,1.5533771829617118,0.7202346708725748,0.07984222368528496,0.05755756420386352,0.005508166798338109,-0.019009890074723756,-0.028595092461695337,0.5,0.01,0.5,j2_a_then_b,arithmetic
corrupted_marginals,49,2.0,j1,0.16437983593971023,1.5230512213905825,0.7000952244224178,0.11100404601970526,0.06398451554653842,0.011572037738195977,0.0,0.0,0.5,0.01,0.5,j1_b_then_a,arithmetic
corrupted_marginals,49,2.0,j2,0.16437983593971023,1.5485080844788641,0.7061201535747933,0.11630676553912032,0.061584221276086815,0.011572037738195977,0.025456863088281656,0.025456863088281656,0.5,0.01,0.5,j1_b_then_a,arithmetic
corrupted_marginals,49,2.0,selected_order,0.16437983593971023,1.5230512213905825,0.7000952244224178,0.11100404601970526,0.06398451554653842,0.011572037738195977,0.0,0.0,0.5,0.01,0.5,j1_b_then_a,arithmetic
corrupted_marginals,49,2.0,independent,0.16437983593971023,1.824544054760227,0.7661607090057251,0.29371477607703617,4.3289238296426166e-17,0.07453590656197781,0.3014928333696445,0.3014928333696445,0.5,0.01,0.5,j1_b_then_a,arithmetic
corrupted_marginals,49,2.0,arithmetic,0.16437983593971023,1.5129916218050896,0.6940955710999155,0.0823671143719898,0.06278436841131259,0.005908711435795958,-0.010059599585492851,-0.010059599585492851,0.5,0.01,0.5,j1_b_then_a,arithmetic
corrupted_marginals,49,2.0,geometric,0.16437983593971023,1.5117800759678146,0.6935916567400007,0.08310241597134302,0.062420808683661524,0.005919107560583191,-0.011271145422767859,-0.011271145422767859,0.5,0.01,0.5,j1_b_then_a,arithmetic
corrupted_marginals,49,2.0,weighted_geometric,0.16437983593971023,1.5117800759678146,0.6935916567400007,0.08310241597134302,0.062420808683661524,0.005919107560583191,-0.011271145422767859,-0.011271145422767859,0.5,0.01,0.5,j1_b_then_a,arithmetic
corrupted_marginals,49,2.0,hard_core,0.16437983593971023,1.6271694015692615,0.7209761115390443,0.17166127178325627,7.03816558527727e-14,0.02114628648284266,0.10411818017867902,0.10411818017867902,0.5,0.01,0.5,j1_b_then_a,arithmetic
corrupted_marginals,49,2.0,adaptive_soft,0.16437983593971023,1.5120911797732879,0.693712844607426,0.08365249423527112,0.06205405680928362,0.005920395010980604,-0.01096004161729458,-0.01096004161729458,0.5,0.01,0.5,j1_b_then_a,arithmetic
corrupted_marginals,49,2.0,selective_core,0.16437983593971023,1.5129916218050896,0.6940955710999155,0.0823671143719898,0.06278436841131259,0.005908711435795958,-0.010059599585492851,-0.010059599585492851,0.5,0.01,0.5,j1_b_then_a,arithmetic
asymmetric_j1_good,0,2.0,j1,0.08560492992085364,1.4454578800172553,0.6672713330682004,0.027421223535113563,0.014208938888036954,0.003993035275074747,0.0,0.0,1.0,0.01,1.0,j1_b_then_a,j1_b_then_a
asymmetric_j1_good,0,2.0,j2,0.08560492992085364,1.4717818695479459,0.674927306284406,0.08128238288317906,0.03184280242840369,0.003993035275074747,0.026323989530690595,0.026323989530690595,1.0,0.01,1.0,j1_b_then_a,j1_b_then_a
asymmetric_j1_good,0,2.0,selected_order,0.08560492992085364,1.4454578800172553,0.6672713330682004,0.027421223535113563,0.014208938888036954,0.003993035275074747,0.0,0.0,1.0,0.01,1.0,j1_b_then_a,j1_b_then_a
asymmetric_j1_good,0,2.0,independent,0.08560492992085364,1.676032201458482,0.7122189279898992,0.25502944316385595,4.09749952067287e-17,0.06608704252862622,0.2305743214412268,0.2305743214412268,1.0,0.01,1.0,j1_b_then_a,j1_b_then_a
asymmetric_j1_good,0,2.0,arithmetic,0.08560492992085364,1.4502158203641133,0.6684933091013309,0.04373155061437527,0.023025870658220298,0.002021146286130741,0.004757940346858058,0.004757940346858058,1.0,0.01,1.0,j1_b_then_a,j1_b_then_a
asymmetric_j1_good,0,2.0,geometric,0.08560492992085364,1.450507527708006,0.6685052315812791,0.04388990030020573,0.023179245290582358,0.0020225509620721066,0.005049647690750669,0.005049647690750669,1.0,0.01,1.0,j1_b_then_a,j1_b_then_a
asymmetric_j1_good,0,2.0,weighted_geometric,0.08560492992085364,1.4454578800172553,0.6672713330682003,0.027421223535113563,0.01420893888803696,0.0039930352750747475,0.0,0.0,1.0,0.01,1.0,j1_b_then_a,j1_b_then_a
asymmetric_j1_good,0,2.0,hard_core,0.08560492992085364,1.4468011043090274,0.6658100242810264,0.043618315127555915,2.4358526793985642e-14,0.004041280503369654,0.0013432242917721382,0.0013432242917721382,1.0,0.01,1.0,j1_b_then_a,j1_b_then_a
asymmetric_j1_good,0,2.0,adaptive_soft,0.08560492992085364,1.4454097925848126,0.6672451870304621,0.027333977713114428,0.014145115046559778,0.003985387861866259,-4.808743244266722e-05,-4.808743244266722e-05,1.0,0.01,1.0,j1_b_then_a,j1_b_then_a
asymmetric_j1_good,0,2.0,selective_core,0.08560492992085364,1.4454578800172553,0.6672713330682004,0.027421223535113563,0.014208938888036954,0.003993035275074747,0.0,0.0,1.0,0.01,1.0,j1_b_then_a,j1_b_then_a
asymmetric_j1_good,1,2.0,j1,0.08366272094524302,1.4591262835597736,0.6821575362566832,0.025969595004200586,0.014859291859746273,0.0038395435857469513,0.0,0.0,1.0,0.01,1.0,j1_b_then_a,j1_b_then_a
asymmetric_j1_good,1,2.0,j2,0.08366272094524302,1.483817811139627,0.6869987505310708,0.07980772775954151,0.02766301984410366,0.0038395435857469513,0.02469152757985338,0.02469152757985338,1.0,0.01,1.0,j1_b_then_a,j1_b_then_a
asymmetric_j1_good,1,2.0,selected_order,0.08366272094524302,1.4591262835597736,0.6821575362566832,0.025969595004200586,0.014859291859746273,0.0038395435857469513,0.0,0.0,1.0,0.01,1.0,j1_b_then_a,j1_b_then_a
asymmetric_j1_good,1,2.0,independent,0.08366272094524302,1.5620416730902693,0.7071395254034507,0.1496827069208619,4.3745335045336506e-17,0.0299304979937216,0.10291538953049573,0.10291538953049573,1.0,0.01,1.0,j1_b_then_a,j1_b_then_a
asymmetric_j1_good,1,2.0,arithmetic,0.08366272094524302,1.46336097971145,0.6821121683643037,0.04251188814821922,0.02126115585192494,0.0019452408908670587,0.004234696151676376,0.004234696151676376,1.0,0.01,1.0,j1_b_then_a,j1_b_then_a
asymmetric_j1_good,1,2.0,geometric,0.08366272094524302,1.463663631264566,0.6820141280289607,0.04276452733632969,0.021409544692460064,0.0019468116769701047,0.004537347704792305,0.004537347704792305,1.0,0.01,1.0,j1_b_then_a,j1_b_then_a
asymmetric_j1_good,1,2.0,weighted_geometric,0.08366272094524302,1.4591262835597736,0.6821575362566832,0.025969595004200586,0.014859291859746274,0.003839543585746951,0.0,0.0,1.0,0.01,1.0,j1_b_then_a,j1_b_then_a
asymmetric_j1_good,1,2.0,hard_core,0.08366272094524302,1.4642138996208023,0.6818862974474612,0.04364194256239675,4.777978709837212e-14,0.0033647046726115546,0.005087616061028699,0.005087616061028699,1.0,0.01,1.0,j1_b_then_a,j1_b_then_a
asymmetric_j1_good,1,2.0,adaptive_soft,0.08366272094524302,1.4590817640227025,0.6821325087361801,0.025884343296424674,0.014753474279174205,0.0038315254859849664,-4.451953707107492e-05,-4.451953707107492e-05,1.0,0.01,1.0,j1_b_then_a,j1_b_then_a
asymmetric_j1_good,1,2.0,selective_core,0.08366272094524302,1.4591262835597736,0.6821575362566832,0.025969595004200586,0.014859291859746273,0.0038395435857469513,0.0,0.0,1.0,0.01,1.0,j1_b_then_a,j1_b_then_a
asymmetric_j1_good,2,2.0,j1,0.09971473199402811,1.526608050808651,0.7110865903931756,0.030240668055094542,0.014988620774317138,0.004833731631892713,0.0,0.0,1.0,1.0,1.0,j1_b_then_a,j1_b_then_a
asymmetric_j1_good,2,2.0,j2,0.09971473199402811,1.5647741029241746,0.7267118223257291,0.09432052658233774,0.03722888250194646,0.004833731631892713,0.0381660521155236,0.0381660521155236,1.0,1.0,1.0,j1_b_then_a,j1_b_then_a
asymmetric_j1_good,2,2.0,selected_order,0.09971473199402811,1.526608050808651,0.7110865903931756,0.030240668055094542,0.014988620774317138,0.004833731631892713,0.0,0.0,1.0,1.0,1.0,j1_b_then_a,j1_b_then_a
asymmetric_j1_good,2,2.0,independent,0.09971473199402811,1.7318699789694658,0.7538781979396341,0.22800799698692933,4.205539928347872e-17,0.055405378076924194,0.2052619281608148,0.2052619281608148,1.0,1.0,1.0,j1_b_then_a,j1_b_then_a
asymmetric_j1_good,2,2.0,arithmetic,0.09971473199402811,1.535853937406198,0.7155865289659493,0.0498426748481664,0.02610875163813178,0.0024466823662376252,0.009245886597546882,0.009245886597546882,1.0,1.0,1.0,j1_b_then_a,j1_b_then_a
asymmetric_j1_good,2,2.0,geometric,0.09971473199402811,1.535861046474519,0.7156971772944555,0.05023526213672186,0.026436299248762805,0.0024483652685624814,0.009252995665868013,0.009252995665868013,1.0,1.0,1.0,j1_b_then_a,j1_b_then_a
asymmetric_j1_good,2,2.0,weighted_geometric,0.09971473199402811,1.526608050808651,0.7110865903931757,0.030240668055094542,0.014988620774317143,0.004833731631892713,0.0,0.0,1.0,1.0,1.0,j1_b_then_a,j1_b_then_a
asymmetric_j1_good,2,2.0,hard_core,0.09971473199402811,1.537351271446539,0.7134010505607887,0.04771253764153274,4.527854718765212e-14,0.0046489416296312275,0.010743220637887907,0.010743220637887907,1.0,1.0,1.0,j1_b_then_a,j1_b_then_a
asymmetric_j1_good,2,2.0,adaptive_soft,0.09971473199402811,1.5274611843912878,0.7113502318656051,0.030202533235901812,0.010029919444212176,0.004665936856707306,0.0008531335826367226,0.0008531335826367226,1.0,1.0,1.0,j1_b_then_a,j1_b_then_a
asymmetric_j1_good,2,2.0,selective_core,0.09971473199402811,1.526608050808651,0.7110865903931756,0.030240668055094542,0.014988620774317138,0.004833731631892713,0.0,0.0,1.0,1.0,1.0,j1_b_then_a,j1_b_then_a
asymmetric_j1_good,3,2.0,j1,0.08756658438772943,1.4220966848185734,0.6613771443067544,0.026869061315137947,0.013735536057126557,0.004180609207610898,0.0,0.0,1.0,0.01,1.0,j1_b_then_a,j1_b_then_a
asymmetric_j1_good,3,2.0,j2,0.08756658438772943,1.4385207467710335,0.6684492929646795,0.08336872136715147,0.030479168788095413,0.004180609207610898,0.016424061952460045,0.016424061952460045,1.0,0.01,1.0,j1_b_then_a,j1_b_then_a
asymmetric_j1_good,3,2.0,selected_order,0.08756658438772943,1.4220966848185734,0.6613771443067544,0.026869061315137947,0.013735536057126557,0.004180609207610898,0.0,0.0,1.0,0.01,1.0,j1_b_then_a,j1_b_then_a
asymmetric_j1_good,3,2.0,independent,0.08756658438772943,1.4988870735289184,0.6775734134071847,0.1447110387017619,4.538126059834557e-17,0.026977383486978954,0.07679038871034494,0.07679038871034494,1.0,0.01,1.0,j1_b_then_a,j1_b_then_a
asymmetric_j1_good,3,2.0,arithmetic,0.08756658438772943,1.4221287277290207,0.66233524854807,0.04413765831157195,0.02210735242261096,0.002118155505916775,3.204291044722751e-05,3.204291044722751e-05,1.0,0.01,1.0,j1_b_then_a,j1_b_then_a
asymmetric_j1_good,3,2.0,geometric,0.08756658438772943,1.4218068606237908,0.6624060002594494,0.04447237951882447,0.022287823585858894,0.002119940686110544,-0.00028982419478262855,-0.00028982419478262855,1.0,0.01,1.0,j1_b_then_a,j1_b_then_a
asymmetric_j1_good,3,2.0,weighted_geometric,0.08756658438772943,1.4220966848185734,0.6613771443067544,0.026869061315137943,0.01373553605712656,0.004180609207610898,0.0,0.0,1.0,0.01,1.0,j1_b_then_a,j1_b_then_a
asymmetric_j1_good,3,2.0,hard_core,0.08756658438772943,1.421998321397737,0.6616798800397122,0.044517356834287404,6.182113614837348e-14,0.0035697877981100655,-9.836342083646699e-05,-9.836342083646699e-05,1.0,0.01,1.0,j1_b_then_a,j1_b_then_a
asymmetric_j1_good,3,2.0,adaptive_soft,0.08756658438772943,1.4220272968010348,0.6613615216051854,0.026803484249609988,0.013640561021708837,0.0041734401108093205,-6.938801753864077e-05,-6.938801753864077e-05,1.0,0.01,1.0,j1_b_then_a,j1_b_then_a
asymmetric_j1_good,3,2.0,selective_core,0.08756658438772943,1.4220966848185734,0.6613771443067544,0.026869061315137947,0.013735536057126557,0.004180609207610898,0.0,0.0,1.0,0.01,1.0,j1_b_then_a,j1_b_then_a
asymmetric_j1_good,4,2.0,j1,0.08488783336998532,1.4570386100340396,0.6874512613467896,0.026289433778739123,0.014195851206646282,0.0039808999900780954,0.0,0.0,1.0,0.3,1.0,j1_b_then_a,j1_b_then_a
asymmetric_j1_good,4,2.0,j2,0.08488783336998532,1.4827019135210497,0.6958397173778169,0.0795775561123236,0.030524702035708152,0.0039808999900780954,0.02566330348701018,0.02566330348701018,1.0,0.3,1.0,j1_b_then_a,j1_b_then_a
asymmetric_j1_good,4,2.0,selected_order,0.08488783336998532,1.4570386100340396,0.6874512613467896,0.026289433778739123,0.014195851206646282,0.0039808999900780954,0.0,0.0,1.0,0.3,1.0,j1_b_then_a,j1_b_then_a
asymmetric_j1_good,4,2.0,independent,0.08488783336998532,1.5751114684707868,0.7113797755255918,0.17148180172936184,4.0829400407491055e-17,0.03642444773083994,0.1180728584367472,0.1180728584367472,1.0,0.3,1.0,j1_b_then_a,j1_b_then_a
asymmetric_j1_good,4,2.0,arithmetic,0.08488783336998532,1.461586815279357,0.6890100051628967,0.04201785184646093,0.022360276621177195,0.0020175903146403586,0.004548205245317405,0.004548205245317405,1.0,0.3,1.0,j1_b_then_a,j1_b_then_a
asymmetric_j1_good,4,2.0,geometric,0.08488783336998532,1.4617730950348087,0.6892723645723093,0.04249370050483806,0.022622594459643146,0.0020194117197961906,0.0047344850007691175,0.0047344850007691175,1.0,0.3,1.0,j1_b_then_a,j1_b_then_a
asymmetric_j1_good,4,2.0,weighted_geometric,0.08488783336998532,1.4570386100340398,0.6874512613467896,0.026289433778739123,0.014195851206646288,0.003980899990078095,2.220446049250313e-16,2.220446049250313e-16,1.0,0.3,1.0,j1_b_then_a,j1_b_then_a
asymmetric_j1_good,4,2.0,hard_core,0.08488783336998532,1.4611285787828352,0.6876662099705955,0.04300319566906418,2.387427554912877e-14,0.0036710980429931557,0.004089968748795636,0.004089968748795636,1.0,0.3,1.0,j1_b_then_a,j1_b_then_a
asymmetric_j1_good,4,2.0,adaptive_soft,0.08488783336998532,1.4563759073078022,0.687079736669036,0.025410296490521796,0.011939439827969462,0.0038487113981262467,-0.000662702726237363,-0.000662702726237363,1.0,0.3,1.0,j1_b_then_a,j1_b_then_a
asymmetric_j1_good,4,2.0,selective_core,0.08488783336998532,1.4570386100340396,0.6874512613467896,0.026289433778739123,0.014195851206646282,0.0039808999900780954,0.0,0.0,1.0,0.3,1.0,j1_b_then_a,j1_b_then_a
asymmetric_j1_good,5,2.0,j1,0.08795189325053851,1.4143308063574063,0.6724383552829187,0.027138847405848664,0.015214514763648499,0.004040670072597383,0.0,0.0,1.0,0.03,1.0,j1_b_then_a,j1_b_then_a
asymmetric_j1_good,5,2.0,j2,0.08795189325053851,1.4441271421799562,0.683825683515837,0.08300496927584429,0.029543841193384473,0.004040670072597383,0.029796335822549924,0.029796335822549924,1.0,0.03,1.0,j1_b_then_a,j1_b_then_a
asymmetric_j1_good,5,2.0,selected_order,0.08795189325053851,1.4143308063574063,0.6724383552829187,0.027138847405848664,0.015214514763648499,0.004040670072597383,0.0,0.0,1.0,0.03,1.0,j1_b_then_a,j1_b_then_a
asymmetric_j1_good,5,2.0,independent,0.08795189325053851,1.5958915927401454,0.7142182569630761,0.1894270072185346,4.098529555088379e-17,0.04507755788614392,0.1815607863827391,0.1815607863827391,1.0,0.03,1.0,j1_b_then_a,j1_b_then_a
asymmetric_j1_good,5,2.0,arithmetic,0.08795189325053851,1.422392117087763,0.6756092359206477,0.043930772221492845,0.02237917797851646,0.0020459755041409276,0.008061310730356652,0.008061310730356652,1.0,0.03,1.0,j1_b_then_a,j1_b_then_a
asymmetric_j1_good,5,2.0,geometric,0.08795189325053851,1.4210164993055145,0.6753391586745113,0.04418666772477809,0.022475276943681535,0.002047640251827432,0.006685692948108279,0.006685692948108279,1.0,0.03,1.0,j1_b_then_a,j1_b_then_a
asymmetric_j1_good,5,2.0,weighted_geometric,0.08795189325053851,1.4143308063574063,0.6724383552829187,0.027138847405848664,0.015214514763648502,0.004040670072597383,0.0,0.0,1.0,0.03,1.0,j1_b_then_a,j1_b_then_a
asymmetric_j1_good,5,2.0,hard_core,0.08795189325053851,1.4213691951100385,0.6757811687535191,0.045798051791088146,6.57851992756013e-14,0.003737094359592401,0.007038388752632185,0.007038388752632185,1.0,0.03,1.0,j1_b_then_a,j1_b_then_a
asymmetric_j1_good,5,2.0,adaptive_soft,0.08795189325053851,1.4144495529255814,0.6724998687377998,0.026868457858815375,0.014940242669527476,0.0040167534794530845,0.00011874656817512097,0.00011874656817512097,1.0,0.03,1.0,j1_b_then_a,j1_b_then_a
asymmetric_j1_good,5,2.0,selective_core,0.08795189325053851,1.4143308063574063,0.6724383552829187,0.027138847405848664,0.015214514763648499,0.004040670072597383,0.0,0.0,1.0,0.03,1.0,j1_b_then_a,j1_b_then_a
asymmetric_j1_good,6,2.0,j1,0.09135671771310636,1.4582985744758472,0.6909217575059774,0.027062256045628643,0.01485870248045288,0.004148730799326226,0.0,0.0,1.0,0.1,1.0,j1_b_then_a,j1_b_then_a
asymmetric_j1_good,6,2.0,j2,0.09135671771310636,1.507177648187685,0.7087854046827474,0.08621252314224813,0.031776677012806016,0.004148730799326226,0.04887907371183786,0.04887907371183786,1.0,0.1,1.0,j1_b_then_a,j1_b_then_a
asymmetric_j1_good,6,2.0,selected_order,0.09135671771310636,1.4582985744758472,0.6909217575059774,0.027062256045628643,0.01485870248045288,0.004148730799326226,0.0,0.0,1.0,0.1,1.0,j1_b_then_a,j1_b_then_a
asymmetric_j1_good,6,2.0,independent,0.09135671771310636,1.578777537433883,0.7176765020575832,0.15940302214763521,3.8556993969124374e-17,0.030791715723725455,0.12047896295803584,0.12047896295803584,1.0,0.1,1.0,j1_b_then_a,j1_b_then_a
asymmetric_j1_good,6,2.0,arithmetic,0.09135671771310636,1.4747221154221237,0.6970029227825546,0.0451303768833964,0.023317689746629428,0.0020975461230407976,0.016423540946276516,0.016423540946276516,1.0,0.1,1.0,j1_b_then_a,j1_b_then_a
asymmetric_j1_good,6,2.0,geometric,0.09135671771310636,1.47431766119572,0.697008835705677,0.04535286269125245,0.02352379798245155,0.0020987721493792976,0.016019086719872844,0.016019086719872844,1.0,0.1,1.0,j1_b_then_a,j1_b_then_a
asymmetric_j1_good,6,2.0,weighted_geometric,0.09135671771310636,1.4582985744758472,0.6909217575059774,0.02706225604562864,0.014858702480452882,0.004148730799326226,0.0,0.0,1.0,0.1,1.0,j1_b_then_a,j1_b_then_a
asymmetric_j1_good,6,2.0,hard_core,0.09135671771310636,1.4699695871538492,0.694827650600964,0.04539205338027257,4.375353051769986e-14,0.0036245313108444685,0.011671012678001969,0.011671012678001969,1.0,0.1,1.0,j1_b_then_a,j1_b_then_a
asymmetric_j1_good,6,2.0,adaptive_soft,0.09135671771310636,1.4584245174454087,0.6910261997601572,0.026437309621435874,0.013912288490020555,0.004084727970692403,0.00012594296956147666,0.00012594296956147666,1.0,0.1,1.0,j1_b_then_a,j1_b_then_a
asymmetric_j1_good,6,2.0,selective_core,0.09135671771310636,1.4582985744758472,0.6909217575059774,0.027062256045628643,0.01485870248045288,0.004148730799326226,0.0,0.0,1.0,0.1,1.0,j1_b_then_a,j1_b_then_a
asymmetric_j1_good,7,2.0,j1,0.08981105073816358,1.503207111169002,0.6909023209098307,0.028214035597925808,0.015161484451754024,0.004185759777965575,0.0,0.0,1.0,0.3,1.0,j1_b_then_a,j1_b_then_a
asymmetric_j1_good,7,2.0,j2,0.08981105073816358,1.517090920834282,0.694581845325057,0.0844965019317932,0.0319524034448066,0.004185759777965575,0.013883809665280022,0.013883809665280022,1.0,0.3,1.0,j1_b_then_a,j1_b_then_a
asymmetric_j1_good,7,2.0,selected_order,0.08981105073816358,1.503207111169002,0.6909023209098307,0.028214035597925808,0.015161484451754024,0.004185759777965575,0.0,0.0,1.0,0.3,1.0,j1_b_then_a,j1_b_then_a
asymmetric_j1_good,7,2.0,independent,0.08981105073816358,1.6265957758974219,0.7178708746055017,0.2072248380671709,4.2016466261091124e-17,0.04456473399286907,0.12338866472841992,0.12338866472841992,1.0,0.3,1.0,j1_b_then_a,j1_b_then_a
asymmetric_j1_good,7,2.0,arithmetic,0.08981105073816358,1.5012926547417942,0.6900944560771165,0.04484209202348153,0.023556943948280284,0.002118367725659635,-0.001914456427207778,-0.001914456427207778,1.0,0.3,1.0,j1_b_then_a,j1_b_then_a
asymmetric_j1_good,7,2.0,geometric,0.08981105073816358,1.5016456488467211,0.6901060826758303,0.045174193710175586,0.023769455013902593,0.00211981513063082,-0.0015614623222808266,-0.0015614623222808266,1.0,0.3,1.0,j1_b_then_a,j1_b_then_a
asymmetric_j1_good,7,2.0,weighted_geometric,0.08981105073816358,1.503207111169002,0.6909023209098307,0.028214035597925808,0.015161484451754028,0.0041857597779655755,0.0,0.0,1.0,0.3,1.0,j1_b_then_a,j1_b_then_a
asymmetric_j1_good,7,2.0,hard_core,0.08981105073816358,1.5068366770312576,0.69162248169798,0.04533091488391666,6.05347068722813e-14,0.0038875741985563393,0.0036295658622556015,0.0036295658622556015,1.0,0.3,1.0,j1_b_then_a,j1_b_then_a
asymmetric_j1_good,7,2.0,adaptive_soft,0.08981105073816358,1.5024719490481466,0.6907008420939729,0.027140050086387972,0.012900554194283728,0.004047419864913223,-0.0007351621208553372,-0.0007351621208553372,1.0,0.3,1.0,j1_b_then_a,j1_b_then_a
asymmetric_j1_good,7,2.0,selective_core,0.08981105073816358,1.503207111169002,0.6909023209098307,0.028214035597925808,0.015161484451754024,0.004185759777965575,0.0,0.0,1.0,0.3,1.0,j1_b_then_a,j1_b_then_a
asymmetric_j1_good,8,2.0,j1,0.08834136798918343,1.5024059242734114,0.7062881374494235,0.02977884221459718,0.016532754705138132,0.004052178287747389,0.0,0.0,1.0,0.3,1.0,j1_b_then_a,j1_b_then_a
asymmetric_j1_good,8,2.0,j2,0.08834136798918343,1.536300183970201,0.7163445253455658,0.08304705150213286,0.0319771005419389,0.004052178287747389,0.03389425969678972,0.03389425969678972,1.0,0.3,1.0,j1_b_then_a,j1_b_then_a
asymmetric_j1_good,8,2.0,selected_order,0.08834136798918343,1.5024059242734114,0.7062881374494235,0.02977884221459718,0.016532754705138132,0.004052178287747389,0.0,0.0,1.0,0.3,1.0,j1_b_then_a,j1_b_then_a
asymmetric_j1_good,8,2.0,independent,0.08834136798918343,1.794682466487503,0.7650893948256343,0.3072654825876719,3.7881156544905536e-17,0.08129518470372737,0.2922765422140916,0.2922765422140916,1.0,0.3,1.0,j1_b_then_a,j1_b_then_a
asymmetric_j1_good,8,2.0,arithmetic,0.08834136798918343,1.5104439251294148,0.7087500347944027,0.04499438069895417,0.02425492762353849,0.0020522764746597087,0.00803800085600348,0.00803800085600348,1.0,0.3,1.0,j1_b_then_a,j1_b_then_a
asymmetric_j1_good,8,2.0,geometric,0.08834136798918343,1.511118589019828,0.7089343793319461,0.04536807855618895,0.024435590675956406,0.00205419281849701,0.008712664746416632,0.008712664746416632,1.0,0.3,1.0,j1_b_then_a,j1_b_then_a
asymmetric_j1_good,8,2.0,weighted_geometric,0.08834136798918343,1.5024059242734111,0.7062881374494235,0.02977884221459718,0.016532754705138132,0.00405217828774739,-2.220446049250313e-16,-2.220446049250313e-16,1.0,0.3,1.0,j1_b_then_a,j1_b_then_a
asymmetric_j1_good,8,2.0,hard_core,0.08834136798918343,1.505358464285126,0.7063475089546541,0.04855977096557527,2.3947824734533994e-14,0.004290710698663901,0.002952540011714744,0.002952540011714744,1.0,0.3,1.0,j1_b_then_a,j1_b_then_a
asymmetric_j1_good,8,2.0,adaptive_soft,0.08834136798918343,1.501406838632322,0.7058991900952823,0.028309370345687458,0.014719965294568331,0.0038914830904214766,-0.0009990856410893034,-0.0009990856410893034,1.0,0.3,1.0,j1_b_then_a,j1_b_then_a
asymmetric_j1_good,8,2.0,selective_core,0.08834136798918343,1.5024059242734114,0.7062881374494235,0.02977884221459718,0.016532754705138132,0.004052178287747389,0.0,0.0,1.0,0.3,1.0,j1_b_then_a,j1_b_then_a
asymmetric_j1_good,9,2.0,j1,0.08198949873291486,1.3993933952733693,0.6551089157096108,0.02656448040768825,0.014199197089909889,0.0037470774418772333,0.0,0.0,1.0,1.0,0.75,j1_b_then_a,soft
asymmetric_j1_good,9,2.0,j2,0.08198949873291486,1.4288978146370264,0.6651843006008485,0.07784389658806015,0.028849111239776366,0.0037470774418772333,0.02950441936365711,0.02950441936365711,1.0,1.0,0.75,j1_b_then_a,soft
asymmetric_j1_good,9,2.0,selected_order,0.08198949873291486,1.3993933952733693,0.6551089157096108,0.02656448040768825,0.014199197089909889,0.0037470774418772333,0.0,0.0,1.0,1.0,0.75,j1_b_then_a,soft
asymmetric_j1_good,9,2.0,independent,0.08198949873291486,1.50589101308065,0.6826621820157548,0.17102224583185144,4.6645705452776165e-17,0.0362914495345532,0.10649761780728073,0.10649761780728073,1.0,1.0,0.75,j1_b_then_a,soft
asymmetric_j1_good,9,2.0,arithmetic,0.08198949873291486,1.406617647024221,0.657636301697136,0.04176524321440063,0.021524154164843105,0.0018968260393392273,0.00722425175085184,0.00722425175085184,1.0,1.0,0.75,j1_b_then_a,soft
asymmetric_j1_good,9,2.0,geometric,0.08198949873291486,1.4065321233768449,0.6575812913538391,0.04217045246000016,0.021662317776892415,0.0018981472104221161,0.0071387281034756,0.0071387281034756,1.0,1.0,0.75,j1_b_then_a,soft
asymmetric_j1_good,9,2.0,weighted_geometric,0.08198949873291486,1.4010284306180691,0.6556739610912989,0.028965960655315932,0.01792934709506096,0.0023501592552449928,0.0016350353446998867,0.0016350353446998867,1.0,1.0,0.75,j1_b_then_a,soft
asymmetric_j1_good,9,2.0,hard_core,0.08198949873291486,1.4112108127768423,0.6581983092629892,0.04284572362772497,5.870052211186082e-14,0.0034625789842187933,0.011817417503473093,0.011817417503473093,1.0,1.0,0.75,j1_b_then_a,soft
asymmetric_j1_good,9,2.0,adaptive_soft,0.08198949873291486,1.4021992526320068,0.6559526347260402,0.02719512420456845,0.008834267810981513,0.003576798384539922,0.002805857358637587,0.002805857358637587,1.0,1.0,0.75,j1_b_then_a,soft
asymmetric_j1_good,9,2.0,selective_core,0.08198949873291486,1.401648271503278,0.6558481533355625,0.028736224448981475,0.014458289093088168,0.0024242866036812655,0.002254876229908831,0.002254876229908831,1.0,1.0,0.75,j1_b_then_a,soft
asymmetric_j1_good,10,2.0,j1,0.0846743548296065,1.364343790455412,0.6506730047504181,0.027611911777432507,0.01432069777320492,0.004018637071966507,0.0,0.0,0.75,0.3,0.75,j1_b_then_a,soft
asymmetric_j1_good,10,2.0,j2,0.0846743548296065,1.3916704776379618,0.659164344383727,0.07823755485965071,0.03129248829840003,0.004018637071966507,0.027326687182549714,0.027326687182549714,0.75,0.3,0.75,j1_b_then_a,soft
asymmetric_j1_good,10,2.0,selected_order,0.0846743548296065,1.364343790455412,0.6506730047504181,0.027611911777432507,0.01432069777320492,0.004018637071966507,0.0,0.0,0.75,0.3,0.75,j1_b_then_a,soft
asymmetric_j1_good,10,2.0,independent,0.0846743548296065,1.5920140355380157,0.7008278270658688,0.22270421169762153,4.1299388496736366e-17,0.05662483413262811,0.22767024508260358,0.22767024508260358,0.75,0.3,0.75,j1_b_then_a,soft
asymmetric_j1_good,10,2.0,arithmetic,0.0846743548296065,1.3692952970838956,0.652229303927755,0.04188467408165515,0.02280659303580245,0.0020383377095982277,0.004951506628483537,0.004951506628483537,0.75,0.3,0.75,j1_b_then_a,soft
asymmetric_j1_good,10,2.0,geometric,0.0846743548296065,1.3698206821338421,0.6525345009821869,0.04200377212349463,0.022881253997243747,0.002040309642648927,0.005476891678430018,0.005476891678430018,0.75,0.3,0.75,j1_b_then_a,soft
asymmetric_j1_good,10,2.0,weighted_geometric,0.0846743548296065,1.365033483635435,0.6509970320932305,0.029143839467958364,0.018604343901683314,0.002535438166015726,0.0006896931800228767,0.0006896931800228767,0.75,0.3,0.75,j1_b_then_a,soft
asymmetric_j1_good,10,2.0,hard_core,0.0846743548296065,1.372797305909561,0.6521235103449288,0.04340331047996605,3.9364767810023307e-14,0.004104628862046692,0.008453515454148963,0.008453515454148963,0.75,0.3,0.75,j1_b_then_a,soft
asymmetric_j1_good,10,2.0,adaptive_soft,0.0846743548296065,1.3650067014628335,0.6509808196058638,0.028645120431380258,0.01539767806684123,0.002619175064020995,0.0006629110074214406,0.0006629110074214406,0.75,0.3,0.75,j1_b_then_a,soft
asymmetric_j1_good,10,2.0,selective_core,0.0846743548296065,1.3650067014628335,0.6509808196058638,0.028645120431380258,0.01539767806684123,0.002619175064020995,0.0006629110074214406,0.0006629110074214406,0.75,0.3,0.75,j1_b_then_a,soft
asymmetric_j1_good,11,2.0,j1,0.08024563078667252,1.3798502671169512,0.64490595556702,0.023111291174716136,0.013430124456301035,0.003699409976878976,0.0,0.0,1.0,0.01,1.0,j1_b_then_a,j1_b_then_a
asymmetric_j1_good,11,2.0,j2,0.08024563078667252,1.4111463563505793,0.6553988975895616,0.07572184257519574,0.026831570003858708,0.003699409976878976,0.03129608923362803,0.03129608923362803,1.0,0.01,1.0,j1_b_then_a,j1_b_then_a
asymmetric_j1_good,11,2.0,selected_order,0.08024563078667252,1.3798502671169512,0.64490595556702,0.023111291174716136,0.013430124456301035,0.003699409976878976,0.0,0.0,1.0,0.01,1.0,j1_b_then_a,j1_b_then_a
asymmetric_j1_good,11,2.0,independent,0.08024563078667252,1.4164363954421972,0.6531139418481907,0.09196248818076642,4.484196001478468e-17,0.01402111651224524,0.03658612832524599,0.03658612832524599,1.0,0.01,1.0,j1_b_then_a,j1_b_then_a
asymmetric_j1_good,11,2.0,arithmetic,0.08024563078667252,1.387691623938748,0.6477767677758526,0.0392429832991129,0.020130847230079848,0.0018743296465027677,0.007841356821796763,0.007841356821796763,1.0,0.01,1.0,j1_b_then_a,j1_b_then_a
asymmetric_j1_good,11,2.0,geometric,0.08024563078667252,1.3879742600123923,0.6477361848815785,0.03954568689181158,0.02025701897662653,0.001875909269966136,0.008123992895441079,0.008123992895441079,1.0,0.01,1.0,j1_b_then_a,j1_b_then_a
asymmetric_j1_good,11,2.0,weighted_geometric,0.08024563078667252,1.3798502671169512,0.64490595556702,0.023111291174716136,0.01343012445630104,0.003699409976878976,0.0,0.0,1.0,0.01,1.0,j1_b_then_a,j1_b_then_a
asymmetric_j1_good,11,2.0,hard_core,0.08024563078667252,1.3854834400883733,0.6475731667389774,0.03959525653806729,1.449941663557459e-14,0.0031380705691466727,0.0056331729714220735,0.0056331729714220735,1.0,0.01,1.0,j1_b_then_a,j1_b_then_a
asymmetric_j1_good,11,2.0,adaptive_soft,0.08024563078667252,1.3798508435822945,0.6449080396273874,0.023036472422409072,0.013320404916214222,0.003692422582704796,5.764653432382971e-07,5.764653432382971e-07,1.0,0.01,1.0,j1_b_then_a,j1_b_then_a
asymmetric_j1_good,11,2.0,selective_core,0.08024563078667252,1.3798502671169512,0.64490595556702,0.023111291174716136,0.013430124456301035,0.003699409976878976,0.0,0.0,1.0,0.01,1.0,j1_b_then_a,j1_b_then_a
asymmetric_j1_good,12,2.0,j1,0.0949949999181838,1.5272407873284308,0.7050613008506509,0.02920288094588091,0.015492569887553589,0.004550095251534781,0.0,0.0,0.75,0.3,0.75,j1_b_then_a,soft
asymmetric_j1_good,12,2.0,j2,0.0949949999181838,1.5504850602808191,0.7094444322731625,0.08870699033655818,0.034612001123375674,0.004550095251534781,0.02324427295238829,0.02324427295238829,0.75,0.3,0.75,j1_b_then_a,soft
asymmetric_j1_good,12,2.0,selected_order,0.0949949999181838,1.5272407873284308,0.7050613008506509,0.02920288094588091,0.015492569887553589,0.004550095251534781,0.0,0.0,0.75,0.3,0.75,j1_b_then_a,soft
asymmetric_j1_good,12,2.0,independent,0.0949949999181838,1.7249456430327827,0.7470967407129685,0.24804157330433485,4.3992323076492285e-17,0.05948095612144608,0.19770485570435192,0.19770485570435192,0.75,0.3,0.75,j1_b_then_a,soft
asymmetric_j1_good,12,2.0,arithmetic,0.0949949999181838,1.5287923871314688,0.7042979269081118,0.04681236756691679,0.02505228550546461,0.0023047952512536673,0.001551599803037984,0.001551599803037984,0.75,0.3,0.75,j1_b_then_a,soft
asymmetric_j1_good,12,2.0,geometric,0.0949949999181838,1.529607191565287,0.7043274454064186,0.047038911150681345,0.025250367881770243,0.002306843494350561,0.002366404236856079,0.002366404236856079,0.75,0.3,0.75,j1_b_then_a,soft
asymmetric_j1_good,12,2.0,weighted_geometric,0.0949949999181838,1.5260972633706087,0.7039521669691571,0.031789729300273406,0.020382307252141386,0.002864483802970694,-0.0011435239578221346,-0.0011435239578221346,0.75,0.3,0.75,j1_b_then_a,soft
asymmetric_j1_good,12,2.0,hard_core,0.0949949999181838,1.5335457434853859,0.7046306149624931,0.04717414298861436,5.203492261843224e-14,0.004464415939099175,0.006304956156955033,0.006304956156955033,0.75,0.3,0.75,j1_b_then_a,soft
asymmetric_j1_good,12,2.0,adaptive_soft,0.0949949999181838,1.5260456253529693,0.7038345418724486,0.03130063909803079,0.01674142770927485,0.002959956342367288,-0.001195161975461545,-0.001195161975461545,0.75,0.3,0.75,j1_b_then_a,soft
asymmetric_j1_good,12,2.0,selective_core,0.0949949999181838,1.5260456253529693,0.7038345418724486,0.03130063909803079,0.01674142770927485,0.002959956342367288,-0.001195161975461545,-0.001195161975461545,0.75,0.3,0.75,j1_b_then_a,soft
asymmetric_j1_good,13,2.0,j1,0.08541718461150796,1.4480772938007496,0.6780029536008283,0.02863184689809056,0.014915433498157766,0.003997966374558995,0.0,0.0,1.0,0.01,1.0,j1_b_then_a,j1_b_then_a
asymmetric_j1_good,13,2.0,j2,0.08541718461150796,1.4755473217087924,0.685749034908349,0.08040725443919798,0.0313630654609924,0.003997966374558995,0.02747002790804287,0.02747002790804287,1.0,0.01,1.0,j1_b_then_a,j1_b_then_a
asymmetric_j1_good,13,2.0,selected_order,0.08541718461150796,1.4480772938007496,0.6780029536008283,0.02863184689809056,0.014915433498157766,0.003997966374558995,0.0,0.0,1.0,0.01,1.0,j1_b_then_a,j1_b_then_a
asymmetric_j1_good,13,2.0,independent,0.08541718461150796,1.6420063060115848,0.7206243027740654,0.2470975858188498,4.154248017633477e-17,0.06272770781106418,0.19392901221083525,0.19392901221083525,1.0,0.01,1.0,j1_b_then_a,j1_b_then_a
asymmetric_j1_good,13,2.0,arithmetic,0.08541718461150796,1.4533804792144183,0.6792870729660769,0.04322612523298017,0.023139249479575057,0.0020257586325295443,0.0053031854136686984,0.0053031854136686984,1.0,0.01,1.0,j1_b_then_a,j1_b_then_a
asymmetric_j1_good,13,2.0,geometric,0.08541718461150796,1.4536810980753612,0.6793260047671353,0.04325769152228837,0.02333050146702619,0.0020274054246338206,0.005603804274611601,0.005603804274611601,1.0,0.01,1.0,j1_b_then_a,j1_b_then_a
asymmetric_j1_good,13,2.0,weighted_geometric,0.08541718461150796,1.4480772938007493,0.6780029536008283,0.02863184689809056,0.014915433498157767,0.003997966374558995,-2.220446049250313e-16,-2.220446049250313e-16,1.0,0.01,1.0,j1_b_then_a,j1_b_then_a
asymmetric_j1_good,13,2.0,hard_core,0.08541718461150796,1.4548359412238905,0.6793820344258192,0.045033213426679965,2.4063872585116524e-14,0.0041255615906842045,0.006758647423140918,0.006758647423140918,1.0,0.01,1.0,j1_b_then_a,j1_b_then_a
asymmetric_j1_good,13,2.0,adaptive_soft,0.08541718461150796,1.4480598437382333,0.6779884809838034,0.028516303720500367,0.01484616243010615,0.003989676880440489,-1.745006251629988e-05,-1.745006251629988e-05,1.0,0.01,1.0,j1_b_then_a,j1_b_then_a
asymmetric_j1_good,13,2.0,selective_core,0.08541718461150796,1.4480772938007496,0.6780029536008283,0.02863184689809056,0.014915433498157766,0.003997966374558995,0.0,0.0,1.0,0.01,1.0,j1_b_then_a,j1_b_then_a
asymmetric_j1_good,14,2.0,j1,0.08224749119928157,1.4103874749636247,0.66195471840962,0.024704417268048662,0.013863468783498893,0.0038245717295501383,0.0,0.0,0.75,0.01,0.75,j1_b_then_a,geometric
asymmetric_j1_good,14,2.0,j2,0.08224749119928157,1.4370125675463896,0.6706137403519566,0.0778208943507177,0.02744808789119923,0.0038245717295501383,0.02662509258276491,0.02662509258276491,0.75,0.01,0.75,j1_b_then_a,geometric
asymmetric_j1_good,14,2.0,selected_order,0.08224749119928157,1.4103874749636247,0.66195471840962,0.024704417268048662,0.013863468783498893,0.0038245717295501383,0.0,0.0,0.75,0.01,0.75,j1_b_then_a,geometric
asymmetric_j1_good,14,2.0,independent,0.08224749119928157,1.4606624183079726,0.6715567092159916,0.11478426000652238,3.793020314068335e-17,0.0185950541699627,0.0502749433443479,0.0502749433443479,0.75,0.01,0.75,j1_b_then_a,geometric
asymmetric_j1_good,14,2.0,arithmetic,0.08224749119928157,1.4159956700165395,0.6639593910771713,0.040835053577185774,0.02065577833734904,0.001937731354088748,0.005608195052914766,0.005608195052914766,0.75,0.01,0.75,j1_b_then_a,geometric
asymmetric_j1_good,14,2.0,geometric,0.08224749119928157,1.415924894570279,0.663900190757015,0.04088328007560747,0.020649379293189482,0.0019393345856380457,0.005537419606654215,0.005537419606654215,0.75,0.01,0.75,j1_b_then_a,geometric
asymmetric_j1_good,14,2.0,weighted_geometric,0.08224749119928157,1.4112089090243052,0.6623218024193419,0.027016072805753466,0.017234024674776038,0.0024104868097911294,0.0008214340606804704,0.0008214340606804704,0.75,0.01,0.75,j1_b_then_a,geometric
asymmetric_j1_good,14,2.0,hard_core,0.08224749119928157,1.4146221547046753,0.6619322474697598,0.04168829829498641,4.602525374437349e-14,0.00323176517164444,0.004234679741050629,0.004234679741050629,0.75,0.01,0.75,j1_b_then_a,geometric
asymmetric_j1_good,14,2.0,adaptive_soft,0.08224749119928157,1.4111915719560622,0.6623059141270785,0.026997707924148705,0.017073363076512946,0.002412420227120111,0.0008040969924374419,0.0008040969924374419,0.75,0.01,0.75,j1_b_then_a,geometric
asymmetric_j1_good,14,2.0,selective_core,0.08224749119928157,1.4112089090243052,0.6623218024193419,0.027016072805753466,0.017234024674776038,0.0024104868097911294,0.0008214340606804704,0.0008214340606804704,0.75,0.01,0.75,j1_b_then_a,geometric
asymmetric_j1_good,15,2.0,j1,0.08341793016898015,1.3891994344009464,0.6504531766740149,0.026389153665746644,0.01390984204705356,0.0039315163587651915,0.0,0.0,1.0,0.01,1.0,j1_b_then_a,j1_b_then_a
asymmetric_j1_good,15,2.0,j2,0.08341793016898015,1.4038907099739697,0.6543162054103944,0.0793792414624493,0.02966046413715735,0.0039315163587651915,0.014691275573023299,0.014691275573023299,1.0,0.01,1.0,j1_b_then_a,j1_b_then_a
asymmetric_j1_good,15,2.0,selected_order,0.08341793016898015,1.3891994344009464,0.6504531766740149,0.026389153665746644,0.01390984204705356,0.0039315163587651915,0.0,0.0,1.0,0.01,1.0,j1_b_then_a,j1_b_then_a
asymmetric_j1_good,15,2.0,independent,0.08341793016898015,1.5973379572257602,0.6911673611278055,0.20144386909107648,4.183292438581648e-17,0.0526946476851887,0.20813852282481382,0.20813852282481382,1.0,0.01,1.0,j1_b_then_a,j1_b_then_a
asymmetric_j1_good,15,2.0,arithmetic,0.08341793016898015,1.388970292232548,0.6498133493517215,0.04267127978086045,0.021785153092105432,0.0019927354312408176,-0.00022914216839842183,-0.00022914216839842183,1.0,0.01,1.0,j1_b_then_a,j1_b_then_a
asymmetric_j1_good,15,2.0,geometric,0.08341793016898015,1.3885418677649324,0.6496313210013058,0.0428471074947726,0.02195166990676527,0.00199457052683742,-0.0006575666360140175,-0.0006575666360140175,1.0,0.01,1.0,j1_b_then_a,j1_b_then_a
asymmetric_j1_good,15,2.0,weighted_geometric,0.08341793016898015,1.3891994344009464,0.6504531766740149,0.026389153665746644,0.013909842047053563,0.0039315163587651915,0.0,0.0,1.0,0.01,1.0,j1_b_then_a,j1_b_then_a
asymmetric_j1_good,15,2.0,hard_core,0.08341793016898015,1.393770136771283,0.6510127210996657,0.042762351026065105,3.559004798498171e-14,0.0038725852804743005,0.004570702370336521,0.004570702370336521,1.0,0.01,1.0,j1_b_then_a,j1_b_then_a
asymmetric_j1_good,15,2.0,adaptive_soft,0.08341793016898015,1.3891452281293841,0.6504360977944543,0.026302037598628224,0.013832472003828492,0.003924253728494912,-5.4206271562273756e-05,-5.4206271562273756e-05,1.0,0.01,1.0,j1_b_then_a,j1_b_then_a
asymmetric_j1_good,15,2.0,selective_core,0.08341793016898015,1.3891994344009464,0.6504531766740149,0.026389153665746644,0.01390984204705356,0.0039315163587651915,0.0,0.0,1.0,0.01,1.0,j1_b_then_a,j1_b_then_a
asymmetric_j1_good,16,2.0,j1,0.09619903791870632,1.5525717834547905,0.7263220207299,0.0312732843556024,0.015452998625428517,0.004631042638462197,0.0,0.0,0.75,1.0,0.75,j1_b_then_a,soft
asymmetric_j1_good,16,2.0,j2,0.09619903791870632,1.5882347111018162,0.7360024767995055,0.09023034835864602,0.03467871918982688,0.004631042638462197,0.03566292764702572,0.03566292764702572,0.75,1.0,0.75,j1_b_then_a,soft
asymmetric_j1_good,16,2.0,selected_order,0.09619903791870632,1.5525717834547905,0.7263220207299,0.0312732843556024,0.015452998625428517,0.004631042638462197,0.0,0.0,0.75,1.0,0.75,j1_b_then_a,soft
asymmetric_j1_good,16,2.0,independent,0.09619903791870632,1.778176367484226,0.7692429704172328,0.22254549316218267,4.17390138429544e-17,0.06057188279658546,0.2256045840294354,0.2256045840294354,0.75,1.0,0.75,j1_b_then_a,soft
asymmetric_j1_good,16,2.0,arithmetic,0.09619903791870632,1.5593449142997373,0.7281264161615636,0.048024084416039184,0.025065858907627674,0.002345520312003208,0.006773130844946795,0.006773130844946795,0.75,1.0,0.75,j1_b_then_a,soft
asymmetric_j1_good,16,2.0,geometric,0.09619903791870632,1.5609780599361918,0.7284782600421971,0.0483805290415972,0.025302667253606848,0.0023473045271127898,0.008406276481401243,0.008406276481401243,0.75,1.0,0.75,j1_b_then_a,soft
asymmetric_j1_good,16,2.0,weighted_geometric,0.09619903791870632,1.5543954448574495,0.7267182832077645,0.03304175116241671,0.02038804316700621,0.0029114592876958306,0.0018236614026589937,0.0018236614026589937,0.75,1.0,0.75,j1_b_then_a,soft
asymmetric_j1_good,16,2.0,hard_core,0.09619903791870632,1.5569747319986689,0.7271365424413155,0.04980237716672192,2.3183457215601723e-14,0.004622139528315868,0.004402948543878349,0.004402948543878349,0.75,1.0,0.75,j1_b_then_a,soft
asymmetric_j1_good,16,2.0,adaptive_soft,0.09619903791870632,1.5536906395934567,0.7264651344816546,0.03406882696096066,0.012366964903645201,0.0032410090845367517,0.0011188561386661355,0.0011188561386661355,0.75,1.0,0.75,j1_b_then_a,soft
asymmetric_j1_good,16,2.0,selective_core,0.09619903791870632,1.5536906395934567,0.7264651344816546,0.03406882696096066,0.012366964903645201,0.0032410090845367517,0.0011188561386661355,0.0011188561386661355,0.75,1.0,0.75,j1_b_then_a,soft
asymmetric_j1_good,17,2.0,j1,0.08950004807550536,1.4392432512394149,0.672189987127645,0.02991281498040451,0.015801789218577767,0.004287416042566112,0.0,0.0,1.0,0.01,1.0,j1_b_then_a,j1_b_then_a
asymmetric_j1_good,17,2.0,j2,0.08950004807550536,1.4757806489250571,0.6845263725216982,0.08285998679402863,0.033757333159689595,0.004287416042566112,0.03653739768564224,0.03653739768564224,1.0,0.01,1.0,j1_b_then_a,j1_b_then_a
asymmetric_j1_good,17,2.0,selected_order,0.08950004807550536,1.4392432512394149,0.672189987127645,0.02991281498040451,0.015801789218577767,0.004287416042566112,0.0,0.0,1.0,0.01,1.0,j1_b_then_a,j1_b_then_a
asymmetric_j1_good,17,2.0,independent,0.08950004807550536,1.7554228773472895,0.7437249654093533,0.30776990036668755,3.9096357444881604e-17,0.08294088306911081,0.31617962610787465,0.31617962610787465,1.0,0.01,1.0,j1_b_then_a,j1_b_then_a
asymmetric_j1_good,17,2.0,arithmetic,0.08950004807550536,1.4487612984554925,0.6756269731450344,0.0444574519627095,0.02477956118913366,0.002173786981666516,0.00951804721607763,0.00951804721607763,1.0,0.01,1.0,j1_b_then_a,j1_b_then_a
asymmetric_j1_good,17,2.0,geometric,0.08950004807550536,1.4487861882421325,0.6754799231964996,0.0447203867469066,0.025090624283613937,0.0021758905949606573,0.009542937002717577,0.009542937002717577,1.0,0.01,1.0,j1_b_then_a,j1_b_then_a
asymmetric_j1_good,17,2.0,weighted_geometric,0.08950004807550536,1.4392432512394149,0.672189987127645,0.029912814980404503,0.01580178921857777,0.004287416042566112,0.0,0.0,1.0,0.01,1.0,j1_b_then_a,j1_b_then_a
asymmetric_j1_good,17,2.0,hard_core,0.08950004807550536,1.4469500113688485,0.6733524769215387,0.04674208247315476,8.285455714530585e-14,0.004684783530778017,0.00770676012943361,0.00770676012943361,1.0,0.01,1.0,j1_b_then_a,j1_b_then_a
asymmetric_j1_good,17,2.0,adaptive_soft,0.08950004807550536,1.4392054830250185,0.6721731461068948,0.02980357067209713,0.015741661312122575,0.004278297037180979,-3.7768214396383115e-05,-3.7768214396383115e-05,1.0,0.01,1.0,j1_b_then_a,j1_b_then_a
asymmetric_j1_good,17,2.0,selective_core,0.08950004807550536,1.4392432512394149,0.672189987127645,0.02991281498040451,0.015801789218577767,0.004287416042566112,0.0,0.0,1.0,0.01,1.0,j1_b_then_a,j1_b_then_a
asymmetric_j1_good,18,2.0,j1,0.07944186530385085,1.396346607009229,0.6531834066013462,0.026769680329520384,0.015636541359688373,0.0036399263909997225,0.0,0.0,0.75,0.01,0.75,j1_b_then_a,geometric
asymmetric_j1_good,18,2.0,j2,0.07944186530385085,1.420171995453279,0.6595205448640438,0.07447991032296303,0.02660543607661383,0.0036399263909997225,0.023825388444050022,0.023825388444050022,0.75,0.01,0.75,j1_b_then_a,geometric
asymmetric_j1_good,18,2.0,selected_order,0.07944186530385085,1.396346607009229,0.6531834066013462,0.026769680329520384,0.015636541359688373,0.0036399263909997225,0.0,0.0,0.75,0.01,0.75,j1_b_then_a,geometric
asymmetric_j1_good,18,2.0,independent,0.07944186530385085,1.6025671327655382,0.6997055118966732,0.22511157994573058,3.7476884659840005e-17,0.05389237721410722,0.20622052575630923,0.20622052575630923,0.75,0.01,0.75,j1_b_then_a,geometric
asymmetric_j1_good,18,2.0,arithmetic,0.07944186530385085,1.402177549337539,0.6543864527870457,0.040025379728268716,0.021120988718151077,0.001843025235563977,0.0058309423283100514,0.0058309423283100514,0.75,0.01,0.75,j1_b_then_a,geometric
asymmetric_j1_good,18,2.0,geometric,0.07944186530385085,1.4008687794384727,0.6540727869563866,0.040035932026921926,0.021153758621718203,0.0018443435631420812,0.004522172429243687,0.004522172429243687,0.75,0.01,0.75,j1_b_then_a,geometric
asymmetric_j1_good,18,2.0,weighted_geometric,0.07944186530385085,1.396759267868637,0.6530515817202437,0.028071523396877737,0.018395333219278456,0.0022938861675872815,0.00041266085940794284,0.00041266085940794284,0.75,0.01,0.75,j1_b_then_a,geometric
asymmetric_j1_good,18,2.0,hard_core,0.07944186530385085,1.4039879216579347,0.6538243173085984,0.04467307209263322,2.846091840934956e-14,0.0035820525662040564,0.007641314648705766,0.007641314648705766,0.75,0.01,0.75,j1_b_then_a,geometric
asymmetric_j1_good,18,2.0,adaptive_soft,0.07944186530385085,1.39675464584209,0.6530421964437876,0.028048903473112043,0.018250294442648383,0.0022947854535972003,0.00040803883286111287,0.00040803883286111287,0.75,0.01,0.75,j1_b_then_a,geometric
asymmetric_j1_good,18,2.0,selective_core,0.07944186530385085,1.396759267868637,0.6530515817202437,0.028071523396877737,0.018395333219278456,0.0022938861675872815,0.00041266085940794284,0.00041266085940794284,0.75,0.01,0.75,j1_b_then_a,geometric
asymmetric_j1_good,19,2.0,j1,0.0861267500328908,1.358647217515927,0.6428047277329553,0.026510606203916497,0.014339783999150167,0.003998220622606378,0.0,0.0,0.75,0.01,0.75,j1_b_then_a,geometric
asymmetric_j1_good,19,2.0,j2,0.0861267500328908,1.3808114349505998,0.6511551170315917,0.08164228989097606,0.031479109748167144,0.003998220622606378,0.022164217434672784,0.022164217434672784,0.75,0.01,0.75,j1_b_then_a,geometric
asymmetric_j1_good,19,2.0,selected_order,0.0861267500328908,1.358647217515927,0.6428047277329553,0.026510606203916497,0.014339783999150167,0.003998220622606378,0.0,0.0,0.75,0.01,0.75,j1_b_then_a,geometric
asymmetric_j1_good,19,2.0,independent,0.0861267500328908,1.5634734421746006,0.6840833389169021,0.2081694302256791,4.1237616077959005e-17,0.05336230028050588,0.20482622465867362,0.20482622465867362,0.75,0.01,0.75,j1_b_then_a,geometric
asymmetric_j1_good,19,2.0,arithmetic,0.0861267500328908,1.3618697532605897,0.6442269844717639,0.04335172243579107,0.022909446873658635,0.0020243182673582564,0.003222535744662691,0.003222535744662691,0.75,0.01,0.75,j1_b_then_a,geometric
asymmetric_j1_good,19,2.0,geometric,0.0861267500328908,1.3616020624059941,0.6442296548338925,0.043673765631446176,0.023211012482364714,0.002025882053807691,0.002954844890067143,0.002954844890067143,0.75,0.01,0.75,j1_b_then_a,geometric
asymmetric_j1_good,19,2.0,weighted_geometric,0.0861267500328908,1.358079128822511,0.6428080660139993,0.029408280172026485,0.018825661233283456,0.0025150620312528967,-0.0005680886934160689,-0.0005680886934160689,0.75,0.01,0.75,j1_b_then_a,geometric
asymmetric_j1_good,19,2.0,hard_core,0.0861267500328908,1.3709992828296613,0.6459996109227792,0.043534857426030624,3.517301101524546e-14,0.003966338075302962,0.01235206531373434,0.01235206531373434,0.75,0.01,0.75,j1_b_then_a,geometric
asymmetric_j1_good,19,2.0,adaptive_soft,0.0861267500328908,1.3581156857451817,0.6428213598608521,0.029362706992302378,0.01867222405406707,0.002517263798607143,-0.0005315317707452749,-0.0005315317707452749,0.75,0.01,0.75,j1_b_then_a,geometric
asymmetric_j1_good,19,2.0,selective_core,0.0861267500328908,1.358079128822511,0.6428080660139993,0.029408280172026485,0.018825661233283456,0.0025150620312528967,-0.0005680886934160689,-0.0005680886934160689,0.75,0.01,0.75,j1_b_then_a,geometric
asymmetric_j1_good,20,2.0,j1,0.09459943504807597,1.5824915789267984,0.7272698864517362,0.02944107110860899,0.015380122581044315,0.004502613074256891,0.0,0.0,0.75,0.01,0.75,j1_b_then_a,geometric
asymmetric_j1_good,20,2.0,j2,0.09459943504807597,1.6131975554891682,0.7374961475411179,0.08928341980916238,0.03261778463947051,0.004502613074256891,0.03070597656236984,0.03070597656236984,0.75,0.01,0.75,j1_b_then_a,geometric
asymmetric_j1_good,20,2.0,selected_order,0.09459943504807597,1.5824915789267984,0.7272698864517362,0.02944107110860899,0.015380122581044315,0.004502613074256891,0.0,0.0,0.75,0.01,0.75,j1_b_then_a,geometric
asymmetric_j1_good,20,2.0,independent,0.09459943504807597,1.6490655112168817,0.7420565192130928,0.16224984833798867,3.96214162282256e-17,0.028175395348058102,0.06657393229008335,0.06657393229008335,0.75,0.01,0.75,j1_b_then_a,geometric
asymmetric_j1_good,20,2.0,arithmetic,0.09459943504807597,1.588188373388034,0.7294976917470012,0.047062536292504405,0.023998953610257386,0.0022807551370830057,0.00569679446123561,0.00569679446123561,0.75,0.01,0.75,j1_b_then_a,geometric
asymmetric_j1_good,20,2.0,geometric,0.09459943504807597,1.5886866112830813,0.7295037874364475,0.04748380481342085,0.02433028461551125,0.002282681498416726,0.006195032356282937,0.006195032356282937,0.75,0.01,0.75,j1_b_then_a,geometric
asymmetric_j1_good,20,2.0,weighted_geometric,0.09459943504807597,1.5832699092043983,0.7276464511496439,0.031916406750009806,0.01990900806179935,0.002828156369179225,0.0007783302775998813,0.0007783302775998813,0.75,0.01,0.75,j1_b_then_a,geometric
asymmetric_j1_good,20,2.0,hard_core,0.09459943504807597,1.589026801465157,0.7289763994550319,0.048508017686201436,2.2579453735069917e-14,0.003872997459617855,0.006535222538358587,0.006535222538358587,0.75,0.01,0.75,j1_b_then_a,geometric
asymmetric_j1_good,20,2.0,adaptive_soft,0.09459943504807597,1.583258165061847,0.7276424098951614,0.03188708939293516,0.019734153808300972,0.002830187116402309,0.0007665861350485415,0.0007665861350485415,0.75,0.01,0.75,j1_b_then_a,geometric
asymmetric_j1_good,20,2.0,selective_core,0.09459943504807597,1.5832699092043983,0.7276464511496439,0.031916406750009806,0.01990900806179935,0.002828156369179225,0.0007783302775998813,0.0007783302775998813,0.75,0.01,0.75,j1_b_then_a,geometric
asymmetric_j1_good,21,2.0,j1,0.09794488550463737,1.512595110135414,0.7084624441360866,0.02897652971764178,0.014477098222646125,0.004697613820960758,0.0,0.0,1.0,1.0,1.0,j1_b_then_a,j1_b_then_a
asymmetric_j1_good,21,2.0,j2,0.09794488550463737,1.535763285174633,0.7147024106078954,0.09241945976527614,0.03608803002688844,0.004697613820960758,0.023168175039218974,0.023168175039218974,1.0,1.0,1.0,j1_b_then_a,j1_b_then_a
asymmetric_j1_good,21,2.0,selected_order,0.09794488550463737,1.512595110135414,0.7084624441360866,0.02897652971764178,0.014477098222646125,0.004697613820960758,0.0,0.0,1.0,1.0,1.0,j1_b_then_a,j1_b_then_a
asymmetric_j1_good,21,2.0,independent,0.09794488550463737,1.683400775246116,0.7392223682460198,0.1958570216561836,3.6821999442604446e-17,0.043703901386755915,0.17080566511070194,0.17080566511070194,1.0,1.0,1.0,j1_b_then_a,j1_b_then_a
asymmetric_j1_good,21,2.0,arithmetic,0.09794488550463737,1.5154560135238064,0.7083939037449164,0.04843897736593989,0.025282564124767263,0.0023775332296238623,0.0028609033883923995,0.0028609033883923995,1.0,1.0,1.0,j1_b_then_a,j1_b_then_a
asymmetric_j1_good,21,2.0,geometric,0.09794488550463737,1.514628896782079,0.7082439954082062,0.048914973176779425,0.025483819524037974,0.0023791516313426456,0.00203378664666487,0.00203378664666487,1.0,1.0,1.0,j1_b_then_a,j1_b_then_a
asymmetric_j1_good,21,2.0,weighted_geometric,0.09794488550463737,1.512595110135414,0.7084624441360866,0.02897652971764178,0.014477098222646128,0.0046976138209607575,0.0,0.0,1.0,1.0,1.0,j1_b_then_a,j1_b_then_a
asymmetric_j1_good,21,2.0,hard_core,0.09794488550463737,1.5165673310556256,0.7094035176815293,0.04634486131555869,4.3036037190510854e-14,0.004328658564915557,0.003972220920211544,0.003972220920211544,1.0,1.0,1.0,j1_b_then_a,j1_b_then_a
asymmetric_j1_good,21,2.0,adaptive_soft,0.09794488550463737,1.5125382845846738,0.7085731973272962,0.02986520801303957,0.009201125959809122,0.00452175452643548,-5.682555074026929e-05,-5.682555074026929e-05,1.0,1.0,1.0,j1_b_then_a,j1_b_then_a
asymmetric_j1_good,21,2.0,selective_core,0.09794488550463737,1.512595110135414,0.7084624441360866,0.02897652971764178,0.014477098222646125,0.004697613820960758,0.0,0.0,1.0,1.0,1.0,j1_b_then_a,j1_b_then_a
asymmetric_j1_good,22,2.0,j1,0.07890102185785397,1.3918757339106398,0.6533594463037825,0.027347748564251064,0.01447119249605173,0.0035884948916581174,0.0,0.0,0.75,1.0,0.75,j1_b_then_a,soft
asymmetric_j1_good,22,2.0,j2,0.07890102185785397,1.41091784226267,0.6542596655576388,0.07351344910552697,0.028582513321170466,0.0035884948916581174,0.01904210835203024,0.01904210835203024,0.75,1.0,0.75,j1_b_then_a,soft
asymmetric_j1_good,22,2.0,selected_order,0.07890102185785397,1.3918757339106398,0.6533594463037825,0.027347748564251064,0.01447119249605173,0.0035884948916581174,0.0,0.0,0.75,1.0,0.75,j1_b_then_a,soft
asymmetric_j1_good,22,2.0,independent,0.07890102185785397,1.6135703282563716,0.7028814498179388,0.23001729340338073,3.9694471125860386e-17,0.05815938891158909,0.2216945943457318,0.2216945943457318,0.75,1.0,0.75,j1_b_then_a,soft
asymmetric_j1_good,22,2.0,arithmetic,0.07890102185785397,1.3939669386654954,0.6516835880570881,0.03990208989748942,0.021526852908611074,0.0018181917976570665,0.00209120475485558,0.00209120475485558,0.75,1.0,0.75,j1_b_then_a,soft
asymmetric_j1_good,22,2.0,geometric,0.07890102185785397,1.3941060092784379,0.6515945144263737,0.0399445288045718,0.021614996027205707,0.0018197276456797641,0.0022302753677980736,0.0022302753677980736,0.75,1.0,0.75,j1_b_then_a,soft
asymmetric_j1_good,22,2.0,weighted_geometric,0.07890102185785397,1.3911620816790504,0.6519376320812726,0.028417122924641013,0.018036349390006957,0.0022606603267249286,-0.0007136522315893679,-0.0007136522315893679,0.75,1.0,0.75,j1_b_then_a,soft
asymmetric_j1_good,22,2.0,hard_core,0.07890102185785397,1.3953224160292887,0.6519864072034555,0.04307004553137501,8.289732407598194e-14,0.003607490362369009,0.0034466821186489582,0.0034466821186489582,0.75,1.0,0.75,j1_b_then_a,soft
asymmetric_j1_good,22,2.0,adaptive_soft,0.07890102185785397,1.390367548399841,0.6515520988555717,0.0296235444466135,0.011061487681403023,0.0024904797219737294,-0.0015081855107987874,-0.0015081855107987874,0.75,1.0,0.75,j1_b_then_a,soft
asymmetric_j1_good,22,2.0,selective_core,0.07890102185785397,1.390367548399841,0.6515520988555717,0.0296235444466135,0.011061487681403023,0.0024904797219737294,-0.0015081855107987874,-0.0015081855107987874,0.75,1.0,0.75,j1_b_then_a,soft
asymmetric_j1_good,23,2.0,j1,0.08424957394179747,1.346312960777976,0.6311792450132054,0.02793684819143348,0.014914633338898054,0.0039024098986421406,0.0,0.0,1.0,0.3,1.0,j1_b_then_a,j1_b_then_a
asymmetric_j1_good,23,2.0,j2,0.08424957394179747,1.3740746522220597,0.6432905982072591,0.07890495261557207,0.031226561062700334,0.0039024098986421406,0.02776169144408369,0.02776169144408369,1.0,0.3,1.0,j1_b_then_a,j1_b_then_a
asymmetric_j1_good,23,2.0,selected_order,0.08424957394179747,1.346312960777976,0.6311792450132054,0.02793684819143348,0.014914633338898054,0.0039024098986421406,0.0,0.0,1.0,0.3,1.0,j1_b_then_a,j1_b_then_a
asymmetric_j1_good,23,2.0,independent,0.08424957394179747,1.6026311309307208,0.6928522277285081,0.26358882615141205,3.9004471310763455e-17,0.06495850547653895,0.25631817015274483,0.25631817015274483,1.0,0.3,1.0,j1_b_then_a,j1_b_then_a
asymmetric_j1_good,23,2.0,arithmetic,0.08424957394179747,1.3527676230261052,0.6345871369169998,0.04225193369932563,0.02307059720079917,0.001976707335607761,0.006454662248129184,0.006454662248129184,1.0,0.3,1.0,j1_b_then_a,j1_b_then_a
asymmetric_j1_good,23,2.0,geometric,0.08424957394179747,1.3522590827382095,0.6344278122407521,0.04249951912337032,0.023322270322954048,0.0019783062205622507,0.005946121960233475,0.005946121960233475,1.0,0.3,1.0,j1_b_then_a,j1_b_then_a
asymmetric_j1_good,23,2.0,weighted_geometric,0.08424957394179747,1.346312960777976,0.6311792450132054,0.02793684819143348,0.014914633338898059,0.00390240989864214,0.0,0.0,1.0,0.3,1.0,j1_b_then_a,j1_b_then_a
asymmetric_j1_good,23,2.0,hard_core,0.08424957394179747,1.3495483722009471,0.6316488338418383,0.043670208121117826,4.981617036741402e-14,0.004066630126111551,0.003235411422971124,0.003235411422971124,1.0,0.3,1.0,j1_b_then_a,j1_b_then_a
asymmetric_j1_good,23,2.0,adaptive_soft,0.08424957394179747,1.346344651254106,0.6310335373348389,0.026634820139730772,0.013210794975008159,0.003760013565629939,3.1690476129941914e-05,3.1690476129941914e-05,1.0,0.3,1.0,j1_b_then_a,j1_b_then_a
asymmetric_j1_good,23,2.0,selective_core,0.08424957394179747,1.346312960777976,0.6311792450132054,0.02793684819143348,0.014914633338898054,0.0039024098986421406,0.0,0.0,1.0,0.3,1.0,j1_b_then_a,j1_b_then_a
asymmetric_j1_good,24,2.0,j1,0.09116029199709058,1.4752276698139175,0.6919616927544239,0.027189200398302533,0.014385626305091014,0.004246793474841372,0.0,0.0,1.0,0.01,1.0,j1_b_then_a,j1_b_then_a
asymmetric_j1_good,24,2.0,j2,0.09116029199709058,1.4856108388171796,0.6964174388924788,0.08617815222218374,0.03205015834513455,0.004246793474841372,0.010383169003262083,0.010383169003262083,1.0,0.01,1.0,j1_b_then_a,j1_b_then_a
asymmetric_j1_good,24,2.0,selected_order,0.09116029199709058,1.4752276698139175,0.6919616927544239,0.027189200398302533,0.014385626305091014,0.004246793474841372,0.0,0.0,1.0,0.01,1.0,j1_b_then_a,j1_b_then_a
asymmetric_j1_good,24,2.0,independent,0.09116029199709058,1.6025795856702425,0.7140807674403185,0.16758255742466843,3.805492704810065e-17,0.03784550184659275,0.127351915856325,0.127351915856325,1.0,0.01,1.0,j1_b_then_a,j1_b_then_a
asymmetric_j1_good,24,2.0,arithmetic,0.09116029199709058,1.4721566127826975,0.6913306409733597,0.044829029765263796,0.02321789232511276,0.002147665899982913,-0.0030710570312200147,-0.0030710570312200147,1.0,0.01,1.0,j1_b_then_a,j1_b_then_a
asymmetric_j1_good,24,2.0,geometric,0.09116029199709058,1.4717939286589399,0.6912702437737762,0.04515462148721665,0.023400372070672814,0.002148903415032879,-0.003433741154977632,-0.003433741154977632,1.0,0.01,1.0,j1_b_then_a,j1_b_then_a
asymmetric_j1_good,24,2.0,weighted_geometric,0.09116029199709058,1.4752276698139175,0.6919616927544239,0.027189200398302533,0.014385626305091019,0.004246793474841373,0.0,0.0,1.0,0.01,1.0,j1_b_then_a,j1_b_then_a
asymmetric_j1_good,24,2.0,hard_core,0.09116029199709058,1.474448986795338,0.6915180578500913,0.04521577525910126,7.329700901266426e-14,0.0038231325242893723,-0.000778683018579418,-0.000778683018579418,1.0,0.01,1.0,j1_b_then_a,j1_b_then_a
asymmetric_j1_good,24,2.0,adaptive_soft,0.09116029199709058,1.4752033029571225,0.6919495149486836,0.027110067540572325,0.014291616933113122,0.004239005957869315,-2.4366856794966196e-05,-2.4366856794966196e-05,1.0,0.01,1.0,j1_b_then_a,j1_b_then_a
asymmetric_j1_good,24,2.0,selective_core,0.09116029199709058,1.4752276698139175,0.6919616927544239,0.027189200398302533,0.014385626305091014,0.004246793474841372,0.0,0.0,1.0,0.01,1.0,j1_b_then_a,j1_b_then_a
asymmetric_j1_good,25,2.0,j1,0.09196316315954266,1.5548649072347311,0.7106515701498286,0.029642460506883815,0.01517536661912596,0.004287963924908482,0.0,0.0,1.0,0.01,1.0,j1_b_then_a,j1_b_then_a
asymmetric_j1_good,25,2.0,j2,0.09196316315954266,1.5866186850508224,0.720180422266134,0.0858213052971448,0.033916936019638896,0.004287963924908482,0.03175377781609123,0.03175377781609123,1.0,0.01,1.0,j1_b_then_a,j1_b_then_a
asymmetric_j1_good,25,2.0,selected_order,0.09196316315954266,1.5548649072347311,0.7106515701498286,0.029642460506883815,0.01517536661912596,0.004287963924908482,0.0,0.0,1.0,0.01,1.0,j1_b_then_a,j1_b_then_a
asymmetric_j1_good,25,2.0,independent,0.09196316315954266,1.8127526303105241,0.7650085834429674,0.27251179633616807,3.905729990865076e-17,0.07191945330904256,0.257887723075793,0.257887723075793,1.0,0.01,1.0,j1_b_then_a,j1_b_then_a
asymmetric_j1_good,25,2.0,arithmetic,0.09196316315954266,1.5615241030562972,0.7127194637854808,0.04573206970025907,0.024546151319382408,0.002170470011200272,0.006659195821566044,0.006659195821566044,1.0,0.01,1.0,j1_b_then_a,j1_b_then_a
asymmetric_j1_good,25,2.0,geometric,0.09196316315954266,1.5620297187484935,0.7127328552806205,0.04591612179943442,0.024607277485592775,0.002172065845306846,0.007164811513762359,0.007164811513762359,1.0,0.01,1.0,j1_b_then_a,j1_b_then_a
asymmetric_j1_good,25,2.0,weighted_geometric,0.09196316315954266,1.5548649072347311,0.7106515701498286,0.029642460506883815,0.01517536661912596,0.004287963924908484,0.0,0.0,1.0,0.01,1.0,j1_b_then_a,j1_b_then_a
asymmetric_j1_good,25,2.0,hard_core,0.09196316315954266,1.5671870879315857,0.7124920112207324,0.0467679608845911,6.031455695131027e-14,0.004358013504563024,0.012322180696854534,0.012322180696854534,1.0,0.01,1.0,j1_b_then_a,j1_b_then_a
asymmetric_j1_good,25,2.0,adaptive_soft,0.09196316315954266,1.554839436894044,0.7106341929484392,0.02953456075939474,0.0151062164369905,0.0042797177623010475,-2.5470340687228088e-05,-2.5470340687228088e-05,1.0,0.01,1.0,j1_b_then_a,j1_b_then_a
asymmetric_j1_good,25,2.0,selective_core,0.09196316315954266,1.5548649072347311,0.7106515701498286,0.029642460506883815,0.01517536661912596,0.004287963924908482,0.0,0.0,1.0,0.01,1.0,j1_b_then_a,j1_b_then_a
asymmetric_j1_good,26,2.0,j1,0.0821515950486341,1.3384857008143096,0.6333930343570544,0.02590137574908627,0.014384616337241167,0.0038059517768777107,0.0,0.0,1.0,1.0,0.75,j1_b_then_a,soft
asymmetric_j1_good,26,2.0,j2,0.0821515950486341,1.3668984519914757,0.6445494906563326,0.07699194690479215,0.029997566101287763,0.0038059517768777107,0.02841275117716613,0.02841275117716613,1.0,1.0,0.75,j1_b_then_a,soft
asymmetric_j1_good,26,2.0,selected_order,0.0821515950486341,1.3384857008143096,0.6333930343570544,0.02590137574908627,0.014384616337241167,0.0038059517768777107,0.0,0.0,1.0,1.0,0.75,j1_b_then_a,soft
asymmetric_j1_good,26,2.0,independent,0.0821515950486341,1.5365891803049354,0.6772907925706818,0.2152018340988011,3.9257361467495697e-17,0.05705257584087127,0.1981034794906258,0.1981034794906258,1.0,1.0,0.75,j1_b_then_a,soft
asymmetric_j1_good,26,2.0,arithmetic,0.0821515950486341,1.346138214039018,0.6363428826046099,0.04093985560181356,0.022191091219264443,0.001927686200434759,0.0076525132247082794,0.0076525132247082794,1.0,1.0,0.75,j1_b_then_a,soft
asymmetric_j1_good,26,2.0,geometric,0.0821515950486341,1.3449525703578924,0.636115354022481,0.041000595688059485,0.022268031661072992,0.0019292409755055035,0.006466869543582776,0.006466869543582776,1.0,1.0,0.75,j1_b_then_a,soft
asymmetric_j1_good,26,2.0,weighted_geometric,0.0821515950486341,1.339781970767336,0.6340351363537943,0.0278825575025522,0.01833279958042059,0.00239877263633416,0.001296269953026341,0.001296269953026341,1.0,1.0,0.75,j1_b_then_a,soft
asymmetric_j1_good,26,2.0,hard_core,0.0821515950486341,1.3479160282884282,0.6354620510701855,0.04152528961241399,2.424138298949552e-14,0.003928802802357484,0.009430327474118538,0.009430327474118538,1.0,1.0,0.75,j1_b_then_a,soft
asymmetric_j1_good,26,2.0,adaptive_soft,0.0821515950486341,1.3396692234504366,0.6337335428951151,0.02591452195401415,0.009746429117608346,0.00363627235343559,0.0011835226361269768,0.0011835226361269768,1.0,1.0,0.75,j1_b_then_a,soft
asymmetric_j1_good,26,2.0,selective_core,0.0821515950486341,1.3398831955932566,0.6339742708434262,0.02730027026185703,0.015146131492458892,0.0024810952968349147,0.0013974947789470171,0.0013974947789470171,1.0,1.0,0.75,j1_b_then_a,soft
asymmetric_j1_good,27,2.0,j1,0.07859011322542524,1.3574828597211315,0.6426243858589763,0.025036875859409342,0.014651185199361864,0.0036437574713686985,0.0,0.0,1.0,1.0,1.0,j1_b_then_a,j1_b_then_a
asymmetric_j1_good,27,2.0,j2,0.07859011322542524,1.3762756584013467,0.6465629700425445,0.07418982097894464,0.02761254462866949,0.0036437574713686985,0.018792798680215217,0.018792798680215217,1.0,1.0,1.0,j1_b_then_a,j1_b_then_a
asymmetric_j1_good,27,2.0,selected_order,0.07859011322542524,1.3574828597211315,0.6426243858589763,0.025036875859409342,0.014651185199361864,0.0036437574713686985,0.0,0.0,1.0,1.0,1.0,j1_b_then_a,j1_b_then_a
asymmetric_j1_good,27,2.0,independent,0.07859011322542524,1.554496776701284,0.6770564015912397,0.20573786833707264,4.3373951755546965e-17,0.05497462739228296,0.19701391698015258,0.19701391698015258,1.0,1.0,1.0,j1_b_then_a,j1_b_then_a
asymmetric_j1_good,27,2.0,arithmetic,0.07859011322542524,1.3597363417147204,0.6423165299039428,0.03968987533699057,0.02113186491401565,0.001846553917544671,0.0022534819935888795,0.0022534819935888795,1.0,1.0,1.0,j1_b_then_a,j1_b_then_a
asymmetric_j1_good,27,2.0,geometric,0.07859011322542524,1.3594676500880054,0.6423070766169813,0.03984032731513713,0.0212885641104761,0.0018481635052483342,0.001984790366873934,0.001984790366873934,1.0,1.0,1.0,j1_b_then_a,j1_b_then_a
asymmetric_j1_good,27,2.0,weighted_geometric,0.07859011322542524,1.3574828597211315,0.6426243858589763,0.025036875859409342,0.014651185199361868,0.0036437574713686994,0.0,0.0,1.0,1.0,1.0,j1_b_then_a,j1_b_then_a
asymmetric_j1_good,27,2.0,hard_core,0.07859011322542524,1.3586660490846683,0.6417005055566892,0.04187634670301411,3.079024705440543e-14,0.003658643150721657,0.0011831893635367852,0.0011831893635367852,1.0,1.0,1.0,j1_b_then_a,j1_b_then_a
asymmetric_j1_good,27,2.0,adaptive_soft,0.07859011322542524,1.3562278877692122,0.6417412958978519,0.02527703350442389,0.009718320439143223,0.0034596521203859305,-0.0012549719519192593,-0.0012549719519192593,1.0,1.0,1.0,j1_b_then_a,j1_b_then_a
asymmetric_j1_good,27,2.0,selective_core,0.07859011322542524,1.3574828597211315,0.6426243858589763,0.025036875859409342,0.014651185199361864,0.0036437574713686985,0.0,0.0,1.0,1.0,1.0,j1_b_then_a,j1_b_then_a
asymmetric_j1_good,28,2.0,j1,0.08457368778855585,1.4759611670665818,0.6843399478001515,0.02718081376873033,0.014907050039118566,0.00393263841794611,0.0,0.0,1.0,0.01,1.0,j1_b_then_a,j1_b_then_a
asymmetric_j1_good,28,2.0,j2,0.08457368778855585,1.5058438951147854,0.6883392201506252,0.07960190785247859,0.02824732874490529,0.00393263841794611,0.02988272804820369,0.02988272804820369,1.0,0.01,1.0,j1_b_then_a,j1_b_then_a
asymmetric_j1_good,28,2.0,selected_order,0.08457368778855585,1.4759611670665818,0.6843399478001515,0.02718081376873033,0.014907050039118566,0.00393263841794611,0.0,0.0,1.0,0.01,1.0,j1_b_then_a,j1_b_then_a
asymmetric_j1_good,28,2.0,independent,0.08457368778855585,1.6059402814119852,0.7134624377877492,0.17799680976476395,4.684267364729773e-17,0.03784319324136835,0.12997911434540343,0.12997911434540343,1.0,0.01,1.0,j1_b_then_a,j1_b_then_a
asymmetric_j1_good,28,2.0,arithmetic,0.08457368778855585,1.4818309636538631,0.6840261333353557,0.042282497890340394,0.021577189392011902,0.0019928418606280853,0.005869796587281373,0.005869796587281373,1.0,0.01,1.0,j1_b_then_a,j1_b_then_a
asymmetric_j1_good,28,2.0,geometric,0.08457368778855585,1.482907567109191,0.6842203036371511,0.042405338404866474,0.021590693077044688,0.001994577698762741,0.006946400042609158,0.006946400042609158,1.0,0.01,1.0,j1_b_then_a,j1_b_then_a
asymmetric_j1_good,28,2.0,weighted_geometric,0.08457368778855585,1.4759611670665818,0.6843399478001515,0.02718081376873033,0.014907050039118566,0.003932638417946109,0.0,0.0,1.0,0.01,1.0,j1_b_then_a,j1_b_then_a
asymmetric_j1_good,28,2.0,hard_core,0.08457368778855585,1.4872097861022728,0.6854163318967322,0.04539439408601193,7.122567669665646e-14,0.0034816158523900916,0.011248619035691076,0.011248619035691076,1.0,0.01,1.0,j1_b_then_a,j1_b_then_a
asymmetric_j1_good,28,2.0,adaptive_soft,0.08457368778855585,1.475916596383939,0.6843192505381543,0.027090995998743747,0.014812593438448428,0.0039244861882024975,-4.457068264285269e-05,-4.457068264285269e-05,1.0,0.01,1.0,j1_b_then_a,j1_b_then_a
asymmetric_j1_good,28,2.0,selective_core,0.08457368778855585,1.4759611670665818,0.6843399478001515,0.02718081376873033,0.014907050039118566,0.00393263841794611,0.0,0.0,1.0,0.01,1.0,j1_b_then_a,j1_b_then_a
asymmetric_j1_good,29,2.0,j1,0.08833078746065402,1.3817852899916356,0.645891413763776,0.025759213614349324,0.013092201534185128,0.004115923363012206,0.0,0.0,1.0,0.01,1.0,j1_b_then_a,j1_b_then_a
asymmetric_j1_good,29,2.0,j2,0.08833078746065402,1.4098709140097339,0.6561736200290939,0.08418902967956732,0.03080693445135283,0.004115923363012206,0.02808562401809822,0.02808562401809822,1.0,0.01,1.0,j1_b_then_a,j1_b_then_a
asymmetric_j1_good,29,2.0,selected_order,0.08833078746065402,1.3817852899916356,0.645891413763776,0.025759213614349324,0.013092201534185128,0.004115923363012206,0.0,0.0,1.0,0.01,1.0,j1_b_then_a,j1_b_then_a
asymmetric_j1_good,29,2.0,independent,0.08833078746065402,1.4246637194177485,0.6579901063148056,0.08831339247782884,4.4423530609280506e-17,0.012823474747907265,0.04287842942611286,0.04287842942611286,1.0,0.01,1.0,j1_b_then_a,j1_b_then_a
asymmetric_j1_good,29,2.0,arithmetic,0.08833078746065402,1.3879660639763465,0.6479823045891225,0.04396394574265693,0.021949567992768954,0.0020832271384328936,0.006180773984710841,0.006180773984710841,1.0,0.01,1.0,j1_b_then_a,j1_b_then_a
asymmetric_j1_good,29,2.0,geometric,0.08833078746065402,1.3874603962321201,0.6477444067133228,0.04429273015040663,0.021950266540508072,0.0020846136192103205,0.0056751062404845065,0.0056751062404845065,1.0,0.01,1.0,j1_b_then_a,j1_b_then_a
asymmetric_j1_good,29,2.0,weighted_geometric,0.08833078746065402,1.3817852899916356,0.645891413763776,0.025759213614349324,0.01309220153418513,0.004115923363012207,0.0,0.0,1.0,0.01,1.0,j1_b_then_a,j1_b_then_a
asymmetric_j1_good,29,2.0,hard_core,0.08833078746065402,1.3891021573310773,0.6471045349056643,0.042067934168896697,1.752278103704392e-14,0.003461300923883439,0.007316867339441702,0.007316867339441702,1.0,0.01,1.0,j1_b_then_a,j1_b_then_a
asymmetric_j1_good,29,2.0,adaptive_soft,0.08833078746065402,1.3817756835121107,0.6458862578218588,0.02568946536505635,0.012985940511203962,0.004109110268278533,-9.606479524970624e-06,-9.606479524970624e-06,1.0,0.01,1.0,j1_b_then_a,j1_b_then_a
asymmetric_j1_good,29,2.0,selective_core,0.08833078746065402,1.3817852899916356,0.645891413763776,0.025759213614349324,0.013092201534185128,0.004115923363012206,0.0,0.0,1.0,0.01,1.0,j1_b_then_a,j1_b_then_a
asymmetric_j1_good,30,2.0,j1,0.08611923331227873,1.5030156737381075,0.6869863626545072,0.027926033308570034,0.01606179628509589,0.004057707569387162,0.0,0.0,1.0,3.0,1.0,j1_b_then_a,soft
asymmetric_j1_good,30,2.0,j2,0.08611923331227873,1.5296160132827077,0.6952525185350805,0.08059968464116017,0.03005662716673614,0.004057707569387162,0.02660033954460017,0.02660033954460017,1.0,3.0,1.0,j1_b_then_a,soft
asymmetric_j1_good,30,2.0,selected_order,0.08611923331227873,1.5030156737381075,0.6869863626545072,0.027926033308570034,0.01606179628509589,0.004057707569387162,0.0,0.0,1.0,3.0,1.0,j1_b_then_a,soft
asymmetric_j1_good,30,2.0,independent,0.08611923331227873,1.7284910385756886,0.7344115884715384,0.2537262431573727,4.410893833750552e-17,0.06522964629567204,0.22547536483758113,0.22547536483758113,1.0,3.0,1.0,j1_b_then_a,soft
asymmetric_j1_good,30,2.0,arithmetic,0.08611923331227873,1.5077276716866714,0.6886628176345376,0.043173760926953575,0.023059211725915994,0.0020566537153725068,0.004711997948563917,0.004711997948563917,1.0,3.0,1.0,j1_b_then_a,soft
asymmetric_j1_good,30,2.0,geometric,0.08611923331227873,1.5080626831121031,0.6887263859496909,0.04315586967812287,0.02312091369562681,0.0020584726552096795,0.0050470093739956035,0.0050470093739956035,1.0,3.0,1.0,j1_b_then_a,soft
asymmetric_j1_good,30,2.0,weighted_geometric,0.08611923331227873,1.5030156737381075,0.6869863626545072,0.027926033308570037,0.016061796285095895,0.004057707569387162,0.0,0.0,1.0,3.0,1.0,j1_b_then_a,soft
asymmetric_j1_good,30,2.0,hard_core,0.08611923331227873,1.5130459049666725,0.6874169526031915,0.046849841089247925,2.923619507652072e-14,0.004138271541798866,0.010030231228564945,0.010030231228564945,1.0,3.0,1.0,j1_b_then_a,soft
asymmetric_j1_good,30,2.0,adaptive_soft,0.08611923331227873,1.5032580741186539,0.6860219698794258,0.03256125299288486,0.007178707062381501,0.004014448065231531,0.00024240038054634816,0.00024240038054634816,1.0,3.0,1.0,j1_b_then_a,soft
asymmetric_j1_good,30,2.0,selective_core,0.08611923331227873,1.5042953648715072,0.6864182077905866,0.03462090611107733,0.007674403464563195,0.0031677407730811994,0.001279691133399652,0.001279691133399652,1.0,3.0,1.0,j1_b_then_a,soft
asymmetric_j1_good,31,2.0,j1,0.08992329658721204,1.4639107466597912,0.67548961954818,0.0279056998148387,0.015075721279287779,0.004290138978948097,0.0,0.0,1.0,3.0,1.0,j1_b_then_a,soft
asymmetric_j1_good,31,2.0,j2,0.08992329658721204,1.4816604856216327,0.6807746746609915,0.08531785908218198,0.031615512438794846,0.004290138978948097,0.01774973896184151,0.01774973896184151,1.0,3.0,1.0,j1_b_then_a,soft
asymmetric_j1_good,31,2.0,selected_order,0.08992329658721204,1.4639107466597912,0.67548961954818,0.0279056998148387,0.015075721279287779,0.004290138978948097,0.0,0.0,1.0,3.0,1.0,j1_b_then_a,soft
asymmetric_j1_good,31,2.0,independent,0.08992329658721204,1.5987381567073895,0.7040308615790353,0.19312090895910689,4.604456532307684e-17,0.04441819980870567,0.13482741004759835,0.13482741004759835,1.0,3.0,1.0,j1_b_then_a,soft
asymmetric_j1_good,31,2.0,arithmetic,0.08992329658721204,1.4651411182090233,0.6754441197725275,0.04512735564802891,0.023345616859041286,0.0021733362251008252,0.0012303715492321121,0.0012303715492321121,1.0,3.0,1.0,j1_b_then_a,soft
asymmetric_j1_good,31,2.0,geometric,0.08992329658721204,1.464060579435565,0.6751754222025498,0.04549082395060296,0.023506178907544077,0.002175115598818292,0.00014983277577385046,0.00014983277577385046,1.0,3.0,1.0,j1_b_then_a,soft
asymmetric_j1_good,31,2.0,weighted_geometric,0.08992329658721204,1.4639107466597912,0.67548961954818,0.0279056998148387,0.015075721279287782,0.004290138978948095,0.0,0.0,1.0,3.0,1.0,j1_b_then_a,soft
asymmetric_j1_good,31,2.0,hard_core,0.08992329658721204,1.4610799932948986,0.6744499182854148,0.04626562931470282,3.515049723864941e-14,0.0038930876371376746,-0.0028307533648925798,-0.0028307533648925798,1.0,3.0,1.0,j1_b_then_a,soft
asymmetric_j1_good,31,2.0,adaptive_soft,0.08992329658721204,1.462210031098329,0.6747002502182593,0.03279622075645935,0.005713821461796915,0.004205183777195328,-0.0017007155614621183,-0.0017007155614621183,1.0,3.0,1.0,j1_b_then_a,soft
asymmetric_j1_good,31,2.0,selective_core,0.08992329658721204,1.4603389890950917,0.6742104456160593,0.031865761241647056,0.011071815670107999,0.002991713301248397,-0.003571757564699407,-0.003571757564699407,1.0,3.0,1.0,j1_b_then_a,soft
asymmetric_j1_good,32,2.0,j1,0.09216471069255269,1.459173140959439,0.6875203857450057,0.026643792871491562,0.013451757665447386,0.004320599860918106,0.0,0.0,1.0,0.03,1.0,j1_b_then_a,j1_b_then_a
asymmetric_j1_good,32,2.0,j2,0.09216471069255269,1.4906335638756276,0.7011269426562856,0.08843326233979854,0.032844846366193635,0.004320599860918106,0.03146042291618856,0.03146042291618856,1.0,0.03,1.0,j1_b_then_a,j1_b_then_a
asymmetric_j1_good,32,2.0,selected_order,0.09216471069255269,1.459173140959439,0.6875203857450057,0.026643792871491562,0.013451757665447386,0.004320599860918106,0.0,0.0,1.0,0.03,1.0,j1_b_then_a,j1_b_then_a
asymmetric_j1_good,32,2.0,independent,0.09216471069255269,1.522221866499874,0.6987087119864337,0.10600824315636978,4.2856831364984636e-17,0.018089288960648167,0.06304872554043484,0.06304872554043484,1.0,0.03,1.0,j1_b_then_a,j1_b_then_a
asymmetric_j1_good,32,2.0,arithmetic,0.09216471069255269,1.4657323625018575,0.6913078421775855,0.04648296853480391,0.023148302015820486,0.0021865985298147443,0.006559221542418392,0.006559221542418392,1.0,0.03,1.0,j1_b_then_a,j1_b_then_a
asymmetric_j1_good,32,2.0,geometric,0.09216471069255269,1.4661236227809165,0.6916297559318685,0.04700812818761948,0.023345338194326784,0.0021880914804600802,0.0069504818214773945,0.0069504818214773945,1.0,0.03,1.0,j1_b_then_a,j1_b_then_a
asymmetric_j1_good,32,2.0,weighted_geometric,0.09216471069255269,1.459173140959439,0.6875203857450056,0.026643792871491562,0.013451757665447392,0.004320599860918106,0.0,0.0,1.0,0.03,1.0,j1_b_then_a,j1_b_then_a
asymmetric_j1_good,32,2.0,hard_core,0.09216471069255269,1.4684589910191153,0.6909157627096872,0.04382887671890322,1.2690513543451784e-14,0.003666869707404499,0.009285850059676193,0.009285850059676193,1.0,0.03,1.0,j1_b_then_a,j1_b_then_a
asymmetric_j1_good,32,2.0,adaptive_soft,0.09216471069255269,1.4592528422147852,0.6875566005326051,0.02646367815365491,0.013140884103558306,0.004300048247196404,7.970125534617623e-05,7.970125534617623e-05,1.0,0.03,1.0,j1_b_then_a,j1_b_then_a
asymmetric_j1_good,32,2.0,selective_core,0.09216471069255269,1.459173140959439,0.6875203857450057,0.026643792871491562,0.013451757665447386,0.004320599860918106,0.0,0.0,1.0,0.03,1.0,j1_b_then_a,j1_b_then_a
asymmetric_j1_good,33,2.0,j1,0.0905421680577532,1.5797802626712083,0.7117078339441509,0.02875968217504576,0.01590759026735073,0.004305038057792934,0.0,0.0,1.0,0.3,1.0,j1_b_then_a,j1_b_then_a
asymmetric_j1_good,33,2.0,j2,0.0905421680577532,1.6058278098356822,0.718359991455246,0.08503275343010923,0.031678954247069256,0.004305038057792934,0.026047547164473883,0.026047547164473883,1.0,0.3,1.0,j1_b_then_a,j1_b_then_a
asymmetric_j1_good,33,2.0,selected_order,0.0905421680577532,1.5797802626712083,0.7117078339441509,0.02875968217504576,0.01590759026735073,0.004305038057792934,0.0,0.0,1.0,0.3,1.0,j1_b_then_a,j1_b_then_a
asymmetric_j1_good,33,2.0,independent,0.0905421680577532,1.7593076152458522,0.749601520814504,0.23121462592717545,4.511754197241563e-17,0.05720396645195562,0.17952735257464392,0.17952735257464392,1.0,0.3,1.0,j1_b_then_a,j1_b_then_a
asymmetric_j1_good,33,2.0,arithmetic,0.0905421680577532,1.5831974522755368,0.7124333535479582,0.04501143988178423,0.02379327225720997,0.0021798521275428044,0.0034171896043284633,0.0034171896043284633,1.0,0.3,1.0,j1_b_then_a,j1_b_then_a
asymmetric_j1_good,33,2.0,geometric,0.0905421680577532,1.5840517989730125,0.7123904158146274,0.045282305448970786,0.023964372906400955,0.0021814521113078735,0.004271536301804213,0.004271536301804213,1.0,0.3,1.0,j1_b_then_a,j1_b_then_a
asymmetric_j1_good,33,2.0,weighted_geometric,0.0905421680577532,1.5797802626712083,0.7117078339441509,0.028759682175045764,0.01590759026735073,0.004305038057792934,0.0,0.0,1.0,0.3,1.0,j1_b_then_a,j1_b_then_a
asymmetric_j1_good,33,2.0,hard_core,0.0905421680577532,1.5923073466738316,0.7129200087944281,0.04831135729389045,2.5888940635905057e-14,0.004126636475823568,0.012527084002623257,0.012527084002623257,1.0,0.3,1.0,j1_b_then_a,j1_b_then_a
asymmetric_j1_good,33,2.0,adaptive_soft,0.0905421680577532,1.5801597726773753,0.7117383357322796,0.02767006260953626,0.013722212693793274,0.004154371327742164,0.00037951000616698316,0.00037951000616698316,1.0,0.3,1.0,j1_b_then_a,j1_b_then_a
asymmetric_j1_good,33,2.0,selective_core,0.0905421680577532,1.5797802626712083,0.7117078339441509,0.02875968217504576,0.01590759026735073,0.004305038057792934,0.0,0.0,1.0,0.3,1.0,j1_b_then_a,j1_b_then_a
asymmetric_j1_good,34,2.0,j1,0.0905364404759988,1.5230544058297268,0.7057475895426026,0.029850608742785677,0.01615964947743152,0.00426047988532927,0.0,0.0,0.75,0.01,0.75,j1_b_then_a,geometric
asymmetric_j1_good,34,2.0,j2,0.0905364404759988,1.54800458035424,0.7137302453229749,0.08510436063538088,0.03250105666888471,0.00426047988532927,0.02495017452451309,0.02495017452451309,0.75,0.01,0.75,j1_b_then_a,geometric
asymmetric_j1_good,34,2.0,selected_order,0.0905364404759988,1.5230544058297268,0.7057475895426026,0.029850608742785677,0.01615964947743152,0.00426047988532927,0.0,0.0,0.75,0.01,0.75,j1_b_then_a,geometric
asymmetric_j1_good,34,2.0,independent,0.0905364404759988,1.7950985311658643,0.7628503789174335,0.2842702735087499,4.0911469429750524e-17,0.0700688827248967,0.2720441253361374,0.2720441253361374,0.75,0.01,0.75,j1_b_then_a,geometric
asymmetric_j1_good,34,2.0,arithmetic,0.0905364404759988,1.5262660053540944,0.7070625313551963,0.04579071693428247,0.024330353073158093,0.00215830742968674,0.003211599524367559,0.003211599524367559,0.75,0.01,0.75,j1_b_then_a,geometric
asymmetric_j1_good,34,2.0,geometric,0.0905364404759988,1.5268664271375831,0.707219093322264,0.04616618678533797,0.024632476301426485,0.0021600780191255485,0.0038120213078562948,0.0038120213078562948,0.75,0.01,0.75,j1_b_then_a,geometric
asymmetric_j1_good,34,2.0,weighted_geometric,0.0905364404759988,1.5227718596542021,0.7058350769103888,0.03216792857882943,0.020435271710475968,0.002678151273258406,-0.0002825461755247005,-0.0002825461755247005,0.75,0.01,0.75,j1_b_then_a,geometric
asymmetric_j1_good,34,2.0,hard_core,0.0905364404759988,1.5300612823488264,0.7070050351362313,0.047799088829405104,8.300070354086907e-14,0.004236796698916094,0.007006876519099592,0.007006876519099592,0.75,0.01,0.75,j1_b_then_a,geometric
asymmetric_j1_good,34,2.0,adaptive_soft,0.0905364404759988,1.5227538395850284,0.7058230394010464,0.03211487639310144,0.020276447534429323,0.0026794853828940395,-0.0003005662446984303,-0.0003005662446984303,0.75,0.01,0.75,j1_b_then_a,geometric
asymmetric_j1_good,34,2.0,selective_core,0.0905364404759988,1.5227718596542021,0.7058350769103888,0.03216792857882943,0.020435271710475968,0.002678151273258406,-0.0002825461755247005,-0.0002825461755247005,0.75,0.01,0.75,j1_b_then_a,geometric
asymmetric_j1_good,35,2.0,j1,0.08762451858998495,1.509615262797185,0.6957487794727458,0.028654183805448284,0.015937729172849413,0.004074518798264555,0.0,0.0,1.0,0.01,1.0,j1_b_then_a,j1_b_then_a
asymmetric_j1_good,35,2.0,j2,0.08762451858998495,1.5477784887170412,0.7072917380623063,0.08212486477511743,0.03140242361865669,0.004074518798264555,0.0381632259198561,0.0381632259198561,1.0,0.01,1.0,j1_b_then_a,j1_b_then_a
asymmetric_j1_good,35,2.0,selected_order,0.08762451858998495,1.509615262797185,0.6957487794727458,0.028654183805448284,0.015937729172849413,0.004074518798264555,0.0,0.0,1.0,0.01,1.0,j1_b_then_a,j1_b_then_a
asymmetric_j1_good,35,2.0,independent,0.08762451858998495,1.7621699612876391,0.748815117224835,0.27545156292909445,4.0271984965561944e-17,0.07176612421055523,0.2525546984904541,0.2525546984904541,1.0,0.01,1.0,j1_b_then_a,j1_b_then_a
asymmetric_j1_good,35,2.0,arithmetic,0.08762451858998495,1.5193150900003232,0.6991289171985962,0.0436033546875488,0.023670076395753026,0.0020631150859491162,0.009699827203138112,0.009699827203138112,1.0,0.01,1.0,j1_b_then_a,j1_b_then_a
asymmetric_j1_good,35,2.0,geometric,0.08762451858998495,1.5204186694237318,0.6991736089788672,0.043982452641765674,0.023854792514473814,0.0020646616230596184,0.010803406626546774,0.010803406626546774,1.0,0.01,1.0,j1_b_then_a,j1_b_then_a
asymmetric_j1_good,35,2.0,weighted_geometric,0.08762451858998495,1.509615262797185,0.6957487794727458,0.028654183805448277,0.015937729172849417,0.004074518798264556,0.0,0.0,1.0,0.01,1.0,j1_b_then_a,j1_b_then_a
asymmetric_j1_good,35,2.0,hard_core,0.08762451858998495,1.5136515274626352,0.69776122012515,0.04692500680732435,6.323065463960994e-14,0.004136848586871496,0.004036264665450151,0.004036264665450151,1.0,0.01,1.0,j1_b_then_a,j1_b_then_a
asymmetric_j1_good,35,2.0,adaptive_soft,0.08762451858998495,1.5095862670415494,0.6957491230570768,0.028538041112255722,0.01586504501059239,0.004065374293455958,-2.8995755635641274e-05,-2.8995755635641274e-05,1.0,0.01,1.0,j1_b_then_a,j1_b_then_a
asymmetric_j1_good,35,2.0,selective_core,0.08762451858998495,1.509615262797185,0.6957487794727458,0.028654183805448284,0.015937729172849413,0.004074518798264555,0.0,0.0,1.0,0.01,1.0,j1_b_then_a,j1_b_then_a
asymmetric_j1_good,36,2.0,j1,0.0938614193743126,1.5268597028877722,0.7101747259376886,0.03007183538691093,0.014692492958789523,0.004354106694809721,0.0,0.0,1.0,0.03,1.0,j1_b_then_a,j1_b_then_a
asymmetric_j1_good,36,2.0,j2,0.0938614193743126,1.568077774061767,0.7241609993209964,0.08786445855197854,0.03484480279642654,0.004354106694809721,0.0412180711739949,0.0412180711739949,1.0,0.03,1.0,j1_b_then_a,j1_b_then_a
asymmetric_j1_good,36,2.0,selected_order,0.0938614193743126,1.5268597028877722,0.7101747259376886,0.03007183538691093,0.014692492958789523,0.004354106694809721,0.0,0.0,1.0,0.03,1.0,j1_b_then_a,j1_b_then_a
asymmetric_j1_good,36,2.0,independent,0.0938614193743126,1.753760673702576,0.7547644966818177,0.25023951820835216,3.983309992613982e-17,0.06496569086401904,0.22690097081480376,0.22690097081480376,1.0,0.03,1.0,j1_b_then_a,j1_b_then_a
asymmetric_j1_good,36,2.0,arithmetic,0.0938614193743126,1.5367473137512317,0.7141841581721212,0.046678682948285324,0.024768647877608005,0.0022022788912047994,0.009887610863459573,0.009887610863459573,1.0,0.03,1.0,j1_b_then_a,j1_b_then_a
asymmetric_j1_good,36,2.0,geometric,0.0938614193743126,1.5386248444121358,0.7146274614465803,0.04695784370733763,0.02504280090957301,0.0022036594001249863,0.011765141524363587,0.011765141524363587,1.0,0.03,1.0,j1_b_then_a,j1_b_then_a
asymmetric_j1_good,36,2.0,weighted_geometric,0.0938614193743126,1.5268597028877722,0.7101747259376886,0.030071835386910925,0.014692492958789527,0.004354106694809722,0.0,0.0,1.0,0.03,1.0,j1_b_then_a,j1_b_then_a
asymmetric_j1_good,36,2.0,hard_core,0.0938614193743126,1.5329375012238862,0.7109055730533809,0.046834415998563514,3.1382508286384274e-14,0.0042481017639525815,0.006077798336113993,0.006077798336113993,1.0,0.03,1.0,j1_b_then_a,j1_b_then_a
asymmetric_j1_good,36,2.0,adaptive_soft,0.0938614193743126,1.526743755578651,0.7101268799821184,0.02981426534641586,0.014473827469667086,0.004331206507719324,-0.00011594730912123374,-0.00011594730912123374,1.0,0.03,1.0,j1_b_then_a,j1_b_then_a
asymmetric_j1_good,36,2.0,selective_core,0.0938614193743126,1.5268597028877722,0.7101747259376886,0.03007183538691093,0.014692492958789523,0.004354106694809721,0.0,0.0,1.0,0.03,1.0,j1_b_then_a,j1_b_then_a
asymmetric_j1_good,37,2.0,j1,0.09228716438315823,1.5151593304572915,0.6997775811570464,0.02952648047063214,0.015232962707122958,0.004406866978488813,0.0,0.0,1.0,1.0,1.0,j1_b_then_a,soft
asymmetric_j1_good,37,2.0,j2,0.09228716438315823,1.5428240535531563,0.7057380949845723,0.08731652949214977,0.034068961096482324,0.004406866978488813,0.027664723095864874,0.027664723095864874,1.0,1.0,1.0,j1_b_then_a,soft
asymmetric_j1_good,37,2.0,selected_order,0.09228716438315823,1.5151593304572915,0.6997775811570464,0.02952648047063214,0.015232962707122958,0.004406866978488813,0.0,0.0,1.0,1.0,1.0,j1_b_then_a,soft
asymmetric_j1_good,37,2.0,independent,0.09228716438315823,1.7777881993165936,0.7512116781574351,0.24239705023553637,3.828176924763893e-17,0.0654992552310117,0.26262886885930214,0.26262886885930214,1.0,1.0,1.0,j1_b_then_a,soft
asymmetric_j1_good,37,2.0,arithmetic,0.09228716438315823,1.5201488939469363,0.6998356167240436,0.04672748137712687,0.024650961901802618,0.002231009903625457,0.004989563489644855,0.004989563489644855,1.0,1.0,1.0,j1_b_then_a,soft
asymmetric_j1_good,37,2.0,geometric,0.09228716438315823,1.5200307706332796,0.6995931807109923,0.04705576938506684,0.024925126273931744,0.002232531309059417,0.004871440175988173,0.004871440175988173,1.0,1.0,1.0,j1_b_then_a,soft
asymmetric_j1_good,37,2.0,weighted_geometric,0.09228716438315823,1.5151593304572917,0.6997775811570464,0.029526480470632138,0.01523296270712296,0.004406866978488813,2.220446049250313e-16,2.220446049250313e-16,1.0,1.0,1.0,j1_b_then_a,soft
asymmetric_j1_good,37,2.0,hard_core,0.09228716438315823,1.5309205395519998,0.7018020869970553,0.04734159592588395,7.132431863003663e-14,0.004556811842669512,0.01576120909470835,0.01576120909470835,1.0,1.0,1.0,j1_b_then_a,soft
asymmetric_j1_good,37,2.0,adaptive_soft,0.09228716438315823,1.517452501958635,0.6999319932648417,0.029908383810109705,0.010494916139634668,0.004229945987255545,0.0022931715013434495,0.0022931715013434495,1.0,1.0,1.0,j1_b_then_a,soft
asymmetric_j1_good,37,2.0,selective_core,0.09228716438315823,1.518047342849595,0.6996638149740654,0.03254318186227171,0.012326786051924636,0.0030865659108818147,0.0028880123923036294,0.0028880123923036294,1.0,1.0,1.0,j1_b_then_a,soft
asymmetric_j1_good,38,2.0,j1,0.08935988758844506,1.5305557589317147,0.7029241453497557,0.026456215939645956,0.015302911190242525,0.0041058105838834525,0.0,0.0,0.75,0.3,0.75,j1_b_then_a,soft
asymmetric_j1_good,38,2.0,j2,0.08935988758844506,1.5690193230086296,0.7187081157095909,0.08436637500779211,0.02922409996409052,0.0041058105838834525,0.03846356407691487,0.03846356407691487,0.75,0.3,0.75,j1_b_then_a,soft
asymmetric_j1_good,38,2.0,selected_order,0.08935988758844506,1.5305557589317147,0.7029241453497557,0.026456215939645956,0.015302911190242525,0.0041058105838834525,0.0,0.0,0.75,0.3,0.75,j1_b_then_a,soft
asymmetric_j1_good,38,2.0,independent,0.08935988758844506,1.6055620582563632,0.7205192967798755,0.129112622487028,4.264436162049537e-17,0.02047045539644612,0.07500629932464853,0.07500629932464853,0.75,0.3,0.75,j1_b_then_a,soft
asymmetric_j1_good,38,2.0,arithmetic,0.08935988758844506,1.540511511779147,0.7083357611049684,0.044156536798529746,0.022263505577166498,0.0020772163912818266,0.009955752847432331,0.009955752847432331,0.75,0.3,0.75,j1_b_then_a,soft
asymmetric_j1_good,38,2.0,geometric,0.08935988758844506,1.541449619335403,0.7085684717268761,0.04440451435934338,0.02232151826944247,0.002078523185083358,0.010893860403688338,0.010893860403688338,0.75,0.3,0.75,j1_b_then_a,soft
asymmetric_j1_good,38,2.0,weighted_geometric,0.08935988758844506,1.53390568828172,0.7051614978143237,0.029126995766141226,0.01880154537650101,0.002581958167782786,0.0033499293500052207,0.0033499293500052207,0.75,0.3,0.75,j1_b_then_a,soft
asymmetric_j1_good,38,2.0,hard_core,0.08935988758844506,1.5379631315418048,0.7062756308198745,0.04624485208515975,2.265090261757913e-14,0.0034007508483287403,0.007407372610090057,0.007407372610090057,0.75,0.3,0.75,j1_b_then_a,soft
asymmetric_j1_good,38,2.0,adaptive_soft,0.08935988758844506,1.5337813768160207,0.7050562883772213,0.029495135891574962,0.014762334163758335,0.0026531265520053156,0.0032256178843059757,0.0032256178843059757,0.75,0.3,0.75,j1_b_then_a,soft
asymmetric_j1_good,38,2.0,selective_core,0.08935988758844506,1.5337813768160207,0.7050562883772213,0.029495135891574962,0.014762334163758335,0.0026531265520053156,0.0032256178843059757,0.0032256178843059757,0.75,0.3,0.75,j1_b_then_a,soft
asymmetric_j1_good,39,2.0,j1,0.08115178456621246,1.398536278228784,0.6624255572684472,0.027105688921484843,0.014412499511432768,0.003661972683190936,0.0,0.0,1.0,0.01,1.0,j1_b_then_a,j1_b_then_a
asymmetric_j1_good,39,2.0,j2,0.08115178456621246,1.4262595964652678,0.6722123847391517,0.07601694100548778,0.029561902294374012,0.003661972683190936,0.027723318236483774,0.027723318236483774,1.0,0.01,1.0,j1_b_then_a,j1_b_then_a
asymmetric_j1_good,39,2.0,selected_order,0.08115178456621246,1.398536278228784,0.6624255572684472,0.027105688921484843,0.014412499511432768,0.003661972683190936,0.0,0.0,1.0,0.01,1.0,j1_b_then_a,j1_b_then_a
asymmetric_j1_good,39,2.0,independent,0.08115178456621246,1.590787392487176,0.7090473111599653,0.22009575151230773,4.1187512385063017e-17,0.05416417634856473,0.19225111425839203,0.19225111425839203,1.0,0.01,1.0,j1_b_then_a,j1_b_then_a
asymmetric_j1_good,39,2.0,arithmetic,0.08115178456621246,1.4043083721111818,0.664911043093077,0.040808890224041376,0.02198720090290337,0.0018546486342255488,0.005772093882397744,0.005772093882397744,1.0,0.01,1.0,j1_b_then_a,j1_b_then_a
asymmetric_j1_good,39,2.0,geometric,0.08115178456621246,1.4049567754977015,0.665057126458593,0.04113872057093856,0.022150296551827323,0.0018562898478361838,0.006420497268917469,0.006420497268917469,1.0,0.01,1.0,j1_b_then_a,j1_b_then_a
asymmetric_j1_good,39,2.0,weighted_geometric,0.08115178456621246,1.3985362782287842,0.6624255572684472,0.027105688921484843,0.014412499511432772,0.0036619726831909364,2.220446049250313e-16,2.220446049250313e-16,1.0,0.01,1.0,j1_b_then_a,j1_b_then_a
asymmetric_j1_good,39,2.0,hard_core,0.08115178456621246,1.4049730716647635,0.6636730979523875,0.04299573868137957,2.4959505762114225e-14,0.003655078127083816,0.006436793435979471,0.006436793435979471,1.0,0.01,1.0,j1_b_then_a,j1_b_then_a
asymmetric_j1_good,39,2.0,adaptive_soft,0.08115178456621246,1.3985204121550636,0.6624189656757783,0.027011034984832392,0.01433754796897938,0.0036539962225235465,-1.586607372039417e-05,-1.586607372039417e-05,1.0,0.01,1.0,j1_b_then_a,j1_b_then_a
asymmetric_j1_good,39,2.0,selective_core,0.08115178456621246,1.398536278228784,0.6624255572684472,0.027105688921484843,0.014412499511432768,0.003661972683190936,0.0,0.0,1.0,0.01,1.0,j1_b_then_a,j1_b_then_a
asymmetric_j1_good,40,2.0,j1,0.08999630813713194,1.4896938550419585,0.6962958373454023,0.027384182989398865,0.01497520780112631,0.004274104100419713,0.0,0.0,1.0,0.01,1.0,j1_b_then_a,j1_b_then_a
asymmetric_j1_good,40,2.0,j2,0.08999630813713194,1.5170514381570706,0.7030093468774989,0.08489633287027337,0.031100640762850684,0.004274104100419713,0.02735758311511205,0.02735758311511205,1.0,0.01,1.0,j1_b_then_a,j1_b_then_a
asymmetric_j1_good,40,2.0,selected_order,0.08999630813713194,1.4896938550419585,0.6962958373454023,0.027384182989398865,0.01497520780112631,0.004274104100419713,0.0,0.0,1.0,0.01,1.0,j1_b_then_a,j1_b_then_a
asymmetric_j1_good,40,2.0,independent,0.08999630813713194,1.6922442369644086,0.7358363176087291,0.20683907342701555,4.407197403144558e-17,0.0515073028915149,0.20255038192245012,0.20255038192245012,1.0,0.01,1.0,j1_b_then_a,j1_b_then_a
asymmetric_j1_good,40,2.0,arithmetic,0.08999630813713194,1.4941178185297674,0.6969899812435333,0.0447822068953503,0.023037924281988472,0.002165142547578485,0.004423963487808935,0.004423963487808935,1.0,0.01,1.0,j1_b_then_a,j1_b_then_a
asymmetric_j1_good,40,2.0,geometric,0.08999630813713194,1.494679247252017,0.6970668591673378,0.04510254424679911,0.023207519211610014,0.002166881243115748,0.004985392210058448,0.004985392210058448,1.0,0.01,1.0,j1_b_then_a,j1_b_then_a
asymmetric_j1_good,40,2.0,weighted_geometric,0.08999630813713194,1.4896938550419585,0.6962958373454023,0.027384182989398865,0.014975207801126314,0.004274104100419713,0.0,0.0,1.0,0.01,1.0,j1_b_then_a,j1_b_then_a
asymmetric_j1_good,40,2.0,hard_core,0.08999630813713194,1.4940951106947447,0.6966411438412017,0.046295785925325406,5.46279037157102e-14,0.004006990719908712,0.004401255652786151,0.004401255652786151,1.0,0.01,1.0,j1_b_then_a,j1_b_then_a
asymmetric_j1_good,40,2.0,adaptive_soft,0.08999630813713194,1.4896810701277496,0.6962884470871031,0.027296431396809092,0.01488902140765514,0.004265834601484648,-1.2784914208863185e-05,-1.2784914208863185e-05,1.0,0.01,1.0,j1_b_then_a,j1_b_then_a
asymmetric_j1_good,40,2.0,selective_core,0.08999630813713194,1.4896938550419585,0.6962958373454023,0.027384182989398865,0.01497520780112631,0.004274104100419713,0.0,0.0,1.0,0.01,1.0,j1_b_then_a,j1_b_then_a
asymmetric_j1_good,41,2.0,j1,0.08434852351458944,1.412484393049599,0.6732075883200969,0.028978290442699697,0.014850825763368002,0.0038140938068494893,0.0,0.0,1.0,0.3,1.0,j1_b_then_a,j1_b_then_a
asymmetric_j1_good,41,2.0,j2,0.08434852351458944,1.4185374720780881,0.6753662968794287,0.0780992945396624,0.0319141770137403,0.0038140938068494893,0.006053079028489172,0.006053079028489172,1.0,0.3,1.0,j1_b_then_a,j1_b_then_a
asymmetric_j1_good,41,2.0,selected_order,0.08434852351458944,1.412484393049599,0.6732075883200969,0.028978290442699697,0.014850825763368002,0.0038140938068494893,0.0,0.0,1.0,0.3,1.0,j1_b_then_a,j1_b_then_a
asymmetric_j1_good,41,2.0,independent,0.08434852351458944,1.6715669543449947,0.7293118504454428,0.2727277392911724,4.027610493381739e-17,0.06974961091601982,0.25908256129539575,0.25908256129539575,1.0,0.3,1.0,j1_b_then_a,j1_b_then_a
asymmetric_j1_good,41,2.0,arithmetic,0.08434852351458944,1.4083579351139752,0.671677624301612,0.041912217471153576,0.023382501388554133,0.00193128300600482,-0.004126457935623717,-0.004126457935623717,1.0,0.3,1.0,j1_b_then_a,j1_b_then_a
asymmetric_j1_good,41,2.0,geometric,0.08434852351458944,1.4077624587616047,0.6715177178218426,0.042142643240257786,0.023609315308599717,0.0019328743401289873,-0.004721934287994278,-0.004721934287994278,1.0,0.3,1.0,j1_b_then_a,j1_b_then_a
asymmetric_j1_good,41,2.0,weighted_geometric,0.08434852351458944,1.412484393049599,0.6732075883200969,0.028978290442699697,0.014850825763368006,0.00381409380684949,0.0,0.0,1.0,0.3,1.0,j1_b_then_a,j1_b_then_a
asymmetric_j1_good,41,2.0,hard_core,0.08434852351458944,1.417783436173306,0.6739813313121761,0.04434826288013656,7.074185573267833e-14,0.004076235274867438,0.005299043123706992,0.005299043123706992,1.0,0.3,1.0,j1_b_then_a,j1_b_then_a
asymmetric_j1_good,41,2.0,adaptive_soft,0.08434852351458944,1.4123855652764528,0.6730276550326384,0.027432123253324458,0.01315499572888907,0.003675152366949904,-9.882777314618174e-05,-9.882777314618174e-05,1.0,0.3,1.0,j1_b_then_a,j1_b_then_a
asymmetric_j1_good,41,2.0,selective_core,0.08434852351458944,1.412484393049599,0.6732075883200969,0.028978290442699697,0.014850825763368002,0.0038140938068494893,0.0,0.0,1.0,0.3,1.0,j1_b_then_a,j1_b_then_a
asymmetric_j1_good,42,2.0,j1,0.08366680469494682,1.4161620080223543,0.6763386818017523,0.02763408336775918,0.01478606008572731,0.0038551286962426436,0.0,0.0,0.75,1.0,0.75,j1_b_then_a,soft
asymmetric_j1_good,42,2.0,j2,0.08366680469494682,1.445104902935501,0.6833877682706079,0.07838235866884616,0.030050440281784118,0.0038551286962426436,0.02894289491314672,0.02894289491314672,0.75,1.0,0.75,j1_b_then_a,soft
asymmetric_j1_good,42,2.0,selected_order,0.08366680469494682,1.4161620080223543,0.6763386818017523,0.02763408336775918,0.01478606008572731,0.0038551286962426436,0.0,0.0,0.75,1.0,0.75,j1_b_then_a,soft
asymmetric_j1_good,42,2.0,independent,0.08366680469494682,1.6408949798523496,0.7187663444501502,0.22592875703589915,4.043568932921189e-17,0.05512389007419883,0.2247329718299953,0.2247329718299953,0.75,1.0,0.75,j1_b_then_a,soft
asymmetric_j1_good,42,2.0,arithmetic,0.08366680469494682,1.4223384969252213,0.6773678426549736,0.0421909688741498,0.02241825018375569,0.001953166450627778,0.006176488902867039,0.006176488902867039,0.75,1.0,0.75,j1_b_then_a,soft
asymmetric_j1_good,42,2.0,geometric,0.08366680469494682,1.42279510360826,0.6775897822647671,0.04246651745054056,0.02257279077289654,0.0019548596723098213,0.006633095585905746,0.006633095585905746,0.75,1.0,0.75,j1_b_then_a,soft
asymmetric_j1_good,42,2.0,weighted_geometric,0.08366680469494682,1.4174983483779684,0.6763721989795836,0.029543660221633287,0.01868377428067946,0.002423548128712626,0.0013363403556141407,0.0013363403556141407,0.75,1.0,0.75,j1_b_then_a,soft
asymmetric_j1_good,42,2.0,hard_core,0.08366680469494682,1.4254944235359448,0.6779592070601166,0.044164919407857495,2.0218792677433038e-14,0.00377298503433839,0.009332415513590542,0.009332415513590542,0.75,1.0,0.75,j1_b_then_a,soft
asymmetric_j1_good,42,2.0,adaptive_soft,0.08366680469494682,1.4185991458819813,0.6767393194151984,0.030578736575634962,0.0112804300287411,0.002688316981714326,0.00243713785962707,0.00243713785962707,0.75,1.0,0.75,j1_b_then_a,soft
asymmetric_j1_good,42,2.0,selective_core,0.08366680469494682,1.4185991458819813,0.6767393194151984,0.030578736575634962,0.0112804300287411,0.002688316981714326,0.00243713785962707,0.00243713785962707,0.75,1.0,0.75,j1_b_then_a,soft
asymmetric_j1_good,43,2.0,j1,0.08992388943128898,1.4201929828920874,0.663499810569858,0.027521387623684005,0.013791214174375774,0.004185215303441012,0.0,0.0,1.0,0.01,1.0,j1_b_then_a,j1_b_then_a
asymmetric_j1_good,43,2.0,j2,0.08992388943128898,1.4516874573140774,0.6762977921600357,0.08540765693620517,0.03314773973158398,0.004185215303441012,0.03149447442199005,0.03149447442199005,1.0,0.01,1.0,j1_b_then_a,j1_b_then_a
asymmetric_j1_good,43,2.0,selected_order,0.08992388943128898,1.4201929828920874,0.663499810569858,0.027521387623684005,0.013791214174375774,0.004185215303441012,0.0,0.0,1.0,0.01,1.0,j1_b_then_a,j1_b_then_a
asymmetric_j1_good,43,2.0,independent,0.08992388943128898,1.6136388002647464,0.7028080387701273,0.21193334368498568,4.157672783597463e-17,0.05728128723564758,0.19344581737265898,0.19344581737265898,1.0,0.01,1.0,j1_b_then_a,j1_b_then_a
asymmetric_j1_good,43,2.0,arithmetic,0.08992388943128898,1.4268689627801137,0.6669949072434181,0.045279797200883765,0.023469476952979854,0.0021186723516008047,0.006675979888026262,0.006675979888026262,1.0,0.01,1.0,j1_b_then_a,j1_b_then_a
asymmetric_j1_good,43,2.0,geometric,0.08992388943128898,1.4274355875721094,0.6670753247342076,0.04572930442731548,0.023733928860275966,0.0021202316423462693,0.0072426046800220245,0.0072426046800220245,1.0,0.01,1.0,j1_b_then_a,j1_b_then_a
asymmetric_j1_good,43,2.0,weighted_geometric,0.08992388943128898,1.4201929828920874,0.6634998105698581,0.027521387623684005,0.013791214174375777,0.004185215303441009,0.0,0.0,1.0,0.01,1.0,j1_b_then_a,j1_b_then_a
asymmetric_j1_good,43,2.0,hard_core,0.08992388943128898,1.4187980494552375,0.6623764353460376,0.04384547945469536,2.299216271245866e-14,0.004159629896673784,-0.0013949334368499322,-0.0013949334368499322,1.0,0.01,1.0,j1_b_then_a,j1_b_then_a
asymmetric_j1_good,43,2.0,adaptive_soft,0.08992388943128898,1.4201249976379968,0.663474176342432,0.027425222363984276,0.01371630990411328,0.004177831535734547,-6.798525409057454e-05,-6.798525409057454e-05,1.0,0.01,1.0,j1_b_then_a,j1_b_then_a
asymmetric_j1_good,43,2.0,selective_core,0.08992388943128898,1.4201929828920874,0.663499810569858,0.027521387623684005,0.013791214174375774,0.004185215303441012,0.0,0.0,1.0,0.01,1.0,j1_b_then_a,j1_b_then_a
asymmetric_j1_good,44,2.0,j1,0.08986387831593923,1.5014901087074968,0.6988517380440405,0.028697452899534362,0.015572005814996966,0.004229805772425051,0.0,0.0,1.0,0.03,1.0,j1_b_then_a,j1_b_then_a
asymmetric_j1_good,44,2.0,j2,0.08986387831593923,1.5326730582968506,0.7069503175301247,0.08501926066144076,0.031997961282988464,0.004229805772425051,0.03118294958935386,0.03118294958935386,1.0,0.03,1.0,j1_b_then_a,j1_b_then_a
asymmetric_j1_good,44,2.0,selected_order,0.08986387831593923,1.5014901087074968,0.6988517380440405,0.028697452899534362,0.015572005814996966,0.004229805772425051,0.0,0.0,1.0,0.03,1.0,j1_b_then_a,j1_b_then_a
asymmetric_j1_good,44,2.0,independent,0.08986387831593923,1.6994329770952805,0.740511781351259,0.22703224748465856,4.227047111318195e-17,0.05864045703965295,0.19794286838778374,0.19794286838778374,1.0,0.03,1.0,j1_b_then_a,j1_b_then_a
asymmetric_j1_good,44,2.0,arithmetic,0.08986387831593923,1.507681115895905,0.7002578606040861,0.04550571509691825,0.02378498354899269,0.0021424706545509144,0.0061910071884081486,0.0061910071884081486,1.0,0.03,1.0,j1_b_then_a,j1_b_then_a
asymmetric_j1_good,44,2.0,geometric,0.08986387831593923,1.5084805366989247,0.7003581048490432,0.045759771289743637,0.024025801686962764,0.0021441029452449,0.0069904279914279055,0.0069904279914279055,1.0,0.03,1.0,j1_b_then_a,j1_b_then_a
asymmetric_j1_good,44,2.0,weighted_geometric,0.08986387831593923,1.5014901087074968,0.6988517380440405,0.028697452899534362,0.015572005814996967,0.00422980577242505,0.0,0.0,1.0,0.03,1.0,j1_b_then_a,j1_b_then_a
asymmetric_j1_good,44,2.0,hard_core,0.08986387831593923,1.5068419658540466,0.6998226057924194,0.04709411344426064,5.501913451539547e-14,0.0041616292618413975,0.005351857146549843,0.005351857146549843,1.0,0.03,1.0,j1_b_then_a,j1_b_then_a
asymmetric_j1_good,44,2.0,adaptive_soft,0.08986387831593923,1.5014128785057617,0.6988094324890906,0.02842633895563367,0.015324988413787669,0.004204989101827331,-7.72302017351123e-05,-7.72302017351123e-05,1.0,0.03,1.0,j1_b_then_a,j1_b_then_a
asymmetric_j1_good,44,2.0,selective_core,0.08986387831593923,1.5014901087074968,0.6988517380440405,0.028697452899534362,0.015572005814996966,0.004229805772425051,0.0,0.0,1.0,0.03,1.0,j1_b_then_a,j1_b_then_a
asymmetric_j1_good,45,2.0,j1,0.09282030571013015,1.5276094297722618,0.7073981280380144,0.029207569023135156,0.01567534916264455,0.004321742522870032,0.0,0.0,1.0,0.3,1.0,j1_b_then_a,j1_b_then_a
asymmetric_j1_good,45,2.0,j2,0.09282030571013015,1.5437341213265854,0.7134092524680119,0.08699997829867963,0.03331822749582529,0.004321742522870032,0.01612469155432361,0.01612469155432361,1.0,0.3,1.0,j1_b_then_a,j1_b_then_a
asymmetric_j1_good,45,2.0,selected_order,0.09282030571013015,1.5276094297722618,0.7073981280380144,0.029207569023135156,0.01567534916264455,0.004321742522870032,0.0,0.0,1.0,0.3,1.0,j1_b_then_a,j1_b_then_a
asymmetric_j1_good,45,2.0,independent,0.09282030571013015,1.6983691515303923,0.7420625820091659,0.25324543431020086,4.330487791276427e-17,0.059377836006335755,0.17075972175813048,0.17075972175813048,1.0,0.3,1.0,j1_b_then_a,j1_b_then_a
asymmetric_j1_good,45,2.0,arithmetic,0.09282030571013015,1.5280351329158925,0.7075733834691986,0.0459283476165468,0.024496788329234895,0.0021883560913058277,0.00042570314363077344,0.00042570314363077344,1.0,0.3,1.0,j1_b_then_a,j1_b_then_a
asymmetric_j1_good,45,2.0,geometric,0.09282030571013015,1.526888400735937,0.7074157886627427,0.04620040240451753,0.024727483156034426,0.0021901420436468834,-0.0007210290363248717,-0.0007210290363248717,1.0,0.3,1.0,j1_b_then_a,j1_b_then_a
asymmetric_j1_good,45,2.0,weighted_geometric,0.09282030571013015,1.5276094297722618,0.7073981280380144,0.029207569023135156,0.015675349162644552,0.004321742522870031,0.0,0.0,1.0,0.3,1.0,j1_b_then_a,j1_b_then_a
asymmetric_j1_good,45,2.0,hard_core,0.09282030571013015,1.5291446437430392,0.7076419175041837,0.04702058611166465,3.511831773192302e-14,0.00416724386316932,0.0015352139707773826,0.0015352139707773826,1.0,0.3,1.0,j1_b_then_a,j1_b_then_a
asymmetric_j1_good,45,2.0,adaptive_soft,0.09282030571013015,1.5272801571922447,0.7073252217356497,0.027918384799890332,0.013642450996535788,0.004171128882657652,-0.000329272580017026,-0.000329272580017026,1.0,0.3,1.0,j1_b_then_a,j1_b_then_a
asymmetric_j1_good,45,2.0,selective_core,0.09282030571013015,1.5276094297722618,0.7073981280380144,0.029207569023135156,0.01567534916264455,0.004321742522870032,0.0,0.0,1.0,0.3,1.0,j1_b_then_a,j1_b_then_a
asymmetric_j1_good,46,2.0,j1,0.09291633079249839,1.496117535824264,0.690368594582679,0.027657193081133805,0.014247043394918175,0.004439629500491382,0.0,0.0,0.75,0.01,0.75,j1_b_then_a,geometric
asymmetric_j1_good,46,2.0,j2,0.09291633079249839,1.5277864596021258,0.7029730797096331,0.08854311713727174,0.03417224499259677,0.004439629500491382,0.03166892377786179,0.03166892377786179,0.75,0.01,0.75,j1_b_then_a,geometric
asymmetric_j1_good,46,2.0,selected_order,0.09291633079249839,1.496117535824264,0.690368594582679,0.027657193081133805,0.014247043394918175,0.004439629500491382,0.0,0.0,0.75,0.01,0.75,j1_b_then_a,geometric
asymmetric_j1_good,46,2.0,independent,0.09291633079249839,1.6439093401062874,0.7196812219411445,0.1792318968036346,4.3449259760821453e-17,0.043439757468263555,0.14779180428202343,0.14779180428202343,0.75,0.01,0.75,j1_b_then_a,geometric
asymmetric_j1_good,46,2.0,arithmetic,0.09291633079249839,1.502857444429519,0.6936224365193819,0.04665821291131311,0.024209644193757457,0.00224654564593531,0.006739908605255085,0.006739908605255085,0.75,0.01,0.75,j1_b_then_a,geometric
asymmetric_j1_good,46,2.0,geometric,0.09291633079249839,1.5029297166199875,0.6937487815418999,0.047163837872565,0.024428823904593132,0.002247962292948811,0.006812180795723544,0.006812180795723544,0.75,0.01,0.75,j1_b_then_a,geometric
asymmetric_j1_good,46,2.0,weighted_geometric,0.09291633079249839,1.497245820690825,0.6913247403468156,0.03092233672409811,0.019354290521043874,0.0027891808876961905,0.0011282848665610246,0.0011282848665610246,0.75,0.01,0.75,j1_b_then_a,geometric
asymmetric_j1_good,46,2.0,hard_core,0.09291633079249839,1.503685384388747,0.6926468160917111,0.045215907804271774,2.8316487982258787e-14,0.004121760883802245,0.007567848564483004,0.007567848564483004,0.75,0.01,0.75,j1_b_then_a,geometric
asymmetric_j1_good,46,2.0,adaptive_soft,0.09291633079249839,1.4972511292574495,0.691323933317037,0.03086924643096439,0.01918695539842233,0.0027920337466561277,0.0011335934331855313,0.0011335934331855313,0.75,0.01,0.75,j1_b_then_a,geometric
asymmetric_j1_good,46,2.0,selective_core,0.09291633079249839,1.497245820690825,0.6913247403468156,0.03092233672409811,0.019354290521043874,0.0027891808876961905,0.0011282848665610246,0.0011282848665610246,0.75,0.01,0.75,j1_b_then_a,geometric
asymmetric_j1_good,47,2.0,j1,0.09288301612273392,1.578821679748264,0.7222855161395275,0.030987203307032994,0.015275625477128997,0.004359888888146825,0.0,0.0,0.75,1.0,0.75,j1_b_then_a,soft
asymmetric_j1_good,47,2.0,j2,0.09288301612273392,1.5963854646528899,0.7269169048339174,0.08801379892553135,0.03352558517413756,0.004359888888146825,0.017563784904625956,0.017563784904625956,0.75,1.0,0.75,j1_b_then_a,soft
asymmetric_j1_good,47,2.0,selected_order,0.09288301612273392,1.578821679748264,0.7222855161395275,0.030987203307032994,0.015275625477128997,0.004359888888146825,0.0,0.0,0.75,1.0,0.75,j1_b_then_a,soft
asymmetric_j1_good,47,2.0,independent,0.09288301612273392,1.7732000648792814,0.760809626548808,0.23805570596319012,4.2379582509315466e-17,0.0615470901621395,0.19437838513101746,0.19437838513101746,0.75,1.0,0.75,j1_b_then_a,soft
asymmetric_j1_good,47,2.0,arithmetic,0.09288301612273392,1.5779185196529901,0.7218277605705216,0.047584892138099896,0.02440060532563326,0.002207037384348672,-0.0009031600952738028,-0.0009031600952738028,0.75,1.0,0.75,j1_b_then_a,soft
asymmetric_j1_good,47,2.0,geometric,0.09288301612273392,1.578741551435651,0.7217630975212553,0.04822631183852146,0.024786853829116374,0.002208634079059899,-8.012831261283715e-05,-8.012831261283715e-05,0.75,1.0,0.75,j1_b_then_a,soft
asymmetric_j1_good,47,2.0,weighted_geometric,0.09288301612273392,1.5765174200217646,0.7212812909843301,0.03361446205514778,0.02009772967533062,0.00272991224109856,-0.0023042597264992803,-0.0023042597264992803,0.75,1.0,0.75,j1_b_then_a,soft
asymmetric_j1_good,47,2.0,hard_core,0.09288301612273392,1.5834259949071257,0.7229486974945503,0.04853198211335275,5.861285925098339e-14,0.004097386848970434,0.004604315158861727,0.004604315158861727,0.75,1.0,0.75,j1_b_then_a,soft
asymmetric_j1_good,47,2.0,adaptive_soft,0.09288301612273392,1.57744017430116,0.721435236928291,0.03446262956396809,0.011788452179845017,0.0030462916532653654,-0.0013815054471040256,-0.0013815054471040256,0.75,1.0,0.75,j1_b_then_a,soft
asymmetric_j1_good,47,2.0,selective_core,0.09288301612273392,1.57744017430116,0.721435236928291,0.03446262956396809,0.011788452179845017,0.0030462916532653654,-0.0013815054471040256,-0.0013815054471040256,0.75,1.0,0.75,j1_b_then_a,soft
asymmetric_j1_good,48,2.0,j1,0.0955298515195135,1.5348579305448806,0.7112711536879509,0.028310371265368367,0.01469921726959166,0.004551544088301955,0.0,0.0,0.75,0.1,0.75,j1_b_then_a,soft
asymmetric_j1_good,48,2.0,j2,0.0955298515195135,1.5633960189951122,0.7198093600944275,0.09104262146231648,0.03368303504820818,0.004551544088301955,0.028538088450231536,0.028538088450231536,0.75,0.1,0.75,j1_b_then_a,soft
asymmetric_j1_good,48,2.0,selected_order,0.0955298515195135,1.5348579305448806,0.7112711536879509,0.028310371265368367,0.01469921726959166,0.004551544088301955,0.0,0.0,0.75,0.1,0.75,j1_b_then_a,soft
asymmetric_j1_good,48,2.0,independent,0.0955298515195135,1.6717797081368002,0.7409938971841726,0.19119719996481996,4.3639544044826016e-17,0.04087885614971062,0.1369217775919196,0.1369217775919196,0.75,0.1,0.75,j1_b_then_a,soft
asymmetric_j1_good,48,2.0,arithmetic,0.0955298515195135,1.5396021843504857,0.7124443592417602,0.047894457832103256,0.024191126158899897,0.002304757640625671,0.004744253805605059,0.004744253805605059,0.75,0.1,0.75,j1_b_then_a,soft
asymmetric_j1_good,48,2.0,geometric,0.0955298515195135,1.539865345723962,0.7124488270766037,0.0483796005521757,0.024470525640590962,0.002306543770376545,0.00500741517908132,0.00500741517908132,0.75,0.1,0.75,j1_b_then_a,soft
asymmetric_j1_good,48,2.0,weighted_geometric,0.0955298515195135,1.5350136965268257,0.7110708898819748,0.03189542724704086,0.019615270342573845,0.0028574972786815462,0.0001557659819451107,0.0001557659819451107,0.75,0.1,0.75,j1_b_then_a,soft
asymmetric_j1_good,48,2.0,hard_core,0.0955298515195135,1.5389639772513193,0.7130296834296598,0.04714271349437694,2.7213488224267793e-14,0.004084469991958355,0.00410604670643866,0.00410604670643866,0.75,0.1,0.75,j1_b_then_a,soft
asymmetric_j1_good,48,2.0,adaptive_soft,0.0955298515195135,1.5349668241792778,0.7111673305066276,0.031641499535164715,0.01805732700049703,0.0028865295412406045,0.00010889363439714472,0.00010889363439714472,0.75,0.1,0.75,j1_b_then_a,soft
asymmetric_j1_good,48,2.0,selective_core,0.0955298515195135,1.5349668241792778,0.7111673305066276,0.031641499535164715,0.01805732700049703,0.0028865295412406045,0.00010889363439714472,0.00010889363439714472,0.75,0.1,0.75,j1_b_then_a,soft
asymmetric_j1_good,49,2.0,j1,0.09237299578721797,1.4883720385366097,0.6840198630086626,0.02931560798918584,0.015957898681782896,0.004456089947920689,0.0,0.0,1.0,0.3,0.75,j1_b_then_a,geometric
asymmetric_j1_good,49,2.0,j2,0.09237299578721797,1.5335845573536653,0.6961036110160115,0.08596713809592163,0.03302092907003387,0.004456089947920689,0.04521251881705557,0.04521251881705557,1.0,0.3,0.75,j1_b_then_a,geometric
asymmetric_j1_good,49,2.0,selected_order,0.09237299578721797,1.4883720385366097,0.6840198630086626,0.02931560798918584,0.015957898681782896,0.004456089947920689,0.0,0.0,1.0,0.3,0.75,j1_b_then_a,geometric
asymmetric_j1_good,49,2.0,independent,0.09237299578721797,1.7390864553143983,0.7357349391955617,0.25027812512780206,4.293508367001867e-17,0.06643315052873694,0.2507144167777886,0.2507144167777886,1.0,0.3,0.75,j1_b_then_a,geometric
asymmetric_j1_good,49,2.0,arithmetic,0.09237299578721797,1.5021082027528314,0.6873167324319416,0.045495130527348084,0.02448941387590836,0.0022578505728154917,0.013736164216221702,0.013736164216221702,1.0,0.3,0.75,j1_b_then_a,geometric
asymmetric_j1_good,49,2.0,geometric,0.09237299578721797,1.501911097060966,0.6871834237253345,0.045702626131185725,0.024636463260510753,0.002259823730094633,0.013539058524356218,0.013539058524356218,1.0,0.3,0.75,j1_b_then_a,geometric
asymmetric_j1_good,49,2.0,weighted_geometric,0.09237299578721797,1.4928705291969226,0.6848831963180754,0.03130455945857548,0.020304080310005013,0.0028087218924824887,0.004498490660312937,0.004498490660312937,1.0,0.3,0.75,j1_b_then_a,geometric
asymmetric_j1_good,49,2.0,hard_core,0.09237299578721797,1.5052895243668067,0.686877298870825,0.04820259018141159,2.4793559214174708e-14,0.004449118388048531,0.016917485830197032,0.016917485830197032,1.0,0.3,0.75,j1_b_then_a,geometric
asymmetric_j1_good,49,2.0,adaptive_soft,0.09237299578721797,1.4887698403272718,0.684007403698123,0.028147284018434263,0.013892312277405214,0.004308517538833947,0.0003978017906620668,0.0003978017906620668,1.0,0.3,0.75,j1_b_then_a,geometric
asymmetric_j1_good,49,2.0,selective_core,0.09237299578721797,1.4928705291969226,0.6848831963180754,0.03130455945857548,0.020304080310005013,0.0028087218924824887,0.004498490660312937,0.004498490660312937,1.0,0.3,0.75,j1_b_then_a,geometric
asymmetric_j2_good,0,2.0,j1,0.08353794367750828,1.4793518452294263,0.6763886489567863,0.07896679220260952,0.030457036209898824,0.0038718190419930513,0.035228081294016,0.035228081294016,0.0,0.3,0.0,j2_a_then_b,j2_a_then_b
asymmetric_j2_good,0,2.0,j2,0.08353794367750828,1.4441237639354103,0.6665605972088738,0.027413064535685643,0.01447632617896875,0.0038718190419930513,0.0,0.0,0.0,0.3,0.0,j2_a_then_b,j2_a_then_b
asymmetric_j2_good,0,2.0,selected_order,0.08353794367750828,1.4441237639354103,0.6665605972088738,0.027413064535685643,0.01447632617896875,0.0038718190419930513,0.0,0.0,0.0,0.3,0.0,j2_a_then_b,j2_a_then_b
asymmetric_j2_good,0,2.0,independent,0.08353794367750828,1.676032201458482,0.7122189279898992,0.25502944316385595,4.09749952067287e-17,0.06585466742594215,0.23190843752307178,0.23190843752307178,0.0,0.3,0.0,j2_a_then_b,j2_a_then_b
asymmetric_j2_good,0,2.0,arithmetic,0.08353794367750828,1.4534130555365252,0.6690973722924507,0.04249265480528783,0.022466681194433766,0.001961102849496941,0.009289291601114913,0.009289291601114913,0.0,0.3,0.0,j2_a_then_b,j2_a_then_b
asymmetric_j2_good,0,2.0,geometric,0.08353794367750828,1.4538693941439398,0.6692298804429702,0.042625302326382744,0.022571495202460778,0.0019626537231905395,0.009745630208529477,0.009745630208529477,0.0,0.3,0.0,j2_a_then_b,j2_a_then_b
asymmetric_j2_good,0,2.0,weighted_geometric,0.08353794367750828,1.4441237639354103,0.6665605972088738,0.027413064535685643,0.014476326178968754,0.0038718190419930495,0.0,0.0,0.0,0.3,0.0,j2_a_then_b,j2_a_then_b
asymmetric_j2_good,0,2.0,hard_core,0.08353794367750828,1.4467367530328905,0.6659290979717798,0.04367436660814508,4.4621367503852115e-14,0.003882165456351196,0.0026129890974802006,0.0026129890974802006,0.0,0.3,0.0,j2_a_then_b,j2_a_then_b
asymmetric_j2_good,0,2.0,adaptive_soft,0.08353794367750828,1.443576523695966,0.6663119980447635,0.02623062808041444,0.012719239098279591,0.003740062759011158,-0.0005472402394444131,-0.0005472402394444131,0.0,0.3,0.0,j2_a_then_b,j2_a_then_b
asymmetric_j2_good,0,2.0,selective_core,0.08353794367750828,1.4441237639354103,0.6665605972088738,0.027413064535685643,0.01447632617896875,0.0038718190419930513,0.0,0.0,0.0,0.3,0.0,j2_a_then_b,j2_a_then_b
asymmetric_j2_good,1,2.0,j1,0.10264906839267582,1.4942520883828903,0.6978172687376819,0.09803858262928901,0.03992176236630668,0.0050805178026285544,0.03495345608823541,0.03495345608823541,0.0,1.0,0.0,j2_a_then_b,j2_a_then_b
asymmetric_j2_good,1,2.0,j2,0.10264906839267582,1.4592986322946548,0.6808180599207594,0.02897793924517429,0.011595711262153896,0.0050805178026285544,0.0,0.0,0.0,1.0,0.0,j2_a_then_b,j2_a_then_b
asymmetric_j2_good,1,2.0,selected_order,0.10264906839267582,1.4592986322946548,0.6808180599207594,0.02897793924517429,0.011595711262153896,0.0050805178026285544,0.0,0.0,0.0,1.0,0.0,j2_a_then_b,j2_a_then_b
asymmetric_j2_good,1,2.0,independent,0.10264906839267582,1.5620416730902693,0.7071395254034507,0.1496827069208619,4.3745335045336506e-17,0.03080850816500233,0.10274304079561447,0.10274304079561447,0.0,1.0,0.0,j2_a_then_b,j2_a_then_b
asymmetric_j2_good,1,2.0,arithmetic,0.10264906839267582,1.46627304616813,0.6853235236476962,0.050944205389799185,0.02575873681423026,0.0025718597684459533,0.006974413873475083,0.006974413873475083,0.0,1.0,0.0,j2_a_then_b,j2_a_then_b
asymmetric_j2_good,1,2.0,geometric,0.10264906839267582,1.4664298084542853,0.6852253400048257,0.051688648025098226,0.026264786629858275,0.002573664291881519,0.007131176159630437,0.007131176159630437,0.0,1.0,0.0,j2_a_then_b,j2_a_then_b
asymmetric_j2_good,1,2.0,weighted_geometric,0.10264906839267582,1.459298632294655,0.6808180599207594,0.028977939245174285,0.011595711262153903,0.005080517802628553,2.220446049250313e-16,2.220446049250313e-16,0.0,1.0,0.0,j2_a_then_b,j2_a_then_b
asymmetric_j2_good,1,2.0,hard_core,0.10264906839267582,1.4602457624858325,0.6814441168941039,0.04378811762035542,6.068946800457612e-14,0.004600785946774741,0.0009471301911776475,0.0009471301911776475,0.0,1.0,0.0,j2_a_then_b,j2_a_then_b
asymmetric_j2_good,1,2.0,adaptive_soft,0.10264906839267582,1.4590386124681345,0.6810956810144447,0.029827805441046636,0.0071840490320038185,0.004953739178959257,-0.0002600198265203524,-0.0002600198265203524,0.0,1.0,0.0,j2_a_then_b,j2_a_then_b
asymmetric_j2_good,1,2.0,selective_core,0.10264906839267582,1.4592986322946548,0.6808180599207594,0.02897793924517429,0.011595711262153896,0.0050805178026285544,0.0,0.0,0.0,1.0,0.0,j2_a_then_b,j2_a_then_b
asymmetric_j2_good,2,2.0,j1,0.09410664107632427,1.544687252073798,0.7183643555977806,0.08847259770997473,0.033681183389836035,0.004490154793946564,0.014028066831842656,0.014028066831842656,0.25,1.0,0.25,j2_a_then_b,soft
asymmetric_j2_good,2,2.0,j2,0.09410664107632427,1.5306591852419553,0.7130454215181673,0.02889486879891008,0.015899732072940306,0.004490154793946564,0.0,0.0,0.25,1.0,0.25,j2_a_then_b,soft
asymmetric_j2_good,2,2.0,selected_order,0.09410664107632427,1.5306591852419553,0.7130454215181673,0.02889486879891008,0.015899732072940306,0.004490154793946564,0.0,0.0,0.25,1.0,0.25,j2_a_then_b,soft
asymmetric_j2_good,2,2.0,independent,0.09410664107632427,1.7318699789694658,0.7538781979396341,0.22800799698692933,4.205539928347872e-17,0.05496610833885097,0.2012107937275105,0.2012107937275105,0.25,1.0,0.25,j2_a_then_b,soft
asymmetric_j2_good,2,2.0,arithmetic,0.09410664107632427,1.5279716003390853,0.7128445687915592,0.04656867753713426,0.02479045773138815,0.0022727762153730035,-0.0026875849028700216,-0.0026875849028700216,0.25,1.0,0.25,j2_a_then_b,soft
asymmetric_j2_good,2,2.0,geometric,0.09410664107632427,1.528546800015752,0.7128326628377221,0.04714676509363945,0.02513581603037899,0.0022743264620298884,-0.0021123852262032727,-0.0021123852262032727,0.25,1.0,0.25,j2_a_then_b,soft
asymmetric_j2_good,2,2.0,weighted_geometric,0.09410664107632427,1.5272811679296474,0.7121726421245844,0.03166237079834869,0.0205648125770407,0.0028149442015524087,-0.0033780173123079127,-0.0033780173123079127,0.25,1.0,0.25,j2_a_then_b,soft
asymmetric_j2_good,2,2.0,hard_core,0.09410664107632427,1.5325204793990457,0.7128846630234988,0.0476642178203916,3.585968392887107e-14,0.004318521591767594,0.001861294157090354,0.001861294157090354,0.25,1.0,0.25,j2_a_then_b,soft
asymmetric_j2_good,2,2.0,adaptive_soft,0.09410664107632427,1.527281643153471,0.7118519324737618,0.032422243958010494,0.012161124654047199,0.0031325167912734323,-0.0033775420884842866,-0.0033775420884842866,0.25,1.0,0.25,j2_a_then_b,soft
asymmetric_j2_good,2,2.0,selective_core,0.09410664107632427,1.527281643153471,0.7118519324737618,0.032422243958010494,0.012161124654047199,0.0031325167912734323,-0.0033775420884842866,-0.0033775420884842866,0.25,1.0,0.25,j2_a_then_b,soft
asymmetric_j2_good,3,2.0,j1,0.09805781524679426,1.459226750453665,0.674093190237357,0.09475612808890976,0.03680667932011043,0.004902405102505836,0.04267057339067204,0.04267057339067204,0.25,1.0,0.25,j2_a_then_b,soft
asymmetric_j2_good,3,2.0,j2,0.09805781524679426,1.4165561770629929,0.6609569299874013,0.027917242834461335,0.012470247189214419,0.004902405102505836,0.0,0.0,0.25,1.0,0.25,j2_a_then_b,soft
asymmetric_j2_good,3,2.0,selected_order,0.09805781524679426,1.4165561770629929,0.6609569299874013,0.027917242834461335,0.012470247189214419,0.004902405102505836,0.0,0.0,0.25,1.0,0.25,j2_a_then_b,soft
asymmetric_j2_good,3,2.0,independent,0.09805781524679426,1.4988870735289184,0.6775734134071847,0.1447110387017619,4.538126059834557e-17,0.02719903975182222,0.08233089646592551,0.08233089646592551,0.25,1.0,0.25,j2_a_then_b,soft
asymmetric_j2_good,3,2.0,arithmetic,0.09805781524679426,1.4278989580517385,0.6640630298020945,0.04998740657066467,0.024638463254662398,0.0024839214468683215,0.011342780988745638,0.011342780988745638,0.25,1.0,0.25,j2_a_then_b,soft
asymmetric_j2_good,3,2.0,geometric,0.09805781524679426,1.427904293556725,0.6639600395926943,0.05038341017575315,0.02482446883474168,0.00248587909175218,0.01134811649373213,0.01134811649373213,0.25,1.0,0.25,j2_a_then_b,soft
asymmetric_j2_good,3,2.0,weighted_geometric,0.09805781524679426,1.4197011640402593,0.6615311249339508,0.03267246172813355,0.018637539852643686,0.0030801028268682682,0.003144986977266395,0.003144986977266395,0.25,1.0,0.25,j2_a_then_b,soft
asymmetric_j2_good,3,2.0,hard_core,0.09805781524679426,1.4211290839034685,0.661871924310529,0.04470287641993211,6.093455233257107e-14,0.00428010149325916,0.004572906840475621,0.004572906840475621,0.25,1.0,0.25,j2_a_then_b,soft
asymmetric_j2_good,3,2.0,adaptive_soft,0.09805781524679426,1.4184971687558985,0.6611593543664108,0.032657478694828455,0.010177251886573114,0.003478447431620545,0.0019409916929056248,0.0019409916929056248,0.25,1.0,0.25,j2_a_then_b,soft
asymmetric_j2_good,3,2.0,selective_core,0.09805781524679426,1.4184971687558985,0.6611593543664108,0.032657478694828455,0.010177251886573114,0.003478447431620545,0.0019409916929056248,0.0019409916929056248,0.25,1.0,0.25,j2_a_then_b,soft
asymmetric_j2_good,4,2.0,j1,0.09442772297184004,1.498286631007617,0.7014622963005867,0.08991983856961655,0.03634560297687141,0.004401749788144358,0.04124125575278237,0.04124125575278237,0.25,0.1,0.25,j2_a_then_b,soft
asymmetric_j2_good,4,2.0,j2,0.09442772297184004,1.4570453752548347,0.687444658575595,0.028141324403941567,0.012797151886694174,0.004401749788144358,0.0,0.0,0.25,0.1,0.25,j2_a_then_b,soft
asymmetric_j2_good,4,2.0,selected_order,0.09442772297184004,1.4570453752548347,0.687444658575595,0.028141324403941567,0.012797151886694174,0.004401749788144358,0.0,0.0,0.25,0.1,0.25,j2_a_then_b,soft
asymmetric_j2_good,4,2.0,independent,0.09442772297184004,1.5751114684707868,0.7113797755255918,0.17148180172936184,4.0829400407491055e-17,0.036565274524740815,0.11806609321595207,0.11806609321595207,0.25,0.1,0.25,j2_a_then_b,soft
asymmetric_j2_good,4,2.0,arithmetic,0.09442772297184004,1.4684072612620354,0.6912097406953851,0.04754821925940699,0.024571377431782764,0.00222714203400142,0.011361886007200672,0.011361886007200672,0.25,0.1,0.25,j2_a_then_b,soft
asymmetric_j2_good,4,2.0,geometric,0.09442772297184004,1.468721225732885,0.6914629227113981,0.047961409052148594,0.024794760384158083,0.002228656636294428,0.01167585047805031,0.01167585047805031,0.25,0.1,0.25,j2_a_then_b,soft
asymmetric_j2_good,4,2.0,weighted_geometric,0.09442772297184004,1.460612955018722,0.6886839623052073,0.03185730837516064,0.01881785643904724,0.002760874594888808,0.0035675797638872186,0.0035675797638872186,0.25,0.1,0.25,j2_a_then_b,soft
asymmetric_j2_good,4,2.0,hard_core,0.09442772297184004,1.4620587559103237,0.6875995794349967,0.04327928948971173,6.070728748730903e-14,0.004102642641932466,0.005013380655489064,0.005013380655489064,0.25,0.1,0.25,j2_a_then_b,soft
asymmetric_j2_good,4,2.0,adaptive_soft,0.09442772297184004,1.4601610471339603,0.6884526072020701,0.031364461168733274,0.01733275804378882,0.0028021536357501126,0.0031156718791256477,0.0031156718791256477,0.25,0.1,0.25,j2_a_then_b,soft
asymmetric_j2_good,4,2.0,selective_core,0.09442772297184004,1.4601610471339603,0.6884526072020701,0.031364461168733274,0.01733275804378882,0.0028021536357501126,0.0031156718791256477,0.0031156718791256477,0.25,0.1,0.25,j2_a_then_b,soft
asymmetric_j2_good,5,2.0,j1,0.0996940975137692,1.4673788184062955,0.6901677261878367,0.0947962977299367,0.03808966355976743,0.004815882687949118,0.04503260248195429,0.04503260248195429,0.25,0.01,0.25,j2_a_then_b,geometric
asymmetric_j2_good,5,2.0,j2,0.0996940975137692,1.4223462159243412,0.6761776713114136,0.02948774047172808,0.013117102087591344,0.004815882687949118,0.0,0.0,0.25,0.01,0.25,j2_a_then_b,geometric
asymmetric_j2_good,5,2.0,selected_order,0.0996940975137692,1.4223462159243412,0.6761776713114136,0.02948774047172808,0.013117102087591344,0.004815882687949118,0.0,0.0,0.25,0.01,0.25,j2_a_then_b,geometric
asymmetric_j2_good,5,2.0,independent,0.0996940975137692,1.5958915927401454,0.7142182569630761,0.1894270072185346,4.098529555088379e-17,0.04559884806570592,0.17354537681580418,0.17354537681580418,0.25,0.01,0.25,j2_a_then_b,geometric
asymmetric_j2_good,5,2.0,arithmetic,0.0996940975137692,1.43413454825609,0.6795559512009581,0.04991925188398819,0.02560338282367936,0.0024366586790521534,0.011788332331748919,0.011788332331748919,0.25,0.01,0.25,j2_a_then_b,geometric
asymmetric_j2_good,5,2.0,geometric,0.0996940975137692,1.4350660894067944,0.6797570727980653,0.05054918373630207,0.025907700677439596,0.0024381724837721232,0.012719873482453181,0.012719873482453181,0.25,0.01,0.25,j2_a_then_b,geometric
asymmetric_j2_good,5,2.0,weighted_geometric,0.0996940975137692,1.4262089813730738,0.6770605350835165,0.03339296147140426,0.019541770760109867,0.003016796973144906,0.0038627654487326524,0.0038627654487326524,0.25,0.01,0.25,j2_a_then_b,geometric
asymmetric_j2_good,5,2.0,hard_core,0.0996940975137692,1.4291973327652552,0.6770436800376601,0.04566288536372967,2.646049683972595e-14,0.004558586686218531,0.0068511168409139955,0.0068511168409139955,0.25,0.01,0.25,j2_a_then_b,geometric
asymmetric_j2_good,5,2.0,adaptive_soft,0.0996940975137692,1.4261364808244363,0.6770367960697976,0.033329796142309416,0.01937740891148882,0.003021134020424389,0.0037902649000951527,0.0037902649000951527,0.25,0.01,0.25,j2_a_then_b,geometric
asymmetric_j2_good,5,2.0,selective_core,0.0996940975137692,1.4262089813730738,0.6770605350835165,0.03339296147140426,0.019541770760109867,0.003016796973144906,0.0038627654487326524,0.0038627654487326524,0.25,0.01,0.25,j2_a_then_b,geometric
asymmetric_j2_good,6,2.0,j1,0.10355390444072134,1.4834419434599715,0.7003765569901398,0.09769206558937225,0.03976953533061719,0.005172725569556596,0.018549364314748296,0.018549364314748296,0.0,0.1,0.0,j2_a_then_b,j2_a_then_b
asymmetric_j2_good,6,2.0,j2,0.10355390444072134,1.4648925791452232,0.6942138793756479,0.028937067405388057,0.012655137332864318,0.005172725569556596,0.0,0.0,0.0,0.1,0.0,j2_a_then_b,j2_a_then_b
asymmetric_j2_good,6,2.0,selected_order,0.10355390444072134,1.4648925791452232,0.6942138793756479,0.028937067405388057,0.012655137332864318,0.005172725569556596,0.0,0.0,0.0,0.1,0.0,j2_a_then_b,j2_a_then_b
asymmetric_j2_good,6,2.0,independent,0.10355390444072134,1.578777537433883,0.7176765020575832,0.15940302214763521,3.8556993969124374e-17,0.03170051804669609,0.11388495828865985,0.11388495828865985,0.0,0.1,0.0,j2_a_then_b,j2_a_then_b
asymmetric_j2_good,6,2.0,arithmetic,0.10355390444072134,1.463129377040816,0.6934600945009176,0.050652327797907036,0.026212336331740728,0.0026197592019664207,-0.0017632021044071688,-0.0017632021044071688,0.0,0.1,0.0,j2_a_then_b,j2_a_then_b
asymmetric_j2_good,6,2.0,geometric,0.10355390444072134,1.4636322453785438,0.6937546631686792,0.0512960007310021,0.026530660994060703,0.0026217475948959786,-0.0012603337666794445,-0.0012603337666794445,0.0,0.1,0.0,j2_a_then_b,j2_a_then_b
asymmetric_j2_good,6,2.0,weighted_geometric,0.10355390444072134,1.4648925791452232,0.6942138793756479,0.028937067405388057,0.012655137332864322,0.005172725569556597,0.0,0.0,0.0,0.1,0.0,j2_a_then_b,j2_a_then_b
asymmetric_j2_good,6,2.0,hard_core,0.10355390444072134,1.4640545288457851,0.6928735614635327,0.045425283493100495,2.412448637124226e-14,0.004620061017257544,-0.0008380502994380645,-0.0008380502994380645,0.0,0.1,0.0,j2_a_then_b,j2_a_then_b
asymmetric_j2_good,6,2.0,adaptive_soft,0.10355390444072134,1.4646849488494713,0.6940683985437117,0.028502674032643838,0.011899300223761624,0.005120563402349017,-0.00020763029575188163,-0.00020763029575188163,0.0,0.1,0.0,j2_a_then_b,j2_a_then_b
asymmetric_j2_good,6,2.0,selective_core,0.10355390444072134,1.4648925791452232,0.6942138793756479,0.028937067405388057,0.012655137332864318,0.005172725569556596,0.0,0.0,0.0,0.1,0.0,j2_a_then_b,j2_a_then_b
asymmetric_j2_good,7,2.0,j1,0.09843088689287217,1.5491540936032926,0.7035795386321223,0.0931672830537089,0.03718947064706087,0.004789818636651225,0.05291091727708275,0.05291091727708275,0.0,1.0,0.0,j2_a_then_b,j2_a_then_b
asymmetric_j2_good,7,2.0,j2,0.09843088689287217,1.4962431763262098,0.6893076632003475,0.02886835824013069,0.013969370025382632,0.004789818636651225,0.0,0.0,0.0,1.0,0.0,j2_a_then_b,j2_a_then_b
asymmetric_j2_good,7,2.0,selected_order,0.09843088689287217,1.4962431763262098,0.6893076632003475,0.02886835824013069,0.013969370025382632,0.004789818636651225,0.0,0.0,0.0,1.0,0.0,j2_a_then_b,j2_a_then_b
asymmetric_j2_good,7,2.0,independent,0.09843088689287217,1.6265957758974219,0.7178708746055017,0.2072248380671709,4.2016466261091124e-17,0.045141755550990974,0.13035259957121204,0.13035259957121204,0.0,1.0,0.0,j2_a_then_b,j2_a_then_b
asymmetric_j2_good,7,2.0,arithmetic,0.09843088689287217,1.5121719040069637,0.6930826301961709,0.04877316166832819,0.025579420336221723,0.0024249988636598488,0.015928727680753818,0.015928727680753818,0.0,1.0,0.0,j2_a_then_b,j2_a_then_b
asymmetric_j2_good,7,2.0,geometric,0.09843088689287217,1.5129543401295205,0.6931366741441737,0.049174787358375556,0.025829057873363006,0.0024267580874698146,0.016711163803310614,0.016711163803310614,0.0,1.0,0.0,j2_a_then_b,j2_a_then_b
asymmetric_j2_good,7,2.0,weighted_geometric,0.09843088689287217,1.4962431763262098,0.6893076632003476,0.02886835824013069,0.013969370025382637,0.004789818636651226,0.0,0.0,0.0,1.0,0.0,j2_a_then_b,j2_a_then_b
asymmetric_j2_good,7,2.0,hard_core,0.09843088689287217,1.5126109617110515,0.6929541450470822,0.04574899614661894,6.312129347040094e-14,0.00450391827637125,0.016367785384841627,0.016367785384841627,0.0,1.0,0.0,j2_a_then_b,j2_a_then_b
asymmetric_j2_good,7,2.0,adaptive_soft,0.09843088689287217,1.4982134590287535,0.6899473168426844,0.02936751721447108,0.009091266508124383,0.004633514554062227,0.0019702827025436243,0.0019702827025436243,0.0,1.0,0.0,j2_a_then_b,j2_a_then_b
asymmetric_j2_good,7,2.0,selective_core,0.09843088689287217,1.4962431763262098,0.6893076632003475,0.02886835824013069,0.013969370025382632,0.004789818636651225,0.0,0.0,0.0,1.0,0.0,j2_a_then_b,j2_a_then_b
asymmetric_j2_good,8,2.0,j1,0.08931274105701661,1.51755257317911,0.7091654647087086,0.08272105090728236,0.03305682938194949,0.0041997623925151524,0.015934117275533177,0.015934117275533177,0.0,0.3,0.0,j2_a_then_b,j2_a_then_b
asymmetric_j2_good,8,2.0,j2,0.08931274105701661,1.5016184559035768,0.7054008056399383,0.03079714399878504,0.016027404961612188,0.0041997623925151524,0.0,0.0,0.0,0.3,0.0,j2_a_then_b,j2_a_then_b
asymmetric_j2_good,8,2.0,selected_order,0.08931274105701661,1.5016184559035768,0.7054008056399383,0.03079714399878504,0.016027404961612188,0.0041997623925151524,0.0,0.0,0.0,0.3,0.0,j2_a_then_b,j2_a_then_b
asymmetric_j2_good,8,2.0,independent,0.08931274105701661,1.794682466487503,0.7650893948256343,0.3072654825876719,3.7881156544905536e-17,0.0810909605288533,0.29306401058392617,0.29306401058392617,0.0,0.3,0.0,j2_a_then_b,j2_a_then_b
asymmetric_j2_good,8,2.0,arithmetic,0.08931274105701661,1.500458041897335,0.7046213341092751,0.0449741181807346,0.024542117171780817,0.002128133929119725,-0.0011604140062417834,-0.0011604140062417834,0.0,0.3,0.0,j2_a_then_b,j2_a_then_b
asymmetric_j2_good,8,2.0,geometric,0.08931274105701661,1.501041421149726,0.7046673947549938,0.04521520044376644,0.024789665825684516,0.0021300378055780322,-0.0005770347538507359,-0.0005770347538507359,0.0,0.3,0.0,j2_a_then_b,j2_a_then_b
asymmetric_j2_good,8,2.0,weighted_geometric,0.08931274105701661,1.5016184559035768,0.7054008056399383,0.030797143998785043,0.01602740496161219,0.004199762392515152,0.0,0.0,0.0,0.3,0.0,j2_a_then_b,j2_a_then_b
asymmetric_j2_good,8,2.0,hard_core,0.08931274105701661,1.5027502260700571,0.7060150600386537,0.04822754685598143,9.209152928082997e-14,0.004476249436631509,0.0011317701664803614,0.0011317701664803614,0.0,0.3,0.0,j2_a_then_b,j2_a_then_b
asymmetric_j2_good,8,2.0,adaptive_soft,0.08931274105701661,1.501531367470217,0.705516027726318,0.02943880583435049,0.014284676325926166,0.004053120135659658,-8.70884333596944e-05,-8.70884333596944e-05,0.0,0.3,0.0,j2_a_then_b,j2_a_then_b
asymmetric_j2_good,8,2.0,selective_core,0.08931274105701661,1.5016184559035768,0.7054008056399383,0.03079714399878504,0.016027404961612188,0.0041997623925151524,0.0,0.0,0.0,0.3,0.0,j2_a_then_b,j2_a_then_b
asymmetric_j2_good,9,2.0,j1,0.09470104775218291,1.4172400604716284,0.6615251906988828,0.09123541403623173,0.036646195061439645,0.004509428595827961,0.01578542902461688,0.01578542902461688,0.25,1.0,0.25,j2_a_then_b,soft
asymmetric_j2_good,9,2.0,j2,0.09470104775218291,1.4014546314470115,0.6559788064723541,0.027932645540166022,0.012799114833400701,0.004509428595827961,0.0,0.0,0.25,1.0,0.25,j2_a_then_b,soft
asymmetric_j2_good,9,2.0,selected_order,0.09470104775218291,1.4014546314470115,0.6559788064723541,0.027932645540166022,0.012799114833400701,0.004509428595827961,0.0,0.0,0.25,1.0,0.25,j2_a_then_b,soft
asymmetric_j2_good,9,2.0,independent,0.09470104775218291,1.50589101308065,0.6826621820157548,0.17102224583185144,4.6645705452776165e-17,0.036810464693021384,0.10443638163363844,0.10443638163363844,0.25,1.0,0.25,j2_a_then_b,soft
asymmetric_j2_good,9,2.0,arithmetic,0.09470104775218291,1.4001640920812937,0.6553126459911515,0.048317642913913245,0.024722654947420146,0.002282240015263384,-0.0012905393657178799,-0.0012905393657178799,0.25,1.0,0.25,j2_a_then_b,soft
asymmetric_j2_good,9,2.0,geometric,0.09470104775218291,1.4001739121191534,0.6552567703111684,0.04886696541998727,0.02490973131897034,0.0022837485306415445,-0.0012807193278581153,-0.0012807193278581153,0.25,1.0,0.25,j2_a_then_b,soft
asymmetric_j2_good,9,2.0,weighted_geometric,0.09470104775218291,1.3984876421915629,0.654721249475017,0.03197221878519222,0.018855415499627562,0.0028295367951841448,-0.002966989255448693,-0.002966989255448693,0.25,1.0,0.25,j2_a_then_b,soft
asymmetric_j2_good,9,2.0,hard_core,0.09470104775218291,1.410617790418976,0.6578450385160561,0.04286470713208454,4.071444005446269e-14,0.004276139128553415,0.009163158971964513,0.009163158971964513,0.25,1.0,0.25,j2_a_then_b,soft
asymmetric_j2_good,9,2.0,adaptive_soft,0.09470104775218291,1.4017369702149207,0.6556986255081496,0.03139524406765564,0.010756148162159128,0.0032332155108958692,0.0002823387679091738,0.0002823387679091738,0.25,1.0,0.25,j2_a_then_b,soft
asymmetric_j2_good,9,2.0,selective_core,0.09470104775218291,1.4017369702149207,0.6556986255081496,0.03139524406765564,0.010756148162159128,0.0032332155108958692,0.0002823387679091738,0.0002823387679091738,0.25,1.0,0.25,j2_a_then_b,soft
asymmetric_j2_good,10,2.0,j1,0.08470712881007454,1.3859506713779148,0.6572454071898265,0.08013433505691482,0.03118912375964325,0.003940134909704426,0.02394168727277224,0.02394168727277224,0.25,0.3,0.25,j2_a_then_b,soft
asymmetric_j2_good,10,2.0,j2,0.08470712881007454,1.3620089841051426,0.6510174025010944,0.026424487334009924,0.014697911305454604,0.003940134909704426,0.0,0.0,0.25,0.3,0.25,j2_a_then_b,soft
asymmetric_j2_good,10,2.0,selected_order,0.08470712881007454,1.3620089841051426,0.6510174025010944,0.026424487334009924,0.014697911305454604,0.003940134909704426,0.0,0.0,0.25,0.3,0.25,j2_a_then_b,soft
asymmetric_j2_good,10,2.0,independent,0.08470712881007454,1.5920140355380157,0.7008278270658688,0.22270421169762153,4.1299388496736366e-17,0.05689464844799264,0.2300050514328731,0.2300050514328731,0.25,0.3,0.25,j2_a_then_b,soft
asymmetric_j2_good,10,2.0,arithmetic,0.08470712881007454,1.3662371828139004,0.6515404037774921,0.04242446396360286,0.022943517532548904,0.001995778686689335,0.004228198708757791,0.004228198708757791,0.25,0.3,0.25,j2_a_then_b,soft
asymmetric_j2_good,10,2.0,geometric,0.08470712881007454,1.3659688179620506,0.6515092300772334,0.042885268993824326,0.023204296712910823,0.0019974266451648803,0.003959833856908013,0.003959833856908013,0.25,0.3,0.25,j2_a_then_b,soft
asymmetric_j2_good,10,2.0,weighted_geometric,0.08470712881007454,1.3619548516674287,0.650578259698559,0.028938758778079006,0.018984712571046277,0.0024727894528216517,-5.413243771390519e-05,-5.413243771390519e-05,0.25,0.3,0.25,j2_a_then_b,soft
asymmetric_j2_good,10,2.0,hard_core,0.08470712881007454,1.3669772984537696,0.652059822784661,0.043307543822014426,5.859281450936002e-14,0.004065302299541637,0.00496831434862699,0.00496831434862699,0.25,0.3,0.25,j2_a_then_b,soft
asymmetric_j2_good,10,2.0,adaptive_soft,0.08470712881007454,1.362275508923066,0.6506428343749604,0.0285016839889868,0.015701698781046467,0.0025597673341564674,0.0002665248179234414,0.0002665248179234414,0.25,0.3,0.25,j2_a_then_b,soft
asymmetric_j2_good,10,2.0,selective_core,0.08470712881007454,1.362275508923066,0.6506428343749604,0.0285016839889868,0.015701698781046467,0.0025597673341564674,0.0002665248179234414,0.0002665248179234414,0.25,0.3,0.25,j2_a_then_b,soft
asymmetric_j2_good,11,2.0,j1,0.09967804254289349,1.4173689579718198,0.6602878704637252,0.0952039270032024,0.03986639951834184,0.004880528958344885,0.03529973332195313,0.03529973332195313,0.25,3.0,0.25,j2_a_then_b,soft
asymmetric_j2_good,11,2.0,j2,0.09967804254289349,1.3820692246498667,0.6457905604256985,0.027201363294420532,0.009746695094577451,0.004880528958344885,0.0,0.0,0.25,3.0,0.25,j2_a_then_b,soft
asymmetric_j2_good,11,2.0,selected_order,0.09967804254289349,1.3820692246498667,0.6457905604256985,0.027201363294420532,0.009746695094577451,0.004880528958344885,0.0,0.0,0.25,3.0,0.25,j2_a_then_b,soft
asymmetric_j2_good,11,2.0,independent,0.09967804254289349,1.4164363954421972,0.6531139418481907,0.09196248818076642,4.484196001478468e-17,0.015144644767447753,0.03436717079233054,0.03436717079233054,0.25,3.0,0.25,j2_a_then_b,soft
asymmetric_j2_good,11,2.0,arithmetic,0.09967804254289349,1.3891165000273191,0.6489640265008647,0.04945761221592368,0.02480654730645962,0.002469504997290959,0.007047275377452422,0.007047275377452422,0.25,3.0,0.25,j2_a_then_b,soft
asymmetric_j2_good,11,2.0,geometric,0.09967804254289349,1.3897865824737496,0.6490084374228829,0.05005889515876518,0.025059725908546583,0.002471023223550969,0.007717357823882942,0.007717357823882942,0.25,3.0,0.25,j2_a_then_b,soft
asymmetric_j2_good,11,2.0,weighted_geometric,0.09967804254289349,1.3834019436901603,0.6463478510852196,0.031676462945409954,0.017425375683693234,0.0030596360772986485,0.0013327190402936395,0.0013327190402936395,0.25,3.0,0.25,j2_a_then_b,soft
asymmetric_j2_good,11,2.0,hard_core,0.09967804254289349,1.3859197494094422,0.6468502946907152,0.04006775170957501,3.984285337584921e-14,0.004299031269313126,0.00385052475957548,0.00385052475957548,0.25,3.0,0.25,j2_a_then_b,soft
asymmetric_j2_good,11,2.0,adaptive_soft,0.09967804254289349,1.3830437843020436,0.6463248074323531,0.03222551580641108,0.004688911744726083,0.003924114422925261,0.000974559652176854,0.000974559652176854,0.25,3.0,0.25,j2_a_then_b,soft
asymmetric_j2_good,11,2.0,selective_core,0.09967804254289349,1.3830437843020436,0.6463248074323531,0.03222551580641108,0.004688911744726083,0.003924114422925261,0.000974559652176854,0.000974559652176854,0.25,3.0,0.25,j2_a_then_b,soft
asymmetric_j2_good,12,2.0,j1,0.09733711334856736,1.5515745976778643,0.7133969507927744,0.0914433751914067,0.03564081640561446,0.004737754264310617,0.024530410750459808,0.024530410750459808,0.0,0.1,0.0,j2_a_then_b,j2_a_then_b
asymmetric_j2_good,12,2.0,j2,0.09733711334856736,1.5270441869274045,0.703141019303399,0.02976258064118584,0.015240140211577055,0.004737754264310617,0.0,0.0,0.0,0.1,0.0,j2_a_then_b,j2_a_then_b
asymmetric_j2_good,12,2.0,selected_order,0.09733711334856736,1.5270441869274045,0.703141019303399,0.02976258064118584,0.015240140211577055,0.004737754264310617,0.0,0.0,0.0,0.1,0.0,j2_a_then_b,j2_a_then_b
asymmetric_j2_good,12,2.0,independent,0.09733711334856736,1.7249456430327827,0.7470967407129685,0.24804157330433485,4.3992323076492285e-17,0.06010457559643285,0.19790145610537824,0.19790145610537824,0.0,0.1,0.0,j2_a_then_b,j2_a_then_b
asymmetric_j2_good,12,2.0,arithmetic,0.09733711334856736,1.5301502512392224,0.7052114399199483,0.048165183573921466,0.025440478308595728,0.0023994638910516133,0.0031060643118179243,0.0031060643118179243,0.0,0.1,0.0,j2_a_then_b,j2_a_then_b
asymmetric_j2_good,12,2.0,geometric,0.09733711334856736,1.529671758191107,0.7051519964279875,0.048551922388057694,0.025779248182661876,0.0024013028150546133,0.0026275712637024995,0.0026275712637024995,0.0,0.1,0.0,j2_a_then_b,j2_a_then_b
asymmetric_j2_good,12,2.0,weighted_geometric,0.09733711334856736,1.5270441869274045,0.7031410193033991,0.02976258064118584,0.015240140211577059,0.00473775426431062,0.0,0.0,0.0,0.1,0.0,j2_a_then_b,j2_a_then_b
asymmetric_j2_good,12,2.0,hard_core,0.09733711334856736,1.5321815152909517,0.704795553358242,0.047460859108161245,2.1407798448240554e-14,0.004610192367392246,0.005137328363547189,0.005137328363547189,0.0,0.1,0.0,j2_a_then_b,j2_a_then_b
asymmetric_j2_good,12,2.0,adaptive_soft,0.09733711334856736,1.526924948967716,0.7031681905675894,0.028986483036579604,0.014528713933986448,0.0046693540647295235,-0.00011923795968860063,-0.00011923795968860063,0.0,0.1,0.0,j2_a_then_b,j2_a_then_b
asymmetric_j2_good,12,2.0,selective_core,0.09733711334856736,1.5270441869274045,0.703141019303399,0.02976258064118584,0.015240140211577055,0.004737754264310617,0.0,0.0,0.0,0.1,0.0,j2_a_then_b,j2_a_then_b
asymmetric_j2_good,13,2.0,j1,0.08860619208634518,1.4850899168642249,0.6913708763466099,0.08395684808548705,0.03313967257194549,0.00409945717327303,0.037006315168336856,0.037006315168336856,0.5,1.0,0.25,j2_a_then_b,soft
asymmetric_j2_good,13,2.0,j2,0.08860619208634518,1.448083601695888,0.6776994237151556,0.028044472797422573,0.01484350685731135,0.00409945717327303,0.0,0.0,0.5,1.0,0.25,j2_a_then_b,soft
asymmetric_j2_good,13,2.0,selected_order,0.08860619208634518,1.448083601695888,0.6776994237151556,0.028044472797422573,0.01484350685731135,0.00409945717327303,0.0,0.0,0.5,1.0,0.25,j2_a_then_b,soft
asymmetric_j2_good,13,2.0,independent,0.08860619208634518,1.6420063060115848,0.7206243027740654,0.2470975858188498,4.154248017633477e-17,0.06315506916824563,0.1939227043156968,0.1939227043156968,0.5,1.0,0.25,j2_a_then_b,soft
asymmetric_j2_good,13,2.0,arithmetic,0.08860619208634518,1.458272603351107,0.6818173363575938,0.04457202194426593,0.0239915897146284,0.00207460881093376,0.010189001655219077,0.010189001655219077,0.5,1.0,0.25,j2_a_then_b,soft
asymmetric_j2_good,13,2.0,geometric,0.08860619208634518,1.45825760117761,0.6819173757898292,0.04478273137798145,0.024246938906530804,0.002075993063831692,0.01017399948172204,0.01017399948172204,0.5,1.0,0.25,j2_a_then_b,soft
asymmetric_j2_good,13,2.0,weighted_geometric,0.08860619208634518,1.4510676835049776,0.6791304652051003,0.030419853835913075,0.0195806962240605,0.002575585045782741,0.0029840818090896004,0.0029840818090896004,0.5,1.0,0.25,j2_a_then_b,soft
asymmetric_j2_good,13,2.0,hard_core,0.08860619208634518,1.4567479400998764,0.6793955394396034,0.044945197404196495,5.185872347865383e-14,0.004325389344600435,0.008664338403988392,0.008664338403988392,0.5,1.0,0.25,j2_a_then_b,soft
asymmetric_j2_good,13,2.0,adaptive_soft,0.08860619208634518,1.453955333729038,0.6797998227842581,0.039599948205556214,0.01488047010549806,0.0023724572104120126,0.005871732033150057,0.005871732033150057,0.5,1.0,0.25,j2_a_then_b,soft
asymmetric_j2_good,13,2.0,selective_core,0.08860619208634518,1.453955333729038,0.6797998227842581,0.039599948205556214,0.01488047010549806,0.0023724572104120126,0.005871732033150057,0.005871732033150057,0.5,1.0,0.25,j2_a_then_b,soft
asymmetric_j2_good,14,2.0,j1,0.10321535298883867,1.4501686333002175,0.6793296250413159,0.0994415204731849,0.0405283856606425,0.005120324320357757,0.035807902327885444,0.035807902327885444,0.25,0.3,0.25,j2_a_then_b,soft
asymmetric_j2_good,14,2.0,j2,0.10321535298883867,1.414360730972332,0.6623441312379241,0.027766615835578563,0.010467503426970578,0.005120324320357757,0.0,0.0,0.25,0.3,0.25,j2_a_then_b,soft
asymmetric_j2_good,14,2.0,selected_order,0.10321535298883867,1.414360730972332,0.6623441312379241,0.027766615835578563,0.010467503426970578,0.005120324320357757,0.0,0.0,0.25,0.3,0.25,j2_a_then_b,soft
asymmetric_j2_good,14,2.0,independent,0.10321535298883867,1.4606624183079726,0.6715567092159916,0.11478426000652238,3.793020314068335e-17,0.019789330545716743,0.04630168733564055,0.04630168733564055,0.25,0.3,0.25,j2_a_then_b,soft
asymmetric_j2_good,14,2.0,arithmetic,0.10321535298883867,1.4210605966957894,0.666667486709309,0.05194048559918342,0.02549794454380652,0.0025913440636015075,0.006699865723457377,0.006699865723457377,0.25,0.3,0.25,j2_a_then_b,soft
asymmetric_j2_good,14,2.0,geometric,0.10321535298883867,1.421836767346103,0.6669611467120002,0.05256166855532797,0.02576582004437602,0.002592932873860603,0.007476036373770922,0.007476036373770922,0.25,0.3,0.25,j2_a_then_b,soft
asymmetric_j2_good,14,2.0,weighted_geometric,0.10321535298883867,1.4154583972491448,0.663635448985611,0.03343493795457208,0.01813480879839899,0.003214646867478176,0.0010976662768127365,0.0010976662768127365,0.25,0.3,0.25,j2_a_then_b,soft
asymmetric_j2_good,14,2.0,hard_core,0.10321535298883867,1.4129267800122463,0.6621005638184198,0.041847494813511854,6.632430145185868e-14,0.00451251806645814,-0.0014339509600858058,-0.0014339509600858058,0.25,0.3,0.25,j2_a_then_b,soft
asymmetric_j2_good,14,2.0,adaptive_soft,0.10321535298883867,1.414018362953205,0.6629985308408625,0.0321756531720291,0.014200638502867815,0.0033906560809890715,-0.0003423680191270151,-0.0003423680191270151,0.25,0.3,0.25,j2_a_then_b,soft
asymmetric_j2_good,14,2.0,selective_core,0.10321535298883867,1.414018362953205,0.6629985308408625,0.0321756531720291,0.014200638502867815,0.0033906560809890715,-0.0003423680191270151,-0.0003423680191270151,0.25,0.3,0.25,j2_a_then_b,soft
asymmetric_j2_good,15,2.0,j1,0.08831673348670194,1.4215630234306957,0.6635246861472024,0.08433999811364203,0.03314174202679337,0.004103889379095189,0.03574823210842415,0.03574823210842415,0.0,0.01,0.0,j2_a_then_b,j2_a_then_b
asymmetric_j2_good,15,2.0,j2,0.08831673348670194,1.3858147913222716,0.6494616726790332,0.027116748724541315,0.01299056261932391,0.004103889379095189,0.0,0.0,0.0,0.01,0.0,j2_a_then_b,j2_a_then_b
asymmetric_j2_good,15,2.0,selected_order,0.08831673348670194,1.3858147913222716,0.6494616726790332,0.027116748724541315,0.01299056261932391,0.004103889379095189,0.0,0.0,0.0,0.01,0.0,j2_a_then_b,j2_a_then_b
asymmetric_j2_good,15,2.0,independent,0.08831673348670194,1.5973379572257602,0.6911673611278055,0.20144386909107648,4.183292438581648e-17,0.05314990722601485,0.21152316590348863,0.21152316590348863,0.0,0.01,0.0,j2_a_then_b,j2_a_then_b
asymmetric_j2_good,15,2.0,arithmetic,0.08831673348670194,1.3956483472354426,0.6535413717504693,0.045198560067495036,0.02306615232305861,0.00207713743109431,0.009833555913171033,0.009833555913171033,0.0,0.01,0.0,j2_a_then_b,j2_a_then_b
asymmetric_j2_good,15,2.0,geometric,0.08831673348670194,1.3953470554162242,0.6534767395407154,0.045674623786752376,0.023367543852471327,0.0020786310219143775,0.00953226409395258,0.00953226409395258,0.0,0.01,0.0,j2_a_then_b,j2_a_then_b
asymmetric_j2_good,15,2.0,weighted_geometric,0.08831673348670194,1.3858147913222716,0.6494616726790332,0.027116748724541315,0.012990562619323916,0.004103889379095188,0.0,0.0,0.0,0.01,0.0,j2_a_then_b,j2_a_then_b
asymmetric_j2_good,15,2.0,hard_core,0.08831673348670194,1.394362181040035,0.6519206025048352,0.042703468750054555,2.879855349417065e-14,0.004083046645805535,0.008547389717763476,0.008547389717763476,0.0,0.01,0.0,j2_a_then_b,j2_a_then_b
asymmetric_j2_good,15,2.0,adaptive_soft,0.08831673348670194,1.3858302543287926,0.6494654889275955,0.027039113535147864,0.012922971918856593,0.004097185066855334,1.54630065209993e-05,1.54630065209993e-05,0.0,0.01,0.0,j2_a_then_b,j2_a_then_b
asymmetric_j2_good,15,2.0,selective_core,0.08831673348670194,1.3858147913222716,0.6494616726790332,0.027116748724541315,0.01299056261932391,0.004103889379095189,0.0,0.0,0.0,0.01,0.0,j2_a_then_b,j2_a_then_b
asymmetric_j2_good,16,2.0,j1,0.09578426320323438,1.5961789640282646,0.7384083522819237,0.09059595418071555,0.03397591814101664,0.004551938683487582,0.04324666719860226,0.04324666719860226,0.0,0.01,0.0,j2_a_then_b,j2_a_then_b
asymmetric_j2_good,16,2.0,j2,0.09578426320323438,1.5529322968296624,0.7260780737206959,0.02962836145548017,0.016084552374212992,0.004551938683487582,0.0,0.0,0.0,0.01,0.0,j2_a_then_b,j2_a_then_b
asymmetric_j2_good,16,2.0,selected_order,0.09578426320323438,1.5529322968296624,0.7260780737206959,0.02962836145548017,0.016084552374212992,0.004551938683487582,0.0,0.0,0.0,0.01,0.0,j2_a_then_b,j2_a_then_b
asymmetric_j2_good,16,2.0,independent,0.09578426320323438,1.778176367484226,0.7692429704172328,0.22254549316218267,4.17390138429544e-17,0.06074088437407427,0.22524407065456353,0.22524407065456353,0.0,0.01,0.0,j2_a_then_b,j2_a_then_b
asymmetric_j2_good,16,2.0,arithmetic,0.09578426320323438,1.564538593378322,0.7292995418111593,0.04799227209247995,0.025030235257614792,0.0023033374702069254,0.011606296548659634,0.011606296548659634,0.0,0.01,0.0,j2_a_then_b,j2_a_then_b
asymmetric_j2_good,16,2.0,geometric,0.09578426320323438,1.5653068756848862,0.7296461344887673,0.04845589967958435,0.02530552246881851,0.0023048328727913667,0.012374578855223861,0.012374578855223861,0.0,0.01,0.0,j2_a_then_b,j2_a_then_b
asymmetric_j2_good,16,2.0,weighted_geometric,0.09578426320323438,1.5529322968296624,0.7260780737206959,0.02962836145548017,0.016084552374212992,0.004551938683487582,0.0,0.0,0.0,0.01,0.0,j2_a_then_b,j2_a_then_b
asymmetric_j2_good,16,2.0,hard_core,0.09578426320323438,1.5588418694223567,0.727456003082392,0.04976508042483392,3.012561706001906e-14,0.004529895576866345,0.005909572592694312,0.005909572592694312,0.0,0.01,0.0,j2_a_then_b,j2_a_then_b
asymmetric_j2_good,16,2.0,adaptive_soft,0.09578426320323438,1.5529016169477798,0.7260681149975505,0.02953242777271231,0.015999620277123917,0.004542750321397541,-3.067988188254489e-05,-3.067988188254489e-05,0.0,0.01,0.0,j2_a_then_b,j2_a_then_b
asymmetric_j2_good,16,2.0,selective_core,0.09578426320323438,1.5529322968296624,0.7260780737206959,0.02962836145548017,0.016084552374212992,0.004551938683487582,0.0,0.0,0.0,0.01,0.0,j2_a_then_b,j2_a_then_b
asymmetric_j2_good,17,2.0,j1,0.08363531658397225,1.4607765956606262,0.6771101621883179,0.0769872436792202,0.03019448108114114,0.0038642259905355813,0.020511152846655056,0.020511152846655056,0.0,0.03,0.0,j2_a_then_b,j2_a_then_b
asymmetric_j2_good,17,2.0,j2,0.08363531658397225,1.4402654428139712,0.672422874743525,0.029223183261588414,0.016482006498885714,0.0038642259905355813,0.0,0.0,0.0,0.03,0.0,j2_a_then_b,j2_a_then_b
asymmetric_j2_good,17,2.0,selected_order,0.08363531658397225,1.4402654428139712,0.672422874743525,0.029223183261588414,0.016482006498885714,0.0038642259905355813,0.0,0.0,0.0,0.03,0.0,j2_a_then_b,j2_a_then_b
asymmetric_j2_good,17,2.0,independent,0.08363531658397225,1.7554228773472895,0.7437249654093533,0.30776990036668755,3.9096357444881604e-17,0.08277765871029973,0.31515743453331835,0.31515743453331835,0.0,0.03,0.0,j2_a_then_b,j2_a_then_b
asymmetric_j2_good,17,2.0,arithmetic,0.08363531658397225,1.4423979303201633,0.6725210489869041,0.0417812982236219,0.023338243790013407,0.001957839243555551,0.0021324875061921045,0.0021324875061921045,0.0,0.03,0.0,j2_a_then_b,j2_a_then_b
asymmetric_j2_good,17,2.0,geometric,0.08363531658397225,1.4426695920866146,0.6724827252646385,0.04182371005118043,0.02354497557887995,0.001959494612351168,0.00240414927264343,0.00240414927264343,0.0,0.03,0.0,j2_a_then_b,j2_a_then_b
asymmetric_j2_good,17,2.0,weighted_geometric,0.08363531658397225,1.4402654428139712,0.6724228747435249,0.02922318326158841,0.016482006498885718,0.003864225990535582,0.0,0.0,0.0,0.03,0.0,j2_a_then_b,j2_a_then_b
asymmetric_j2_good,17,2.0,hard_core,0.08363531658397225,1.4454538063920586,0.6726870353013062,0.04667323168981783,2.971522024752468e-14,0.004260083271048266,0.005188363578087385,0.005188363578087385,0.0,0.03,0.0,j2_a_then_b,j2_a_then_b
asymmetric_j2_good,17,2.0,adaptive_soft,0.08363531658397225,1.4401376445201597,0.6723629652273819,0.028850006988921942,0.01628434196927289,0.0038367459071526316,-0.00012779829381148744,-0.00012779829381148744,0.0,0.03,0.0,j2_a_then_b,j2_a_then_b
asymmetric_j2_good,17,2.0,selective_core,0.08363531658397225,1.4402654428139712,0.672422874743525,0.029223183261588414,0.016482006498885714,0.0038642259905355813,0.0,0.0,0.0,0.03,0.0,j2_a_then_b,j2_a_then_b
asymmetric_j2_good,18,2.0,j1,0.09516766883409253,1.425295033569464,0.6641885012081031,0.09023937038462106,0.037030647141505446,0.00450179426925869,0.028554142395152304,0.028554142395152304,0.0,0.1,0.0,j2_a_then_b,j2_a_then_b
asymmetric_j2_good,18,2.0,j2,0.09516766883409253,1.3967408911743118,0.6530858485110311,0.02906430441706972,0.012927846824933304,0.00450179426925869,0.0,0.0,0.0,0.1,0.0,j2_a_then_b,j2_a_then_b
asymmetric_j2_good,18,2.0,selected_order,0.09516766883409253,1.3967408911743118,0.6530858485110311,0.02906430441706972,0.012927846824933304,0.00450179426925869,0.0,0.0,0.0,0.1,0.0,j2_a_then_b,j2_a_then_b
asymmetric_j2_good,18,2.0,independent,0.09516766883409253,1.6025671327655382,0.6997055118966732,0.22511157994573058,3.7476884659840005e-17,0.05457268118795395,0.20582624159122642,0.20582624159122642,0.0,0.1,0.0,j2_a_then_b,j2_a_then_b
asymmetric_j2_good,18,2.0,arithmetic,0.09516766883409253,1.4027243750360532,0.6553905717933326,0.04784264360508457,0.024979246983219353,0.0022787838549038156,0.005983483861741412,0.005983483861741412,0.0,0.1,0.0,j2_a_then_b,j2_a_then_b
asymmetric_j2_good,18,2.0,geometric,0.09516766883409253,1.401864241728902,0.655235457199467,0.048079120574791016,0.02517871404967952,0.0022804664599350914,0.005123350554590234,0.005123350554590234,0.0,0.1,0.0,j2_a_then_b,j2_a_then_b
asymmetric_j2_good,18,2.0,weighted_geometric,0.09516766883409253,1.3967408911743118,0.6530858485110311,0.02906430441706972,0.01292784682493331,0.004501794269258688,0.0,0.0,0.0,0.1,0.0,j2_a_then_b,j2_a_then_b
asymmetric_j2_good,18,2.0,hard_core,0.09516766883409253,1.4007371121494259,0.6532102639099887,0.044484051416302295,7.401366691295145e-14,0.0044618489700999275,0.003996220975114095,0.003996220975114095,0.0,0.1,0.0,j2_a_then_b,j2_a_then_b
asymmetric_j2_good,18,2.0,adaptive_soft,0.09516766883409253,1.3965062847435703,0.6529724276961019,0.028481656376771945,0.01237471132363656,0.0044433789880143825,-0.00023460643074146859,-0.00023460643074146859,0.0,0.1,0.0,j2_a_then_b,j2_a_then_b
asymmetric_j2_good,18,2.0,selective_core,0.09516766883409253,1.3967408911743118,0.6530858485110311,0.02906430441706972,0.012927846824933304,0.00450179426925869,0.0,0.0,0.0,0.1,0.0,j2_a_then_b,j2_a_then_b
asymmetric_j2_good,19,2.0,j1,0.08603013049430984,1.3901122029460178,0.6523717294991819,0.08001810022408239,0.032426416655605125,0.003984916016913864,0.030204802567157296,0.030204802567157296,0.25,1.0,0.25,j2_a_then_b,soft
asymmetric_j2_good,19,2.0,j2,0.08603013049430984,1.3599074003788605,0.6433406178735864,0.027873860664639715,0.013735071863100884,0.003984916016913864,0.0,0.0,0.25,1.0,0.25,j2_a_then_b,soft
asymmetric_j2_good,19,2.0,selected_order,0.08603013049430984,1.3599074003788605,0.6433406178735864,0.027873860664639715,0.013735071863100884,0.003984916016913864,0.0,0.0,0.25,1.0,0.25,j2_a_then_b,soft
asymmetric_j2_good,19,2.0,independent,0.08603013049430984,1.5634734421746006,0.6840833389169021,0.2081694302256791,4.1237616077959005e-17,0.0536712435585986,0.20356604179574012,0.20356604179574012,0.25,1.0,0.25,j2_a_then_b,soft
asymmetric_j2_good,19,2.0,arithmetic,0.08603013049430984,1.366460660456115,0.6451298714380496,0.04262222037641793,0.023080744259352984,0.002017349099771333,0.00655326007725443,0.00655326007725443,0.25,1.0,0.25,j2_a_then_b,soft
asymmetric_j2_good,19,2.0,geometric,0.08603013049430984,1.366910329706307,0.6450052612658141,0.043037004002947625,0.023251843838183725,0.0020187992995417026,0.007002929327446505,0.007002929327446505,0.25,1.0,0.25,j2_a_then_b,soft
asymmetric_j2_good,19,2.0,weighted_geometric,0.08603013049430984,1.3613557888991414,0.643450141904369,0.029631914558355517,0.018494602818682693,0.002501232824762612,0.001448388520280952,0.001448388520280952,0.25,1.0,0.25,j2_a_then_b,soft
asymmetric_j2_good,19,2.0,hard_core,0.08603013049430984,1.3697564033665905,0.6456947577752777,0.043232759463191286,3.697892201335116e-14,0.004021464240034065,0.00984900298773006,0.00984900298773006,0.25,1.0,0.25,j2_a_then_b,soft
asymmetric_j2_good,19,2.0,adaptive_soft,0.08603013049430984,1.3625884742611534,0.6440804843812724,0.030287184392150765,0.011113361487811637,0.002817747249553893,0.0026810738822928837,0.0026810738822928837,0.25,1.0,0.25,j2_a_then_b,soft
asymmetric_j2_good,19,2.0,selective_core,0.08603013049430984,1.3625884742611534,0.6440804843812724,0.030287184392150765,0.011113361487811637,0.002817747249553893,0.0026810738822928837,0.0026810738822928837,0.25,1.0,0.25,j2_a_then_b,soft
asymmetric_j2_good,20,2.0,j1,0.10828225121632286,1.6170282902072435,0.7409654206031819,0.10382645344272538,0.040959980588875844,0.005402519785275514,0.03629157886452283,0.03629157886452283,0.0,0.1,0.0,j2_a_then_b,j2_a_then_b
asymmetric_j2_good,20,2.0,j2,0.10828225121632286,1.5807367113427206,0.7269876207787138,0.03036379774351289,0.013954900575911252,0.005402519785275514,0.0,0.0,0.0,0.1,0.0,j2_a_then_b,j2_a_then_b
asymmetric_j2_good,20,2.0,selected_order,0.10828225121632286,1.5807367113427206,0.7269876207787138,0.03036379774351289,0.013954900575911252,0.005402519785275514,0.0,0.0,0.0,0.1,0.0,j2_a_then_b,j2_a_then_b
asymmetric_j2_good,20,2.0,independent,0.10828225121632286,1.6490655112168817,0.7420565192130928,0.16224984833798867,3.96214162282256e-17,0.028914875307512806,0.06832879987416107,0.06832879987416107,0.0,0.1,0.0,j2_a_then_b,j2_a_then_b
asymmetric_j2_good,20,2.0,arithmetic,0.10828225121632286,1.5873701384139345,0.7300440062412134,0.054138757807484554,0.027457440582393525,0.0027335763998637117,0.006633427071213838,0.006633427071213838,0.0,0.1,0.0,j2_a_then_b,j2_a_then_b
asymmetric_j2_good,20,2.0,geometric,0.10828225121632286,1.5878866130753369,0.7300715978992396,0.05486304672211978,0.027853808250737685,0.0027352780197803534,0.007149901732616204,0.007149901732616204,0.0,0.1,0.0,j2_a_then_b,j2_a_then_b
asymmetric_j2_good,20,2.0,weighted_geometric,0.10828225121632286,1.5807367113427209,0.7269876207787138,0.03036379774351289,0.013954900575911257,0.005402519785275514,2.220446049250313e-16,2.220446049250313e-16,0.0,0.1,0.0,j2_a_then_b,j2_a_then_b
asymmetric_j2_good,20,2.0,hard_core,0.10828225121632286,1.588177134527426,0.7285871724838056,0.04839805236752718,3.011721894688154e-14,0.004777966665029636,0.0074404231847053914,0.0074404231847053914,0.0,0.1,0.0,j2_a_then_b,j2_a_then_b
asymmetric_j2_good,20,2.0,adaptive_soft,0.10828225121632286,1.5807160928413873,0.7269092747933799,0.02994257876108881,0.013116612013427204,0.005342578138337931,-2.0618501333391492e-05,-2.0618501333391492e-05,0.0,0.1,0.0,j2_a_then_b,j2_a_then_b
asymmetric_j2_good,20,2.0,selective_core,0.10828225121632286,1.5807367113427206,0.7269876207787138,0.03036379774351289,0.013954900575911252,0.005402519785275514,0.0,0.0,0.0,0.1,0.0,j2_a_then_b,j2_a_then_b
asymmetric_j2_good,21,2.0,j1,0.09560730065950185,1.5485355857178087,0.7190100473937202,0.09035628532333174,0.03440951202781009,0.004622277862188613,0.034805243048523504,0.034805243048523504,0.0,1.0,0.0,j2_a_then_b,j2_a_then_b
asymmetric_j2_good,21,2.0,j2,0.09560730065950185,1.5137303426692852,0.709286885026693,0.02893883110960076,0.014665846494657951,0.004622277862188613,0.0,0.0,0.0,1.0,0.0,j2_a_then_b,j2_a_then_b
asymmetric_j2_good,21,2.0,selected_order,0.09560730065950185,1.5137303426692852,0.709286885026693,0.02893883110960076,0.014665846494657951,0.004622277862188613,0.0,0.0,0.0,1.0,0.0,j2_a_then_b,j2_a_then_b
asymmetric_j2_good,21,2.0,independent,0.09560730065950185,1.683400775246116,0.7392223682460198,0.1958570216561836,3.6821999442604446e-17,0.04366640162413117,0.1696704325768308,0.1696704325768308,0.0,1.0,0.0,j2_a_then_b,j2_a_then_b
asymmetric_j2_good,21,2.0,arithmetic,0.09560730065950185,1.5220727274388142,0.7110295220026905,0.04750105899422519,0.024537679261233996,0.002341416834162242,0.008342384769528977,0.008342384769528977,0.0,1.0,0.0,j2_a_then_b,j2_a_then_b
asymmetric_j2_good,21,2.0,geometric,0.09560730065950185,1.5217259289920329,0.7110504118518883,0.04789189085747962,0.02478105061671108,0.0023433284819721805,0.007995586322747661,0.007995586322747661,0.0,1.0,0.0,j2_a_then_b,j2_a_then_b
asymmetric_j2_good,21,2.0,weighted_geometric,0.09560730065950185,1.5137303426692856,0.7092868850266931,0.028938831109600757,0.014665846494657955,0.004622277862188612,4.440892098500626e-16,4.440892098500626e-16,0.0,1.0,0.0,j2_a_then_b,j2_a_then_b
asymmetric_j2_good,21,2.0,hard_core,0.09560730065950185,1.5190227606185813,0.709757796750321,0.04684702903424336,4.9315680662395666e-14,0.004231652292283449,0.005292417949296135,0.005292417949296135,0.0,1.0,0.0,j2_a_then_b,j2_a_then_b
asymmetric_j2_good,21,2.0,adaptive_soft,0.09560730065950185,1.513209001706473,0.7089850434879975,0.029598687960260377,0.009318540420516004,0.0044417513248441514,-0.0005213409628122001,-0.0005213409628122001,0.0,1.0,0.0,j2_a_then_b,j2_a_then_b
asymmetric_j2_good,21,2.0,selective_core,0.09560730065950185,1.5137303426692852,0.709286885026693,0.02893883110960076,0.014665846494657951,0.004622277862188613,0.0,0.0,0.0,1.0,0.0,j2_a_then_b,j2_a_then_b
asymmetric_j2_good,22,2.0,j1,0.08798992590175433,1.4246849886068136,0.6669807090466684,0.08454811826067592,0.033112119905491955,0.0042152551315482074,0.037945000519748806,0.037945000519748806,0.0,0.1,0.0,j2_a_then_b,j2_a_then_b
asymmetric_j2_good,22,2.0,j2,0.08798992590175433,1.3867399880870648,0.6489620236884869,0.027327756856214303,0.01367523691704666,0.0042152551315482074,0.0,0.0,0.0,0.1,0.0,j2_a_then_b,j2_a_then_b
asymmetric_j2_good,22,2.0,selected_order,0.08798992590175433,1.3867399880870648,0.6489620236884869,0.027327756856214303,0.01367523691704666,0.0042152551315482074,0.0,0.0,0.0,0.1,0.0,j2_a_then_b,j2_a_then_b
asymmetric_j2_good,22,2.0,independent,0.08798992590175433,1.6135703282563716,0.7028814498179388,0.23001729340338073,3.9694471125860386e-17,0.05857120546125513,0.2268303401693068,0.2268303401693068,0.0,0.1,0.0,j2_a_then_b,j2_a_then_b
asymmetric_j2_good,22,2.0,arithmetic,0.08798992590175433,1.3964693778213342,0.6550504735015522,0.045189557804459185,0.023393678411269284,0.002135196715454845,0.0097293897342694,0.0097293897342694,0.0,0.1,0.0,j2_a_then_b,j2_a_then_b
asymmetric_j2_good,22,2.0,geometric,0.08798992590175433,1.3971333590658777,0.6552901507283851,0.04540565072490399,0.02358274176379268,0.002136823091343636,0.010393370978812877,0.010393370978812877,0.0,0.1,0.0,j2_a_then_b,j2_a_then_b
asymmetric_j2_good,22,2.0,weighted_geometric,0.08798992590175433,1.3867399880870648,0.6489620236884869,0.027327756856214303,0.013675236917046665,0.004215255131548209,0.0,0.0,0.0,0.1,0.0,j2_a_then_b,j2_a_then_b
asymmetric_j2_good,22,2.0,hard_core,0.08798992590175433,1.3992765495176422,0.6533371617557888,0.04341517835691103,1.0190434957592929e-13,0.004200273319526552,0.012536561430577464,0.012536561430577464,0.0,0.1,0.0,j2_a_then_b,j2_a_then_b
asymmetric_j2_good,22,2.0,adaptive_soft,0.08798992590175433,1.3868628341048934,0.6491381827485545,0.026766436602539963,0.013058772415784152,0.004156652173792162,0.00012284601782863724,0.00012284601782863724,0.0,0.1,0.0,j2_a_then_b,j2_a_then_b
asymmetric_j2_good,22,2.0,selective_core,0.08798992590175433,1.3867399880870648,0.6489620236884869,0.027327756856214303,0.01367523691704666,0.0042152551315482074,0.0,0.0,0.0,0.1,0.0,j2_a_then_b,j2_a_then_b
asymmetric_j2_good,23,2.0,j1,0.08124587959107564,1.3658229173850527,0.6372383164176131,0.07595496859683962,0.029514870943012677,0.0037288508847297575,0.016231781263008838,0.016231781263008838,0.0,1.0,0.0,j2_a_then_b,soft
asymmetric_j2_good,23,2.0,j2,0.08124587959107564,1.3495911361220438,0.632627313106581,0.027554881889018657,0.015446931121172295,0.0037288508847297575,0.0,0.0,0.0,1.0,0.0,j2_a_then_b,soft
asymmetric_j2_good,23,2.0,selected_order,0.08124587959107564,1.3495911361220438,0.632627313106581,0.027554881889018657,0.015446931121172295,0.0037288508847297575,0.0,0.0,0.0,1.0,0.0,j2_a_then_b,soft
asymmetric_j2_good,23,2.0,independent,0.08124587959107564,1.6026311309307208,0.6928522277285081,0.26358882615141205,3.9004471310763455e-17,0.06478837493707522,0.253039994808677,0.253039994808677,0.0,1.0,0.0,j2_a_then_b,soft
asymmetric_j2_good,23,2.0,arithmetic,0.08124587959107564,1.3509583477958553,0.6326002199296852,0.040796557891400936,0.02248090103209247,0.001888255649523071,0.001367211673811486,0.001367211673811486,0.0,1.0,0.0,j2_a_then_b,soft
asymmetric_j2_good,23,2.0,geometric,0.08124587959107564,1.350130295529615,0.6324354120115034,0.04079293946624123,0.022584119147705747,0.00188966973165704,0.0005391594075712103,0.0005391594075712103,0.0,1.0,0.0,j2_a_then_b,soft
asymmetric_j2_good,23,2.0,weighted_geometric,0.08124587959107564,1.3495911361220438,0.6326273131065812,0.02755488188901866,0.0154469311211723,0.0037288508847297575,0.0,0.0,0.0,1.0,0.0,j2_a_then_b,soft
asymmetric_j2_good,23,2.0,hard_core,0.08124587959107564,1.3532190267620958,0.6321968228563953,0.04380311796324989,6.563620185014683e-14,0.003904230367085316,0.0036278906400519784,0.0036278906400519784,0.0,1.0,0.0,j2_a_then_b,soft
asymmetric_j2_good,23,2.0,adaptive_soft,0.08124587959107564,1.3479548787875024,0.631669769048558,0.027064312438481175,0.010794841626113688,0.003552941699815773,-0.0016362573345414244,-0.0016362573345414244,0.0,1.0,0.0,j2_a_then_b,soft
asymmetric_j2_good,23,2.0,selective_core,0.08124587959107564,1.3476184854448576,0.6314779016825461,0.029503143901958895,0.011990845068024348,0.0025973959724340397,-0.0019726506771862162,-0.0019726506771862162,0.0,1.0,0.0,j2_a_then_b,soft
asymmetric_j2_good,24,2.0,j1,0.09725099913121642,1.5146613266461604,0.7063053914465247,0.09240462911889459,0.03607907899618487,0.004718502142026919,0.04311219144957934,0.04311219144957934,0.0,1.0,0.0,j2_a_then_b,j2_a_then_b
asymmetric_j2_good,24,2.0,j2,0.09725099913121642,1.471549135196581,0.6903032288530119,0.02870349881618449,0.013104610039814356,0.004718502142026919,0.0,0.0,0.0,1.0,0.0,j2_a_then_b,j2_a_then_b
asymmetric_j2_good,24,2.0,selected_order,0.09725099913121642,1.471549135196581,0.6903032288530119,0.02870349881618449,0.013104610039814356,0.004718502142026919,0.0,0.0,0.0,1.0,0.0,j2_a_then_b,j2_a_then_b
asymmetric_j2_good,24,2.0,independent,0.09725099913121642,1.6025795856702425,0.7140807674403185,0.16758255742466843,3.805492704810065e-17,0.038552081231914954,0.13103045047366146,0.13103045047366146,0.0,1.0,0.0,j2_a_then_b,j2_a_then_b
asymmetric_j2_good,24,2.0,arithmetic,0.09725099913121642,1.4827034696441774,0.6948969941287114,0.048357629170012996,0.02459184451799959,0.0023900307080915307,0.011154334447596392,0.011154334447596392,0.0,1.0,0.0,j2_a_then_b,j2_a_then_b
asymmetric_j2_good,24,2.0,geometric,0.09725099913121642,1.4834979438041764,0.6952058349157492,0.048991690880698595,0.024882945081139238,0.002391950654596511,0.011948808607595396,0.011948808607595396,0.0,1.0,0.0,j2_a_then_b,j2_a_then_b
asymmetric_j2_good,24,2.0,weighted_geometric,0.09725099913121642,1.471549135196581,0.690303228853012,0.02870349881618449,0.01310461003981436,0.0047185021420269166,0.0,0.0,0.0,1.0,0.0,j2_a_then_b,j2_a_then_b
asymmetric_j2_good,24,2.0,hard_core,0.09725099913121642,1.4783009265973115,0.6928568106207186,0.04531654564718845,4.0534139711173244e-14,0.004298691817536512,0.006751791400730456,0.006751791400730456,0.0,1.0,0.0,j2_a_then_b,j2_a_then_b
asymmetric_j2_good,24,2.0,adaptive_soft,0.09725099913121642,1.4717227888559292,0.6905114233068069,0.029446335399753585,0.00822172952102129,0.0045652110688766115,0.000173653659348183,0.000173653659348183,0.0,1.0,0.0,j2_a_then_b,j2_a_then_b
asymmetric_j2_good,24,2.0,selective_core,0.09725099913121642,1.471549135196581,0.6903032288530119,0.02870349881618449,0.013104610039814356,0.004718502142026919,0.0,0.0,0.0,1.0,0.0,j2_a_then_b,j2_a_then_b
asymmetric_j2_good,25,2.0,j1,0.08956657240401276,1.5697916667861873,0.7144960437566696,0.08378204830199051,0.032192867231732564,0.004171617762229112,0.01481101557506781,0.01481101557506781,0.25,0.1,0.25,j2_a_then_b,soft
asymmetric_j2_good,25,2.0,j2,0.08956657240401276,1.5549806512111195,0.7100706504926898,0.027797582101085974,0.015923258977864854,0.004171617762229112,0.0,0.0,0.25,0.1,0.25,j2_a_then_b,soft
asymmetric_j2_good,25,2.0,selected_order,0.08956657240401276,1.5549806512111195,0.7100706504926898,0.027797582101085974,0.015923258977864854,0.004171617762229112,0.0,0.0,0.25,0.1,0.25,j2_a_then_b,soft
asymmetric_j2_good,25,2.0,independent,0.08956657240401276,1.8127526303105241,0.7650085834429674,0.27251179633616807,3.905729990865076e-17,0.07181527428093418,0.25777197909940464,0.25777197909940464,0.25,0.1,0.25,j2_a_then_b,soft
asymmetric_j2_good,25,2.0,arithmetic,0.08956657240401276,1.5539488471391587,0.7097336523704335,0.04416820230083368,0.024058063104798685,0.0021116575723045053,-0.0010318040719607957,-0.0010318040719607957,0.25,0.1,0.25,j2_a_then_b,soft
asymmetric_j2_good,25,2.0,geometric,0.08956657240401276,1.5539101191444384,0.709599097956442,0.044479265339126356,0.02419855417206898,0.002113160831221927,-0.0010705320666810625,-0.0010705320666810625,0.25,0.1,0.25,j2_a_then_b,soft
asymmetric_j2_good,25,2.0,weighted_geometric,0.08956657240401276,1.552308000507202,0.7091533356656583,0.029849699099080886,0.02005910926577664,0.0026222220172655688,-0.002672650703917423,-0.002672650703917423,0.25,0.1,0.25,j2_a_then_b,soft
asymmetric_j2_good,25,2.0,hard_core,0.08956657240401276,1.5643086811417624,0.71172827695714,0.0465580485388492,3.764343735812234e-14,0.0042355220308105635,0.009328029930642856,0.009328029930642856,0.25,0.1,0.25,j2_a_then_b,soft
asymmetric_j2_good,25,2.0,adaptive_soft,0.08956657240401276,1.5525931935994763,0.7092418012638643,0.02956341841988985,0.018665993265566796,0.0026440874982682342,-0.0023874576116431623,-0.0023874576116431623,0.25,0.1,0.25,j2_a_then_b,soft
asymmetric_j2_good,25,2.0,selective_core,0.08956657240401276,1.5525931935994763,0.7092418012638643,0.02956341841988985,0.018665993265566796,0.0026440874982682342,-0.0023874576116431623,-0.0023874576116431623,0.25,0.1,0.25,j2_a_then_b,soft
asymmetric_j2_good,26,2.0,j1,0.08676480889264195,1.367939896881266,0.6436164799119949,0.08061699513213624,0.03314770643042542,0.004050455296173718,0.028149721476867118,0.028149721476867118,0.0,0.03,0.0,j2_a_then_b,j2_a_then_b
asymmetric_j2_good,26,2.0,j2,0.08676480889264195,1.3397901754043988,0.6337732784816253,0.02726380676531531,0.013517456965695406,0.004050455296173718,0.0,0.0,0.0,0.03,0.0,j2_a_then_b,j2_a_then_b
asymmetric_j2_good,26,2.0,selected_order,0.08676480889264195,1.3397901754043988,0.6337732784816253,0.02726380676531531,0.013517456965695406,0.004050455296173718,0.0,0.0,0.0,0.03,0.0,j2_a_then_b,j2_a_then_b
asymmetric_j2_good,26,2.0,independent,0.08676480889264195,1.5365891803049354,0.6772907925706818,0.2152018340988011,3.9257361467495697e-17,0.057310320682160125,0.1967990049005366,0.1967990049005366,0.0,0.03,0.0,j2_a_then_b,j2_a_then_b
asymmetric_j2_good,26,2.0,arithmetic,0.08676480889264195,1.3450819431886731,0.6359050730140371,0.04248800488362708,0.02333258169806039,0.0020514611516242,0.005291767784274315,0.005291767784274315,0.0,0.03,0.0,j2_a_then_b,j2_a_then_b
asymmetric_j2_good,26,2.0,geometric,0.08676480889264195,1.3456286443408882,0.6359385691099366,0.042661771880784786,0.023470140191701367,0.0020530606682477117,0.005838468936489427,0.005838468936489427,0.0,0.03,0.0,j2_a_then_b,j2_a_then_b
asymmetric_j2_good,26,2.0,weighted_geometric,0.08676480889264195,1.3397901754043988,0.6337732784816253,0.027263806765315302,0.013517456965695408,0.004050455296173719,0.0,0.0,0.0,0.03,0.0,j2_a_then_b,j2_a_then_b
asymmetric_j2_good,26,2.0,hard_core,0.08676480889264195,1.3495994018690645,0.6363311777775271,0.041932581866878184,3.604451908115463e-14,0.004180942283115328,0.009809226464665644,0.009809226464665644,0.0,0.03,0.0,j2_a_then_b,j2_a_then_b
asymmetric_j2_good,26,2.0,adaptive_soft,0.08676480889264195,1.3397648292243023,0.6337685487233374,0.02698408502649063,0.01332068863324517,0.004029613125999482,-2.5346180096530446e-05,-2.5346180096530446e-05,0.0,0.03,0.0,j2_a_then_b,j2_a_then_b
asymmetric_j2_good,26,2.0,selective_core,0.08676480889264195,1.3397901754043988,0.6337732784816253,0.02726380676531531,0.013517456965695406,0.004050455296173718,0.0,0.0,0.0,0.03,0.0,j2_a_then_b,j2_a_then_b
asymmetric_j2_good,27,2.0,j1,0.08981564504743061,1.3960002296838891,0.658006035404706,0.08502808071768618,0.03510254967763196,0.004281021040542956,0.04007554249189016,0.04007554249189016,0.25,0.1,0.25,j2_a_then_b,soft
asymmetric_j2_good,27,2.0,j2,0.08981564504743061,1.355924687191999,0.6408080924058224,0.02769273118717014,0.012196513877324285,0.004281021040542956,0.0,0.0,0.25,0.1,0.25,j2_a_then_b,soft
asymmetric_j2_good,27,2.0,selected_order,0.08981564504743061,1.355924687191999,0.6408080924058224,0.02769273118717014,0.012196513877324285,0.004281021040542956,0.0,0.0,0.25,0.1,0.25,j2_a_then_b,soft
asymmetric_j2_good,27,2.0,independent,0.08981564504743061,1.554496776701284,0.6770564015912397,0.20573786833707264,4.3373951755546965e-17,0.05613436527264846,0.19857208950928507,0.19857208950928507,0.25,0.1,0.25,j2_a_then_b,soft
asymmetric_j2_good,27,2.0,arithmetic,0.08981564504743061,1.3676443555973936,0.646134628533191,0.044832900273298934,0.023649531777478104,0.0021680222422134124,0.011719668405394623,0.011719668405394623,0.25,0.1,0.25,j2_a_then_b,soft
asymmetric_j2_good,27,2.0,geometric,0.08981564504743061,1.3672531183122587,0.6460499267803069,0.04543200886373093,0.02402592142565748,0.002169775876631957,0.011328431120259719,0.011328431120259719,0.25,0.1,0.25,j2_a_then_b,soft
asymmetric_j2_good,27,2.0,weighted_geometric,0.08981564504743061,1.359362822233329,0.6425379805496448,0.03030781184808049,0.018149790567422035,0.0026812831148047946,0.0034381350413299483,0.0034381350413299483,0.25,0.1,0.25,j2_a_then_b,soft
asymmetric_j2_good,27,2.0,hard_core,0.08981564504743061,1.3603566873177417,0.6424374040618126,0.041755705292969396,3.504144474539881e-14,0.004376571281962107,0.004432000125742741,0.004432000125742741,0.25,0.1,0.25,j2_a_then_b,soft
asymmetric_j2_good,27,2.0,adaptive_soft,0.08981564504743061,1.3590394717013767,0.642411019775034,0.029759290462756206,0.016839764747253873,0.002722792491568347,0.0031147845093777438,0.0031147845093777438,0.25,0.1,0.25,j2_a_then_b,soft
asymmetric_j2_good,27,2.0,selective_core,0.08981564504743061,1.3590394717013767,0.642411019775034,0.029759290462756206,0.016839764747253873,0.002722792491568347,0.0031147845093777438,0.0031147845093777438,0.25,0.1,0.25,j2_a_then_b,soft
asymmetric_j2_good,28,2.0,j1,0.09995358907739095,1.5128527686646311,0.695913114157693,0.09589809152298437,0.03783669632619551,0.004827402009025795,0.04118979576137627,0.04118979576137627,0.25,0.3,0.25,j2_a_then_b,soft
asymmetric_j2_good,28,2.0,j2,0.09995358907739095,1.4716629729032549,0.6824630388467261,0.028949119160134783,0.012926845541336674,0.004827402009025795,0.0,0.0,0.25,0.3,0.25,j2_a_then_b,soft
asymmetric_j2_good,28,2.0,selected_order,0.09995358907739095,1.4716629729032549,0.6824630388467261,0.028949119160134783,0.012926845541336674,0.004827402009025795,0.0,0.0,0.25,0.3,0.25,j2_a_then_b,soft
asymmetric_j2_good,28,2.0,independent,0.09995358907739095,1.6059402814119852,0.7134624377877492,0.17799680976476395,4.684267364729773e-17,0.03867977301342802,0.13427730850873032,0.13427730850873032,0.25,0.3,0.25,j2_a_then_b,soft
asymmetric_j2_good,28,2.0,arithmetic,0.09995358907739095,1.4814100543599147,0.6856553603365106,0.050457483454774237,0.025381770933766062,0.0024434020599983287,0.009747081456659812,0.009747081456659812,0.25,0.3,0.25,j2_a_then_b,soft
asymmetric_j2_good,28,2.0,geometric,0.09995358907739095,1.4824380480332429,0.6857762509992121,0.051009228440643865,0.025686701846785353,0.002445144534668846,0.010775075129987988,0.010775075129987988,0.25,0.3,0.25,j2_a_then_b,soft
asymmetric_j2_good,28,2.0,weighted_geometric,0.09995358907739095,1.4745544861253215,0.6832340664428392,0.033010478222387764,0.019321657766546495,0.003027441573267243,0.0028915132220665996,0.0028915132220665996,0.25,0.3,0.25,j2_a_then_b,soft
asymmetric_j2_good,28,2.0,hard_core,0.09995358907739095,1.4808356736430859,0.6849663837496812,0.04524536773734128,9.646712640124736e-14,0.004401785850843574,0.009172700739831008,0.009172700739831008,0.25,0.3,0.25,j2_a_then_b,soft
asymmetric_j2_good,28,2.0,adaptive_soft,0.09995358907739095,1.4744739128212714,0.6832283065700749,0.032185617214434276,0.015441849430824408,0.0031651175939668677,0.0028109399180165084,0.0028109399180165084,0.25,0.3,0.25,j2_a_then_b,soft
asymmetric_j2_good,28,2.0,selective_core,0.09995358907739095,1.4744739128212714,0.6832283065700749,0.032185617214434276,0.015441849430824408,0.0031651175939668677,0.0028109399180165084,0.0028109399180165084,0.25,0.3,0.25,j2_a_then_b,soft
asymmetric_j2_good,29,2.0,j1,0.09877160181263056,1.4132753132459996,0.6566086649653992,0.09433487950377321,0.0388001626398126,0.00499943488066278,0.034199338902772825,0.034199338902772825,0.0,1.0,0.0,j2_a_then_b,j2_a_then_b
asymmetric_j2_good,29,2.0,j2,0.09877160181263056,1.3790759743432268,0.6446640210756377,0.026614576695885135,0.01140930468765396,0.00499943488066278,0.0,0.0,0.0,1.0,0.0,j2_a_then_b,j2_a_then_b
asymmetric_j2_good,29,2.0,selected_order,0.09877160181263056,1.3790759743432268,0.6446640210756377,0.026614576695885135,0.01140930468765396,0.00499943488066278,0.0,0.0,0.0,1.0,0.0,j2_a_then_b,j2_a_then_b
asymmetric_j2_good,29,2.0,independent,0.09877160181263056,1.4246637194177485,0.6579901063148056,0.08831339247782884,4.4423530609280506e-17,0.013671367373334967,0.04558774507452168,0.04558774507452168,0.0,1.0,0.0,j2_a_then_b,j2_a_then_b
asymmetric_j2_good,29,2.0,arithmetic,0.09877160181263056,1.3846836024428313,0.6466003110809306,0.04904786894440801,0.025104733663733256,0.0025341997620762554,0.005607628099604467,0.005607628099604467,0.0,1.0,0.0,j2_a_then_b,j2_a_then_b
asymmetric_j2_good,29,2.0,geometric,0.09877160181263056,1.385975544703632,0.6467144767428837,0.04961484097523605,0.02548859493635957,0.0025366361076534,0.006899570360405116,0.006899570360405116,0.0,1.0,0.0,j2_a_then_b,j2_a_then_b
asymmetric_j2_good,29,2.0,weighted_geometric,0.09877160181263056,1.3790759743432268,0.6446640210756377,0.026614576695885135,0.011409304687653967,0.004999434880662779,0.0,0.0,0.0,1.0,0.0,j2_a_then_b,j2_a_then_b
asymmetric_j2_good,29,2.0,hard_core,0.09877160181263056,1.38883215707775,0.6469810705915768,0.04160562580185105,1.5703447128257755e-14,0.004387982250617269,0.009756182734523167,0.009756182734523167,0.0,1.0,0.0,j2_a_then_b,j2_a_then_b
asymmetric_j2_good,29,2.0,adaptive_soft,0.09877160181263056,1.3811525895608348,0.6454608316068998,0.02797303235617362,0.006426956472231753,0.004865211723330326,0.0020766152176079355,0.0020766152176079355,0.0,1.0,0.0,j2_a_then_b,j2_a_then_b
asymmetric_j2_good,29,2.0,selective_core,0.09877160181263056,1.3790759743432268,0.6446640210756377,0.026614576695885135,0.01140930468765396,0.00499943488066278,0.0,0.0,0.0,1.0,0.0,j2_a_then_b,j2_a_then_b
asymmetric_j2_good,30,2.0,j1,0.09260125381836636,1.5401286348135954,0.7002980650837249,0.08634928845347342,0.03429866945897019,0.004326369888163639,0.04328827081104869,0.04328827081104869,0.0,0.01,0.0,j2_a_then_b,j2_a_then_b
asymmetric_j2_good,30,2.0,j2,0.09260125381836636,1.4968403640025467,0.6845571460559247,0.03003392658169426,0.014546381173762658,0.004326369888163639,0.0,0.0,0.0,0.01,0.0,j2_a_then_b,j2_a_then_b
asymmetric_j2_good,30,2.0,selected_order,0.09260125381836636,1.4968403640025467,0.6845571460559247,0.03003392658169426,0.014546381173762658,0.004326369888163639,0.0,0.0,0.0,0.01,0.0,j2_a_then_b,j2_a_then_b
asymmetric_j2_good,30,2.0,independent,0.09260125381836636,1.7284910385756886,0.7344115884715384,0.2537262431573727,4.410893833750552e-17,0.06547723260832183,0.23165067457314192,0.23165067457314192,0.0,0.01,0.0,j2_a_then_b,j2_a_then_b
asymmetric_j2_good,30,2.0,arithmetic,0.09260125381836636,1.5081639916412755,0.6894836676371391,0.046032036912048706,0.0244225253163664,0.0021890330074090924,0.01132362763872874,0.01132362763872874,0.0,0.01,0.0,j2_a_then_b,j2_a_then_b
asymmetric_j2_good,30,2.0,geometric,0.09260125381836636,1.5096949424120338,0.6896960683337038,0.04646244104302472,0.02470661067731561,0.002190428669499851,0.012854578409487116,0.012854578409487116,0.0,0.01,0.0,j2_a_then_b,j2_a_then_b
asymmetric_j2_good,30,2.0,weighted_geometric,0.09260125381836636,1.496840364002547,0.6845571460559247,0.03003392658169426,0.014546381173762663,0.004326369888163638,2.220446049250313e-16,2.220446049250313e-16,0.0,0.01,0.0,j2_a_then_b,j2_a_then_b
asymmetric_j2_good,30,2.0,hard_core,0.09260125381836636,1.5124910599899812,0.6869404780591045,0.04695727632519914,2.860508413440914e-14,0.004414274682353456,0.015650695987434515,0.015650695987434515,0.0,0.01,0.0,j2_a_then_b,j2_a_then_b
asymmetric_j2_good,30,2.0,adaptive_soft,0.09260125381836636,1.4968660654370565,0.6845617607629342,0.0299371057759096,0.014482945671310607,0.004318475161741836,2.5701434509750598e-05,2.5701434509750598e-05,0.0,0.01,0.0,j2_a_then_b,j2_a_then_b
asymmetric_j2_good,30,2.0,selective_core,0.09260125381836636,1.4968403640025467,0.6845571460559247,0.03003392658169426,0.014546381173762658,0.004326369888163639,0.0,0.0,0.0,0.01,0.0,j2_a_then_b,j2_a_then_b
asymmetric_j2_good,31,2.0,j1,0.09684089913480858,1.5023767522062272,0.6901280345632554,0.09151202900658383,0.03588688578852836,0.0047170631762830425,0.03938755973210517,0.03938755973210517,0.0,1.0,0.0,j2_a_then_b,soft
asymmetric_j2_good,31,2.0,j2,0.09684089913480858,1.462989192474122,0.6746413926216376,0.029504475616652634,0.013752346940564548,0.0047170631762830425,0.0,0.0,0.0,1.0,0.0,j2_a_then_b,soft
asymmetric_j2_good,31,2.0,selected_order,0.09684089913480858,1.462989192474122,0.6746413926216376,0.029504475616652634,0.013752346940564548,0.0047170631762830425,0.0,0.0,0.0,1.0,0.0,j2_a_then_b,soft
asymmetric_j2_good,31,2.0,independent,0.09684089913480858,1.5987381567073895,0.7040308615790353,0.19312090895910689,4.604456532307684e-17,0.045297663938242576,0.13574896423326743,0.13574896423326743,0.0,1.0,0.0,j2_a_then_b,soft
asymmetric_j2_good,31,2.0,arithmetic,0.09684089913480858,1.4733191588262033,0.6792147360256884,0.04804857278732693,0.024819616364546427,0.0023876898673752017,0.010329966352081277,0.010329966352081277,0.0,1.0,0.0,j2_a_then_b,soft
asymmetric_j2_good,31,2.0,geometric,0.09684089913480858,1.4730917603296676,0.6792209837802143,0.04861520098561327,0.02507584150763047,0.002389306628553334,0.01010256785554553,0.01010256785554553,0.0,1.0,0.0,j2_a_then_b,soft
asymmetric_j2_good,31,2.0,weighted_geometric,0.09684089913480858,1.4629891924741223,0.6746413926216376,0.029504475616652634,0.013752346940564552,0.0047170631762830425,2.220446049250313e-16,2.220446049250313e-16,0.0,1.0,0.0,j2_a_then_b,soft
asymmetric_j2_good,31,2.0,hard_core,0.09684089913480858,1.4660828839443907,0.6758257202940106,0.04635107279453966,4.370191132531311e-14,0.00432997079102448,0.0030936914702686114,0.0030936914702686114,0.0,1.0,0.0,j2_a_then_b,soft
asymmetric_j2_good,31,2.0,adaptive_soft,0.09684089913480858,1.4612033087502196,0.6742357917883101,0.030055068096488297,0.00882437878275485,0.004556993327016786,-0.0017858837239024261,-0.0017858837239024261,0.0,1.0,0.0,j2_a_then_b,soft
asymmetric_j2_good,31,2.0,selective_core,0.09684089913480858,1.46253922735889,0.6750048406579167,0.03562702362531115,0.006403105560815294,0.0037170665206207767,-0.00044996511523209826,-0.00044996511523209826,0.0,1.0,0.0,j2_a_then_b,soft
asymmetric_j2_good,32,2.0,j1,0.09995796774395792,1.5032833668797498,0.7039132643550374,0.09594215033580332,0.03757031165604269,0.004966642299571145,0.04339421490828865,0.04339421490828865,0.5,10.0,0.25,j2_a_then_b,soft
asymmetric_j2_good,32,2.0,j2,0.09995796774395792,1.4598891519714612,0.6892144903523325,0.027787328391128047,0.012123048843259496,0.004966642299571145,0.0,0.0,0.5,10.0,0.25,j2_a_then_b,soft
asymmetric_j2_good,32,2.0,selected_order,0.09995796774395792,1.4598891519714612,0.6892144903523325,0.027787328391128047,0.012123048843259496,0.004966642299571145,0.0,0.0,0.5,10.0,0.25,j2_a_then_b,soft
asymmetric_j2_good,32,2.0,independent,0.09995796774395792,1.522221866499874,0.6987087119864337,0.10600824315636978,4.2856831364984636e-17,0.018626392796499643,0.062332714528412714,0.062332714528412714,0.5,10.0,0.25,j2_a_then_b,soft
asymmetric_j2_good,32,2.0,arithmetic,0.09995796774395792,1.4721812328136097,0.6927804175173071,0.050143459795301194,0.02484668024965107,0.0025148741722232806,0.0122920808421485,0.0122920808421485,0.5,10.0,0.25,j2_a_then_b,soft
asymmetric_j2_good,32,2.0,geometric,0.09995796774395792,1.471464162503471,0.6925205806641763,0.05057546949867566,0.02503861636475176,0.002516542810664297,0.011575010532009822,0.011575010532009822,0.5,10.0,0.25,j2_a_then_b,soft
asymmetric_j2_good,32,2.0,weighted_geometric,0.09995796774395792,1.463126536935779,0.6898502402918545,0.03227319260330749,0.01857102699695392,0.003123976261301305,0.003237384964317913,0.003237384964317913,0.5,10.0,0.25,j2_a_then_b,soft
asymmetric_j2_good,32,2.0,hard_core,0.09995796774395792,1.4705483113818834,0.691017532744191,0.04424789861804912,2.4798593842474682e-14,0.004299534172861314,0.01065915941042217,0.01065915941042217,0.5,10.0,0.25,j2_a_then_b,soft
asymmetric_j2_good,32,2.0,adaptive_soft,0.09995796774395792,1.469932934453906,0.6909140687550953,0.04315597794760203,0.0026676163504691093,0.003941194106116485,0.010043782482444863,0.010043782482444863,0.5,10.0,0.25,j2_a_then_b,soft
asymmetric_j2_good,32,2.0,selective_core,0.09995796774395792,1.469932934453906,0.6909140687550953,0.04315597794760203,0.0026676163504691093,0.003941194106116485,0.010043782482444863,0.010043782482444863,0.5,10.0,0.25,j2_a_then_b,soft
asymmetric_j2_good,33,2.0,j1,0.0970460407407537,1.6150288102299901,0.7214479677046,0.09173903388645813,0.03508623371910012,0.004593850724709495,0.031345317849508,0.031345317849508,0.0,0.01,0.0,j2_a_then_b,j2_a_then_b
asymmetric_j2_good,33,2.0,j2,0.0970460407407537,1.5836834923804821,0.7134001398607698,0.030381600383367072,0.015077601984576682,0.004593850724709495,0.0,0.0,0.0,0.01,0.0,j2_a_then_b,j2_a_then_b
asymmetric_j2_good,33,2.0,selected_order,0.0970460407407537,1.5836834923804821,0.7134001398607698,0.030381600383367072,0.015077601984576682,0.004593850724709495,0.0,0.0,0.0,0.01,0.0,j2_a_then_b,j2_a_then_b
asymmetric_j2_good,33,2.0,independent,0.0970460407407537,1.7593076152458522,0.749601520814504,0.23121462592717545,4.511754197241563e-17,0.05809515937668264,0.1756241228653701,0.1756241228653701,0.0,0.01,0.0,j2_a_then_b,j2_a_then_b
asymmetric_j2_good,33,2.0,arithmetic,0.0970460407407537,1.589231528670997,0.7144157879269559,0.04851981570392705,0.02508191785183838,0.0023250594365746614,0.005548036290514924,0.005548036290514924,0.0,0.01,0.0,j2_a_then_b,j2_a_then_b
asymmetric_j2_good,33,2.0,geometric,0.0970460407407537,1.5900165959693848,0.7146631922454142,0.0491585462879524,0.025445936238822728,0.0023267461682582634,0.006333103588902711,0.006333103588902711,0.0,0.01,0.0,j2_a_then_b,j2_a_then_b
asymmetric_j2_good,33,2.0,weighted_geometric,0.0970460407407537,1.5836834923804821,0.7134001398607698,0.03038160038336707,0.015077601984576685,0.0045938507247094956,0.0,0.0,0.0,0.01,0.0,j2_a_then_b,j2_a_then_b
asymmetric_j2_good,33,2.0,hard_core,0.0970460407407537,1.5928176716034,0.71359453276973,0.04852724333349995,3.6299759056360356e-14,0.00439994119486069,0.009134179222917815,0.009134179222917815,0.0,0.01,0.0,j2_a_then_b,j2_a_then_b
asymmetric_j2_good,33,2.0,adaptive_soft,0.0970460407407537,1.5836544899562013,0.713378863988927,0.030296593327505627,0.014999959574276073,0.004585835538192173,-2.9002424280832884e-05,-2.9002424280832884e-05,0.0,0.01,0.0,j2_a_then_b,j2_a_then_b
asymmetric_j2_good,33,2.0,selective_core,0.0970460407407537,1.5836834923804821,0.7134001398607698,0.030381600383367072,0.015077601984576682,0.004593850724709495,0.0,0.0,0.0,0.01,0.0,j2_a_then_b,j2_a_then_b
asymmetric_j2_good,34,2.0,j1,0.08971604018278741,1.5460019866497638,0.7109342237831038,0.08286990312456921,0.03219496028497922,0.004264826730127964,0.023964370448401384,0.023964370448401384,0.0,0.01,0.0,j2_a_then_b,j2_a_then_b
asymmetric_j2_good,34,2.0,j2,0.08971604018278741,1.5220376162013625,0.7049846547944157,0.029453821782997547,0.016041964666879932,0.004264826730127964,0.0,0.0,0.0,0.01,0.0,j2_a_then_b,j2_a_then_b
asymmetric_j2_good,34,2.0,selected_order,0.08971604018278741,1.5220376162013625,0.7049846547944157,0.029453821782997547,0.016041964666879932,0.004264826730127964,0.0,0.0,0.0,0.01,0.0,j2_a_then_b,j2_a_then_b
asymmetric_j2_good,34,2.0,independent,0.08971604018278741,1.7950985311658643,0.7628503789174335,0.2842702735087499,4.0911469429750524e-17,0.0700246461898021,0.2730609149645018,0.2730609149645018,0.0,0.01,0.0,j2_a_then_b,j2_a_then_b
asymmetric_j2_good,34,2.0,arithmetic,0.08971604018278741,1.5247612736203997,0.7054068556971657,0.043787260289005314,0.02411846247592955,0.0021594516832757257,0.00272365741903724,0.00272365741903724,0.0,0.01,0.0,j2_a_then_b,j2_a_then_b
asymmetric_j2_good,34,2.0,geometric,0.08971604018278741,1.5253524196532717,0.7055852022678989,0.04401046608502696,0.024342901715330833,0.002161050854711079,0.003314803451909265,0.003314803451909265,0.0,0.01,0.0,j2_a_then_b,j2_a_then_b
asymmetric_j2_good,34,2.0,weighted_geometric,0.08971604018278741,1.5220376162013627,0.7049846547944157,0.029453821782997547,0.016041964666879936,0.004264826730127963,2.220446049250313e-16,2.220446049250313e-16,0.0,0.01,0.0,j2_a_then_b,j2_a_then_b
asymmetric_j2_good,34,2.0,hard_core,0.08971604018278741,1.528184208620416,0.7065762350129985,0.04755568203534561,2.4380218770745937e-14,0.0042980434568003646,0.006146592419053576,0.006146592419053576,0.0,0.01,0.0,j2_a_then_b,j2_a_then_b
asymmetric_j2_good,34,2.0,adaptive_soft,0.08971604018278741,1.5220239526595964,0.7049824953595963,0.029346892830388393,0.015969203749534724,0.004255826031677667,-1.3663541766018028e-05,-1.3663541766018028e-05,0.0,0.01,0.0,j2_a_then_b,j2_a_then_b
asymmetric_j2_good,34,2.0,selective_core,0.08971604018278741,1.5220376162013625,0.7049846547944157,0.029453821782997547,0.016041964666879932,0.004264826730127964,0.0,0.0,0.0,0.01,0.0,j2_a_then_b,j2_a_then_b
asymmetric_j2_good,35,2.0,j1,0.09101278432938477,1.5398799950037048,0.7048440738153124,0.08455697209959041,0.03340470355090128,0.004250564381497987,0.029728956994198752,0.029728956994198752,0.25,0.01,0.25,j2_a_then_b,geometric
asymmetric_j2_good,35,2.0,j2,0.09101278432938477,1.510151038009506,0.6977699480397382,0.029587586648730884,0.015482229031565743,0.004250564381497987,0.0,0.0,0.25,0.01,0.25,j2_a_then_b,geometric
asymmetric_j2_good,35,2.0,selected_order,0.09101278432938477,1.510151038009506,0.6977699480397382,0.029587586648730884,0.015482229031565743,0.004250564381497987,0.0,0.0,0.25,0.01,0.25,j2_a_then_b,geometric
asymmetric_j2_good,35,2.0,independent,0.09101278432938477,1.7621699612876391,0.748815117224835,0.27545156292909445,4.0271984965561944e-17,0.0717139280304369,0.25201892327813313,0.25201892327813313,0.25,0.01,0.25,j2_a_then_b,geometric
asymmetric_j2_good,35,2.0,arithmetic,0.09101278432938477,1.5164564954382198,0.6986617812038676,0.04492297250720215,0.024443466291233486,0.0021522487282653042,0.006305457428713801,0.006305457428713801,0.25,0.01,0.25,j2_a_then_b,geometric
asymmetric_j2_good,35,2.0,geometric,0.09101278432938477,1.5163763257689673,0.6985246015334025,0.04505513712813633,0.024640054150162388,0.00215407973899299,0.006225287759461295,0.006225287759461295,0.25,0.01,0.25,j2_a_then_b,geometric
asymmetric_j2_good,35,2.0,weighted_geometric,0.09101278432938477,1.5111022057801724,0.6974567872356467,0.031079737426469082,0.020080372588553875,0.0026788937779521145,0.0009511677706663946,0.0009511677706663946,0.25,0.01,0.25,j2_a_then_b,geometric
asymmetric_j2_good,35,2.0,hard_core,0.09101278432938477,1.51093356025412,0.6971294488781654,0.047453576316268564,7.467836305531705e-14,0.004337104761990744,0.000782522244614059,0.000782522244614059,0.25,0.01,0.25,j2_a_then_b,geometric
asymmetric_j2_good,35,2.0,adaptive_soft,0.09101278432938477,1.5110547381668922,0.6974392942906773,0.031039208434604417,0.019932371732693605,0.0026809340639455037,0.0009037001573861669,0.0009037001573861669,0.25,0.01,0.25,j2_a_then_b,geometric
asymmetric_j2_good,35,2.0,selective_core,0.09101278432938477,1.5111022057801724,0.6974567872356467,0.031079737426469082,0.020080372588553875,0.0026788937779521145,0.0009511677706663946,0.0009511677706663946,0.25,0.01,0.25,j2_a_then_b,geometric
asymmetric_j2_good,36,2.0,j1,0.09383195187195074,1.5538372660739264,0.7177627888546381,0.08956721526160212,0.033794314608407434,0.004443930394122729,0.026734326637706474,0.026734326637706474,0.25,0.3,0.25,j2_a_then_b,soft
asymmetric_j2_good,36,2.0,j2,0.09383195187195074,1.5271029394362199,0.7100001510011391,0.028878835301883215,0.015399950771693953,0.004443930394122729,0.0,0.0,0.25,0.3,0.25,j2_a_then_b,soft
asymmetric_j2_good,36,2.0,selected_order,0.09383195187195074,1.5271029394362199,0.7100001510011391,0.028878835301883215,0.015399950771693953,0.004443930394122729,0.0,0.0,0.25,0.3,0.25,j2_a_then_b,soft
asymmetric_j2_good,36,2.0,independent,0.09383195187195074,1.753760673702576,0.7547644966818177,0.25023951820835216,3.983309992613982e-17,0.06496852755874259,0.22665773426635605,0.22665773426635605,0.25,0.3,0.25,j2_a_then_b,soft
asymmetric_j2_good,36,2.0,arithmetic,0.09383195187195074,1.5319031065472573,0.7109511079513416,0.04782394678817333,0.024597132690050674,0.0022493460328273434,0.004800167111037368,0.004800167111037368,0.25,0.3,0.25,j2_a_then_b,soft
asymmetric_j2_good,36,2.0,geometric,0.09383195187195074,1.5314357509870498,0.7107735690947499,0.04823063365816306,0.02486855506239789,0.002250921117314077,0.004332811550829874,0.004332811550829874,0.25,0.3,0.25,j2_a_then_b,soft
asymmetric_j2_good,36,2.0,weighted_geometric,0.09383195187195074,1.526987474305233,0.7095967236097023,0.03250859818187895,0.020153865282294563,0.0027921400749976026,-0.00011546513098692479,-0.00011546513098692479,0.25,0.3,0.25,j2_a_then_b,soft
asymmetric_j2_good,36,2.0,hard_core,0.09383195187195074,1.529954127258927,0.7100450144071604,0.047523916497741285,2.9777224089255763e-14,0.00429975747441454,0.002851187822707102,0.002851187822707102,0.25,0.3,0.25,j2_a_then_b,soft
asymmetric_j2_good,36,2.0,adaptive_soft,0.09383195187195074,1.5265892327771893,0.7095320941258492,0.03197910296706365,0.016504760552232364,0.0028862955913340057,-0.0005137066590306105,-0.0005137066590306105,0.25,0.3,0.25,j2_a_then_b,soft
asymmetric_j2_good,36,2.0,selective_core,0.09383195187195074,1.5265892327771893,0.7095320941258492,0.03197910296706365,0.016504760552232364,0.0028862955913340057,-0.0005137066590306105,-0.0005137066590306105,0.25,0.3,0.25,j2_a_then_b,soft
asymmetric_j2_good,37,2.0,j1,0.09046908242165409,1.5320272530627075,0.7037629816336602,0.0847000344148879,0.0330464234167307,0.004221508752074001,0.01725884206420436,0.01725884206420436,0.0,0.1,0.0,j2_a_then_b,j2_a_then_b
asymmetric_j2_good,37,2.0,j2,0.09046908242165409,1.5147684109985031,0.6980475003484338,0.02962144118240039,0.015378917328098344,0.004221508752074001,0.0,0.0,0.0,0.1,0.0,j2_a_then_b,j2_a_then_b
asymmetric_j2_good,37,2.0,selected_order,0.09046908242165409,1.5147684109985031,0.6980475003484338,0.02962144118240039,0.015378917328098344,0.004221508752074001,0.0,0.0,0.0,0.1,0.0,j2_a_then_b,j2_a_then_b
asymmetric_j2_good,37,2.0,independent,0.09046908242165409,1.7777881993165936,0.7512116781574351,0.24239705023553637,3.828176924763893e-17,0.06517515052996393,0.2630197883180905,0.2630197883180905,0.0,0.1,0.0,j2_a_then_b,j2_a_then_b
asymmetric_j2_good,37,2.0,arithmetic,0.09046908242165409,1.5146600560304373,0.6982128081239315,0.0453201468220541,0.024212670372414497,0.0021382628206269277,-0.0001083549680658269,-0.0001083549680658269,0.0,0.1,0.0,j2_a_then_b,j2_a_then_b
asymmetric_j2_good,37,2.0,geometric,0.09046908242165409,1.5148126045031862,0.6981757006574578,0.045490819828122205,0.02434811900521977,0.00213999576021382,4.4193504683098794e-05,4.4193504683098794e-05,0.0,0.1,0.0,j2_a_then_b,j2_a_then_b
asymmetric_j2_good,37,2.0,weighted_geometric,0.09046908242165409,1.514768410998503,0.6980475003484338,0.02962144118240039,0.015378917328098348,0.004221508752074,-2.220446049250313e-16,-2.220446049250313e-16,0.0,0.1,0.0,j2_a_then_b,j2_a_then_b
asymmetric_j2_good,37,2.0,hard_core,0.09046908242165409,1.5321090190524718,0.7017638752720127,0.04773319704299492,5.082054400872401e-14,0.0043671132924525385,0.017340608053968642,0.017340608053968642,0.0,0.1,0.0,j2_a_then_b,j2_a_then_b
asymmetric_j2_good,37,2.0,adaptive_soft,0.09046908242165409,1.5150074183062407,0.6982025990077816,0.028881554316344715,0.014654225985783724,0.004150418787443036,0.00023900730773762646,0.00023900730773762646,0.0,0.1,0.0,j2_a_then_b,j2_a_then_b
asymmetric_j2_good,37,2.0,selective_core,0.09046908242165409,1.5147684109985031,0.6980475003484338,0.02962144118240039,0.015378917328098344,0.004221508752074001,0.0,0.0,0.0,0.1,0.0,j2_a_then_b,j2_a_then_b
asymmetric_j2_good,38,2.0,j1,0.10919998925415425,1.5752697984759398,0.7181170834505272,0.10454722678493406,0.04194940369817385,0.005550793763259823,0.039329344036020286,0.039329344036020286,0.25,0.01,0.25,j2_a_then_b,geometric
asymmetric_j2_good,38,2.0,j2,0.10919998925415425,1.5359404544399196,0.7062902095833463,0.029982503976771314,0.01176087200044639,0.005550793763259823,0.0,0.0,0.25,0.01,0.25,j2_a_then_b,geometric
asymmetric_j2_good,38,2.0,selected_order,0.10919998925415425,1.5359404544399196,0.7062902095833463,0.029982503976771314,0.01176087200044639,0.005550793763259823,0.0,0.0,0.25,0.01,0.25,j2_a_then_b,geometric
asymmetric_j2_good,38,2.0,independent,0.10919998925415425,1.6055620582563632,0.7205192967798755,0.129112622487028,4.264436162049537e-17,0.021619094046840773,0.06962160381644367,0.06962160381644367,0.25,0.01,0.25,j2_a_then_b,geometric
asymmetric_j2_good,38,2.0,arithmetic,0.10919998925415425,1.5431819623316696,0.7078255324092365,0.05408012134990416,0.026855137849310096,0.0028097489241938316,0.007241507891750043,0.007241507891750043,0.25,0.01,0.25,j2_a_then_b,geometric
asymmetric_j2_good,38,2.0,geometric,0.10919998925415425,1.5442886131833458,0.707808011310663,0.054762324237356344,0.027116678848990498,0.0028115029065546274,0.008348158743426204,0.008348158743426204,0.25,0.01,0.25,j2_a_then_b,geometric
asymmetric_j2_good,38,2.0,weighted_geometric,0.10919998925415425,1.537243733826993,0.7059162736642488,0.03454765805032595,0.019443022848463748,0.0034835193279409236,0.0013032793870735304,0.0013032793870735304,0.25,0.01,0.25,j2_a_then_b,geometric
asymmetric_j2_good,38,2.0,hard_core,0.10919998925415425,1.5374562941126595,0.7055402289627414,0.0461665806558444,1.4256542262914076e-14,0.004815417453768507,0.0015158396727399381,0.0015158396727399381,0.25,0.01,0.25,j2_a_then_b,geometric
asymmetric_j2_good,38,2.0,adaptive_soft,0.10919998925415425,1.537194953524464,0.7058984440829859,0.034486108710913115,0.019263205727471422,0.003489399148372598,0.001254499084544447,0.001254499084544447,0.25,0.01,0.25,j2_a_then_b,geometric
asymmetric_j2_good,38,2.0,selective_core,0.10919998925415425,1.537243733826993,0.7059162736642488,0.03454765805032595,0.019443022848463748,0.0034835193279409236,0.0013032793870735304,0.0013032793870735304,0.25,0.01,0.25,j2_a_then_b,geometric
asymmetric_j2_good,39,2.0,j1,0.08848133540678223,1.4237454554923983,0.6683529933436164,0.08356593068740313,0.032813658871272744,0.004182992530802386,0.02453831573042753,0.02453831573042753,0.5,1.0,0.5,j2_a_then_b,soft
asymmetric_j2_good,39,2.0,j2,0.08848133540678223,1.3992071397619708,0.6628566963406807,0.027769422425611836,0.013784832670270234,0.004182992530802386,0.0,0.0,0.5,1.0,0.5,j2_a_then_b,soft
asymmetric_j2_good,39,2.0,selected_order,0.08848133540678223,1.3992071397619708,0.6628566963406807,0.027769422425611836,0.013784832670270234,0.004182992530802386,0.0,0.0,0.5,1.0,0.5,j2_a_then_b,soft
asymmetric_j2_good,39,2.0,independent,0.08848133540678223,1.590787392487176,0.7090473111599653,0.22009575151230773,4.1187512385063017e-17,0.05447968489317861,0.1915802527252053,0.1915802527252053,0.5,1.0,0.5,j2_a_then_b,soft
asymmetric_j2_good,39,2.0,arithmetic,0.08848133540678223,1.4025303465504457,0.6627711768953746,0.04454184516768269,0.023299245770771464,0.002119412049963149,0.003323206788474975,0.003323206788474975,0.5,1.0,0.5,j2_a_then_b,soft
asymmetric_j2_good,39,2.0,geometric,0.08848133540678223,1.4029646813301169,0.6628609335326489,0.04485285434112539,0.023518308291340707,0.002121290537753704,0.0037575415681461166,0.0037575415681461166,0.5,1.0,0.5,j2_a_then_b,soft
asymmetric_j2_good,39,2.0,weighted_geometric,0.08848133540678223,1.4029646813301169,0.6628609335326489,0.04485285434112539,0.023518308291340707,0.002121290537753704,0.0037575415681461166,0.0037575415681461166,0.5,1.0,0.5,j2_a_then_b,soft
asymmetric_j2_good,39,2.0,hard_core,0.08848133540678223,1.4043970283009692,0.6635410392265714,0.0433831674715816,5.644652123102875e-14,0.004077482347395651,0.005189888538998488,0.005189888538998488,0.5,1.0,0.5,j2_a_then_b,soft
asymmetric_j2_good,39,2.0,adaptive_soft,0.08848133540678223,1.4015652932759022,0.6625249213362535,0.039511428401646224,0.014028261510945697,0.002422700463308072,0.002358153513931427,0.002358153513931427,0.5,1.0,0.5,j2_a_then_b,soft
asymmetric_j2_good,39,2.0,selective_core,0.08848133540678223,1.4015652932759022,0.6625249213362535,0.039511428401646224,0.014028261510945697,0.002422700463308072,0.002358153513931427,0.002358153513931427,0.5,1.0,0.5,j2_a_then_b,soft
asymmetric_j2_good,40,2.0,j1,0.09189833649177055,1.5221616460074219,0.706573363634926,0.0860587336778922,0.03353775247735562,0.004349464991734953,0.0319745783872607,0.0319745783872607,0.25,0.01,0.25,j2_a_then_b,geometric
asymmetric_j2_good,40,2.0,j2,0.09189833649177055,1.4901870676201612,0.6964577771666639,0.029288158150316466,0.013669175410659182,0.004349464991734953,0.0,0.0,0.25,0.01,0.25,j2_a_then_b,geometric
asymmetric_j2_good,40,2.0,selected_order,0.09189833649177055,1.4901870676201612,0.6964577771666639,0.029288158150316466,0.013669175410659182,0.004349464991734953,0.0,0.0,0.25,0.01,0.25,j2_a_then_b,geometric
asymmetric_j2_good,40,2.0,independent,0.09189833649177055,1.6922442369644086,0.7358363176087291,0.20683907342701555,4.407197403144558e-17,0.051880393040948235,0.20205716934424744,0.20205716934424744,0.25,0.01,0.25,j2_a_then_b,geometric
asymmetric_j2_good,40,2.0,arithmetic,0.09189833649177055,1.4969747077333937,0.6985576987239942,0.04538202575845122,0.023603463944007374,0.0022012700723625235,0.006787640113232518,0.006787640113232518,0.25,0.01,0.25,j2_a_then_b,geometric
asymmetric_j2_good,40,2.0,geometric,0.09189833649177055,1.49733284876141,0.6987957285423765,0.045725566134805204,0.023806109186479817,0.0022028112136472217,0.007145781141248753,0.007145781141248753,0.25,0.01,0.25,j2_a_then_b,geometric
asymmetric_j2_good,40,2.0,weighted_geometric,0.09189833649177055,1.491524958885263,0.6969104861582446,0.03086963110154619,0.01875371567937681,0.0027318326014801,0.0013378912651018648,0.0013378912651018648,0.25,0.01,0.25,j2_a_then_b,geometric
asymmetric_j2_good,40,2.0,hard_core,0.09189833649177055,1.4956333990553745,0.6973610810033182,0.045901881479511575,3.636812492190068e-14,0.004176262507274334,0.005446331435213336,0.005446331435213336,0.25,0.01,0.25,j2_a_then_b,geometric
asymmetric_j2_good,40,2.0,adaptive_soft,0.09189833649177055,1.491506811189307,0.6969020027049138,0.03083252326718685,0.018599555905293247,0.0027348105490046528,0.0013197435691458814,0.0013197435691458814,0.25,0.01,0.25,j2_a_then_b,geometric
asymmetric_j2_good,40,2.0,selective_core,0.09189833649177055,1.491524958885263,0.6969104861582446,0.03086963110154619,0.01875371567937681,0.0027318326014801,0.0013378912651018648,0.0013378912651018648,0.25,0.01,0.25,j2_a_then_b,geometric
asymmetric_j2_good,41,2.0,j1,0.08498571378447323,1.445757120730663,0.6833985560925057,0.0795907158732591,0.03146926370116009,0.003956151790567739,0.037071117985008284,0.037071117985008284,0.0,0.1,0.0,j2_a_then_b,j2_a_then_b
asymmetric_j2_good,41,2.0,j2,0.08498571378447323,1.4086860027456547,0.6716354991465378,0.028030129329514337,0.01549024664994429,0.003956151790567739,0.0,0.0,0.0,0.1,0.0,j2_a_then_b,j2_a_then_b
asymmetric_j2_good,41,2.0,selected_order,0.08498571378447323,1.4086860027456547,0.6716354991465378,0.028030129329514337,0.01549024664994429,0.003956151790567739,0.0,0.0,0.0,0.1,0.0,j2_a_then_b,j2_a_then_b
asymmetric_j2_good,41,2.0,independent,0.08498571378447323,1.6715669543449947,0.7293118504454428,0.2727277392911724,4.027610493381739e-17,0.07016298893679716,0.26288095159934,0.26288095159934,0.0,0.1,0.0,j2_a_then_b,j2_a_then_b
asymmetric_j2_good,41,2.0,arithmetic,0.08498571378447323,1.419161971891689,0.6748805133034393,0.04268284252273359,0.023479755175552168,0.0020034758539409074,0.010475969146034325,0.010475969146034325,0.0,0.1,0.0,j2_a_then_b,j2_a_then_b
asymmetric_j2_good,41,2.0,geometric,0.08498571378447323,1.419182500202264,0.6747873909749816,0.04277086471843021,0.0237213695103709,0.002005152233321872,0.0104964974566093,0.0104964974566093,0.0,0.1,0.0,j2_a_then_b,j2_a_then_b
asymmetric_j2_good,41,2.0,weighted_geometric,0.08498571378447323,1.4086860027456547,0.6716354991465378,0.028030129329514337,0.015490246649944294,0.003956151790567739,0.0,0.0,0.0,0.1,0.0,j2_a_then_b,j2_a_then_b
asymmetric_j2_good,41,2.0,hard_core,0.08498571378447323,1.4226479925477984,0.6748347652621003,0.04475020267646212,2.638177870606384e-14,0.004159214248367767,0.013961989802143693,0.013961989802143693,0.0,0.1,0.0,j2_a_then_b,j2_a_then_b
asymmetric_j2_good,41,2.0,adaptive_soft,0.08498571378447323,1.4088629722829862,0.6717431510594222,0.02721508854699919,0.014833274309355464,0.0038852363244756306,0.0001769695373314839,0.0001769695373314839,0.0,0.1,0.0,j2_a_then_b,j2_a_then_b
asymmetric_j2_good,41,2.0,selective_core,0.08498571378447323,1.4086860027456547,0.6716354991465378,0.028030129329514337,0.01549024664994429,0.003956151790567739,0.0,0.0,0.0,0.1,0.0,j2_a_then_b,j2_a_then_b
asymmetric_j2_good,42,2.0,j1,0.08937636161013013,1.4456662608355841,0.684964737375122,0.08420233271726033,0.034173503160793386,0.004203870022943067,0.02862474172796503,0.02862474172796503,0.25,0.3,0.25,j2_a_then_b,soft
asymmetric_j2_good,42,2.0,j2,0.08937636161013013,1.417041519107619,0.6761990054132297,0.028162362687961896,0.01399765945312818,0.004203870022943067,0.0,0.0,0.25,0.3,0.25,j2_a_then_b,soft
asymmetric_j2_good,42,2.0,selected_order,0.08937636161013013,1.417041519107619,0.6761990054132297,0.028162362687961896,0.01399765945312818,0.004203870022943067,0.0,0.0,0.25,0.3,0.25,j2_a_then_b,soft
asymmetric_j2_good,42,2.0,independent,0.08937636161013013,1.6408949798523496,0.7187663444501502,0.22592875703589915,4.043568932921189e-17,0.05576775666209172,0.22385346074473045,0.22385346074473045,0.25,0.3,0.25,j2_a_then_b,soft
asymmetric_j2_good,42,2.0,arithmetic,0.08937636161013013,1.4233528804302145,0.6776667291071301,0.044749540030012185,0.02408558130696076,0.002128227380043487,0.006311361322595355,0.006311361322595355,0.25,0.3,0.25,j2_a_then_b,soft
asymmetric_j2_good,42,2.0,geometric,0.08937636161013013,1.4228088531986676,0.6776169821460101,0.04510038778025343,0.02430732865742362,0.0021297738144365136,0.005767334091048459,0.005767334091048459,0.25,0.3,0.25,j2_a_then_b,soft
asymmetric_j2_good,42,2.0,weighted_geometric,0.08937636161013013,1.4177647557274866,0.6761537590865553,0.030406691610649933,0.019181165175534975,0.002640789066890184,0.0007232366198675066,0.0007232366198675066,0.25,0.3,0.25,j2_a_then_b,soft
asymmetric_j2_good,42,2.0,hard_core,0.08937636161013013,1.4252559328055385,0.6782538602042326,0.044365618087767324,4.65408469006506e-14,0.004229833778997008,0.00821441369791942,0.00821441369791942,0.25,0.3,0.25,j2_a_then_b,soft
asymmetric_j2_good,42,2.0,adaptive_soft,0.08937636161013013,1.4178736235304354,0.6763091533563066,0.029938560825783042,0.015722898665961004,0.002748520294781986,0.0008321044228163377,0.0008321044228163377,0.25,0.3,0.25,j2_a_then_b,soft
asymmetric_j2_good,42,2.0,selective_core,0.08937636161013013,1.4178736235304354,0.6763091533563066,0.029938560825783042,0.015722898665961004,0.002748520294781986,0.0008321044228163377,0.0008321044228163377,0.25,0.3,0.25,j2_a_then_b,soft
asymmetric_j2_good,43,2.0,j1,0.09014848283571668,1.4556648251276183,0.6742744075557986,0.08540913374293337,0.03365717048027001,0.0042515550448422096,0.04085321601236247,0.04085321601236247,0.0,0.1,0.0,j2_a_then_b,j2_a_then_b
asymmetric_j2_good,43,2.0,j2,0.09014848283571668,1.4148116091152558,0.6619598365165079,0.027341546013056106,0.013736759502787334,0.0042515550448422096,0.0,0.0,0.0,0.1,0.0,j2_a_then_b,j2_a_then_b
asymmetric_j2_good,43,2.0,selected_order,0.09014848283571668,1.4148116091152558,0.6619598365165079,0.027341546013056106,0.013736759502787334,0.0042515550448422096,0.0,0.0,0.0,0.1,0.0,j2_a_then_b,j2_a_then_b
asymmetric_j2_good,43,2.0,independent,0.09014848283571668,1.6136388002647464,0.7028080387701273,0.21193334368498568,4.157672783597463e-17,0.05741619661867033,0.19882719114949055,0.19882719114949055,0.0,0.1,0.0,j2_a_then_b,j2_a_then_b
asymmetric_j2_good,43,2.0,arithmetic,0.09014848283571668,1.425256823041454,0.6651812856383331,0.045388174478887613,0.023696964991528645,0.0021522514769942627,0.010445213926198127,0.010445213926198127,0.0,0.1,0.0,j2_a_then_b,j2_a_then_b
asymmetric_j2_good,43,2.0,geometric,0.09014848283571668,1.4265963755929323,0.6655431625678527,0.045718764505542506,0.023907666488838724,0.002153836517215971,0.011784766477676456,0.011784766477676456,0.0,0.1,0.0,j2_a_then_b,j2_a_then_b
asymmetric_j2_good,43,2.0,weighted_geometric,0.09014848283571668,1.4148116091152558,0.6619598365165079,0.027341546013056103,0.013736759502787339,0.004251555044842209,0.0,0.0,0.0,0.1,0.0,j2_a_then_b,j2_a_then_b
asymmetric_j2_good,43,2.0,hard_core,0.09014848283571668,1.4200948193975824,0.6625219404159282,0.04355615629702743,4.86577886412512e-14,0.004222169016172709,0.005283210282326589,0.005283210282326589,0.0,0.1,0.0,j2_a_then_b,j2_a_then_b
asymmetric_j2_good,43,2.0,adaptive_soft,0.09014848283571668,1.414768236811879,0.6618899062845259,0.026701226258582605,0.013053845690548894,0.0041923046526982565,-4.337230337680964e-05,-4.337230337680964e-05,0.0,0.1,0.0,j2_a_then_b,j2_a_then_b
asymmetric_j2_good,43,2.0,selective_core,0.09014848283571668,1.4148116091152558,0.6619598365165079,0.027341546013056106,0.013736759502787334,0.0042515550448422096,0.0,0.0,0.0,0.1,0.0,j2_a_then_b,j2_a_then_b
asymmetric_j2_good,44,2.0,j1,0.09455030404213,1.5473622369224591,0.7125432349548694,0.08985671945062534,0.03498883070289444,0.004541486952096701,0.04683940718602764,0.04683940718602764,0.0,0.3,0.0,j2_a_then_b,j2_a_then_b
asymmetric_j2_good,44,2.0,j2,0.09455030404213,1.5005228297364315,0.698425254299561,0.029922305881773373,0.014645728103383987,0.004541486952096701,0.0,0.0,0.0,0.3,0.0,j2_a_then_b,j2_a_then_b
asymmetric_j2_good,44,2.0,selected_order,0.09455030404213,1.5005228297364315,0.698425254299561,0.029922305881773373,0.014645728103383987,0.004541486952096701,0.0,0.0,0.0,0.3,0.0,j2_a_then_b,j2_a_then_b
asymmetric_j2_good,44,2.0,independent,0.09455030404213,1.6994329770952805,0.740511781351259,0.22703224748465856,4.227047111318195e-17,0.058797340405848345,0.19891014735884904,0.19891014735884904,0.0,0.3,0.0,j2_a_then_b,j2_a_then_b
asymmetric_j2_good,44,2.0,arithmetic,0.09455030404213,1.5138406355522285,0.7024175361948098,0.0478084923228214,0.024817279403139193,0.0022983521306848102,0.013317805815797001,0.013317805815797001,0.0,0.3,0.0,j2_a_then_b,j2_a_then_b
asymmetric_j2_good,44,2.0,geometric,0.09455030404213,1.5147083263100847,0.7026589681952378,0.04840228279202202,0.025132854679980297,0.002299880121071723,0.0141854965736532,0.0141854965736532,0.0,0.3,0.0,j2_a_then_b,j2_a_then_b
asymmetric_j2_good,44,2.0,weighted_geometric,0.09455030404213,1.5005228297364315,0.6984252542995609,0.029922305881773373,0.014645728103383993,0.0045414869520967,0.0,0.0,0.0,0.3,0.0,j2_a_then_b,j2_a_then_b
asymmetric_j2_good,44,2.0,hard_core,0.09455030404213,1.5074048562655058,0.6995886334550182,0.0473997533684675,6.25847135481963e-14,0.0044891874078843135,0.0068820265290743254,0.0068820265290743254,0.0,0.3,0.0,j2_a_then_b,j2_a_then_b
asymmetric_j2_good,44,2.0,adaptive_soft,0.09455030404213,1.5001099284499955,0.6983033376568111,0.028907493532318352,0.01274672385238431,0.0044069559210241655,-0.0004129012864360071,-0.0004129012864360071,0.0,0.3,0.0,j2_a_then_b,j2_a_then_b
asymmetric_j2_good,44,2.0,selective_core,0.09455030404213,1.5005228297364315,0.698425254299561,0.029922305881773373,0.014645728103383987,0.004541486952096701,0.0,0.0,0.0,0.3,0.0,j2_a_then_b,j2_a_then_b
asymmetric_j2_good,45,2.0,j1,0.09594396584193868,1.559724543677777,0.7224170721452108,0.08910533713754677,0.03537740182323743,0.004581813130847771,0.03325291152799004,0.03325291152799004,0.25,1.0,0.25,j2_a_then_b,soft
asymmetric_j2_good,45,2.0,j2,0.09594396584193868,1.5264716321497869,0.7074163303614952,0.02960437396682551,0.015290114011342023,0.004581813130847771,0.0,0.0,0.25,1.0,0.25,j2_a_then_b,soft
asymmetric_j2_good,45,2.0,selected_order,0.09594396584193868,1.5264716321497869,0.7074163303614952,0.02960437396682551,0.015290114011342023,0.004581813130847771,0.0,0.0,0.25,1.0,0.25,j2_a_then_b,soft
asymmetric_j2_good,45,2.0,independent,0.09594396584193868,1.6983691515303923,0.7420625820091659,0.25324543431020086,4.330487791276427e-17,0.05960911092695402,0.17189751938060538,0.17189751938060538,0.25,1.0,0.25,j2_a_then_b,soft
asymmetric_j2_good,45,2.0,arithmetic,0.09594396584193868,1.5338822903083051,0.7118240687389541,0.04654868833196933,0.0253337579172897,0.0023194254834523437,0.0074106581585182685,0.0074106581585182685,0.25,1.0,0.25,j2_a_then_b,soft
asymmetric_j2_good,45,2.0,geometric,0.09594396584193868,1.5337787566183005,0.7117535098458636,0.0468369669875412,0.025614270033196836,0.002321099028165853,0.0073071244685136705,0.0073071244685136705,0.25,1.0,0.25,j2_a_then_b,soft
asymmetric_j2_good,45,2.0,weighted_geometric,0.09594396584193868,1.5277693319990928,0.7087678543969977,0.031427700602591604,0.020484676968635752,0.002878367328382493,0.0012976998493059444,0.0012976998493059444,0.25,1.0,0.25,j2_a_then_b,soft
asymmetric_j2_good,45,2.0,hard_core,0.09594396584193868,1.5311073058846636,0.7083766107672874,0.04721454789810644,3.850031437321183e-14,0.004431257187460334,0.004635673734876722,0.004635673734876722,0.25,1.0,0.25,j2_a_then_b,soft
asymmetric_j2_good,45,2.0,adaptive_soft,0.09594396584193868,1.527011324915101,0.7079709791055471,0.03231184841859811,0.012303043476250039,0.0032166798267897955,0.0005396927653140704,0.0005396927653140704,0.25,1.0,0.25,j2_a_then_b,soft
asymmetric_j2_good,45,2.0,selective_core,0.09594396584193868,1.527011324915101,0.7079709791055471,0.03231184841859811,0.012303043476250039,0.0032166798267897955,0.0005396927653140704,0.0005396927653140704,0.25,1.0,0.25,j2_a_then_b,soft
asymmetric_j2_good,46,2.0,j1,0.0920427863280862,1.5127834855930695,0.695347717024164,0.08785205669481652,0.03369341313463879,0.004363007213061286,0.01230862290471535,0.01230862290471535,0.0,0.1,0.0,j2_a_then_b,j2_a_then_b
asymmetric_j2_good,46,2.0,j2,0.0920427863280862,1.5004748626883542,0.6918523808991508,0.028123843306363836,0.013810706965358587,0.004363007213061286,0.0,0.0,0.0,0.1,0.0,j2_a_then_b,j2_a_then_b
asymmetric_j2_good,46,2.0,selected_order,0.0920427863280862,1.5004748626883542,0.6918523808991508,0.028123843306363836,0.013810706965358587,0.004363007213061286,0.0,0.0,0.0,0.1,0.0,j2_a_then_b,j2_a_then_b
asymmetric_j2_good,46,2.0,independent,0.0920427863280862,1.6439093401062874,0.7196812219411445,0.1792318968036346,4.3449259760821453e-17,0.04350070402475046,0.14343447741793325,0.14343447741793325,0.0,0.1,0.0,j2_a_then_b,j2_a_then_b
asymmetric_j2_good,46,2.0,arithmetic,0.0920427863280862,1.4969357230599731,0.6906099330999856,0.04653821701255299,0.023752060049998667,0.0022074495599892253,-0.0035391396283810383,-0.0035391396283810383,0.0,0.1,0.0,j2_a_then_b,j2_a_then_b
asymmetric_j2_good,46,2.0,geometric,0.0920427863280862,1.497760191840673,0.6908375944056317,0.04710617149450532,0.023996395306445532,0.002208891261489893,-0.0027146708476810666,-0.0027146708476810666,0.0,0.1,0.0,j2_a_then_b,j2_a_then_b
asymmetric_j2_good,46,2.0,weighted_geometric,0.0920427863280862,1.5004748626883542,0.6918523808991507,0.02812384330636384,0.013810706965358594,0.004363007213061285,0.0,0.0,0.0,0.1,0.0,j2_a_then_b,j2_a_then_b
asymmetric_j2_good,46,2.0,hard_core,0.0920427863280862,1.5008229550846852,0.6915885646359026,0.04560023373184301,3.825277406979818e-14,0.004083703129726937,0.0003480923963310456,0.0003480923963310456,0.0,0.1,0.0,j2_a_then_b,j2_a_then_b
asymmetric_j2_good,46,2.0,adaptive_soft,0.0920427863280862,1.5001684318415183,0.6917717692588415,0.02754226975213985,0.013036568798832774,0.004302523243488367,-0.0003064308468359034,-0.0003064308468359034,0.0,0.1,0.0,j2_a_then_b,j2_a_then_b
asymmetric_j2_good,46,2.0,selective_core,0.0920427863280862,1.5004748626883542,0.6918523808991508,0.028123843306363836,0.013810706965358587,0.004363007213061286,0.0,0.0,0.0,0.1,0.0,j2_a_then_b,j2_a_then_b
asymmetric_j2_good,47,2.0,j1,0.09955217039696393,1.6087092803954328,0.7317527227757055,0.09460343946209983,0.03600216062749607,0.004767357571865406,0.0344210718542759,0.0344210718542759,0.25,0.3,0.25,j2_a_then_b,soft
asymmetric_j2_good,47,2.0,j2,0.09955217039696393,1.574288208541157,0.7199276796218037,0.02957023357462977,0.015266543270021433,0.004767357571865406,0.0,0.0,0.25,0.3,0.25,j2_a_then_b,soft
asymmetric_j2_good,47,2.0,selected_order,0.09955217039696393,1.574288208541157,0.7199276796218037,0.02957023357462977,0.015266543270021433,0.004767357571865406,0.0,0.0,0.25,0.3,0.25,j2_a_then_b,soft
asymmetric_j2_good,47,2.0,independent,0.09955217039696393,1.7732000648792814,0.760809626548808,0.23805570596319012,4.2379582509315466e-17,0.06148698894370511,0.19891185633812447,0.19891185633812447,0.25,0.3,0.25,j2_a_then_b,soft
asymmetric_j2_good,47,2.0,arithmetic,0.09955217039696393,1.5817133629846254,0.7226376346028537,0.05000604036980256,0.025634351948758727,0.0024136304729667052,0.0074251544434684735,0.0074251544434684735,0.25,0.3,0.25,j2_a_then_b,soft
asymmetric_j2_good,47,2.0,geometric,0.09955217039696393,1.5817990982573897,0.7227325098858224,0.05071854103287288,0.02603404148576759,0.0024154594597945315,0.007510889716232816,0.007510889716232816,0.25,0.3,0.25,j2_a_then_b,soft
asymmetric_j2_good,47,2.0,weighted_geometric,0.09955217039696393,1.5755769500310073,0.7205181244858895,0.033483280906737564,0.02068904545751075,0.0029897335471256526,0.0012887414898503646,0.0012887414898503646,0.25,0.3,0.25,j2_a_then_b,soft
asymmetric_j2_good,47,2.0,hard_core,0.09955217039696393,1.5833834124439914,0.7227645091580005,0.04935518686712615,2.977863130426631e-14,0.004474582441312782,0.00909520390283447,0.00909520390283447,0.25,0.3,0.25,j2_a_then_b,soft
asymmetric_j2_good,47,2.0,adaptive_soft,0.09955217039696393,1.5760825546005794,0.7207502938577882,0.03324551186145129,0.0167697312013247,0.0030995597363951484,0.0017943460594225247,0.0017943460594225247,0.25,0.3,0.25,j2_a_then_b,soft
asymmetric_j2_good,47,2.0,selective_core,0.09955217039696393,1.5760825546005794,0.7207502938577882,0.03324551186145129,0.0167697312013247,0.0030995597363951484,0.0017943460594225247,0.0017943460594225247,0.25,0.3,0.25,j2_a_then_b,soft
asymmetric_j2_good,48,2.0,j1,0.09822214522614597,1.5728651444715311,0.7221588224756331,0.09441856778757828,0.035793692277136045,0.004722890467450593,0.03718934899464221,0.03718934899464221,0.0,0.01,0.0,j2_a_then_b,j2_a_then_b
asymmetric_j2_good,48,2.0,j2,0.09822214522614597,1.535675795476889,0.7128601688337717,0.029640913217590187,0.014097900146405294,0.004722890467450593,0.0,0.0,0.0,0.01,0.0,j2_a_then_b,j2_a_then_b
asymmetric_j2_good,48,2.0,selected_order,0.09822214522614597,1.535675795476889,0.7128601688337717,0.029640913217590187,0.014097900146405294,0.004722890467450593,0.0,0.0,0.0,0.01,0.0,j2_a_then_b,j2_a_then_b
asymmetric_j2_good,48,2.0,independent,0.09822214522614597,1.6717797081368002,0.7409938971841726,0.19119719996481996,4.3639544044826016e-17,0.041037678963417125,0.13610391265991129,0.13610391265991129,0.0,0.01,0.0,j2_a_then_b,j2_a_then_b
asymmetric_j2_good,48,2.0,arithmetic,0.09822214522614597,1.5441127249486264,0.7143573477729054,0.04985092525542364,0.024945796211770642,0.002390531968379922,0.008436929471737464,0.008436929471737464,0.0,0.01,0.0,j2_a_then_b,j2_a_then_b
asymmetric_j2_good,48,2.0,geometric,0.09822214522614597,1.544664212828871,0.7144424242216526,0.050248777793405905,0.02513057838790258,0.002392173761231372,0.008988417351982081,0.008988417351982081,0.0,0.01,0.0,j2_a_then_b,j2_a_then_b
asymmetric_j2_good,48,2.0,weighted_geometric,0.09822214522614597,1.535675795476889,0.7128601688337718,0.02964091321759019,0.014097900146405298,0.004722890467450592,0.0,0.0,0.0,0.01,0.0,j2_a_then_b,j2_a_then_b
asymmetric_j2_good,48,2.0,hard_core,0.09822214522614597,1.537153411688916,0.713671498563559,0.047200463537558336,1.826497924401581e-14,0.004273216409780675,0.001477616212027133,0.001477616212027133,0.0,0.01,0.0,j2_a_then_b,j2_a_then_b
asymmetric_j2_good,48,2.0,adaptive_soft,0.09822214522614597,1.5356441968015149,0.7128457528178083,0.02956235775918041,0.014014849757114511,0.0047154405025214615,-3.159867537405603e-05,-3.159867537405603e-05,0.0,0.01,0.0,j2_a_then_b,j2_a_then_b
asymmetric_j2_good,48,2.0,selective_core,0.09822214522614597,1.535675795476889,0.7128601688337717,0.029640913217590187,0.014097900146405294,0.004722890467450593,0.0,0.0,0.0,0.01,0.0,j2_a_then_b,j2_a_then_b
asymmetric_j2_good,49,2.0,j1,0.09595140601308509,1.5055212405735838,0.6908508153079101,0.09063315825902504,0.03539595812200932,0.004593617556090905,0.009979712551284159,0.009979712551284159,0.0,0.3,0.0,j2_a_then_b,j2_a_then_b
asymmetric_j2_good,49,2.0,j2,0.09595140601308509,1.4955415280222997,0.6852585767030199,0.02997937126979248,0.015427825204917507,0.004593617556090905,0.0,0.0,0.0,0.3,0.0,j2_a_then_b,j2_a_then_b
asymmetric_j2_good,49,2.0,selected_order,0.09595140601308509,1.4955415280222997,0.6852585767030199,0.02997937126979248,0.015427825204917507,0.004593617556090905,0.0,0.0,0.0,0.3,0.0,j2_a_then_b,j2_a_then_b
asymmetric_j2_good,49,2.0,independent,0.09595140601308509,1.7390864553143983,0.7357349391955617,0.25027812512780206,4.293508367001867e-17,0.06619650434658136,0.24354492729209865,0.24354492729209865,0.0,0.3,0.0,j2_a_then_b,j2_a_then_b
asymmetric_j2_good,49,2.0,arithmetic,0.09595140601308509,1.4915089153061736,0.6850547837765516,0.04798516597779357,0.025411891663463387,0.0023247824626305195,-0.004032612716126094,-0.004032612716126094,0.0,0.3,0.0,j2_a_then_b,j2_a_then_b
asymmetric_j2_good,49,2.0,geometric,0.09595140601308509,1.4911957684771069,0.684854084393335,0.048404314984636175,0.02572081610714069,0.0023263977697217304,-0.004345759545192784,-0.004345759545192784,0.0,0.3,0.0,j2_a_then_b,j2_a_then_b
asymmetric_j2_good,49,2.0,weighted_geometric,0.09595140601308509,1.4955415280222997,0.68525857670302,0.029979371269792478,0.01542782520491751,0.004593617556090905,0.0,0.0,0.0,0.3,0.0,j2_a_then_b,j2_a_then_b
asymmetric_j2_good,49,2.0,hard_core,0.09595140601308509,1.4993852767907003,0.6861372633202141,0.047855683914291194,2.3206648001928825e-14,0.004564848542388131,0.0038437487684006566,0.0038437487684006566,0.0,0.3,0.0,j2_a_then_b,j2_a_then_b
asymmetric_j2_good,49,2.0,adaptive_soft,0.09595140601308509,1.4946141985669088,0.6850723214452829,0.02876327863381162,0.013544757735448373,0.004449669506514833,-0.0009273294553908684,-0.0009273294553908684,0.0,0.3,0.0,j2_a_then_b,j2_a_then_b
asymmetric_j2_good,49,2.0,selective_core,0.09595140601308509,1.4955415280222997,0.6852585767030199,0.02997937126979248,0.015427825204917507,0.004593617556090905,0.0,0.0,0.0,0.3,0.0,j2_a_then_b,j2_a_then_b
overconfident_marginals,0,2.0,j1,0.13437635366869308,1.5351205082334778,0.6850931169166427,0.1307981549418618,0.04932789916425047,0.012102591483449844,0.0,0.0,0.5,0.01,0.5,j1_b_then_a,arithmetic
overconfident_marginals,0,2.0,j2,0.13437635366869308,1.543418556383556,0.6885007815103285,0.12893150841220752,0.05034585785059889,0.012102591483449844,0.008298048150078285,0.008298048150078285,0.5,0.01,0.5,j1_b_then_a,arithmetic
overconfident_marginals,0,2.0,selected_order,0.13437635366869308,1.5351205082334778,0.6850931169166427,0.1307981549418618,0.04932789916425047,0.012102591483449844,0.0,0.0,0.5,0.01,0.5,j1_b_then_a,arithmetic
overconfident_marginals,0,2.0,independent,0.13437635366869308,1.8593410601494489,0.72679865022377,0.2633666364218612,4.3350361252691225e-17,0.05314969923806453,0.3242205519159711,0.3242205519159711,0.5,0.01,0.5,j1_b_then_a,arithmetic
overconfident_marginals,0,2.0,arithmetic,0.13437635366869308,1.4987054286530679,0.6817246988144882,0.10466432436506654,0.04983687850742466,0.006323680399856789,-0.036415079580409904,-0.036415079580409904,0.5,0.01,0.5,j1_b_then_a,arithmetic
overconfident_marginals,0,2.0,geometric,0.13437635366869308,1.513837572530223,0.6855911599195363,0.11962544315253688,0.043229732003218356,0.006388040156616261,-0.02128293570325468,-0.02128293570325468,0.5,0.01,0.5,j1_b_then_a,arithmetic
overconfident_marginals,0,2.0,weighted_geometric,0.13437635366869308,1.513837572530223,0.6855911599195363,0.11962544315253688,0.043229732003218356,0.006388040156616261,-0.02128293570325468,-0.02128293570325468,0.5,0.01,0.5,j1_b_then_a,arithmetic
overconfident_marginals,0,2.0,hard_core,0.13437635366869308,1.6048664213537294,0.7026549998196526,0.18049508482433316,8.742478526820112e-14,0.014521860538529819,0.06974591312025158,0.06974591312025158,0.5,0.01,0.5,j1_b_then_a,arithmetic
overconfident_marginals,0,2.0,adaptive_soft,0.13437635366869308,1.5144903319476979,0.6857326657907566,0.1201781662457048,0.0428653508830985,0.006400192122225806,-0.0206301762857799,-0.0206301762857799,0.5,0.01,0.5,j1_b_then_a,arithmetic
overconfident_marginals,0,2.0,selective_core,0.13437635366869308,1.4987054286530679,0.6817246988144882,0.10466432436506654,0.04983687850742466,0.006323680399856789,-0.036415079580409904,-0.036415079580409904,0.5,0.01,0.5,j1_b_then_a,arithmetic
overconfident_marginals,1,2.0,j1,0.15652918403211213,1.5572169953882942,0.6967879080704632,0.12081076422924063,0.061564934965541745,0.015765334972492953,0.02712267842200755,0.02712267842200755,0.5,0.01,0.5,j2_a_then_b,arithmetic
overconfident_marginals,1,2.0,j2,0.15652918403211213,1.5300943169662866,0.6958857589702875,0.12940382725660277,0.056701672885335966,0.015765334972492953,0.0,0.0,0.5,0.01,0.5,j2_a_then_b,arithmetic
overconfident_marginals,1,2.0,selected_order,0.15652918403211213,1.5300943169662866,0.6958857589702875,0.12940382725660277,0.056701672885335966,0.015765334972492953,0.0,0.0,0.5,0.01,0.5,j2_a_then_b,arithmetic
overconfident_marginals,1,2.0,independent,0.15652918403211213,1.7267993951175404,0.7398808445088955,0.2271682929768333,4.665933310116674e-17,0.031975309874507994,0.19670507815125382,0.19670507815125382,0.5,0.01,0.5,j2_a_then_b,arithmetic
overconfident_marginals,1,2.0,arithmetic,0.15652918403211213,1.4924048483217829,0.689859395435831,0.09481641911929423,0.05913330392543882,0.00831229386036218,-0.03768946864450373,-0.03768946864450373,0.5,0.01,0.5,j2_a_then_b,arithmetic
overconfident_marginals,1,2.0,geometric,0.15652918403211213,1.510075202894174,0.6940671849469995,0.11464796555122826,0.04940805582274733,0.008439848410397641,-0.020019114072112654,-0.020019114072112654,0.5,0.01,0.5,j2_a_then_b,arithmetic
overconfident_marginals,1,2.0,weighted_geometric,0.15652918403211213,1.510075202894174,0.6940671849469995,0.11464796555122826,0.04940805582274733,0.008439848410397641,-0.020019114072112654,-0.020019114072112654,0.5,0.01,0.5,j2_a_then_b,arithmetic
overconfident_marginals,1,2.0,hard_core,0.15652918403211213,1.6237406343527923,0.7236789559698079,0.19110510161622488,3.895764305006997e-14,0.017303119410463877,0.09364631738650564,0.09364631738650564,0.5,0.01,0.5,j2_a_then_b,arithmetic
overconfident_marginals,1,2.0,adaptive_soft,0.15652918403211213,1.510864716818323,0.6942647578128579,0.11541016864362888,0.04890800079561397,0.008461016766831397,-0.01922960014796371,-0.01922960014796371,0.5,0.01,0.5,j2_a_then_b,arithmetic
overconfident_marginals,1,2.0,selective_core,0.15652918403211213,1.4924048483217829,0.689859395435831,0.09481641911929423,0.05913330392543882,0.00831229386036218,-0.03768946864450373,-0.03768946864450373,0.5,0.01,0.5,j2_a_then_b,arithmetic
overconfident_marginals,2,2.0,j1,0.1453652793879311,1.607393115671229,0.7341156513797168,0.12941594455523225,0.05228071509081039,0.012736886150740692,0.003777817291649832,0.0,0.5,0.01,0.5,j1_b_then_a,arithmetic
overconfident_marginals,2,2.0,j2,0.1453652793879311,1.603615298379579,0.73165579594209,0.12806023231561295,0.05505330561115036,0.012736886150740692,0.0,-0.003777817291649832,0.5,0.01,0.5,j1_b_then_a,arithmetic
overconfident_marginals,2,2.0,selected_order,0.1453652793879311,1.607393115671229,0.7341156513797168,0.12941594455523225,0.05228071509081039,0.012736886150740692,0.003777817291649832,0.0,0.5,0.01,0.5,j1_b_then_a,arithmetic
overconfident_marginals,2,2.0,independent,0.1453652793879311,1.8831495887923424,0.7828603099042183,0.25196786553269424,4.573515350811598e-17,0.04645800579799622,0.27953429041276334,0.2757564731211135,0.5,0.01,0.5,j1_b_then_a,arithmetic
overconfident_marginals,2,2.0,arithmetic,0.1453652793879311,1.5638857110089806,0.7274528138098936,0.10087846685479172,0.05366701035098035,0.006639192861946558,-0.03972958737059851,-0.04350740466224834,0.5,0.01,0.5,j1_b_then_a,arithmetic
overconfident_marginals,2,2.0,geometric,0.1453652793879311,1.5787632804943845,0.7315215447650187,0.11563924811480948,0.04666036486948293,0.0067006648624020095,-0.024852017885194533,-0.028629835176844365,0.5,0.01,0.5,j1_b_then_a,arithmetic
overconfident_marginals,2,2.0,weighted_geometric,0.1453652793879311,1.5787632804943845,0.7315215447650187,0.11563924811480948,0.04666036486948293,0.0067006648624020095,-0.024852017885194533,-0.028629835176844365,0.5,0.01,0.5,j1_b_then_a,arithmetic
overconfident_marginals,2,2.0,hard_core,0.1453652793879311,1.6762572253847565,0.7586957237218401,0.1813396887429096,2.6627739243059227e-14,0.014589966722410178,0.07264192700517746,0.06886410971352763,0.5,0.01,0.5,j1_b_then_a,arithmetic
overconfident_marginals,2,2.0,adaptive_soft,0.1453652793879311,1.579438962030299,0.7317303000916636,0.1162589550236395,0.04622836171438607,0.006713503204970367,-0.02417633634927996,-0.02795415364092979,0.5,0.01,0.5,j1_b_then_a,arithmetic
overconfident_marginals,2,2.0,selective_core,0.1453652793879311,1.5638857110089806,0.7274528138098936,0.10087846685479172,0.05366701035098035,0.006639192861946558,-0.03972958737059851,-0.04350740466224834,0.5,0.01,0.5,j1_b_then_a,arithmetic
overconfident_marginals,3,2.0,j1,0.1520189889213408,1.4889309696822102,0.6744583591810617,0.1252861877289411,0.05787908670136522,0.015589956380600851,0.0,0.0,0.5,0.01,0.5,j1_b_then_a,arithmetic
overconfident_marginals,3,2.0,j2,0.1520189889213408,1.4896703965937663,0.676270005457619,0.12873378152496126,0.05474340760156709,0.015589956380600851,0.0007394269115561514,0.0007394269115561514,0.5,0.01,0.5,j1_b_then_a,arithmetic
overconfident_marginals,3,2.0,selected_order,0.1520189889213408,1.4889309696822102,0.6744583591810617,0.1252861877289411,0.05787908670136522,0.015589956380600851,0.0,0.0,0.5,0.01,0.5,j1_b_then_a,arithmetic
overconfident_marginals,3,2.0,independent,0.1520189889213408,1.6350436593638946,0.7031333024151627,0.21709713876953904,4.732949584139034e-17,0.029089143369505393,0.14611268968168445,0.14611268968168445,0.5,0.01,0.5,j1_b_then_a,arithmetic
overconfident_marginals,3,2.0,arithmetic,0.1520189889213408,1.4444986224385448,0.6696596583310147,0.097857349191838,0.05631124715146612,0.008227606420219297,-0.044432347243665404,-0.044432347243665404,0.5,0.01,0.5,j1_b_then_a,arithmetic
overconfident_marginals,3,2.0,geometric,0.1520189889213408,1.4561015360428355,0.6739078609493893,0.11809349083872597,0.046304949107924875,0.008353260751933541,-0.03282943363937463,-0.03282943363937463,0.5,0.01,0.5,j1_b_then_a,arithmetic
overconfident_marginals,3,2.0,weighted_geometric,0.1520189889213408,1.4561015360428355,0.6739078609493893,0.11809349083872597,0.046304949107924875,0.008353260751933541,-0.03282943363937463,-0.03282943363937463,0.5,0.01,0.5,j1_b_then_a,arithmetic
overconfident_marginals,3,2.0,hard_core,0.1520189889213408,1.5422660172221658,0.6943638421438243,0.18797589765255007,2.9499567908165177e-14,0.016214353654631166,0.05333504753995566,0.05333504753995566,0.5,0.01,0.5,j1_b_then_a,arithmetic
overconfident_marginals,3,2.0,adaptive_soft,0.1520189889213408,1.4567121043625753,0.674078982020247,0.11884241002975614,0.04580535110542266,0.008373945517871462,-0.032218865319634915,-0.032218865319634915,0.5,0.01,0.5,j1_b_then_a,arithmetic
overconfident_marginals,3,2.0,selective_core,0.1520189889213408,1.4444986224385448,0.6696596583310147,0.097857349191838,0.05631124715146612,0.008227606420219297,-0.044432347243665404,-0.044432347243665404,0.5,0.01,0.5,j1_b_then_a,arithmetic
overconfident_marginals,4,2.0,j1,0.15553817654374286,1.559485594392886,0.706996209802842,0.11925691032071038,0.06280362164416053,0.01618344203911243,0.0022188951714858796,0.0,0.75,0.01,0.5,j1_b_then_a,arithmetic
overconfident_marginals,4,2.0,j2,0.15553817654374286,1.5572666992214002,0.7121532913618512,0.13138312348357073,0.056241493722573824,0.01618344203911243,0.0,-0.0022188951714858796,0.75,0.01,0.5,j1_b_then_a,arithmetic
overconfident_marginals,4,2.0,selected_order,0.15553817654374286,1.559485594392886,0.706996209802842,0.11925691032071038,0.06280362164416053,0.01618344203911243,0.0022188951714858796,0.0,0.75,0.01,0.5,j1_b_then_a,arithmetic
overconfident_marginals,4,2.0,independent,0.15553817654374286,1.7715227073884656,0.7521503056016937,0.24195583230388507,4.243947451494992e-17,0.038830702184849325,0.21425600816706547,0.2120371129955796,0.75,0.01,0.5,j1_b_then_a,arithmetic
overconfident_marginals,4,2.0,arithmetic,0.15553817654374286,1.495329221105829,0.7032425715736814,0.09589300048319048,0.059522557683367144,0.008550024755967498,-0.06193747811557104,-0.06415637328705692,0.75,0.01,0.5,j1_b_then_a,arithmetic
overconfident_marginals,4,2.0,geometric,0.15553817654374286,1.5238340588224242,0.7091434120503753,0.11670936364386705,0.04992159922773986,0.008686076433796604,-0.03343264039897598,-0.035651535570461856,0.75,0.01,0.5,j1_b_then_a,arithmetic
overconfident_marginals,4,2.0,weighted_geometric,0.15553817654374286,1.5238340588224242,0.7091434120503753,0.11670936364386705,0.04992159922773986,0.008686076433796604,-0.03343264039897598,-0.035651535570461856,0.75,0.01,0.5,j1_b_then_a,arithmetic
overconfident_marginals,4,2.0,hard_core,0.15553817654374286,1.653803510270743,0.7379452111614254,0.19448209568124572,7.199434680326086e-14,0.01884903247680095,0.09653681104934275,0.09431791587785687,0.75,0.01,0.5,j1_b_then_a,arithmetic
overconfident_marginals,4,2.0,adaptive_soft,0.15553817654374286,1.533802966076061,0.7078448018810544,0.11406437022945139,0.05352491936616943,0.010555041831447693,-0.023463733145339116,-0.025682628316824996,0.75,0.01,0.5,j1_b_then_a,arithmetic
overconfident_marginals,4,2.0,selective_core,0.15553817654374286,1.495329221105829,0.7032425715736814,0.09589300048319048,0.059522557683367144,0.008550024755967498,-0.06193747811557104,-0.06415637328705692,0.75,0.01,0.5,j1_b_then_a,arithmetic
overconfident_marginals,5,2.0,j1,0.15273639248089266,1.472266134242341,0.6832087696856725,0.12617313917274955,0.05814877070449131,0.014347649805592215,0.0,-0.009966271944126692,0.25,0.01,0.25,j2_a_then_b,arithmetic
overconfident_marginals,5,2.0,j2,0.15273639248089266,1.4822324061864678,0.686574426784956,0.12732578623274365,0.05695684424931777,0.014347649805592215,0.009966271944126692,0.0,0.25,0.01,0.25,j2_a_then_b,arithmetic
overconfident_marginals,5,2.0,selected_order,0.15273639248089266,1.4822324061864678,0.686574426784956,0.12732578623274365,0.05695684424931777,0.014347649805592215,0.009966271944126692,0.0,0.25,0.01,0.25,j2_a_then_b,arithmetic
overconfident_marginals,5,2.0,independent,0.15273639248089266,1.7062741152367402,0.7304314382578959,0.2452613827784196,4.390790313419174e-17,0.04135836955887746,0.23400798099439912,0.22404170905027243,0.25,0.01,0.25,j2_a_then_b,arithmetic
overconfident_marginals,5,2.0,arithmetic,0.15273639248089266,1.434173727203422,0.6786281085525734,0.09605915262968867,0.057552807476904506,0.0075124195926562914,-0.03809240703891903,-0.04805867898304572,0.25,0.01,0.25,j2_a_then_b,arithmetic
overconfident_marginals,5,2.0,geometric,0.15273639248089266,1.446922174904296,0.6816553738865608,0.11304757969108505,0.04963991720373206,0.007600016454122143,-0.02534395933804512,-0.03531023128217181,0.25,0.01,0.25,j2_a_then_b,arithmetic
overconfident_marginals,5,2.0,weighted_geometric,0.15273639248089266,1.4565121801058158,0.6832978032181309,0.1154891899366616,0.05116292212858634,0.009132115939722808,-0.01575395413652525,-0.025720226080651942,0.25,0.01,0.25,j2_a_then_b,arithmetic
overconfident_marginals,5,2.0,hard_core,0.15273639248089266,1.5315425435137773,0.7047460262253158,0.18730212017947712,8.082602372495459e-14,0.016272493592313884,0.05927640927143618,0.04931013732730949,0.25,0.01,0.25,j2_a_then_b,arithmetic
overconfident_marginals,5,2.0,adaptive_soft,0.15273639248089266,1.45679135226343,0.6834052333314464,0.11609478507222475,0.05064746086778966,0.009102914889406247,-0.015474781978911167,-0.02544105392303786,0.25,0.01,0.25,j2_a_then_b,arithmetic
overconfident_marginals,5,2.0,selective_core,0.15273639248089266,1.434173727203422,0.6786281085525734,0.09605915262968867,0.057552807476904506,0.0075124195926562914,-0.03809240703891903,-0.04805867898304572,0.25,0.01,0.25,j2_a_then_b,arithmetic
overconfident_marginals,6,2.0,j1,0.1522811596724552,1.5296735916077908,0.7070445250234221,0.11892064406895314,0.059559640902983386,0.014756251905832879,0.0,0.0,0.5,0.01,0.5,j1_b_then_a,arithmetic
overconfident_marginals,6,2.0,j2,0.1522811596724552,1.5438771456572449,0.7162323230660679,0.1277268008357319,0.05339948052429745,0.014756251905832879,0.014203554049454059,0.014203554049454059,0.5,0.01,0.5,j1_b_then_a,arithmetic
overconfident_marginals,6,2.0,selected_order,0.1522811596724552,1.5296735916077908,0.7070445250234221,0.11892064406895314,0.059559640902983386,0.014756251905832879,0.0,0.0,0.5,0.01,0.5,j1_b_then_a,arithmetic
overconfident_marginals,6,2.0,independent,0.1522811596724552,1.7236159804665918,0.751372644778021,0.2265868338783236,4.151891513740701e-17,0.03272850652763131,0.193942388858801,0.193942388858801,0.5,0.01,0.5,j1_b_then_a,arithmetic
overconfident_marginals,6,2.0,arithmetic,0.1522811596724552,1.4952255371226861,0.7055748152432433,0.09365813044419269,0.05647956071364039,0.007759289780704388,-0.034448054485104684,-0.034448054485104684,0.5,0.01,0.5,j1_b_then_a,arithmetic
overconfident_marginals,6,2.0,geometric,0.1522811596724552,1.505455790797785,0.7098442947727372,0.1119424646149552,0.04761127058202759,0.007870160411695897,-0.024217800810005796,-0.024217800810005796,0.5,0.01,0.5,j1_b_then_a,arithmetic
overconfident_marginals,6,2.0,weighted_geometric,0.1522811596724552,1.505455790797785,0.7098442947727372,0.1119424646149552,0.04761127058202759,0.007870160411695897,-0.024217800810005796,-0.024217800810005796,0.5,0.01,0.5,j1_b_then_a,arithmetic
overconfident_marginals,6,2.0,hard_core,0.1522811596724552,1.598145741647509,0.73516836086427,0.1832605960184621,5.0502430759001545e-14,0.015853252370545957,0.0684721500397183,0.0684721500397183,0.5,0.01,0.5,j1_b_then_a,arithmetic
overconfident_marginals,6,2.0,adaptive_soft,0.1522811596724552,1.5061039217836483,0.7100396079875589,0.11266940536066056,0.047129705031408675,0.007888799905159295,-0.023569669824142547,-0.023569669824142547,0.5,0.01,0.5,j1_b_then_a,arithmetic
overconfident_marginals,6,2.0,selective_core,0.1522811596724552,1.4952255371226861,0.7055748152432433,0.09365813044419269,0.05647956071364039,0.007759289780704388,-0.034448054485104684,-0.034448054485104684,0.5,0.01,0.5,j1_b_then_a,arithmetic
overconfident_marginals,7,2.0,j1,0.15180552294483987,1.5780197801586113,0.7051279883158236,0.12405347094241523,0.058087040131829665,0.014224155485330583,0.03023171614623732,0.0,0.5,0.01,0.5,j1_b_then_a,arithmetic
overconfident_marginals,7,2.0,j2,0.15180552294483987,1.547788064012374,0.699252365835401,0.13201979160968103,0.054245399320232035,0.014224155485330583,0.0,-0.03023171614623732,0.5,0.01,0.5,j1_b_then_a,arithmetic
overconfident_marginals,7,2.0,selected_order,0.15180552294483987,1.5780197801586113,0.7051279883158236,0.12405347094241523,0.058087040131829665,0.014224155485330583,0.03023171614623732,0.0,0.5,0.01,0.5,j1_b_then_a,arithmetic
overconfident_marginals,7,2.0,independent,0.15180552294483987,1.747302583496921,0.7357402354662288,0.24552388345425322,4.610838524548084e-17,0.04033594513996073,0.1995145194845469,0.16928280333830958,0.5,0.01,0.5,j1_b_then_a,arithmetic
overconfident_marginals,7,2.0,arithmetic,0.15180552294483987,1.5253845314405303,0.696251072583412,0.09867581930024566,0.05616621972603082,0.007444116581274626,-0.022403532571843687,-0.05263524871808101,0.5,0.01,0.5,j1_b_then_a,arithmetic
overconfident_marginals,7,2.0,geometric,0.15180552294483987,1.5328741192465962,0.6992682178498845,0.11572342925790341,0.047990036503230145,0.007526454703226412,-0.014913944765777787,-0.045145660912015106,0.5,0.01,0.5,j1_b_then_a,arithmetic
overconfident_marginals,7,2.0,weighted_geometric,0.15180552294483987,1.5328741192465962,0.6992682178498845,0.11572342925790341,0.047990036503230145,0.007526454703226412,-0.014913944765777787,-0.045145660912015106,0.5,0.01,0.5,j1_b_then_a,arithmetic
overconfident_marginals,7,2.0,hard_core,0.15180552294483987,1.6144007765418105,0.7183397881342339,0.18671395693121953,2.22301679537946e-14,0.015584602890703741,0.06661271252943646,0.03638099638319914,0.5,0.01,0.5,j1_b_then_a,arithmetic
overconfident_marginals,7,2.0,adaptive_soft,0.15180552294483987,1.533416181729321,0.6994058056864199,0.11641857211656312,0.047526960707103376,0.007542549643727914,-0.014371882283052972,-0.04460359842929029,0.5,0.01,0.5,j1_b_then_a,arithmetic
overconfident_marginals,7,2.0,selective_core,0.15180552294483987,1.5253845314405303,0.696251072583412,0.09867581930024566,0.05616621972603082,0.007444116581274626,-0.022403532571843687,-0.05263524871808101,0.5,0.01,0.5,j1_b_then_a,arithmetic
overconfident_marginals,8,2.0,j1,0.13624533032651948,1.5539288883490172,0.7193814119937343,0.12542608899303756,0.05222922620973648,0.011419976727183647,0.0,0.0,0.5,0.01,0.5,j1_b_then_a,arithmetic
overconfident_marginals,8,2.0,j2,0.13624533032651948,1.571180400683488,0.719816061440777,0.13068540629704112,0.05048838849282401,0.011419976727183647,0.017251512334470753,0.017251512334470753,0.5,0.01,0.5,j1_b_then_a,arithmetic
overconfident_marginals,8,2.0,selected_order,0.13624533032651948,1.5539288883490172,0.7193814119937343,0.12542608899303756,0.05222922620973648,0.011419976727183647,0.0,0.0,0.5,0.01,0.5,j1_b_then_a,arithmetic
overconfident_marginals,8,2.0,independent,0.13624533032651948,1.9127187882857755,0.7694157181224253,0.3038847908484836,4.2605425210803166e-17,0.06645174987722448,0.35878989993675825,0.35878989993675825,0.5,0.01,0.5,j1_b_then_a,arithmetic
overconfident_marginals,8,2.0,arithmetic,0.13624533032651948,1.5309074564408627,0.7143940116733697,0.10186679988839872,0.051358807351280227,0.005926900790603953,-0.023021431908154533,-0.023021431908154533,0.5,0.01,0.5,j1_b_then_a,arithmetic
overconfident_marginals,8,2.0,geometric,0.13624533032651948,1.5386702821609792,0.717019828847564,0.11434611680767559,0.04598977532231953,0.00596919619689781,-0.015258606188037982,-0.015258606188037982,0.5,0.01,0.5,j1_b_then_a,arithmetic
overconfident_marginals,8,2.0,weighted_geometric,0.13624533032651948,1.5386702821609792,0.717019828847564,0.11434611680767559,0.04598977532231953,0.00596919619689781,-0.015258606188037982,-0.015258606188037982,0.5,0.01,0.5,j1_b_then_a,arithmetic
overconfident_marginals,8,2.0,hard_core,0.13624533032651948,1.6040825511732855,0.7299752894947176,0.17965875816640753,2.7609250210663712e-14,0.013816897797118555,0.05015366282426825,0.05015366282426825,0.5,0.01,0.5,j1_b_then_a,arithmetic
overconfident_marginals,8,2.0,adaptive_soft,0.13624533032651948,1.5390797371228238,0.7171085570220057,0.11489636294686002,0.04562051240054565,0.005979545243629747,-0.014849151226193458,-0.014849151226193458,0.5,0.01,0.5,j1_b_then_a,arithmetic
overconfident_marginals,8,2.0,selective_core,0.13624533032651948,1.5309074564408627,0.7143940116733697,0.10186679988839872,0.051358807351280227,0.005926900790603953,-0.023021431908154533,-0.023021431908154533,0.5,0.01,0.5,j1_b_then_a,arithmetic
overconfident_marginals,9,2.0,j1,0.15298490078786114,1.4526012422809176,0.6631644405378808,0.11958001677199608,0.061683072515641583,0.01535879844011276,0.0,-0.03345136427333362,0.5,0.01,0.5,j2_a_then_b,arithmetic
overconfident_marginals,9,2.0,j2,0.15298490078786114,1.4860526065542512,0.6741153075832643,0.13216668353570182,0.05350976362052866,0.01535879844011276,0.03345136427333362,0.0,0.5,0.01,0.5,j2_a_then_b,arithmetic
overconfident_marginals,9,2.0,selected_order,0.15298490078786114,1.4860526065542512,0.6741153075832643,0.13216668353570182,0.05350976362052866,0.01535879844011276,0.03345136427333362,0.0,0.5,0.01,0.5,j2_a_then_b,arithmetic
overconfident_marginals,9,2.0,independent,0.15298490078786114,1.6418170410763966,0.7094518772231135,0.23702537247872305,4.886031049858323e-17,0.036608821774587956,0.189215798795479,0.1557644345221454,0.5,0.01,0.5,j2_a_then_b,arithmetic
overconfident_marginals,9,2.0,arithmetic,0.15298490078786114,1.421971284746659,0.6622630314980797,0.09595725763298386,0.05759641806808509,0.008096085255370986,-0.030629957534258567,-0.06408132180759218,0.5,0.01,0.5,j2_a_then_b,arithmetic
overconfident_marginals,9,2.0,geometric,0.15298490078786114,1.4366309655797103,0.6664229607737568,0.11542391267581693,0.04834139408726314,0.008219622210120785,-0.01597027670120732,-0.04942164097454094,0.5,0.01,0.5,j2_a_then_b,arithmetic
overconfident_marginals,9,2.0,weighted_geometric,0.15298490078786114,1.4366309655797103,0.6664229607737568,0.11542391267581693,0.04834139408726314,0.008219622210120785,-0.01597027670120732,-0.04942164097454094,0.5,0.01,0.5,j2_a_then_b,arithmetic
overconfident_marginals,9,2.0,hard_core,0.15298490078786114,1.5462496847922993,0.6951234559480898,0.1902999142502113,4.06086511063759e-14,0.017310586886799595,0.09364844251138171,0.060197078238048096,0.5,0.01,0.5,j2_a_then_b,arithmetic
overconfident_marginals,9,2.0,adaptive_soft,0.15298490078786114,1.4373619075122506,0.6666286430423723,0.11615470845187684,0.04787543996207548,0.00823979551039425,-0.015239334768667012,-0.04869069904200063,0.5,0.01,0.5,j2_a_then_b,arithmetic
overconfident_marginals,9,2.0,selective_core,0.15298490078786114,1.421971284746659,0.6622630314980797,0.09595725763298386,0.05759641806808509,0.008096085255370986,-0.030629957534258567,-0.06408132180759218,0.5,0.01,0.5,j2_a_then_b,arithmetic
overconfident_marginals,10,2.0,j1,0.13475292051501145,1.4366135475921857,0.6688421853385339,0.12480274899050929,0.0511127138316074,0.013138629897825748,0.0,-0.019934863261201308,0.5,0.01,0.5,j2_a_then_b,arithmetic
overconfident_marginals,10,2.0,j2,0.13475292051501145,1.456548410853387,0.6711648726721984,0.1299320611411781,0.04926205702948326,0.013138629897825748,0.019934863261201308,0.0,0.5,0.01,0.5,j2_a_then_b,arithmetic
overconfident_marginals,10,2.0,selected_order,0.13475292051501145,1.456548410853387,0.6711648726721984,0.1299320611411781,0.04926205702948326,0.013138629897825748,0.019934863261201308,0.0,0.5,0.01,0.5,j2_a_then_b,arithmetic
overconfident_marginals,10,2.0,independent,0.13475292051501145,1.7553950195216468,0.7212664037620338,0.25389311025434014,4.4283685047826705e-17,0.049342797869863175,0.31878147192946105,0.29884660866825974,0.5,0.01,0.5,j2_a_then_b,arithmetic
overconfident_marginals,10,2.0,arithmetic,0.13475292051501145,1.4067191109398878,0.6650449063347711,0.10291600091642292,0.0501873854305453,0.006918668485643278,-0.029894436652297962,-0.04982929991349927,0.5,0.01,0.5,j2_a_then_b,arithmetic
overconfident_marginals,10,2.0,geometric,0.13475292051501145,1.4187301456094739,0.6695211755347629,0.11996733573450184,0.042304119210036364,0.007017777909216262,-0.017883401982711877,-0.037818265243913185,0.5,0.01,0.5,j2_a_then_b,arithmetic
overconfident_marginals,10,2.0,weighted_geometric,0.13475292051501145,1.4187301456094739,0.6695211755347629,0.11996733573450184,0.042304119210036364,0.007017777909216262,-0.017883401982711877,-0.037818265243913185,0.5,0.01,0.5,j2_a_then_b,arithmetic
overconfident_marginals,10,2.0,hard_core,0.13475292051501145,1.519526664880056,0.6930341240374581,0.18081699812586752,1.147920216955706e-13,0.0150885826281526,0.08291311728787032,0.06297825402666901,0.5,0.01,0.5,j2_a_then_b,arithmetic
overconfident_marginals,10,2.0,adaptive_soft,0.13475292051501145,1.4194388921659602,0.6697199967317529,0.12057760996490209,0.041907416939793114,0.007034325769640926,-0.017174655426225538,-0.037109518687426846,0.5,0.01,0.5,j2_a_then_b,arithmetic
overconfident_marginals,10,2.0,selective_core,0.13475292051501145,1.4067191109398878,0.6650449063347711,0.10291600091642292,0.0501873854305453,0.006918668485643278,-0.029894436652297962,-0.04982929991349927,0.5,0.01,0.5,j2_a_then_b,arithmetic
overconfident_marginals,11,2.0,j1,0.16075449939730757,1.4652909654126054,0.654254269253724,0.11276145767276445,0.06368452507403445,0.017297056399613625,0.0,0.0,0.75,0.01,0.75,j1_b_then_a,arithmetic
overconfident_marginals,11,2.0,j2,0.16075449939730757,1.477128860891221,0.6669982585587407,0.130847793923119,0.05277512947294278,0.017297056399613625,0.011837895478615579,0.011837895478615579,0.75,0.01,0.75,j1_b_then_a,arithmetic
overconfident_marginals,11,2.0,selected_order,0.16075449939730757,1.4652909654126054,0.654254269253724,0.11276145767276445,0.06368452507403445,0.017297056399613625,0.0,0.0,0.75,0.01,0.75,j1_b_then_a,arithmetic
overconfident_marginals,11,2.0,independent,0.16075449939730757,1.59093602276873,0.6903128633814607,0.20282711774215562,4.4671891568554013e-17,0.02292401312441184,0.12564505735612452,0.12564505735612452,0.75,0.01,0.75,j1_b_then_a,arithmetic
overconfident_marginals,11,2.0,arithmetic,0.16075449939730757,1.4132489968196693,0.6539605783910841,0.09302541848506614,0.0582298272734886,0.009186181169947693,-0.05204196859293608,-0.05204196859293608,0.75,0.01,0.75,j1_b_then_a,arithmetic
overconfident_marginals,11,2.0,geometric,0.16075449939730757,1.434073417985413,0.6593024223670624,0.1163728019978545,0.046309092282797094,0.009363667067617506,-0.031217547427192294,-0.031217547427192294,0.75,0.01,0.75,j1_b_then_a,arithmetic
overconfident_marginals,11,2.0,weighted_geometric,0.16075449939730757,1.4406042568188449,0.6559454902930818,0.10971338823459063,0.05224107008461224,0.011392381824954759,-0.024686708593760542,-0.024686708593760542,0.75,0.01,0.75,j1_b_then_a,arithmetic
overconfident_marginals,11,2.0,hard_core,0.16075449939730757,1.5574338885179884,0.6878686433788354,0.1914479131586025,5.285388224659184e-14,0.017897535994037664,0.09214292310538297,0.09214292310538297,0.75,0.01,0.75,j1_b_then_a,arithmetic
overconfident_marginals,11,2.0,adaptive_soft,0.16075449939730757,1.441334496671906,0.656175680961501,0.1105226979542928,0.05162232455336682,0.01135989233418808,-0.023956468740699455,-0.023956468740699455,0.75,0.01,0.75,j1_b_then_a,arithmetic
overconfident_marginals,11,2.0,selective_core,0.16075449939730757,1.4132489968196693,0.6539605783910841,0.09302541848506614,0.0582298272734886,0.009186181169947693,-0.05204196859293608,-0.05204196859293608,0.75,0.01,0.75,j1_b_then_a,arithmetic
overconfident_marginals,12,2.0,j1,0.1453719675539189,1.6029453545529837,0.7183452493397097,0.12591634382480393,0.054179026473695685,0.012906616867168515,0.020612044308939925,0.020612044308939925,0.5,0.01,0.5,j2_a_then_b,arithmetic
overconfident_marginals,12,2.0,j2,0.1453719675539189,1.5823333102440438,0.7158122060234429,0.12582869180339645,0.054709405354423986,0.012906616867168515,0.0,0.0,0.5,0.01,0.5,j2_a_then_b,arithmetic
overconfident_marginals,12,2.0,selected_order,0.1453719675539189,1.5823333102440438,0.7158122060234429,0.12582869180339645,0.054709405354423986,0.012906616867168515,0.0,0.0,0.5,0.01,0.5,j2_a_then_b,arithmetic
overconfident_marginals,12,2.0,independent,0.1453719675539189,1.8542359426674624,0.7628273832382728,0.26910722703180645,4.610191838757016e-17,0.052130781266913125,0.2719026324234186,0.2719026324234186,0.5,0.01,0.5,j2_a_then_b,arithmetic
overconfident_marginals,12,2.0,arithmetic,0.1453719675539189,1.5522930433740116,0.7115093546884116,0.09707080766955792,0.05444421591405981,0.006733163683620244,-0.03004026687003214,-0.03004026687003214,0.5,0.01,0.5,j2_a_then_b,arithmetic
overconfident_marginals,12,2.0,geometric,0.1453719675539189,1.5655104679362661,0.7148160549734222,0.11181003174617504,0.04754889471712231,0.006797334182667635,-0.01682284230777764,-0.01682284230777764,0.5,0.01,0.5,j2_a_then_b,arithmetic
overconfident_marginals,12,2.0,weighted_geometric,0.1453719675539189,1.5655104679362661,0.7148160549734222,0.11181003174617504,0.04754889471712231,0.006797334182667635,-0.01682284230777764,-0.01682284230777764,0.5,0.01,0.5,j2_a_then_b,arithmetic
overconfident_marginals,12,2.0,hard_core,0.1453719675539189,1.6527723919408848,0.7366435709376333,0.18030203353054836,3.5196793663740113e-14,0.014969004052223766,0.07043908169684099,0.07043908169684099,0.5,0.01,0.5,j2_a_then_b,arithmetic
overconfident_marginals,12,2.0,adaptive_soft,0.1453719675539189,1.5660905141778676,0.714965514534391,0.11242974725618798,0.04712690376474042,0.006810721580490289,-0.01624279606617618,-0.01624279606617618,0.5,0.01,0.5,j2_a_then_b,arithmetic
overconfident_marginals,12,2.0,selective_core,0.1453719675539189,1.5522930433740116,0.7115093546884116,0.09707080766955792,0.05444421591405981,0.006733163683620244,-0.03004026687003214,-0.03004026687003214,0.5,0.01,0.5,j2_a_then_b,arithmetic
overconfident_marginals,13,2.0,j1,0.13704905761218195,1.517077324634797,0.6960136558442641,0.12520892574485595,0.051990347462839065,0.012593416575909448,0.0,0.0,0.75,0.01,0.75,j1_b_then_a,arithmetic
overconfident_marginals,13,2.0,j2,0.13704905761218195,1.5279104917928206,0.6984689139178067,0.12907703243594967,0.050950748319949266,0.012593416575909448,0.010833167158023516,0.010833167158023516,0.75,0.01,0.75,j1_b_then_a,arithmetic
overconfident_marginals,13,2.0,selected_order,0.13704905761218195,1.517077324634797,0.6960136558442641,0.12520892574485595,0.051990347462839065,0.012593416575909448,0.0,0.0,0.75,0.01,0.75,j1_b_then_a,arithmetic
overconfident_marginals,13,2.0,independent,0.13704905761218195,1.784759039303733,0.7393225195878975,0.2645333857527669,4.400512640300651e-17,0.05403188346849284,0.26768171466893587,0.26768171466893587,0.75,0.01,0.75,j1_b_then_a,arithmetic
overconfident_marginals,13,2.0,arithmetic,0.13704905761218195,1.480479898364903,0.6919962276241255,0.10147551003252554,0.051470547891394144,0.00659713882255134,-0.03659742626989404,-0.03659742626989404,0.75,0.01,0.75,j1_b_then_a,arithmetic
overconfident_marginals,13,2.0,geometric,0.13704905761218195,1.4959343976847044,0.6960482320728755,0.11682882623461502,0.04455748502998585,0.006673912906726521,-0.021142926950092678,-0.021142926950092678,0.75,0.01,0.75,j1_b_then_a,arithmetic
overconfident_marginals,13,2.0,weighted_geometric,0.13704905761218195,1.4998281006059404,0.695621459564199,0.11709682966389304,0.046572069290652746,0.008136854250350534,-0.017249224028856647,-0.017249224028856647,0.75,0.01,0.75,j1_b_then_a,arithmetic
overconfident_marginals,13,2.0,hard_core,0.13704905761218195,1.5861629448655181,0.7161636936810204,0.18103170196069476,7.799135754605654e-14,0.015147962738793016,0.06908562023072107,0.06908562023072107,0.75,0.01,0.75,j1_b_then_a,arithmetic
overconfident_marginals,13,2.0,adaptive_soft,0.13704905761218195,1.5002922930604163,0.6957704132059886,0.11760368073131011,0.04615551817388314,0.008111696636489675,-0.016785031574380715,-0.016785031574380715,0.75,0.01,0.75,j1_b_then_a,arithmetic
overconfident_marginals,13,2.0,selective_core,0.13704905761218195,1.480479898364903,0.6919962276241255,0.10147551003252554,0.051470547891394144,0.00659713882255134,-0.03659742626989404,-0.03659742626989404,0.75,0.01,0.75,j1_b_then_a,arithmetic
overconfident_marginals,14,2.0,j1,0.16058136595023778,1.4912116122301404,0.6734993444764511,0.11862760670944558,0.06364855229787024,0.0169942792276929,0.0,-0.0038020068110868888,0.5,0.01,0.5,j2_a_then_b,arithmetic
overconfident_marginals,14,2.0,j2,0.16058136595023778,1.4950136190412273,0.6807406344235956,0.1327523020562869,0.055198945417735956,0.0169942792276929,0.0038020068110868888,0.0,0.5,0.01,0.5,j2_a_then_b,arithmetic
overconfident_marginals,14,2.0,selected_order,0.16058136595023778,1.4950136190412273,0.6807406344235956,0.1327523020562869,0.055198945417735956,0.0169942792276929,0.0038020068110868888,0.0,0.5,0.01,0.5,j2_a_then_b,arithmetic
overconfident_marginals,14,2.0,independent,0.16058136595023778,1.6171500723120125,0.7057457609385912,0.2103622224386268,4.0029670068115734e-17,0.02529469948142785,0.12593846008187204,0.12213645327078515,0.5,0.01,0.5,j2_a_then_b,arithmetic
overconfident_marginals,14,2.0,arithmetic,0.16058136595023778,1.4401813620816737,0.670504452439153,0.09481300499132689,0.05942374885780308,0.008990772446899515,-0.05103025014846674,-0.05483225695955363,0.5,0.01,0.5,j2_a_then_b,arithmetic
overconfident_marginals,14,2.0,geometric,0.16058136595023778,1.45677336409398,0.6754628593520752,0.11715029133653874,0.04818200204072406,0.00914339483406467,-0.034438248136160476,-0.038240254947247365,0.5,0.01,0.5,j2_a_then_b,arithmetic
overconfident_marginals,14,2.0,weighted_geometric,0.16058136595023778,1.45677336409398,0.6754628593520752,0.11715029133653874,0.04818200204072406,0.00914339483406467,-0.034438248136160476,-0.038240254947247365,0.5,0.01,0.5,j2_a_then_b,arithmetic
overconfident_marginals,14,2.0,hard_core,0.16058136595023778,1.5646519420670484,0.7012073595965088,0.19288517611987036,3.4171033007203466e-14,0.017687981195736967,0.07344032983690796,0.06963832302582107,0.5,0.01,0.5,j2_a_then_b,arithmetic
overconfident_marginals,14,2.0,adaptive_soft,0.16058136595023778,1.457553769006304,0.6756634735044272,0.11797108208712405,0.04764879876694784,0.00916750476842445,-0.03365784322383636,-0.03745985003492325,0.5,0.01,0.5,j2_a_then_b,arithmetic
overconfident_marginals,14,2.0,selective_core,0.16058136595023778,1.4401813620816737,0.670504452439153,0.09481300499132689,0.05942374885780308,0.008990772446899515,-0.05103025014846674,-0.05483225695955363,0.5,0.01,0.5,j2_a_then_b,arithmetic
overconfident_marginals,15,2.0,j1,0.1356433904198734,1.4947081043320034,0.6657824373062097,0.12562507744234674,0.04990853300593032,0.012771214129834814,0.023375126588708994,0.023375126588708994,0.5,0.01,0.5,j2_a_then_b,arithmetic
overconfident_marginals,15,2.0,j2,0.1356433904198734,1.4713329777432944,0.6683108691184494,0.12765049357276032,0.04923071562476754,0.012771214129834814,0.0,0.0,0.5,0.01,0.5,j2_a_then_b,arithmetic
overconfident_marginals,15,2.0,selected_order,0.1356433904198734,1.4713329777432944,0.6683108691184494,0.12765049357276032,0.04923071562476754,0.012771214129834814,0.0,0.0,0.5,0.01,0.5,j2_a_then_b,arithmetic
overconfident_marginals,15,2.0,independent,0.1356433904198734,1.7851586040838716,0.7104412617694869,0.23976295036930878,4.0850511115514593e-17,0.04314832928219103,0.3138256263405772,0.3138256263405772,0.5,0.01,0.5,j2_a_then_b,arithmetic
overconfident_marginals,15,2.0,arithmetic,0.1356433904198734,1.4394677006511152,0.6617724308285556,0.10192738829201335,0.049569624315348906,0.006705011642688385,-0.031865277092179234,-0.031865277092179234,0.5,0.01,0.5,j2_a_then_b,arithmetic
overconfident_marginals,15,2.0,geometric,0.1356433904198734,1.4560144929970904,0.6655409813532926,0.1181530886915664,0.041879325156223286,0.006791802318113229,-0.015318484746204009,-0.015318484746204009,0.5,0.01,0.5,j2_a_then_b,arithmetic
overconfident_marginals,15,2.0,weighted_geometric,0.1356433904198734,1.4560144929970904,0.6655409813532926,0.1181530886915664,0.041879325156223286,0.006791802318113229,-0.015318484746204009,-0.015318484746204009,0.5,0.01,0.5,j2_a_then_b,arithmetic
overconfident_marginals,15,2.0,hard_core,0.1356433904198734,1.5570017183442624,0.6895595765931298,0.17852409768994237,2.9906279837726525e-14,0.013929006443102644,0.08566874060096796,0.08566874060096796,0.5,0.01,0.5,j2_a_then_b,arithmetic
overconfident_marginals,15,2.0,adaptive_soft,0.1356433904198734,1.4567887992559927,0.665719353545362,0.11875553413287494,0.0414719851570036,0.006806679079895277,-0.014544178487301718,-0.014544178487301718,0.5,0.01,0.5,j2_a_then_b,arithmetic
overconfident_marginals,15,2.0,selective_core,0.1356433904198734,1.4394677006511152,0.6617724308285556,0.10192738829201335,0.049569624315348906,0.006705011642688385,-0.031865277092179234,-0.031865277092179234,0.5,0.01,0.5,j2_a_then_b,arithmetic
overconfident_marginals,16,2.0,j1,0.14785890436831758,1.6382978688078473,0.7473907140348479,0.1305836302879867,0.055418138690162454,0.013286564296767249,0.0,-0.00211502641848349,0.5,0.01,0.5,j2_a_then_b,arithmetic
overconfident_marginals,16,2.0,j2,0.14785890436831758,1.6404128952263308,0.7498737570737851,0.1301195231156646,0.05683285687799253,0.013286564296767249,0.00211502641848349,0.0,0.5,0.01,0.5,j2_a_then_b,arithmetic
overconfident_marginals,16,2.0,selected_order,0.14785890436831758,1.6404128952263308,0.7498737570737851,0.1301195231156646,0.05683285687799253,0.013286564296767249,0.00211502641848349,0.0,0.5,0.01,0.5,j2_a_then_b,arithmetic
overconfident_marginals,16,2.0,independent,0.14785890436831758,1.943533910025893,0.8009819359435953,0.2652750470592025,4.491456351168739e-17,0.05341428397766314,0.3052360412180457,0.3031210147995622,0.5,0.01,0.5,j2_a_then_b,arithmetic
overconfident_marginals,16,2.0,arithmetic,0.14785890436831758,1.600330324170579,0.7429063877867789,0.10058968239032642,0.05612549778407746,0.006922449713640525,-0.03796754463726826,-0.04008257105575175,0.5,0.01,0.5,j2_a_then_b,arithmetic
overconfident_marginals,16,2.0,geometric,0.14785890436831758,1.6114555585100603,0.7477163352095231,0.1156611993639153,0.04891570044387119,0.006983945150043841,-0.026842310297787053,-0.028957336716270543,0.5,0.01,0.5,j2_a_then_b,arithmetic
overconfident_marginals,16,2.0,weighted_geometric,0.14785890436831758,1.6114555585100603,0.7477163352095231,0.1156611993639153,0.04891570044387119,0.006983945150043841,-0.026842310297787053,-0.028957336716270543,0.5,0.01,0.5,j2_a_then_b,arithmetic
overconfident_marginals,16,2.0,hard_core,0.14785890436831758,1.7096075679045404,0.7750269162751523,0.18740970615817712,2.252773790304316e-14,0.01600405011236377,0.07130969909669305,0.06919467267820956,0.5,0.01,0.5,j2_a_then_b,arithmetic
overconfident_marginals,16,2.0,adaptive_soft,0.14785890436831758,1.6121538008917669,0.7479390374494603,0.11632409411540003,0.04846951594652048,0.006997786399483631,-0.026144067916080482,-0.028259094334563972,0.5,0.01,0.5,j2_a_then_b,arithmetic
overconfident_marginals,16,2.0,selective_core,0.14785890436831758,1.600330324170579,0.7429063877867789,0.10058968239032642,0.05612549778407746,0.006922449713640525,-0.03796754463726826,-0.04008257105575175,0.5,0.01,0.5,j2_a_then_b,arithmetic
overconfident_marginals,17,2.0,j1,0.12317724755705634,1.4887672315910194,0.6833781774600347,0.1275870812236167,0.044619850529233604,0.01006693542674968,0.0,0.0,0.5,0.01,0.5,j1_b_then_a,arithmetic
overconfident_marginals,17,2.0,j2,0.12317724755705634,1.513359411769875,0.6861179704223965,0.12959816337299002,0.044797508319393595,0.01006693542674968,0.02459218017885556,0.02459218017885556,0.5,0.01,0.5,j1_b_then_a,arithmetic
overconfident_marginals,17,2.0,selected_order,0.12317724755705634,1.4887672315910194,0.6833781774600347,0.1275870812236167,0.044619850529233604,0.01006693542674968,0.0,0.0,0.5,0.01,0.5,j1_b_then_a,arithmetic
overconfident_marginals,17,2.0,independent,0.12317724755705634,1.87330258100219,0.7457185158063153,0.29386057871015125,4.335520823991321e-17,0.06516167494773273,0.3845353494111705,0.3845353494111705,0.5,0.01,0.5,j1_b_then_a,arithmetic
overconfident_marginals,17,2.0,arithmetic,0.12317724755705634,1.4715276920392877,0.6804133991416176,0.10600630243732363,0.04470867942431357,0.00522833705276197,-0.017239539551731742,-0.017239539551731742,0.5,0.01,0.5,j1_b_then_a,arithmetic
overconfident_marginals,17,2.0,geometric,0.12317724755705634,1.4800451064313702,0.6833983021246731,0.11729546396300049,0.03952445860150887,0.005268064693651731,-0.008722125159649208,-0.008722125159649208,0.5,0.01,0.5,j1_b_then_a,arithmetic
overconfident_marginals,17,2.0,weighted_geometric,0.12317724755705634,1.4800451064313702,0.6833983021246731,0.11729546396300049,0.03952445860150887,0.005268064693651731,-0.008722125159649208,-0.008722125159649208,0.5,0.01,0.5,j1_b_then_a,arithmetic
overconfident_marginals,17,2.0,hard_core,0.12317724755705634,1.55485417030575,0.7016190419745938,0.17245708553836095,5.728296453108362e-14,0.011465911040436308,0.06608693871473048,0.06608693871473048,0.5,0.01,0.5,j1_b_then_a,arithmetic
overconfident_marginals,17,2.0,adaptive_soft,0.12317724755705634,1.4805208779404457,0.6835280844015601,0.11779087727215551,0.039182766437110786,0.005276802720965044,-0.00824635365057369,-0.00824635365057369,0.5,0.01,0.5,j1_b_then_a,arithmetic
overconfident_marginals,17,2.0,selective_core,0.12317724755705634,1.4715276920392877,0.6804133991416176,0.10600630243732363,0.04470867942431357,0.00522833705276197,-0.017239539551731742,-0.017239539551731742,0.5,0.01,0.5,j1_b_then_a,arithmetic
overconfident_marginals,18,2.0,j1,0.143789682634796,1.482504308956011,0.667877441177441,0.12535050883638013,0.053357418405196776,0.013201337390635694,0.04586303662631419,0.04586303662631419,0.25,0.01,0.25,j2_a_then_b,arithmetic
overconfident_marginals,18,2.0,j2,0.143789682634796,1.4366412723296969,0.6642899956145898,0.12778073202437856,0.04962526470105107,0.013201337390635694,0.0,0.0,0.25,0.01,0.25,j2_a_then_b,arithmetic
overconfident_marginals,18,2.0,selected_order,0.143789682634796,1.4366412723296969,0.6642899956145898,0.12778073202437856,0.04962526470105107,0.013201337390635694,0.0,0.0,0.25,0.01,0.25,j2_a_then_b,arithmetic
overconfident_marginals,18,2.0,independent,0.143789682634796,1.724771201832623,0.7095315300137907,0.2554182673333414,4.4114384097611875e-17,0.04776234629639416,0.28812992950292604,0.28812992950292604,0.25,0.01,0.25,j2_a_then_b,arithmetic
overconfident_marginals,18,2.0,arithmetic,0.143789682634796,1.4215465364555129,0.6606267384055744,0.10058354772012894,0.05149134155312389,0.006923031870247671,-0.015094735874183973,-0.015094735874183973,0.25,0.01,0.25,j2_a_then_b,arithmetic
overconfident_marginals,18,2.0,geometric,0.143789682634796,1.4316852577538925,0.6636482244140346,0.11682254095150281,0.04354830928147959,0.007011329330844804,-0.004956014575804302,-0.004956014575804302,0.25,0.01,0.25,j2_a_then_b,arithmetic
overconfident_marginals,18,2.0,weighted_geometric,0.143789682634796,1.4267318064094385,0.6634520091146923,0.1188976498204508,0.04443302054633655,0.008413136983568676,-0.00990946592025832,-0.00990946592025832,0.25,0.01,0.25,j2_a_then_b,arithmetic
overconfident_marginals,18,2.0,hard_core,0.143789682634796,1.5128709605245443,0.6833128310971858,0.1802394663933233,3.97677973734115e-14,0.01464093862481831,0.07622968819484743,0.07622968819484743,0.25,0.01,0.25,j2_a_then_b,arithmetic
overconfident_marginals,18,2.0,adaptive_soft,0.143789682634796,1.4271959733686586,0.6635939371661609,0.11949527450537513,0.043976971057265404,0.008388133934908256,-0.009445298961038295,-0.009445298961038295,0.25,0.01,0.25,j2_a_then_b,arithmetic
overconfident_marginals,18,2.0,selective_core,0.143789682634796,1.4215465364555129,0.6606267384055744,0.10058354772012894,0.05149134155312389,0.006923031870247671,-0.015094735874183973,-0.015094735874183973,0.25,0.01,0.25,j2_a_then_b,arithmetic
overconfident_marginals,19,2.0,j1,0.13940375432274993,1.4191576764353817,0.6551659277170009,0.12633524116788836,0.051778351345837505,0.013442442732604256,0.0,-0.02400382543310342,0.5,0.01,0.5,j2_a_then_b,arithmetic
overconfident_marginals,19,2.0,j2,0.13940375432274993,1.4431615018684851,0.6528868765836319,0.1269434198434529,0.0521729855987459,0.013442442732604256,0.02400382543310342,0.0,0.5,0.01,0.5,j2_a_then_b,arithmetic
overconfident_marginals,19,2.0,selected_order,0.13940375432274993,1.4431615018684851,0.6528868765836319,0.1269434198434529,0.0521729855987459,0.013442442732604256,0.02400382543310342,0.0,0.5,0.01,0.5,j2_a_then_b,arithmetic
overconfident_marginals,19,2.0,independent,0.13940375432274993,1.7037031064460246,0.6949382476299678,0.24594877083793626,4.352481541736035e-17,0.04530837807540344,0.2845454300106429,0.2605416045775395,0.5,0.01,0.5,j2_a_then_b,arithmetic
overconfident_marginals,19,2.0,arithmetic,0.13940375432274993,1.3891138691866523,0.6485936547087833,0.10114639211533659,0.051975668472291674,0.007067201605387591,-0.03004380724872946,-0.05404763268183288,0.5,0.01,0.5,j2_a_then_b,arithmetic
overconfident_marginals,19,2.0,geometric,0.13940375432274993,1.402692393388955,0.6520901030381526,0.11836791916611096,0.04362694842111725,0.007161054504550183,-0.016465283046426693,-0.040469108479530114,0.5,0.01,0.5,j2_a_then_b,arithmetic
overconfident_marginals,19,2.0,weighted_geometric,0.13940375432274993,1.402692393388955,0.6520901030381526,0.11836791916611096,0.04362694842111725,0.007161054504550183,-0.016465283046426693,-0.040469108479530114,0.5,0.01,0.5,j2_a_then_b,arithmetic
overconfident_marginals,19,2.0,hard_core,0.13940375432274993,1.4886900126897509,0.6715396170568584,0.18347870408316633,5.863831627028157e-14,0.015463006534427219,0.06953233625436916,0.045528510821265744,0.5,0.01,0.5,j2_a_then_b,arithmetic
overconfident_marginals,19,2.0,adaptive_soft,0.13940375432274993,1.4033009479704204,0.6522357207576939,0.11900287024545077,0.04321198071559937,0.007177488229239788,-0.015856728464961334,-0.039860553898064754,0.5,0.01,0.5,j2_a_then_b,arithmetic
overconfident_marginals,19,2.0,selective_core,0.13940375432274993,1.3891138691866523,0.6485936547087833,0.10114639211533659,0.051975668472291674,0.007067201605387591,-0.03004380724872946,-0.05404763268183288,0.5,0.01,0.5,j2_a_then_b,arithmetic
overconfident_marginals,20,2.0,j1,0.15782766148947866,1.6660060937040995,0.7385916628716672,0.1201662796844855,0.062285534120919195,0.015088648288977687,0.018920859383151356,0.0,0.5,0.01,0.5,j1_b_then_a,arithmetic
overconfident_marginals,20,2.0,j2,0.15782766148947866,1.647085234320948,0.7392217196505727,0.12808654309016015,0.056920637814362914,0.015088648288977687,0.0,-0.018920859383151356,0.5,0.01,0.5,j1_b_then_a,arithmetic
overconfident_marginals,20,2.0,selected_order,0.15782766148947866,1.6660060937040995,0.7385916628716672,0.1201662796844855,0.062285534120919195,0.015088648288977687,0.018920859383151356,0.0,0.5,0.01,0.5,j1_b_then_a,arithmetic
overconfident_marginals,20,2.0,independent,0.15782766148947866,1.7942360902344108,0.7663558634085123,0.2348129191503524,4.102391152486876e-17,0.03287474050772667,0.14715085591346266,0.1282299965303113,0.5,0.01,0.5,j1_b_then_a,arithmetic
overconfident_marginals,20,2.0,arithmetic,0.15782766148947866,1.6062781470848275,0.7326914578328202,0.09249518262104743,0.05960308596764102,0.007919988313698079,-0.04080708723612059,-0.05972794661927194,0.5,0.01,0.5,j1_b_then_a,arithmetic
overconfident_marginals,20,2.0,geometric,0.15782766148947866,1.6245554299435871,0.7359643623435765,0.1101616116034611,0.051165165017557954,0.008026540389886339,-0.022529804377360962,-0.04145066376051232,0.5,0.01,0.5,j1_b_then_a,arithmetic
overconfident_marginals,20,2.0,weighted_geometric,0.15782766148947866,1.6245554299435871,0.7359643623435765,0.1101616116034611,0.051165165017557954,0.008026540389886339,-0.022529804377360962,-0.04145066376051232,0.5,0.01,0.5,j1_b_then_a,arithmetic
overconfident_marginals,20,2.0,hard_core,0.15782766148947866,1.7309497485997285,0.7549573472426732,0.1873617881869412,8.617934036612024e-14,0.01657005902667717,0.08386451427878039,0.06494365489562903,0.5,0.01,0.5,j1_b_then_a,arithmetic
overconfident_marginals,20,2.0,adaptive_soft,0.15782766148947866,1.6252829268325022,0.7360973031889976,0.11092512729972827,0.05065998004166256,0.00804529894061402,-0.021802307488445916,-0.04072316687159727,0.5,0.01,0.5,j1_b_then_a,arithmetic
overconfident_marginals,20,2.0,selective_core,0.15782766148947866,1.6062781470848275,0.7326914578328202,0.09249518262104743,0.05960308596764102,0.007919988313698079,-0.04080708723612059,-0.05972794661927194,0.5,0.01,0.5,j1_b_then_a,arithmetic
overconfident_marginals,21,2.0,j1,0.15994711024688496,1.6060108091843803,0.7290886264664326,0.13903979751015097,0.0567889089007502,0.015423566728768663,0.02472612005338992,0.02472612005338992,0.5,0.01,0.5,j2_a_then_b,arithmetic
overconfident_marginals,21,2.0,j2,0.15994711024688496,1.5812846891309904,0.7233921542283805,0.1281463975455181,0.06264267639063727,0.015423566728768663,0.0,0.0,0.5,0.01,0.5,j2_a_then_b,arithmetic
overconfident_marginals,21,2.0,selected_order,0.15994711024688496,1.5812846891309904,0.7233921542283805,0.1281463975455181,0.06264267639063727,0.015423566728768663,0.0,0.0,0.5,0.01,0.5,j2_a_then_b,arithmetic
overconfident_marginals,21,2.0,independent,0.15994711024688496,1.8405475435020966,0.7718988286623132,0.2438159957793692,4.099133616634713e-17,0.03818342490620223,0.2592628543711062,0.2592628543711062,0.5,0.01,0.5,j2_a_then_b,arithmetic
overconfident_marginals,21,2.0,arithmetic,0.15994711024688496,1.5431257797072835,0.7197994268709407,0.10124222187021908,0.059715792645693704,0.008068263168438974,-0.03815890942370692,-0.03815890942370692,0.5,0.01,0.5,j2_a_then_b,arithmetic
overconfident_marginals,21,2.0,geometric,0.15994711024688496,1.5610710033936352,0.725029409019608,0.11972853985016453,0.05061011658797128,0.008150339510180389,-0.020213685737355158,-0.020213685737355158,0.5,0.01,0.5,j2_a_then_b,arithmetic
overconfident_marginals,21,2.0,weighted_geometric,0.15994711024688496,1.5610710033936352,0.725029409019608,0.11972853985016453,0.05061011658797128,0.008150339510180389,-0.020213685737355158,-0.020213685737355158,0.5,0.01,0.5,j2_a_then_b,arithmetic
overconfident_marginals,21,2.0,hard_core,0.15994711024688496,1.6650008306975423,0.7551597407096192,0.19619563652576916,2.3329614656474584e-14,0.01652040347069325,0.08371614156655194,0.08371614156655194,0.5,0.01,0.5,j2_a_then_b,arithmetic
overconfident_marginals,21,2.0,adaptive_soft,0.15994711024688496,1.561824091854561,0.7252657541943183,0.12049494148302628,0.050092942117195845,0.008167927489317252,-0.01946059727642946,-0.01946059727642946,0.5,0.01,0.5,j2_a_then_b,arithmetic
overconfident_marginals,21,2.0,selective_core,0.15994711024688496,1.5431257797072835,0.7197994268709407,0.10124222187021908,0.059715792645693704,0.008068263168438974,-0.03815890942370692,-0.03815890942370692,0.5,0.01,0.5,j2_a_then_b,arithmetic
overconfident_marginals,22,2.0,j1,0.13761835363836272,1.4856760900766721,0.6694811968771527,0.12520103338606386,0.05434646755789223,0.013125180436066305,0.02784986553060098,0.0,0.5,0.01,0.5,j1_b_then_a,arithmetic
overconfident_marginals,22,2.0,j2,0.13761835363836272,1.4578262245460711,0.6661192924642498,0.12892438107019233,0.04951760977735572,0.013125180436066305,0.0,-0.02784986553060098,0.5,0.01,0.5,j1_b_then_a,arithmetic
overconfident_marginals,22,2.0,selected_order,0.13761835363836272,1.4856760900766721,0.6694811968771527,0.12520103338606386,0.05434646755789223,0.013125180436066305,0.02784986553060098,0.0,0.5,0.01,0.5,j1_b_then_a,arithmetic
overconfident_marginals,22,2.0,independent,0.13761835363836272,1.7737146378434354,0.7185771405398335,0.25995000928850764,4.0760455902668944e-17,0.051995197688906196,0.3158884132973643,0.2880385477667633,0.5,0.01,0.5,j1_b_then_a,arithmetic
overconfident_marginals,22,2.0,arithmetic,0.13761835363836272,1.4288289008956754,0.662562875210514,0.10098278139170269,0.05193203866762394,0.006901763878405873,-0.028997323650395757,-0.05684718918099674,0.5,0.01,0.5,j1_b_then_a,arithmetic
overconfident_marginals,22,2.0,geometric,0.13761835363836272,1.4439573820642138,0.6660165821354492,0.1175410884402448,0.0443807246586438,0.00699669986941994,-0.01386884248185738,-0.04171870801245836,0.5,0.01,0.5,j1_b_then_a,arithmetic
overconfident_marginals,22,2.0,weighted_geometric,0.13761835363836272,1.4439573820642138,0.6660165821354492,0.1175410884402448,0.0443807246586438,0.00699669986941994,-0.01386884248185738,-0.04171870801245836,0.5,0.01,0.5,j1_b_then_a,arithmetic
overconfident_marginals,22,2.0,hard_core,0.13761835363836272,1.5442491488633905,0.6874584637136468,0.1835148313736625,2.8130846436193088e-14,0.016202697986691803,0.08642292431731935,0.05857305878671837,0.5,0.01,0.5,j1_b_then_a,arithmetic
overconfident_marginals,22,2.0,adaptive_soft,0.13761835363836272,1.4446021347749836,0.6661729098559522,0.11814253912559056,0.0439996882297714,0.007012683176974316,-0.013224089771087577,-0.04107395530168856,0.5,0.01,0.5,j1_b_then_a,arithmetic
overconfident_marginals,22,2.0,selective_core,0.13761835363836272,1.4288289008956754,0.662562875210514,0.10098278139170269,0.05193203866762394,0.006901763878405873,-0.028997323650395757,-0.05684718918099674,0.5,0.01,0.5,j1_b_then_a,arithmetic
overconfident_marginals,23,2.0,j1,0.12715248322211414,1.4081141839797877,0.6430157034688317,0.12682006265972567,0.04567681912229983,0.011256879772608771,0.0,0.0,0.75,0.01,0.75,j1_b_then_a,arithmetic
overconfident_marginals,23,2.0,j2,0.12715248322211414,1.4245813306300101,0.6470128512067445,0.12943794705971348,0.046048585641116774,0.011256879772608771,0.01646714665022242,0.01646714665022242,0.75,0.01,0.75,j1_b_then_a,arithmetic
overconfident_marginals,23,2.0,selected_order,0.12715248322211414,1.4081141839797877,0.6430157034688317,0.12682006265972567,0.04567681912229983,0.011256879772608771,0.0,0.0,0.75,0.01,0.75,j1_b_then_a,arithmetic
overconfident_marginals,23,2.0,independent,0.12715248322211414,1.7368994786288126,0.6998438717778966,0.26072136225970394,4.2864982892431656e-17,0.04939038938173595,0.32878529464902484,0.32878529464902484,0.75,0.01,0.75,j1_b_then_a,arithmetic
overconfident_marginals,23,2.0,arithmetic,0.12715248322211414,1.3833023146953909,0.6403211533755041,0.10530542696464576,0.045862702381708274,0.00588469203888499,-0.024811869284396826,-0.024811869284396826,0.75,0.01,0.75,j1_b_then_a,arithmetic
overconfident_marginals,23,2.0,geometric,0.12715248322211414,1.3926694913000621,0.6432872385695553,0.11917781919126251,0.03941628400856332,0.005948567309538936,-0.015444692679725591,-0.015444692679725591,0.75,0.01,0.75,j1_b_then_a,arithmetic
overconfident_marginals,23,2.0,weighted_geometric,0.12715248322211414,1.3942191637700743,0.6426578297878928,0.11954399834943442,0.040881561188800236,0.007189832401849759,-0.013895020209713449,-0.013895020209713449,0.75,0.01,0.75,j1_b_then_a,arithmetic
overconfident_marginals,23,2.0,hard_core,0.12715248322211414,1.47369226889558,0.6647435417784361,0.17443701613356125,3.769133720723836e-14,0.012185409038606213,0.06557808491579231,0.06557808491579231,0.75,0.01,0.75,j1_b_then_a,arithmetic
overconfident_marginals,23,2.0,adaptive_soft,0.12715248322211414,1.394714015461728,0.6427963673080941,0.12002994189975107,0.04049725982736312,0.007169067290412714,-0.013400168518059807,-0.013400168518059807,0.75,0.01,0.75,j1_b_then_a,arithmetic
overconfident_marginals,23,2.0,selective_core,0.12715248322211414,1.3833023146953909,0.6403211533755041,0.10530542696464576,0.045862702381708274,0.00588469203888499,-0.024811869284396826,-0.024811869284396826,0.75,0.01,0.75,j1_b_then_a,arithmetic
overconfident_marginals,24,2.0,j1,0.1569720702156988,1.5512473567093308,0.7046673189072435,0.12854274760088708,0.05816897933667211,0.015374722631718614,0.012297809030231921,0.0,0.75,0.01,0.75,j1_b_then_a,arithmetic
overconfident_marginals,24,2.0,j2,0.1569720702156988,1.5389495476790989,0.7070464776036742,0.13007079351594,0.05838425244756728,0.015374722631718614,0.0,-0.012297809030231921,0.75,0.01,0.75,j1_b_then_a,arithmetic
overconfident_marginals,24,2.0,selected_order,0.1569720702156988,1.5512473567093308,0.7046673189072435,0.12854274760088708,0.05816897933667211,0.015374722631718614,0.012297809030231921,0.0,0.75,0.01,0.75,j1_b_then_a,arithmetic
overconfident_marginals,24,2.0,independent,0.1569720702156988,1.7427954009386162,0.7421572597785412,0.23702727911669647,4.133625862662921e-17,0.03594814214505543,0.20384585325951732,0.1915480442292854,0.75,0.01,0.75,j1_b_then_a,arithmetic
overconfident_marginals,24,2.0,arithmetic,0.1569720702156988,1.4983040448115235,0.6995653735548986,0.09839048288309556,0.05827661589211967,0.008076256250171492,-0.0406455028675754,-0.05294331189780732,0.75,0.01,0.75,j1_b_then_a,arithmetic
overconfident_marginals,24,2.0,geometric,0.1569720702156988,1.512499676678628,0.7038357331796087,0.11731755386163722,0.04867701179087576,0.008179984801385853,-0.026449871000470804,-0.038747680030702725,0.75,0.01,0.75,j1_b_then_a,arithmetic
overconfident_marginals,24,2.0,weighted_geometric,0.1569720702156988,1.5236610383082043,0.7035163483961296,0.11808491782082646,0.05107502365625531,0.009955741281059147,-0.015288509370894543,-0.027586318401126464,0.75,0.01,0.75,j1_b_then_a,arithmetic
overconfident_marginals,24,2.0,hard_core,0.1569720702156988,1.608943988927653,0.7276462684605354,0.19234547586669992,7.180669655083734e-14,0.016361952972055775,0.06999444124855403,0.05769663221832211,0.75,0.01,0.75,j1_b_then_a,arithmetic
overconfident_marginals,24,2.0,adaptive_soft,0.1569720702156988,1.5241627278090815,0.7036857878222202,0.11876019162488716,0.050518756920452344,0.009929793298119318,-0.014786819870017398,-0.02708462890024932,0.75,0.01,0.75,j1_b_then_a,arithmetic
overconfident_marginals,24,2.0,selective_core,0.1569720702156988,1.4983040448115235,0.6995653735548986,0.09839048288309556,0.05827661589211967,0.008076256250171492,-0.0406455028675754,-0.05294331189780732,0.75,0.01,0.75,j1_b_then_a,arithmetic
overconfident_marginals,25,2.0,j1,0.1427007933912602,1.6307863161364247,0.729705222951493,0.13179409793378097,0.053390197204646765,0.01237908745548684,0.0,0.0,0.5,0.01,0.5,j1_b_then_a,arithmetic
overconfident_marginals,25,2.0,j2,0.1427007933912602,1.6495542663587983,0.7292523268591341,0.12903954713748975,0.05527533713292826,0.01237908745548684,0.018767950222373653,0.018767950222373653,0.5,0.01,0.5,j1_b_then_a,arithmetic
overconfident_marginals,25,2.0,selected_order,0.1427007933912602,1.6307863161364247,0.729705222951493,0.13179409793378097,0.053390197204646765,0.01237908745548684,0.0,0.0,0.5,0.01,0.5,j1_b_then_a,arithmetic
overconfident_marginals,25,2.0,independent,0.1427007933912602,1.9808232908111003,0.7857541382675525,0.2832270577440315,4.251387111287656e-17,0.06069518699068621,0.35003697467467565,0.35003697467467565,0.5,0.01,0.5,j1_b_then_a,arithmetic
overconfident_marginals,25,2.0,arithmetic,0.1427007933912602,1.6051229880566267,0.7239876176676178,0.10238879225262176,0.05433276716878748,0.006435741772943169,-0.025663328079797987,-0.025663328079797987,0.5,0.01,0.5,j1_b_then_a,arithmetic
overconfident_marginals,25,2.0,geometric,0.1427007933912602,1.6142445142458233,0.7274929341908045,0.11622385565061288,0.048165661656988275,0.006487105161692863,-0.016541801890601393,-0.016541801890601393,0.5,0.01,0.5,j1_b_then_a,arithmetic
overconfident_marginals,25,2.0,weighted_geometric,0.1427007933912602,1.6142445142458233,0.7274929341908045,0.11622385565061288,0.048165661656988275,0.006487105161692863,-0.016541801890601393,-0.016541801890601393,0.5,0.01,0.5,j1_b_then_a,arithmetic
overconfident_marginals,25,2.0,hard_core,0.1427007933912602,1.7242349226388054,0.7543492405537583,0.18537918285962057,6.906732497597291e-14,0.015838845055151155,0.09344860650238074,0.09344860650238074,0.5,0.01,0.5,j1_b_then_a,arithmetic
overconfident_marginals,25,2.0,adaptive_soft,0.1427007933912602,1.6149130133004246,0.7276729939017228,0.11682045528486917,0.04777503491119288,0.006498780138647443,-0.01587330283600008,-0.01587330283600008,0.5,0.01,0.5,j1_b_then_a,arithmetic
overconfident_marginals,25,2.0,selective_core,0.1427007933912602,1.6051229880566267,0.7239876176676178,0.10238879225262176,0.05433276716878748,0.006435741772943169,-0.025663328079797987,-0.025663328079797987,0.5,0.01,0.5,j1_b_then_a,arithmetic
overconfident_marginals,26,2.0,j1,0.13320928513929534,1.4114325052183994,0.6466828911064129,0.12485942558522091,0.050431905125265644,0.012879315275289606,0.0,0.0,0.5,0.01,0.5,j1_b_then_a,arithmetic
overconfident_marginals,26,2.0,j2,0.13320928513929534,1.4222981202797447,0.6499784517910548,0.12738777694477324,0.047737070873276145,0.012879315275289606,0.010865615061345313,0.010865615061345313,0.5,0.01,0.5,j1_b_then_a,arithmetic
overconfident_marginals,26,2.0,selected_order,0.13320928513929534,1.4114325052183994,0.6466828911064129,0.12485942558522091,0.050431905125265644,0.012879315275289606,0.0,0.0,0.5,0.01,0.5,j1_b_then_a,arithmetic
overconfident_marginals,26,2.0,independent,0.13320928513929534,1.6870855744597841,0.6876360547337064,0.24494827689827273,4.3197461058981306e-17,0.048965539858919015,0.2756530692413848,0.2756530692413848,0.5,0.01,0.5,j1_b_then_a,arithmetic
overconfident_marginals,26,2.0,arithmetic,0.13320928513929534,1.3757280038348945,0.6433255997321753,0.1022926382002176,0.04908448799927087,0.006787556954105433,-0.035704501383504894,-0.035704501383504894,0.5,0.01,0.5,j1_b_then_a,arithmetic
overconfident_marginals,26,2.0,geometric,0.13320928513929534,1.389553331193727,0.64686032737906,0.11924498167875848,0.04114416582112718,0.006888592360970202,-0.021879174024672432,-0.021879174024672432,0.5,0.01,0.5,j1_b_then_a,arithmetic
overconfident_marginals,26,2.0,weighted_geometric,0.13320928513929534,1.389553331193727,0.64686032737906,0.11924498167875848,0.04114416582112718,0.006888592360970202,-0.021879174024672432,-0.021879174024672432,0.5,0.01,0.5,j1_b_then_a,arithmetic
overconfident_marginals,26,2.0,hard_core,0.13320928513929534,1.4783376159120658,0.6636639686579602,0.18057558502968477,6.303550964441147e-14,0.015565984340550365,0.06690511069366645,0.06690511069366645,0.5,0.01,0.5,j1_b_then_a,arithmetic
overconfident_marginals,26,2.0,adaptive_soft,0.13320928513929534,1.3901561705480074,0.6470011990267263,0.11984207334196378,0.0407672993822439,0.006904787802267729,-0.021276334670391917,-0.021276334670391917,0.5,0.01,0.5,j1_b_then_a,arithmetic
overconfident_marginals,26,2.0,selective_core,0.13320928513929534,1.3757280038348945,0.6433255997321753,0.1022926382002176,0.04908448799927087,0.006787556954105433,-0.035704501383504894,-0.035704501383504894,0.5,0.01,0.5,j1_b_then_a,arithmetic
overconfident_marginals,27,2.0,j1,0.13073694381602913,1.4550763082148748,0.6626309028418219,0.12295295132101179,0.05112109205374666,0.01213440762384089,0.015180572492277111,0.0,0.5,0.01,0.5,j1_b_then_a,arithmetic
overconfident_marginals,27,2.0,j2,0.13073694381602913,1.4398957357225977,0.6594769436149301,0.1261475859236582,0.046713846272562705,0.01213440762384089,0.0,-0.015180572492277111,0.5,0.01,0.5,j1_b_then_a,arithmetic
overconfident_marginals,27,2.0,selected_order,0.13073694381602913,1.4550763082148748,0.6626309028418219,0.12295295132101179,0.05112109205374666,0.01213440762384089,0.015180572492277111,0.0,0.5,0.01,0.5,j1_b_then_a,arithmetic
overconfident_marginals,27,2.0,independent,0.13073694381602913,1.7309553219780587,0.697238868420574,0.232664469036503,4.586353390456535e-17,0.04641586185975563,0.291059586255461,0.2758790137631839,0.5,0.01,0.5,j1_b_then_a,arithmetic
overconfident_marginals,27,2.0,arithmetic,0.13073694381602913,1.4101553394652988,0.6560556072190439,0.10046076668998921,0.04891746916315465,0.006372394572415719,-0.02974039625729885,-0.04492096874957596,0.5,0.01,0.5,j1_b_then_a,arithmetic
overconfident_marginals,27,2.0,geometric,0.13073694381602913,1.4218621886778178,0.6602640289021585,0.11597253361048095,0.04144844499973766,0.00645832282918593,-0.018033547044779885,-0.033214119537056996,0.5,0.01,0.5,j1_b_then_a,arithmetic
overconfident_marginals,27,2.0,weighted_geometric,0.13073694381602913,1.4218621886778178,0.6602640289021585,0.11597253361048095,0.04144844499973766,0.00645832282918593,-0.018033547044779885,-0.033214119537056996,0.5,0.01,0.5,j1_b_then_a,arithmetic
overconfident_marginals,27,2.0,hard_core,0.13073694381602913,1.5156400923420656,0.678762699090549,0.17741862377185474,6.186885138056564e-14,0.01618276389195595,0.07574435661946799,0.06056378412719088,0.5,0.01,0.5,j1_b_then_a,arithmetic
overconfident_marginals,27,2.0,adaptive_soft,0.13073694381602913,1.4224733807912004,0.6604181416550993,0.11652049555729344,0.041091175584470035,0.0064720720307805645,-0.01742235493139721,-0.03260292742367432,0.5,0.01,0.5,j1_b_then_a,arithmetic
overconfident_marginals,27,2.0,selective_core,0.13073694381602913,1.4101553394652988,0.6560556072190439,0.10046076668998921,0.04891746916315465,0.006372394572415719,-0.02974039625729885,-0.04492096874957596,0.5,0.01,0.5,j1_b_then_a,arithmetic
overconfident_marginals,28,2.0,j1,0.14714419449660587,1.5543041840944443,0.6966566327762505,0.12135106896725693,0.05775454896135171,0.014125720754419195,0.0,-0.013579842386773233,0.5,0.01,0.5,j2_a_then_b,arithmetic
overconfident_marginals,28,2.0,j2,0.14714419449660587,1.5678840264812175,0.7013670873492587,0.13170508340064338,0.049718647219853286,0.014125720754419195,0.013579842386773233,0.0,0.5,0.01,0.5,j2_a_then_b,arithmetic
overconfident_marginals,28,2.0,selected_order,0.14714419449660587,1.5678840264812175,0.7013670873492587,0.13170508340064338,0.049718647219853286,0.014125720754419195,0.013579842386773233,0.0,0.5,0.01,0.5,j2_a_then_b,arithmetic
overconfident_marginals,28,2.0,independent,0.14714419449660587,1.7737602540212087,0.7371184474237086,0.23230209264160873,5.0663287601487535e-17,0.03679752927446395,0.21945606992676447,0.20587622753999124,0.5,0.01,0.5,j2_a_then_b,arithmetic
overconfident_marginals,28,2.0,arithmetic,0.14714419449660587,1.5171398487541778,0.6934310972056171,0.0985096701540245,0.05373659809060247,0.007427964070832123,-0.03716433534026642,-0.05074417772703965,0.5,0.01,0.5,j2_a_then_b,arithmetic
overconfident_marginals,28,2.0,geometric,0.14714419449660587,1.5311634535307994,0.6980384712586797,0.11622829318406812,0.045189797866804625,0.007531186038896012,-0.02314073056364485,-0.036720572950418084,0.5,0.01,0.5,j2_a_then_b,arithmetic
overconfident_marginals,28,2.0,weighted_geometric,0.14714419449660587,1.5311634535307994,0.6980384712586797,0.11622829318406812,0.045189797866804625,0.007531186038896012,-0.02314073056364485,-0.036720572950418084,0.5,0.01,0.5,j2_a_then_b,arithmetic
overconfident_marginals,28,2.0,hard_core,0.14714419449660587,1.6469395431647458,0.7226296229084437,0.1840067362937072,5.6778849910044037e-14,0.0152921702446786,0.09263535907030152,0.07905551668352828,0.5,0.01,0.5,j2_a_then_b,arithmetic
overconfident_marginals,28,2.0,adaptive_soft,0.14714419449660587,1.5319996124579935,0.6982359392742735,0.1169207761824395,0.04473300646072293,0.0075486507454905795,-0.02230457163645072,-0.035884414023223954,0.5,0.01,0.5,j2_a_then_b,arithmetic
overconfident_marginals,28,2.0,selective_core,0.14714419449660587,1.5171398487541778,0.6934310972056171,0.0985096701540245,0.05373659809060247,0.007427964070832123,-0.03716433534026642,-0.05074417772703965,0.5,0.01,0.5,j2_a_then_b,arithmetic
overconfident_marginals,29,2.0,j1,0.1617093555380718,1.4693503710310247,0.6564096173705125,0.12126937916776957,0.06265255785510658,0.01799828286680239,0.0,-0.010505857797850293,0.5,0.01,0.5,j2_a_then_b,arithmetic
overconfident_marginals,29,2.0,j2,0.1617093555380718,1.479856228828875,0.6605268765049837,0.12651053571565335,0.058867098684029,0.01799828286680239,0.010505857797850293,0.0,0.5,0.01,0.5,j2_a_then_b,arithmetic
overconfident_marginals,29,2.0,selected_order,0.1617093555380718,1.479856228828875,0.6605268765049837,0.12651053571565335,0.058867098684029,0.01799828286680239,0.010505857797850293,0.0,0.5,0.01,0.5,j2_a_then_b,arithmetic
overconfident_marginals,29,2.0,independent,0.1617093555380718,1.608200408959851,0.693575220571291,0.20482849860441718,4.843430885334649e-17,0.02294578630479059,0.13885003792882622,0.12834418013097593,0.5,0.01,0.5,j2_a_then_b,arithmetic
overconfident_marginals,29,2.0,arithmetic,0.1617093555380718,1.411366324297291,0.6517214601681587,0.09279940323577708,0.060759828269567766,0.00956738315425519,-0.05798404673373381,-0.0684899045315841,0.5,0.01,0.5,j2_a_then_b,arithmetic
overconfident_marginals,29,2.0,geometric,0.1617093555380718,1.4359129285255259,0.6573406996614193,0.11742274920078288,0.048297587967075555,0.009749126637680641,-0.03343744250549885,-0.04394330030334914,0.5,0.01,0.5,j2_a_then_b,arithmetic
overconfident_marginals,29,2.0,weighted_geometric,0.1617093555380718,1.4359129285255259,0.6573406996614193,0.11742274920078288,0.048297587967075555,0.009749126637680641,-0.03343744250549885,-0.04394330030334914,0.5,0.01,0.5,j2_a_then_b,arithmetic
overconfident_marginals,29,2.0,hard_core,0.1617093555380718,1.5706482506897583,0.688147717052314,0.1947151342042618,1.7479992087746358e-14,0.01863246029577746,0.1012978796587336,0.09079202186088331,0.5,0.01,0.5,j2_a_then_b,arithmetic
overconfident_marginals,29,2.0,adaptive_soft,0.1617093555380718,1.4369237517443463,0.6575835272441084,0.11828411406552268,0.0477440321921234,0.009777163948339574,-0.03242661928667845,-0.04293247708452874,0.5,0.01,0.5,j2_a_then_b,arithmetic
overconfident_marginals,29,2.0,selective_core,0.1617093555380718,1.411366324297291,0.6517214601681587,0.09279940323577708,0.060759828269567766,0.00956738315425519,-0.05798404673373381,-0.0684899045315841,0.5,0.01,0.5,j2_a_then_b,arithmetic
overconfident_marginals,30,2.0,j1,0.13768111373558287,1.5780329893893248,0.7017980855786914,0.12498608280694898,0.051536033443544,0.01207989269154348,0.0,-0.018551661441821965,0.5,0.01,0.5,j2_a_then_b,arithmetic
overconfident_marginals,30,2.0,j2,0.13768111373558287,1.5965846508311468,0.7070744370190302,0.1310270588953536,0.05024256663179384,0.01207989269154348,0.018551661441821965,0.0,0.5,0.01,0.5,j2_a_then_b,arithmetic
overconfident_marginals,30,2.0,selected_order,0.13768111373558287,1.5965846508311468,0.7070744370190302,0.1310270588953536,0.05024256663179384,0.01207989269154348,0.018551661441821965,0.0,0.5,0.01,0.5,j2_a_then_b,arithmetic
overconfident_marginals,30,2.0,independent,0.13768111373558287,1.8963580467844727,0.7501798193971462,0.2701877167291517,4.61400106533468e-17,0.05475260036940739,0.31832505739514794,0.29977339595332597,0.5,0.01,0.5,j2_a_then_b,arithmetic
overconfident_marginals,30,2.0,arithmetic,0.13768111373558287,1.5517358847231537,0.699222944861673,0.10215765317524475,0.05088930003766889,0.0063067259707597825,-0.02629710466617108,-0.04484876610799304,0.5,0.01,0.5,j2_a_then_b,arithmetic
overconfident_marginals,30,2.0,geometric,0.13768111373558287,1.5619289306730406,0.7022156400456493,0.11647923074085373,0.04430297146462939,0.0063724799957920325,-0.016104058716284175,-0.03465572015810614,0.5,0.01,0.5,j2_a_then_b,arithmetic
overconfident_marginals,30,2.0,weighted_geometric,0.13768111373558287,1.5619289306730406,0.7022156400456493,0.11647923074085373,0.04430297146462939,0.0063724799957920325,-0.016104058716284175,-0.03465572015810614,0.5,0.01,0.5,j2_a_then_b,arithmetic
overconfident_marginals,30,2.0,hard_core,0.13768111373558287,1.6604254137645784,0.7211715805236801,0.1792806919382803,2.5468026693273152e-14,0.013949239279824326,0.08239242437525363,0.06384076293343166,0.5,0.01,0.5,j2_a_then_b,arithmetic
overconfident_marginals,30,2.0,adaptive_soft,0.13768111373558287,1.5625637127430327,0.7023488972537314,0.11706617045975841,0.04390689064684018,0.006385079395002474,-0.015469276646292052,-0.03402093808811402,0.5,0.01,0.5,j2_a_then_b,arithmetic
overconfident_marginals,30,2.0,selective_core,0.13768111373558287,1.5517358847231537,0.699222944861673,0.10215765317524475,0.05088930003766889,0.0063067259707597825,-0.02629710466617108,-0.04484876610799304,0.5,0.01,0.5,j2_a_then_b,arithmetic
overconfident_marginals,31,2.0,j1,0.1476550986314685,1.5328489916982775,0.6869010617095589,0.12974316273533912,0.05587934422580499,0.014172127373086305,0.007648105112472381,0.007648105112472381,0.5,0.01,0.5,j2_a_then_b,arithmetic
overconfident_marginals,31,2.0,j2,0.1476550986314685,1.525200886585805,0.686726802317649,0.13160948815058263,0.05392117672486351,0.014172127373086305,0.0,0.0,0.5,0.01,0.5,j2_a_then_b,arithmetic
overconfident_marginals,31,2.0,selected_order,0.1476550986314685,1.525200886585805,0.686726802317649,0.13160948815058263,0.05392117672486351,0.014172127373086305,0.0,0.0,0.5,0.01,0.5,j2_a_then_b,arithmetic
overconfident_marginals,31,2.0,independent,0.1476550986314685,1.7258771353871385,0.719123590841984,0.24333673934147396,5.083787080136268e-17,0.04110855940455145,0.2006762488013334,0.2006762488013334,0.5,0.01,0.5,j2_a_then_b,arithmetic
overconfident_marginals,31,2.0,arithmetic,0.1476550986314685,1.4886769346382902,0.6811721231278628,0.10141667214306556,0.05490026047533422,0.007421292680836357,-0.0365239519475149,-0.0365239519475149,0.5,0.01,0.5,j2_a_then_b,arithmetic
overconfident_marginals,31,2.0,geometric,0.1476550986314685,1.4991258741194506,0.6845307999024676,0.1189272611308294,0.04645165224707758,0.007501031682919129,-0.026075012466354464,-0.026075012466354464,0.5,0.01,0.5,j2_a_then_b,arithmetic
overconfident_marginals,31,2.0,weighted_geometric,0.1476550986314685,1.4991258741194506,0.6845307999024676,0.1189272611308294,0.04645165224707758,0.007501031682919129,-0.026075012466354464,-0.026075012466354464,0.5,0.01,0.5,j2_a_then_b,arithmetic
overconfident_marginals,31,2.0,hard_core,0.1476550986314685,1.5816059731664933,0.7027300188878399,0.18847799839082455,7.134155797652908e-14,0.015649708822763755,0.05640508658068821,0.05640508658068821,0.5,0.01,0.5,j2_a_then_b,arithmetic
overconfident_marginals,31,2.0,adaptive_soft,0.1476550986314685,1.4996866371886646,0.6846724206460826,0.11962849445938298,0.045988387751302456,0.007517057150008697,-0.02551424939714053,-0.02551424939714053,0.5,0.01,0.5,j2_a_then_b,arithmetic
overconfident_marginals,31,2.0,selective_core,0.1476550986314685,1.4886769346382902,0.6811721231278628,0.10141667214306556,0.05490026047533422,0.007421292680836357,-0.0365239519475149,-0.0365239519475149,0.5,0.01,0.5,j2_a_then_b,arithmetic
overconfident_marginals,32,2.0,j1,0.15790117981747853,1.5678822299059778,0.7034895394494597,0.11949121767661267,0.06078153928467134,0.016393812834337173,0.03698733866782944,0.0,0.75,0.01,0.5,j1_b_then_a,arithmetic
overconfident_marginals,32,2.0,j2,0.15790117981747853,1.5308948912381484,0.706332602687887,0.12747285515387652,0.05580294356436224,0.016393812834337173,0.0,-0.03698733866782944,0.75,0.01,0.5,j1_b_then_a,arithmetic
overconfident_marginals,32,2.0,selected_order,0.15790117981747853,1.5678822299059778,0.7034895394494597,0.11949121767661267,0.06078153928467134,0.016393812834337173,0.03698733866782944,0.0,0.75,0.01,0.5,j1_b_then_a,arithmetic
overconfident_marginals,32,2.0,independent,0.15790117981747853,1.6947737970929135,0.7350899163847487,0.20521393622470555,4.465818165849908e-17,0.024138049956680726,0.16387890585476517,0.12689156718693573,0.75,0.01,0.5,j1_b_then_a,arithmetic
overconfident_marginals,32,2.0,arithmetic,0.15790117981747853,1.494487260229233,0.698649461281575,0.09308205821109414,0.058292241424516764,0.008665226711627363,-0.03640763100891542,-0.07339496967674486,0.75,0.01,0.5,j1_b_then_a,arithmetic
overconfident_marginals,32,2.0,geometric,0.15790117981747853,1.51438360789046,0.7042162172514236,0.1143232064021382,0.04746461951191758,0.008810665527357127,-0.016511283347688366,-0.053498622015517805,0.75,0.01,0.5,j1_b_then_a,arithmetic
overconfident_marginals,32,2.0,weighted_geometric,0.15790117981747853,1.51438360789046,0.7042162172514236,0.1143232064021382,0.04746461951191758,0.008810665527357127,-0.016511283347688366,-0.053498622015517805,0.75,0.01,0.5,j1_b_then_a,arithmetic
overconfident_marginals,32,2.0,hard_core,0.15790117981747853,1.6289306717508643,0.7305789859528627,0.1877722675049185,1.3509632454496023e-14,0.01683322528741099,0.09803578051271589,0.06104844184488645,0.75,0.01,0.5,j1_b_then_a,arithmetic
overconfident_marginals,32,2.0,adaptive_soft,0.15790117981747853,1.5328991077547003,0.7035589577423513,0.11290962917360446,0.05086186543279963,0.010640278635452539,0.0020042165165519155,-0.034983122151277524,0.75,0.01,0.5,j1_b_then_a,arithmetic
overconfident_marginals,32,2.0,selective_core,0.15790117981747853,1.494487260229233,0.698649461281575,0.09308205821109414,0.058292241424516764,0.008665226711627363,-0.03640763100891542,-0.07339496967674486,0.75,0.01,0.5,j1_b_then_a,arithmetic
overconfident_marginals,33,2.0,j1,0.14049506553826893,1.6695145865748073,0.7260962809873279,0.12418662268730629,0.05436675630851449,0.012406366089460332,0.004695385402915697,0.004695385402915697,0.5,0.01,0.5,j2_a_then_b,arithmetic
overconfident_marginals,33,2.0,j2,0.14049506553826893,1.6648192011718916,0.7317958152668129,0.13072985735763426,0.04987361266932657,0.012406366089460332,0.0,0.0,0.5,0.01,0.5,j2_a_then_b,arithmetic
overconfident_marginals,33,2.0,selected_order,0.14049506553826893,1.6648192011718916,0.7317958152668129,0.13072985735763426,0.04987361266932657,0.012406366089460332,0.0,0.0,0.5,0.01,0.5,j2_a_then_b,arithmetic
overconfident_marginals,33,2.0,independent,0.14049506553826893,1.926090823488586,0.7659246135902531,0.25717703984361834,4.6188062934911536e-17,0.05159357358067759,0.26127162231669443,0.26127162231669443,0.5,0.01,0.5,j2_a_then_b,arithmetic
overconfident_marginals,33,2.0,arithmetic,0.14049506553826893,1.6259691914936385,0.7239378582960412,0.10089770136977445,0.0521201844889205,0.006474571407119277,-0.03885000967825314,-0.03885000967825314,0.5,0.01,0.5,j2_a_then_b,arithmetic
overconfident_marginals,33,2.0,geometric,0.14049506553826893,1.6411107382835541,0.7276764643973332,0.11536510235133693,0.0455382312118317,0.006539134893349598,-0.0237084628883375,-0.0237084628883375,0.5,0.01,0.5,j2_a_then_b,arithmetic
overconfident_marginals,33,2.0,weighted_geometric,0.14049506553826893,1.6411107382835541,0.7276764643973332,0.11536510235133693,0.0455382312118317,0.006539134893349598,-0.0237084628883375,-0.0237084628883375,0.5,0.01,0.5,j2_a_then_b,arithmetic
overconfident_marginals,33,2.0,hard_core,0.14049506553826893,1.745447552024016,0.7465877972504188,0.18098964081539623,6.983842591932869e-14,0.015193610865121892,0.08062835085212439,0.08062835085212439,0.5,0.01,0.5,j2_a_then_b,arithmetic
overconfident_marginals,33,2.0,adaptive_soft,0.14049506553826893,1.6418158367819824,0.7278352822904595,0.1159746391176336,0.04513987746536018,0.006552155427593934,-0.023003364389909242,-0.023003364389909242,0.5,0.01,0.5,j2_a_then_b,arithmetic
overconfident_marginals,33,2.0,selective_core,0.14049506553826893,1.6259691914936385,0.7239378582960412,0.10089770136977445,0.0521201844889205,0.006474571407119277,-0.03885000967825314,-0.03885000967825314,0.5,0.01,0.5,j2_a_then_b,arithmetic
overconfident_marginals,34,2.0,j1,0.13049734607815602,1.6054797091358455,0.7262632564473507,0.12024601520162877,0.04893092884884369,0.010580982712110814,0.0,0.0,0.75,0.01,0.75,j1_b_then_a,arithmetic
overconfident_marginals,34,2.0,j2,0.13049734607815602,1.617389255634791,0.7292525219325161,0.12819362046352206,0.04635454115049609,0.010580982712110814,0.0119095464989456,0.0119095464989456,0.75,0.01,0.75,j1_b_then_a,arithmetic
overconfident_marginals,34,2.0,selected_order,0.13049734607815602,1.6054797091358455,0.7262632564473507,0.12024601520162877,0.04893092884884369,0.010580982712110814,0.0,0.0,0.75,0.01,0.75,j1_b_then_a,arithmetic
overconfident_marginals,34,2.0,independent,0.13049734607815602,1.9704276083244963,0.781262949879116,0.2771703794624244,4.2669127231018555e-17,0.05645751864016447,0.3649478991886508,0.3649478991886508,0.75,0.01,0.75,j1_b_then_a,arithmetic
overconfident_marginals,34,2.0,arithmetic,0.13049734607815602,1.5777461483257733,0.7230933017180375,0.1006771113060212,0.04764273499966986,0.0054956054978123085,-0.027733560810072166,-0.027733560810072166,0.75,0.01,0.75,j1_b_then_a,arithmetic
overconfident_marginals,34,2.0,geometric,0.13049734607815602,1.5893280244434917,0.7265376156886946,0.11248687920826594,0.04248316201901706,0.0055403688329902995,-0.01615168469235373,-0.01615168469235373,0.75,0.01,0.75,j1_b_then_a,arithmetic
overconfident_marginals,34,2.0,weighted_geometric,0.13049734607815602,1.5916510908948391,0.7260123586168057,0.11226306526896061,0.044417541074600574,0.006722738707092984,-0.01382861824100634,-0.01382861824100634,0.75,0.01,0.75,j1_b_then_a,arithmetic
overconfident_marginals,34,2.0,hard_core,0.13049734607815602,1.6773073702452739,0.7445826180409264,0.1699922604384324,4.38804668086982e-14,0.012350037636557336,0.0718276611094284,0.0718276611094284,0.75,0.01,0.75,j1_b_then_a,arithmetic
overconfident_marginals,34,2.0,adaptive_soft,0.13049734607815602,1.5921948594743844,0.7261503527763048,0.11271969892615605,0.04404824410281874,0.0066996570248949085,-0.01328484966146104,-0.01328484966146104,0.75,0.01,0.75,j1_b_then_a,arithmetic
overconfident_marginals,34,2.0,selective_core,0.13049734607815602,1.5777461483257733,0.7230933017180375,0.1006771113060212,0.04764273499966986,0.0054956054978123085,-0.027733560810072166,-0.027733560810072166,0.75,0.01,0.75,j1_b_then_a,arithmetic
overconfident_marginals,35,2.0,j1,0.1344524135964549,1.5974060808975044,0.7159323905582005,0.12750543248904042,0.050285033656492874,0.011435084136012037,0.013543561931422365,0.013543561931422365,0.5,0.01,0.5,j2_a_then_b,arithmetic
overconfident_marginals,35,2.0,j2,0.1344524135964549,1.583862518966082,0.7180826519768456,0.12841031859109286,0.0494423282385134,0.011435084136012037,0.0,0.0,0.5,0.01,0.5,j2_a_then_b,arithmetic
overconfident_marginals,35,2.0,selected_order,0.1344524135964549,1.583862518966082,0.7180826519768456,0.12841031859109286,0.0494423282385134,0.011435084136012037,0.0,0.0,0.5,0.01,0.5,j2_a_then_b,arithmetic
overconfident_marginals,35,2.0,independent,0.1344524135964549,1.9169496022159447,0.7652004121795892,0.2783217782308849,4.281021941982992e-17,0.059643786585497904,0.3330870832498627,0.3330870832498627,0.5,0.01,0.5,j2_a_then_b,arithmetic
overconfident_marginals,35,2.0,arithmetic,0.1344524135964549,1.5569577108324029,0.7122350204298278,0.10328938052277346,0.04986368094750311,0.005945243046700263,-0.026904808133679126,-0.026904808133679126,0.5,0.01,0.5,j2_a_then_b,arithmetic
overconfident_marginals,35,2.0,geometric,0.1344524135964549,1.5667238778428307,0.715797485372377,0.1165342406935406,0.04410291773566421,0.005992428778928844,-0.017138641123251253,-0.017138641123251253,0.5,0.01,0.5,j2_a_then_b,arithmetic
overconfident_marginals,35,2.0,weighted_geometric,0.1344524135964549,1.5667238778428307,0.715797485372377,0.1165342406935406,0.04410291773566421,0.005992428778928844,-0.017138641123251253,-0.017138641123251253,0.5,0.01,0.5,j2_a_then_b,arithmetic
overconfident_marginals,35,2.0,hard_core,0.1344524135964549,1.6541704843105567,0.7345498243588127,0.17897358223750048,5.094707707963878e-14,0.014081114821289134,0.0703079653444747,0.0703079653444747,0.5,0.01,0.5,j2_a_then_b,arithmetic
overconfident_marginals,35,2.0,adaptive_soft,0.1344524135964549,1.5672872735843344,0.7159482707932655,0.1170836056745193,0.043748100261507,0.006002920921455745,-0.016575245381747594,-0.016575245381747594,0.5,0.01,0.5,j2_a_then_b,arithmetic
overconfident_marginals,35,2.0,selective_core,0.1344524135964549,1.5569577108324029,0.7122350204298278,0.10328938052277346,0.04986368094750311,0.005945243046700263,-0.026904808133679126,-0.026904808133679126,0.5,0.01,0.5,j2_a_then_b,arithmetic
overconfident_marginals,36,2.0,j1,0.14497480375102703,1.6093402475508352,0.7280611945175408,0.12309311542910792,0.0554852451682045,0.012510248427289244,0.006001545501148398,0.0,0.75,0.01,0.5,j1_b_then_a,arithmetic
overconfident_marginals,36,2.0,j2,0.14497480375102703,1.6033387020496868,0.7289286234322063,0.13482672230921258,0.05155735346323026,0.012510248427289244,0.0,-0.006001545501148398,0.75,0.01,0.5,j1_b_then_a,arithmetic
overconfident_marginals,36,2.0,selected_order,0.14497480375102703,1.6093402475508352,0.7280611945175408,0.12309311542910792,0.0554852451682045,0.012510248427289244,0.006001545501148398,0.0,0.75,0.01,0.5,j1_b_then_a,arithmetic
overconfident_marginals,36,2.0,independent,0.14497480375102703,1.9062107291826538,0.7752789078070216,0.27228337606399444,4.286939213567348e-17,0.05465004912455029,0.302872027132967,0.2968704816318186,0.75,0.01,0.5,j1_b_then_a,arithmetic
overconfident_marginals,36,2.0,arithmetic,0.14497480375102703,1.5680381794179712,0.7228287312767241,0.10103983071836123,0.053521299315717356,0.0065030004041121674,-0.03530052263171557,-0.04130206813286397,0.75,0.01,0.5,j1_b_then_a,arithmetic
overconfident_marginals,36,2.0,geometric,0.14497480375102703,1.5801520199356174,0.7267308439365213,0.11501847442409689,0.04689632952563841,0.006554369602238066,-0.02318668211406938,-0.029188227615217777,0.75,0.01,0.5,j1_b_then_a,arithmetic
overconfident_marginals,36,2.0,weighted_geometric,0.14497480375102703,1.5801520199356174,0.7267308439365213,0.11501847442409689,0.04689632952563841,0.006554369602238066,-0.02318668211406938,-0.029188227615217777,0.75,0.01,0.5,j1_b_then_a,arithmetic
overconfident_marginals,36,2.0,hard_core,0.14497480375102703,1.6782266159066792,0.7486476781928939,0.18277498162273892,3.464510302240315e-14,0.014690465567911652,0.07488791385699245,0.06888636835584405,0.75,0.01,0.5,j1_b_then_a,arithmetic
overconfident_marginals,36,2.0,adaptive_soft,0.14497480375102703,1.5884843538797546,0.726980962533301,0.11481540881395555,0.04907946182112724,0.007952351347237393,-0.014854348169932141,-0.02085589367108054,0.75,0.01,0.5,j1_b_then_a,arithmetic
overconfident_marginals,36,2.0,selective_core,0.14497480375102703,1.5680381794179712,0.7228287312767241,0.10103983071836123,0.053521299315717356,0.0065030004041121674,-0.03530052263171557,-0.04130206813286397,0.75,0.01,0.5,j1_b_then_a,arithmetic
overconfident_marginals,37,2.0,j1,0.1396085151516972,1.591136220953602,0.7126470612965539,0.12796607467508292,0.05229740557274169,0.01270999724514388,0.0,-0.032562521535680844,0.25,0.01,0.25,j2_a_then_b,arithmetic
overconfident_marginals,37,2.0,j2,0.1396085151516972,1.6236987424892828,0.7201054788756448,0.12876972088249988,0.0526846572395923,0.01270999724514388,0.032562521535680844,0.0,0.25,0.01,0.25,j2_a_then_b,arithmetic
overconfident_marginals,37,2.0,selected_order,0.1396085151516972,1.6236987424892828,0.7201054788756448,0.12876972088249988,0.0526846572395923,0.01270999724514388,0.032562521535680844,0.0,0.25,0.01,0.25,j2_a_then_b,arithmetic
overconfident_marginals,37,2.0,independent,0.1396085151516972,1.960799778115983,0.7705760798153621,0.2705126721486645,4.029440232799254e-17,0.05516281042199936,0.369663557162381,0.33710103562670013,0.25,0.01,0.25,j2_a_then_b,arithmetic
overconfident_marginals,37,2.0,arithmetic,0.1396085151516972,1.5651006385132704,0.7111078748554687,0.1008130482512939,0.05249103140616697,0.006643199265375207,-0.02603558244033155,-0.058598103976012395,0.25,0.01,0.25,j2_a_then_b,arithmetic
overconfident_marginals,37,2.0,geometric,0.1396085151516972,1.5806567408950154,0.7151784567238185,0.11573606684302089,0.04530999610204074,0.0067138921816904795,-0.010479480058586566,-0.04304200159426741,0.25,0.01,0.25,j2_a_then_b,arithmetic
overconfident_marginals,37,2.0,weighted_geometric,0.1396085151516972,1.595489949200798,0.7173448028949179,0.11824289264488928,0.0472139769812589,0.008215465583797033,0.0043537282471959315,-0.028208793288484912,0.25,0.01,0.25,j2_a_then_b,arithmetic
overconfident_marginals,37,2.0,hard_core,0.1396085151516972,1.6929220222606134,0.7396251656300868,0.18198630857958226,1.2367482571378028e-13,0.014312364421603363,0.10178580130701143,0.06922327977133058,0.25,0.01,0.25,j2_a_then_b,arithmetic
overconfident_marginals,37,2.0,adaptive_soft,0.1396085151516972,1.5961051529126444,0.7175041616170806,0.11875249291408012,0.04674324643500745,0.008192543012203537,0.004968931959042466,-0.027593589576638378,0.25,0.01,0.25,j2_a_then_b,arithmetic
overconfident_marginals,37,2.0,selective_core,0.1396085151516972,1.5651006385132704,0.7111078748554687,0.1008130482512939,0.05249103140616697,0.006643199265375207,-0.02603558244033155,-0.058598103976012395,0.25,0.01,0.25,j2_a_then_b,arithmetic
overconfident_marginals,38,2.0,j1,0.16201192262383915,1.6304070719535344,0.7169673250580887,0.12315447970067447,0.06168894112885533,0.016106633218559558,0.021450349503327137,0.0,0.5,0.01,0.5,j1_b_then_a,arithmetic
overconfident_marginals,38,2.0,j2,0.16201192262383915,1.6089567224502073,0.723819049929395,0.12915125867961616,0.05733839801446768,0.016106633218559558,0.0,-0.021450349503327137,0.5,0.01,0.5,j1_b_then_a,arithmetic
overconfident_marginals,38,2.0,selected_order,0.16201192262383915,1.6304070719535344,0.7169673250580887,0.12315447970067447,0.06168894112885533,0.016106633218559558,0.021450349503327137,0.0,0.5,0.01,0.5,j1_b_then_a,arithmetic
overconfident_marginals,38,2.0,independent,0.16201192262383915,1.7714114804648908,0.7545376412809999,0.21053654565237961,4.5494156497982744e-17,0.025497947993619124,0.16245475801468356,0.14100440851135643,0.5,0.01,0.5,j1_b_then_a,arithmetic
overconfident_marginals,38,2.0,arithmetic,0.16201192262383915,1.5678483823718548,0.7140283889040652,0.09380052091027172,0.05951366957166148,0.008472907945546912,-0.04110834007835251,-0.06255868958167965,0.5,0.01,0.5,j1_b_then_a,arithmetic
overconfident_marginals,38,2.0,geometric,0.16201192262383915,1.585463137772319,0.7182044505623278,0.11376015245341568,0.04930730704037115,0.008590392922037648,-0.023493584677888313,-0.04494393418121545,0.5,0.01,0.5,j1_b_then_a,arithmetic
overconfident_marginals,38,2.0,weighted_geometric,0.16201192262383915,1.585463137772319,0.7182044505623278,0.11376015245341568,0.04930730704037115,0.008590392922037648,-0.023493584677888313,-0.04494393418121545,0.5,0.01,0.5,j1_b_then_a,arithmetic
overconfident_marginals,38,2.0,hard_core,0.16201192262383915,1.694473821481894,0.7445395583206013,0.1884458225641435,2.1959591243762655e-14,0.016521985109499822,0.0855170990316867,0.06406674952835956,0.5,0.01,0.5,j1_b_then_a,arithmetic
overconfident_marginals,38,2.0,adaptive_soft,0.16201192262383915,1.5862833919497512,0.7184054141579201,0.11456929790828939,0.04876321559250786,0.008611324254124407,-0.022673330500456057,-0.044123680003783194,0.5,0.01,0.5,j1_b_then_a,arithmetic
overconfident_marginals,38,2.0,selective_core,0.16201192262383915,1.5678483823718548,0.7140283889040652,0.09380052091027172,0.05951366957166148,0.008472907945546912,-0.04110834007835251,-0.06255868958167965,0.5,0.01,0.5,j1_b_then_a,arithmetic
overconfident_marginals,39,2.0,j1,0.1342789847451396,1.4921402733636182,0.6808291686316438,0.1210287444257136,0.05134722315701728,0.01303071975506922,0.00881184743499941,0.0,0.5,0.01,0.5,j1_b_then_a,arithmetic
overconfident_marginals,39,2.0,j2,0.1342789847451396,1.4833284259286188,0.6857601091744983,0.12382213174347984,0.048276449476444855,0.01303071975506922,0.0,-0.00881184743499941,0.5,0.01,0.5,j1_b_then_a,arithmetic
overconfident_marginals,39,2.0,selected_order,0.1342789847451396,1.4921402733636182,0.6808291686316438,0.1210287444257136,0.05134722315701728,0.01303071975506922,0.00881184743499941,0.0,0.5,0.01,0.5,j1_b_then_a,arithmetic
overconfident_marginals,39,2.0,independent,0.1342789847451396,1.7646375111176562,0.7332007737687565,0.2520750776201919,4.2582937544017564e-17,0.04974554932202857,0.2813090851890374,0.272497237754038,0.5,0.01,0.5,j1_b_then_a,arithmetic
overconfident_marginals,39,2.0,arithmetic,0.1342789847451396,1.442693699151801,0.6783514076563627,0.09863514425230031,0.04981183631673104,0.0068807154253737795,-0.0406347267768179,-0.04944657421181731,0.5,0.01,0.5,j1_b_then_a,arithmetic
overconfident_marginals,39,2.0,geometric,0.1342789847451396,1.460041927190597,0.6832530346549612,0.11558920587035969,0.04200411011271334,0.006993764523871087,-0.023286498738021688,-0.0320983461730211,0.5,0.01,0.5,j1_b_then_a,arithmetic
overconfident_marginals,39,2.0,weighted_geometric,0.1342789847451396,1.460041927190597,0.6832530346549612,0.11558920587035969,0.04200411011271334,0.006993764523871087,-0.023286498738021688,-0.0320983461730211,0.5,0.01,0.5,j1_b_then_a,arithmetic
overconfident_marginals,39,2.0,hard_core,0.1342789847451396,1.5661946193858238,0.7061525251695178,0.17746907308995544,4.891453354137662e-14,0.015432674024103615,0.08286619345720503,0.07405434602220562,0.5,0.01,0.5,j1_b_then_a,arithmetic
overconfident_marginals,39,2.0,adaptive_soft,0.1342789847451396,1.4607895609544514,0.6834468577628636,0.11618293972472872,0.04162626581925189,0.007011123661810885,-0.02253886497416735,-0.03135071240916676,0.5,0.01,0.5,j1_b_then_a,arithmetic
overconfident_marginals,39,2.0,selective_core,0.1342789847451396,1.442693699151801,0.6783514076563627,0.09863514425230031,0.04981183631673104,0.0068807154253737795,-0.0406347267768179,-0.04944657421181731,0.5,0.01,0.5,j1_b_then_a,arithmetic
overconfident_marginals,40,2.0,j1,0.1449574162422911,1.575341430581529,0.715379077565185,0.12497939142370902,0.054860299043731034,0.013688562757770556,0.0,0.0,0.75,0.01,0.75,j1_b_then_a,arithmetic
overconfident_marginals,40,2.0,j2,0.1449574162422911,1.5850615372747299,0.7147931996330054,0.12989052518650082,0.05338385230700876,0.013688562757770556,0.009720106693200892,0.009720106693200892,0.75,0.01,0.75,j1_b_then_a,arithmetic
overconfident_marginals,40,2.0,selected_order,0.1449574162422911,1.575341430581529,0.715379077565185,0.12497939142370902,0.054860299043731034,0.013688562757770556,0.0,0.0,0.75,0.01,0.75,j1_b_then_a,arithmetic
overconfident_marginals,40,2.0,independent,0.1449574162422911,1.8680310797552278,0.7646804961899174,0.2528865261071591,4.4795261348841725e-17,0.045414647157500154,0.2926896491736988,0.2926896491736988,0.75,0.01,0.75,j1_b_then_a,arithmetic
overconfident_marginals,40,2.0,arithmetic,0.1449574162422911,1.5354942796436288,0.7095792344361014,0.09991315182028096,0.05412207567536987,0.007169692885181121,-0.039847150937900144,-0.039847150937900144,0.75,0.01,0.75,j1_b_then_a,arithmetic
overconfident_marginals,40,2.0,geometric,0.1449574162422911,1.5512951041026048,0.714719709028444,0.11665751071231666,0.04623142065735483,0.007249739306272489,-0.02404632647892413,-0.02404632647892413,0.75,0.01,0.75,j1_b_then_a,arithmetic
overconfident_marginals,40,2.0,weighted_geometric,0.1449574162422911,1.5559505329429855,0.7148256653179803,0.11641996328077905,0.04857628680490241,0.00881243013955256,-0.019390897638543514,-0.019390897638543514,0.75,0.01,0.75,j1_b_then_a,arithmetic
overconfident_marginals,40,2.0,hard_core,0.1449574162422911,1.6506872925974994,0.7411968601210915,0.1842532430426412,3.699167848422682e-14,0.015052750746136642,0.07534586201597038,0.07534586201597038,0.75,0.01,0.75,j1_b_then_a,arithmetic
overconfident_marginals,40,2.0,adaptive_soft,0.1449574162422911,1.5565662395704756,0.715026460027786,0.1170209087556439,0.04808697849782192,0.008786500398521701,-0.018775191011053405,-0.018775191011053405,0.75,0.01,0.75,j1_b_then_a,arithmetic
overconfident_marginals,40,2.0,selective_core,0.1449574162422911,1.5354942796436288,0.7095792344361014,0.09991315182028096,0.05412207567536987,0.007169692885181121,-0.039847150937900144,-0.039847150937900144,0.75,0.01,0.75,j1_b_then_a,arithmetic
overconfident_marginals,41,2.0,j1,0.13502489610983184,1.5059593354842602,0.6959571853475554,0.12877705812110002,0.0497912146756074,0.011822185389555599,0.04024080725158985,0.04024080725158985,0.5,0.01,0.5,j2_a_then_b,arithmetic
overconfident_marginals,41,2.0,j2,0.13502489610983184,1.4657185282326703,0.6880599493666303,0.12745827052285982,0.05030518118653486,0.011822185389555599,0.0,0.0,0.5,0.01,0.5,j2_a_then_b,arithmetic
overconfident_marginals,41,2.0,selected_order,0.13502489610983184,1.4657185282326703,0.6880599493666303,0.12745827052285982,0.05030518118653486,0.011822185389555599,0.0,0.0,0.5,0.01,0.5,j2_a_then_b,arithmetic
overconfident_marginals,41,2.0,independent,0.13502489610983184,1.8198058420318617,0.7520234977210487,0.27546116162385226,4.322927093132919e-17,0.05479720204665513,0.35408731379919134,0.35408731379919134,0.5,0.01,0.5,j2_a_then_b,arithmetic
overconfident_marginals,41,2.0,arithmetic,0.13502489610983184,1.448897130972779,0.6865680529368958,0.10282168112821236,0.0500481979310711,0.006168399425013206,-0.016821397259891402,-0.016821397259891402,0.5,0.01,0.5,j2_a_then_b,arithmetic
overconfident_marginals,41,2.0,geometric,0.13502489610983184,1.4609960232230388,0.6905527948374062,0.1168158029217858,0.04364329224658998,0.0062285072696677555,-0.004722505009631561,-0.004722505009631561,0.5,0.01,0.5,j2_a_then_b,arithmetic
overconfident_marginals,41,2.0,weighted_geometric,0.13502489610983184,1.4609960232230388,0.6905527948374062,0.1168158029217858,0.04364329224658998,0.0062285072696677555,-0.004722505009631561,-0.004722505009631561,0.5,0.01,0.5,j2_a_then_b,arithmetic
overconfident_marginals,41,2.0,hard_core,0.13502489610983184,1.5555197636830493,0.7175635774443723,0.1786295239509039,6.032558613306457e-14,0.013423749701797588,0.08980123545037899,0.08980123545037899,0.5,0.01,0.5,j2_a_then_b,arithmetic
overconfident_marginals,41,2.0,adaptive_soft,0.13502489610983184,1.4616317476729082,0.6907405522435881,0.11736822823367597,0.04326597381836626,0.006240170415577191,-0.004086780559762193,-0.004086780559762193,0.5,0.01,0.5,j2_a_then_b,arithmetic
overconfident_marginals,41,2.0,selective_core,0.13502489610983184,1.448897130972779,0.6865680529368958,0.10282168112821236,0.0500481979310711,0.006168399425013206,-0.016821397259891402,-0.016821397259891402,0.5,0.01,0.5,j2_a_then_b,arithmetic
overconfident_marginals,42,2.0,j1,0.14042650483937502,1.5176102424722893,0.7018693090754853,0.12243860708728034,0.053833962954143035,0.013109693128242873,0.017513182171012165,0.0,0.5,0.01,0.5,j1_b_then_a,arithmetic
overconfident_marginals,42,2.0,j2,0.14042650483937502,1.500097060301277,0.6996876011355785,0.12736683790912617,0.05072819679932455,0.013109693128242873,0.0,-0.017513182171012165,0.5,0.01,0.5,j1_b_then_a,arithmetic
overconfident_marginals,42,2.0,selected_order,0.14042650483937502,1.5176102424722893,0.7018693090754853,0.12243860708728034,0.053833962954143035,0.013109693128242873,0.017513182171012165,0.0,0.5,0.01,0.5,j1_b_then_a,arithmetic
overconfident_marginals,42,2.0,independent,0.14042650483937502,1.8205818324578682,0.7475875691215661,0.25269887767233823,4.485327123982276e-17,0.047944168613753814,0.3204847721565911,0.30297158998557894,0.5,0.01,0.5,j1_b_then_a,arithmetic
overconfident_marginals,42,2.0,arithmetic,0.14042650483937502,1.469453018695637,0.6952236474274466,0.0981397405429615,0.052281079876733756,0.0068802917330278174,-0.03064404160564016,-0.048157223776652325,0.5,0.01,0.5,j1_b_then_a,arithmetic
overconfident_marginals,42,2.0,geometric,0.14042650483937502,1.4811227277697814,0.6995355087960686,0.11426632351008639,0.04486258223594598,0.006972629413134304,-0.01897433253149572,-0.036487514702507884,0.5,0.01,0.5,j1_b_then_a,arithmetic
overconfident_marginals,42,2.0,weighted_geometric,0.14042650483937502,1.4811227277697814,0.6995355087960686,0.11426632351008639,0.04486258223594598,0.006972629413134304,-0.01897433253149572,-0.036487514702507884,0.5,0.01,0.5,j1_b_then_a,arithmetic
overconfident_marginals,42,2.0,hard_core,0.14042650483937502,1.5742776131999485,0.7237839826869397,0.18099518060495665,3.127234151201556e-14,0.015398353819744307,0.07418055289867143,0.05666737072765926,0.5,0.01,0.5,j1_b_then_a,arithmetic
overconfident_marginals,42,2.0,adaptive_soft,0.14042650483937502,1.4817788686398765,0.6997228064486377,0.11487685291235783,0.044463085876581675,0.006988044775357692,-0.018318191661400585,-0.03583137383241275,0.5,0.01,0.5,j1_b_then_a,arithmetic
overconfident_marginals,42,2.0,selective_core,0.14042650483937502,1.469453018695637,0.6952236474274466,0.0981397405429615,0.052281079876733756,0.0068802917330278174,-0.03064404160564016,-0.048157223776652325,0.5,0.01,0.5,j1_b_then_a,arithmetic
overconfident_marginals,43,2.0,j1,0.14191673340433947,1.5068563289973118,0.6807565858694308,0.12940716536850386,0.05277855348496851,0.013471041474775677,0.016473887840262602,0.0,0.5,0.01,0.5,j1_b_then_a,arithmetic
overconfident_marginals,43,2.0,j2,0.14191673340433947,1.4903824411570492,0.6795973929127126,0.13020961380222762,0.05325909434513874,0.013471041474775677,0.0,-0.016473887840262602,0.5,0.01,0.5,j1_b_then_a,arithmetic
overconfident_marginals,43,2.0,selected_order,0.14191673340433947,1.5068563289973118,0.6807565858694308,0.12940716536850386,0.05277855348496851,0.013471041474775677,0.016473887840262602,0.0,0.5,0.01,0.5,j1_b_then_a,arithmetic
overconfident_marginals,43,2.0,independent,0.14191673340433947,1.7687057265896295,0.723540908903962,0.2537780469075639,4.582869098264734e-17,0.048146084373873674,0.27832328543258034,0.26184939759231773,0.5,0.01,0.5,j1_b_then_a,arithmetic
overconfident_marginals,43,2.0,arithmetic,0.14191673340433947,1.4534188095399514,0.6746250672909487,0.10282051742963244,0.0530188239150536,0.007065803930245073,-0.036963631617097814,-0.053437519457360416,0.5,0.01,0.5,j1_b_then_a,arithmetic
overconfident_marginals,43,2.0,geometric,0.14191673340433947,1.4701506624389764,0.678889559900108,0.11959302301757904,0.045173216981165824,0.007151177405898942,-0.0202317787180728,-0.036705666558335404,0.5,0.01,0.5,j1_b_then_a,arithmetic
overconfident_marginals,43,2.0,weighted_geometric,0.14191673340433947,1.4701506624389764,0.678889559900108,0.11959302301757904,0.045173216981165824,0.007151177405898942,-0.0202317787180728,-0.036705666558335404,0.5,0.01,0.5,j1_b_then_a,arithmetic
overconfident_marginals,43,2.0,hard_core,0.14191673340433947,1.5665213198464318,0.7014640504309347,0.18563319161962963,4.877673621815207e-14,0.01537950105227211,0.07613887868938263,0.059664990849120025,0.5,0.01,0.5,j1_b_then_a,arithmetic
overconfident_marginals,43,2.0,adaptive_soft,0.14191673340433947,1.470859376805065,0.6790697724916028,0.12023734705491125,0.04474463311508005,0.007166837557273918,-0.019523064351984143,-0.035996952192246745,0.5,0.01,0.5,j1_b_then_a,arithmetic
overconfident_marginals,43,2.0,selective_core,0.14191673340433947,1.4534188095399514,0.6746250672909487,0.10282051742963244,0.0530188239150536,0.007065803930245073,-0.036963631617097814,-0.053437519457360416,0.5,0.01,0.5,j1_b_then_a,arithmetic
overconfident_marginals,44,2.0,j1,0.1455308543814478,1.5878061836073465,0.7135841162303984,0.12465169929331826,0.0567692776575579,0.013003874171921783,0.023411113817999096,0.023411113817999096,0.25,0.01,0.25,j2_a_then_b,arithmetic
overconfident_marginals,44,2.0,j2,0.1455308543814478,1.5643950697893474,0.7182360867080704,0.12829479904773078,0.05416779585358646,0.013003874171921783,0.0,0.0,0.25,0.01,0.25,j2_a_then_b,arithmetic
overconfident_marginals,44,2.0,selected_order,0.1455308543814478,1.5643950697893474,0.7182360867080704,0.12829479904773078,0.05416779585358646,0.013003874171921783,0.0,0.0,0.25,0.01,0.25,j2_a_then_b,arithmetic
overconfident_marginals,44,2.0,independent,0.1455308543814478,1.8416324708029217,0.7605676645579031,0.2551754567958972,4.3503448882219226e-17,0.05263603137779428,0.2772374010135743,0.2772374010135743,0.25,0.01,0.25,j2_a_then_b,arithmetic
overconfident_marginals,44,2.0,arithmetic,0.1455308543814478,1.537364522691603,0.7103474493554477,0.09820393745565782,0.05546853675557216,0.006784692319948638,-0.02703054709774433,-0.02703054709774433,0.25,0.01,0.25,j2_a_then_b,arithmetic
overconfident_marginals,44,2.0,geometric,0.1455308543814478,1.5487661648747166,0.7140319568673831,0.11326940517939188,0.048855915078839754,0.006852822880974742,-0.01562890491463076,-0.01562890491463076,0.25,0.01,0.25,j2_a_then_b,arithmetic
overconfident_marginals,44,2.0,weighted_geometric,0.1455308543814478,1.549430993665846,0.7157356379200964,0.11645770126551575,0.049746717423727306,0.008289607957998681,-0.01496407612350148,-0.01496407612350148,0.25,0.01,0.25,j2_a_then_b,arithmetic
overconfident_marginals,44,2.0,hard_core,0.1455308543814478,1.6590534536030253,0.7366441054635618,0.18512008840581234,5.2555373870267165e-14,0.017669636699931154,0.09465838381367786,0.09465838381367786,0.25,0.01,0.25,j2_a_then_b,arithmetic
overconfident_marginals,44,2.0,adaptive_soft,0.1455308543814478,1.5499331510970773,0.7158673687783367,0.11696782803140637,0.04932122138151928,0.008263737429909063,-0.014461918692270093,-0.014461918692270093,0.25,0.01,0.25,j2_a_then_b,arithmetic
overconfident_marginals,44,2.0,selective_core,0.1455308543814478,1.537364522691603,0.7103474493554477,0.09820393745565782,0.05546853675557216,0.006784692319948638,-0.02703054709774433,-0.02703054709774433,0.25,0.01,0.25,j2_a_then_b,arithmetic
overconfident_marginals,45,2.0,j1,0.14484290891729723,1.5846930513820239,0.7206916789907485,0.12707209245690643,0.053489374838550374,0.012421631196976148,0.009412915843755254,0.0,0.5,0.01,0.5,j1_b_then_a,arithmetic
overconfident_marginals,45,2.0,j2,0.14484290891729723,1.5752801355382686,0.7216391931570801,0.1268026266790966,0.05534825034480356,0.012421631196976148,0.0,-0.009412915843755254,0.5,0.01,0.5,j1_b_then_a,arithmetic
overconfident_marginals,45,2.0,selected_order,0.14484290891729723,1.5846930513820239,0.7206916789907485,0.12707209245690643,0.053489374838550374,0.012421631196976148,0.009412915843755254,0.0,0.5,0.01,0.5,j1_b_then_a,arithmetic
overconfident_marginals,45,2.0,independent,0.14484290891729723,1.8015243407095058,0.7558140131895313,0.265136292646886,4.41169504221536e-17,0.049339573261763914,0.22624420517123722,0.21683128932748197,0.5,0.01,0.5,j1_b_then_a,arithmetic
overconfident_marginals,45,2.0,arithmetic,0.14484290891729723,1.5450777869444015,0.7154997248426166,0.09845793088216653,0.05441881259167694,0.006457209363691065,-0.030202348593867168,-0.03961526443762242,0.5,0.01,0.5,j1_b_then_a,arithmetic
overconfident_marginals,45,2.0,geometric,0.14484290891729723,1.5539635423059612,0.7186183818851414,0.11228099252605332,0.04818712461804749,0.0065091715630519,-0.02131659323230739,-0.030729509076062644,0.5,0.01,0.5,j1_b_then_a,arithmetic
overconfident_marginals,45,2.0,weighted_geometric,0.14484290891729723,1.5539635423059612,0.7186183818851414,0.11228099252605332,0.04818712461804749,0.0065091715630519,-0.02131659323230739,-0.030729509076062644,0.5,0.01,0.5,j1_b_then_a,arithmetic
overconfident_marginals,45,2.0,hard_core,0.14484290891729723,1.6237455306542787,0.7352191472774238,0.17980329848425708,2.2350562367273497e-14,0.014395413614450348,0.04846539511601011,0.03905247927225486,0.5,0.01,0.5,j1_b_then_a,arithmetic
overconfident_marginals,45,2.0,adaptive_soft,0.14484290891729723,1.5544109897583749,0.7187368507193269,0.11287190692506277,0.047776065892617604,0.006520695029990011,-0.02086914577989374,-0.030282061623648993,0.5,0.01,0.5,j1_b_then_a,arithmetic
overconfident_marginals,45,2.0,selective_core,0.14484290891729723,1.5450777869444015,0.7154997248426166,0.09845793088216653,0.05441881259167694,0.006457209363691065,-0.030202348593867168,-0.03961526443762242,0.5,0.01,0.5,j1_b_then_a,arithmetic
overconfident_marginals,46,2.0,j1,0.14435146245256525,1.5916772124460707,0.712293307611912,0.12677435170074358,0.052275348246115835,0.013434494628422052,0.0,0.0,0.75,0.01,0.75,j1_b_then_a,arithmetic
overconfident_marginals,46,2.0,j2,0.14435146245256525,1.597352024344988,0.7125173311594949,0.12679711937940796,0.05338481616844581,0.013434494628422052,0.005674811898917165,0.005674811898917165,0.75,0.01,0.75,j1_b_then_a,arithmetic
overconfident_marginals,46,2.0,selected_order,0.14435146245256525,1.5916772124460707,0.712293307611912,0.12677435170074358,0.052275348246115835,0.013434494628422052,0.0,0.0,0.75,0.01,0.75,j1_b_then_a,arithmetic
overconfident_marginals,46,2.0,independent,0.14435146245256525,1.8348334852663366,0.7533452639257464,0.23090479640888742,4.4666429016474424e-17,0.03678032094772903,0.24315627282026586,0.24315627282026586,0.75,0.01,0.75,j1_b_then_a,arithmetic
overconfident_marginals,46,2.0,arithmetic,0.14435146245256525,1.5478998826901929,0.7068045443505534,0.09883916598970487,0.0528300822072808,0.007033643755717314,-0.04377732975587789,-0.04377732975587789,0.75,0.01,0.75,j1_b_then_a,arithmetic
overconfident_marginals,46,2.0,geometric,0.14435146245256525,1.5661701797698724,0.711626202021807,0.11534442155640247,0.044707829202374996,0.007111033784509284,-0.02550703267619836,-0.02550703267619836,0.75,0.01,0.75,j1_b_then_a,arithmetic
overconfident_marginals,46,2.0,weighted_geometric,0.14435146245256525,1.5717329672935407,0.7116419919878312,0.11696875686508273,0.04646414764205278,0.008656650980622481,-0.019944245152530016,-0.019944245152530016,0.75,0.01,0.75,j1_b_then_a,arithmetic
overconfident_marginals,46,2.0,hard_core,0.14435146245256525,1.6691780613605947,0.7381538355541779,0.18062460537673655,4.4037232075869355e-14,0.014244267390922627,0.07750084891452391,0.07750084891452391,0.75,0.01,0.75,j1_b_then_a,arithmetic
overconfident_marginals,46,2.0,adaptive_soft,0.14435146245256525,1.5724049945110374,0.7118440439847395,0.1175316066445371,0.04597389546700802,0.008633029762431224,-0.01927221793503331,-0.01927221793503331,0.75,0.01,0.75,j1_b_then_a,arithmetic
overconfident_marginals,46,2.0,selective_core,0.14435146245256525,1.5478998826901929,0.7068045443505534,0.09883916598970487,0.0528300822072808,0.007033643755717314,-0.04377732975587789,-0.04377732975587789,0.75,0.01,0.75,j1_b_then_a,arithmetic
overconfident_marginals,47,2.0,j1,0.14741964270140462,1.668702067730898,0.7398692080165054,0.12992263105858767,0.05657994372904035,0.013006888902315876,0.029008337198296763,0.029008337198296763,0.5,0.01,0.5,j2_a_then_b,arithmetic
overconfident_marginals,47,2.0,j2,0.14741964270140462,1.6396937305326011,0.737130395009908,0.12832697350325584,0.055916848428871666,0.013006888902315876,0.0,0.0,0.5,0.01,0.5,j2_a_then_b,arithmetic
overconfident_marginals,47,2.0,selected_order,0.14741964270140462,1.6396937305326011,0.737130395009908,0.12832697350325584,0.055916848428871666,0.013006888902315876,0.0,0.0,0.5,0.01,0.5,j2_a_then_b,arithmetic
overconfident_marginals,47,2.0,independent,0.14741964270140462,1.925675349365495,0.7847596436424762,0.26906609087564476,4.3073125702285955e-17,0.05442140070930837,0.28598161883289386,0.28598161883289386,0.5,0.01,0.5,j2_a_then_b,arithmetic
overconfident_marginals,47,2.0,arithmetic,0.14741964270140462,1.6148216486263995,0.7328133820961822,0.0999672668320581,0.05624839607895598,0.006771378143240014,-0.024872081906201604,-0.024872081906201604,0.5,0.01,0.5,j2_a_then_b,arithmetic
overconfident_marginals,47,2.0,geometric,0.14741964270140462,1.6269033894888465,0.7367523564866153,0.11445292116495592,0.049588700150507196,0.006831286230610121,-0.01279034104375465,-0.01279034104375465,0.5,0.01,0.5,j2_a_then_b,arithmetic
overconfident_marginals,47,2.0,weighted_geometric,0.14741964270140462,1.6269033894888465,0.7367523564866153,0.11445292116495592,0.049588700150507196,0.006831286230610121,-0.01279034104375465,-0.01279034104375465,0.5,0.01,0.5,j2_a_then_b,arithmetic
overconfident_marginals,47,2.0,hard_core,0.14741964270140462,1.7430131388461005,0.7621297423295214,0.18714368284984093,5.3629721369852394e-14,0.01641445347588345,0.1033194083134994,0.1033194083134994,0.5,0.01,0.5,j2_a_then_b,arithmetic
overconfident_marginals,47,2.0,adaptive_soft,0.14741964270140462,1.6276015010394698,0.736939254562701,0.11508203560512112,0.04917668762703458,0.006844514995182487,-0.012092229493131379,-0.012092229493131379,0.5,0.01,0.5,j2_a_then_b,arithmetic
overconfident_marginals,47,2.0,selective_core,0.14741964270140462,1.6148216486263995,0.7328133820961822,0.0999672668320581,0.05624839607895598,0.006771378143240014,-0.024872081906201604,-0.024872081906201604,0.5,0.01,0.5,j2_a_then_b,arithmetic
overconfident_marginals,48,2.0,j1,0.1504728406958883,1.6041498830107948,0.7255523036716693,0.1161470299296727,0.05821807245705691,0.01381815261940051,0.0,0.0,0.5,0.01,0.5,j1_b_then_a,arithmetic
overconfident_marginals,48,2.0,j2,0.1504728406958883,1.6138027636485297,0.7286298387677848,0.12953506410510776,0.051504389482132235,0.01381815261940051,0.00965288063773495,0.00965288063773495,0.5,0.01,0.5,j1_b_then_a,arithmetic
overconfident_marginals,48,2.0,selected_order,0.1504728406958883,1.6041498830107948,0.7255523036716693,0.1161470299296727,0.05821807245705691,0.01381815261940051,0.0,0.0,0.5,0.01,0.5,j1_b_then_a,arithmetic
overconfident_marginals,48,2.0,independent,0.1504728406958883,1.8140788351651123,0.7657566934040367,0.2362532191412353,4.8683489654279567e-17,0.03834732997344087,0.2099289521543175,0.2099289521543175,0.5,0.01,0.5,j1_b_then_a,arithmetic
overconfident_marginals,48,2.0,arithmetic,0.1504728406958883,1.5667980407661117,0.7213162399098327,0.09347658857680105,0.05486123096959455,0.007235345673724214,-0.03735184224468302,-0.03735184224468302,0.5,0.01,0.5,j1_b_then_a,arithmetic
overconfident_marginals,48,2.0,geometric,0.1504728406958883,1.5798032236563366,0.7250376225278271,0.10979758462985652,0.046932161403122494,0.0073206756332450384,-0.024346659354458122,-0.024346659354458122,0.5,0.01,0.5,j1_b_then_a,arithmetic
overconfident_marginals,48,2.0,weighted_geometric,0.1504728406958883,1.5798032236563366,0.7250376225278271,0.10979758462985652,0.046932161403122494,0.0073206756332450384,-0.024346659354458122,-0.024346659354458122,0.5,0.01,0.5,j1_b_then_a,arithmetic
overconfident_marginals,48,2.0,hard_core,0.1504728406958883,1.6701004489499995,0.7478120520519892,0.17962564770859088,4.313514149936762e-14,0.015027445845786407,0.06595056593920479,0.06595056593920479,0.5,0.01,0.5,j1_b_then_a,arithmetic
overconfident_marginals,48,2.0,adaptive_soft,0.1504728406958883,1.5804529912180965,0.7252183624103148,0.11048433035757539,0.046470039869418854,0.007336817882654623,-0.023696891792698294,-0.023696891792698294,0.5,0.01,0.5,j1_b_then_a,arithmetic
overconfident_marginals,48,2.0,selective_core,0.1504728406958883,1.5667980407661117,0.7213162399098327,0.09347658857680105,0.05486123096959455,0.007235345673724214,-0.03735184224468302,-0.03735184224468302,0.5,0.01,0.5,j1_b_then_a,arithmetic
overconfident_marginals,49,2.0,j1,0.1370107280449905,1.5632812776717346,0.6982646231908717,0.13091990870892573,0.05109935072448279,0.011747066824644003,0.010570207345969473,0.010570207345969473,0.5,0.01,0.5,j2_a_then_b,arithmetic
overconfident_marginals,49,2.0,j2,0.1370107280449905,1.5527110703257652,0.6970689944558135,0.13027168992986313,0.050746696358140754,0.011747066824644003,0.0,0.0,0.5,0.01,0.5,j2_a_then_b,arithmetic
overconfident_marginals,49,2.0,selected_order,0.1370107280449905,1.5527110703257652,0.6970689944558135,0.13027168992986313,0.050746696358140754,0.011747066824644003,0.0,0.0,0.5,0.01,0.5,j2_a_then_b,arithmetic
overconfident_marginals,49,2.0,independent,0.1370107280449905,1.867566640149428,0.7421924249978129,0.26474752398844625,4.353423646851783e-17,0.05605975763701484,0.3148555698236628,0.3148555698236628,0.5,0.01,0.5,j2_a_then_b,arithmetic
overconfident_marginals,49,2.0,arithmetic,0.1370107280449905,1.5267509249731466,0.6927225898541312,0.10355965829034038,0.05092302354131175,0.0061017906651605,-0.02596014535261859,-0.02596014535261859,0.5,0.01,0.5,j2_a_then_b,arithmetic
overconfident_marginals,49,2.0,geometric,0.1370107280449905,1.533454105992759,0.6954640662684348,0.11685732345313522,0.044634737739999236,0.006147069341177837,-0.019256964333006055,-0.019256964333006055,0.5,0.01,0.5,j2_a_then_b,arithmetic
overconfident_marginals,49,2.0,weighted_geometric,0.1370107280449905,1.533454105992759,0.6954640662684348,0.11685732345313522,0.044634737739999236,0.006147069341177837,-0.019256964333006055,-0.019256964333006055,0.5,0.01,0.5,j2_a_then_b,arithmetic
overconfident_marginals,49,2.0,hard_core,0.1370107280449905,1.620274116537045,0.7149295442445671,0.18051445458727217,6.573399108318818e-14,0.014704895411277378,0.06756304621127973,0.06756304621127973,0.5,0.01,0.5,j2_a_then_b,arithmetic
overconfident_marginals,49,2.0,adaptive_soft,0.1370107280449905,1.5339605674528995,0.6956040380879455,0.11742922407129996,0.04424271836308015,0.006157844645952309,-0.018750502872865615,-0.018750502872865615,0.5,0.01,0.5,j2_a_then_b,arithmetic
overconfident_marginals,49,2.0,selective_core,0.1370107280449905,1.5267509249731466,0.6927225898541312,0.10355965829034038,0.05092302354131175,0.0061017906651605,-0.02596014535261859,-0.02596014535261859,0.5,0.01,0.5,j2_a_then_b,arithmetic
underconfident_marginals,0,2.0,j1,0.12551659875586996,1.4865430792199423,0.6829239929529033,0.11784484334826573,0.045861342066538024,0.008594204384685587,0.004505945849410331,0.004505945849410331,0.5,0.01,0.5,j2_a_then_b,geometric
underconfident_marginals,0,2.0,j2,0.12551659875586996,1.482037133370532,0.6796010689420773,0.11994110405381993,0.04436229783379325,0.008594204384685587,0.0,0.0,0.5,0.01,0.5,j2_a_then_b,geometric
underconfident_marginals,0,2.0,selected_order,0.12551659875586996,1.482037133370532,0.6796010689420773,0.11994110405381993,0.04436229783379325,0.008594204384685587,0.0,0.0,0.5,0.01,0.5,j2_a_then_b,geometric
underconfident_marginals,0,2.0,independent,0.12551659875586996,1.749382208122889,0.7548664547405793,0.33826821193510365,3.795683385654502e-17,0.08478854158399014,0.2673450747523569,0.2673450747523569,0.5,0.01,0.5,j2_a_then_b,geometric
underconfident_marginals,0,2.0,arithmetic,0.12551659875586996,1.4709072901022968,0.6776630307786593,0.10141485252199814,0.04511181995016561,0.0044049034380692085,-0.011129843268235184,-0.011129843268235184,0.5,0.01,0.5,j2_a_then_b,geometric
underconfident_marginals,0,2.0,geometric,0.12551659875586996,1.466588236082392,0.6759336630704127,0.09367529849013646,0.04851847037847984,0.00441865733630571,-0.015448897288139918,-0.015448897288139918,0.5,0.01,0.5,j2_a_then_b,geometric
underconfident_marginals,0,2.0,weighted_geometric,0.12551659875586996,1.466588236082392,0.6759336630704127,0.09367529849013646,0.04851847037847984,0.00441865733630571,-0.015448897288139918,-0.015448897288139918,0.5,0.01,0.5,j2_a_then_b,geometric
underconfident_marginals,0,2.0,hard_core,0.12551659875586996,1.512151377916401,0.6892132508322579,0.15776830370429695,1.4477914418546677e-13,0.010745554239920165,0.030114244545869084,0.030114244545869084,0.5,0.01,0.5,j2_a_then_b,geometric
underconfident_marginals,0,2.0,adaptive_soft,0.12551659875586996,1.4668469167892582,0.6760311259030669,0.09418646074652806,0.04813768960188896,0.004414138063489648,-0.015190216581273841,-0.015190216581273841,0.5,0.01,0.5,j2_a_then_b,geometric
underconfident_marginals,0,2.0,selective_core,0.12551659875586996,1.466588236082392,0.6759336630704127,0.09367529849013646,0.04851847037847984,0.00441865733630571,-0.015448897288139918,-0.015448897288139918,0.5,0.01,0.5,j2_a_then_b,geometric
underconfident_marginals,1,2.0,j1,0.15660022699357784,1.5126874897142797,0.6988113224708727,0.129872754104303,0.054293793191994004,0.012523801833851145,0.010373259771586651,0.010373259771586651,0.5,0.01,0.5,j2_a_then_b,geometric
underconfident_marginals,1,2.0,j2,0.15660022699357784,1.502314229942693,0.6975723747804172,0.11261417624830092,0.062141752262842055,0.012523801833851145,0.0,0.0,0.5,0.01,0.5,j2_a_then_b,geometric
underconfident_marginals,1,2.0,selected_order,0.15660022699357784,1.502314229942693,0.6975723747804172,0.11261417624830092,0.062141752262842055,0.012523801833851145,0.0,0.0,0.5,0.01,0.5,j2_a_then_b,geometric
underconfident_marginals,1,2.0,independent,0.15660022699357784,1.6544898024199324,0.7406451883644499,0.24916648374450476,3.964537031997395e-17,0.04727103338634674,0.15217557247723934,0.15217557247723934,0.5,0.01,0.5,j2_a_then_b,geometric
underconfident_marginals,1,2.0,arithmetic,0.15660022699357784,1.4887538220574719,0.6929102570327836,0.09681471723184067,0.05821777272741801,0.0064611846477397455,-0.01356040788522117,-0.01356040788522117,0.5,0.01,0.5,j2_a_then_b,geometric
underconfident_marginals,1,2.0,geometric,0.15660022699357784,1.4814391889378566,0.6904071514854735,0.0849305399974345,0.06404356587223711,0.0064929189384795106,-0.020875041004836392,-0.020875041004836392,0.5,0.01,0.5,j2_a_then_b,geometric
underconfident_marginals,1,2.0,weighted_geometric,0.15660022699357784,1.4814391889378566,0.6904071514854735,0.0849305399974345,0.06404356587223711,0.0064929189384795106,-0.020875041004836392,-0.020875041004836392,0.5,0.01,0.5,j2_a_then_b,geometric
underconfident_marginals,1,2.0,hard_core,0.15660022699357784,1.5542394721503705,0.7146087801933979,0.1770166356828684,1.8373367887888902e-13,0.014326805494296626,0.05192524220767747,0.05192524220767747,0.5,0.01,0.5,j2_a_then_b,geometric
underconfident_marginals,1,2.0,adaptive_soft,0.15660022699357784,1.4818111846754591,0.6905403432863236,0.08563920696830403,0.06353697405224643,0.0064831446744671945,-0.0205030452672339,-0.0205030452672339,0.5,0.01,0.5,j2_a_then_b,geometric
underconfident_marginals,1,2.0,selective_core,0.15660022699357784,1.4814391889378566,0.6904071514854735,0.0849305399974345,0.06404356587223711,0.0064929189384795106,-0.020875041004836392,-0.020875041004836392,0.5,0.01,0.5,j2_a_then_b,geometric
underconfident_marginals,2,2.0,j1,0.13305408442548686,1.556067925102813,0.7200785752107298,0.10967963395615882,0.04876911586455378,0.008851300114970333,0.0,0.0,0.75,0.01,0.75,j1_b_then_a,geometric
underconfident_marginals,2,2.0,j2,0.13305408442548686,1.5776912474463731,0.726536624873268,0.11675715969749169,0.04595586092090356,0.008851300114970333,0.021623322343560014,0.021623322343560014,0.75,0.01,0.75,j1_b_then_a,geometric
underconfident_marginals,2,2.0,selected_order,0.13305408442548686,1.556067925102813,0.7200785752107298,0.10967963395615882,0.04876911586455378,0.008851300114970333,0.0,0.0,0.75,0.01,0.75,j1_b_then_a,geometric
underconfident_marginals,2,2.0,independent,0.13305408442548686,1.805900347290721,0.7826176638337737,0.3041201195378531,4.3015938033796887e-17,0.07127831013562284,0.2498324221879078,0.2498324221879078,0.75,0.01,0.75,j1_b_then_a,geometric
underconfident_marginals,2,2.0,arithmetic,0.13305408442548686,1.551793939616479,0.7193673948429304,0.09305786158518595,0.047362488392728636,0.004527042317988676,-0.004273985486334064,-0.004273985486334064,0.75,0.01,0.75,j1_b_then_a,geometric
underconfident_marginals,2,2.0,geometric,0.13305408442548686,1.5486630747228902,0.718050745873,0.08589129981231702,0.050665671387361014,0.004538803797014482,-0.007404850379922889,-0.007404850379922889,0.75,0.01,0.75,j1_b_then_a,geometric
underconfident_marginals,2,2.0,weighted_geometric,0.13305408442548686,1.547914624340252,0.7177769484652315,0.09100368199363844,0.05052411523467501,0.005657782553541995,-0.008153300762561155,-0.008153300762561155,0.75,0.01,0.75,j1_b_then_a,geometric
underconfident_marginals,2,2.0,hard_core,0.13305408442548686,1.6009647252622186,0.7317790649282344,0.15525759617008014,6.027746357606389e-14,0.010738194383362184,0.04489680015940545,0.04489680015940545,0.75,0.01,0.75,j1_b_then_a,geometric
underconfident_marginals,2,2.0,adaptive_soft,0.13305408442548686,1.5481495193651558,0.7178524582805456,0.09139915280447306,0.050125016278121624,0.005633934200267886,-0.007918405737657341,-0.007918405737657341,0.75,0.01,0.75,j1_b_then_a,geometric
underconfident_marginals,2,2.0,selective_core,0.13305408442548686,1.547914624340252,0.7177769484652315,0.09100368199363844,0.05052411523467501,0.005657782553541995,-0.008153300762561155,-0.008153300762561155,0.75,0.01,0.75,j1_b_then_a,geometric
underconfident_marginals,3,2.0,j1,0.15071435257043045,1.4924442050502924,0.6807974927919959,0.13073475203420612,0.052770302358754795,0.012232288133260475,0.02553339060908577,0.02553339060908577,0.5,0.01,0.5,j2_a_then_b,geometric
underconfident_marginals,3,2.0,j2,0.15071435257043045,1.4669108144412066,0.6787427282091536,0.12028509986833961,0.05778887192604414,0.012232288133260475,0.0,0.0,0.5,0.01,0.5,j2_a_then_b,geometric
underconfident_marginals,3,2.0,selected_order,0.15071435257043045,1.4669108144412066,0.6787427282091536,0.12028509986833961,0.05778887192604414,0.012232288133260475,0.0,0.0,0.5,0.01,0.5,j2_a_then_b,geometric
underconfident_marginals,3,2.0,independent,0.15071435257043045,1.615797312579417,0.722079420144596,0.25047920649129696,4.345460623278452e-17,0.041537316933664914,0.1488864981382103,0.1488864981382103,0.5,0.01,0.5,j2_a_then_b,geometric
underconfident_marginals,3,2.0,arithmetic,0.15071435257043045,1.4634464444875368,0.6751259354872086,0.10312213686377421,0.05527958714239945,0.00631098968806712,-0.0034643699536698325,-0.0034643699536698325,0.5,0.01,0.5,j2_a_then_b,geometric
underconfident_marginals,3,2.0,geometric,0.15071435257043045,1.4542458823453217,0.6720666731777137,0.09133977039118946,0.06099323273521202,0.006340987607421043,-0.012664932095884929,-0.012664932095884929,0.5,0.01,0.5,j2_a_then_b,geometric
underconfident_marginals,3,2.0,weighted_geometric,0.15071435257043045,1.4542458823453217,0.6720666731777137,0.09133977039118946,0.06099323273521202,0.006340987607421043,-0.012664932095884929,-0.012664932095884929,0.5,0.01,0.5,j2_a_then_b,geometric
underconfident_marginals,3,2.0,hard_core,0.15071435257043045,1.5351271841358725,0.6976194530921285,0.17778852367759224,4.953328047209438e-14,0.012993750962617984,0.06821636969466582,0.06821636969466582,0.5,0.01,0.5,j2_a_then_b,geometric
underconfident_marginals,3,2.0,adaptive_soft,0.15071435257043045,1.4547417803182965,0.6722295172212196,0.09206257664096894,0.060462561023483824,0.006332063141182826,-0.01216903412291015,-0.01216903412291015,0.5,0.01,0.5,j2_a_then_b,geometric
underconfident_marginals,3,2.0,selective_core,0.15071435257043045,1.4542458823453217,0.6720666731777137,0.09133977039118946,0.06099323273521202,0.006340987607421043,-0.012664932095884929,-0.012664932095884929,0.5,0.01,0.5,j2_a_then_b,geometric
underconfident_marginals,4,2.0,j1,0.15690136071322894,1.5094883761032036,0.7002020885464251,0.12672409535797421,0.059130006572610895,0.012896534491357893,0.017760870516543292,0.017760870516543292,0.5,0.01,0.5,j2_a_then_b,geometric
underconfident_marginals,4,2.0,j2,0.15690136071322894,1.4917275055866603,0.6992293916060418,0.11874534120814967,0.06206503607316744,0.012896534491357893,0.0,0.0,0.5,0.01,0.5,j2_a_then_b,geometric
underconfident_marginals,4,2.0,selected_order,0.15690136071322894,1.4917275055866603,0.6992293916060418,0.11874534120814967,0.06206503607316744,0.012896534491357893,0.0,0.0,0.5,0.01,0.5,j2_a_then_b,geometric
underconfident_marginals,4,2.0,independent,0.15690136071322894,1.6559862954640439,0.7406004676767406,0.26823399316708374,3.9482523153666624e-17,0.05298260622543279,0.16425878987738352,0.16425878987738352,0.5,0.01,0.5,j2_a_then_b,geometric
underconfident_marginals,4,2.0,arithmetic,0.15690136071322894,1.4795863310674886,0.6944093855319482,0.09918623755731928,0.06059752132288915,0.006655789284951344,-0.012141174519171738,-0.012141174519171738,0.5,0.01,0.5,j2_a_then_b,geometric
underconfident_marginals,4,2.0,geometric,0.15690136071322894,1.4737692815536707,0.6924411785673623,0.08671168790275643,0.0663110758107698,0.006687786074995135,-0.017958224032989634,-0.017958224032989634,0.5,0.01,0.5,j2_a_then_b,geometric
underconfident_marginals,4,2.0,weighted_geometric,0.15690136071322894,1.4737692815536707,0.6924411785673623,0.08671168790275643,0.0663110758107698,0.006687786074995135,-0.017958224032989634,-0.017958224032989634,0.5,0.01,0.5,j2_a_then_b,geometric
underconfident_marginals,4,2.0,hard_core,0.15690136071322894,1.5504353852478505,0.7148483593756279,0.18359316474501752,3.992273178710093e-14,0.016227123285919107,0.05870787966119018,0.05870787966119018,0.5,0.01,0.5,j2_a_then_b,geometric
underconfident_marginals,4,2.0,adaptive_soft,0.15690136071322894,1.4740792706191874,0.6925391838476362,0.08741664403450132,0.06583392366257673,0.006677580555849487,-0.01764823496747292,-0.01764823496747292,0.5,0.01,0.5,j2_a_then_b,geometric
underconfident_marginals,4,2.0,selective_core,0.15690136071322894,1.4737692815536707,0.6924411785673623,0.08671168790275643,0.0663110758107698,0.006687786074995135,-0.017958224032989634,-0.017958224032989634,0.5,0.01,0.5,j2_a_then_b,geometric
underconfident_marginals,5,2.0,j1,0.14313460836263306,1.486496594302104,0.6942037823981564,0.12341343372661713,0.049358265170418164,0.010423812164290685,0.023079623105773495,0.0,0.5,0.01,0.5,j1_b_then_a,geometric
underconfident_marginals,5,2.0,j2,0.14313460836263306,1.4634169711963305,0.6934440893651262,0.11041887651793711,0.05542710287977698,0.010423812164290685,0.0,-0.023079623105773495,0.5,0.01,0.5,j1_b_then_a,geometric
underconfident_marginals,5,2.0,selected_order,0.14313460836263306,1.486496594302104,0.6942037823981564,0.12341343372661713,0.049358265170418164,0.010423812164290685,0.023079623105773495,0.0,0.5,0.01,0.5,j1_b_then_a,geometric
underconfident_marginals,5,2.0,independent,0.14313460836263306,1.7016891403063656,0.753187718752549,0.2783249507980702,3.9177157611786086e-17,0.06218770533203798,0.23827216911003513,0.21519254600426163,0.5,0.01,0.5,j1_b_then_a,geometric
underconfident_marginals,5,2.0,arithmetic,0.14313460836263306,1.4590976300202652,0.6892346479445776,0.09505617659517034,0.05239268402509755,0.005359525625739956,-0.004319341176065361,-0.027398964281838856,0.5,0.01,0.5,j1_b_then_a,geometric
underconfident_marginals,5,2.0,geometric,0.14313460836263306,1.453365992706909,0.6871763693034426,0.08589645087670765,0.05672162291094651,0.005382714107584613,-0.010050978489421603,-0.0331306015951951,0.5,0.01,0.5,j1_b_then_a,geometric
underconfident_marginals,5,2.0,weighted_geometric,0.14313460836263306,1.453365992706909,0.6871763693034426,0.08589645087670765,0.05672162291094651,0.005382714107584613,-0.010050978489421603,-0.0331306015951951,0.5,0.01,0.5,j1_b_then_a,geometric
underconfident_marginals,5,2.0,hard_core,0.14313460836263306,1.5285598726087328,0.7117764532862242,0.16653955477651466,2.3456145381052507e-13,0.012603421103654661,0.06514290141240231,0.042063278306628815,0.5,0.01,0.5,j1_b_then_a,geometric
underconfident_marginals,5,2.0,adaptive_soft,0.14313460836263306,1.4537639181890534,0.6873177987351601,0.08649544337053575,0.05628296733648773,0.005375617174819447,-0.009653053007277146,-0.03273267611305064,0.5,0.01,0.5,j1_b_then_a,geometric
underconfident_marginals,5,2.0,selective_core,0.14313460836263306,1.453365992706909,0.6871763693034426,0.08589645087670765,0.05672162291094651,0.005382714107584613,-0.010050978489421603,-0.0331306015951951,0.5,0.01,0.5,j1_b_then_a,geometric
underconfident_marginals,6,2.0,j1,0.14749199197078758,1.5108801937522047,0.703324979623859,0.12086843452544764,0.05228378139341031,0.01152063593373032,0.002132954766759454,0.002132954766759454,0.25,0.01,0.25,j2_a_then_b,geometric
underconfident_marginals,6,2.0,j2,0.14749199197078758,1.5087472389854453,0.707332479374144,0.11406997089701522,0.05430170641403222,0.01152063593373032,0.0,0.0,0.25,0.01,0.25,j2_a_then_b,geometric
underconfident_marginals,6,2.0,selected_order,0.14749199197078758,1.5087472389854453,0.707332479374144,0.11406997089701522,0.05430170641403222,0.01152063593373032,0.0,0.0,0.25,0.01,0.25,j2_a_then_b,geometric
underconfident_marginals,6,2.0,independent,0.14749199197078758,1.6696926759392066,0.7487660225206635,0.2512415077700575,3.8305404854999115e-17,0.04393305841514441,0.1609454369537613,0.1609454369537613,0.25,0.01,0.25,j2_a_then_b,geometric
underconfident_marginals,6,2.0,arithmetic,0.14749199197078758,1.4938803328443668,0.7007828067125919,0.09572255923935756,0.05329274390372125,0.005948319246333993,-0.01486690614107844,-0.01486690614107844,0.25,0.01,0.25,j2_a_then_b,geometric
underconfident_marginals,6,2.0,geometric,0.14749199197078758,1.4858602769827074,0.6986312656524044,0.08499379474431533,0.0586205316768791,0.0059806652393582325,-0.022886962002737876,-0.022886962002737876,0.25,0.01,0.25,j2_a_then_b,geometric
underconfident_marginals,6,2.0,weighted_geometric,0.14749199197078758,1.4915929930362055,0.701281111772139,0.09184050050685454,0.05768313549733061,0.0074639439248921045,-0.017154245949239755,-0.017154245949239755,0.25,0.01,0.25,j2_a_then_b,geometric
underconfident_marginals,6,2.0,hard_core,0.14749199197078758,1.5565670539555445,0.7192043568075506,0.16683660182216103,3.251193942972047e-14,0.012379088069662073,0.04781981497009924,0.04781981497009924,0.25,0.01,0.25,j2_a_then_b,geometric
underconfident_marginals,6,2.0,adaptive_soft,0.14749199197078758,1.4919077049045522,0.7013771198626197,0.09233241691790099,0.057221922349094095,0.007430872018089495,-0.016839534080893115,-0.016839534080893115,0.25,0.01,0.25,j2_a_then_b,geometric
underconfident_marginals,6,2.0,selective_core,0.14749199197078758,1.4915929930362055,0.701281111772139,0.09184050050685454,0.05768313549733061,0.0074639439248921045,-0.017154245949239755,-0.017154245949239755,0.25,0.01,0.25,j2_a_then_b,geometric
underconfident_marginals,7,2.0,j1,0.1410277766580724,1.5578707086046366,0.708754116069487,0.11996377420962076,0.04797480987240842,0.010021170757924172,0.009726735079573334,0.009726735079573334,0.5,0.01,0.5,j2_a_then_b,geometric
underconfident_marginals,7,2.0,j2,0.1410277766580724,1.5481439735250633,0.7087103274892261,0.11260170501048651,0.05359545184257723,0.010021170757924172,0.0,0.0,0.5,0.01,0.5,j2_a_then_b,geometric
underconfident_marginals,7,2.0,selected_order,0.1410277766580724,1.5481439735250633,0.7087103274892261,0.11260170501048651,0.05359545184257723,0.010021170757924172,0.0,0.0,0.5,0.01,0.5,j2_a_then_b,geometric
underconfident_marginals,7,2.0,independent,0.1410277766580724,1.7275094214556357,0.757694726045946,0.2889624028281978,3.959007600917719e-17,0.0618573062504118,0.1793654479305724,0.1793654479305724,0.5,0.01,0.5,j2_a_then_b,geometric
underconfident_marginals,7,2.0,arithmetic,0.1410277766580724,1.53920900804011,0.7043264327090162,0.09469047479288378,0.050785130857492804,0.005140482905786377,-0.008934965484953317,-0.008934965484953317,0.5,0.01,0.5,j2_a_then_b,geometric
underconfident_marginals,7,2.0,geometric,0.1410277766580724,1.5323029726109916,0.7018140855717022,0.0859422151258708,0.05496061977528135,0.005157669083091402,-0.0158410009140717,-0.0158410009140717,0.5,0.01,0.5,j2_a_then_b,geometric
underconfident_marginals,7,2.0,weighted_geometric,0.1410277766580724,1.5323029726109916,0.7018140855717022,0.0859422151258708,0.05496061977528135,0.005157669083091402,-0.0158410009140717,-0.0158410009140717,0.5,0.01,0.5,j2_a_then_b,geometric
underconfident_marginals,7,2.0,hard_core,0.1410277766580724,1.6082285543052266,0.7268717472148324,0.16251509126279354,3.805671489748308e-14,0.011465320176012966,0.06008458078016332,0.06008458078016332,0.5,0.01,0.5,j2_a_then_b,geometric
underconfident_marginals,7,2.0,adaptive_soft,0.1410277766580724,1.5327331625075116,0.7019764515351908,0.08654677181221362,0.05450823059261984,0.005151668927825119,-0.015410811017551707,-0.015410811017551707,0.5,0.01,0.5,j2_a_then_b,geometric
underconfident_marginals,7,2.0,selective_core,0.1410277766580724,1.5323029726109916,0.7018140855717022,0.0859422151258708,0.05496061977528135,0.005157669083091402,-0.0158410009140717,-0.0158410009140717,0.5,0.01,0.5,j2_a_then_b,geometric
underconfident_marginals,8,2.0,j1,0.12128877407780919,1.5387406350810962,0.7186911224173839,0.10393960328642556,0.0457093396568093,0.007303882328611316,0.0,-0.0030322839116174727,0.5,0.01,0.5,j2_a_then_b,geometric
underconfident_marginals,8,2.0,j2,0.12128877407780919,1.5417729189927136,0.7209941576849092,0.10861808390259702,0.04312128492908395,0.007303882328611316,0.0030322839116174727,0.0,0.5,0.01,0.5,j2_a_then_b,geometric
underconfident_marginals,8,2.0,selected_order,0.12128877407780919,1.5417729189927136,0.7209941576849092,0.10861808390259702,0.04312128492908395,0.007303882328611316,0.0030322839116174727,0.0,0.5,0.01,0.5,j2_a_then_b,geometric
underconfident_marginals,8,2.0,independent,0.12128877407780919,1.8681230533270803,0.7986749989638315,0.3634322330930161,4.081826023016877e-17,0.09979369308560922,0.32938241824598413,0.32635013433436666,0.5,0.01,0.5,j2_a_then_b,geometric
underconfident_marginals,8,2.0,arithmetic,0.12128877407780919,1.529036225205165,0.7161203330490653,0.08736246162782689,0.04441531229294661,0.0037209783004201577,-0.00970440987593113,-0.012736693787548603,0.5,0.01,0.5,j2_a_then_b,geometric
underconfident_marginals,8,2.0,geometric,0.12128877407780919,1.5252851016084141,0.7149028183975067,0.08198350949085007,0.04654074083290992,0.003727777725908318,-0.013455533472682024,-0.016487817384299497,0.5,0.01,0.5,j2_a_then_b,geometric
underconfident_marginals,8,2.0,weighted_geometric,0.12128877407780919,1.5252851016084141,0.7149028183975067,0.08198350949085007,0.04654074083290992,0.003727777725908318,-0.013455533472682024,-0.016487817384299497,0.5,0.01,0.5,j2_a_then_b,geometric
underconfident_marginals,8,2.0,hard_core,0.12128877407780919,1.5846089084765906,0.7352094405728483,0.14880136204431976,8.601511256728367e-14,0.010321387369860328,0.045868273395494485,0.04283598948387701,0.5,0.01,0.5,j2_a_then_b,geometric
underconfident_marginals,8,2.0,adaptive_soft,0.12128877407780919,1.5255756769397417,0.7150196861140479,0.08241869949974344,0.04622501792917948,0.003724628909969593,-0.013164958141354433,-0.016197242052971905,0.5,0.01,0.5,j2_a_then_b,geometric
underconfident_marginals,8,2.0,selective_core,0.12128877407780919,1.5252851016084141,0.7149028183975067,0.08198350949085007,0.04654074083290992,0.003727777725908318,-0.013455533472682024,-0.016487817384299497,0.5,0.01,0.5,j2_a_then_b,geometric
underconfident_marginals,9,2.0,j1,0.15030609707154746,1.466804945840198,0.6752826174899349,0.12594295351484622,0.05504102362579116,0.012152651709966895,0.02212470880998274,0.0,0.5,0.01,0.5,j1_b_then_a,geometric
underconfident_marginals,9,2.0,j2,0.15030609707154746,1.4446802370302152,0.6748224563365843,0.1187253511895116,0.058149589251695145,0.012152651709966895,0.0,-0.02212470880998274,0.5,0.01,0.5,j1_b_then_a,geometric
underconfident_marginals,9,2.0,selected_order,0.15030609707154746,1.466804945840198,0.6752826174899349,0.12594295351484622,0.05504102362579116,0.012152651709966895,0.02212470880998274,0.0,0.5,0.01,0.5,j1_b_then_a,geometric
underconfident_marginals,9,2.0,independent,0.15030609707154746,1.6146483751116407,0.7248708015126308,0.2710524271107738,4.106036257528478e-17,0.053202616136507924,0.16996813808142552,0.14784342927144278,0.5,0.01,0.5,j1_b_then_a,geometric
underconfident_marginals,9,2.0,arithmetic,0.15030609707154746,1.4393926037364586,0.6700967185655966,0.10046955930077033,0.05659530643874314,0.006279058823825687,-0.005287633293756588,-0.02741234210373933,0.5,0.01,0.5,j1_b_then_a,geometric
underconfident_marginals,9,2.0,geometric,0.15030609707154746,1.4304396740738778,0.6670671731964919,0.08860091524625927,0.062110068290287895,0.006313857400729027,-0.014240562956337355,-0.036365271766320095,0.5,0.01,0.5,j1_b_then_a,geometric
underconfident_marginals,9,2.0,weighted_geometric,0.15030609707154746,1.4304396740738778,0.6670671731964919,0.08860091524625927,0.062110068290287895,0.006313857400729027,-0.014240562956337355,-0.036365271766320095,0.5,0.01,0.5,j1_b_then_a,geometric
underconfident_marginals,9,2.0,hard_core,0.15030609707154746,1.518589590089969,0.6946703164457344,0.17765268102156223,1.1409535799868434e-13,0.01455883416396577,0.07390935305975388,0.05178464424977114,0.5,0.01,0.5,j1_b_then_a,geometric
underconfident_marginals,9,2.0,adaptive_soft,0.15030609707154746,1.4309023181321376,0.6672337077873166,0.08928132659447635,0.06163379980874936,0.006304295025090932,-0.013777918898077557,-0.0359026277080603,0.5,0.01,0.5,j1_b_then_a,geometric
underconfident_marginals,9,2.0,selective_core,0.15030609707154746,1.4304396740738778,0.6670671731964919,0.08860091524625927,0.062110068290287895,0.006313857400729027,-0.014240562956337355,-0.036365271766320095,0.5,0.01,0.5,j1_b_then_a,geometric
underconfident_marginals,10,2.0,j1,0.13648195662621526,1.4122089795591477,0.6641909364977625,0.11778990230886868,0.05229872743030447,0.0105804216486238,0.004711820797746791,0.0,0.5,0.01,0.5,j1_b_then_a,geometric
underconfident_marginals,10,2.0,j2,0.13648195662621526,1.407497158761401,0.6668668458987869,0.12414047179955645,0.04825224046817355,0.0105804216486238,0.0,-0.004711820797746791,0.5,0.01,0.5,j1_b_then_a,geometric
underconfident_marginals,10,2.0,selected_order,0.13648195662621526,1.4122089795591477,0.6641909364977625,0.11778990230886868,0.05229872743030447,0.0105804216486238,0.004711820797746791,0.0,0.5,0.01,0.5,j1_b_then_a,geometric
underconfident_marginals,10,2.0,independent,0.13648195662621526,1.6819391993966233,0.741966743690129,0.3222336787698319,4.034316283818562e-17,0.07416662781768023,0.2744420406352224,0.2697302198374756,0.5,0.01,0.5,j1_b_then_a,geometric
underconfident_marginals,10,2.0,arithmetic,0.13648195662621526,1.3959142283982657,0.6613946363330196,0.10239929860129408,0.05027548394923899,0.0054563324759166025,-0.01158293036313518,-0.01629475116088197,0.5,0.01,0.5,j1_b_then_a,geometric
underconfident_marginals,10,2.0,geometric,0.13648195662621526,1.3879086381598678,0.6591540098462633,0.09225618180208543,0.0549837246972162,0.0054817374901566605,-0.019588520601533155,-0.024300341399279946,0.5,0.01,0.5,j1_b_then_a,geometric
underconfident_marginals,10,2.0,weighted_geometric,0.13648195662621526,1.3879086381598678,0.6591540098462633,0.09225618180208543,0.0549837246972162,0.0054817374901566605,-0.019588520601533155,-0.024300341399279946,0.5,0.01,0.5,j1_b_then_a,geometric
underconfident_marginals,10,2.0,hard_core,0.13648195662621526,1.4558676571092846,0.6783377914966748,0.16908776794703959,4.188921627103215e-14,0.012941741419654724,0.04837049834788365,0.04365867755013686,0.5,0.01,0.5,j1_b_then_a,geometric
underconfident_marginals,10,2.0,adaptive_soft,0.13648195662621526,1.3882751878012216,0.6592743167982319,0.09284836019234573,0.05456161910712948,0.005473746874803099,-0.019221970960179302,-0.023933791757926093,0.5,0.01,0.5,j1_b_then_a,geometric
underconfident_marginals,10,2.0,selective_core,0.13648195662621526,1.3879086381598678,0.6591540098462633,0.09225618180208543,0.0549837246972162,0.0054817374901566605,-0.019588520601533155,-0.024300341399279946,0.5,0.01,0.5,j1_b_then_a,geometric
underconfident_marginals,11,2.0,j1,0.16711506026615197,1.4544740205758258,0.6657799076155133,0.13758678570643437,0.05798910118969529,0.015028987049459477,0.030806135504758414,0.030806135504758414,0.25,0.01,0.25,j2_a_then_b,geometric
underconfident_marginals,11,2.0,j2,0.16711506026615197,1.4236678850710673,0.6622470012881311,0.12065497891512694,0.06666770108442503,0.015028987049459477,0.0,0.0,0.25,0.01,0.25,j2_a_then_b,geometric
underconfident_marginals,11,2.0,selected_order,0.16711506026615197,1.4236678850710673,0.6622470012881311,0.12065497891512694,0.06666770108442503,0.015028987049459477,0.0,0.0,0.25,0.01,0.25,j2_a_then_b,geometric
underconfident_marginals,11,2.0,independent,0.16711506026615197,1.5266581021117966,0.6926500141391791,0.2195190019782654,4.140242836070396e-17,0.030712947051321684,0.1029902170407293,0.1029902170407293,0.25,0.01,0.25,j2_a_then_b,geometric
underconfident_marginals,11,2.0,arithmetic,0.16711506026615197,1.4183601257588174,0.6583151826695063,0.10459170319852393,0.06232840113706013,0.007798417234043853,-0.005307759312249916,-0.005307759312249916,0.25,0.01,0.25,j2_a_then_b,geometric
underconfident_marginals,11,2.0,geometric,0.16711506026615197,1.4075753999495497,0.6547730247341284,0.0887417909212807,0.07057934702169291,0.007850517773161573,-0.01609248512151762,-0.01609248512151762,0.25,0.01,0.25,j2_a_then_b,geometric
underconfident_marginals,11,2.0,weighted_geometric,0.16711506026615197,1.408292015820683,0.6562470776345992,0.09534289967700184,0.07048899135110795,0.009839672336156109,-0.015375869250384255,-0.015375869250384255,0.25,0.01,0.25,j2_a_then_b,geometric
underconfident_marginals,11,2.0,hard_core,0.16711506026615197,1.4903658836068348,0.6843052581035414,0.19117448801136153,1.5461967806367632e-14,0.01566325580393921,0.06669799853576741,0.06669799853576741,0.25,0.01,0.25,j2_a_then_b,geometric
underconfident_marginals,11,2.0,adaptive_soft,0.16711506026615197,1.408675588381466,0.656397839556591,0.09596324792047994,0.06992884849987027,0.009788771681492933,-0.014992296689601448,-0.014992296689601448,0.25,0.01,0.25,j2_a_then_b,geometric
underconfident_marginals,11,2.0,selective_core,0.16711506026615197,1.408292015820683,0.6562470776345992,0.09534289967700184,0.07048899135110795,0.009839672336156109,-0.015375869250384255,-0.015375869250384255,0.25,0.01,0.25,j2_a_then_b,geometric
underconfident_marginals,12,2.0,j1,0.13111245281436332,1.5647187848789144,0.7190506885725267,0.11151227052915005,0.04611537419762748,0.008692290187410528,0.0,-0.006349419850141258,0.5,0.01,0.5,j2_a_then_b,geometric
underconfident_marginals,12,2.0,j2,0.13111245281436332,1.5710682047290556,0.7192753607409841,0.10939941439641843,0.04782275621314335,0.008692290187410528,0.006349419850141258,0.0,0.5,0.01,0.5,j2_a_then_b,geometric
underconfident_marginals,12,2.0,selected_order,0.13111245281436332,1.5710682047290556,0.7192753607409841,0.10939941439641843,0.04782275621314335,0.008692290187410528,0.006349419850141258,0.0,0.5,0.01,0.5,j2_a_then_b,geometric
underconfident_marginals,12,2.0,independent,0.13111245281436332,1.804744267478405,0.7815610788410051,0.31843475073175614,4.1113380061519323e-17,0.07535610845843857,0.24002548259949075,0.2336760627493495,0.5,0.01,0.5,j2_a_then_b,geometric
underconfident_marginals,12,2.0,arithmetic,0.13111245281436332,1.5550192435699906,0.7152431764051085,0.09031878956424484,0.046969065205385394,0.004445944165061915,-0.00969954130892381,-0.016048961159065067,0.5,0.01,0.5,j2_a_then_b,geometric
underconfident_marginals,12,2.0,geometric,0.13111245281436332,1.5500103861947805,0.7134684862412184,0.08332147278975198,0.05032844386064651,0.004457802774612057,-0.014708398684133872,-0.02105781853427513,0.5,0.01,0.5,j2_a_then_b,geometric
underconfident_marginals,12,2.0,weighted_geometric,0.13111245281436332,1.5500103861947805,0.7134684862412184,0.08332147278975198,0.05032844386064651,0.004457802774612057,-0.014708398684133872,-0.02105781853427513,0.5,0.01,0.5,j2_a_then_b,geometric
underconfident_marginals,12,2.0,hard_core,0.13111245281436332,1.6089565750445434,0.7306070693415313,0.15315791939669998,1.0832089663171535e-13,0.010410314040903777,0.04423779016562901,0.03788837031548775,0.5,0.01,0.5,j2_a_then_b,geometric
underconfident_marginals,12,2.0,adaptive_soft,0.13111245281436332,1.5503253853879841,0.7135854459411194,0.08385105741612528,0.04993082626587145,0.004453132053905455,-0.014393399490930214,-0.020742819341071472,0.5,0.01,0.5,j2_a_then_b,geometric
underconfident_marginals,12,2.0,selective_core,0.13111245281436332,1.5500103861947805,0.7134684862412184,0.08332147278975198,0.05032844386064651,0.004457802774612057,-0.014708398684133872,-0.02105781853427513,0.5,0.01,0.5,j2_a_then_b,geometric
underconfident_marginals,13,2.0,j1,0.1306557078123156,1.4997721315804937,0.6929419063887503,0.11373126775316447,0.048130555017144444,0.009367230178713574,0.008526005683151539,0.0,0.5,0.01,0.5,j1_b_then_a,geometric
underconfident_marginals,13,2.0,j2,0.1306557078123156,1.4912461258973422,0.6933855746448453,0.11728886530970274,0.047155437028835054,0.009367230178713574,0.0,-0.008526005683151539,0.5,0.01,0.5,j1_b_then_a,geometric
underconfident_marginals,13,2.0,selected_order,0.1306557078123156,1.4997721315804937,0.6929419063887503,0.11373126775316447,0.048130555017144444,0.009367230178713574,0.008526005683151539,0.0,0.5,0.01,0.5,j1_b_then_a,geometric
underconfident_marginals,13,2.0,independent,0.1306557078123156,1.7307894803539516,0.7596361204464481,0.3303689357971247,3.783605373453014e-17,0.07972752766432725,0.23954335445660946,0.23101734877345792,0.5,0.01,0.5,j1_b_then_a,geometric
underconfident_marginals,13,2.0,arithmetic,0.1306557078123156,1.4800880829533094,0.6893057589461177,0.0976977093505578,0.04764299602298973,0.004811868784435043,-0.011158042944032776,-0.019684048627184314,0.5,0.01,0.5,j1_b_then_a,geometric
underconfident_marginals,13,2.0,geometric,0.1306557078123156,1.4761633306313628,0.6878679232751157,0.08912081967481064,0.05152075147305231,0.004829315281183348,-0.015082795265979332,-0.02360880094913087,0.5,0.01,0.5,j1_b_then_a,geometric
underconfident_marginals,13,2.0,weighted_geometric,0.1306557078123156,1.4761633306313628,0.6878679232751157,0.08912081967481064,0.05152075147305231,0.004829315281183348,-0.015082795265979332,-0.02360880094913087,0.5,0.01,0.5,j1_b_then_a,geometric
underconfident_marginals,13,2.0,hard_core,0.1306557078123156,1.5382564157454601,0.7037388462238963,0.15846126399065072,3.3540761314176935e-14,0.011685460467258508,0.04701028984811795,0.03848428416496641,0.5,0.01,0.5,j1_b_then_a,geometric
underconfident_marginals,13,2.0,adaptive_soft,0.1306557078123156,1.4764625890300707,0.687966562089581,0.0896556273230042,0.05112735438046575,0.004823252113977778,-0.014783536867271518,-0.023309542550423057,0.5,0.01,0.5,j1_b_then_a,geometric
underconfident_marginals,13,2.0,selective_core,0.1306557078123156,1.4761633306313628,0.6878679232751157,0.08912081967481064,0.05152075147305231,0.004829315281183348,-0.015082795265979332,-0.02360880094913087,0.5,0.01,0.5,j1_b_then_a,geometric
underconfident_marginals,14,2.0,j1,0.16159518277976503,1.4872769603855758,0.6831764386361695,0.13848855938442647,0.053454492730927526,0.013676328911046075,0.03090053504753576,0.03090053504753576,0.5,0.01,0.5,j2_a_then_b,geometric
underconfident_marginals,14,2.0,j2,0.16159518277976503,1.45637642533804,0.6797315240655019,0.11709028947591793,0.06559102896338494,0.013676328911046075,0.0,0.0,0.5,0.01,0.5,j2_a_then_b,geometric
underconfident_marginals,14,2.0,selected_order,0.16159518277976503,1.45637642533804,0.6797315240655019,0.11709028947591793,0.06559102896338494,0.013676328911046075,0.0,0.0,0.5,0.01,0.5,j2_a_then_b,geometric
underconfident_marginals,14,2.0,independent,0.16159518277976503,1.5745782267642605,0.7124800413994807,0.23074705378995458,3.639102907904146e-17,0.03410501335733032,0.1182018014262205,0.1182018014262205,0.5,0.01,0.5,j2_a_then_b,geometric
underconfident_marginals,14,2.0,arithmetic,0.16159518277976503,1.4540782028436083,0.6761283482544029,0.10336276550603567,0.05952276084715622,0.00707083636684985,-0.0022982224944316787,-0.0022982224944316787,0.5,0.01,0.5,j2_a_then_b,geometric
underconfident_marginals,14,2.0,geometric,0.16159518277976503,1.4432979875078276,0.6729675642096851,0.08973100337861595,0.0665735403862568,0.007109209478349129,-0.013078437830212453,-0.013078437830212453,0.5,0.01,0.5,j2_a_then_b,geometric
underconfident_marginals,14,2.0,weighted_geometric,0.16159518277976503,1.4432979875078276,0.6729675642096851,0.08973100337861595,0.0665735403862568,0.007109209478349129,-0.013078437830212453,-0.013078437830212453,0.5,0.01,0.5,j2_a_then_b,geometric
underconfident_marginals,14,2.0,hard_core,0.16159518277976503,1.5222833248682832,0.6992773169636856,0.18271591707349238,1.153194896345855e-13,0.014072956455956558,0.0659068995302432,0.0659068995302432,0.5,0.01,0.5,j2_a_then_b,geometric
underconfident_marginals,14,2.0,adaptive_soft,0.16159518277976503,1.4437794272309397,0.6731240818501389,0.0905199673248468,0.06599260814089263,0.007098112114603909,-0.012596998107100355,-0.012596998107100355,0.5,0.01,0.5,j2_a_then_b,geometric
underconfident_marginals,14,2.0,selective_core,0.16159518277976503,1.4432979875078276,0.6729675642096851,0.08973100337861595,0.0665735403862568,0.007109209478349129,-0.013078437830212453,-0.013078437830212453,0.5,0.01,0.5,j2_a_then_b,geometric
underconfident_marginals,15,2.0,j1,0.1344225312219229,1.4327085929386116,0.6688425476177956,0.12631034785933892,0.046042088011750804,0.009914153776075175,0.0048900545917272,0.0,0.5,0.01,0.5,j1_b_then_a,geometric
underconfident_marginals,15,2.0,j2,0.1344225312219229,1.4278185383468844,0.66445589002095,0.11912242996091152,0.04990099783287789,0.009914153776075175,0.0,-0.0048900545917272,0.5,0.01,0.5,j1_b_then_a,geometric
underconfident_marginals,15,2.0,selected_order,0.1344225312219229,1.4327085929386116,0.6688425476177956,0.12631034785933892,0.046042088011750804,0.009914153776075175,0.0048900545917272,0.0,0.5,0.01,0.5,j1_b_then_a,geometric
underconfident_marginals,15,2.0,independent,0.1344225312219229,1.6796446532940705,0.735002757219348,0.30396225159123386,3.867826198211688e-17,0.07317574368990597,0.2518261149471861,0.2469360603554589,0.5,0.01,0.5,j1_b_then_a,geometric
underconfident_marginals,15,2.0,arithmetic,0.1344225312219229,1.4153425468754885,0.6625457007354538,0.1037633430622781,0.04797154292231433,0.005098551440849978,-0.012475991471395886,-0.017366046063123086,0.5,0.01,0.5,j1_b_then_a,geometric
underconfident_marginals,15,2.0,geometric,0.1344225312219229,1.4097478139601702,0.6604746478960449,0.094423237599742,0.05237825038596298,0.005119189595115332,-0.0180707243867142,-0.0229607789784414,0.5,0.01,0.5,j1_b_then_a,geometric
underconfident_marginals,15,2.0,weighted_geometric,0.1344225312219229,1.4097478139601702,0.6604746478960449,0.094423237599742,0.05237825038596298,0.005119189595115332,-0.0180707243867142,-0.0229607789784414,0.5,0.01,0.5,j1_b_then_a,geometric
underconfident_marginals,15,2.0,hard_core,0.1344225312219229,1.4647633203170798,0.677020817076667,0.1644534931640576,1.2129748507699877e-13,0.011301453447074188,0.03694478197019535,0.03205472737846815,0.5,0.01,0.5,j1_b_then_a,geometric
underconfident_marginals,15,2.0,adaptive_soft,0.1344225312219229,1.4100494524872165,0.6605867161147574,0.09500316432414453,0.051936213673269005,0.005112966898193679,-0.017769085859667966,-0.022659140451395166,0.5,0.01,0.5,j1_b_then_a,geometric
underconfident_marginals,15,2.0,selective_core,0.1344225312219229,1.4097478139601702,0.6604746478960449,0.094423237599742,0.05237825038596298,0.005119189595115332,-0.0180707243867142,-0.0229607789784414,0.5,0.01,0.5,j1_b_then_a,geometric
underconfident_marginals,16,2.0,j1,0.13275099752284114,1.5880780602591078,0.7356469603843433,0.11099128246539981,0.048853578694781845,0.008819671070988213,0.0013380104375479984,0.0013380104375479984,0.5,0.01,0.5,j2_a_then_b,geometric
underconfident_marginals,16,2.0,j2,0.13275099752284114,1.5867400498215598,0.7352155085093314,0.11414159510607673,0.04813937792790697,0.008819671070988213,0.0,0.0,0.5,0.01,0.5,j2_a_then_b,geometric
underconfident_marginals,16,2.0,selected_order,0.13275099752284114,1.5867400498215598,0.7352155085093314,0.11414159510607673,0.04813937792790697,0.008819671070988213,0.0,0.0,0.5,0.01,0.5,j2_a_then_b,geometric
underconfident_marginals,16,2.0,independent,0.13275099752284114,1.839641256072382,0.7935258653571762,0.3040209605465613,4.059686614654723e-17,0.07571829626183695,0.25290120625082224,0.25290120625082224,0.5,0.01,0.5,j2_a_then_b,geometric
underconfident_marginals,16,2.0,arithmetic,0.13275099752284114,1.5732790960054353,0.7314137271267632,0.09135891927430567,0.048496478311344376,0.004508509213509205,-0.013460953816124555,-0.013460953816124555,0.5,0.01,0.5,j2_a_then_b,geometric
underconfident_marginals,16,2.0,geometric,0.13275099752284114,1.5692708597639977,0.7303975848009688,0.08444630554918944,0.051892318368421814,0.004519588909591866,-0.01746919005756209,-0.01746919005756209,0.5,0.01,0.5,j2_a_then_b,geometric
underconfident_marginals,16,2.0,weighted_geometric,0.13275099752284114,1.5692708597639977,0.7303975848009688,0.08444630554918944,0.051892318368421814,0.004519588909591866,-0.01746919005756209,-0.01746919005756209,0.5,0.01,0.5,j2_a_then_b,geometric
underconfident_marginals,16,2.0,hard_core,0.13275099752284114,1.6211238769888683,0.7432842575209256,0.1568639496329106,5.3218585788217253e-14,0.011159157586953437,0.03438382716730848,0.03438382716730848,0.5,0.01,0.5,j2_a_then_b,geometric
underconfident_marginals,16,2.0,adaptive_soft,0.13275099752284114,1.5694970293807122,0.7304598672537171,0.08498493719305367,0.05148805064787798,0.004514832437641573,-0.01724302044084758,-0.01724302044084758,0.5,0.01,0.5,j2_a_then_b,geometric
underconfident_marginals,16,2.0,selective_core,0.13275099752284114,1.5692708597639977,0.7303975848009688,0.08444630554918944,0.051892318368421814,0.004519588909591866,-0.01746919005756209,-0.01746919005756209,0.5,0.01,0.5,j2_a_then_b,geometric
underconfident_marginals,17,2.0,j1,0.1118823649061672,1.4813757535584224,0.6897404076146185,0.10414652585126168,0.04185973696668304,0.006705187111563185,0.0,0.0,0.5,0.01,0.5,j1_b_then_a,geometric
underconfident_marginals,17,2.0,j2,0.1118823649061672,1.4856271743818659,0.6905113926663357,0.11395698064830395,0.03793659885046358,0.006705187111563185,0.00425142082344343,0.00425142082344343,0.5,0.01,0.5,j1_b_then_a,geometric
underconfident_marginals,17,2.0,selected_order,0.1118823649061672,1.4813757535584224,0.6897404076146185,0.10414652585126168,0.04185973696668304,0.006705187111563185,0.0,0.0,0.5,0.01,0.5,j1_b_then_a,geometric
underconfident_marginals,17,2.0,independent,0.1118823649061672,1.838178865581584,0.7847751995659511,0.37916355284663095,3.9284981517839765e-17,0.10185085735123475,0.3568031120231616,0.3568031120231616,0.5,0.01,0.5,j1_b_then_a,geometric
underconfident_marginals,17,2.0,arithmetic,0.1118823649061672,1.4720161586110638,0.6869218761646798,0.09253108349943621,0.039898167908573284,0.003420521852578962,-0.009359594947358607,-0.009359594947358607,0.5,0.01,0.5,j1_b_then_a,geometric
underconfident_marginals,17,2.0,geometric,0.1118823649061672,1.4697546861576871,0.685788787584747,0.08743254576633105,0.04203133065239101,0.003427568166573475,-0.011621067400735319,-0.011621067400735319,0.5,0.01,0.5,j1_b_then_a,geometric
underconfident_marginals,17,2.0,weighted_geometric,0.1118823649061672,1.4697546861576871,0.685788787584747,0.08743254576633105,0.04203133065239101,0.003427568166573475,-0.011621067400735319,-0.011621067400735319,0.5,0.01,0.5,j1_b_then_a,geometric
underconfident_marginals,17,2.0,hard_core,0.1118823649061672,1.50631415647193,0.6987838669487053,0.14518058756908223,2.775198226605269e-13,0.008707362016714498,0.024938402913507574,0.024938402913507574,0.5,0.01,0.5,j1_b_then_a,geometric
underconfident_marginals,17,2.0,adaptive_soft,0.1118823649061672,1.4699844424136352,0.6858845044109021,0.08784903584764399,0.04171472807307447,0.00342482109187475,-0.011391311144787197,-0.011391311144787197,0.5,0.01,0.5,j1_b_then_a,geometric
underconfident_marginals,17,2.0,selective_core,0.1118823649061672,1.4697546861576871,0.685788787584747,0.08743254576633105,0.04203133065239101,0.003427568166573475,-0.011621067400735319,-0.011621067400735319,0.5,0.01,0.5,j1_b_then_a,geometric
underconfident_marginals,18,2.0,j1,0.13697695555619233,1.454014836844756,0.6733825476397631,0.1296576161477552,0.04302681279666374,0.009905491604641894,0.007389039244559026,0.007389039244559026,0.5,0.01,0.5,j2_a_then_b,geometric
underconfident_marginals,18,2.0,j2,0.13697695555619233,1.446625797600197,0.6733670520043787,0.10538398764597996,0.055241339698708175,0.009905491604641894,0.0,0.0,0.5,0.01,0.5,j2_a_then_b,geometric
underconfident_marginals,18,2.0,selected_order,0.13697695555619233,1.446625797600197,0.6733670520043787,0.10538398764597996,0.055241339698708175,0.009905491604641894,0.0,0.0,0.5,0.01,0.5,j2_a_then_b,geometric
underconfident_marginals,18,2.0,independent,0.13697695555619233,1.7062662549918681,0.7461201458932646,0.31407500942949096,3.7550691722731954e-17,0.07029439807951508,0.2596404573916711,0.2596404573916711,0.5,0.01,0.5,j2_a_then_b,geometric
underconfident_marginals,18,2.0,arithmetic,0.13697695555619233,1.43747696881467,0.6692511191141441,0.09808010240213337,0.04913407624768594,0.0050913022545614715,-0.00914882878552703,-0.00914882878552703,0.5,0.01,0.5,j2_a_then_b,geometric
underconfident_marginals,18,2.0,geometric,0.13697695555619233,1.4298265336154177,0.6665628495683613,0.08901240765085228,0.05370855965431438,0.0051120434395966335,-0.016799263984779378,-0.016799263984779378,0.5,0.01,0.5,j2_a_then_b,geometric
underconfident_marginals,18,2.0,weighted_geometric,0.13697695555619233,1.4298265336154177,0.6665628495683613,0.08901240765085228,0.05370855965431438,0.0051120434395966335,-0.016799263984779378,-0.016799263984779378,0.5,0.01,0.5,j2_a_then_b,geometric
underconfident_marginals,18,2.0,hard_core,0.13697695555619233,1.491606709225368,0.6855599211470262,0.16283626205517499,8.381465617032791e-14,0.011535082468347144,0.04498091162517093,0.04498091162517093,0.5,0.01,0.5,j2_a_then_b,geometric
underconfident_marginals,18,2.0,adaptive_soft,0.13697695555619233,1.4302286868333636,0.666702724829187,0.08959629063868906,0.05328143313676026,0.0051053060971336895,-0.016397110766833478,-0.016397110766833478,0.5,0.01,0.5,j2_a_then_b,geometric
underconfident_marginals,18,2.0,selective_core,0.13697695555619233,1.4298265336154177,0.6665628495683613,0.08901240765085228,0.05370855965431438,0.0051120434395966335,-0.016799263984779378,-0.016799263984779378,0.5,0.01,0.5,j2_a_then_b,geometric
underconfident_marginals,19,2.0,j1,0.1397110739605739,1.422232747330634,0.6638239290525455,0.12166728356307138,0.04963805729007024,0.010515740738827826,0.018111379842932207,0.0,0.5,0.01,0.5,j1_b_then_a,geometric
underconfident_marginals,19,2.0,j2,0.1397110739605739,1.4041213674877018,0.6642825906049165,0.12162500700502453,0.052738761237873764,0.010515740738827826,0.0,-0.018111379842932207,0.5,0.01,0.5,j1_b_then_a,geometric
underconfident_marginals,19,2.0,selected_order,0.1397110739605739,1.422232747330634,0.6638239290525455,0.12166728356307138,0.04963805729007024,0.010515740738827826,0.018111379842932207,0.0,0.5,0.01,0.5,j1_b_then_a,geometric
underconfident_marginals,19,2.0,independent,0.1397110739605739,1.6677380429604935,0.7323205021109701,0.3053553356768432,4.049088538418677e-17,0.07376959607375093,0.2636166754727918,0.24550529562985957,0.5,0.01,0.5,j1_b_then_a,geometric
underconfident_marginals,19,2.0,arithmetic,0.1397110739605739,1.3992221450320663,0.6595969440020129,0.10119527812487403,0.05118840926397199,0.00540948439650381,-0.004899222455635455,-0.02301060229856766,0.5,0.01,0.5,j1_b_then_a,geometric
underconfident_marginals,19,2.0,geometric,0.1397110739605739,1.3913965441398732,0.6565816814761681,0.09124511528193721,0.055928385320273825,0.005430869382541205,-0.01272482334782854,-0.030836203190760747,0.5,0.01,0.5,j1_b_then_a,geometric
underconfident_marginals,19,2.0,weighted_geometric,0.1397110739605739,1.3913965441398732,0.6565816814761681,0.09124511528193721,0.055928385320273825,0.005430869382541205,-0.01272482334782854,-0.030836203190760747,0.5,0.01,0.5,j1_b_then_a,geometric
underconfident_marginals,19,2.0,hard_core,0.1397110739605739,1.476384284877889,0.6842980922812053,0.17009991981912337,6.291670656688453e-14,0.012646879868007933,0.0722629173901872,0.05415153754725499,0.5,0.01,0.5,j1_b_then_a,geometric
underconfident_marginals,19,2.0,adaptive_soft,0.1397110739605739,1.391855524769224,0.6567602945619294,0.09185393243197393,0.05548051302322634,0.005423930914817384,-0.01226584271847786,-0.030377222561410067,0.5,0.01,0.5,j1_b_then_a,geometric
underconfident_marginals,19,2.0,selective_core,0.1397110739605739,1.3913965441398732,0.6565816814761681,0.09124511528193721,0.055928385320273825,0.005430869382541205,-0.01272482334782854,-0.030836203190760747,0.5,0.01,0.5,j1_b_then_a,geometric
underconfident_marginals,20,2.0,j1,0.14834108305815694,1.6277713674090584,0.7396873141017141,0.11608806650700508,0.053287614010872605,0.011288686740093465,0.0088524025282406,0.0088524025282406,0.5,0.01,0.5,j2_a_then_b,geometric
underconfident_marginals,20,2.0,j2,0.14834108305815694,1.6189189648808178,0.7424571816388661,0.10618247834649862,0.05624386665287801,0.011288686740093465,0.0,0.0,0.5,0.01,0.5,j2_a_then_b,geometric
underconfident_marginals,20,2.0,selected_order,0.14834108305815694,1.6189189648808178,0.7424571816388661,0.10618247834649862,0.05624386665287801,0.011288686740093465,0.0,0.0,0.5,0.01,0.5,j2_a_then_b,geometric
underconfident_marginals,20,2.0,independent,0.14834108305815694,1.7278350944992398,0.7702750191496003,0.2396358145640757,3.70090243173582e-17,0.039124884304645335,0.10891612961842201,0.10891612961842201,0.5,0.01,0.5,j2_a_then_b,geometric
underconfident_marginals,20,2.0,arithmetic,0.14834108305815694,1.6058048348757803,0.7365503206547792,0.08794278610376498,0.05476574033187529,0.005819085610910058,-0.013114130005037472,-0.013114130005037472,0.5,0.01,0.5,j2_a_then_b,geometric
underconfident_marginals,20,2.0,geometric,0.14834108305815694,1.5999155657743622,0.7348067304116623,0.07792751062955888,0.05957504053947665,0.0058468036358389685,-0.019003399106455543,-0.019003399106455543,0.5,0.01,0.5,j2_a_then_b,geometric
underconfident_marginals,20,2.0,weighted_geometric,0.14834108305815694,1.5999155657743622,0.7348067304116623,0.07792751062955888,0.05957504053947665,0.0058468036358389685,-0.019003399106455543,-0.019003399106455543,0.5,0.01,0.5,j2_a_then_b,geometric
underconfident_marginals,20,2.0,hard_core,0.14834108305815694,1.6724153804466424,0.757325452182023,0.1620846299680289,1.6423421173375475e-13,0.012707197171863327,0.05349641556582463,0.05349641556582463,0.5,0.01,0.5,j2_a_then_b,geometric
underconfident_marginals,20,2.0,adaptive_soft,0.14834108305815694,1.6002666791932048,0.734933172236144,0.07857470835178382,0.05910455693399454,0.005838218423334192,-0.018652285687613013,-0.018652285687613013,0.5,0.01,0.5,j2_a_then_b,geometric
underconfident_marginals,20,2.0,selective_core,0.14834108305815694,1.5999155657743622,0.7348067304116623,0.07792751062955888,0.05957504053947665,0.0058468036358389685,-0.019003399106455543,-0.019003399106455543,0.5,0.01,0.5,j2_a_then_b,geometric
underconfident_marginals,21,2.0,j1,0.14654534639589217,1.555229243845451,0.723222728881161,0.12245596326361084,0.05099624872562476,0.010222273508320147,0.0,0.0,0.5,0.01,0.5,j1_b_then_a,geometric
underconfident_marginals,21,2.0,j2,0.14654534639589217,1.5613763079770122,0.7231856531819848,0.1176148287592351,0.05542038905017242,0.010222273508320147,0.006147064131561297,0.006147064131561297,0.5,0.01,0.5,j1_b_then_a,geometric
underconfident_marginals,21,2.0,selected_order,0.14654534639589217,1.555229243845451,0.723222728881161,0.12245596326361084,0.05099624872562476,0.010222273508320147,0.0,0.0,0.5,0.01,0.5,j1_b_then_a,geometric
underconfident_marginals,21,2.0,independent,0.14654534639589217,1.7698575970091885,0.7716705611500382,0.2814147476170302,3.826279570962043e-17,0.06296027849560158,0.21462835316373763,0.21462835316373763,0.5,0.01,0.5,j1_b_then_a,geometric
underconfident_marginals,21,2.0,arithmetic,0.14654534639589217,1.5412203257287744,0.7184559644170384,0.09615991957330104,0.05320831888789857,0.005227690951762839,-0.014008918116676483,-0.014008918116676483,0.5,0.01,0.5,j1_b_then_a,geometric
underconfident_marginals,21,2.0,geometric,0.14654534639589217,1.5372378492976753,0.7167512752045293,0.08789469346683781,0.0571470788607908,0.0052404429697961935,-0.017991394547775652,-0.017991394547775652,0.5,0.01,0.5,j1_b_then_a,geometric
underconfident_marginals,21,2.0,weighted_geometric,0.14654534639589217,1.5372378492976753,0.7167512752045293,0.08789469346683781,0.0571470788607908,0.0052404429697961935,-0.017991394547775652,-0.017991394547775652,0.5,0.01,0.5,j1_b_then_a,geometric
underconfident_marginals,21,2.0,hard_core,0.14654534639589217,1.602429532055964,0.7372139718228343,0.16967020153756276,3.466966470855315e-14,0.011888282640381763,0.04720028821051314,0.04720028821051314,0.5,0.01,0.5,j1_b_then_a,geometric
underconfident_marginals,21,2.0,adaptive_soft,0.14654534639589217,1.5375792403713737,0.7168718037723893,0.08852925195941785,0.05667392957240638,0.005235052638016023,-0.01765000347407719,-0.01765000347407719,0.5,0.01,0.5,j1_b_then_a,geometric
underconfident_marginals,21,2.0,selective_core,0.14654534639589217,1.5372378492976753,0.7167512752045293,0.08789469346683781,0.0571470788607908,0.0052404429697961935,-0.017991394547775652,-0.017991394547775652,0.5,0.01,0.5,j1_b_then_a,geometric
underconfident_marginals,22,2.0,j1,0.13440864383993006,1.4352829315355262,0.6701679244436854,0.12075262616161164,0.050950692691394905,0.01014631207321169,0.001372518736694861,0.001372518736694861,0.25,0.01,0.25,j2_a_then_b,geometric
underconfident_marginals,22,2.0,j2,0.13440864383993006,1.4339104127988314,0.6670691294834638,0.11599000648853253,0.05026045407730228,0.01014631207321169,0.0,0.0,0.25,0.01,0.25,j2_a_then_b,geometric
underconfident_marginals,22,2.0,selected_order,0.13440864383993006,1.4339104127988314,0.6670691294834638,0.11599000648853253,0.05026045407730228,0.01014631207321169,0.0,0.0,0.25,0.01,0.25,j2_a_then_b,geometric
underconfident_marginals,22,2.0,independent,0.13440864383993006,1.6994056675550493,0.7464741917529703,0.32218613436919935,3.55574944488346e-17,0.07432544610636467,0.26549525475621794,0.26549525475621794,0.25,0.01,0.25,j2_a_then_b,geometric
underconfident_marginals,22,2.0,arithmetic,0.13440864383993006,1.4189450342832541,0.6645621783221125,0.09897299797604855,0.050605573384348575,0.005229089804364529,-0.014965378515577221,-0.014965378515577221,0.25,0.01,0.25,j2_a_then_b,geometric
underconfident_marginals,22,2.0,geometric,0.13440864383993006,1.4135730502233868,0.6622566651829334,0.08955930313348039,0.05502830713243846,0.005252803196537164,-0.020337362575444606,-0.020337362575444606,0.25,0.01,0.25,j2_a_then_b,geometric
underconfident_marginals,22,2.0,weighted_geometric,0.13440864383993006,1.4187201882830272,0.6630518145079418,0.09584349456207286,0.05364497722373132,0.006561079994216911,-0.015190224515804207,-0.015190224515804207,0.25,0.01,0.25,j2_a_then_b,geometric
underconfident_marginals,22,2.0,hard_core,0.13440864383993006,1.4845361434415996,0.6826432248888957,0.16746027457286966,2.642519016105016e-14,0.013465923920160527,0.05062573064276821,0.05062573064276821,0.25,0.01,0.25,j2_a_then_b,geometric
underconfident_marginals,22,2.0,adaptive_soft,0.13440864383993006,1.4189659802475336,0.6631775987601682,0.0962504374066579,0.05327737917301954,0.00653259945932631,-0.014944432551297737,-0.014944432551297737,0.25,0.01,0.25,j2_a_then_b,geometric
underconfident_marginals,22,2.0,selective_core,0.13440864383993006,1.4187201882830272,0.6630518145079418,0.09584349456207286,0.05364497722373132,0.006561079994216911,-0.015190224515804207,-0.015190224515804207,0.25,0.01,0.25,j2_a_then_b,geometric
underconfident_marginals,23,2.0,j1,0.1246545666362197,1.397377327325838,0.6521070344748698,0.11525674556434506,0.044018351820892955,0.008458596599522068,0.0,-0.003949070944803124,0.5,0.01,0.5,j2_a_then_b,geometric
underconfident_marginals,23,2.0,j2,0.1246545666362197,1.4013263982706412,0.6532581383574891,0.12224768793158615,0.043405816739233105,0.008458596599522068,0.003949070944803124,0.0,0.5,0.01,0.5,j2_a_then_b,geometric
underconfident_marginals,23,2.0,selected_order,0.1246545666362197,1.4013263982706412,0.6532581383574891,0.12224768793158615,0.043405816739233105,0.008458596599522068,0.003949070944803124,0.0,0.5,0.01,0.5,j2_a_then_b,geometric
underconfident_marginals,23,2.0,independent,0.1246545666362197,1.7029076896154938,0.742115432320292,0.3473462502190931,3.954692476271226e-17,0.08667842470031618,0.3055303622896557,0.30158129134485256,0.5,0.01,0.5,j2_a_then_b,geometric
underconfident_marginals,23,2.0,arithmetic,0.1246545666362197,1.3873733679798153,0.6490673027046093,0.10158318913692008,0.043712084280063006,0.0043363739153904944,-0.010003959346022828,-0.013953030290825952,0.5,0.01,0.5,j2_a_then_b,geometric
underconfident_marginals,23,2.0,geometric,0.1246545666362197,1.3819216277008188,0.6471412582303728,0.0939941235337619,0.04692306611459048,0.004350204655288165,-0.015455699625019248,-0.01940477056982237,0.5,0.01,0.5,j2_a_then_b,geometric
underconfident_marginals,23,2.0,weighted_geometric,0.1246545666362197,1.3819216277008188,0.6471412582303728,0.0939941235337619,0.04692306611459048,0.004350204655288165,-0.015455699625019248,-0.01940477056982237,0.5,0.01,0.5,j2_a_then_b,geometric
underconfident_marginals,23,2.0,hard_core,0.1246545666362197,1.4278143878448109,0.6612297015810796,0.15568574906729749,3.222551869450085e-14,0.009996596835033608,0.03043706051897277,0.026487989574169646,0.5,0.01,0.5,j2_a_then_b,geometric
underconfident_marginals,23,2.0,adaptive_soft,0.1246545666362197,1.3822384242052206,0.6472595711816422,0.0944937328883932,0.046536499008349254,0.004346036092967075,-0.015138903120617497,-0.01908797406542062,0.5,0.01,0.5,j2_a_then_b,geometric
underconfident_marginals,23,2.0,selective_core,0.1246545666362197,1.3819216277008188,0.6471412582303728,0.0939941235337619,0.04692306611459048,0.004350204655288165,-0.015455699625019248,-0.01940477056982237,0.5,0.01,0.5,j2_a_then_b,geometric
underconfident_marginals,24,2.0,j1,0.14934804827979772,1.5340814049521523,0.7106363377848273,0.12494365048916259,0.05080174863346714,0.011273456356714518,0.017789280220247727,0.017789280220247727,0.5,0.01,0.5,j2_a_then_b,geometric
underconfident_marginals,24,2.0,j2,0.14934804827979772,1.5162921247319046,0.7056275635286832,0.11535397608987313,0.058038005779007425,0.011273456356714518,0.0,0.0,0.5,0.01,0.5,j2_a_then_b,geometric
underconfident_marginals,24,2.0,selected_order,0.14934804827979772,1.5162921247319046,0.7056275635286832,0.11535397608987313,0.058038005779007425,0.011273456356714518,0.0,0.0,0.5,0.01,0.5,j2_a_then_b,geometric
underconfident_marginals,24,2.0,independent,0.14934804827979772,1.7029720262342436,0.7508378491496467,0.26449965409084847,3.853319573143832e-17,0.056180880545039225,0.18667990150233904,0.18667990150233904,0.5,0.01,0.5,j2_a_then_b,geometric
underconfident_marginals,24,2.0,arithmetic,0.14934804827979772,1.5084133515548808,0.7032263402764083,0.09672100447846904,0.05441987720623727,0.005789116999158181,-0.00787877317702379,-0.00787877317702379,0.5,0.01,0.5,j2_a_then_b,geometric
underconfident_marginals,24,2.0,geometric,0.14934804827979772,1.5018472187919152,0.7009778833505081,0.08659683115099685,0.05951206253316694,0.00580897162212669,-0.014444905939989372,-0.014444905939989372,0.5,0.01,0.5,j2_a_then_b,geometric
underconfident_marginals,24,2.0,weighted_geometric,0.14934804827979772,1.5018472187919152,0.7009778833505081,0.08659683115099685,0.05951206253316694,0.00580897162212669,-0.014444905939989372,-0.014444905939989372,0.5,0.01,0.5,j2_a_then_b,geometric
underconfident_marginals,24,2.0,hard_core,0.14934804827979772,1.5741276082554736,0.7258620466410001,0.17153008714432658,5.134930284797501e-14,0.012364837877741675,0.05783548352356904,0.05783548352356904,0.5,0.01,0.5,j2_a_then_b,geometric
underconfident_marginals,24,2.0,adaptive_soft,0.14934804827979772,1.5022602823388411,0.7011226479845466,0.08728320728111046,0.059004722133095704,0.005801621960269711,-0.014031842393063432,-0.014031842393063432,0.5,0.01,0.5,j2_a_then_b,geometric
underconfident_marginals,24,2.0,selective_core,0.14934804827979772,1.5018472187919152,0.7009778833505081,0.08659683115099685,0.05951206253316694,0.00580897162212669,-0.014444905939989372,-0.014444905939989372,0.5,0.01,0.5,j2_a_then_b,geometric
underconfident_marginals,25,2.0,j1,0.12424738655595467,1.5828211527357443,0.7224040078974014,0.1071739346696853,0.047800790218202244,0.007685466392754981,0.0,0.0,0.5,0.01,0.5,j1_b_then_a,geometric
underconfident_marginals,25,2.0,j2,0.12424738655595467,1.585991275085215,0.7228456517218849,0.11230475702685896,0.04444201772773872,0.007685466392754981,0.003170122349470672,0.003170122349470672,0.5,0.01,0.5,j1_b_then_a,geometric
underconfident_marginals,25,2.0,selected_order,0.12424738655595467,1.5828211527357443,0.7224040078974014,0.1071739346696853,0.047800790218202244,0.007685466392754981,0.0,0.0,0.5,0.01,0.5,j1_b_then_a,geometric
underconfident_marginals,25,2.0,independent,0.12424738655595467,1.8692951361368368,0.795934082461735,0.3398186330222071,3.843025073516082e-17,0.08822044537404895,0.28647398340109254,0.28647398340109254,0.5,0.01,0.5,j1_b_then_a,geometric
underconfident_marginals,25,2.0,arithmetic,0.12424738655595467,1.5723342970700218,0.7189332683757701,0.09036826026335795,0.04612140397297045,0.003918257735407319,-0.010486855665722494,-0.010486855665722494,0.5,0.01,0.5,j1_b_then_a,geometric
underconfident_marginals,25,2.0,geometric,0.12424738655595467,1.5686517465363456,0.7175783208563064,0.08457617519808397,0.04864697792663992,0.0039256904231525155,-0.01416940619939866,-0.01416940619939866,0.5,0.01,0.5,j1_b_then_a,geometric
underconfident_marginals,25,2.0,weighted_geometric,0.12424738655595467,1.5686517465363456,0.7175783208563064,0.08457617519808397,0.04864697792663992,0.0039256904231525155,-0.01416940619939866,-0.01416940619939866,0.5,0.01,0.5,j1_b_then_a,geometric
underconfident_marginals,25,2.0,hard_core,0.12424738655595467,1.6162625070209362,0.7318365597301137,0.15287786800191974,9.64956032288057e-14,0.010954929966523232,0.033441354285191904,0.033441354285191904,0.5,0.01,0.5,j1_b_then_a,geometric
underconfident_marginals,25,2.0,adaptive_soft,0.12424738655595467,1.5688691174727396,0.7176652385749877,0.08504005891356148,0.04830705889298146,0.003922208590169827,-0.013952035263004703,-0.013952035263004703,0.5,0.01,0.5,j1_b_then_a,geometric
underconfident_marginals,25,2.0,selective_core,0.12424738655595467,1.5686517465363456,0.7175783208563064,0.08457617519808397,0.04864697792663992,0.0039256904231525155,-0.01416940619939866,-0.01416940619939866,0.5,0.01,0.5,j1_b_then_a,geometric
underconfident_marginals,26,2.0,j1,0.1349819341457291,1.3991631383358654,0.6535190997852676,0.1253075359563484,0.049047306540891414,0.010490746652769774,0.01273924525594583,0.01273924525594583,0.25,0.01,0.25,j2_a_then_b,geometric
underconfident_marginals,26,2.0,j2,0.1349819341457291,1.3864238930799195,0.6519120764150036,0.11950414405054616,0.05007505688372653,0.010490746652769774,0.0,0.0,0.25,0.01,0.25,j2_a_then_b,geometric
underconfident_marginals,26,2.0,selected_order,0.1349819341457291,1.3864238930799195,0.6519120764150036,0.11950414405054616,0.05007505688372653,0.010490746652769774,0.0,0.0,0.25,0.01,0.25,j2_a_then_b,geometric
underconfident_marginals,26,2.0,independent,0.1349819341457291,1.6389419803774243,0.7258369106267405,0.31807437405348865,3.9588991807004704e-17,0.07488188403997151,0.2525180872975048,0.2525180872975048,0.25,0.01,0.25,j2_a_then_b,geometric
underconfident_marginals,26,2.0,arithmetic,0.1349819341457291,1.3782831283637746,0.6486493719086815,0.10423072419621048,0.04956118171230895,0.005415742331665088,-0.008140764716144888,-0.008140764716144888,0.25,0.01,0.25,j2_a_then_b,geometric
underconfident_marginals,26,2.0,geometric,0.1349819341457291,1.3710160360303336,0.6461807626710472,0.0938729056603604,0.05465212505656826,0.005443547701977163,-0.015407857049585916,-0.015407857049585916,0.25,0.01,0.25,j2_a_then_b,geometric
underconfident_marginals,26,2.0,weighted_geometric,0.1349819341457291,1.3733058986498128,0.6473591169382203,0.09976014425362575,0.05361008088136789,0.006718867313028721,-0.01311799443010675,-0.01311799443010675,0.25,0.01,0.25,j2_a_then_b,geometric
underconfident_marginals,26,2.0,hard_core,0.1349819341457291,1.4495926207367176,0.6701810231867825,0.1714078688995256,5.517311607583508e-14,0.012863868807839395,0.06316872765679804,0.06316872765679804,0.25,0.01,0.25,j2_a_then_b,geometric
underconfident_marginals,26,2.0,adaptive_soft,0.1349819341457291,1.3736728898911514,0.6474998565947185,0.10023075737160604,0.053214060923797976,0.006693251315423769,-0.012751003188768095,-0.012751003188768095,0.25,0.01,0.25,j2_a_then_b,geometric
underconfident_marginals,26,2.0,selective_core,0.1349819341457291,1.3733058986498128,0.6473591169382203,0.09976014425362575,0.05361008088136789,0.006718867313028721,-0.01311799443010675,-0.01311799443010675,0.25,0.01,0.25,j2_a_then_b,geometric
underconfident_marginals,27,2.0,j1,0.13092961344377524,1.4096241585641391,0.656417191354075,0.1274378152424438,0.047437429451335195,0.00977757275404674,0.011402461359888871,0.011402461359888871,0.5,0.01,0.5,j2_a_then_b,geometric
underconfident_marginals,27,2.0,j2,0.13092961344377524,1.3982216972042503,0.6557361564487941,0.11801263281066995,0.04897077449892585,0.00977757275404674,0.0,0.0,0.5,0.01,0.5,j2_a_then_b,geometric
underconfident_marginals,27,2.0,selected_order,0.13092961344377524,1.3982216972042503,0.6557361564487941,0.11801263281066995,0.04897077449892585,0.00977757275404674,0.0,0.0,0.5,0.01,0.5,j2_a_then_b,geometric
underconfident_marginals,27,2.0,independent,0.13092961344377524,1.6438291338089752,0.720930168411313,0.3157368161960255,3.9492931494522485e-17,0.07426813165313777,0.24560743660472495,0.24560743660472495,0.5,0.01,0.5,j2_a_then_b,geometric
underconfident_marginals,27,2.0,arithmetic,0.13092961344377524,1.3906561513389222,0.652153982304379,0.10462393059181536,0.048204101975130496,0.0050399532360055,-0.007565545865328094,-0.007565545865328094,0.5,0.01,0.5,j2_a_then_b,geometric
underconfident_marginals,27,2.0,geometric,0.13092961344377524,1.3836610534114548,0.6501504305149953,0.0951113457194009,0.052912155096223164,0.00506487183002649,-0.014560643792795425,-0.014560643792795425,0.5,0.01,0.5,j2_a_then_b,geometric
underconfident_marginals,27,2.0,weighted_geometric,0.13092961344377524,1.3836610534114548,0.6501504305149953,0.0951113457194009,0.052912155096223164,0.00506487183002649,-0.014560643792795425,-0.014560643792795425,0.5,0.01,0.5,j2_a_then_b,geometric
underconfident_marginals,27,2.0,hard_core,0.13092961344377524,1.4463308316754577,0.6675748728693861,0.1675737005625444,4.981198331414916e-14,0.012709055599964453,0.04810913447120746,0.04810913447120746,0.5,0.01,0.5,j2_a_then_b,geometric
underconfident_marginals,27,2.0,adaptive_soft,0.13092961344377524,1.383998026310906,0.6502597174988941,0.09565154357511906,0.05250614316315987,0.005058460978838123,-0.014223670893344309,-0.014223670893344309,0.5,0.01,0.5,j2_a_then_b,geometric
underconfident_marginals,27,2.0,selective_core,0.13092961344377524,1.3836610534114548,0.6501504305149953,0.0951113457194009,0.052912155096223164,0.00506487183002649,-0.014560643792795425,-0.014560643792795425,0.5,0.01,0.5,j2_a_then_b,geometric
underconfident_marginals,28,2.0,j1,0.1450302555684596,1.5362845829505631,0.7007116817324787,0.1258973841650924,0.04944927662243675,0.011107474875794787,0.034076251512341615,0.034076251512341615,0.5,0.01,0.5,j2_a_then_b,geometric
underconfident_marginals,28,2.0,j2,0.1450302555684596,1.5022083314382215,0.6954900778478469,0.11240550758964796,0.055111628596539154,0.011107474875794787,0.0,0.0,0.5,0.01,0.5,j2_a_then_b,geometric
underconfident_marginals,28,2.0,selected_order,0.1450302555684596,1.5022083314382215,0.6954900778478469,0.11240550758964796,0.055111628596539154,0.011107474875794787,0.0,0.0,0.5,0.01,0.5,j2_a_then_b,geometric
underconfident_marginals,28,2.0,independent,0.1450302555684596,1.6900649578343319,0.7493793205348578,0.27528106206527614,4.385684523877664e-17,0.05217849089748726,0.18785662639611034,0.18785662639611034,0.5,0.01,0.5,j2_a_then_b,geometric
underconfident_marginals,28,2.0,arithmetic,0.1450302555684596,1.5030731175431946,0.6937319385974344,0.09794402413224157,0.05228045260948793,0.005723063528200835,0.000864786104973092,0.000864786104973092,0.5,0.01,0.5,j2_a_then_b,geometric
underconfident_marginals,28,2.0,geometric,0.1450302555684596,1.4962068563420325,0.6918057858122452,0.08750149410026513,0.0573357437224966,0.005749218900066982,-0.0060014750961889796,-0.0060014750961889796,0.5,0.01,0.5,j2_a_then_b,geometric
underconfident_marginals,28,2.0,weighted_geometric,0.1450302555684596,1.4962068563420325,0.6918057858122452,0.08750149410026513,0.0573357437224966,0.005749218900066982,-0.0060014750961889796,-0.0060014750961889796,0.5,0.01,0.5,j2_a_then_b,geometric
underconfident_marginals,28,2.0,hard_core,0.1450302555684596,1.5564894044857376,0.7092338441020782,0.1673502225713342,3.226484292413734e-14,0.012581846906215034,0.05428107304751606,0.05428107304751606,0.5,0.01,0.5,j2_a_then_b,geometric
underconfident_marginals,28,2.0,adaptive_soft,0.1450302555684596,1.4965114185869552,0.6919147102408024,0.08814224042066005,0.05687327547784805,0.005741157461585497,-0.005696912851266278,-0.005696912851266278,0.5,0.01,0.5,j2_a_then_b,geometric
underconfident_marginals,28,2.0,selective_core,0.1450302555684596,1.4962068563420325,0.6918057858122452,0.08750149410026513,0.0573357437224966,0.005749218900066982,-0.0060014750961889796,-0.0060014750961889796,0.5,0.01,0.5,j2_a_then_b,geometric
underconfident_marginals,29,2.0,j1,0.17186159824920777,1.4514614663781369,0.6670163540142998,0.14038576007065193,0.06051304445646383,0.015608775795254505,0.026730823422217442,0.026730823422217442,0.5,0.01,0.5,j2_a_then_b,geometric
underconfident_marginals,29,2.0,j2,0.17186159824920777,1.4247306429559194,0.6641842858684887,0.12609786948891968,0.06893259442854628,0.015608775795254505,0.0,0.0,0.5,0.01,0.5,j2_a_then_b,geometric
underconfident_marginals,29,2.0,selected_order,0.17186159824920777,1.4247306429559194,0.6641842858684887,0.12609786948891968,0.06893259442854628,0.015608775795254505,0.0,0.0,0.5,0.01,0.5,j2_a_then_b,geometric
underconfident_marginals,29,2.0,independent,0.17186159824920777,1.5351859184340075,0.7002455224998878,0.2223557102143419,4.20648758880926e-17,0.028438505013155393,0.11045527547808809,0.11045527547808809,0.5,0.01,0.5,j2_a_then_b,geometric
underconfident_marginals,29,2.0,arithmetic,0.17186159824920777,1.4166092035753008,0.6595957800122639,0.10836693147286712,0.06472281944250503,0.008088772955760947,-0.0081214393806186,-0.0081214393806186,0.5,0.01,0.5,j2_a_then_b,geometric
underconfident_marginals,29,2.0,geometric,0.17186159824920777,1.4054150478436465,0.6554546087296855,0.0921463214256405,0.07285870968086838,0.008134328647481216,-0.019315595112272987,-0.019315595112272987,0.5,0.01,0.5,j2_a_then_b,geometric
underconfident_marginals,29,2.0,weighted_geometric,0.17186159824920777,1.4054150478436465,0.6554546087296855,0.0921463214256405,0.07285870968086838,0.008134328647481216,-0.019315595112272987,-0.019315595112272987,0.5,0.01,0.5,j2_a_then_b,geometric
underconfident_marginals,29,2.0,hard_core,0.17186159824920777,1.4920020302885773,0.6873579376322718,0.1971655941859149,3.75539738195485e-14,0.016234371560212027,0.0672713873326578,0.0672713873326578,0.5,0.01,0.5,j2_a_then_b,geometric
underconfident_marginals,29,2.0,adaptive_soft,0.17186159824920777,1.4059243096210348,0.6556435987292295,0.09302602478753622,0.07223942824662674,0.008120635928514273,-0.018806333334884684,-0.018806333334884684,0.5,0.01,0.5,j2_a_then_b,geometric
underconfident_marginals,29,2.0,selective_core,0.17186159824920777,1.4054150478436465,0.6554546087296855,0.0921463214256405,0.07285870968086838,0.008134328647481216,-0.019315595112272987,-0.019315595112272987,0.5,0.01,0.5,j2_a_then_b,geometric
underconfident_marginals,30,2.0,j1,0.12557648662632595,1.5490567896890644,0.703672471462166,0.11536702224187437,0.04396516540071862,0.00849606219590681,0.025319107579010902,0.025319107579010902,0.5,0.01,0.5,j2_a_then_b,geometric
underconfident_marginals,30,2.0,j2,0.12557648662632595,1.5237376821100534,0.6981897523324961,0.11156082729646265,0.04670240775454812,0.00849606219590681,0.0,0.0,0.5,0.01,0.5,j2_a_then_b,geometric
underconfident_marginals,30,2.0,selected_order,0.12557648662632595,1.5237376821100534,0.6981897523324961,0.11156082729646265,0.04670240775454812,0.00849606219590681,0.0,0.0,0.5,0.01,0.5,j2_a_then_b,geometric
underconfident_marginals,30,2.0,independent,0.12557648662632595,1.794534878363119,0.7714316896422206,0.3342386870154977,4.026824446806687e-17,0.08194703236150068,0.27079719625306553,0.27079719625306553,0.5,0.01,0.5,j2_a_then_b,geometric
underconfident_marginals,30,2.0,arithmetic,0.12557648662632595,1.523471293662796,0.6972418320409349,0.09455396614341477,0.04533378657763334,0.004360100555795679,-0.00026638844725734856,-0.00026638844725734856,0.5,0.01,0.5,j2_a_then_b,geometric
underconfident_marginals,30,2.0,geometric,0.12557648662632595,1.518869475858412,0.6955633015501823,0.08727320901481989,0.04864548924980481,0.0043772779575764,-0.004868206251641416,-0.004868206251641416,0.5,0.01,0.5,j2_a_then_b,geometric
underconfident_marginals,30,2.0,weighted_geometric,0.12557648662632595,1.518869475858412,0.6955633015501823,0.08727320901481989,0.04864548924980481,0.0043772779575764,-0.004868206251641416,-0.004868206251641416,0.5,0.01,0.5,j2_a_then_b,geometric
underconfident_marginals,30,2.0,hard_core,0.12557648662632595,1.5672608425690446,0.7107248548547257,0.15262204769312535,8.214503513168103e-14,0.01044152841017786,0.043523160458991184,0.043523160458991184,0.5,0.01,0.5,j2_a_then_b,geometric
underconfident_marginals,30,2.0,adaptive_soft,0.12557648662632595,1.5191288074259122,0.695663926124909,0.08777739937697586,0.04826573417619143,0.004372198794585659,-0.004608874684141284,-0.004608874684141284,0.5,0.01,0.5,j2_a_then_b,geometric
underconfident_marginals,30,2.0,selective_core,0.12557648662632595,1.518869475858412,0.6955633015501823,0.08727320901481989,0.04864548924980481,0.0043772779575764,-0.004868206251641416,-0.004868206251641416,0.5,0.01,0.5,j2_a_then_b,geometric
underconfident_marginals,31,2.0,j1,0.13682132290642315,1.5249061513864988,0.6954970245663215,0.12253247965361232,0.04794105702807705,0.00988109579914281,0.013892092438445358,0.013892092438445358,0.5,0.01,0.5,j2_a_then_b,geometric
underconfident_marginals,31,2.0,j2,0.13682132290642315,1.5110140589480534,0.6927047413385503,0.11436782397143576,0.05089288828423363,0.00988109579914281,0.0,0.0,0.5,0.01,0.5,j2_a_then_b,geometric
underconfident_marginals,31,2.0,selected_order,0.13682132290642315,1.5110140589480534,0.6927047413385503,0.11436782397143576,0.05089288828423363,0.00988109579914281,0.0,0.0,0.5,0.01,0.5,j2_a_then_b,geometric
underconfident_marginals,31,2.0,independent,0.13682132290642315,1.7037474674376076,0.7482871359626851,0.28406467179566197,4.260654329346636e-17,0.05948073512183399,0.19273340848955423,0.19273340848955423,0.5,0.01,0.5,j2_a_then_b,geometric
underconfident_marginals,31,2.0,arithmetic,0.13682132290642315,1.5029471225686448,0.690060564245395,0.09814941650512025,0.04941697265615531,0.0050685316474464465,-0.008066936379408585,-0.008066936379408585,0.5,0.01,0.5,j2_a_then_b,geometric
underconfident_marginals,31,2.0,geometric,0.13682132290642315,1.4975671053875055,0.6880353956450221,0.08924898409301595,0.053708830069967545,0.005084439335011011,-0.013446953560547925,-0.013446953560547925,0.5,0.01,0.5,j2_a_then_b,geometric
underconfident_marginals,31,2.0,weighted_geometric,0.13682132290642315,1.4975671053875055,0.6880353956450221,0.08924898409301595,0.053708830069967545,0.005084439335011011,-0.013446953560547925,-0.013446953560547925,0.5,0.01,0.5,j2_a_then_b,geometric
underconfident_marginals,31,2.0,hard_core,0.13682132290642315,1.5620311457529583,0.7080645864748489,0.16406544251553482,3.295803343780768e-14,0.011420637072143162,0.05101708680490491,0.05101708680490491,0.5,0.01,0.5,j2_a_then_b,geometric
underconfident_marginals,31,2.0,adaptive_soft,0.13682132290642315,1.4979338570852854,0.688169628507681,0.08985217811338858,0.05325866995924211,0.005078606396101365,-0.013080201862768037,-0.013080201862768037,0.5,0.01,0.5,j2_a_then_b,geometric
underconfident_marginals,31,2.0,selective_core,0.13682132290642315,1.4975671053875055,0.6880353956450221,0.08924898409301595,0.053708830069967545,0.005084439335011011,-0.013446953560547925,-0.013446953560547925,0.5,0.01,0.5,j2_a_then_b,geometric
underconfident_marginals,32,2.0,j1,0.16004727477669217,1.5057326486823066,0.700529222440794,0.12746798704175002,0.05633293782410367,0.01346974950871478,0.0,-0.007599162716616981,0.5,0.01,0.5,j2_a_then_b,geometric
underconfident_marginals,32,2.0,j2,0.16004727477669217,1.5133318113989236,0.7041584986021806,0.12044521370196527,0.060181526681068465,0.01346974950871478,0.007599162716616981,0.0,0.5,0.01,0.5,j2_a_then_b,geometric
underconfident_marginals,32,2.0,selected_order,0.16004727477669217,1.5133318113989236,0.7041584986021806,0.12044521370196527,0.060181526681068465,0.01346974950871478,0.007599162716616981,0.0,0.5,0.01,0.5,j2_a_then_b,geometric
underconfident_marginals,32,2.0,independent,0.16004727477669217,1.6150611360300178,0.7299261015351478,0.21855192088142536,4.070138323597483e-17,0.03239819929551499,0.10932848734771117,0.10172932463109419,0.5,0.01,0.5,j2_a_then_b,geometric
underconfident_marginals,32,2.0,arithmetic,0.16004727477669217,1.4912913573385922,0.6971703815617808,0.10023335939329843,0.05825723225258604,0.006971869091270583,-0.014441291343714413,-0.022040454060331394,0.5,0.01,0.5,j2_a_then_b,geometric
underconfident_marginals,32,2.0,geometric,0.16004727477669217,1.4814075399203999,0.6946618910962743,0.0867439463890234,0.06511872519785318,0.007012868520791997,-0.024325108761906744,-0.031924271478523725,0.5,0.01,0.5,j2_a_then_b,geometric
underconfident_marginals,32,2.0,weighted_geometric,0.16004727477669217,1.4814075399203999,0.6946618910962743,0.0867439463890234,0.06511872519785318,0.007012868520791997,-0.024325108761906744,-0.031924271478523725,0.5,0.01,0.5,j2_a_then_b,geometric
underconfident_marginals,32,2.0,hard_core,0.16004727477669217,1.560292560325042,0.7187511326830395,0.1807249741395548,6.308128368617827e-14,0.013830156900501269,0.054559911642735326,0.046960748926118345,0.5,0.01,0.5,j2_a_then_b,geometric
underconfident_marginals,32,2.0,adaptive_soft,0.16004727477669217,1.4818659817549675,0.6947957031571111,0.08752589483975338,0.06455251440101761,0.007001331266546333,-0.023866666927339075,-0.031465829643956056,0.5,0.01,0.5,j2_a_then_b,geometric
underconfident_marginals,32,2.0,selective_core,0.16004727477669217,1.4814075399203999,0.6946618910962743,0.0867439463890234,0.06511872519785318,0.007012868520791997,-0.024325108761906744,-0.031924271478523725,0.5,0.01,0.5,j2_a_then_b,geometric
underconfident_marginals,33,2.0,j1,0.1266263679263586,1.6158633746524564,0.7247052381154595,0.11272598043522038,0.045107964321363644,0.008486875894515772,0.004320168370061772,0.004320168370061772,0.5,0.01,0.5,j2_a_then_b,geometric
underconfident_marginals,33,2.0,j2,0.1266263679263586,1.6115432062823947,0.724735581705887,0.10783220604433708,0.046074680455242226,0.008486875894515772,0.0,0.0,0.5,0.01,0.5,j2_a_then_b,geometric
underconfident_marginals,33,2.0,selected_order,0.1266263679263586,1.6115432062823947,0.724735581705887,0.10783220604433708,0.046074680455242226,0.008486875894515772,0.0,0.0,0.5,0.01,0.5,j2_a_then_b,geometric
underconfident_marginals,33,2.0,independent,0.1266263679263586,1.8191636166767389,0.7828820285571678,0.30564360264564494,4.1443844883692905e-17,0.06950221873812609,0.2076204103943442,0.2076204103943442,0.5,0.01,0.5,j2_a_then_b,geometric
underconfident_marginals,33,2.0,arithmetic,0.1266263679263586,1.600240343755865,0.7212594821450862,0.09130910676270035,0.045591322388302914,0.004349668960435654,-0.011302862526529678,-0.011302862526529678,0.5,0.01,0.5,j2_a_then_b,geometric
underconfident_marginals,33,2.0,geometric,0.1266263679263586,1.596230428065636,0.7197109896773534,0.08428198021895009,0.04900742640960169,0.004363964129918082,-0.015312778216758582,-0.015312778216758582,0.5,0.01,0.5,j2_a_then_b,geometric
underconfident_marginals,33,2.0,weighted_geometric,0.1266263679263586,1.596230428065636,0.7197109896773534,0.08428198021895009,0.04900742640960169,0.004363964129918082,-0.015312778216758582,-0.015312778216758582,0.5,0.01,0.5,j2_a_then_b,geometric
underconfident_marginals,33,2.0,hard_core,0.1266263679263586,1.644981518481639,0.7329945377527352,0.15140373156906559,1.0568911371078293e-13,0.010584500409040453,0.03343831219924431,0.03343831219924431,0.5,0.01,0.5,j2_a_then_b,geometric
underconfident_marginals,33,2.0,adaptive_soft,0.1266263679263586,1.5964653370711086,0.7198003665700169,0.08479132976228775,0.04862868869220319,0.004358903452615688,-0.015077869211286066,-0.015077869211286066,0.5,0.01,0.5,j2_a_then_b,geometric
underconfident_marginals,33,2.0,selective_core,0.1266263679263586,1.596230428065636,0.7197109896773534,0.08428198021895009,0.04900742640960169,0.004363964129918082,-0.015312778216758582,-0.015312778216758582,0.5,0.01,0.5,j2_a_then_b,geometric
underconfident_marginals,34,2.0,j1,0.11836180742762852,1.5459716571825675,0.7119523466954545,0.09980267489916543,0.043339719095967504,0.00734925240970507,0.0,-0.0047510665858043755,0.25,0.01,0.25,j2_a_then_b,geometric
underconfident_marginals,34,2.0,j2,0.11836180742762852,1.5507227237683718,0.7142223830527442,0.11254864459993134,0.039553032903793375,0.00734925240970507,0.0047510665858043755,0.0,0.25,0.01,0.25,j2_a_then_b,geometric
underconfident_marginals,34,2.0,selected_order,0.11836180742762852,1.5507227237683718,0.7142223830527442,0.11254864459993134,0.039553032903793375,0.00734925240970507,0.0047510665858043755,0.0,0.25,0.01,0.25,j2_a_then_b,geometric
underconfident_marginals,34,2.0,independent,0.11836180742762852,1.8442530245048,0.7901944918601043,0.3448652772608619,4.031150413474904e-17,0.08733072975059775,0.29828136732223265,0.2935303007364283,0.25,0.01,0.25,j2_a_then_b,geometric
underconfident_marginals,34,2.0,arithmetic,0.11836180742762852,1.5369100619332903,0.7098034669637093,0.08973109292532405,0.041446375999880415,0.003758107858691929,-0.009061595249277188,-0.013812661835081563,0.25,0.01,0.25,j2_a_then_b,geometric
underconfident_marginals,34,2.0,geometric,0.11836180742762852,1.5332470477645292,0.7087661282136506,0.08372939252823232,0.04392495282774174,0.0037685743570090714,-0.012724609418038213,-0.01747567600384259,0.25,0.01,0.25,j2_a_then_b,geometric
underconfident_marginals,34,2.0,weighted_geometric,0.11836180742762852,1.5381699893145724,0.7103512434322483,0.0932771411994433,0.0423275897174442,0.004650656846860448,-0.007801667867995077,-0.012552734453799452,0.25,0.01,0.25,j2_a_then_b,geometric
underconfident_marginals,34,2.0,hard_core,0.11836180742762852,1.5746018455825856,0.7211190236117412,0.14303274818912282,3.563416445598322e-14,0.009223680141717785,0.028630188400018186,0.02387912181421381,0.25,0.01,0.25,j2_a_then_b,geometric
underconfident_marginals,34,2.0,adaptive_soft,0.11836180742762852,1.538299021142986,0.7103997074938052,0.09355502737566629,0.04201852178175581,0.004636254327698832,-0.007672636039581571,-0.012423702625385946,0.25,0.01,0.25,j2_a_then_b,geometric
underconfident_marginals,34,2.0,selective_core,0.11836180742762852,1.5381699893145724,0.7103512434322483,0.0932771411994433,0.0423275897174442,0.004650656846860448,-0.007801667867995077,-0.012552734453799452,0.25,0.01,0.25,j2_a_then_b,geometric
underconfident_marginals,35,2.0,j1,0.12185539301395999,1.5441364339241208,0.7074072222830795,0.11237597725556735,0.04320350572436323,0.007657970810557891,0.0,0.0,0.5,0.01,0.5,j1_b_then_a,geometric
underconfident_marginals,35,2.0,j2,0.12185539301395999,1.549301660920075,0.7093853749836594,0.10784330331349185,0.04531284822395878,0.007657970810557891,0.00516522699595412,0.00516522699595412,0.5,0.01,0.5,j1_b_then_a,geometric
underconfident_marginals,35,2.0,selected_order,0.12185539301395999,1.5441364339241208,0.7074072222830795,0.11237597725556735,0.04320350572436323,0.007657970810557891,0.0,0.0,0.5,0.01,0.5,j1_b_then_a,geometric
underconfident_marginals,35,2.0,independent,0.12185539301395999,1.8291190971965539,0.783054709129008,0.3421787168401532,4.064283631866061e-17,0.08762714296199049,0.28498266327243305,0.28498266327243305,0.5,0.01,0.5,j1_b_then_a,geometric
underconfident_marginals,35,2.0,arithmetic,0.12185539301395999,1.5340261263399693,0.7049696401134704,0.09229701615962156,0.04425817697416099,0.003909289284261226,-0.010110307584151546,-0.010110307584151546,0.5,0.01,0.5,j1_b_then_a,geometric
underconfident_marginals,35,2.0,geometric,0.12185539301395999,1.5310085253167391,0.7039326257335101,0.0860960851344685,0.04695899459184663,0.003917957384004693,-0.013127908607381666,-0.013127908607381666,0.5,0.01,0.5,j1_b_then_a,geometric
underconfident_marginals,35,2.0,weighted_geometric,0.12185539301395999,1.5310085253167391,0.7039326257335101,0.0860960851344685,0.04695899459184663,0.003917957384004693,-0.013127908607381666,-0.013127908607381666,0.5,0.01,0.5,j1_b_then_a,geometric
underconfident_marginals,35,2.0,hard_core,0.12185539301395999,1.5739748836206133,0.7165252652692239,0.14868327338526258,7.667819092345429e-14,0.01027382940946569,0.02983844969649252,0.02983844969649252,0.5,0.01,0.5,j1_b_then_a,geometric
underconfident_marginals,35,2.0,adaptive_soft,0.12185539301395999,1.5312155938114742,0.704008351792364,0.08654973440469423,0.046621498165044954,0.003914466197366131,-0.012920840112646603,-0.012920840112646603,0.5,0.01,0.5,j1_b_then_a,geometric
underconfident_marginals,35,2.0,selective_core,0.12185539301395999,1.5310085253167391,0.7039326257335101,0.0860960851344685,0.04695899459184663,0.003917957384004693,-0.013127908607381666,-0.013127908607381666,0.5,0.01,0.5,j1_b_then_a,geometric
underconfident_marginals,36,2.0,j1,0.1273231535643691,1.555842901329985,0.7190524518651903,0.10571281004011623,0.046464147579121144,0.00810525468483171,0.0,0.0,0.5,0.01,0.5,j1_b_then_a,geometric
underconfident_marginals,36,2.0,j2,0.1273231535643691,1.5722740756875726,0.7254773820345358,0.11301749682508026,0.043708881193551936,0.00810525468483171,0.016431174357587564,0.016431174357587564,0.5,0.01,0.5,j1_b_then_a,geometric
underconfident_marginals,36,2.0,selected_order,0.1273231535643691,1.555842901329985,0.7190524518651903,0.10571281004011623,0.046464147579121144,0.00810525468483171,0.0,0.0,0.5,0.01,0.5,j1_b_then_a,geometric
underconfident_marginals,36,2.0,independent,0.1273231535643691,1.8216487565996895,0.7858197949095329,0.31942547536920324,3.8382925310331826e-17,0.081076673435348,0.26580585526970446,0.26580585526970446,0.5,0.01,0.5,j1_b_then_a,geometric
underconfident_marginals,36,2.0,arithmetic,0.1273231535643691,1.550516744597198,0.7185291089022158,0.0899002535546504,0.04508651438633652,0.004139580891605371,-0.005326156732787135,-0.005326156732787135,0.5,0.01,0.5,j1_b_then_a,geometric
underconfident_marginals,36,2.0,geometric,0.1273231535643691,1.547418833119803,0.7173335988322163,0.08342087392336331,0.04821327983724256,0.004149170972547193,-0.008424068210181934,-0.008424068210181934,0.5,0.01,0.5,j1_b_then_a,geometric
underconfident_marginals,36,2.0,weighted_geometric,0.1273231535643691,1.547418833119803,0.7173335988322163,0.08342087392336331,0.04821327983724256,0.004149170972547193,-0.008424068210181934,-0.008424068210181934,0.5,0.01,0.5,j1_b_then_a,geometric
underconfident_marginals,36,2.0,hard_core,0.1273231535643691,1.5839323277934845,0.7295990666817459,0.14914203721314095,2.9331037165042376e-14,0.009991058425233823,0.028089426463499434,0.028089426463499434,0.5,0.01,0.5,j1_b_then_a,geometric
underconfident_marginals,36,2.0,adaptive_soft,0.1273231535643691,1.5476269245417211,0.7174126348873491,0.0839164932101428,0.047837676096648664,0.004144996644516806,-0.008215976788263912,-0.008215976788263912,0.5,0.01,0.5,j1_b_then_a,geometric
underconfident_marginals,36,2.0,selective_core,0.1273231535643691,1.547418833119803,0.7173335988322163,0.08342087392336331,0.04821327983724256,0.004149170972547193,-0.008424068210181934,-0.008424068210181934,0.5,0.01,0.5,j1_b_then_a,geometric
underconfident_marginals,37,2.0,j1,0.12992226336189833,1.5484386181642755,0.713498789338849,0.11183338243868687,0.046612134528667325,0.008875780433728204,0.010431377647861728,0.0,0.5,0.01,0.5,j1_b_then_a,geometric
underconfident_marginals,37,2.0,j2,0.12992226336189833,1.5380072405164138,0.7085805902807452,0.11430109281258242,0.047427048671344625,0.008875780433728204,0.0,-0.010431377647861728,0.5,0.01,0.5,j1_b_then_a,geometric
underconfident_marginals,37,2.0,selected_order,0.12992226336189833,1.5484386181642755,0.713498789338849,0.11183338243868687,0.046612134528667325,0.008875780433728204,0.010431377647861728,0.0,0.5,0.01,0.5,j1_b_then_a,geometric
underconfident_marginals,37,2.0,independent,0.12992226336189833,1.832410673353788,0.7832834981620576,0.3239606028164859,4.014854854822447e-17,0.08294786229346289,0.29440343283737413,0.2839720551895124,0.5,0.01,0.5,j1_b_then_a,geometric
underconfident_marginals,37,2.0,arithmetic,0.12992226336189833,1.5299408620070059,0.7071255966996469,0.09307316789217088,0.047019591600005954,0.004548436214434018,-0.008066378509407945,-0.018497756157269674,0.5,0.01,0.5,j1_b_then_a,geometric
underconfident_marginals,37,2.0,geometric,0.12992226336189833,1.5249243113805264,0.7051805487544547,0.08572535865782227,0.05045586034322568,0.004562419133026406,-0.013082929135887378,-0.023514306783749106,0.5,0.01,0.5,j1_b_then_a,geometric
underconfident_marginals,37,2.0,weighted_geometric,0.12992226336189833,1.5249243113805264,0.7051805487544547,0.08572535865782227,0.05045586034322568,0.004562419133026406,-0.013082929135887378,-0.023514306783749106,0.5,0.01,0.5,j1_b_then_a,geometric
underconfident_marginals,37,2.0,hard_core,0.12992226336189833,1.5803359528243737,0.7230004896758647,0.15671162198289537,5.4525860443497414e-14,0.010897903642707141,0.04232871230795987,0.03189733466009814,0.5,0.01,0.5,j1_b_then_a,geometric
underconfident_marginals,37,2.0,adaptive_soft,0.12992226336189833,1.5251826572534102,0.7052957685856036,0.08626456403060177,0.050052800741824,0.004557291423737796,-0.01282458326300362,-0.023255960910865348,0.5,0.01,0.5,j1_b_then_a,geometric
underconfident_marginals,37,2.0,selective_core,0.12992226336189833,1.5249243113805264,0.7051805487544547,0.08572535865782227,0.05045586034322568,0.004562419133026406,-0.013082929135887378,-0.023514306783749106,0.5,0.01,0.5,j1_b_then_a,geometric
underconfident_marginals,38,2.0,j1,0.15463812841838726,1.5924836617368563,0.7203917316920966,0.13540997894835613,0.046581840676764616,0.012024343622443796,0.025397313771890584,0.025397313771890584,0.25,0.01,0.25,j2_a_then_b,geometric
underconfident_marginals,38,2.0,j2,0.15463812841838726,1.5670863479649657,0.7192070042354552,0.10495691344939158,0.06424950943999456,0.012024343622443796,0.0,0.0,0.25,0.01,0.25,j2_a_then_b,geometric
underconfident_marginals,38,2.0,selected_order,0.15463812841838726,1.5670863479649657,0.7192070042354552,0.10495691344939158,0.06424950943999456,0.012024343622443796,0.0,0.0,0.25,0.01,0.25,j2_a_then_b,geometric
underconfident_marginals,38,2.0,independent,0.15463812841838726,1.6916176957629714,0.7521599869473107,0.2266133668929422,4.039563822333392e-17,0.03448560116627182,0.12453134779800568,0.12453134779800568,0.25,0.01,0.25,j2_a_then_b,geometric
underconfident_marginals,38,2.0,arithmetic,0.15463812841838726,1.5623497867963922,0.7149714649098061,0.09647562982786223,0.05541567505837956,0.00618836791298313,-0.004736561168573461,-0.004736561168573461,0.25,0.01,0.25,j2_a_then_b,geometric
underconfident_marginals,38,2.0,geometric,0.15463812841838726,1.5548395326997124,0.7126727259163375,0.08550261581594922,0.06120493809092535,0.006213232589617522,-0.012246815265253286,-0.012246815265253286,0.25,0.01,0.25,j2_a_then_b,geometric
underconfident_marginals,38,2.0,weighted_geometric,0.15463812841838726,1.5552116818320065,0.7142674783008267,0.08679934121423062,0.06407665101261154,0.007843031642701974,-0.011874666132959177,-0.011874666132959177,0.25,0.01,0.25,j2_a_then_b,geometric
underconfident_marginals,38,2.0,hard_core,0.15463812841838726,1.6189498093003742,0.7342384469340459,0.17059921280973042,1.57651938378911e-14,0.012264900485342962,0.051863461335408534,0.051863461335408534,0.25,0.01,0.25,j2_a_then_b,geometric
underconfident_marginals,38,2.0,adaptive_soft,0.15463812841838726,1.5554900932938374,0.7143689144025418,0.0873498651030455,0.06354191098779331,0.007796161811838322,-0.011596254671128348,-0.011596254671128348,0.25,0.01,0.25,j2_a_then_b,geometric
underconfident_marginals,38,2.0,selective_core,0.15463812841838726,1.5552116818320065,0.7142674783008267,0.08679934121423062,0.06407665101261154,0.007843031642701974,-0.011874666132959177,-0.011874666132959177,0.25,0.01,0.25,j2_a_then_b,geometric
underconfident_marginals,39,2.0,j1,0.13790404081171817,1.4396644899772868,0.6739678892879708,0.11832450625203944,0.0515180725091098,0.01110219341131604,0.0,0.0,0.5,0.01,0.5,j1_b_then_a,geometric
underconfident_marginals,39,2.0,j2,0.13790404081171817,1.4431178225656203,0.6750181002101827,0.11730571344345193,0.05008537651656509,0.01110219341131604,0.0034533325883334687,0.0034533325883334687,0.5,0.01,0.5,j1_b_then_a,geometric
underconfident_marginals,39,2.0,selected_order,0.13790404081171817,1.4396644899772868,0.6739678892879708,0.11832450625203944,0.0515180725091098,0.01110219341131604,0.0,0.0,0.5,0.01,0.5,j1_b_then_a,geometric
underconfident_marginals,39,2.0,independent,0.13790404081171817,1.6719511243683265,0.743246797788351,0.31429264556738085,3.9446744481974604e-17,0.06954816577267496,0.2322866343910397,0.2322866343910397,0.5,0.01,0.5,j1_b_then_a,geometric
underconfident_marginals,39,2.0,arithmetic,0.13790404081171817,1.4260565981957254,0.6703176744398472,0.09913393237272225,0.050801724512837425,0.005741030364750218,-0.01360789178156141,-0.01360789178156141,0.5,0.01,0.5,j1_b_then_a,geometric
underconfident_marginals,39,2.0,geometric,0.13790404081171817,1.4182980822844249,0.6683048134832034,0.08810269154259552,0.05620376091494435,0.005771602744421451,-0.02136640769286191,-0.02136640769286191,0.5,0.01,0.5,j1_b_then_a,geometric
underconfident_marginals,39,2.0,weighted_geometric,0.13790404081171817,1.4182980822844249,0.6683048134832034,0.08810269154259552,0.05620376091494435,0.005771602744421451,-0.02136640769286191,-0.02136640769286191,0.5,0.01,0.5,j1_b_then_a,geometric
underconfident_marginals,39,2.0,hard_core,0.13790404081171817,1.4793241371293806,0.6851794352148584,0.16961233953075117,7.1464908209945e-14,0.013449174140719581,0.0396596471520938,0.0396596471520938,0.5,0.01,0.5,j1_b_then_a,geometric
underconfident_marginals,39,2.0,adaptive_soft,0.13790404081171817,1.4186144760340602,0.6684009381696645,0.0887106538977296,0.05577825712184167,0.005762329613623497,-0.021050013943226586,-0.021050013943226586,0.5,0.01,0.5,j1_b_then_a,geometric
underconfident_marginals,39,2.0,selective_core,0.13790404081171817,1.4182980822844249,0.6683048134832034,0.08810269154259552,0.05620376091494435,0.005771602744421451,-0.02136640769286191,-0.02136640769286191,0.5,0.01,0.5,j1_b_then_a,geometric
underconfident_marginals,40,2.0,j1,0.1381660331880687,1.5316210384494124,0.7075662843175402,0.11717907035670985,0.05013469847448751,0.00986378249565199,0.006216614572609247,0.006216614572609247,0.5,0.01,0.5,j2_a_then_b,geometric
underconfident_marginals,40,2.0,j2,0.1381660331880687,1.5254044238768032,0.7086042616234954,0.11815095654486243,0.05049364049146555,0.00986378249565199,0.0,0.0,0.5,0.01,0.5,j2_a_then_b,geometric
underconfident_marginals,40,2.0,selected_order,0.1381660331880687,1.5254044238768032,0.7086042616234954,0.11815095654486243,0.05049364049146555,0.00986378249565199,0.0,0.0,0.5,0.01,0.5,j2_a_then_b,geometric
underconfident_marginals,40,2.0,independent,0.1381660331880687,1.7646535742251839,0.7663822568839519,0.29455169018866845,4.11649067697667e-17,0.06923865644300647,0.23924915034838068,0.23924915034838068,0.5,0.01,0.5,j2_a_then_b,geometric
underconfident_marginals,40,2.0,arithmetic,0.1381660331880687,1.5130701583521282,0.7037131019170545,0.09637734486217658,0.050314169482976505,0.005059223835186044,-0.012334265524674981,-0.012334265524674981,0.5,0.01,0.5,j2_a_then_b,geometric
underconfident_marginals,40,2.0,geometric,0.1381660331880687,1.508128409147705,0.7021941249792458,0.08771112742782182,0.05441067651906687,0.005075819782231123,-0.017276014729098232,-0.017276014729098232,0.5,0.01,0.5,j2_a_then_b,geometric
underconfident_marginals,40,2.0,weighted_geometric,0.1381660331880687,1.508128409147705,0.7021941249792458,0.08771112742782182,0.05441067651906687,0.005075819782231123,-0.017276014729098232,-0.017276014729098232,0.5,0.01,0.5,j2_a_then_b,geometric
underconfident_marginals,40,2.0,hard_core,0.1381660331880687,1.5633287515897611,0.7180027257389422,0.1630641382343356,7.005202215287949e-14,0.011379824826958677,0.03792432771295795,0.03792432771295795,0.5,0.01,0.5,j2_a_then_b,geometric
underconfident_marginals,40,2.0,adaptive_soft,0.1381660331880687,1.5084110395032264,0.7022758205833677,0.08830979837288819,0.05396173267005483,0.005070027835927938,-0.01699338437357678,-0.01699338437357678,0.5,0.01,0.5,j2_a_then_b,geometric
underconfident_marginals,40,2.0,selective_core,0.1381660331880687,1.508128409147705,0.7021941249792458,0.08771112742782182,0.05441067651906687,0.005075819782231123,-0.017276014729098232,-0.017276014729098232,0.5,0.01,0.5,j2_a_then_b,geometric
underconfident_marginals,41,2.0,j1,0.1261776116413044,1.4476014668119483,0.6851519562019667,0.1140489259086643,0.04557539401559291,0.008436681198185235,0.0,0.0,0.5,0.01,0.5,j1_b_then_a,geometric
underconfident_marginals,41,2.0,j2,0.1261776116413044,1.4603658226581837,0.686666894303783,0.11702194368323302,0.04584727658078931,0.008436681198185235,0.012764355846235365,0.012764355846235365,0.5,0.01,0.5,j1_b_then_a,geometric
underconfident_marginals,41,2.0,selected_order,0.1261776116413044,1.4476014668119483,0.6851519562019667,0.1140489259086643,0.04557539401559291,0.008436681198185235,0.0,0.0,0.5,0.01,0.5,j1_b_then_a,geometric
underconfident_marginals,41,2.0,independent,0.1261776116413044,1.756095267785063,0.7649314958349502,0.35130500086410843,3.753768129666213e-17,0.0924607406934037,0.30849380097311463,0.30849380097311463,0.5,0.01,0.5,j1_b_then_a,geometric
underconfident_marginals,41,2.0,arithmetic,0.1261776116413044,1.4411103110692065,0.681926176527352,0.09735009695676967,0.04571133529819108,0.004321252524147579,-0.006491155742741839,-0.006491155742741839,0.5,0.01,0.5,j1_b_then_a,geometric
underconfident_marginals,41,2.0,geometric,0.1261776116413044,1.4365945056077802,0.6803833753685044,0.09000511731725407,0.04870578880376542,0.004334658134787271,-0.011006961204168109,-0.011006961204168109,0.5,0.01,0.5,j1_b_then_a,geometric
underconfident_marginals,41,2.0,weighted_geometric,0.1261776116413044,1.4365945056077802,0.6803833753685044,0.09000511731725407,0.04870578880376542,0.004334658134787271,-0.011006961204168109,-0.011006961204168109,0.5,0.01,0.5,j1_b_then_a,geometric
underconfident_marginals,41,2.0,hard_core,0.1261776116413044,1.49249348381557,0.6982429903099798,0.15666147883967954,1.2588009801195455e-13,0.01079056150913013,0.044892017003621554,0.044892017003621554,0.5,0.01,0.5,j1_b_then_a,geometric
underconfident_marginals,41,2.0,adaptive_soft,0.1261776116413044,1.4368992500201507,0.6804917198363795,0.09049731003264005,0.04834036201766986,0.004330375924842869,-0.010702216791797614,-0.010702216791797614,0.5,0.01,0.5,j1_b_then_a,geometric
underconfident_marginals,41,2.0,selective_core,0.1261776116413044,1.4365945056077802,0.6803833753685044,0.09000511731725407,0.04870578880376542,0.004334658134787271,-0.011006961204168109,-0.011006961204168109,0.5,0.01,0.5,j1_b_then_a,geometric
underconfident_marginals,42,2.0,j1,0.13591127886798357,1.4507142957517034,0.6837268421796823,0.11644477216194721,0.05039137998470038,0.010157943730131833,0.0,-0.008237149603642635,0.5,0.01,0.5,j2_a_then_b,geometric
underconfident_marginals,42,2.0,j2,0.13591127886798357,1.458951445355346,0.6876267255838807,0.11697813539855113,0.049653298062634715,0.010157943730131833,0.008237149603642635,0.0,0.5,0.01,0.5,j2_a_then_b,geometric
underconfident_marginals,42,2.0,selected_order,0.13591127886798357,1.458951445355346,0.6876267255838807,0.11697813539855113,0.049653298062634715,0.010157943730131833,0.008237149603642635,0.0,0.5,0.01,0.5,j2_a_then_b,geometric
underconfident_marginals,42,2.0,independent,0.13591127886798357,1.7125402707913515,0.7510968532231314,0.3107328504078225,3.989213473443165e-17,0.0737019505942496,0.2618259750396481,0.25358882543600547,0.5,0.01,0.5,j2_a_then_b,geometric
underconfident_marginals,42,2.0,arithmetic,0.13591127886798357,1.4407542355949918,0.6814335511956353,0.09717124142626783,0.050022339023667525,0.005234930425782441,-0.009960060156711581,-0.018197209760354216,0.5,0.01,0.5,j2_a_then_b,geometric
underconfident_marginals,42,2.0,geometric,0.13591127886798357,1.4337665763449987,0.679373333341083,0.08759370292820057,0.05445863972320922,0.005259747655226178,-0.016947719406704698,-0.025184869010347333,0.5,0.01,0.5,j2_a_then_b,geometric
underconfident_marginals,42,2.0,weighted_geometric,0.13591127886798357,1.4337665763449987,0.679373333341083,0.08759370292820057,0.05445863972320922,0.005259747655226178,-0.016947719406704698,-0.025184869010347333,0.5,0.01,0.5,j2_a_then_b,geometric
underconfident_marginals,42,2.0,hard_core,0.13591127886798357,1.5038782241209587,0.698653041761931,0.16431500539241628,2.925377952031627e-14,0.012785312644591073,0.05316392836925532,0.044926778765612685,0.5,0.01,0.5,j2_a_then_b,geometric
underconfident_marginals,42,2.0,adaptive_soft,0.13591127886798357,1.4341211896678356,0.6794831237352694,0.0881608585357985,0.05404960857360912,0.00525242433874998,-0.01659310608386777,-0.024830255687510405,0.5,0.01,0.5,j2_a_then_b,geometric
underconfident_marginals,42,2.0,selective_core,0.13591127886798357,1.4337665763449987,0.679373333341083,0.08759370292820057,0.05445863972320922,0.005259747655226178,-0.016947719406704698,-0.025184869010347333,0.5,0.01,0.5,j2_a_then_b,geometric
underconfident_marginals,43,2.0,j1,0.1341636969297274,1.4655546986319836,0.6797191342085059,0.11915039310367398,0.04798210592325456,0.00973189601684916,0.0,0.0,0.5,0.01,0.5,j1_b_then_a,geometric
underconfident_marginals,43,2.0,j2,0.1341636969297274,1.4707696331944298,0.68252767075821,0.12150087673764609,0.04954339092035621,0.00973189601684916,0.00521493456244615,0.00521493456244615,0.5,0.01,0.5,j1_b_then_a,geometric
underconfident_marginals,43,2.0,selected_order,0.1341636969297274,1.4655546986319836,0.6797191342085059,0.11915039310367398,0.04798210592325456,0.00973189601684916,0.0,0.0,0.5,0.01,0.5,j1_b_then_a,geometric
underconfident_marginals,43,2.0,independent,0.1341636969297274,1.7077912882616824,0.7455064767362636,0.311351076925004,3.9948079566531904e-17,0.0763125433253855,0.24223658962969874,0.24223658962969874,0.5,0.01,0.5,j1_b_then_a,geometric
underconfident_marginals,43,2.0,arithmetic,0.1341636969297274,1.4529230830951319,0.6770280522014973,0.10067244326963469,0.04876274842180536,0.005000302992592117,-0.01263161553685177,-0.01263161553685177,0.5,0.01,0.5,j1_b_then_a,geometric
underconfident_marginals,43,2.0,geometric,0.1341636969297274,1.4480411402583169,0.6751547777401323,0.09191845572890572,0.05282027746223282,0.005018574409787479,-0.01751355837366675,-0.01751355837366675,0.5,0.01,0.5,j1_b_then_a,geometric
underconfident_marginals,43,2.0,weighted_geometric,0.1341636969297274,1.4480411402583169,0.6751547777401323,0.09191845572890572,0.05282027746223282,0.005018574409787479,-0.01751355837366675,-0.01751355837366675,0.5,0.01,0.5,j1_b_then_a,geometric
underconfident_marginals,43,2.0,hard_core,0.1341636969297274,1.5002175213047695,0.6904507784660089,0.16365659278351163,5.1368844941612756e-14,0.011557741502806362,0.034662822672785865,0.034662822672785865,0.5,0.01,0.5,j1_b_then_a,geometric
underconfident_marginals,43,2.0,adaptive_soft,0.1341636969297274,1.448319959018917,0.6752560029753705,0.09250053608261463,0.05238423197800661,0.005012624071527267,-0.01723473961306654,-0.01723473961306654,0.5,0.01,0.5,j1_b_then_a,geometric
underconfident_marginals,43,2.0,selective_core,0.1341636969297274,1.4480411402583169,0.6751547777401323,0.09191845572890572,0.05282027746223282,0.005018574409787479,-0.01751355837366675,-0.01751355837366675,0.5,0.01,0.5,j1_b_then_a,geometric
underconfident_marginals,44,2.0,j1,0.1349867596030038,1.5436738600410203,0.7132763200587412,0.113940572087291,0.05057976567596927,0.009282743512500554,0.0,0.0,0.5,0.01,0.5,j1_b_then_a,geometric
underconfident_marginals,44,2.0,j2,0.1349867596030038,1.5444341434393023,0.7122804873048779,0.11075110038961754,0.0514330717871391,0.009282743512500554,0.0007602833982820467,0.0007602833982820467,0.5,0.01,0.5,j1_b_then_a,geometric
underconfident_marginals,44,2.0,selected_order,0.1349867596030038,1.5436738600410203,0.7132763200587412,0.113940572087291,0.05057976567596927,0.009282743512500554,0.0,0.0,0.5,0.01,0.5,j1_b_then_a,geometric
underconfident_marginals,44,2.0,independent,0.1349867596030038,1.7775392208865504,0.7737894142461862,0.30411042806165167,4.161189622042816e-17,0.07391896772707107,0.2338653608455301,0.2338653608455301,0.5,0.01,0.5,j1_b_then_a,geometric
underconfident_marginals,44,2.0,arithmetic,0.1349867596030038,1.529230780184888,0.7086147121463314,0.09187417578196654,0.05100641873155416,0.004758556136601087,-0.014443079856132357,-0.014443079856132357,0.5,0.01,0.5,j1_b_then_a,geometric
underconfident_marginals,44,2.0,geometric,0.1349867596030038,1.5249083056690642,0.7071545033863791,0.08410287550952272,0.054564664430148034,0.004774579133159042,-0.01876555437195604,-0.01876555437195604,0.5,0.01,0.5,j1_b_then_a,geometric
underconfident_marginals,44,2.0,weighted_geometric,0.1349867596030038,1.5249083056690642,0.7071545033863791,0.08410287550952272,0.054564664430148034,0.004774579133159042,-0.01876555437195604,-0.01876555437195604,0.5,0.01,0.5,j1_b_then_a,geometric
underconfident_marginals,44,2.0,hard_core,0.1349867596030038,1.5769382779147583,0.7233009751401489,0.16136501963179228,2.1213324282939873e-14,0.013877323417826095,0.03326441787373802,0.03326441787373802,0.5,0.01,0.5,j1_b_then_a,geometric
underconfident_marginals,44,2.0,adaptive_soft,0.1349867596030038,1.5251617147980063,0.7072448750895118,0.08461815731404843,0.05419873877565538,0.004768944181996842,-0.018512145243013922,-0.018512145243013922,0.5,0.01,0.5,j1_b_then_a,geometric
underconfident_marginals,44,2.0,selective_core,0.1349867596030038,1.5249083056690642,0.7071545033863791,0.08410287550952272,0.054564664430148034,0.004774579133159042,-0.01876555437195604,-0.01876555437195604,0.5,0.01,0.5,j1_b_then_a,geometric
underconfident_marginals,45,2.0,j1,0.13050079573637752,1.5778473280346406,0.7248622245944919,0.11135145060382436,0.0458158024089644,0.008271208103992306,0.004925621783439027,0.004925621783439027,0.5,0.01,0.5,j2_a_then_b,geometric
underconfident_marginals,45,2.0,j2,0.13050079573637752,1.5729217062512015,0.7223733093865458,0.10948328990056166,0.04849613124930963,0.008271208103992306,0.0,0.0,0.5,0.01,0.5,j2_a_then_b,geometric
underconfident_marginals,45,2.0,selected_order,0.13050079573637752,1.5729217062512015,0.7223733093865458,0.10948328990056166,0.04849613124930963,0.008271208103992306,0.0,0.0,0.5,0.01,0.5,j2_a_then_b,geometric
underconfident_marginals,45,2.0,independent,0.13050079573637752,1.7923201880750552,0.7783200550044406,0.3168296691804259,4.173657947026399e-17,0.07693232216831011,0.21939848182385369,0.21939848182385369,0.5,0.01,0.5,j2_a_then_b,geometric
underconfident_marginals,45,2.0,arithmetic,0.13050079573637752,1.5630210140656018,0.7196710917135668,0.09066928848792452,0.047155966829136996,0.004222692258382764,-0.009900692185599747,-0.009900692185599747,0.5,0.01,0.5,j2_a_then_b,geometric
underconfident_marginals,45,2.0,geometric,0.13050079573637752,1.5583977915467584,0.7181769082593603,0.08414169695851977,0.04986019093874629,0.004232332094960958,-0.014523914704443142,-0.014523914704443142,0.5,0.01,0.5,j2_a_then_b,geometric
underconfident_marginals,45,2.0,weighted_geometric,0.13050079573637752,1.5583977915467584,0.7181769082593603,0.08414169695851977,0.04986019093874629,0.004232332094960958,-0.014523914704443142,-0.014523914704443142,0.5,0.01,0.5,j2_a_then_b,geometric
underconfident_marginals,45,2.0,hard_core,0.13050079573637752,1.6235439846298845,0.7356518664488774,0.1510248368863729,4.514321902404639e-14,0.010535077576866687,0.05062227837868294,0.05062227837868294,0.5,0.01,0.5,j2_a_then_b,geometric
underconfident_marginals,45,2.0,adaptive_soft,0.13050079573637752,1.558732622964352,0.7182816459371449,0.0846369307554531,0.04948750467051591,0.004228616348689693,-0.014189083286849424,-0.014189083286849424,0.5,0.01,0.5,j2_a_then_b,geometric
underconfident_marginals,45,2.0,selective_core,0.13050079573637752,1.5583977915467584,0.7181769082593603,0.08414169695851977,0.04986019093874629,0.004232332094960958,-0.014523914704443142,-0.014523914704443142,0.5,0.01,0.5,j2_a_then_b,geometric
underconfident_marginals,46,2.0,j1,0.13793092263314632,1.5334503015329106,0.6999864490856221,0.12079907405730925,0.04778779323709189,0.009907240429132253,0.0,-0.00443640958197955,0.25,0.01,0.25,j2_a_then_b,geometric
underconfident_marginals,46,2.0,j2,0.13793092263314632,1.5378867111148902,0.7038841508178932,0.12044054060834097,0.04930370976039289,0.009907240429132253,0.00443640958197955,0.0,0.25,0.01,0.25,j2_a_then_b,geometric
underconfident_marginals,46,2.0,selected_order,0.13793092263314632,1.5378867111148902,0.7038841508178932,0.12044054060834097,0.04930370976039289,0.009907240429132253,0.00443640958197955,0.0,0.25,0.01,0.25,j2_a_then_b,geometric
underconfident_marginals,46,2.0,independent,0.13793092263314632,1.717141261123079,0.7517503947749505,0.2782363486515856,4.0222165875736236e-17,0.06183070867298461,0.18369095959016835,0.1792545500081888,0.25,0.01,0.25,j2_a_then_b,geometric
underconfident_marginals,46,2.0,arithmetic,0.13793092263314632,1.5200713698373525,0.6977567107878838,0.1004037226452954,0.048545751498742365,0.005084118074205138,-0.01337893169555815,-0.0178153412775377,0.25,0.01,0.25,j2_a_then_b,geometric
underconfident_marginals,46,2.0,geometric,0.13793092263314632,1.5152039686763472,0.6960019090420226,0.09155149722424441,0.05283116658938857,0.0051012868553791365,-0.018246332856563408,-0.022682742438542958,0.25,0.01,0.25,j2_a_then_b,geometric
underconfident_marginals,46,2.0,weighted_geometric,0.13793092263314632,1.5214252851111334,0.6984262527472154,0.09903548610394725,0.052124815333459695,0.006304867825086379,-0.012025016421777224,-0.016461426003756774,0.25,0.01,0.25,j2_a_then_b,geometric
underconfident_marginals,46,2.0,hard_core,0.13793092263314632,1.5643634268025601,0.7109658498985761,0.16221362846954426,1.4452124111156984e-13,0.010698301608403508,0.03091312526964951,0.02647671568766996,0.25,0.01,0.25,j2_a_then_b,geometric
underconfident_marginals,46,2.0,adaptive_soft,0.13793092263314632,1.521628862298614,0.6984960452264006,0.09946144404325724,0.05167528106617816,0.006281707989615851,-0.011821439234296571,-0.01625784881627612,0.25,0.01,0.25,j2_a_then_b,geometric
underconfident_marginals,46,2.0,selective_core,0.13793092263314632,1.5214252851111334,0.6984262527472154,0.09903548610394725,0.052124815333459695,0.006304867825086379,-0.012025016421777224,-0.016461426003756774,0.25,0.01,0.25,j2_a_then_b,geometric
underconfident_marginals,47,2.0,j1,0.13451026536312202,1.6085387152633586,0.7340959566837586,0.11256542301909804,0.04950979107903165,0.008913694395892452,0.0,0.0,0.5,0.01,0.5,j1_b_then_a,geometric
underconfident_marginals,47,2.0,j2,0.13451026536312202,1.6129853963111396,0.7320508073739012,0.1091598138309429,0.05032505169126058,0.008913694395892452,0.004446681047781009,0.004446681047781009,0.5,0.01,0.5,j1_b_then_a,geometric
underconfident_marginals,47,2.0,selected_order,0.13451026536312202,1.6085387152633586,0.7340959566837586,0.11256542301909804,0.04950979107903165,0.008913694395892452,0.0,0.0,0.5,0.01,0.5,j1_b_then_a,geometric
underconfident_marginals,47,2.0,independent,0.13451026536312202,1.8388036626764943,0.7896037660484254,0.30391685010000363,3.9605525890135105e-17,0.07613856693648897,0.23026494741313575,0.23026494741313575,0.5,0.01,0.5,j1_b_then_a,geometric
underconfident_marginals,47,2.0,arithmetic,0.13451026536312202,1.5958150149341628,0.7289370419642456,0.08963625288976221,0.04991742138514609,0.004556818924571291,-0.012723700329195786,-0.012723700329195786,0.5,0.01,0.5,j1_b_then_a,geometric
underconfident_marginals,47,2.0,geometric,0.13451026536312202,1.5924269047413995,0.7276143794499071,0.08254603481864667,0.053225592739511454,0.004568501876396537,-0.01611181052195909,-0.01611181052195909,0.5,0.01,0.5,j1_b_then_a,geometric
underconfident_marginals,47,2.0,weighted_geometric,0.13451026536312202,1.5924269047413995,0.7276143794499071,0.08254603481864667,0.053225592739511454,0.004568501876396537,-0.01611181052195909,-0.01611181052195909,0.5,0.01,0.5,j1_b_then_a,geometric
underconfident_marginals,47,2.0,hard_core,0.13451026536312202,1.6448289350268124,0.7437875368731479,0.15679444450481692,5.946809044548099e-14,0.011990852882385139,0.03629021976345381,0.03629021976345381,0.5,0.01,0.5,j1_b_then_a,geometric
underconfident_marginals,47,2.0,adaptive_soft,0.13451026536312202,1.5926687585101604,0.7277098693486237,0.0830700345316411,0.05284656619551244,0.004563748626796661,-0.015869956753198133,-0.015869956753198133,0.5,0.01,0.5,j1_b_then_a,geometric
underconfident_marginals,47,2.0,selective_core,0.13451026536312202,1.5924269047413995,0.7276143794499071,0.08254603481864667,0.053225592739511454,0.004568501876396537,-0.01611181052195909,-0.01611181052195909,0.5,0.01,0.5,j1_b_then_a,geometric
underconfident_marginals,48,2.0,j1,0.1402917851329646,1.5787089615382948,0.7231914701433386,0.10968652045122788,0.05084937988644486,0.010055932906276073,0.0020101633383031725,0.0020101633383031725,0.5,0.01,0.5,j2_a_then_b,geometric
underconfident_marginals,48,2.0,j2,0.1402917851329646,1.5766987981999916,0.7260200889939705,0.1162279227842899,0.049835184991701045,0.010055932906276073,0.0,0.0,0.5,0.01,0.5,j2_a_then_b,geometric
underconfident_marginals,48,2.0,selected_order,0.1402917851329646,1.5766987981999916,0.7260200889939705,0.1162279227842899,0.049835184991701045,0.010055932906276073,0.0,0.0,0.5,0.01,0.5,j2_a_then_b,geometric
underconfident_marginals,48,2.0,independent,0.1402917851329646,1.7515339482440735,0.769789638644934,0.268393475904326,4.0882011317910915e-17,0.05546099338815472,0.1748351500440819,0.1748351500440819,0.5,0.01,0.5,j2_a_then_b,geometric
underconfident_marginals,48,2.0,arithmetic,0.1402917851329646,1.562429673278845,0.7202686096401774,0.0919703420825249,0.05034228243907293,0.005165850793616301,-0.014269124921146625,-0.014269124921146625,0.5,0.01,0.5,j2_a_then_b,geometric
underconfident_marginals,48,2.0,geometric,0.1402917851329646,1.5569050141648235,0.7184386146011152,0.0831561141521217,0.054717077952764245,0.005187137375490265,-0.01979378403516807,-0.01979378403516807,0.5,0.01,0.5,j2_a_then_b,geometric
underconfident_marginals,48,2.0,weighted_geometric,0.1402917851329646,1.5569050141648235,0.7184386146011152,0.0831561141521217,0.054717077952764245,0.005187137375490265,-0.01979378403516807,-0.01979378403516807,0.5,0.01,0.5,j2_a_then_b,geometric
underconfident_marginals,48,2.0,hard_core,0.1402917851329646,1.6158696672628579,0.7369858301592431,0.1601110825586431,4.476229001175447e-14,0.011325527080500481,0.039170869062866265,0.039170869062866265,0.5,0.01,0.5,j2_a_then_b,geometric
underconfident_marginals,48,2.0,adaptive_soft,0.1402917851329646,1.5572346575316487,0.7185483949220907,0.08375925637314359,0.05427230627412634,0.005180455916312292,-0.0194641406683429,-0.0194641406683429,0.5,0.01,0.5,j2_a_then_b,geometric
underconfident_marginals,48,2.0,selective_core,0.1402917851329646,1.5569050141648235,0.7184386146011152,0.0831561141521217,0.054717077952764245,0.005187137375490265,-0.01979378403516807,-0.01979378403516807,0.5,0.01,0.5,j2_a_then_b,geometric
underconfident_marginals,49,2.0,j1,0.1218977606215803,1.5276353263923435,0.6998531462830383,0.11378004533952486,0.04346802589133333,0.007622500345304527,0.0,-0.013748710458348468,0.5,0.01,0.5,j2_a_then_b,geometric
underconfident_marginals,49,2.0,j2,0.1218977606215803,1.541384036850692,0.7043885818163382,0.11001516089585363,0.04430414712248355,0.007622500345304527,0.013748710458348468,0.0,0.5,0.01,0.5,j2_a_then_b,geometric
underconfident_marginals,49,2.0,selected_order,0.1218977606215803,1.541384036850692,0.7043885818163382,0.11001516089585363,0.04430414712248355,0.007622500345304527,0.013748710458348468,0.0,0.5,0.01,0.5,j2_a_then_b,geometric
underconfident_marginals,49,2.0,independent,0.1218977606215803,1.8205936553949638,0.7782101569624105,0.32430509447068717,4.083366267728164e-17,0.08023061978133453,0.2929583290026203,0.27920961854427184,0.5,0.01,0.5,j2_a_then_b,geometric
underconfident_marginals,49,2.0,arithmetic,0.1218977606215803,1.5225813434889488,0.698776475197238,0.09367403572761736,0.043886086506908416,0.0038893401642816137,-0.005053982903394649,-0.018802693361743117,0.5,0.01,0.5,j2_a_then_b,geometric
underconfident_marginals,49,2.0,geometric,0.1218977606215803,1.5188814200462883,0.6970999493810514,0.08780983604720592,0.04668442451799968,0.003897729371777968,-0.008753906346055107,-0.022502616804403575,0.5,0.01,0.5,j2_a_then_b,geometric
underconfident_marginals,49,2.0,weighted_geometric,0.1218977606215803,1.5188814200462883,0.6970999493810514,0.08780983604720592,0.04668442451799968,0.003897729371777968,-0.008753906346055107,-0.022502616804403575,0.5,0.01,0.5,j2_a_then_b,geometric
underconfident_marginals,49,2.0,hard_core,0.1218977606215803,1.5704919083406357,0.7114600033352707,0.1503625119833415,3.4569717321218404e-14,0.009938981340155932,0.04285658194829223,0.02910787148994376,0.5,0.01,0.5,j2_a_then_b,geometric
underconfident_marginals,49,2.0,adaptive_soft,0.1218977606215803,1.5191648879703585,0.6972133653713126,0.08827583597359659,0.04632356152578795,0.003894387742909655,-0.008470438421984916,-0.022219148880333384,0.5,0.01,0.5,j2_a_then_b,geometric
underconfident_marginals,49,2.0,selective_core,0.1218977606215803,1.5188814200462883,0.6970999493810514,0.08780983604720592,0.04668442451799968,0.003897729371777968,-0.008753906346055107,-0.022502616804403575,0.5,0.01,0.5,j2_a_then_b,geometric
symmetric_moderate,0,2.0,j1,0.06867724523757116,1.4537763483010477,0.6701303111549587,0.049102944399346427,0.023042915374363034,0.002209857882464501,0.0031582428493810433,0.0,0.5,0.01,0.5,j1_b_then_a,geometric
symmetric_moderate,0,2.0,j2,0.06867724523757116,1.4506181054516667,0.6688483117896359,0.04978072560776333,0.02359270380890631,0.002209857882464501,0.0,-0.0031582428493810433,0.5,0.01,0.5,j1_b_then_a,geometric
symmetric_moderate,0,2.0,selected_order,0.06867724523757116,1.4537763483010477,0.6701303111549587,0.049102944399346427,0.023042915374363034,0.002209857882464501,0.0031582428493810433,0.0,0.5,0.01,0.5,j1_b_then_a,geometric
symmetric_moderate,0,2.0,independent,0.06867724523757116,1.681756357059023,0.7137601343004062,0.2578782675673476,4.04607056002761e-17,0.06526566709737645,0.23113825160735635,0.2279800087579753,0.5,0.01,0.5,j1_b_then_a,geometric
symmetric_moderate,0,2.0,arithmetic,0.06867724523757116,1.4477446879384586,0.6679085377368553,0.03588331560729997,0.02331780959163465,0.0011105839222273041,-0.002873417513208132,-0.006031660362589175,0.5,0.01,0.5,j1_b_then_a,geometric
symmetric_moderate,0,2.0,geometric,0.06867724523757116,1.4477469086249541,0.6678744383209693,0.03590700493906229,0.02329746801963777,0.0011107070106805908,-0.002871196826712552,-0.006029439676093595,0.5,0.01,0.5,j1_b_then_a,geometric
symmetric_moderate,0,2.0,weighted_geometric,0.06867724523757116,1.4477469086249541,0.6678744383209693,0.03590700493906229,0.02329746801963777,0.0011107070106805908,-0.002871196826712552,-0.006029439676093595,0.5,0.01,0.5,j1_b_then_a,geometric
symmetric_moderate,0,2.0,hard_core,0.06867724523757116,1.4508492628255503,0.6669667190563076,0.05922029974110319,2.4549320289422384e-14,0.003410166836343934,0.0002311573738835726,-0.0029270854754974707,0.5,0.01,0.5,j1_b_then_a,geometric
symmetric_moderate,0,2.0,adaptive_soft,0.06867724523757116,1.4477279491770672,0.6678638374852055,0.035971469452567434,0.02315445391380095,0.0011108009120086057,-0.0028901562745995424,-0.006048399123980586,0.5,0.01,0.5,j1_b_then_a,geometric
symmetric_moderate,0,2.0,selective_core,0.06867724523757116,1.4477469086249541,0.6678744383209693,0.03590700493906229,0.02329746801963777,0.0011107070106805908,-0.002871196826712552,-0.006029439676093595,0.5,0.01,0.5,j1_b_then_a,geometric
symmetric_moderate,1,2.0,j1,0.07301105897391803,1.4650821619973136,0.6854004697313967,0.05185710251052458,0.025722010530767343,0.0023883038368041148,0.0006798528599514242,0.0,0.5,0.01,0.5,j1_b_then_a,arithmetic
symmetric_moderate,1,2.0,j2,0.07301105897391803,1.4644023091373621,0.6821810054205709,0.05155850679541332,0.019146897990242377,0.0023883038368041148,0.0,-0.0006798528599514242,0.5,0.01,0.5,j1_b_then_a,arithmetic
symmetric_moderate,1,2.0,selected_order,0.07301105897391803,1.4650821619973136,0.6854004697313967,0.05185710251052458,0.025722010530767343,0.0023883038368041148,0.0006798528599514242,0.0,0.5,0.01,0.5,j1_b_then_a,arithmetic
symmetric_moderate,1,2.0,independent,0.07301105897391803,1.5659939464953518,0.7089385442775797,0.1566057225828323,4.202237516293117e-17,0.028814151699763,0.1015916373579897,0.10091178449803828,0.5,0.01,0.5,j1_b_then_a,arithmetic
symmetric_moderate,1,2.0,arithmetic,0.07301105897391803,1.4598462369657095,0.68196839101277,0.0366711896271613,0.022434454260504836,0.0012003092134059087,-0.004556072171652659,-0.005235925031604083,0.5,0.01,0.5,j1_b_then_a,arithmetic
symmetric_moderate,1,2.0,geometric,0.07301105897391803,1.4599305660222746,0.6819024805461094,0.036617948158824624,0.022490230526971695,0.0012004471398293019,-0.004471743115087579,-0.005151595975039003,0.5,0.01,0.5,j1_b_then_a,arithmetic
symmetric_moderate,1,2.0,weighted_geometric,0.07301105897391803,1.4599305660222746,0.6819024805461094,0.036617948158824624,0.022490230526971695,0.0012004471398293019,-0.004471743115087579,-0.005151595975039003,0.5,0.01,0.5,j1_b_then_a,arithmetic
symmetric_moderate,1,2.0,hard_core,0.07301105897391803,1.4645544945068174,0.6833006981822178,0.05725029119042895,8.628123618402515e-14,0.0026722431740263015,0.00015218536945527106,-0.0005276674904961531,0.5,0.01,0.5,j1_b_then_a,arithmetic
symmetric_moderate,1,2.0,adaptive_soft,0.07301105897391803,1.459923221542855,0.6818982277404726,0.036676984676810374,0.022305737793669712,0.0012005123289262492,-0.004479087594507103,-0.005158940454458527,0.5,0.01,0.5,j1_b_then_a,arithmetic
symmetric_moderate,1,2.0,selective_core,0.07301105897391803,1.4598462369657095,0.68196839101277,0.0366711896271613,0.022434454260504836,0.0012003092134059087,-0.004556072171652659,-0.005235925031604083,0.5,0.01,0.5,j1_b_then_a,arithmetic
symmetric_moderate,2,2.0,j1,0.07681674206913551,1.5287538004981989,0.7125138869272164,0.05448637764352254,0.024646142371382063,0.002596197109700185,0.0,0.0,1.0,1.0,0.75,j1_b_then_a,soft
symmetric_moderate,2,2.0,j2,0.07681674206913551,1.5378220081113174,0.716454789641988,0.053997939473160096,0.02643269015140887,0.002596197109700185,0.00906820761311855,0.00906820761311855,1.0,1.0,0.75,j1_b_then_a,soft
symmetric_moderate,2,2.0,selected_order,0.07681674206913551,1.5287538004981989,0.7125138869272164,0.05448637764352254,0.024646142371382063,0.002596197109700185,0.0,0.0,1.0,1.0,0.75,j1_b_then_a,soft
symmetric_moderate,2,2.0,independent,0.07681674206913551,1.7364305971141247,0.7557239983393768,0.23173260450845173,4.4728764014021276e-17,0.054038943144993676,0.20767679661592586,0.20767679661592586,1.0,1.0,0.75,j1_b_then_a,soft
symmetric_moderate,2,2.0,arithmetic,0.07681674206913551,1.5280798745461148,0.7126087309970196,0.038407067232831715,0.025539416261395442,0.0013049057920484918,-0.0006739259520840424,-0.0006739259520840424,1.0,1.0,0.75,j1_b_then_a,soft
symmetric_moderate,2,2.0,geometric,0.07681674206913551,1.528056463551408,0.7125237408704395,0.038375025758836716,0.02554353830020553,0.0013050580968326628,-0.0006973369467908608,-0.0006973369467908608,1.0,1.0,0.75,j1_b_then_a,soft
symmetric_moderate,2,2.0,weighted_geometric,0.07681674206913551,1.5271028190819724,0.7120329789474821,0.04319275005268798,0.02509626129025579,0.0016303623244348375,-0.001650981416226438,-0.001650981416226438,1.0,1.0,0.75,j1_b_then_a,soft
symmetric_moderate,2,2.0,hard_core,0.07681674206913551,1.5414368697354959,0.7147781650540678,0.06321854289849478,5.406385669010083e-14,0.0036235205891107835,0.012683069237297007,0.012683069237297007,1.0,1.0,0.75,j1_b_then_a,soft
symmetric_moderate,2,2.0,adaptive_soft,0.07681674206913551,1.5292229672542257,0.7123435767686291,0.050311937880664896,0.016364575200685086,0.002089197381284159,0.00046916675602681757,0.00046916675602681757,1.0,1.0,0.75,j1_b_then_a,soft
symmetric_moderate,2,2.0,selective_core,0.07681674206913551,1.5276334959707267,0.712095199293578,0.043544662973918194,0.021046704247964843,0.00157171125694646,-0.001120304527472138,-0.001120304527472138,1.0,1.0,0.75,j1_b_then_a,soft
symmetric_moderate,3,2.0,j1,0.07162561013990276,1.429414595318929,0.663930222084876,0.051775262447464145,0.023460298563887705,0.002393482294739018,0.010802887559876906,0.0,0.75,0.01,0.75,j1_b_then_a,geometric
symmetric_moderate,3,2.0,j2,0.07162561013990276,1.418611707759052,0.6626052277304929,0.050856635018884884,0.020816749188127974,0.002393482294739018,0.0,-0.010802887559876906,0.75,0.01,0.75,j1_b_then_a,geometric
symmetric_moderate,3,2.0,selected_order,0.07162561013990276,1.429414595318929,0.663930222084876,0.051775262447464145,0.023460298563887705,0.002393482294739018,0.010802887559876906,0.0,0.75,0.01,0.75,j1_b_then_a,geometric
symmetric_moderate,3,2.0,independent,0.07162561013990276,1.5016062486786292,0.6788777326679897,0.1505639398833669,4.672612191375554e-17,0.025372223977200455,0.08299454091957714,0.07219165335970024,0.75,0.01,0.75,j1_b_then_a,geometric
symmetric_moderate,3,2.0,arithmetic,0.07162561013990276,1.4196616727804625,0.6615911912979486,0.036727002409965445,0.022138523876007815,0.0012032770815530807,0.001049965021410415,-0.00975292253846649,0.75,0.01,0.75,j1_b_then_a,geometric
symmetric_moderate,3,2.0,geometric,0.07162561013990276,1.4191901613990885,0.6614617262272794,0.036691818881374676,0.02212305673473319,0.0012034291288853165,0.0005784536400363915,-0.010224433919840514,0.75,0.01,0.75,j1_b_then_a,geometric
symmetric_moderate,3,2.0,weighted_geometric,0.07162561013990276,1.4230959298338552,0.6622450887633577,0.04115424023968761,0.022789504674727207,0.0015010829032448742,0.004484222074803146,-0.00631866548507376,0.75,0.01,0.75,j1_b_then_a,geometric
symmetric_moderate,3,2.0,hard_core,0.07162561013990276,1.4228137466389346,0.6626748708171095,0.056969087400386795,3.234756406012224e-14,0.002559544984542852,0.004202038879882464,-0.006600848679994442,0.75,0.01,0.75,j1_b_then_a,geometric
symmetric_moderate,3,2.0,adaptive_soft,0.07162561013990276,1.4230246707299943,0.6622290807063937,0.04114103597322966,0.02259916435085845,0.001495465413514864,0.00441296297094218,-0.006389924588934726,0.75,0.01,0.75,j1_b_then_a,geometric
symmetric_moderate,3,2.0,selective_core,0.07162561013990276,1.4230959298338552,0.6622450887633577,0.04115424023968761,0.022789504674727207,0.0015010829032448742,0.004484222074803146,-0.00631866548507376,0.75,0.01,0.75,j1_b_then_a,geometric
symmetric_moderate,4,2.0,j1,0.07143108596267184,1.4647501551364959,0.690277673153964,0.050239784916173445,0.023916564503440773,0.002293771269785374,0.0026400867457510024,0.0,0.75,0.01,0.75,j1_b_then_a,arithmetic
symmetric_moderate,4,2.0,j2,0.07143108596267184,1.4621100683907449,0.6894958391023163,0.050697247767242146,0.021522334177842727,0.002293771269785374,0.0,-0.0026400867457510024,0.75,0.01,0.75,j1_b_then_a,arithmetic
symmetric_moderate,4,2.0,selected_order,0.07143108596267184,1.4647501551364959,0.690277673153964,0.050239784916173445,0.023916564503440773,0.002293771269785374,0.0026400867457510024,0.0,0.75,0.01,0.75,j1_b_then_a,arithmetic
symmetric_moderate,4,2.0,independent,0.07143108596267184,1.5778366472447836,0.7125249454284313,0.17660523258219218,4.0773872315600855e-17,0.03514475089912192,0.1157265788540387,0.1130864921082877,0.75,0.01,0.75,j1_b_then_a,arithmetic
symmetric_moderate,4,2.0,arithmetic,0.07143108596267184,1.458976367402665,0.6881150992059698,0.03592300149015392,0.02271944934064173,0.0011525396826704319,-0.003133700988079857,-0.00577378773383086,0.75,0.01,0.75,j1_b_then_a,arithmetic
symmetric_moderate,4,2.0,geometric,0.07143108596267184,1.4588101700329164,0.6881176035782655,0.03596351159523361,0.02271366502216061,0.001152655766925525,-0.0032998983578285124,-0.005939985103579515,0.75,0.01,0.75,j1_b_then_a,arithmetic
symmetric_moderate,4,2.0,weighted_geometric,0.07143108596267184,1.4606249374293587,0.6887510135727987,0.03990070186114258,0.023312236934830238,0.0014382225689275605,-0.0014851309613861385,-0.004125217707137141,0.75,0.01,0.75,j1_b_then_a,arithmetic
symmetric_moderate,4,2.0,hard_core,0.07143108596267184,1.4639374461067987,0.6885105837481432,0.057291054779046606,4.1884177936102765e-14,0.0028414717209276105,0.0018273777160537907,-0.0008127090296972117,0.75,0.01,0.75,j1_b_then_a,arithmetic
symmetric_moderate,4,2.0,adaptive_soft,0.07143108596267184,1.4605800544093632,0.6887253136613538,0.03987308479134316,0.023133495683938868,0.0014324379773930978,-0.0015300139813816394,-0.004170100727132642,0.75,0.01,0.75,j1_b_then_a,arithmetic
symmetric_moderate,4,2.0,selective_core,0.07143108596267184,1.458976367402665,0.6881150992059698,0.03592300149015392,0.02271944934064173,0.0011525396826704319,-0.003133700988079857,-0.00577378773383086,0.75,0.01,0.75,j1_b_then_a,arithmetic
symmetric_moderate,5,2.0,j1,0.07443888270389275,1.4248231548581753,0.6761570970791094,0.05244878294956869,0.02578542410344374,0.002411502792219319,0.0,0.0,0.5,0.01,0.5,j1_b_then_a,arithmetic
symmetric_moderate,5,2.0,j2,0.07443888270389275,1.431273805865219,0.6800697334826851,0.052769216092877734,0.021302105361019213,0.002411502792219319,0.006450651007043673,0.006450651007043673,0.5,0.01,0.5,j1_b_then_a,arithmetic
symmetric_moderate,5,2.0,selected_order,0.07443888270389275,1.4248231548581753,0.6761570970791094,0.05244878294956869,0.02578542410344374,0.002411502792219319,0.0,0.0,0.5,0.01,0.5,j1_b_then_a,arithmetic
symmetric_moderate,5,2.0,independent,0.07443888270389275,1.6035234119266635,0.7172263823161109,0.19530313948034977,4.12627225580321e-17,0.044032579974453624,0.17870025706848813,0.17870025706848813,0.5,0.01,0.5,j1_b_then_a,arithmetic
symmetric_moderate,5,2.0,arithmetic,0.07443888270389275,1.4234996040375854,0.676285095873268,0.03732714055918199,0.02354376473223145,0.001211559569816895,-0.0013235508205899915,-0.0013235508205899915,0.5,0.01,0.5,j1_b_then_a,arithmetic
symmetric_moderate,5,2.0,geometric,0.07443888270389275,1.4231912872017796,0.6762506513715687,0.03731833257510294,0.023565721872312338,0.0012116747118172016,-0.0016318676563957801,-0.0016318676563957801,0.5,0.01,0.5,j1_b_then_a,arithmetic
symmetric_moderate,5,2.0,weighted_geometric,0.07443888270389275,1.4231912872017796,0.6762506513715687,0.03731833257510294,0.023565721872312338,0.0012116747118172016,-0.0016318676563957801,-0.0016318676563957801,0.5,0.01,0.5,j1_b_then_a,arithmetic
symmetric_moderate,5,2.0,hard_core,0.07443888270389275,1.4338394014199733,0.6793842804694157,0.06001137962269701,4.134538855598378e-14,0.0031836766175019657,0.009016246561798003,0.009016246561798003,0.5,0.01,0.5,j1_b_then_a,arithmetic
symmetric_moderate,5,2.0,adaptive_soft,0.07443888270389275,1.4231945265741808,0.6762608354155427,0.03738752601912467,0.023392976099553566,0.0012117328137128936,-0.001628628283994571,-0.001628628283994571,0.5,0.01,0.5,j1_b_then_a,arithmetic
symmetric_moderate,5,2.0,selective_core,0.07443888270389275,1.4234996040375854,0.676285095873268,0.03732714055918199,0.02354376473223145,0.001211559569816895,-0.0013235508205899915,-0.0013235508205899915,0.5,0.01,0.5,j1_b_then_a,arithmetic
symmetric_moderate,6,2.0,j1,0.07552060720956856,1.462521604007135,0.6924995419678535,0.05288360608459536,0.02576008098258321,0.0024765571811019354,0.0,-0.014487147964135527,0.5,0.01,0.5,j2_a_then_b,geometric
symmetric_moderate,6,2.0,j2,0.07552060720956856,1.4770087519712705,0.6989270131976082,0.052717408376437916,0.021432094625488625,0.0024765571811019354,0.014487147964135527,0.0,0.5,0.01,0.5,j2_a_then_b,geometric
symmetric_moderate,6,2.0,selected_order,0.07552060720956856,1.4770087519712705,0.6989270131976082,0.052717408376437916,0.021432094625488625,0.0024765571811019354,0.014487147964135527,0.0,0.5,0.01,0.5,j2_a_then_b,geometric
symmetric_moderate,6,2.0,independent,0.07552060720956856,1.585994663134421,0.7201896076935409,0.16523082321298024,3.680290562590744e-17,0.029570710686313624,0.12347305912728612,0.1089859111631506,0.5,0.01,0.5,j2_a_then_b,geometric
symmetric_moderate,6,2.0,arithmetic,0.07552060720956856,1.4647920574440045,0.693814158967897,0.036876127340061356,0.023596087804035895,0.0012443796773355955,0.0022704534368696017,-0.012216694527265926,0.5,0.01,0.5,j2_a_then_b,geometric
symmetric_moderate,6,2.0,geometric,0.07552060720956856,1.4647763908912346,0.6939045114442408,0.03681864676168384,0.023599220151899778,0.0012445036842950335,0.0022547868840996355,-0.012232361080035892,0.5,0.01,0.5,j2_a_then_b,geometric
symmetric_moderate,6,2.0,weighted_geometric,0.07552060720956856,1.4647763908912346,0.6939045114442408,0.03681864676168384,0.023599220151899778,0.0012445036842950335,0.0022547868840996355,-0.012232361080035892,0.5,0.01,0.5,j2_a_then_b,geometric
symmetric_moderate,6,2.0,hard_core,0.07552060720956856,1.4729774290006061,0.6960160407896195,0.05812645641021925,3.5289975777299327e-14,0.0027526011606089362,0.010455824993471197,-0.0040313229706643305,0.5,0.01,0.5,j2_a_then_b,geometric
symmetric_moderate,6,2.0,adaptive_soft,0.07552060720956856,1.46479397954123,0.693910398608471,0.036885628362223304,0.023406430807500034,0.001244575231279049,0.0022723755340949836,-0.012214772430040544,0.5,0.01,0.5,j2_a_then_b,geometric
symmetric_moderate,6,2.0,selective_core,0.07552060720956856,1.4647763908912346,0.6939045114442408,0.03681864676168384,0.023599220151899778,0.0012445036842950335,0.0022547868840996355,-0.012232361080035892,0.5,0.01,0.5,j2_a_then_b,geometric
symmetric_moderate,7,2.0,j1,0.07524434244570484,1.5140762692954755,0.6939696560501947,0.053191031823771356,0.025664142965249544,0.0024979649192990207,0.015084235586123373,0.0,0.5,0.1,0.5,j1_b_then_a,arithmetic
symmetric_moderate,7,2.0,j2,0.07524434244570484,1.498992033709352,0.6904180914341498,0.052057213458598574,0.02313787456904069,0.0024979649192990207,0.0,-0.015084235586123373,0.5,0.1,0.5,j1_b_then_a,arithmetic
symmetric_moderate,7,2.0,selected_order,0.07524434244570484,1.5140762692954755,0.6939696560501947,0.053191031823771356,0.025664142965249544,0.0024979649192990207,0.015084235586123373,0.0,0.5,0.1,0.5,j1_b_then_a,arithmetic
symmetric_moderate,7,2.0,independent,0.07524434244570484,1.6309550900992213,0.719805968323807,0.21127358297434123,4.28505497686478e-17,0.043674180526868965,0.13196305638986927,0.1168788208037459,0.5,0.1,0.5,j1_b_then_a,arithmetic
symmetric_moderate,7,2.0,arithmetic,0.07524434244570484,1.5017795711363457,0.6903673038609252,0.03713438374345593,0.024401008767145092,0.0012554839635556462,0.0027875374269936692,-0.012296698159129704,0.5,0.1,0.5,j1_b_then_a,arithmetic
symmetric_moderate,7,2.0,geometric,0.07524434244570484,1.501500924237664,0.6902572932388172,0.03709691047230686,0.024426930993890032,0.0012556279803666482,0.0025088905283119356,-0.012575345057811438,0.5,0.1,0.5,j1_b_then_a,arithmetic
symmetric_moderate,7,2.0,weighted_geometric,0.07524434244570484,1.501500924237664,0.6902572932388172,0.03709691047230686,0.024426930993890032,0.0012556279803666482,0.0025088905283119356,-0.012575345057811438,0.5,0.1,0.5,j1_b_then_a,arithmetic
symmetric_moderate,7,2.0,hard_core,0.07524434244570484,1.5144264308594562,0.6944275451230172,0.06026488998168076,2.8188704632493585e-14,0.0031761824707355873,0.015434397150104084,0.00035016156398071097,0.5,0.1,0.5,j1_b_then_a,arithmetic
symmetric_moderate,7,2.0,adaptive_soft,0.07524434244570484,1.5017727856706602,0.6904003531840106,0.03776339486234889,0.022776562746671197,0.001262652687516844,0.0027807519613081144,-0.012303483624815259,0.5,0.1,0.5,j1_b_then_a,arithmetic
symmetric_moderate,7,2.0,selective_core,0.07524434244570484,1.5017795711363457,0.6903673038609252,0.03713438374345593,0.024401008767145092,0.0012554839635556462,0.0027875374269936692,-0.012296698159129704,0.5,0.1,0.5,j1_b_then_a,arithmetic
symmetric_moderate,8,2.0,j1,0.0751945111407428,1.5072456232759643,0.7082990459163598,0.05311670093717297,0.02662989269040967,0.0024629017956290626,0.0,0.0,0.5,0.01,0.5,j1_b_then_a,geometric
symmetric_moderate,8,2.0,j2,0.0751945111407428,1.5105040467231168,0.7088752556574898,0.054554952092065234,0.025686858230492653,0.0024629017956290626,0.0032584234471524365,0.0032584234471524365,0.5,0.01,0.5,j1_b_then_a,geometric
symmetric_moderate,8,2.0,selected_order,0.0751945111407428,1.5072456232759643,0.7082990459163598,0.05311670093717297,0.02662989269040967,0.0024629017956290626,0.0,0.0,0.5,0.01,0.5,j1_b_then_a,geometric
symmetric_moderate,8,2.0,independent,0.0751945111407428,1.8029871227055145,0.7678125313188962,0.30964676133188174,4.014898392315936e-17,0.08071953762635471,0.2957414994295502,0.2957414994295502,0.5,0.01,0.5,j1_b_then_a,geometric
symmetric_moderate,8,2.0,arithmetic,0.0751945111407428,1.5035602320730652,0.7067038317524987,0.03878775190174722,0.026158375460451137,0.0012377494149209967,-0.0036853912028991243,-0.0036853912028991243,0.5,0.01,0.5,j1_b_then_a,geometric
symmetric_moderate,8,2.0,geometric,0.0751945111407428,1.5039128486412063,0.706820376845251,0.03887543411476942,0.026150648786795266,0.0012378946219472442,-0.0033327746347580067,-0.0033327746347580067,0.5,0.01,0.5,j1_b_then_a,geometric
symmetric_moderate,8,2.0,weighted_geometric,0.0751945111407428,1.5039128486412063,0.706820376845251,0.03887543411476942,0.026150648786795266,0.0012378946219472442,-0.0033327746347580067,-0.0033327746347580067,0.5,0.01,0.5,j1_b_then_a,geometric
symmetric_moderate,8,2.0,hard_core,0.0751945111407428,1.511742214682957,0.7090049083083588,0.06720329859364031,9.037044138189566e-14,0.004188822752404025,0.004496591406992767,0.004496591406992767,0.5,0.01,0.5,j1_b_then_a,geometric
symmetric_moderate,8,2.0,adaptive_soft,0.0751945111407428,1.5039242925661043,0.7068316947728233,0.03895349159829274,0.026004345446961424,0.001237967977452194,-0.003321330709860071,-0.003321330709860071,0.5,0.01,0.5,j1_b_then_a,geometric
symmetric_moderate,8,2.0,selective_core,0.0751945111407428,1.5039128486412063,0.706820376845251,0.03887543411476942,0.026150648786795266,0.0012378946219472442,-0.0033327746347580067,-0.0033327746347580067,0.5,0.01,0.5,j1_b_then_a,geometric
symmetric_moderate,9,2.0,j1,0.07028329654315241,1.403870303398374,0.6568103370217927,0.05085334556438889,0.02399159121354755,0.002256438746238926,0.0,0.0,0.5,0.01,0.5,j1_b_then_a,arithmetic
symmetric_moderate,9,2.0,j2,0.07028329654315241,1.4096209374844406,0.6592230567570987,0.05002697494173839,0.02106499484014224,0.002256438746238926,0.005750634086066686,0.005750634086066686,0.5,0.01,0.5,j1_b_then_a,arithmetic
symmetric_moderate,9,2.0,selected_order,0.07028329654315241,1.403870303398374,0.6568103370217927,0.05085334556438889,0.02399159121354755,0.002256438746238926,0.0,0.0,0.5,0.01,0.5,j1_b_then_a,arithmetic
symmetric_moderate,9,2.0,independent,0.07028329654315241,1.5147362925203902,0.6857716226299005,0.1761274586268629,4.6798685955797394e-17,0.03514458186850372,0.11086598912201628,0.11086598912201628,0.5,0.01,0.5,j1_b_then_a,arithmetic
symmetric_moderate,9,2.0,arithmetic,0.07028329654315241,1.4023655025877628,0.6562490513008058,0.03616221119634814,0.02252829302684487,0.0011337625492569047,-0.0015048008106111066,-0.0015048008106111066,0.5,0.01,0.5,j1_b_then_a,arithmetic
symmetric_moderate,9,2.0,geometric,0.07028329654315241,1.4022008986771088,0.6562009479280042,0.03624710537447644,0.022482290355910713,0.0011338728698150077,-0.0016694047212650887,-0.0016694047212650887,0.5,0.01,0.5,j1_b_then_a,arithmetic
symmetric_moderate,9,2.0,weighted_geometric,0.07028329654315241,1.4022008986771088,0.6562009479280042,0.03624710537447644,0.022482290355910713,0.0011338728698150077,-0.0016694047212650887,-0.0016694047212650887,0.5,0.01,0.5,j1_b_then_a,arithmetic
symmetric_moderate,9,2.0,hard_core,0.07028329654315241,1.4213345088509026,0.6616220787404609,0.0571071676471186,8.73636272581914e-14,0.002842655759839301,0.01746420545252869,0.01746420545252869,0.5,0.01,0.5,j1_b_then_a,arithmetic
symmetric_moderate,9,2.0,adaptive_soft,0.07028329654315241,1.4022817066492552,0.6562277793249648,0.036302636548837364,0.022312747529678986,0.0011339785374936834,-0.0015885967491187092,-0.0015885967491187092,0.5,0.01,0.5,j1_b_then_a,arithmetic
symmetric_moderate,9,2.0,selective_core,0.07028329654315241,1.4023655025877628,0.6562490513008058,0.03616221119634814,0.02252829302684487,0.0011337625492569047,-0.0015048008106111066,-0.0015048008106111066,0.5,0.01,0.5,j1_b_then_a,arithmetic
symmetric_moderate,10,2.0,j1,0.06976470076211479,1.3709372303564993,0.6528435000388326,0.049898589635896384,0.023461320308391407,0.0022593001874684753,0.0019688763566942935,0.0,0.5,0.01,0.5,j1_b_then_a,arithmetic
symmetric_moderate,10,2.0,j2,0.06976470076211479,1.368968353999805,0.6536236146689364,0.048118345089203846,0.023968891903522305,0.0022593001874684753,0.0,-0.0019688763566942935,0.5,0.01,0.5,j1_b_then_a,arithmetic
symmetric_moderate,10,2.0,selected_order,0.06976470076211479,1.3709372303564993,0.6528435000388326,0.049898589635896384,0.023461320308391407,0.0022593001874684753,0.0019688763566942935,0.0,0.5,0.01,0.5,j1_b_then_a,arithmetic
symmetric_moderate,10,2.0,independent,0.06976470076211479,1.5996203000461688,0.7033923705233479,0.2269312330628762,4.271358962327446e-17,0.05597030212601162,0.23065194604636385,0.22868306968966956,0.5,0.01,0.5,j1_b_then_a,arithmetic
symmetric_moderate,10,2.0,arithmetic,0.06976470076211479,1.3652330338565588,0.6515049606754268,0.03469522149605246,0.02371510610595683,0.001135583877699995,-0.003735320143246179,-0.005704196499940473,0.5,0.01,0.5,j1_b_then_a,arithmetic
symmetric_moderate,10,2.0,geometric,0.06976470076211479,1.3654016776583158,0.6515600227848233,0.03475735277909057,0.023706911579895847,0.0011357241531575683,-0.0035666763414892166,-0.00553555269818351,0.5,0.01,0.5,j1_b_then_a,arithmetic
symmetric_moderate,10,2.0,weighted_geometric,0.06976470076211479,1.3654016776583158,0.6515600227848233,0.03475735277909057,0.023706911579895847,0.0011357241531575683,-0.0035666763414892166,-0.00553555269818351,0.5,0.01,0.5,j1_b_then_a,arithmetic
symmetric_moderate,10,2.0,hard_core,0.06976470076211479,1.3788003641960167,0.6548098725620768,0.05839706000996929,2.8766980695121524e-14,0.003667829785884742,0.009832010196211716,0.007863133839517422,0.5,0.01,0.5,j1_b_then_a,arithmetic
symmetric_moderate,10,2.0,adaptive_soft,0.06976470076211479,1.3654379737911164,0.651573010758997,0.03482304985359497,0.023556704915217094,0.0011358029378289393,-0.003530380208688566,-0.0054992565653828596,0.5,0.01,0.5,j1_b_then_a,arithmetic
symmetric_moderate,10,2.0,selective_core,0.06976470076211479,1.3652330338565588,0.6515049606754268,0.03469522149605246,0.02371510610595683,0.001135583877699995,-0.003735320143246179,-0.005704196499940473,0.5,0.01,0.5,j1_b_then_a,arithmetic
symmetric_moderate,11,2.0,j1,0.06928248377091734,1.3871260844445223,0.6481211336932963,0.0480774800422473,0.02367292873994671,0.0022413520761871285,0.0,0.0,1.0,0.3,1.0,j1_b_then_a,j1_b_then_a
symmetric_moderate,11,2.0,j2,0.06928248377091734,1.390245501021865,0.6492367897265953,0.048795850830268536,0.016896446134041766,0.0022413520761871285,0.003119416577342715,0.003119416577342715,1.0,0.3,1.0,j1_b_then_a,j1_b_then_a
symmetric_moderate,11,2.0,selected_order,0.06928248377091734,1.3871260844445223,0.6481211336932963,0.0480774800422473,0.02367292873994671,0.0022413520761871285,0.0,0.0,1.0,0.3,1.0,j1_b_then_a,j1_b_then_a
symmetric_moderate,11,2.0,independent,0.06928248377091734,1.4221802181393723,0.6558569755703316,0.10056855511661066,4.363861143508131e-17,0.012764562720510821,0.03505413369485,0.03505413369485,1.0,0.3,1.0,j1_b_then_a,j1_b_then_a
symmetric_moderate,11,2.0,arithmetic,0.06928248377091734,1.38394551255188,0.6469648555091585,0.033700028712178434,0.020284687436994218,0.0011264107868158603,-0.0031805718926423143,-0.0031805718926423143,1.0,0.3,1.0,j1_b_then_a,j1_b_then_a
symmetric_moderate,11,2.0,geometric,0.06928248377091734,1.3841710984748978,0.6469065054505393,0.033701377360671074,0.020292056820954776,0.0011265356175822567,-0.002954985969624513,-0.002954985969624513,1.0,0.3,1.0,j1_b_then_a,j1_b_then_a
symmetric_moderate,11,2.0,weighted_geometric,0.06928248377091734,1.3871260844445223,0.6481211336932963,0.0480774800422473,0.02367292873994672,0.0022413520761871268,0.0,0.0,1.0,0.3,1.0,j1_b_then_a,j1_b_then_a
symmetric_moderate,11,2.0,hard_core,0.06928248377091734,1.3892474666679757,0.6495924298816601,0.051520159232262615,1.870393250363033e-14,0.00221111402478329,0.002121382223453372,0.002121382223453372,1.0,0.3,1.0,j1_b_then_a,j1_b_then_a
symmetric_moderate,11,2.0,adaptive_soft,0.06928248377091734,1.3862687783713805,0.6476645785684115,0.0440048540944885,0.018985065128644042,0.0018508518725170496,-0.000857306073141828,-0.000857306073141828,1.0,0.3,1.0,j1_b_then_a,j1_b_then_a
symmetric_moderate,11,2.0,selective_core,0.06928248377091734,1.3871260844445223,0.6481211336932963,0.0480774800422473,0.02367292873994671,0.0022413520761871285,0.0,0.0,1.0,0.3,1.0,j1_b_then_a,j1_b_then_a
symmetric_moderate,12,2.0,j1,0.07736057962262202,1.531796962694395,0.707472273936173,0.05411530611817169,0.02573920559703992,0.002581759801925772,0.00019930069209839196,0.00019930069209839196,0.25,0.01,0.25,j2_a_then_b,arithmetic
symmetric_moderate,12,2.0,j2,0.07736057962262202,1.5315976620022966,0.7042172540465308,0.05399295494102724,0.02533544894114787,0.002581759801925772,0.0,0.0,0.25,0.01,0.25,j2_a_then_b,arithmetic
symmetric_moderate,12,2.0,selected_order,0.07736057962262202,1.5315976620022966,0.7042172540465308,0.05399295494102724,0.02533544894114787,0.002581759801925772,0.0,0.0,0.25,0.01,0.25,j2_a_then_b,arithmetic
symmetric_moderate,12,2.0,independent,0.07736057962262202,1.7304143703679504,0.7491722413993616,0.25093388819596146,4.417908367696649e-17,0.05870325028955958,0.1988167083656538,0.1988167083656538,0.25,0.01,0.25,j2_a_then_b,arithmetic
symmetric_moderate,12,2.0,arithmetic,0.07736057962262202,1.5265572218995072,0.7039604657574194,0.03825607249343102,0.025537327269093864,0.0012977771438567407,-0.0050404401027894785,-0.0050404401027894785,0.25,0.01,0.25,j2_a_then_b,arithmetic
symmetric_moderate,12,2.0,geometric,0.07736057962262202,1.5264945044257214,0.7039134267056637,0.038203352795724524,0.025549682587644385,0.0012979431725031981,-0.005103157576575201,-0.005103157576575201,0.25,0.01,0.25,j2_a_then_b,arithmetic
symmetric_moderate,12,2.0,weighted_geometric,0.07736057962262202,1.5277463411170735,0.7035811097086605,0.0426091575079722,0.02544669386184762,0.001619703229455712,-0.0038513208852231084,-0.0038513208852231084,0.25,0.01,0.25,j2_a_then_b,arithmetic
symmetric_moderate,12,2.0,hard_core,0.07736057962262202,1.5402400163163295,0.7065425427962189,0.06311804753321133,2.6289894313445435e-14,0.003727672334376748,0.008642354314032819,0.008642354314032819,0.25,0.01,0.25,j2_a_then_b,arithmetic
symmetric_moderate,12,2.0,adaptive_soft,0.07736057962262202,1.527747917342743,0.7035890282573204,0.042583587028637244,0.025277221612172617,0.0016139894179975599,-0.0038497446595535667,-0.0038497446595535667,0.25,0.01,0.25,j2_a_then_b,arithmetic
symmetric_moderate,12,2.0,selective_core,0.07736057962262202,1.5265572218995072,0.7039604657574194,0.03825607249343102,0.025537327269093864,0.0012977771438567407,-0.0050404401027894785,-0.0050404401027894785,0.25,0.01,0.25,j2_a_then_b,arithmetic
symmetric_moderate,13,2.0,j1,0.07107813233557159,1.4572208550120935,0.6817193040094519,0.05180772759981689,0.02443134269516934,0.0023074132537059776,0.0021415828496642586,0.0,1.0,0.01,1.0,j1_b_then_a,j1_b_then_a
symmetric_moderate,13,2.0,j2,0.07107813233557159,1.4550792721624293,0.6800653063418362,0.050396105919536624,0.02397075611867618,0.0023074132537059776,0.0,-0.0021415828496642586,1.0,0.01,1.0,j1_b_then_a,j1_b_then_a
symmetric_moderate,13,2.0,selected_order,0.07107813233557159,1.4572208550120935,0.6817193040094519,0.05180772759981689,0.02443134269516934,0.0023074132537059776,0.0021415828496642586,0.0,1.0,0.01,1.0,j1_b_then_a,j1_b_then_a
symmetric_moderate,13,2.0,independent,0.07107813233557159,1.6484183654027103,0.7228093279667285,0.25002117480787545,3.9219333076295773e-17,0.0621697395525689,0.19333909324028098,0.19119751039061672,1.0,0.01,1.0,j1_b_then_a,j1_b_then_a
symmetric_moderate,13,2.0,arithmetic,0.07107813233557159,1.4516550730043292,0.6791398699414326,0.03622265846700981,0.024201049406922734,0.0011596162655779926,-0.0034241991581001052,-0.005565782007764364,1.0,0.01,1.0,j1_b_then_a,j1_b_then_a
symmetric_moderate,13,2.0,geometric,0.07107813233557159,1.4515024282499986,0.6791217377989637,0.03615104395970887,0.02422037239304552,0.001159742286025823,-0.0035768439124306273,-0.005718426762094886,1.0,0.01,1.0,j1_b_then_a,j1_b_then_a
symmetric_moderate,13,2.0,weighted_geometric,0.07107813233557159,1.4572208550120935,0.681719304009452,0.05180772759981688,0.024431342695169344,0.0023074132537059763,0.0021415828496642586,0.0,1.0,0.01,1.0,j1_b_then_a,j1_b_then_a
symmetric_moderate,13,2.0,hard_core,0.07107813233557159,1.4656994622690627,0.6817786377957487,0.060747181455814606,2.545285005981987e-14,0.0038421863601358634,0.010620190106633398,0.00847860725696914,1.0,0.01,1.0,j1_b_then_a,j1_b_then_a
symmetric_moderate,13,2.0,adaptive_soft,0.07107813233557159,1.4571245663803938,0.6816647024459268,0.05156468495011874,0.024313177954807946,0.0022848336594895892,0.0020452942179645106,-9.6288631699748e-05,1.0,0.01,1.0,j1_b_then_a,j1_b_then_a
symmetric_moderate,13,2.0,selective_core,0.07107813233557159,1.4572208550120935,0.6817193040094519,0.05180772759981689,0.02443134269516934,0.0023074132537059776,0.0021415828496642586,0.0,1.0,0.01,1.0,j1_b_then_a,j1_b_then_a
symmetric_moderate,14,2.0,j1,0.07058219791815837,1.416255549844914,0.6650628763809057,0.050742549860586336,0.02429128140095137,0.002295830542489183,0.0,0.0,0.5,0.01,0.5,j1_b_then_a,geometric
symmetric_moderate,14,2.0,j2,0.07058219791815837,1.4200568722853368,0.6644894876901112,0.0497795408892886,0.017890819371813985,0.002295830542489183,0.0038013224404227497,0.0038013224404227497,0.5,0.01,0.5,j1_b_then_a,geometric
symmetric_moderate,14,2.0,selected_order,0.07058219791815837,1.416255549844914,0.6650628763809057,0.050742549860586336,0.02429128140095137,0.002295830542489183,0.0,0.0,0.5,0.01,0.5,j1_b_then_a,geometric
symmetric_moderate,14,2.0,independent,0.07058219791815837,1.463947633103537,0.6727656781454008,0.12209187907245722,3.8464186263159616e-17,0.017274917116334623,0.04769208325862295,0.04769208325862295,0.5,0.01,0.5,j1_b_then_a,geometric
symmetric_moderate,14,2.0,arithmetic,0.07058219791815837,1.4132473949022408,0.6630751346184791,0.03575511578441893,0.021091050386382655,0.0011538331727808122,-0.003008154942673258,-0.003008154942673258,0.5,0.01,0.5,j1_b_then_a,geometric
symmetric_moderate,14,2.0,geometric,0.07058219791815837,1.4135317833625136,0.6631931085469198,0.03575481948306194,0.021071032749435573,0.0011539659209847729,-0.0027237664824004693,-0.0027237664824004693,0.5,0.01,0.5,j1_b_then_a,geometric
symmetric_moderate,14,2.0,weighted_geometric,0.07058219791815837,1.4135317833625136,0.6631931085469198,0.03575481948306194,0.021071032749435573,0.0011539659209847729,-0.0027237664824004693,-0.0027237664824004693,0.5,0.01,0.5,j1_b_then_a,geometric
symmetric_moderate,14,2.0,hard_core,0.07058219791815837,1.4139369526272516,0.6626423623504385,0.05377661306879398,3.950840822981297e-14,0.00232137785170998,-0.002318597217662477,-0.002318597217662477,0.5,0.01,0.5,j1_b_then_a,geometric
symmetric_moderate,14,2.0,adaptive_soft,0.07058219791815837,1.413504222017966,0.663175696383636,0.03580761480332382,0.020883569645839015,0.0011540749505371977,-0.00275132782694798,-0.00275132782694798,0.5,0.01,0.5,j1_b_then_a,geometric
symmetric_moderate,14,2.0,selective_core,0.07058219791815837,1.4135317833625136,0.6631931085469198,0.03575481948306194,0.021071032749435573,0.0011539659209847729,-0.0027237664824004693,-0.0027237664824004693,0.5,0.01,0.5,j1_b_then_a,geometric
symmetric_moderate,15,2.0,j1,0.06847417214895793,1.3966033204904618,0.6536164372752431,0.049381237851810894,0.023311835681959533,0.0021665916692661475,0.007818720007629176,0.007818720007629176,0.5,0.01,0.5,j2_a_then_b,arithmetic
symmetric_moderate,15,2.0,j2,0.06847417214895793,1.3887846004828326,0.6505105040462053,0.04904852355630284,0.021480579138069646,0.0021665916692661475,0.0,0.0,0.5,0.01,0.5,j2_a_then_b,arithmetic
symmetric_moderate,15,2.0,selected_order,0.06847417214895793,1.3887846004828326,0.6505105040462053,0.04904852355630284,0.021480579138069646,0.0021665916692661475,0.0,0.0,0.5,0.01,0.5,j2_a_then_b,arithmetic
symmetric_moderate,15,2.0,independent,0.06847417214895793,1.6020692416658444,0.693137996414561,0.20608806281528905,3.9356416888479406e-17,0.051766940941691375,0.21328464118301182,0.21328464118301182,0.5,0.01,0.5,j2_a_then_b,arithmetic
symmetric_moderate,15,2.0,arithmetic,0.06847417214895793,1.388527886724716,0.6504183285600709,0.03569739763914447,0.02239620741001457,0.001088651253513071,-0.00025671375811664454,-0.00025671375811664454,0.5,0.01,0.5,j2_a_then_b,arithmetic
symmetric_moderate,15,2.0,geometric,0.06847417214895793,1.388331118440673,0.6503855731787136,0.0356734860586336,0.022376698859601057,0.0010887718729732693,-0.0004534820421595587,-0.0004534820421595587,0.5,0.01,0.5,j2_a_then_b,arithmetic
symmetric_moderate,15,2.0,weighted_geometric,0.06847417214895793,1.388331118440673,0.6503855731787136,0.0356734860586336,0.022376698859601057,0.0010887718729732693,-0.0004534820421595587,-0.0004534820421595587,0.5,0.01,0.5,j2_a_then_b,arithmetic
symmetric_moderate,15,2.0,hard_core,0.06847417214895793,1.3988316727806176,0.6533293256103428,0.0563902666950527,1.5227802051547174e-13,0.0032639395166271963,0.010047072297785009,0.010047072297785009,0.5,0.01,0.5,j2_a_then_b,arithmetic
symmetric_moderate,15,2.0,adaptive_soft,0.06847417214895793,1.3883437379313137,0.6503910596350395,0.03572656151059619,0.022221768521385556,0.0010888497251324146,-0.00044086255151887244,-0.00044086255151887244,0.5,0.01,0.5,j2_a_then_b,arithmetic
symmetric_moderate,15,2.0,selective_core,0.06847417214895793,1.388527886724716,0.6504183285600709,0.03569739763914447,0.02239620741001457,0.001088651253513071,-0.00025671375811664454,-0.00025671375811664454,0.5,0.01,0.5,j2_a_then_b,arithmetic
symmetric_moderate,16,2.0,j1,0.07786413905885192,1.563637462732088,0.7301502149010705,0.056226529415365455,0.02528378664068202,0.002637812701391814,0.0016129093974539543,0.0016129093974539543,0.25,0.01,0.25,j2_a_then_b,geometric
symmetric_moderate,16,2.0,j2,0.07786413905885192,1.562024553334634,0.7291624210482502,0.05408623361003062,0.02622030714925043,0.002637812701391814,0.0,0.0,0.25,0.01,0.25,j2_a_then_b,geometric
symmetric_moderate,16,2.0,selected_order,0.07786413905885192,1.562024553334634,0.7291624210482502,0.05408623361003062,0.02622030714925043,0.002637812701391814,0.0,0.0,0.25,0.01,0.25,j2_a_then_b,geometric
symmetric_moderate,16,2.0,independent,0.07786413905885192,1.7858929352181818,0.771959425177288,0.22830343319846855,4.297393197587665e-17,0.05955858865157027,0.22386838188354785,0.22386838188354785,0.25,0.01,0.25,j2_a_then_b,geometric
symmetric_moderate,16,2.0,arithmetic,0.07786413905885192,1.5573139309374153,0.7277385884057526,0.03892490412111148,0.0257520468949662,0.0013258353185850022,-0.0047106223972186445,-0.0047106223972186445,0.25,0.01,0.25,j2_a_then_b,geometric
symmetric_moderate,16,2.0,geometric,0.07786413905885192,1.557515217033082,0.7278365475597902,0.03891824172025193,0.025744342512675503,0.0013259873986614602,-0.004509336301552036,-0.004509336301552036,0.25,0.01,0.25,j2_a_then_b,geometric
symmetric_moderate,16,2.0,weighted_geometric,0.07786413905885192,1.5584388083090805,0.7280410886525275,0.042827475679813216,0.025981186851429316,0.0016536244744815955,-0.0035857450255534218,-0.0035857450255534218,0.25,0.01,0.25,j2_a_then_b,geometric
symmetric_moderate,16,2.0,hard_core,0.07786413905885192,1.5639671253863712,0.7298552771122713,0.06631740271160652,2.364505923821208e-14,0.004015637008904406,0.0019425720517372014,0.0019425720517372014,0.25,0.01,0.25,j2_a_then_b,geometric
symmetric_moderate,16,2.0,adaptive_soft,0.07786413905885192,1.5584187214363399,0.7280338452429909,0.04281871758090114,0.025804188513314,0.001647283755792017,-0.0036058318982941095,-0.0036058318982941095,0.25,0.01,0.25,j2_a_then_b,geometric
symmetric_moderate,16,2.0,selective_core,0.07786413905885192,1.5584388083090805,0.7280410886525275,0.042827475679813216,0.025981186851429316,0.0016536244744815955,-0.0035857450255534218,-0.0035857450255534218,0.25,0.01,0.25,j2_a_then_b,geometric
symmetric_moderate,17,2.0,j1,0.07418911435160178,1.4432119089484663,0.673572752442243,0.0520177565398038,0.02529499230171296,0.0024655074402708515,0.0,0.0,0.5,0.01,0.5,j1_b_then_a,geometric
symmetric_moderate,17,2.0,j2,0.07418911435160178,1.4473929308628084,0.6753752354445437,0.05245395669554859,0.026785580306300877,0.0024655074402708515,0.004181021914342109,0.004181021914342109,0.5,0.01,0.5,j1_b_then_a,geometric
symmetric_moderate,17,2.0,selected_order,0.07418911435160178,1.4432119089484663,0.673572752442243,0.0520177565398038,0.02529499230171296,0.0024655074402708515,0.0,0.0,0.5,0.01,0.5,j1_b_then_a,geometric
symmetric_moderate,17,2.0,independent,0.07418911435160178,1.758733071453187,0.7452883463555646,0.3100398270132097,3.902068013324211e-17,0.08267611200259897,0.31552116250472073,0.31552116250472073,0.5,0.01,0.5,j1_b_then_a,geometric
symmetric_moderate,17,2.0,arithmetic,0.07418911435160178,1.4404507066664642,0.6726403442802787,0.03697593839669547,0.0260402863040069,0.00123935064921162,-0.002761202282002051,-0.002761202282002051,0.5,0.01,0.5,j1_b_then_a,geometric
symmetric_moderate,17,2.0,geometric,0.07418911435160178,1.4403346062987257,0.6725424983097746,0.0369051772177388,0.026099322643364502,0.0012395021750636307,-0.0028773026497406207,-0.0028773026497406207,0.5,0.01,0.5,j1_b_then_a,geometric
symmetric_moderate,17,2.0,weighted_geometric,0.07418911435160178,1.4403346062987257,0.6725424983097746,0.0369051772177388,0.026099322643364502,0.0012395021750636307,-0.0028773026497406207,-0.0028773026497406207,0.5,0.01,0.5,j1_b_then_a,geometric
symmetric_moderate,17,2.0,hard_core,0.07418911435160178,1.4515454573631774,0.674777546284752,0.06449226212697469,7.773506865331805e-14,0.004473565856184458,0.008333548414711123,0.008333548414711123,0.5,0.01,0.5,j1_b_then_a,geometric
symmetric_moderate,17,2.0,adaptive_soft,0.07418911435160178,1.4403275213205238,0.6725392484433578,0.03697324805812726,0.025956560319741542,0.0012395406546334665,-0.0028843876279425196,-0.0028843876279425196,0.5,0.01,0.5,j1_b_then_a,geometric
symmetric_moderate,17,2.0,selective_core,0.07418911435160178,1.4403346062987257,0.6725424983097746,0.0369051772177388,0.026099322643364502,0.0012395021750636307,-0.0028773026497406207,-0.0028773026497406207,0.5,0.01,0.5,j1_b_then_a,geometric
symmetric_moderate,18,2.0,j1,0.07122259739589097,1.4016361965719502,0.6552400022367285,0.05101726255052023,0.026027425356493838,0.0023139924862984928,0.0,-0.00023784082157085606,0.5,0.01,0.5,j2_a_then_b,geometric
symmetric_moderate,18,2.0,j2,0.07122259739589097,1.401874037393521,0.6547791130307979,0.050376327298029294,0.020882596092097902,0.0023139924862984928,0.00023784082157085606,0.0,0.5,0.01,0.5,j2_a_then_b,geometric
symmetric_moderate,18,2.0,selected_order,0.07122259739589097,1.401874037393521,0.6547791130307979,0.050376327298029294,0.020882596092097902,0.0023139924862984928,0.00023784082157085606,0.0,0.5,0.01,0.5,j2_a_then_b,geometric
symmetric_moderate,18,2.0,independent,0.07122259739589097,1.6064680322731342,0.7009559954792807,0.2287755056549658,3.774026447259104e-17,0.05326580861089776,0.20483183570118402,0.20459399487961316,0.5,0.01,0.5,j2_a_then_b,geometric
symmetric_moderate,18,2.0,arithmetic,0.07122259739589097,1.3976706918541624,0.6533193477042423,0.03621221394029715,0.02345501072429585,0.0011629599563271107,-0.003965504717787782,-0.004203345539358638,0.5,0.01,0.5,j2_a_then_b,geometric
symmetric_moderate,18,2.0,geometric,0.07122259739589097,1.3970938755229267,0.6531511381545654,0.0361292639063424,0.023427064529446887,0.0011630901113662735,-0.004542321049023412,-0.004780161870594268,0.5,0.01,0.5,j2_a_then_b,geometric
symmetric_moderate,18,2.0,weighted_geometric,0.07122259739589097,1.3970938755229267,0.6531511381545654,0.0361292639063424,0.023427064529446887,0.0011630901113662735,-0.004542321049023412,-0.004780161870594268,0.5,0.01,0.5,j2_a_then_b,geometric
symmetric_moderate,18,2.0,hard_core,0.07122259739589097,1.4070956497814855,0.6549953493363327,0.06020113447050336,7.589466087651233e-14,0.0034151862667648886,0.0054594532095353365,0.0052216123879644805,0.5,0.01,0.5,j2_a_then_b,geometric
symmetric_moderate,18,2.0,adaptive_soft,0.07122259739589097,1.3971039583779503,0.6531462900527903,0.0362066652297985,0.023271338196178028,0.0011631828510716752,-0.004532238193999838,-0.004770079015570694,0.5,0.01,0.5,j2_a_then_b,geometric
symmetric_moderate,18,2.0,selective_core,0.07122259739589097,1.3970938755229267,0.6531511381545654,0.0361292639063424,0.023427064529446887,0.0011630901113662735,-0.004542321049023412,-0.004780161870594268,0.5,0.01,0.5,j2_a_then_b,geometric
symmetric_moderate,19,2.0,j1,0.07025454103268809,1.3661254265687621,0.6454208868509271,0.04870778586465549,0.023703666039275574,0.002275096563183918,0.00035286856861516114,0.0,0.5,0.01,0.5,j1_b_then_a,arithmetic
symmetric_moderate,19,2.0,j2,0.07025454103268809,1.365772558000147,0.6459709826370907,0.05070895055382701,0.022542081056390786,0.002275096563183918,0.0,-0.00035286856861516114,0.5,0.01,0.5,j1_b_then_a,arithmetic
symmetric_moderate,19,2.0,selected_order,0.07025454103268809,1.3661254265687621,0.6454208868509271,0.04870778586465549,0.023703666039275574,0.002275096563183918,0.00035286856861516114,0.0,0.5,0.01,0.5,j1_b_then_a,arithmetic
symmetric_moderate,19,2.0,independent,0.07025454103268809,1.5707004517855634,0.6870314205592827,0.21250984642542523,4.033580392181899e-17,0.05256820648870221,0.20492789378541643,0.20457502521680127,0.5,0.01,0.5,j1_b_then_a,arithmetic
symmetric_moderate,19,2.0,arithmetic,0.07025454103268809,1.3612908889411242,0.6439810655402101,0.035311210756419124,0.023122873547833156,0.0011433549032620089,-0.004481669059022808,-0.004834537627637969,0.5,0.01,0.5,j1_b_then_a,arithmetic
symmetric_moderate,19,2.0,geometric,0.07025454103268809,1.3613662537615905,0.6439466434943508,0.035332507429355335,0.023132612176874023,0.0011434786642545804,-0.00440630423855648,-0.004759172807171641,0.5,0.01,0.5,j1_b_then_a,arithmetic
symmetric_moderate,19,2.0,weighted_geometric,0.07025454103268809,1.3613662537615905,0.6439466434943508,0.035332507429355335,0.023132612176874023,0.0011434786642545804,-0.00440630423855648,-0.004759172807171641,0.5,0.01,0.5,j1_b_then_a,arithmetic
symmetric_moderate,19,2.0,hard_core,0.07025454103268809,1.3795491522509433,0.6492041456029375,0.05908103449544775,6.526705430731558e-14,0.0033909477972443036,0.013776594250796359,0.013423725682181198,0.5,0.01,0.5,j1_b_then_a,arithmetic
symmetric_moderate,19,2.0,adaptive_soft,0.07025454103268809,1.3614320189625004,0.643975021610393,0.03540094469987596,0.02297450607796298,0.0011435476429163406,-0.004340539037646529,-0.00469340760626169,0.5,0.01,0.5,j1_b_then_a,arithmetic
symmetric_moderate,19,2.0,selective_core,0.07025454103268809,1.3612908889411242,0.6439810655402101,0.035311210756419124,0.023122873547833156,0.0011433549032620089,-0.004481669059022808,-0.004834537627637969,0.5,0.01,0.5,j1_b_then_a,arithmetic
symmetric_moderate,20,2.0,j1,0.07857733697187289,1.5892082882864165,0.7300282473930297,0.05676088995254908,0.02621253751677295,0.0026625616963493366,0.0023628460938269757,0.0,0.5,0.01,0.5,j1_b_then_a,geometric
symmetric_moderate,20,2.0,j2,0.07857733697187289,1.5868454421925895,0.7293316113720906,0.05484196716048055,0.023178687259135387,0.0026625616963493366,0.0,-0.0023628460938269757,0.5,0.01,0.5,j1_b_then_a,geometric
symmetric_moderate,20,2.0,selected_order,0.07857733697187289,1.5892082882864165,0.7300282473930297,0.05676088995254908,0.02621253751677295,0.0026625616963493366,0.0023628460938269757,0.0,0.5,0.01,0.5,j1_b_then_a,geometric
symmetric_moderate,20,2.0,independent,0.07857733697187289,1.6538375666225256,0.7436972445846911,0.16726246651108848,3.8043163454529185e-17,0.02681361057830607,0.06699212442993607,0.0646292783361091,0.5,0.01,0.5,j1_b_then_a,geometric
symmetric_moderate,20,2.0,arithmetic,0.07857733697187289,1.5825084579542499,0.7277032194533819,0.03949470283287663,0.024695612387954147,0.0013383697091783335,-0.004336984238339614,-0.00669983033216659,0.5,0.01,0.5,j1_b_then_a,geometric
symmetric_moderate,20,2.0,geometric,0.07857733697187289,1.5826598186069794,0.7276172269915605,0.039451887797205515,0.0247181443638069,0.001338527525226089,-0.004185623585610143,-0.006548469679437119,0.5,0.01,0.5,j1_b_then_a,geometric
symmetric_moderate,20,2.0,weighted_geometric,0.07857733697187289,1.5826598186069794,0.7276172269915605,0.039451887797205515,0.0247181443638069,0.001338527525226089,-0.004185623585610143,-0.006548469679437119,0.5,0.01,0.5,j1_b_then_a,geometric
symmetric_moderate,20,2.0,hard_core,0.07857733697187289,1.5929610391034998,0.7301948741040326,0.061751920384031544,1.6404499991479888e-14,0.0029193666692522865,0.006115596910910348,0.0037527508170833723,0.5,0.01,0.5,j1_b_then_a,geometric
symmetric_moderate,20,2.0,adaptive_soft,0.07857733697187289,1.5826849459748116,0.7276233957282406,0.039532436145108395,0.02451575557319537,0.0013386012483333552,-0.00416049621777792,-0.006523342311604896,0.5,0.01,0.5,j1_b_then_a,geometric
symmetric_moderate,20,2.0,selective_core,0.07857733697187289,1.5826598186069794,0.7276172269915605,0.039451887797205515,0.0247181443638069,0.001338527525226089,-0.004185623585610143,-0.006548469679437119,0.5,0.01,0.5,j1_b_then_a,geometric
symmetric_moderate,21,2.0,j1,0.07639561897635928,1.5195787671983128,0.7105865392232898,0.05369513633435584,0.02428919504862715,0.0025719308408474984,0.0011838853124621629,0.0011838853124621629,0.5,0.3,0.5,j2_a_then_b,soft
symmetric_moderate,21,2.0,j2,0.07639561897635928,1.5183948818858506,0.7107224178041236,0.053696810887169724,0.02466904391995351,0.0025719308408474984,0.0,0.0,0.5,0.3,0.5,j2_a_then_b,soft
symmetric_moderate,21,2.0,selected_order,0.07639561897635928,1.5183948818858506,0.7107224178041236,0.053696810887169724,0.02466904391995351,0.0025719308408474984,0.0,0.0,0.5,0.3,0.5,j2_a_then_b,soft
symmetric_moderate,21,2.0,independent,0.07639561897635928,1.6883909472801593,0.7411314905940078,0.20024180474851067,3.7405733892270643e-17,0.04246523492941352,0.16999606539430867,0.16999606539430867,0.5,0.3,0.5,j2_a_then_b,soft
symmetric_moderate,21,2.0,arithmetic,0.07639561897635928,1.5141029475954964,0.7087978282480413,0.03763293413130162,0.02447911948429031,0.0012928835172015703,-0.004291934290354238,-0.004291934290354238,0.5,0.3,0.5,j2_a_then_b,soft
symmetric_moderate,21,2.0,geometric,0.07639561897635928,1.513803303818357,0.7087262643553324,0.03765302039959614,0.024465333758344456,0.0012930436641904856,-0.004591578067493662,-0.004591578067493662,0.5,0.3,0.5,j2_a_then_b,soft
symmetric_moderate,21,2.0,weighted_geometric,0.07639561897635928,1.513803303818357,0.7087262643553324,0.03765302039959614,0.024465333758344456,0.0012930436641904856,-0.004591578067493662,-0.004591578067493662,0.5,0.3,0.5,j2_a_then_b,soft
symmetric_moderate,21,2.0,hard_core,0.07639561897635928,1.522938164074192,0.7114310361453049,0.061517089237486486,3.6553256298546555e-14,0.0031565466769385053,0.004543282188341324,0.004543282188341324,0.5,0.3,0.5,j2_a_then_b,soft
symmetric_moderate,21,2.0,adaptive_soft,0.07639561897635928,1.5142192572563202,0.7089765654131182,0.04010430350851615,0.020050654794954895,0.0013431667387538493,-0.004175624629530361,-0.004175624629530361,0.5,0.3,0.5,j2_a_then_b,soft
symmetric_moderate,21,2.0,selective_core,0.07639561897635928,1.5142192572563202,0.7089765654131182,0.04010430350851615,0.020050654794954895,0.0013431667387538493,-0.004175624629530361,-0.004175624629530361,0.5,0.3,0.5,j2_a_then_b,soft
symmetric_moderate,22,2.0,j1,0.0679768574116435,1.4011620400646707,0.6582361074027763,0.050114870680109974,0.023841651633832363,0.0022081367635557875,0.008915547462234885,0.008915547462234885,0.25,0.01,0.25,j2_a_then_b,geometric
symmetric_moderate,22,2.0,j2,0.0679768574116435,1.3922464926024358,0.6502746236888347,0.04823075168254168,0.02212903752030121,0.0022081367635557875,0.0,0.0,0.25,0.01,0.25,j2_a_then_b,geometric
symmetric_moderate,22,2.0,selected_order,0.0679768574116435,1.3922464926024358,0.6502746236888347,0.04823075168254168,0.02212903752030121,0.0022081367635557875,0.0,0.0,0.25,0.01,0.25,j2_a_then_b,geometric
symmetric_moderate,22,2.0,independent,0.0679768574116435,1.6205711513281644,0.7054983988918232,0.23337778354531238,4.0004580052245553e-17,0.05752640367313397,0.2283246587257286,0.2283246587257286,0.25,0.01,0.25,j2_a_then_b,geometric
symmetric_moderate,22,2.0,arithmetic,0.0679768574116435,1.3919218284863624,0.6526361279996973,0.035457180365793095,0.02298534457706676,0.0011098930127452975,-0.0003246641160734587,-0.0003246641160734587,0.25,0.01,0.25,j2_a_then_b,geometric
symmetric_moderate,22,2.0,geometric,0.0679768574116435,1.392255814215142,0.6527796450950089,0.03542155577381614,0.02295571469985024,0.0011100244566272473,9.321612706170157e-06,9.321612706170157e-06,0.25,0.01,0.25,j2_a_then_b,geometric
symmetric_moderate,22,2.0,weighted_geometric,0.0679768574116435,1.391140288853673,0.6511517958072182,0.03873805582160739,0.022532875252410316,0.0013853820219945998,-0.0011062037487628018,-0.0011062037487628018,0.25,0.01,0.25,j2_a_then_b,geometric
symmetric_moderate,22,2.0,hard_core,0.0679768574116435,1.4051236722106983,0.6551222360416179,0.05855339227623199,1.0847323119079913e-13,0.0034130873505925116,0.012877179608262512,0.012877179608262512,0.25,0.01,0.25,j2_a_then_b,geometric
symmetric_moderate,22,2.0,adaptive_soft,0.0679768574116435,1.3911596251028668,0.6511726788329766,0.038741635766518887,0.022386191458150555,0.001381041985660838,-0.0010868674995689886,-0.0010868674995689886,0.25,0.01,0.25,j2_a_then_b,geometric
symmetric_moderate,22,2.0,selective_core,0.0679768574116435,1.391140288853673,0.6511517958072182,0.03873805582160739,0.022532875252410316,0.0013853820219945998,-0.0011062037487628018,-0.0011062037487628018,0.25,0.01,0.25,j2_a_then_b,geometric
symmetric_moderate,23,2.0,j1,0.069942595077906,1.3501228331681692,0.6323994805613409,0.04942792128095807,0.023758587801309197,0.0023031234691619894,0.0,0.0,0.5,0.03,0.5,j1_b_then_a,soft
symmetric_moderate,23,2.0,j2,0.069942595077906,1.3560130967737187,0.6354098896527216,0.04969118600223125,0.02484248346101884,0.0023031234691619894,0.005890263605549562,0.005890263605549562,0.5,0.03,0.5,j1_b_then_a,soft
symmetric_moderate,23,2.0,selected_order,0.069942595077906,1.3501228331681692,0.6323994805613409,0.04942792128095807,0.023758587801309197,0.0023031234691619894,0.0,0.0,0.5,0.03,0.5,j1_b_then_a,soft
symmetric_moderate,23,2.0,independent,0.069942595077906,1.608292920003721,0.6944096001590889,0.266324595685769,4.2282475264110444e-17,0.06444030897406348,0.25817008683555187,0.25817008683555187,0.5,0.03,0.5,j1_b_then_a,soft
symmetric_moderate,23,2.0,arithmetic,0.069942595077906,1.3484356300825853,0.6321349279813356,0.03489189557907238,0.024300535631163994,0.0011578268605284185,-0.0016872030855838993,-0.0016872030855838993,0.5,0.03,0.5,j1_b_then_a,soft
symmetric_moderate,23,2.0,geometric,0.069942595077906,1.3484259775486083,0.6321168614628798,0.034900031731294336,0.02428874599339654,0.0011579684440849616,-0.0016968556195608997,-0.0016968556195608997,0.5,0.03,0.5,j1_b_then_a,soft
symmetric_moderate,23,2.0,weighted_geometric,0.069942595077906,1.3484259775486083,0.6321168614628798,0.034900031731294336,0.02428874599339654,0.0011579684440849616,-0.0016968556195608997,-0.0016968556195608997,0.5,0.03,0.5,j1_b_then_a,soft
symmetric_moderate,23,2.0,hard_core,0.069942595077906,1.3588432604383385,0.6335429721822343,0.06039671103745632,6.038153278157404e-14,0.003761781319516811,0.008720427270169306,0.008720427270169306,0.5,0.03,0.5,j1_b_then_a,soft
symmetric_moderate,23,2.0,adaptive_soft,0.069942595077906,1.3484410120841313,0.6320942440308788,0.03509065022693535,0.023874798102955633,0.0011586348159589063,-0.0016818210840379155,-0.0016818210840379155,0.5,0.03,0.5,j1_b_then_a,soft
symmetric_moderate,23,2.0,selective_core,0.069942595077906,1.3484410120841313,0.6320942440308788,0.03509065022693535,0.023874798102955633,0.0011586348159589063,-0.0016818210840379155,-0.0016818210840379155,0.5,0.03,0.5,j1_b_then_a,soft
symmetric_moderate,24,2.0,j1,0.07468874239164078,1.483688820207974,0.6955762339811606,0.05214594903343601,0.024336185669407224,0.0024789256457170873,0.010289318708324169,0.0,0.75,0.01,0.75,j1_b_then_a,geometric
symmetric_moderate,24,2.0,j2,0.07468874239164078,1.47339950149965,0.6914599443930826,0.052294449795493206,0.022118284811097146,0.0024789256457170873,0.0,-0.010289318708324169,0.75,0.01,0.75,j1_b_then_a,geometric
symmetric_moderate,24,2.0,selected_order,0.07468874239164078,1.483688820207974,0.6955762339811606,0.05214594903343601,0.024336185669407224,0.0024789256457170873,0.010289318708324169,0.0,0.75,0.01,0.75,j1_b_then_a,geometric
symmetric_moderate,24,2.0,independent,0.07468874239164078,1.6071527804247754,0.7158365324258543,0.1738722874886834,3.8304429073043877e-17,0.03674554799307692,0.13375327892512545,0.12346396021680128,0.75,0.01,0.75,j1_b_then_a,geometric
symmetric_moderate,24,2.0,arithmetic,0.07468874239164078,1.4736334261429584,0.6916758564532371,0.03674017511093976,0.023227235240252168,0.0012457695070120583,0.00023392464330851404,-0.010055394065015655,0.75,0.01,0.75,j1_b_then_a,geometric
symmetric_moderate,24,2.0,geometric,0.07468874239164078,1.4735492817271825,0.6917134919664994,0.03675071943499168,0.023213970756990904,0.001245898959386747,0.00014978022753253661,-0.010139538480791632,0.75,0.01,0.75,j1_b_then_a,geometric
symmetric_moderate,24,2.0,weighted_geometric,0.07468874239164078,1.4773694294344724,0.6931940437012188,0.041079267342995246,0.023775361174535065,0.0015542693171282545,0.003969927934822426,-0.006319390773501743,0.75,0.01,0.75,j1_b_then_a,geometric
symmetric_moderate,24,2.0,hard_core,0.07468874239164078,1.481043776841291,0.694042872052048,0.059173681957172077,6.793597963643175e-14,0.0029213590342563925,0.007644275341641027,-0.002645043366683142,0.75,0.01,0.75,j1_b_then_a,geometric
symmetric_moderate,24,2.0,adaptive_soft,0.07468874239164078,1.4773499151670832,0.6931825142296189,0.0410655844879668,0.023585267860466053,0.0015484067464511717,0.003950413667433317,-0.006338905040890852,0.75,0.01,0.75,j1_b_then_a,geometric
symmetric_moderate,24,2.0,selective_core,0.07468874239164078,1.4773694294344724,0.6931940437012188,0.041079267342995246,0.023775361174535065,0.0015542693171282545,0.003969927934822426,-0.006319390773501743,0.75,0.01,0.75,j1_b_then_a,geometric
symmetric_moderate,25,2.0,j1,0.07481410105564851,1.5581811877850633,0.7119826397719033,0.05304501365969445,0.024786920091451316,0.00245396477930613,0.0,0.0,0.75,0.01,0.75,j1_b_then_a,geometric
symmetric_moderate,25,2.0,j2,0.07481410105564851,1.5615528673209342,0.7122806673295716,0.05116144755567825,0.02591902274186065,0.00245396477930613,0.0033716795358709195,0.0033716795358709195,0.75,0.01,0.75,j1_b_then_a,geometric
symmetric_moderate,25,2.0,selected_order,0.07481410105564851,1.5581811877850633,0.7119826397719033,0.05304501365969445,0.024786920091451316,0.00245396477930613,0.0,0.0,0.75,0.01,0.75,j1_b_then_a,geometric
symmetric_moderate,25,2.0,independent,0.07481410105564851,1.8181146165441187,0.7666868281999077,0.2752921460702034,3.8486792301972415e-17,0.071180575419872,0.25993342875905534,0.25993342875905534,0.75,0.01,0.75,j1_b_then_a,geometric
symmetric_moderate,25,2.0,arithmetic,0.07481410105564851,1.5548748718518146,0.710369084629699,0.03643413470157363,0.025352971416655958,0.0012331316994031373,-0.0033063159332487047,-0.0033063159332487047,0.75,0.01,0.75,j1_b_then_a,geometric
symmetric_moderate,25,2.0,geometric,0.07481410105564851,1.5549243153353396,0.7103550884361152,0.03638674277262554,0.025332535962791676,0.0012332666940778664,-0.0032568724497237245,-0.0032568724497237245,0.75,0.01,0.75,j1_b_then_a,geometric
symmetric_moderate,25,2.0,weighted_geometric,0.07481410105564851,1.5553207218582543,0.7107290565797437,0.041416678950117886,0.025057087506845658,0.0015401951908123337,-0.002860465926808997,-0.002860465926808997,0.75,0.01,0.75,j1_b_then_a,geometric
symmetric_moderate,25,2.0,hard_core,0.07481410105564851,1.5735680281300628,0.7141295437834174,0.0631575857282458,2.4812239556807475e-14,0.0038849775678001163,0.015386840344999486,0.015386840344999486,0.75,0.01,0.75,j1_b_then_a,geometric
symmetric_moderate,25,2.0,adaptive_soft,0.07481410105564851,1.5553342572135134,0.7107251427932819,0.041389605179446634,0.024902207533064283,0.001534885304428014,-0.0028469305715499438,-0.0028469305715499438,0.75,0.01,0.75,j1_b_then_a,geometric
symmetric_moderate,25,2.0,selective_core,0.07481410105564851,1.5553207218582543,0.7107290565797437,0.041416678950117886,0.025057087506845658,0.0015401951908123337,-0.002860465926808997,-0.002860465926808997,0.75,0.01,0.75,j1_b_then_a,geometric
symmetric_moderate,26,2.0,j1,0.06917062099361704,1.3455419205420607,0.6364632840673458,0.04795246588502636,0.023972584866724336,0.0022601773500689317,0.0,-0.00181518653284507,0.25,0.01,0.25,j2_a_then_b,geometric
symmetric_moderate,26,2.0,j2,0.06917062099361704,1.3473571070749057,0.6370838917924374,0.048961965737516946,0.02234537664159251,0.0022601773500689317,0.00181518653284507,0.0,0.25,0.01,0.25,j2_a_then_b,geometric
symmetric_moderate,26,2.0,selected_order,0.06917062099361704,1.3473571070749057,0.6370838917924374,0.048961965737516946,0.02234537664159251,0.0022601773500689317,0.00181518653284507,0.0,0.25,0.01,0.25,j2_a_then_b,geometric
symmetric_moderate,26,2.0,independent,0.06917062099361704,1.543153564124979,0.6801424738074788,0.21909937291534004,3.97478680828553e-17,0.05633490504530235,0.19761164358291827,0.1957964570500732,0.25,0.01,0.25,j2_a_then_b,geometric
symmetric_moderate,26,2.0,arithmetic,0.06917062099361704,1.3420393526366219,0.6350377457190232,0.03402924205876331,0.0231589807541584,0.0011364221931536456,-0.0035025679054387915,-0.0053177544382838615,0.25,0.01,0.25,j2_a_then_b,geometric
symmetric_moderate,26,2.0,geometric,0.06917062099361704,1.3418946169659836,0.6350208695981849,0.03398387475359154,0.023146142145573805,0.001136586501973028,-0.003647303576077121,-0.005462490108922191,0.25,0.01,0.25,j2_a_then_b,geometric
symmetric_moderate,26,2.0,weighted_geometric,0.06917062099361704,1.3434896126600884,0.6356187609985191,0.038388849089195244,0.02274189533573462,0.0014187839458803483,-0.002052307881972304,-0.003867494414817374,0.25,0.01,0.25,j2_a_then_b,geometric
symmetric_moderate,26,2.0,hard_core,0.06917062099361704,1.3571110099089523,0.6389271933183259,0.05691699857817676,7.483420370738622e-14,0.003558359170728522,0.011569089366891605,0.009753902834046535,0.25,0.01,0.25,j2_a_then_b,geometric
symmetric_moderate,26,2.0,adaptive_soft,0.06917062099361704,1.3434953384761286,0.6356206383171983,0.038363271631143926,0.022594941966076997,0.0014141291944015982,-0.002046582065932112,-0.003861768598777182,0.25,0.01,0.25,j2_a_then_b,geometric
symmetric_moderate,26,2.0,selective_core,0.06917062099361704,1.3434896126600884,0.6356187609985191,0.038388849089195244,0.02274189533573462,0.0014187839458803483,-0.002052307881972304,-0.003867494414817374,0.25,0.01,0.25,j2_a_then_b,geometric
symmetric_moderate,27,2.0,j1,0.06757129884255132,1.3661414657013484,0.6464846275030218,0.04784093707288812,0.024405616577072242,0.002213773246731134,0.005642450282161704,0.0,0.5,0.01,0.5,j1_b_then_a,arithmetic
symmetric_moderate,27,2.0,j2,0.06757129884255132,1.3604990154191867,0.6421626041263443,0.048804914866643186,0.020044179188563407,0.002213773246731134,0.0,-0.005642450282161704,0.5,0.01,0.5,j1_b_then_a,arithmetic
symmetric_moderate,27,2.0,selected_order,0.06757129884255132,1.3661414657013484,0.6464846275030218,0.04784093707288812,0.024405616577072242,0.002213773246731134,0.005642450282161704,0.0,0.5,0.01,0.5,j1_b_then_a,arithmetic
symmetric_moderate,27,2.0,independent,0.06757129884255132,1.5594026687626856,0.6786436313694449,0.21016358710724495,4.2902788196329107e-17,0.054547359011742236,0.1989036533434989,0.1932612030613372,0.5,0.01,0.5,j1_b_then_a,arithmetic
symmetric_moderate,27,2.0,arithmetic,0.06757129884255132,1.3593117036902251,0.642647823105817,0.03432295826531673,0.0222248978828178,0.0011132052272867878,-0.001187311728961582,-0.006829762011123286,0.5,0.01,0.5,j1_b_then_a,arithmetic
symmetric_moderate,27,2.0,geometric,0.06757129884255132,1.358857491897652,0.6425770337278629,0.03428658617808724,0.022230972485598372,0.0011133771087611709,-0.0016415235215347934,-0.007283973803696497,0.5,0.01,0.5,j1_b_then_a,arithmetic
symmetric_moderate,27,2.0,weighted_geometric,0.06757129884255132,1.358857491897652,0.6425770337278629,0.03428658617808724,0.022230972485598372,0.0011133771087611709,-0.0016415235215347934,-0.007283973803696497,0.5,0.01,0.5,j1_b_then_a,arithmetic
symmetric_moderate,27,2.0,hard_core,0.06757129884255132,1.3631615991541952,0.643477116082375,0.05650543261373394,2.3687350702401588e-14,0.003411769178029779,0.0026625837350084947,-0.0029798665471532093,0.5,0.01,0.5,j1_b_then_a,arithmetic
symmetric_moderate,27,2.0,adaptive_soft,0.06757129884255132,1.358851628523005,0.6425715962566895,0.03434265740999068,0.022080568325038463,0.001113432986658046,-0.0016473868961817129,-0.007289837178343417,0.5,0.01,0.5,j1_b_then_a,arithmetic
symmetric_moderate,27,2.0,selective_core,0.06757129884255132,1.3593117036902251,0.642647823105817,0.03432295826531673,0.0222248978828178,0.0011132052272867878,-0.001187311728961582,-0.006829762011123286,0.5,0.01,0.5,j1_b_then_a,arithmetic
symmetric_moderate,28,2.0,j1,0.07306074433381649,1.48512952078376,0.687200228065125,0.05240665302254798,0.025267955825073563,0.002439474766695714,0.006065028958720964,0.0,0.75,0.01,0.75,j1_b_then_a,geometric
symmetric_moderate,28,2.0,j2,0.07306074433381649,1.479064491825039,0.6837740357303477,0.05134849653222356,0.0210370637497277,0.002439474766695714,0.0,-0.006065028958720964,0.75,0.01,0.75,j1_b_then_a,geometric
symmetric_moderate,28,2.0,selected_order,0.07306074433381649,1.48512952078376,0.687200228065125,0.05240665302254798,0.025267955825073563,0.002439474766695714,0.006065028958720964,0.0,0.75,0.01,0.75,j1_b_then_a,geometric
symmetric_moderate,28,2.0,independent,0.07306074433381649,1.6117276815319044,0.7151924798747004,0.18301950908485481,4.5525628893875597e-17,0.036984207164419726,0.1326631897068653,0.12659816074814434,0.75,0.01,0.75,j1_b_then_a,geometric
symmetric_moderate,28,2.0,arithmetic,0.07306074433381649,1.477197899861743,0.683717125724701,0.03673160171943395,0.023152509787400608,0.0012265515119097134,-0.0018665919632960826,-0.007931620922017046,0.75,0.01,0.75,j1_b_then_a,geometric
symmetric_moderate,28,2.0,geometric,0.07306074433381649,1.4771802062777923,0.6837245271170567,0.03670247861663452,0.02310682409741473,0.0012267163915187361,-0.0018842855472467335,-0.007949314505967697,0.75,0.01,0.75,j1_b_then_a,geometric
symmetric_moderate,28,2.0,weighted_geometric,0.07306074433381649,1.479930483523423,0.6850245478816781,0.041282540136539966,0.024181001508874662,0.001532122302909979,0.0008659916983839722,-0.005199037260336992,0.75,0.01,0.75,j1_b_then_a,geometric
symmetric_moderate,28,2.0,hard_core,0.07306074433381649,1.4887275990971802,0.6868973766843589,0.05940334562507786,5.789565120449102e-14,0.0029292852426176436,0.009663107272141147,0.0035980783134201832,0.75,0.01,0.75,j1_b_then_a,geometric
symmetric_moderate,28,2.0,adaptive_soft,0.07306074433381649,1.4798953389630003,0.6850090987196846,0.04124660735079722,0.02399440667574497,0.0015256128901490129,0.0008308471379612214,-0.005234181820759742,0.75,0.01,0.75,j1_b_then_a,geometric
symmetric_moderate,28,2.0,selective_core,0.07306074433381649,1.479930483523423,0.6850245478816781,0.041282540136539966,0.024181001508874662,0.001532122302909979,0.0008659916983839722,-0.005199037260336992,0.75,0.01,0.75,j1_b_then_a,geometric
symmetric_moderate,29,2.0,j1,0.0718755908114668,1.3896714359791649,0.648641377070963,0.05077918797051477,0.02332394129967716,0.002354873645735107,0.0033900317023760618,0.0,0.5,0.01,0.5,j1_b_then_a,geometric
symmetric_moderate,29,2.0,j2,0.0718755908114668,1.3862814042767888,0.6473628065907,0.04978456995468673,0.01946181064450146,0.002354873645735107,0.0,-0.0033900317023760618,0.5,0.01,0.5,j1_b_then_a,geometric
symmetric_moderate,29,2.0,selected_order,0.0718755908114668,1.3896714359791649,0.648641377070963,0.05077918797051477,0.02332394129967716,0.002354873645735107,0.0033900317023760618,0.0,0.5,0.01,0.5,j1_b_then_a,geometric
symmetric_moderate,29,2.0,independent,0.0718755908114668,1.431702595126092,0.6607289231602088,0.0972202424676987,4.28695842930385e-17,0.011253387978108,0.045421190849303184,0.04203115914692712,0.5,0.01,0.5,j1_b_then_a,geometric
symmetric_moderate,29,2.0,arithmetic,0.0718755908114668,1.3830549565555812,0.6461482711509972,0.035477709934907266,0.021392875972089286,0.001183596482049678,-0.003226447721207615,-0.006616479423583677,0.5,0.01,0.5,j1_b_then_a,geometric
symmetric_moderate,29,2.0,geometric,0.0718755908114668,1.3832317449151228,0.6461303308559021,0.035436062758036554,0.021413466970276556,0.001183741458802345,-0.003049659361666013,-0.006439691064042075,0.5,0.01,0.5,j1_b_then_a,geometric
symmetric_moderate,29,2.0,weighted_geometric,0.0718755908114668,1.3832317449151228,0.6461303308559021,0.035436062758036554,0.021413466970276556,0.001183741458802345,-0.003049659361666013,-0.006439691064042075,0.5,0.01,0.5,j1_b_then_a,geometric
symmetric_moderate,29,2.0,hard_core,0.0718755908114668,1.3935349445736087,0.6495700014387248,0.053617719478381606,1.9212654321751517e-14,0.002315022601445377,0.007253540296819905,0.003863508594443843,0.5,0.01,0.5,j1_b_then_a,geometric
symmetric_moderate,29,2.0,adaptive_soft,0.0718755908114668,1.3832850702719215,0.646147194719174,0.03549488602777768,0.021217338670537135,0.0011838120089450238,-0.002996334004867318,-0.00638636570724338,0.5,0.01,0.5,j1_b_then_a,geometric
symmetric_moderate,29,2.0,selective_core,0.0718755908114668,1.3832317449151228,0.6461303308559021,0.035436062758036554,0.021413466970276556,0.001183741458802345,-0.003049659361666013,-0.006439691064042075,0.5,0.01,0.5,j1_b_then_a,geometric
symmetric_moderate,30,2.0,j1,0.07402716413048832,1.5136919170650667,0.6911464957616663,0.051556252903193246,0.026319204052414485,0.0024411068336869296,0.009686186679123132,0.009686186679123132,0.25,0.01,0.25,j2_a_then_b,geometric
symmetric_moderate,30,2.0,j2,0.07402716413048832,1.5040057303859435,0.6871062991489303,0.052556889622153366,0.023654295975992813,0.0024411068336869296,0.0,0.0,0.25,0.01,0.25,j2_a_then_b,geometric
symmetric_moderate,30,2.0,selected_order,0.07402716413048832,1.5040057303859435,0.6871062991489303,0.052556889622153366,0.023654295975992813,0.0024411068336869296,0.0,0.0,0.25,0.01,0.25,j2_a_then_b,geometric
symmetric_moderate,30,2.0,independent,0.07402716413048832,1.7353991025806113,0.7365917018402041,0.2571603163031045,4.515956751209365e-17,0.06462282164998896,0.2313933721946677,0.2313933721946677,0.25,0.01,0.25,j2_a_then_b,geometric
symmetric_moderate,30,2.0,arithmetic,0.07402716413048832,1.5035841687741633,0.6872955449807062,0.03698847595840362,0.024986750014203623,0.001226880115079489,-0.0004215616117801968,-0.0004215616117801968,0.25,0.01,0.25,j2_a_then_b,geometric
symmetric_moderate,30,2.0,geometric,0.07402716413048832,1.5039307751337834,0.6873733234942578,0.03694563593108688,0.024997795699430867,0.0012270203424729962,-7.49552521601693e-05,-7.49552521601693e-05,0.25,0.01,0.25,j2_a_then_b,geometric
symmetric_moderate,30,2.0,weighted_geometric,0.07402716413048832,1.5027366471987889,0.6868007709065124,0.0415904749667456,0.024328272287597215,0.001530182743499163,-0.0012690831871546848,-0.0012690831871546848,0.25,0.01,0.25,j2_a_then_b,geometric
symmetric_moderate,30,2.0,hard_core,0.07402716413048832,1.5224382351556744,0.6894457480852167,0.06298454605977269,7.43525060915295e-14,0.003933898420321189,0.018432504769730906,0.018432504769730906,0.25,0.01,0.25,j2_a_then_b,geometric
symmetric_moderate,30,2.0,adaptive_soft,0.07402716413048832,1.502764205343283,0.6867997951663233,0.04158458275918059,0.024176093445250926,0.0015254687932488146,-0.0012415250426605073,-0.0012415250426605073,0.25,0.01,0.25,j2_a_then_b,geometric
symmetric_moderate,30,2.0,selective_core,0.07402716413048832,1.5027366471987889,0.6868007709065124,0.0415904749667456,0.024328272287597215,0.001530182743499163,-0.0012690831871546848,-0.0012690831871546848,0.25,0.01,0.25,j2_a_then_b,geometric
symmetric_moderate,31,2.0,j1,0.07447944711198125,1.471363655119773,0.6785974281517613,0.05230872726358184,0.025212854375730145,0.00251511614033111,0.005163517598070877,0.005163517598070877,0.5,0.3,0.5,j2_a_then_b,arithmetic
symmetric_moderate,31,2.0,j2,0.07447944711198125,1.4662001375217022,0.6759109622462601,0.05290186088033215,0.02278338448493772,0.00251511614033111,0.0,0.0,0.5,0.3,0.5,j2_a_then_b,arithmetic
symmetric_moderate,31,2.0,selected_order,0.07447944711198125,1.4662001375217022,0.6759109622462601,0.05290186088033215,0.02278338448493772,0.00251511614033111,0.0,0.0,0.5,0.3,0.5,j2_a_then_b,arithmetic
symmetric_moderate,31,2.0,independent,0.07447944711198125,1.6025193244111897,0.705293729621939,0.19778267928302085,4.483664890644716e-17,0.04350967810679947,0.13631918688948752,0.13631918688948752,0.5,0.3,0.5,j2_a_then_b,arithmetic
symmetric_moderate,31,2.0,arithmetic,0.07447944711198125,1.464234382942022,0.6754772375934436,0.03684859239499503,0.02399811943033391,0.0012643467698284319,-0.00196575457968029,-0.00196575457968029,0.5,0.3,0.5,j2_a_then_b,arithmetic
symmetric_moderate,31,2.0,geometric,0.07447944711198125,1.463713517978702,0.6753620897411147,0.03696838588901849,0.02398671522446045,0.0012645023671978256,-0.0024866195430002236,-0.0024866195430002236,0.5,0.3,0.5,j2_a_then_b,arithmetic
symmetric_moderate,31,2.0,weighted_geometric,0.07447944711198125,1.463713517978702,0.6753620897411147,0.03696838588901849,0.02398671522446045,0.0012645023671978256,-0.0024866195430002236,-0.0024866195430002236,0.5,0.3,0.5,j2_a_then_b,arithmetic
symmetric_moderate,31,2.0,hard_core,0.07447944711198125,1.466492104644064,0.6759328113384081,0.06062235826716998,2.1625343422720324e-14,0.0031170160594579583,0.00029196712236179145,0.00029196712236179145,0.5,0.3,0.5,j2_a_then_b,arithmetic
symmetric_moderate,31,2.0,adaptive_soft,0.07447944711198125,1.4630600384773833,0.6751890735252138,0.03946424036547479,0.019743499242048358,0.0013129179068774397,-0.003140099044318889,-0.003140099044318889,0.5,0.3,0.5,j2_a_then_b,arithmetic
symmetric_moderate,31,2.0,selective_core,0.07447944711198125,1.464234382942022,0.6754772375934436,0.03684859239499503,0.02399811943033391,0.0012643467698284319,-0.00196575457968029,-0.00196575457968029,0.5,0.3,0.5,j2_a_then_b,arithmetic
symmetric_moderate,32,2.0,j1,0.072912560423981,1.4698243519121443,0.6911791002332741,0.05212377242337309,0.02348590791715165,0.0024089846763857567,0.0010232525336255627,0.0,1.0,1.0,0.75,j1_b_then_a,soft
symmetric_moderate,32,2.0,j2,0.072912560423981,1.4688010993785188,0.6932520311539597,0.05158492317187738,0.020878089871854414,0.0024089846763857567,0.0,-0.0010232525336255627,1.0,1.0,0.75,j1_b_then_a,soft
symmetric_moderate,32,2.0,selected_order,0.072912560423981,1.4698243519121443,0.6911791002332741,0.05212377242337309,0.02348590791715165,0.0024089846763857567,0.0010232525336255627,0.0,1.0,1.0,0.75,j1_b_then_a,soft
symmetric_moderate,32,2.0,independent,0.072912560423981,1.5303447753433066,0.7016863791514061,0.11429340731070074,4.396472335493895e-17,0.01641200957230695,0.061543675964787825,0.06052042343116226,1.0,1.0,0.75,j1_b_then_a,soft
symmetric_moderate,32,2.0,arithmetic,0.072912560423981,1.4648724817866874,0.6904307264903178,0.03691856774426114,0.022181998894503008,0.0012107573132695553,-0.003928617591831385,-0.0049518701254569475,1.0,1.0,0.75,j1_b_then_a,soft
symmetric_moderate,32,2.0,geometric,0.072912560423981,1.464459021621021,0.6903541477777143,0.03689878939995806,0.022170798856102736,0.0012108909464876865,-0.004342077757497842,-0.005365330291123405,1.0,1.0,0.75,j1_b_then_a,soft
symmetric_moderate,32,2.0,weighted_geometric,0.072912560423981,1.4659223430350272,0.6902906885761598,0.04132635444150819,0.022828390665187017,0.0015086355324157401,-0.002878756343491551,-0.0039020088771171135,1.0,1.0,0.75,j1_b_then_a,soft
symmetric_moderate,32,2.0,hard_core,0.072912560423981,1.4752146781770121,0.6933414189763859,0.05570875881362405,1.675993531783347e-14,0.0024300159583151223,0.006413578798493358,0.005390326264867795,1.0,1.0,0.75,j1_b_then_a,soft
symmetric_moderate,32,2.0,adaptive_soft,0.072912560423981,1.4709016475521248,0.6914421978299051,0.04792016133907275,0.013209320067307668,0.0018830517935363835,0.002100548173606054,0.0010772956399804912,1.0,1.0,0.75,j1_b_then_a,soft
symmetric_moderate,32,2.0,selective_core,0.072912560423981,1.4662954068219172,0.6903957010314531,0.041210777752428436,0.020949735153884975,0.0014657262084862151,-0.002505692556601602,-0.0035289450902271646,1.0,1.0,0.75,j1_b_then_a,soft
symmetric_moderate,33,2.0,j1,0.07625998995332953,1.5866994367653047,0.7137078628666834,0.053242683243623155,0.026047538610580036,0.002556998636645508,0.0,-0.0036746368558966402,0.5,0.01,0.5,j2_a_then_b,geometric
symmetric_moderate,33,2.0,j2,0.07625998995332953,1.5903740736212013,0.7154048898287428,0.05389658253674322,0.024473555707254208,0.002556998636645508,0.0036746368558966402,0.0,0.5,0.01,0.5,j2_a_then_b,geometric
symmetric_moderate,33,2.0,selected_order,0.07625998995332953,1.5903740736212013,0.7154048898287428,0.05389658253674322,0.024473555707254208,0.002556998636645508,0.0036746368558966402,0.0,0.5,0.01,0.5,j2_a_then_b,geometric
symmetric_moderate,33,2.0,independent,0.07625998995332953,1.7659393387706748,0.7516210665725476,0.2355532408679858,4.4017503671948263e-17,0.056574057155272826,0.1792399020053701,0.17556526514947346,0.5,0.01,0.5,j2_a_then_b,geometric
symmetric_moderate,33,2.0,arithmetic,0.07625998995332953,1.583207863199771,0.7126962521981939,0.03768896962042761,0.0252605471589171,0.0012852308398736412,-0.0034915735655336455,-0.007166210421430286,0.5,0.01,0.5,j2_a_then_b,geometric
symmetric_moderate,33,2.0,geometric,0.07625998995332953,1.5833841676045926,0.7126854080620242,0.03771833740755375,0.025233427963814087,0.0012853821362681984,-0.00331526916071212,-0.00698990601660876,0.5,0.01,0.5,j2_a_then_b,geometric
symmetric_moderate,33,2.0,weighted_geometric,0.07625998995332953,1.5833841676045926,0.7126854080620242,0.03771833740755375,0.025233427963814087,0.0012853821362681984,-0.00331526916071212,-0.00698990601660876,0.5,0.01,0.5,j2_a_then_b,geometric
symmetric_moderate,33,2.0,hard_core,0.07625998995332953,1.5994435377416305,0.7148555262372824,0.06387691650222714,1.0614870468066487e-13,0.0036368979681138907,0.012744100976325834,0.009069464120429194,0.5,0.01,0.5,j2_a_then_b,geometric
symmetric_moderate,33,2.0,adaptive_soft,0.07625998995332953,1.5834209116060356,0.7126918390343375,0.03780734431907427,0.025060926363415965,0.0012854646693997592,-0.0032785251592690745,-0.006953162015165715,0.5,0.01,0.5,j2_a_then_b,geometric
symmetric_moderate,33,2.0,selective_core,0.07625998995332953,1.5833841676045926,0.7126854080620242,0.03771833740755375,0.025233427963814087,0.0012853821362681984,-0.00331526916071212,-0.00698990601660876,0.5,0.01,0.5,j2_a_then_b,geometric
symmetric_moderate,34,2.0,j1,0.07527107866358074,1.5276569183132154,0.7074713061844801,0.0529312817832526,0.0261117328816309,0.002543398111347923,0.0010165436238112058,0.0010165436238112058,0.25,0.01,0.25,j2_a_then_b,geometric
symmetric_moderate,34,2.0,j2,0.07527107866358074,1.5266403746894042,0.7070092155971345,0.052820830062779246,0.025645592526691283,0.002543398111347923,0.0,0.0,0.25,0.01,0.25,j2_a_then_b,geometric
symmetric_moderate,34,2.0,selected_order,0.07527107866358074,1.5266403746894042,0.7070092155971345,0.052820830062779246,0.025645592526691283,0.002543398111347923,0.0,0.0,0.25,0.01,0.25,j2_a_then_b,geometric
symmetric_moderate,34,2.0,independent,0.07527107866358074,1.7996711283865308,0.7647644372961852,0.28661477614001013,4.1773369499295034e-17,0.06944519380771254,0.2730307536971266,0.2730307536971266,0.25,0.01,0.25,j2_a_then_b,geometric
symmetric_moderate,34,2.0,arithmetic,0.07527107866358074,1.5216558693802962,0.7053756624980085,0.03729383615031185,0.025878662704161066,0.0012785277748754789,-0.004984505309107989,-0.004984505309107989,0.25,0.01,0.25,j2_a_then_b,geometric
symmetric_moderate,34,2.0,geometric,0.07527107866358074,1.5220225513291417,0.7054820303412703,0.03732418281029632,0.025870848557369278,0.001278680485279959,-0.004617823360262507,-0.004617823360262507,0.25,0.01,0.25,j2_a_then_b,geometric
symmetric_moderate,34,2.0,weighted_geometric,0.07527107866358074,1.523049286426898,0.7058027760114111,0.04155064373788087,0.02575777440273314,0.0015950818128114173,-0.0035910882625060925,-0.0035910882625060925,0.25,0.01,0.25,j2_a_then_b,geometric
symmetric_moderate,34,2.0,hard_core,0.07527107866358074,1.53670531549229,0.7093356144648052,0.06470524824680045,9.100224364011152e-14,0.003923264029025559,0.010064940802885891,0.010064940802885891,0.25,0.01,0.25,j2_a_then_b,geometric
symmetric_moderate,34,2.0,adaptive_soft,0.07527107866358074,1.5230535417609685,0.7058053375048305,0.041543928235602254,0.02560312451259118,0.0015895433253724062,-0.003586832928435646,-0.003586832928435646,0.25,0.01,0.25,j2_a_then_b,geometric
symmetric_moderate,34,2.0,selective_core,0.07527107866358074,1.523049286426898,0.7058027760114111,0.04155064373788087,0.02575777440273314,0.0015950818128114173,-0.0035910882625060925,-0.0035910882625060925,0.25,0.01,0.25,j2_a_then_b,geometric
symmetric_moderate,35,2.0,j1,0.07417426100668038,1.5166006815884097,0.6976740938475827,0.051808326049800624,0.02595496816237972,0.002468262392820178,0.0,0.0,0.5,0.01,0.5,j1_b_then_a,arithmetic
symmetric_moderate,35,2.0,j2,0.07417426100668038,1.5190271192624205,0.7008995691782243,0.05229546456258144,0.024969348368348656,0.002468262392820178,0.0024264376740108506,0.0024264376740108506,0.5,0.01,0.5,j1_b_then_a,arithmetic
symmetric_moderate,35,2.0,selected_order,0.07417426100668038,1.5166006815884097,0.6976740938475827,0.051808326049800624,0.02595496816237972,0.002468262392820178,0.0,0.0,0.5,0.01,0.5,j1_b_then_a,arithmetic
symmetric_moderate,35,2.0,independent,0.07417426100668038,1.7673718726804062,0.7503889082022169,0.2778829060352741,4.0673783514421494e-17,0.07105372710695611,0.2507711910919965,0.2507711910919965,0.5,0.01,0.5,j1_b_then_a,arithmetic
symmetric_moderate,35,2.0,arithmetic,0.07417426100668038,1.5127786593158463,0.6975164879258793,0.03659595301681104,0.025462158265364167,0.0012406934190761652,-0.0038220222725633413,-0.0038220222725633413,0.5,0.01,0.5,j1_b_then_a,arithmetic
symmetric_moderate,35,2.0,geometric,0.07417426100668038,1.5128406641642007,0.6975286080769868,0.03658593155613654,0.025470308761157207,0.0012408406157820408,-0.00376001742420895,-0.00376001742420895,0.5,0.01,0.5,j1_b_then_a,arithmetic
symmetric_moderate,35,2.0,weighted_geometric,0.07417426100668038,1.5128406641642007,0.6975286080769868,0.03658593155613654,0.025470308761157207,0.0012408406157820408,-0.00376001742420895,-0.00376001742420895,0.5,0.01,0.5,j1_b_then_a,arithmetic
symmetric_moderate,35,2.0,hard_core,0.07417426100668038,1.5184503584076705,0.6992847403846268,0.06391964467583604,4.5487943449375355e-14,0.003905262729860422,0.0018496768192608481,0.0018496768192608481,0.5,0.01,0.5,j1_b_then_a,arithmetic
symmetric_moderate,35,2.0,adaptive_soft,0.07417426100668038,1.5128209892633828,0.6975285196991623,0.03666782051337015,0.025316572385431665,0.0012409108797242594,-0.00377969232502684,-0.00377969232502684,0.5,0.01,0.5,j1_b_then_a,arithmetic
symmetric_moderate,35,2.0,selective_core,0.07417426100668038,1.5127786593158463,0.6975164879258793,0.03659595301681104,0.025462158265364167,0.0012406934190761652,-0.0038220222725633413,-0.0038220222725633413,0.5,0.01,0.5,j1_b_then_a,arithmetic
symmetric_moderate,36,2.0,j1,0.0753301504222449,1.5318462899571081,0.7119172032696836,0.05462292941402021,0.02430698701776944,0.002502503677756484,0.0,0.0,0.5,0.01,0.5,j1_b_then_a,geometric
symmetric_moderate,36,2.0,j2,0.0753301504222449,1.534892214991542,0.7130788843821108,0.05276182705430972,0.025531467205411464,0.002502503677756484,0.003045925034433905,0.003045925034433905,0.5,0.01,0.5,j1_b_then_a,geometric
symmetric_moderate,36,2.0,selected_order,0.0753301504222449,1.5318462899571081,0.7119172032696836,0.05462292941402021,0.02430698701776944,0.002502503677756484,0.0,0.0,0.5,0.01,0.5,j1_b_then_a,geometric
symmetric_moderate,36,2.0,independent,0.0753301504222449,1.7564532698434001,0.7559776261967716,0.2536078362197784,4.036625634445956e-17,0.06389664490059552,0.22460697988629197,0.22460697988629197,0.5,0.01,0.5,j1_b_then_a,geometric
symmetric_moderate,36,2.0,arithmetic,0.0753301504222449,1.5283210271444678,0.7106430942570641,0.03840186441302582,0.024919227111590423,0.0012577272965242693,-0.0035252628126403174,-0.0035252628126403174,0.5,0.01,0.5,j1_b_then_a,geometric
symmetric_moderate,36,2.0,geometric,0.0753301504222449,1.5283267446038493,0.7106423773792329,0.03841766677954709,0.02488152484270321,0.0012578734705128972,-0.003519545353258824,-0.003519545353258824,0.5,0.01,0.5,j1_b_then_a,geometric
symmetric_moderate,36,2.0,weighted_geometric,0.0753301504222449,1.5283267446038493,0.7106423773792329,0.03841766677954709,0.02488152484270321,0.0012578734705128972,-0.003519545353258824,-0.003519545353258824,0.5,0.01,0.5,j1_b_then_a,geometric
symmetric_moderate,36,2.0,hard_core,0.0753301504222449,1.533610698748783,0.7115869564971136,0.06349838757272352,4.4346737572290367e-14,0.0034995757624097816,0.0017644087916748319,0.0017644087916748319,0.5,0.01,0.5,j1_b_then_a,geometric
symmetric_moderate,36,2.0,adaptive_soft,0.0753301504222449,1.5283113797029384,0.7106387950729527,0.038488446820550595,0.024713332904320588,0.0012579746999189872,-0.003534910254169743,-0.003534910254169743,0.5,0.01,0.5,j1_b_then_a,geometric
symmetric_moderate,36,2.0,selective_core,0.0753301504222449,1.5283267446038493,0.7106423773792329,0.03841766677954709,0.02488152484270321,0.0012578734705128972,-0.003519545353258824,-0.003519545353258824,0.5,0.01,0.5,j1_b_then_a,geometric
symmetric_moderate,37,2.0,j1,0.0748549014785084,1.5207883178738266,0.7020203967055337,0.052885416751943595,0.024975870486404705,0.0024936470596677203,0.0,-0.0018071597066626754,0.25,0.01,0.25,j2_a_then_b,geometric
symmetric_moderate,37,2.0,j2,0.0748549014785084,1.5225954775804893,0.7000923154826344,0.05376259958306746,0.025225968166709464,0.0024936470596677203,0.0018071597066626754,0.0,0.25,0.01,0.25,j2_a_then_b,geometric
symmetric_moderate,37,2.0,selected_order,0.0748549014785084,1.5225954775804893,0.7000923154826344,0.05376259958306746,0.025225968166709464,0.0024936470596677203,0.0018071597066626754,0.0,0.25,0.01,0.25,j2_a_then_b,geometric
symmetric_moderate,37,2.0,independent,0.0748549014785084,1.7874436932346143,0.7541780559763245,0.24641689658875826,3.9167671689809785e-17,0.06453681236627065,0.26665537536078765,0.264848215654125,0.25,0.01,0.25,j2_a_then_b,geometric
symmetric_moderate,37,2.0,arithmetic,0.0748549014785084,1.5165222740256463,0.699224864903329,0.03799742480456538,0.025100919326557062,0.0012532682929667564,-0.004266043848180301,-0.006073203554842976,0.25,0.01,0.25,j2_a_then_b,geometric
symmetric_moderate,37,2.0,geometric,0.0748549014785084,1.516667587286817,0.6992030977542947,0.03793813429951607,0.025110567754673817,0.0012534085674090966,-0.00412073058700968,-0.005927890293672355,0.25,0.01,0.25,j2_a_then_b,geometric
symmetric_moderate,37,2.0,weighted_geometric,0.0748549014785084,1.5183771674142135,0.6991860937394884,0.04254408926076989,0.02517301188366631,0.001564536666275259,-0.002411150459613154,-0.004218310166275829,0.25,0.01,0.25,j2_a_then_b,geometric
symmetric_moderate,37,2.0,hard_core,0.0748549014785084,1.5435534323402813,0.7046886988240276,0.06389993013403214,4.707753989328337e-14,0.004075838992386958,0.022765114466454683,0.020957954759792008,0.25,0.01,0.25,j2_a_then_b,geometric
symmetric_moderate,37,2.0,adaptive_soft,0.0748549014785084,1.5184442536531129,0.6992175758696735,0.04252190559278486,0.025009005053577383,0.0015586006310486288,-0.0023440642207137596,-0.004151223927376435,0.25,0.01,0.25,j2_a_then_b,geometric
symmetric_moderate,37,2.0,selective_core,0.0748549014785084,1.5183771674142135,0.6991860937394884,0.04254408926076989,0.02517301188366631,0.001564536666275259,-0.002411150459613154,-0.004218310166275829,0.25,0.01,0.25,j2_a_then_b,geometric
symmetric_moderate,38,2.0,j1,0.07626706328616763,1.538634878163009,0.7052396875368038,0.053477424086267066,0.026625970216623232,0.002558183106415787,0.0,-0.007029841226304567,0.5,0.01,0.5,j2_a_then_b,geometric
symmetric_moderate,38,2.0,j2,0.07626706328616763,1.5456647193893136,0.7106240232315311,0.05319716487897006,0.01981801905713023,0.002558183106415787,0.007029841226304567,0.0,0.5,0.01,0.5,j2_a_then_b,geometric
symmetric_moderate,38,2.0,selected_order,0.07626706328616763,1.5456647193893136,0.7106240232315311,0.05319716487897006,0.01981801905713023,0.002558183106415787,0.007029841226304567,0.0,0.5,0.01,0.5,j2_a_then_b,geometric
symmetric_moderate,38,2.0,independent,0.07626706328616763,1.612021331027308,0.7226407623489074,0.1355413082419091,4.416263090899902e-17,0.01913154871807249,0.0733864528642989,0.06635661163799433,0.5,0.01,0.5,j2_a_then_b,geometric
symmetric_moderate,38,2.0,arithmetic,0.07626706328616763,1.5365573308792053,0.7060561444374704,0.03741879986292565,0.023221994636876703,0.001285615419457686,-0.0020775472838037157,-0.009107388510108283,0.5,0.01,0.5,j2_a_then_b,geometric
symmetric_moderate,38,2.0,geometric,0.07626706328616763,1.5369956115346723,0.7061557188494356,0.037353629791397704,0.02315905952154156,0.0012857479614677484,-0.0016392666283366886,-0.008669107854641256,0.5,0.01,0.5,j2_a_then_b,geometric
symmetric_moderate,38,2.0,weighted_geometric,0.07626706328616763,1.5369956115346723,0.7061557188494356,0.037353629791397704,0.02315905952154156,0.0012857479614677484,-0.0016392666283366886,-0.008669107854641256,0.5,0.01,0.5,j2_a_then_b,geometric
symmetric_moderate,38,2.0,hard_core,0.07626706328616763,1.54139457027835,0.7075286692920161,0.058021484847422866,1.4064683100079804e-14,0.0026062135013395177,0.002759692115340995,-0.0042701491109635725,0.5,0.01,0.5,j2_a_then_b,geometric
symmetric_moderate,38,2.0,adaptive_soft,0.07626706328616763,1.536998754799342,0.706155161840016,0.03742984676743365,0.02295571559778036,0.0012858665310452766,-0.0016361233636670303,-0.008665964589971598,0.5,0.01,0.5,j2_a_then_b,geometric
symmetric_moderate,38,2.0,selective_core,0.07626706328616763,1.5369956115346723,0.7061557188494356,0.037353629791397704,0.02315905952154156,0.0012857479614677484,-0.0016392666283366886,-0.008669107854641256,0.5,0.01,0.5,j2_a_then_b,geometric
symmetric_moderate,39,2.0,j1,0.06977621392953068,1.4035741624069296,0.6640322715372736,0.04981885325979646,0.023808999903367097,0.002254152296826117,0.0,0.0,1.0,0.1,1.0,j1_b_then_a,j1_b_then_a
symmetric_moderate,39,2.0,j2,0.06977621392953068,1.4056621306260537,0.6656228644929704,0.04945346951307319,0.022436330420921344,0.002254152296826117,0.002087968219124159,0.002087968219124159,1.0,0.1,1.0,j1_b_then_a,j1_b_then_a
symmetric_moderate,39,2.0,selected_order,0.06977621392953068,1.4035741624069296,0.6640322715372736,0.04981885325979646,0.023808999903367097,0.002254152296826117,0.0,0.0,1.0,0.1,1.0,j1_b_then_a,j1_b_then_a
symmetric_moderate,39,2.0,independent,0.06977621392953068,1.5957272026858502,0.7112311111528419,0.22354773215359422,4.208867412577866e-17,0.05336248976446893,0.19215304027892066,0.19215304027892066,1.0,0.1,1.0,j1_b_then_a,j1_b_then_a
symmetric_moderate,39,2.0,arithmetic,0.06977621392953068,1.3998564848819879,0.6630948024803945,0.035498351590001816,0.0231226651621442,0.0011329815699077767,-0.003717677524941676,-0.003717677524941676,1.0,0.1,1.0,j1_b_then_a,j1_b_then_a
symmetric_moderate,39,2.0,geometric,0.06977621392953068,1.4000773550569179,0.6632073269932571,0.03553590281167485,0.02311140411144985,0.0011331250716095419,-0.003496807350011677,-0.003496807350011677,1.0,0.1,1.0,j1_b_then_a,j1_b_then_a
symmetric_moderate,39,2.0,weighted_geometric,0.06977621392953068,1.4035741624069296,0.6640322715372736,0.04981885325979646,0.0238089999033671,0.002254152296826117,0.0,0.0,1.0,0.1,1.0,j1_b_then_a,j1_b_then_a
symmetric_moderate,39,2.0,hard_core,0.06977621392953068,1.4092703224473844,0.6656768878819183,0.058634492902256176,9.768093541602692e-14,0.003311581997844482,0.005696160040454812,0.005696160040454812,1.0,0.1,1.0,j1_b_then_a,j1_b_then_a
symmetric_moderate,39,2.0,adaptive_soft,0.06977621392953068,1.4030931870563252,0.6638223983842001,0.04812877815765643,0.022587813222425472,0.0020763632040472165,-0.00048097535060431795,-0.00048097535060431795,1.0,0.1,1.0,j1_b_then_a,j1_b_then_a
symmetric_moderate,39,2.0,selective_core,0.06977621392953068,1.4035741624069296,0.6640322715372736,0.04981885325979646,0.023808999903367097,0.002254152296826117,0.0,0.0,1.0,0.1,1.0,j1_b_then_a,j1_b_then_a
symmetric_moderate,40,2.0,j1,0.07340597964155993,1.4969666353429556,0.698901202689809,0.05080823532996637,0.024840089027932527,0.0024302818417915205,0.00033546889105529054,0.0,0.75,0.01,0.75,j1_b_then_a,geometric
symmetric_moderate,40,2.0,j2,0.07340597964155993,1.4966311664519003,0.6984372144227933,0.05286979870527455,0.02251944035135466,0.0024302818417915205,0.0,-0.00033546889105529054,0.75,0.01,0.75,j1_b_then_a,geometric
symmetric_moderate,40,2.0,selected_order,0.07340597964155993,1.4969666353429556,0.698901202689809,0.05080823532996637,0.024840089027932527,0.0024302818417915205,0.00033546889105529054,0.0,0.75,0.01,0.75,j1_b_then_a,geometric
symmetric_moderate,40,2.0,independent,0.07340597964155993,1.6980994117161783,0.738035785824244,0.21197052953957246,3.961720737445025e-17,0.05060820563406695,0.20146824526427798,0.2011327763732227,0.75,0.01,0.75,j1_b_then_a,geometric
symmetric_moderate,40,2.0,arithmetic,0.07340597964155993,1.4919337710463079,0.6969201619704203,0.03655620043049069,0.02367976468964357,0.0012214848767851249,-0.004697395405592442,-0.005032864296647732,0.75,0.01,0.75,j1_b_then_a,geometric
symmetric_moderate,40,2.0,geometric,0.07340597964155993,1.491902741080108,0.6970056903693151,0.036514889173607276,0.023699802503630914,0.0012216246214443584,-0.0047284253717923,-0.00506389426284759,0.75,0.01,0.75,j1_b_then_a,geometric
symmetric_moderate,40,2.0,weighted_geometric,0.07340597964155993,1.4932112085702984,0.6975394871165859,0.040282822344622556,0.02428210488589669,0.001524402868850702,-0.003419957881601876,-0.0037554267726571666,0.75,0.01,0.75,j1_b_then_a,geometric
symmetric_moderate,40,2.0,hard_core,0.07340597964155993,1.4998181748395927,0.6991127693138717,0.06070596265196855,3.0011038184848575e-14,0.003356539958311891,0.0031870083876923694,0.002851539496637079,0.75,0.01,0.75,j1_b_then_a,geometric
symmetric_moderate,40,2.0,adaptive_soft,0.07340597964155993,1.4932071841858223,0.6975336867273919,0.040263611318829336,0.02410625961287935,0.001518375956615193,-0.003423982266077985,-0.0037594511571332756,0.75,0.01,0.75,j1_b_then_a,geometric
symmetric_moderate,40,2.0,selective_core,0.07340597964155993,1.4932112085702984,0.6975394871165859,0.040282822344622556,0.02428210488589669,0.001524402868850702,-0.003419957881601876,-0.0037554267726571666,0.75,0.01,0.75,j1_b_then_a,geometric
symmetric_moderate,41,2.0,j1,0.07174871037179142,1.4215440722886756,0.676409714250719,0.051686599232479764,0.024232565853670812,0.0023101239780666844,0.010702406463773961,0.010702406463773961,0.5,0.01,0.5,j2_a_then_b,geometric
symmetric_moderate,41,2.0,j2,0.07174871037179142,1.4108416658249017,0.6726231291156319,0.05025906396358165,0.02515886095309034,0.0023101239780666844,0.0,0.0,0.5,0.01,0.5,j2_a_then_b,geometric
symmetric_moderate,41,2.0,selected_order,0.07174871037179142,1.4108416658249017,0.6726231291156319,0.05025906396358165,0.02515886095309034,0.0023101239780666844,0.0,0.0,0.5,0.01,0.5,j2_a_then_b,geometric
symmetric_moderate,41,2.0,independent,0.07174871037179142,1.6785602051051045,0.7315051797285368,0.27497572003074844,4.0530363895792396e-17,0.0694877590170561,0.26771853928020284,0.26771853928020284,0.5,0.01,0.5,j2_a_then_b,geometric
symmetric_moderate,41,2.0,arithmetic,0.07174871037179142,1.4117796287727764,0.6726897407162915,0.03586993550353767,0.024695713403380552,0.0011609742981245241,0.0009379629478747376,0.0009379629478747376,0.5,0.01,0.5,j2_a_then_b,geometric
symmetric_moderate,41,2.0,geometric,0.07174871037179142,1.4115392884664557,0.6726887129796508,0.035785089295697306,0.024714697266430455,0.0011611143660861815,0.000697622641554041,0.000697622641554041,0.5,0.01,0.5,j2_a_then_b,geometric
symmetric_moderate,41,2.0,weighted_geometric,0.07174871037179142,1.4115392884664557,0.6726887129796508,0.035785089295697306,0.024714697266430455,0.0011611143660861815,0.000697622641554041,0.000697622641554041,0.5,0.01,0.5,j2_a_then_b,geometric
symmetric_moderate,41,2.0,hard_core,0.07174871037179142,1.4313395095911696,0.6774791835328483,0.06205323250856101,4.9978170243276076e-14,0.0038344614179820374,0.020497843766267954,0.020497843766267954,0.5,0.01,0.5,j2_a_then_b,geometric
symmetric_moderate,41,2.0,adaptive_soft,0.07174871037179142,1.4115908617105721,0.6727109948456311,0.03585270261842115,0.02456930759270453,0.001161162861848422,0.0007491958856704617,0.0007491958856704617,0.5,0.01,0.5,j2_a_then_b,geometric
symmetric_moderate,41,2.0,selective_core,0.07174871037179142,1.4115392884664557,0.6726887129796508,0.035785089295697306,0.024714697266430455,0.0011611143660861815,0.000697622641554041,0.000697622641554041,0.5,0.01,0.5,j2_a_then_b,geometric
symmetric_moderate,42,2.0,j1,0.07150272876678013,1.4232702446062973,0.678789020503257,0.050844424193325195,0.024500423625233844,0.002321438299331451,0.0,-0.0012972290363362227,0.5,0.01,0.5,j2_a_then_b,geometric
symmetric_moderate,42,2.0,j2,0.07150272876678013,1.4245674736426335,0.6784000138025277,0.05004411856927485,0.022782348844129066,0.002321438299331451,0.0012972290363362227,0.0,0.5,0.01,0.5,j2_a_then_b,geometric
symmetric_moderate,42,2.0,selected_order,0.07150272876678013,1.4245674736426335,0.6784000138025277,0.05004411856927485,0.022782348844129066,0.002321438299331451,0.0012972290363362227,0.0,0.5,0.01,0.5,j2_a_then_b,geometric
symmetric_moderate,42,2.0,independent,0.07150272876678013,1.6476065400707907,0.7211366581298599,0.22918787322136844,4.2620827657088857e-17,0.054553780496378976,0.2243362954644934,0.22303906642815718,0.5,0.01,0.5,j2_a_then_b,geometric
symmetric_moderate,42,2.0,arithmetic,0.07150272876678013,1.4193031477290592,0.6768332046061516,0.035995035658785736,0.023641386234681427,0.0011666114033005062,-0.003967096877238063,-0.005264325913574286,0.5,0.01,0.5,j2_a_then_b,geometric
symmetric_moderate,42,2.0,geometric,0.07150272876678013,1.419242888539142,0.6769098673734186,0.03607684578567032,0.023626482562420868,0.0011667400650747757,-0.004027356067155319,-0.0053245851034915415,0.5,0.01,0.5,j2_a_then_b,geometric
symmetric_moderate,42,2.0,weighted_geometric,0.07150272876678013,1.419242888539142,0.6769098673734186,0.03607684578567032,0.023626482562420868,0.0011667400650747757,-0.004027356067155319,-0.0053245851034915415,0.5,0.01,0.5,j2_a_then_b,geometric
symmetric_moderate,42,2.0,hard_core,0.07150272876678013,1.4318860323821196,0.6807117263832345,0.060278953749435,3.582659390238396e-14,0.003347385525675981,0.008615787775822392,0.0073185587394861695,0.5,0.01,0.5,j2_a_then_b,geometric
symmetric_moderate,42,2.0,adaptive_soft,0.07150272876678013,1.4192830833418693,0.6769282934636521,0.036144429972224106,0.023467576716706517,0.0011668240084101852,-0.003987161264427996,-0.005284390300764219,0.5,0.01,0.5,j2_a_then_b,geometric
symmetric_moderate,42,2.0,selective_core,0.07150272876678013,1.419242888539142,0.6769098673734186,0.03607684578567032,0.023626482562420868,0.0011667400650747757,-0.004027356067155319,-0.0053245851034915415,0.5,0.01,0.5,j2_a_then_b,geometric
symmetric_moderate,43,2.0,j1,0.07134548251216868,1.4287901168697008,0.6665612002271539,0.0510108945190685,0.023181548901008427,0.0022888055322773087,0.0077936722883684695,0.0,0.5,0.01,0.5,j1_b_then_a,arithmetic
symmetric_moderate,43,2.0,j2,0.07134548251216868,1.4209964445813323,0.6649439575418994,0.05064071358128905,0.023128137280139797,0.0022888055322773087,0.0,-0.0077936722883684695,0.5,0.01,0.5,j1_b_then_a,arithmetic
symmetric_moderate,43,2.0,selected_order,0.07134548251216868,1.4287901168697008,0.6665612002271539,0.0510108945190685,0.023181548901008427,0.0022888055322773087,0.0077936722883684695,0.0,0.5,0.01,0.5,j1_b_then_a,arithmetic
symmetric_moderate,43,2.0,independent,0.07134548251216868,1.6170531514881172,0.7041981865916174,0.21691108728549097,4.148364907946675e-17,0.05613146181748051,0.1960567069067849,0.18826303461841642,0.5,0.01,0.5,j1_b_then_a,arithmetic
symmetric_moderate,43,2.0,arithmetic,0.07134548251216868,1.420238913969597,0.6640433265298825,0.03644299550575326,0.023154843090574088,0.001150184217364757,-0.0007575306117353353,-0.008551202900103805,0.5,0.01,0.5,j1_b_then_a,arithmetic
symmetric_moderate,43,2.0,geometric,0.07134548251216868,1.420283510238578,0.664065287930117,0.03639606481177964,0.02314003006378046,0.0011503111095725002,-0.0007129343427543233,-0.008506606631122793,0.5,0.01,0.5,j1_b_then_a,arithmetic
symmetric_moderate,43,2.0,weighted_geometric,0.07134548251216868,1.420283510238578,0.664065287930117,0.03639606481177964,0.02314003006378046,0.0011503111095725002,-0.0007129343427543233,-0.008506606631122793,0.5,0.01,0.5,j1_b_then_a,arithmetic
symmetric_moderate,43,2.0,hard_core,0.07134548251216868,1.4210613355741701,0.6633871181507199,0.05815262666085314,3.1377909724608354e-14,0.00341154555095516,6.489099283779609e-05,-0.007728781295530673,0.5,0.01,0.5,j1_b_then_a,arithmetic
symmetric_moderate,43,2.0,adaptive_soft,0.07134548251216868,1.4202583995840117,0.6640477996725523,0.03644053356815178,0.022978874646830284,0.0011504064710183657,-0.0007380449973206638,-0.008531717285689133,0.5,0.01,0.5,j1_b_then_a,arithmetic
symmetric_moderate,43,2.0,selective_core,0.07134548251216868,1.420238913969597,0.6640433265298825,0.03644299550575326,0.023154843090574088,0.001150184217364757,-0.0007575306117353353,-0.008551202900103805,0.5,0.01,0.5,j1_b_then_a,arithmetic
symmetric_moderate,44,2.0,j1,0.07499112379975113,1.5120399346140585,0.7021490267223084,0.05314839493378732,0.025583212189844516,0.002513802831632597,0.0039140645848894096,0.0039140645848894096,0.5,0.01,0.5,j2_a_then_b,arithmetic
symmetric_moderate,44,2.0,j2,0.07499112379975113,1.508125870029169,0.700771640117987,0.05366330835329065,0.02401887989019007,0.002513802831632597,0.0,0.0,0.5,0.01,0.5,j2_a_then_b,arithmetic
symmetric_moderate,44,2.0,selected_order,0.07499112379975113,1.508125870029169,0.700771640117987,0.05366330835329065,0.02401887989019007,0.002513802831632597,0.0,0.0,0.5,0.01,0.5,j2_a_then_b,arithmetic
symmetric_moderate,44,2.0,independent,0.07499112379975113,1.7049958862161645,0.742183869255314,0.23102435185561637,4.1737185945854224e-17,0.057659957998740255,0.1968700161869954,0.1968700161869954,0.5,0.01,0.5,j2_a_then_b,arithmetic
symmetric_moderate,44,2.0,arithmetic,0.07499112379975113,1.5048460348800732,0.6996436922638406,0.03816555850778279,0.024801046040017267,0.0012636338154904379,-0.003279835149095911,-0.003279835149095911,0.5,0.01,0.5,j2_a_then_b,arithmetic
symmetric_moderate,44,2.0,geometric,0.07499112379975113,1.5050174599522101,0.6996890072179729,0.038130991674754214,0.02481067486681866,0.0012637859016785425,-0.003108410076958945,-0.003108410076958945,0.5,0.01,0.5,j2_a_then_b,arithmetic
symmetric_moderate,44,2.0,weighted_geometric,0.07499112379975113,1.5050174599522101,0.6996890072179729,0.038130991674754214,0.02481067486681866,0.0012637859016785425,-0.003108410076958945,-0.003108410076958945,0.5,0.01,0.5,j2_a_then_b,arithmetic
symmetric_moderate,44,2.0,hard_core,0.07499112379975113,1.5119278228585613,0.7011708234003254,0.06322227967156194,6.403473946567634e-14,0.0037171053365838485,0.003801952829392219,0.003801952829392219,0.5,0.01,0.5,j2_a_then_b,arithmetic
symmetric_moderate,44,2.0,adaptive_soft,0.07499112379975113,1.505019757022283,0.699688007631455,0.03820428184974429,0.02464139699845718,0.0012638498668664404,-0.0031061130068861242,-0.0031061130068861242,0.5,0.01,0.5,j2_a_then_b,arithmetic
symmetric_moderate,44,2.0,selective_core,0.07499112379975113,1.5048460348800732,0.6996436922638406,0.03816555850778279,0.024801046040017267,0.0012636338154904379,-0.003279835149095911,-0.003279835149095911,0.5,0.01,0.5,j2_a_then_b,arithmetic
symmetric_moderate,45,2.0,j1,0.07667144825072662,1.5350701114469913,0.7113489468467262,0.0533931126923245,0.025960020075195985,0.002566674729225344,0.004498455094486875,0.0,0.5,0.01,0.5,j1_b_then_a,geometric
symmetric_moderate,45,2.0,j2,0.07667144825072662,1.5305716563525045,0.7094867890922864,0.05370810860863807,0.025156960127765755,0.002566674729225344,0.0,-0.004498455094486875,0.5,0.01,0.5,j1_b_then_a,geometric
symmetric_moderate,45,2.0,selected_order,0.07667144825072662,1.5350701114469913,0.7113489468467262,0.0533931126923245,0.025960020075195985,0.002566674729225344,0.004498455094486875,0.0,0.5,0.01,0.5,j1_b_then_a,geometric
symmetric_moderate,45,2.0,independent,0.07667144825072662,1.704922401724061,0.7442129070876493,0.25553551651201395,4.3605744015629e-17,0.05864339368579729,0.17435074537155648,0.1698522902770696,0.5,0.01,0.5,j1_b_then_a,geometric
symmetric_moderate,45,2.0,arithmetic,0.07667144825072662,1.5280532307958425,0.7085059988185342,0.037391495686611494,0.025558490101480848,0.0012901928257504896,-0.0025184255566619296,-0.007016880651148805,0.5,0.01,0.5,j1_b_then_a,geometric
symmetric_moderate,45,2.0,geometric,0.07667144825072662,1.527647774143311,0.7084348015522542,0.03732539612498297,0.025551541521938233,0.001290353200069347,-0.0029238822091934846,-0.00742233730368036,0.5,0.01,0.5,j1_b_then_a,geometric
symmetric_moderate,45,2.0,weighted_geometric,0.07667144825072662,1.527647774143311,0.7084348015522542,0.03732539612498297,0.025551541521938233,0.001290353200069347,-0.0029238822091934846,-0.00742233730368036,0.5,0.01,0.5,j1_b_then_a,geometric
symmetric_moderate,45,2.0,hard_core,0.07667144825072662,1.537994100507771,0.7103085448518196,0.06309300971301482,3.930907604087451e-14,0.0036042515658005624,0.007422444155266605,0.0029239890607797303,0.5,0.01,0.5,j1_b_then_a,geometric
symmetric_moderate,45,2.0,adaptive_soft,0.07667144825072662,1.527657568947789,0.7084349136997468,0.037403156694072195,0.02538042650454649,0.0012904338101840768,-0.0029140874047155485,-0.007412542499202424,0.5,0.01,0.5,j1_b_then_a,geometric
symmetric_moderate,45,2.0,selective_core,0.07667144825072662,1.527647774143311,0.7084348015522542,0.03732539612498297,0.025551541521938233,0.001290353200069347,-0.0029238822091934846,-0.00742233730368036,0.5,0.01,0.5,j1_b_then_a,geometric
symmetric_moderate,46,2.0,j1,0.07266780283354282,1.4979646263259296,0.6913271972304195,0.051375713419723926,0.023701019601058044,0.002402813092963619,0.0,-0.009032769747893354,0.5,0.01,0.5,j2_a_then_b,geometric
symmetric_moderate,46,2.0,j2,0.07266780283354282,1.506997396073823,0.6948588283537822,0.05191606351866687,0.023229725247926908,0.002402813092963619,0.009032769747893354,0.0,0.5,0.01,0.5,j2_a_then_b,geometric
symmetric_moderate,46,2.0,selected_order,0.07266780283354282,1.506997396073823,0.6948588283537822,0.05191606351866687,0.023229725247926908,0.002402813092963619,0.009032769747893354,0.0,0.5,0.01,0.5,j2_a_then_b,geometric
symmetric_moderate,46,2.0,independent,0.07266780283354282,1.6489869891915496,0.721868207287926,0.18571725376395165,4.300502824943625e-17,0.042094819897339736,0.15102236286561999,0.14198959311772663,0.5,0.01,0.5,j2_a_then_b,geometric
symmetric_moderate,46,2.0,arithmetic,0.07266780283354282,1.497654518830467,0.6913481505538788,0.03640559326465234,0.02346537242449245,0.0012076767999672328,-0.0003101074954625638,-0.009342877243355918,0.5,0.01,0.5,j2_a_then_b,geometric
symmetric_moderate,46,2.0,geometric,0.07266780283354282,1.4976397577206766,0.6914584787106882,0.036397661464709644,0.02347833797369144,0.0012078154231478545,-0.00032486860525304806,-0.009357638353146402,0.5,0.01,0.5,j2_a_then_b,geometric
symmetric_moderate,46,2.0,weighted_geometric,0.07266780283354282,1.4976397577206766,0.6914584787106882,0.036397661464709644,0.02347833797369144,0.0012078154231478545,-0.00032486860525304806,-0.009357638353146402,0.5,0.01,0.5,j2_a_then_b,geometric
symmetric_moderate,46,2.0,hard_core,0.07266780283354282,1.507000779245267,0.6940890428064188,0.05904733317682353,5.888272400727092e-14,0.0031145500118126856,0.009036152919337459,3.3831714441046046e-06,0.5,0.01,0.5,j2_a_then_b,geometric
symmetric_moderate,46,2.0,adaptive_soft,0.07266780283354282,1.4976654828039315,0.6914710351306464,0.036460414593680456,0.023302923055072276,0.0012078834383756145,-0.0002991435219981131,-0.009331913269891468,0.5,0.01,0.5,j2_a_then_b,geometric
symmetric_moderate,46,2.0,selective_core,0.07266780283354282,1.4976397577206766,0.6914584787106882,0.036397661464709644,0.02347833797369144,0.0012078154231478545,-0.00032486860525304806,-0.009357638353146402,0.5,0.01,0.5,j2_a_then_b,geometric
symmetric_moderate,47,2.0,j1,0.07704088246584093,1.5867699997062468,0.7255665917166187,0.05675271784238607,0.025471431685057923,0.002582781484644582,0.008370328233303415,0.0,0.5,0.03,0.5,j1_b_then_a,arithmetic
symmetric_moderate,47,2.0,j2,0.07704088246584093,1.5783996714729434,0.7215317443634427,0.053719112172178805,0.024963846396037177,0.002582781484644582,0.0,-0.008370328233303415,0.5,0.03,0.5,j1_b_then_a,arithmetic
symmetric_moderate,47,2.0,selected_order,0.07704088246584093,1.5867699997062468,0.7255665917166187,0.05675271784238607,0.025471431685057923,0.002582781484644582,0.008370328233303415,0.0,0.5,0.03,0.5,j1_b_then_a,arithmetic
symmetric_moderate,47,2.0,independent,0.07704088246584093,1.7800633971838575,0.7634081850531788,0.24241145076413625,4.052327772403479e-17,0.06036700507730343,0.20166372571091418,0.19329339747761076,0.5,0.03,0.5,j1_b_then_a,arithmetic
symmetric_moderate,47,2.0,arithmetic,0.07704088246584093,1.5774102506595487,0.7216954632359667,0.04001465666155019,0.025217639040547524,0.001298078641566748,-0.0009894208133947036,-0.009359749046698118,0.5,0.03,0.5,j1_b_then_a,arithmetic
symmetric_moderate,47,2.0,geometric,0.07704088246584093,1.5773808432246592,0.7216482545058119,0.04005629143638973,0.025243712639817253,0.0012982235337433718,-0.0010188282482841426,-0.009389156481587557,0.5,0.03,0.5,j1_b_then_a,arithmetic
symmetric_moderate,47,2.0,weighted_geometric,0.07704088246584093,1.5773808432246592,0.7216482545058119,0.04005629143638973,0.025243712639817253,0.0012982235337433718,-0.0010188282482841426,-0.009389156481587557,0.5,0.03,0.5,j1_b_then_a,arithmetic
symmetric_moderate,47,2.0,hard_core,0.07704088246584093,1.59109122373838,0.7256109550400968,0.06508498499117922,4.1373375294937526e-14,0.003392238045310329,0.012691552265436723,0.004321224032133308,0.5,0.03,0.5,j1_b_then_a,arithmetic
symmetric_moderate,47,2.0,adaptive_soft,0.07704088246584093,1.5775241497139059,0.7216996976467899,0.04030562899215361,0.02471686007572082,0.001298875291157763,-0.0008755217590374897,-0.009245849992340904,0.5,0.03,0.5,j1_b_then_a,arithmetic
symmetric_moderate,47,2.0,selective_core,0.07704088246584093,1.5774102506595487,0.7216954632359667,0.04001465666155019,0.025217639040547524,0.001298078641566748,-0.0009894208133947036,-0.009359749046698118,0.5,0.03,0.5,j1_b_then_a,arithmetic
symmetric_moderate,48,2.0,j1,0.07472229457249326,1.542901446445524,0.7135709122843864,0.05335785073592534,0.02436158832345629,0.0024886579806865337,0.0006037913534673311,0.0006037913534673311,0.25,0.01,0.25,j2_a_then_b,geometric
symmetric_moderate,48,2.0,j2,0.07472229457249326,1.5422976550920566,0.7151646605887225,0.05434365229817499,0.02330370353028624,0.0024886579806865337,0.0,0.0,0.25,0.01,0.25,j2_a_then_b,geometric
symmetric_moderate,48,2.0,selected_order,0.07472229457249326,1.5422976550920566,0.7151646605887225,0.05434365229817499,0.02330370353028624,0.0024886579806865337,0.0,0.0,0.25,0.01,0.25,j2_a_then_b,geometric
symmetric_moderate,48,2.0,independent,0.07472229457249326,1.6778919755473545,0.7432162352825731,0.19621412310009068,4.3258494441512184e-17,0.039567178197720196,0.13559432045529785,0.13559432045529785,0.25,0.01,0.25,j2_a_then_b,geometric
symmetric_moderate,48,2.0,arithmetic,0.07472229457249326,1.537388524135268,0.7125799575116227,0.03842464429453948,0.023832645926871242,0.0012507112417516992,-0.004909130956788577,-0.004909130956788577,0.25,0.01,0.25,j2_a_then_b,geometric
symmetric_moderate,48,2.0,geometric,0.07472229457249326,1.5375857598104472,0.7126479492243701,0.03847283451485063,0.023858522553139708,0.0012508476486762286,-0.004711895281609424,-0.004711895281609424,0.25,0.01,0.25,j2_a_then_b,geometric
symmetric_moderate,48,2.0,weighted_geometric,0.07472229457249326,1.5386903450634197,0.7134801012635821,0.04316833581605775,0.023586640244682443,0.0015615020143677453,-0.003607310028636901,-0.003607310028636901,0.25,0.01,0.25,j2_a_then_b,geometric
symmetric_moderate,48,2.0,hard_core,0.07472229457249326,1.5424132985066659,0.7157276322700907,0.06156500063376246,3.044474390745705e-14,0.00301254480239222,0.00011564341460923444,0.00011564341460923444,0.25,0.01,0.25,j2_a_then_b,geometric
symmetric_moderate,48,2.0,adaptive_soft,0.07472229457249326,1.5386737878075887,0.7134788791509723,0.04315358011150084,0.023409486106027538,0.001556592547330586,-0.003623867284467952,-0.003623867284467952,0.25,0.01,0.25,j2_a_then_b,geometric
symmetric_moderate,48,2.0,selective_core,0.07472229457249326,1.5386903450634197,0.7134801012635821,0.04316833581605775,0.023586640244682443,0.0015615020143677453,-0.003607310028636901,-0.003607310028636901,0.25,0.01,0.25,j2_a_then_b,geometric
symmetric_moderate,49,2.0,j1,0.07684315476656016,1.4905916166306779,0.685671547970286,0.0537726507000152,0.026370866231857183,0.0026118224580731785,0.0,0.0,0.5,0.01,0.5,j1_b_then_a,arithmetic
symmetric_moderate,49,2.0,j2,0.07684315476656016,1.5059148876115087,0.6886573554138271,0.053697375236958195,0.025384320894652368,0.0026118224580731785,0.015323270980830861,0.015323270980830861,0.5,0.01,0.5,j1_b_then_a,arithmetic
symmetric_moderate,49,2.0,selected_order,0.07684315476656016,1.4905916166306779,0.685671547970286,0.0537726507000152,0.026370866231857183,0.0026118224580731785,0.0,0.0,0.5,0.01,0.5,j1_b_then_a,arithmetic
symmetric_moderate,49,2.0,independent,0.07684315476656016,1.7453923097628121,0.7382483824444642,0.2540308829262054,4.1195508382702545e-17,0.06538982307425784,0.25480069313213427,0.25480069313213427,0.5,0.01,0.5,j1_b_then_a,arithmetic
symmetric_moderate,49,2.0,arithmetic,0.07684315476656016,1.4933885267943128,0.685312081456396,0.0377590917812891,0.025877593563254753,0.001313193833252281,0.0027969101636349247,0.0027969101636349247,0.5,0.01,0.5,j1_b_then_a,arithmetic
symmetric_moderate,49,2.0,geometric,0.07684315476656016,1.4929882060289068,0.6851523234924327,0.03764978335361177,0.02586255303851839,0.001313371110459126,0.0023965893982289543,0.0023965893982289543,0.5,0.01,0.5,j1_b_then_a,arithmetic
symmetric_moderate,49,2.0,weighted_geometric,0.07684315476656016,1.4929882060289068,0.6851523234924327,0.03764978335361177,0.02586255303851839,0.001313371110459126,0.0023965893982289543,0.0023965893982289543,0.5,0.01,0.5,j1_b_then_a,arithmetic
symmetric_moderate,49,2.0,hard_core,0.07684315476656016,1.5106284362448965,0.6890275639168201,0.06424885682009315,4.386009078443407e-14,0.0039814162362962055,0.02003681961421866,0.02003681961421866,0.5,0.01,0.5,j1_b_then_a,arithmetic
symmetric_moderate,49,2.0,adaptive_soft,0.07684315476656016,1.493007541859874,0.6851625116068467,0.03772625541957315,0.02569342990891371,0.001313446083111197,0.002415925229196203,0.002415925229196203,0.5,0.01,0.5,j1_b_then_a,arithmetic
symmetric_moderate,49,2.0,selective_core,0.07684315476656016,1.4933885267943128,0.685312081456396,0.0377590917812891,0.025877593563254753,0.001313193833252281,0.0027969101636349247,0.0027969101636349247,0.5,0.01,0.5,j1_b_then_a,arithmetic
