row_id,text,true_label,true_label_enc,challenge_type,dataset
0,<USER> cleaning a regional jet takes an hour?,negative,0,emoji_heavy,D2
1,"<USER> again HORRIBLE service, again attitude when asked for information, again you make me not want to fly UNITED ever. #platinummember",negative,0,negation|emoji_heavy,D2
2,<USER> I can legitimately say that I would have rather driven cross country than flown on US Airways.,negative,0,emoji_heavy,D2
3,<USER> Is your BWI-SJD service seasonal? Wasn't part of extension. Called intl desk. They didn't know. Want to fly in Sept on Sat.,negative,0,emoji_heavy,D2
4,<USER> is there another line I can call when I am on hold for 5 hours? Also how can I get compensated for this loss of time and money?,negative,0,emoji_heavy,D2
5,<USER> where is it coming from? I thought Tampa?,negative,0,emoji_heavy,D2
6,<USER> soooo are you guys going to leave the seatbelt light on all flight? You can barely call this turbulence :-),negative,0,emoji_heavy,D2
7,<USER> I am trying to change the time of a flight I already purchased and was told I have to pay a $400 change fee. Ridiculous.,negative,0,emoji_heavy,D2
8,<USER> yes I did thank you! They did a great job turning the flight in jan !,positive,2,emoji_heavy,D2
9,<USER> flight for tomorrow morning Cancelled Flighted &amp; can't seem to rebook me. They can't even get me a seat. No clear answer on why Cancelled Flighted.,negative,0,negation|emoji_heavy,D2
10,<USER> #NoService good luck trying to reach a human! Twice sat on hold for over 50 mins... #neveragain,negative,0,hashtag_heavy|emoji_heavy,D2
11,"<USER> spending my birthday night with you, DAL-DCA. Get me home!",negative,0,emoji_heavy,D2
12,<USER> would it kill you to let me know how many minutes I might be on hold?,negative,0,emoji_heavy,D2
13,<USER> Oh I will. #Disney bound. #workhard #playsoon,neutral,1,hashtag_heavy|emoji_heavy,D2
14,<USER> dispatcher keeps yelling and hung up on me!,negative,0,emoji_heavy,D2
15,<USER> Joni did a great job on flight 5653 to LAX. Thanks for a great flight.,positive,2,emoji_heavy,D2
16,<USER> Understood. Thanks anyway,positive,2,emoji_heavy|short_ambiguous,D2
17,<USER> checking into a flight on your website is about as easy as asking a bear to shit in a toilet #justsaying,neutral,1,emoji_heavy,D2
18,<USER> That will be the third time I have been called by 800-433-7300 an hung on before anyone speaks. What do I do now???,negative,0,emoji_heavy,D2
19,<USER> Many thanks for your reply! <URL>,positive,2,emoji_heavy,D2
20,<USER> Everyone is sorry. Don't have what I need for meeting tomorrow. 140 charac. isn't nearly enough to highlight your shortcomings,negative,0,emoji_heavy,D2
21,<USER> worst customer service experience ever today. Get it together.,negative,0,emoji_heavy,D2
22,<USER> next time you promise an ontime departure you should stick to it instead of stuffing us in this sweat box with no air,negative,0,negation|emoji_heavy,D2
23,<USER> we can't all be american airlines I suppose... <URL>,negative,0,emoji_heavy,D2
24,<USER> so was there a winner for #DestinationDragons ???,neutral,1,emoji_heavy,D2
25,"<USER> My chariot tonight. From this angle it looks like a 787, no? <URL>",neutral,1,negation|emoji_heavy,D2
26,"<USER>, what do you know? Finally lined up like cattle to board my SW flight (after original departure time) #badcustomerservice",negative,0,emoji_heavy,D2
27,<USER> we appreciate auto rescheduling our Cancelled Flightled flight-- but you have nothing sooner than Tuesday? can fly into alternate loc?,negative,0,emoji_heavy,D2
28,.<USER> in the future when delay causes 15 hour wait (slept night in airport) ensuring seating choice for replacement flight would be good.,negative,0,emoji_heavy,D2
29,<USER> give me tickets to the atlanta show and I'll roadtrip from Canada!! Deal? 😆,neutral,1,emoji_heavy,D2
30,<USER> <USER> trying to speak with an agent about my flight to London tonight but can't get anyone from AA. Can you help?,negative,0,emoji_heavy,D2
31,<USER> cutest salt and pepper shaker ever. Just when I think you guys can't get any better you just do! <URL>,positive,2,emoji_heavy,D2
32,<USER> As a Million Miler I've been delayed plenty. NEVER in the amateurish way<USER> does it. I'd be embarrassed to be affiliated.,negative,0,negation|emoji_heavy,D2
33,"<USER> we're on AA1401 landed at 8:55pm in Miami, but waiting for a gate. Can someone on your team help us out?!",negative,0,emoji_heavy,D2
34,"<USER> Currently on UA862, 20 minutes of the worst turbulence I've ever experienced, and ZERO communication from the flight deck.",negative,0,emoji_heavy,D2
35,<USER> you're my early frontrunner for best airline! #oscars2016,positive,2,emoji_heavy,D2
36,<USER> the ads on your phone systems when waiting for a rep is the most annoying thing ever especially when waiting for over 10 mins...,negative,0,emoji_heavy,D2
37,"<USER> you bet make this screw up right (for once). Things I need in bag for my job and you have ""grounded"" me today #painandsuffering",negative,0,emoji_heavy,D2
38,<USER> I don't need to make any changes. I reserved my seats when I bought my tickets and there was an error &amp; now there are no comp seats,negative,0,negation|emoji_heavy,D2
39,"<USER> Yeah, try harder. No catering truck in sight. Can we just leave now w/o the food won't eat anyway?",negative,0,negation|emoji_heavy,D2
40,<USER> I need help about a ticket. DM me,neutral,1,emoji_heavy,D2
41,<USER> your airline also delayed our bags to us for 4 hours &amp; refused to ship them to our local airport #disappointed #stillbagless,negative,0,hashtag_heavy|emoji_heavy,D2
42,<USER> hi! I just bought a flight with united through ebokeers from Paris to Miami. Do I have any chance to check that everything is ok?,neutral,1,emoji_heavy,D2
43,<USER> Cancelled Flighted and rescheduled. said I'd have to pay $75 for earlier flight at next gate. Today <USER> proactively offered same for $0,negative,0,emoji_heavy,D2
44,<USER> Doesn't have to be same flight 2 and 2 will work also,neutral,1,emoji_heavy,D2
45,<USER> not an issue but I think training &amp; information would help. Great ppl but service needs to switch from individual to group better,negative,0,negation|emoji_heavy,D2
46,<USER> my bday was yesterday and my girl gave birth to my first born and I couldn't get a courtesy flight change from Lynn... THANKS!,negative,0,emoji_heavy,D2
47,<USER> your pple did a great job w the madness however some of your systems need help. I appreciate the hard work &amp; the push to b better,positive,2,emoji_heavy,D2
48,"<USER> oh I will, AA on speed dial",neutral,1,emoji_heavy,D2
49,<USER> I will thank you!,positive,2,emoji_heavy,D2
50,<USER> no my flight plans have been delayed until tuesday due to your computer crash,negative,0,negation|emoji_heavy,D2
51,"<USER> I can’t go back to the airport, I’m working, and won’t have time. Are you telling me there is seriously no other way?",negative,0,negation|emoji_heavy,D2
52,<USER> amen!,neutral,1,emoji_heavy|short_ambiguous,D2
53,<USER> Got help from a nice lady on the phone in Georgia. Thank you!,positive,2,emoji_heavy,D2
54,<USER> is there a referral program for the Milageplus explorer card?,neutral,1,emoji_heavy,D2
55,<USER> How is it possible the only way to contact your fraud department is mailing a physical letter? No telephone? No email? REALLY??,negative,0,negation|emoji_heavy,D2
56,“<USER>: Our fleet's on fleek. <URL> #foh,neutral,1,emoji_heavy,D2
57,<USER> will do! #heart #flying,neutral,1,hashtag_heavy|emoji_heavy,D2
58,.<USER> received an error online and have been on hold for over 1.5 hours. Completely unacceptable.,negative,0,emoji_heavy,D2
59,<USER> I wrote down the evoucher number. I got rid of the voucher when I purchased air fair,neutral,1,emoji_heavy,D2
60,<USER> good job at CLE .. TPA on schedule ... 4 to 5 inches of snow ! <URL>,positive,2,emoji_heavy,D2
61,<USER> experience exceptional service from Cherry at #DenverAirport. #GreatService. #professionalism,positive,2,hashtag_heavy|emoji_heavy,D2
62,<USER> Kudos to bag handler at DTW gate 21 at 7:10 pm. Ran to keep bags from hitting ground in 9 degree temp! <URL>,negative,0,emoji_heavy,D2
63,"<USER> trying to change my flight and you just hang up on ppl bc call volume is high. That's a joke, right?",negative,0,emoji_heavy,D2
64,<USER> after 4 hours of delays you did make a nice offer for rescheduling me the next day... but...,negative,0,emoji_heavy,D2
65,"<USER> first you had a good idea thatthis would happen and did not Cancelled Flight it earlier, then very amateurish that there was no plan.",negative,0,negation|emoji_heavy,D2
66,“<USER>: Our fleet's on fleek. <URL> <USER> new fav airline,positive,2,emoji_heavy,D2
67,<USER> ...and how does one obtain this companion pass?,neutral,1,emoji_heavy,D2
68,<USER> unhappy with your new mileage rules :( - was my main reason to keep flying united. Will have to take my business elsewhere,negative,0,emoji_heavy,D2
69,<USER> I figured the streaming wouldn't work per the TOS but just the <USER> site is taking longer than 5 minutes to load,negative,0,emoji_heavy,D2
70,<USER> We don't mind the fee! We were told we can't change name on ticket at all.,negative,0,emoji_heavy,D2
71,<USER> will we be able to watch the Oscars on our flight tomorrow?,neutral,1,emoji_heavy,D2
72,<USER> bag just delivered and items have been stolen. At first look - my Kate spade bag and bottle of spiced rum! Wtf!!,negative,0,emoji_heavy,D2
73,“<USER>: <USER> Hmmm... how does the Caribbean sound? <URL> ^LD” WARM THANKS!,positive,2,emoji_heavy,D2
74,<USER> thanks for bringing my son home to me.,positive,2,emoji_heavy,D2
75,You don't have to do this “<USER>: Our fleet's on fleek. <URL>,neutral,1,emoji_heavy,D2
76,<USER> our flight was rebooked with you and we want to change our seats or upgrade to 1st class. Can you help? Phones are down.,negative,0,emoji_heavy,D2
77,<USER> real shit my nigga north don't play around!,neutral,1,emoji_heavy,D2
78,<USER> OMG OMG OMG !!! I JUST DID!!,neutral,1,emoji_heavy|slang,D2
79,"<USER> <USER> well there is certainly nothing happening ""in front"" of the scenes. #Noaccountability #disappointing",negative,0,hashtag_heavy|emoji_heavy,D2
80,<USER> <USER> thought u merged but #USAirways sucks #worstever <URL>,negative,0,hashtag_heavy|emoji_heavy,D2
81,"<USER> nope, they just announced we're headed back to the gate.",negative,0,emoji_heavy,D2
82,<USER> Done! Also looks like you opened some up on my flight to Vegas on Sunday! 💙,positive,2,emoji_heavy,D2
83,<USER> No I got to Philly on Monday and got to my final destination South Carolina on Wednesday. Its not acceptable.,negative,0,negation|emoji_heavy,D2
84,"<USER> I can easily get to the Atlanta show, I just need tickets, help?!",neutral,1,emoji_heavy,D2
85,<USER> Can someone rebook me? Please direct message me.,neutral,1,emoji_heavy,D2
86,<USER> <USER> this is an international airline that experienced record profits last quarter. But they can't staff a call center,negative,0,emoji_heavy,D2
87,"<USER> took forever for catering to get to my flight, now are very delayed. So ticked off right now.",negative,0,emoji_heavy,D2
88,"<USER> I had it until last night, but because ""severe weather"" I could make the needed changes and now fair goes up 150 each.",negative,0,emoji_heavy,D2
89,<USER> thx for delayed checkin on noon flt to mia then forcing me to take Late Flightr flts which were delayed. Cincy to Miami in 13 hrs! #fast,negative,0,emoji_heavy,D2
90,"<USER> all your online resources say we're on time, but clearly we are not. This is not very information age of you...",negative,0,negation|emoji_heavy,D2
91,"<USER> that's why I'm asking for exception. Staffer moving last minute,we're a nonprofit &amp; losing $400,we just want to change ticket.",negative,0,emoji_heavy,D2
92,<USER> thanks kp but luckily my transfer has maintenance issues and is still delayed so I didn't miss my transfer...,negative,0,emoji_heavy,D2
93,<USER> should prob give me a refund since they made me miss my flight waiting to talk to someone for 3 hours... <URL>,negative,0,emoji_heavy,D2
94,<USER> <USER> HAHA. you didn’t disappoint. Well done. #JVMChat,positive,2,emoji_heavy,D2
95,<USER> has posted flight schedule covering the date range of <USER> 23,neutral,1,emoji_heavy,D2
96,"<USER> booked flight 1mnth ago, seat CONFIRMED, small plane arrived and was not allowed to board bcs no seat, horrible service",negative,0,negation|emoji_heavy,D2
97,<USER> too long for 140 characters,negative,0,emoji_heavy,D2
98,"<USER> yes, We have de baggage claim, I'm so sad for the baggage and how They treat Us 😞 please we need That baggage",negative,0,emoji_heavy,D2
99,<USER> the last 4 times I've arrived <USER> our gate has been blocked by a slow to depart plane leading to 30-60 min delays,negative,0,emoji_heavy,D2
100,<USER> now the 3rd issue with the plane is a fuel leak. They will let us know soon what they decide. #getmeoffthisplane #ineedabeer,negative,0,hashtag_heavy|emoji_heavy,D2
101,"<USER> flying w/ infant for the 1st time, can I bring a canister of powder formula for a carry on and/or use my plastic formula divider?",neutral,1,emoji_heavy,D2
102,<USER> I see my flight from Boston to Pitts is ok from this afternoon. Did you have any delays for the morning flight?,neutral,1,emoji_heavy,D2
103,<USER> are we scheduled to depart as scheduled?,neutral,1,emoji_heavy,D2
104,<USER> plus what about food? And taxis?,negative,0,emoji_heavy,D2
105,<USER> Such a suprise! New vanity kit set for frequent travellers 😀 thank you AA! <URL>,positive,2,emoji_heavy,D2
106,<USER> well our plane just landed at the international terminal... so they announced the 10 pm new time.,negative,0,emoji_heavy,D2
107,<USER> would love to respond to link but supervisor tore ticket up and refused to give me names and hid her badge from me,negative,0,emoji_heavy,D2
108,"<USER> BTW I was completely unable to buy wifi for my flight using Galaxy S4. Couldn't zoom out or scroll to touch ""Buy""",negative,0,emoji_heavy|slang,D2
109,<USER> can I just go ahead and live in your premium cabins? I'm in heaven now en route to LHR,positive,2,emoji_heavy,D2
110,<USER> Are there discounts every tuesday cause Im leaving fron Birmingham Airport to San fran Next week in march sometime,neutral,1,emoji_heavy,D2
111,"<USER> help me, united! I paid for economy plus on a flight that was changed BC of delay. Will I be automatically refunded?",negative,0,emoji_heavy,D2
112,<USER> I'm looking every day just watching for a deal. I have specific dates so fare finder doesn't help me,neutral,1,emoji_heavy,D2
113,<USER> can I book using some sort of breavement program? I need to get home for my pops funeral,neutral,1,emoji_heavy,D2
114,<USER> This isn't a one time thing either! It's a shocking pattern of repeated neglect and disrespect.,negative,0,emoji_heavy,D2
115,.<USER> I did but the more eyes I have looking for Pandu the better chance I have of bringing him home.,negative,0,emoji_heavy,D2
116,<USER> allowing passengers on my flight to block exit of plane,negative,0,emoji_heavy,D2
117,<USER> <USER> iPhone 6 64GB (not 6 plus),neutral,1,negation|emoji_heavy,D2
118,<USER> think flight 1945 from BNA to LAX will get off the ground tomorrow??? #please #snowbama,neutral,1,hashtag_heavy|emoji_heavy,D2
119,<USER> I need some help. My record locator is bringing up TWO different flights in your system. One op by AA &amp; one from US Airways.,neutral,1,emoji_heavy,D2
120,"<USER> absolutely worst experience of my life at PHL. 6 hrs, 1 failed departure, 3 gates, and ZERO communication or help!!",negative,0,emoji_heavy,D2
121,<USER> Yeah I know that...but now I'll have to spend almost 500 dollars more on my ticket since the price has gone up over the week,negative,0,emoji_heavy,D2
122,<USER> misplaced my bag 36 hr ago and can't tell me where it is. I've lost $1000 of stuff :( #AmericanAirlines #unamericanairlines,negative,0,hashtag_heavy|emoji_heavy,D2
123,<USER> hats off to Admiral Lounge attendant @ YYZ Terminal 3 who gave her banana to our toddler when none avail elsewhere.,positive,2,emoji_heavy,D2
124,<USER> any idea what's up with flight AA3181?,negative,0,emoji_heavy,D2
125,"<USER> i hope it takes you 6 hours to get home when it should take 20. my flight was Cancelled Flightled because they ""couldn't staff the plane""",negative,0,emoji_heavy,D2
126,<USER> <USER> can you pm me w answer if flt to 4278 is still on time. Been on ground over an hr w no gate. Need help. Pls,negative,0,negation|emoji_heavy,D2
127,<USER> They're also saying the CLT flights are delayed but you're not showing it in your system which makes it impossible to figure out,negative,0,negation|emoji_heavy,D2
128,<USER> can I bring mini bottles of booze on to my flight?,neutral,1,emoji_heavy,D2
129,<USER> is the stingiest airline. Nobody should model after them. #PTFO #cheap #bastards #stingy,negative,0,hashtag_heavy|emoji_heavy,D2
130,<USER> 768 SFO to BOS and no internet it is 2015 what gives?,negative,0,negation|emoji_heavy,D2
131,"<USER> They weren't on any flight, they just came Late Flight. Your JetBlue employee just informed us!",negative,0,emoji_heavy,D2
132,"<USER> I slept in the miami airport due to mechanical issues and was given 10,000 bonus miles to try and make it right. #slapintheface",negative,0,emoji_heavy,D2
133,<USER> but it's hard to stay upset at someone when they at least TRY to show remorse.,negative,0,emoji_heavy,D2
134,<USER> I pay for a service to be delivered. Whether or not it is your fault shouldn't there be some sort of compensation?,negative,0,negation|emoji_heavy,D2
135,"<USER> never in my life have I dealt with such poor customer service, irresponsible staff and lack of care LGA-IAH day 2, baggage in NC?",negative,0,negation|emoji_heavy,D2
136,"<USER> oh it can get better apparently. After making us wait for a gate, psych!! Now we need you to de-ice before coming to the gate!!",negative,0,emoji_heavy,D2
137,<USER> am I allowed to bring a duffle bag and back pack as my carry on and personal item? Flying out of NY,neutral,1,emoji_heavy,D2
138,<USER> You are 0 for 3 so far in on-time flights on this vacation.,negative,0,emoji_heavy,D2
139,"<USER> Coach interior on UA 992 looked like it was salvaged from the 80s. Tiny unusable video, no power &amp; lifevests on the floor #UA992 …",negative,0,negation|emoji_heavy,D2
140,<USER> would you say a delay is more likely? Thanks so much.,positive,2,emoji_heavy,D2
141,<USER> today take flight to san francisco. .. refuse to let us board with baby early... time we board wont let us take baby carryon bag,negative,0,emoji_heavy,D2
142,"“<USER>: <USER> We're sorry you were uncomfortable, Andrew. What can we do for you?” SMA",negative,0,emoji_heavy,D2
143,"<USER> Don't worry, you will! :-)",neutral,1,emoji_heavy,D2
144,<USER> I will tell marry a lamp if you give me tickets to the Vegas show please I am desperate,neutral,1,emoji_heavy,D2
145,<USER> Just sent DM with confirmation number and passenger name on SWA 3104 MCO-&gt;CMH,neutral,1,emoji_heavy,D2
146,"<USER> If I am traveling with an infant in my lap, is there anything I need to do to notify you?",neutral,1,emoji_heavy,D2
147,<USER> stranding a student trying to get to Birmingham in CLT overnight w/o any help. You can do better than that. <USER>,negative,0,emoji_heavy,D2
148,<USER> good morning sunshine! #TailfinThursday <URL>,positive,2,emoji_heavy,D2
149,<USER> Thanks for the lack of help and the canned response from the 1K desk!,negative,0,emoji_heavy,D2
150,"<USER> rarely ceases to amaze...for the worse. i hope this is the last time i ""have"" to fly with you.",negative,0,emoji_heavy,D2
151,<USER> I am very glad I took care of own rescheduling now that UA 1580 from OGG was Cancelled Flightled. <URL>,negative,0,emoji_heavy,D2
152,"<USER> suggest you failures make a HUGE donation to <USER> Charlotte, NC as THEY provided GREAT customer service today, unlike you.",negative,0,emoji_heavy,D2
153,<USER> <USER> I just spoke to the baggage claim center and they gave me travel credit but will not be responsible for the cost of a,negative,0,negation|emoji_heavy,D2
154,<USER> I did set up notifications through AA &amp; Us airways. still nothing,negative,0,emoji_heavy,D2
155,<USER> it's done. If you do something to make up for it I'll tweet that too.,neutral,1,emoji_heavy,D2
156,<USER> just DMed. thanks so much for addressing this so quickly.,positive,2,emoji_heavy,D2
157,<USER> I've applied more then once to be a member of the #inflight crew team...Im 100% interested. #flightattendant #dreampath -G,positive,2,hashtag_heavy|emoji_heavy,D2
158,<USER> Thanks to AA for the upgrade today and getting me on a new flight after my first one was Cancelled Flightled!,positive,2,emoji_heavy,D2
159,<USER> <USER> <USER> lol. I was sure I'd wake up to more of a response than this half-thought auto tweet. hope you made it out.,negative,0,emoji_heavy|slang,D2
160,<USER> thank you for handling this for me. Glad Southwest cares about what it's flyers think!,positive,2,emoji_heavy,D2
161,"<USER> If that was the case, why did your alert arrive so Late Flight? Four-hour delay? Don't buy it.",negative,0,emoji_heavy,D2
162,<USER> is AA951 to São Paulo taking off today? Your colleagues won't tell us any thing,negative,0,emoji_heavy,D2
163,<USER> how does it feel to have almost everyone hate you?,negative,0,emoji_heavy,D2
164,"Bruh...real tweet from <USER> ""Our fleet's on fleek. <URL>",neutral,1,emoji_heavy,D2
165,<USER> yall tried it with this little bitty plane flying out of boston!! I hate little planes!!!,negative,0,emoji_heavy,D2
166,<USER> are you anticipating weather-reLate Flightd Cancelled Flightations for afternoon departures out of AUS today?,neutral,1,emoji_heavy,D2
167,"<USER> - In case you're reading this, UA230, right now, 7D. So many oversized carryons taking up too much room. Enforce your rules.",negative,0,emoji_heavy,D2
168,<USER> So far....my phone wait time is longer than <USER>'s #Oscars coverage. #WhatCustomerService,negative,0,hashtag_heavy|emoji_heavy,D2
169,<USER> empathizes w/ my disappointment that 1stClass flight w/nonworking entertainmnt is worth $50. #UnFriendlySkies <URL>,negative,0,emoji_heavy,D2
170,"<USER> I have LITERALLY been on hold since 3am est.PlatinumEventually hung up &amp; again back on hold. Understand weather, but ridiculous.",negative,0,emoji_heavy,D2
171,<USER> No worries. Time flew in the terminal and now we're taking off. Thanks again!,positive,2,negation|emoji_heavy,D2
172,<USER> there is nothing tonight and I am on the flight now with GOGO internet is there a way that someone could send me a DM or email?,neutral,1,emoji_heavy,D2
173,<USER> <USER> you get to hold? called twice only to be kicked off.calls 3-6 #phonedied #AListpreferred <URL>,negative,0,hashtag_heavy|emoji_heavy,D2
174,<USER> What's with your baggage handlers calling out at DFW today? No luggage onboard the planes.,negative,0,negation|emoji_heavy,D2
175,<USER> is amazing. Had a short delay. They gave me $150 credit! It was literally pretty much my fault I missed the flight.,positive,2,emoji_heavy,D2
176,<USER> do you ever reinstate Cancelled Flighted flights?,negative,0,emoji_heavy,D2
177,"<USER> arrived +-10pm eastern. Had to deplane on the CRJs airstairs to an icy Tarmac. Valet bags sent to carousel, so it was 10:20pm.",negative,0,emoji_heavy,D2
178,<USER> sounds great! Thank you!! :),positive,2,emoji_heavy,D2
179,"<USER> - 75% of a plane's passengers boarding in your ""Premier"" groups might be an indication of a broken process.",negative,0,emoji_heavy,D2
180,<USER> <USER> 9 empty seats open in 1st on AA1061. No upgrades for a U.S. Gold member? Would love consistent policies.,negative,0,negation|emoji_heavy,D2
181,<USER> Boeing 777 Star Alliance short finals <USER> 27L on an amazing winters morning #777 #Avgeek <URL>,positive,2,hashtag_heavy|emoji_heavy,D2
182,<USER> ORD Gate C25 and Flt 619- remember when customers were valuable? Is it so hard to be nice to someone lugging a guitar &amp; carryons ?,negative,0,emoji_heavy,D2
183,"<USER> was hoping for 8A if possible, for some frozen views along the way!",neutral,1,emoji_heavy,D2
184,<USER> - Group 2 line gets longer every week. Almost no one left for Groups 3-5 anymore. Time to make Explorer Card Group 3?,neutral,1,negation|emoji_heavy,D2
185,"<USER> 2 hours now! No I'm not patient. Why don't you have a call back feature or pay someone to answer the phone, not tweet #onhold",negative,0,negation|emoji_heavy,D2
186,<USER> I'll stick with flying for free any where that Southwest goes; my son works for this wonderful company and Moms fly free.,positive,2,emoji_heavy,D2
187,<USER> I'm curious to know how do you compensate for passengers missing engagements due to a two hour wait on the tar-mat to get to a gate,negative,0,emoji_heavy,D2
188,<USER> was in the air. Just DMd you,neutral,1,emoji_heavy,D2
189,<USER> stuck in YYZ because staff took a break? Not happy 1K....,negative,0,negation|emoji_heavy,D2
190,"<USER> That's ok...You may keep my $25 and lose my bag with no info, but you no longer have my trust. Bad way to handle this.",negative,0,negation|emoji_heavy,D2
191,<USER> attached original ticket. flight number was 1672. isn't the experience I thought I would have. Terrible! <URL>,negative,0,emoji_heavy,D2
192,<USER> or she ;),neutral,1,emoji_heavy|short_ambiguous,D2
193,"<USER> I ❤️ Jetblue but i was on flt 277 from fll to sfo. tke off was over 1 hr Late Flight, div to phx &amp; got in 2 hrs Late Flight. What will be done?",negative,0,emoji_heavy,D2
194,"<USER> <USER> That's DFW!? OMG! Yeah cold, everywhere!",neutral,1,emoji_heavy|slang,D2
195,<USER> no. Not boarding order. Someone boarded with. Service Animal which a member of my party was allergic to and because the flight was,negative,0,negation|emoji_heavy,D2
196,"<USER> <USER> <USER> can you help? <USER> is in the wrong, stuck in Florida 3days. They need to learn from real airlines.",negative,0,emoji_heavy,D2
197,<USER> THANK YOU for finally making your boarding passes work with passbook,positive,2,emoji_heavy,D2
198,<USER> Another dead end. They only handle AA L&amp;F. They gave me the same failed # I already had. 610-362-7498(99) VM full. #lost,negative,0,emoji_heavy,D2
199,"<USER> btw, her name was Samantha and she won over everyone on the flight",positive,2,emoji_heavy|slang,D2
200,<USER> been trying to talk with a dividend miles rep for 2 days now. I have been holding for over 2 hours each day. What are my options?,negative,0,emoji_heavy,D2
201,<USER> kids fly. Don't hire people who don't care about them. This guy. #jetblue <URL>,negative,0,emoji_heavy,D2
202,<USER> is the real MVP for holding up the flight connecting Philly to Tampa.,negative,0,emoji_heavy,D2
203,"<USER> just a heads up, this page no longer exists <URL>",negative,0,negation|emoji_heavy,D2
204,<USER> who compensates is for the delays caused by the fact that you don't have enough flight attendants?? <URL>,negative,0,emoji_heavy,D2
205,<USER> <USER> <USER> is better than AA.,negative,0,emoji_heavy,D2
206,<USER> Good grief! Flight Cancelled Flightled. Been on hold since 0400.,negative,0,emoji_heavy,D2
207,<USER> where do we start? I've already wasted 1.5 hrs of phone wait time already :-(,negative,0,emoji_heavy,D2
208,"<USER> the customer service today is unsat, Flight cnx, not notified, called for 6 hours and the phone line does not even let me hold",negative,0,negation|emoji_heavy,D2
209,"<USER> dropped off a luggage at IAD over 2 months ago for repair from damages haven't heard anything about it since, when do I get it back?",negative,0,emoji_heavy,D2
210,<USER> No. I was told I got put on another flight and that I would get an email. Still haven't gotten one yet.,negative,0,negation|emoji_heavy,D2
211,<USER> now been on board with no movement for 25 min...wow this experience just keeps getting worse and worse,negative,0,negation|emoji_heavy,D2
212,<USER> cust svc just let it slip that previous cust svc lied to me about supervisors &amp; corporate ph#. $200 to change a $130 tix? No thx.,negative,0,negation|emoji_heavy,D2
213,<USER> my family and I are excited to see you too😊😊,positive,2,emoji_heavy,D2
214,"<USER> when AA gate supervisor 600117 was asked for his superiors name, response received was ""the CEO of #AmericanAirlines"" #merger",neutral,1,hashtag_heavy|emoji_heavy,D2
215,<USER> I would love to Fort Lauderdale now that would cool.,neutral,1,emoji_heavy,D2
216,<USER> nah it's for my flight next week.. inside my Chairman 7-day window but you still haven't released the last open First seat to me,negative,0,emoji_heavy,D2
217,<USER> - have dinner reservations in a few minutes -- and I've been trying to get through to you since BREAKFAST. #onholdwith,negative,0,emoji_heavy,D2
218,<USER> hi friend! Question for you when you have a moment.,neutral,1,emoji_heavy,D2
219,"<USER> As I already have a booked flight that I can't use &amp; can't change w/o a $200 fee, Flight Booking Problems a different type of ticket...1/2",negative,0,emoji_heavy,D2
220,<USER> I wrote to you but got nothing.and I am out of US .It is very simple thing.Will ypu provide compensation for your delay?,negative,0,emoji_heavy,D2
221,"<USER> I've got a BA flight as your airport couldn't accommodate us. We were left without any info. No vouchers for food,nothing.",negative,0,negation|emoji_heavy,D2
222,"<USER> I need you to get my cousin to PDX, she's on 2 days of travel now and we've had to hire other sitters til she arrives, thx for that",negative,0,emoji_heavy,D2
223,<USER> why are you still selling tickets when you haven't rebooked people to arrive at their destinations on time?,negative,0,emoji_heavy,D2
224,"<USER> the first place but I really didn't need the extra stress at this already terrible time. Oh by the way, I made the flight with 30",negative,0,emoji_heavy,D2
225,<USER> obviously no one knows a darn thing around here. What are we to do if this does not get resolved? <URL>,negative,0,negation|emoji_heavy,D2
226,<USER> Amazingly Awesome customer service from your reservation agents tonight. Helping correct a mistake. I so love this airline. :),positive,2,emoji_heavy,D2
227,"<USER> yes, I was rebooked the next day (Weds). Thanks. Just upset that I lost 2 additional work days AND paid for my own hotel. #losing",negative,0,emoji_heavy,D2
228,"<USER> holding your passengers hostage during your computer crash is not customer friendly, let us off the plane or get us moving",negative,0,negation|emoji_heavy,D2
229,<USER> 800 number will not even let you wait for next customer rep. Very frustrating. Can't talk to humans.,negative,0,negation|emoji_heavy,D2
230,<USER> What a really GREAT &amp; FLATTERING story about you! You should be very proud :) <URL> (via <USER>),negative,0,emoji_heavy,D2
231,"<USER> if you're going to charge for wifi, do us all a solid and make sure it doesn't take the length of the flight to open a page",negative,0,emoji_heavy,D2
232,<USER> How can you not know where my bags are? You knew where they were 6 hours ago. You are killing me! Worst service. Ever.,negative,0,negation|emoji_heavy,D2
233,<USER> although there was a 6 hour delay every single staff member from the ticket desk to the admirals club in was as sweet as pie,positive,2,emoji_heavy,D2
234,"<USER> I understand a bit of a wait, but I called at 6:23 pm and didn't get a call back until just after 11:00 pm, that's not cool",negative,0,negation|emoji_heavy,D2
235,"<USER> Paid for a Choice Seat my Choice is to NOT have big man next to me in my seat, too. #oldseatnocushion #worstflight #nohelponboard",negative,0,negation|hashtag_heavy|emoji_heavy,D2
236,First base already? I like your style <USER>,positive,2,emoji_heavy,D2
237,<USER> on hold with customer service; you may be quicker. I rebooked trip for a lower fare. Where did the difference in $ go?,negative,0,emoji_heavy,D2
238,<USER> while I appreciate that you actually responded I travel way too much for you to tell me coffee is not a basic option,negative,0,negation|emoji_heavy,D2
239,<USER> thanks for the response. Just been waiting for 5 hours and really frustrated. Seems like no one at JetBlue is concerned.,negative,0,negation|emoji_heavy,D2
240,<USER> big up the pilot of 644 for turning 1hr on the tarmac to just a 20min delayed arrival,positive,2,emoji_heavy,D2
241,<USER> Really!? That's good to hear! Thanks for the update <USER> We may make that business meeting after all.,positive,2,emoji_heavy,D2
242,<USER> My flight cost me just under $800 and this is what happens? I fly with <USER> and have no problems. I come the US 4-5 times...,negative,0,negation|emoji_heavy,D2
243,<USER> hello #SouthwestAir I'm happy to be flying with you this morning DAL-MDW #4053 looking forward to a comfortable fight,positive,2,hashtag_heavy|emoji_heavy,D2
244,"<USER> <USER> <USER> Next thing you know, United will believe they are above the DOT and take them to court. United is anti-consumer",negative,0,emoji_heavy,D2
245,<USER> would you consider honoring the original fare price if I were to try Flight Booking Problems the ticket again?,negative,0,emoji_heavy,D2
246,"<USER> I tried, EXTREMELY RUDE. Even the supervisor. And when I asked to speak to HIS supervisor I was told no",negative,0,negation|emoji_heavy,D2
247,<USER> have better customer service at John Wayne airport.,negative,0,emoji_heavy,D2
248,<USER> I'm frustrated by all of the <USER> attitude toward #ExecPlat members. #thenewamerican,negative,0,hashtag_heavy|emoji_heavy,D2
249,.<USER> being delayed 3 hours for a one hour flight is more than frustrating. I'm also unable to get a decent meal at this hour.Never again,negative,0,negation|emoji_heavy,D2
250,"<USER> Not giving you a hard time...Just looking for basic customer service after AA lost my bag. ETA on it's return, please????????",negative,0,negation|emoji_heavy,D2
251,<USER> Weather seriously cannot even be the only excuse at this point because it was awful service in the summer too. Over it.,negative,0,emoji_heavy,D2
252,<USER> that sucks. Oh well.,negative,0,emoji_heavy,D2
253,<USER> I been on hold with U for 40mins wasting my time and $ &amp; I don't appreciate it #WheresTheCustomerServiceAt <URL>,negative,0,emoji_heavy,D2
254,<USER> is the worst airline I’ve ever flown on. You guys have treated me like garbage today.,negative,0,emoji_heavy,D2
255,"<USER> appreciate the reply, hopefully those LAX agents get the memo. Cheers!",positive,2,emoji_heavy,D2
256,<USER> thank you so much completely made things right!,positive,2,emoji_heavy,D2
257,<USER> yes I did. Terrible service from your courrier,negative,0,emoji_heavy,D2
258,"<USER> y airline I fly with, but haven't seen anything like this yet!",negative,0,emoji_heavy,D2
259,"<USER> Can someone assist me with my DM's? Waiting 1 hour on phone, 2 hours on Twitter.",negative,0,emoji_heavy,D2
260,<USER> I am in seat 4C and I cannot even open my laptop; and I paid extra for this seat!!,negative,0,emoji_heavy,D2
261,"<USER> Cancelled Flights flight Tampa to Philadelphia today due to runway conditions yet tonnes of USAirways flights landing there today, explain!",negative,0,emoji_heavy,D2
262,<USER> why 730 and not 645 as scheduled?,negative,0,negation|emoji_heavy,D2
263,<USER> El Paso deals....May❤❤❤😍🌏,positive,2,emoji_heavy|short_ambiguous,D2
264,<USER> I am But Your customer service is Brutal.,negative,0,emoji_heavy,D2
265,<USER> Big thanks to Ricardo Olavarria at Reagan Airport. Fixed our ticket and made sure we made it for our friend's wedding #greatservice,positive,2,emoji_heavy,D2
266,<USER> - kind of early but any idea when dates through the first week of sept will come available?,neutral,1,emoji_heavy,D2
267,<USER> are you ever looking for interns ?,neutral,1,emoji_heavy,D2
268,<USER> I need #United to be a better airline!!,negative,0,emoji_heavy,D2
269,<USER> today my family gets to experience #mosaic status w/ me! #LifeIsGood,positive,2,hashtag_heavy|emoji_heavy,D2
270,"<USER> if i want to change my flight due to weather conditions in Dallas this weekend, i should be able to cover change fee with miles",neutral,1,emoji_heavy,D2
271,<USER> aftr 10 hrs bng held hstg at mia bc aa refsd to get med bags. bag fnd aa then refsd to fix tkts they cnceld said $360 to fly,negative,0,emoji_heavy,D2
272,"<USER> seems like queue times are very high, in Q waiting for an agent 4 almost an hour.Flight got Cancelled Flightled. <URL>",negative,0,emoji_heavy,D2
273,<USER> this is more than having patience. This is not acceptable. <URL>,negative,0,negation|emoji_heavy,D2
274,"<USER> we had a wonderful flight attendant named Leah that was with us from lga to den, then den to anchorage!",positive,2,emoji_heavy,D2
275,<USER> DM the conf # to you - did you receive it?,neutral,1,emoji_heavy,D2
276,<USER> really? No meal vouchers for a 7 hour flight delay out of Virgin Islands...,negative,0,negation|emoji_heavy,D2
277,"<USER> I don't mind waiting, I mind waiting on a plane, when I shouldn't have had to. The airport has more room and you know.. food!",negative,0,emoji_heavy,D2
278,<USER> I have a voucher w swa that expires 4/10. An extension would be a lot of luv,negative,0,emoji_heavy,D2
279,<USER> always a fucken nightmare with your airline. #fail #lazy #alwaysLate Flight #worstairlineever,negative,0,hashtag_heavy|emoji_heavy,D2
280,<USER> Giants and Virgin America. A match made in heaven.,positive,2,emoji_heavy,D2
281,<USER> your announcement for pre boarding only addresses mobility. My disability requires me to travel with a lot of stuff. Do I preboard?,neutral,1,emoji_heavy,D2
282,"<USER> 2/2 Instead, had to wait on plane from Ottawa that never came. Now I'm back home and have to try again tomorrow. Suitcase still lost",negative,0,negation|emoji_heavy,D2
283,<USER> I did. they told us the wrong carousel number.,neutral,1,emoji_heavy,D2
284,"<USER> I have a credit that expires a month before my flight, is there any possible way I can have that extended?",neutral,1,emoji_heavy,D2
285,<USER> VERY upset that I cannot select seats for Tuesday flight online or over the phone. Terrible customer service :( Please help!,negative,0,emoji_heavy,D2
286,<USER> thanks to your airline I now have a ruined bag and you refuse to do anything about it.,negative,0,emoji_heavy,D2
287,<USER> Will the airline refuse my Canadian passport with less than 6 months remaining validity? Going to US.,neutral,1,emoji_heavy,D2
288,<USER> JP - DM message who? Can't get a DM through to <USER>,negative,0,emoji_heavy,D2
289,<USER> thank you,positive,2,emoji_heavy|short_ambiguous,D2
290,"<USER> well, depending on the policy will make the determination as to which airline is selected to travel.",neutral,1,emoji_heavy,D2
291,<USER> Thank You! CC: <USER>,positive,2,emoji_heavy,D2
292,<USER> airlines 1st &amp; only time I ever fly your airline! What a disgrace. <USER> I should've listened to your tweet! #HORRIBLE,negative,0,emoji_heavy,D2
293,<USER> WHAT IS GOING ON? This is pathetic. Online doesn't work and phone wants $25 to give a seat assignment.,negative,0,emoji_heavy,D2
294,<USER> <USER> we just want to go home tonight - why did you Cancelled Flight the last leg of our reserv. w/out our permission??! #PH6RPS,negative,0,emoji_heavy,D2
295,"<USER> flt 4439 is on the ground, but you don't have a gate for us at dca. Why is this happening?",negative,0,emoji_heavy,D2
296,<USER> thank you!,positive,2,emoji_heavy|short_ambiguous,D2
297,<USER> Any way to change from Main Cabin to Main Cabin Select (on same flight) without paying a change fee penalty?,neutral,1,negation|emoji_heavy,D2
298,<USER> AA 1657 was also over an hour Late Flight to depart Ohare and now we have no luggage. Not happy standing in a long line at baggage svc,negative,0,negation|emoji_heavy,D2
299,<USER> I find it funny that <USER> responds but you don't. Your customer service is the worst. #wedontcarebecauseyoupaidalready,negative,0,emoji_heavy,D2
300,<USER> please contact me about portfolio left on flight VX 27 from JFK to SFO tonite seat 7AM. Need it returned. Call 914-329-0185.,neutral,1,emoji_heavy,D2
301,<USER> hard to believe since your staff @ SFO checked them under someone by the name of #ritacomo who flew to EWR the same day.,negative,0,emoji_heavy,D2
302,<USER> fcuk you. Shit service. You got no fans.,negative,0,negation|emoji_heavy,D2
303,"<USER> is an airline where you pay extra to get a better seat but by the time you board your overbooked flight, there's no overhead space.",negative,0,negation|emoji_heavy,D2
304,<USER> I have been on hold for over 28 minutes please help <URL>,neutral,1,emoji_heavy,D2
305,"<USER> I need a breakdown of what the ""international surcharge"" on my flights cover. Please help",neutral,1,emoji_heavy,D2
306,<USER> and thanks!,positive,2,emoji_heavy|short_ambiguous,D2
307,<USER> status of flight 684 from MCO to LGA tomorrow?,neutral,1,emoji_heavy,D2
308,<USER> pls send an IT tech 2 baggage office. Poor guy is trying 2 print my claim &amp; can't. I need 2 get home. Upgrade 2 <USER> printers MFPs,negative,0,emoji_heavy,D2
309,<USER> rebooked me after i missed my flight..never called me and i didnt check my email. I (cont) <URL>,negative,0,negation|emoji_heavy,D2
310,"<USER> I'm disappointed my flight was Cancelled Flighted, mostly because I was excited to listen to the song ""I'm Blue"" while flying on JetBlue.",negative,0,emoji_heavy,D2
311,<USER> is there any chance I could get tickets to the #DestinationDragons show in Vegas? Ive been a huge fan for years! Pretty please,neutral,1,emoji_heavy,D2
312,<USER> LITERALLY just told me they'd rather have an empty seat than my mom get to come earlier &amp; take me to Dr. appointment. WOW,negative,0,emoji_heavy,D2
313,<USER>.If I miss saying goodbye to my friend cause of your crappy service I swear you will never hear the end of it.#AmericanAirlines,negative,0,negation|emoji_heavy,D2
314,"<USER> Thanks. Two hours to go inflight, then hotel. Hang in there with all the DFW travel delays AA team.",negative,0,emoji_heavy,D2
315,<USER> has no customer service via phone or in person. Just a stone wall with a giant middle finger painted on it.,negative,0,negation|emoji_heavy,D2
316,"<USER> I am a frequent user. Congrats u only lost my bags once in 20 years. Problem, it was today and your staff were rude!😢 still no bag!",negative,0,negation|emoji_heavy,D2
317,"<USER> follows the Talent PM of #BDSM porn site <URL> New ""Economy Dungeon"" class coming? <URL>",negative,0,emoji_heavy,D2
318,<USER> <USER> that's a lie.,negative,0,emoji_heavy,D2
319,"<USER> doesn't care nor does SNA agent Jacquie Plitt, rude gal bad attitude! had 2 fly <USER> 2 CABO thx <URL>",negative,0,negation|emoji_heavy,D2
320,<USER> What a really GREAT &amp; FLATTERING story about you! You should be very proud :) <URL> (via <USER>),positive,2,emoji_heavy,D2
321,"<USER> really American Airlines , service is Las Vegas is shocking, absolute jokers take your reputation more seriously!",negative,0,emoji_heavy,D2
322,<USER> 4 flights Cancelled Flightled in one week?! Customer Service is 💩💩💩💩,negative,0,emoji_heavy,D2
323,<USER> no thanks,neutral,1,negation|emoji_heavy|short_ambiguous,D2
324,"<USER> On hold since 5am. When no one can get to the airport, Cancelled Flight flight, don't make us pay huge fee to change flight.",negative,0,negation|emoji_heavy,D2
325,<USER> !!!!! YAAYY!!! YAY PROM!!!! <URL>,neutral,1,emoji_heavy,D2
326,<USER> that's exactly the point. It fits. I'm premier access. Boarding group 2. This was a return ticket. I've been doing this for 15 yrs,positive,2,emoji_heavy,D2
327,<USER> do new flights come out at midnight?,neutral,1,emoji_heavy,D2
328,<USER> was told by Supervisor that United disconnected their customer support # so there was nobody to address it now. #igiveup,negative,0,emoji_heavy,D2
329,<USER> well my mom called earlier and you guys had her on hold for close to an hour,negative,0,emoji_heavy,D2
330,"<USER> quick question, to pay for a second bag, do I have to do it online or can I do it at the airport?",neutral,1,emoji_heavy,D2
331,<USER> boarded plane only to be told to get off as it wasn't our plane. Now an hour delay. 😭😭,negative,0,emoji_heavy,D2
332,"<USER> Cancelled Flightled flight, 50 person line and one agent helping to rebook. You could've handed this one better. <URL>",negative,0,emoji_heavy,D2
333,<USER> Now about two dozen back in line to see a single CSR for reFlight Booking Problems final leg. (Kiosks on fritz.),negative,0,emoji_heavy,D2
334,"<USER> Is there any way to add a Known Traveler Number to an existing reservation online? If not, why not?",neutral,1,negation|emoji_heavy,D2
335,<USER> flight was 2488 out of EWR STOP AT DALLAS THEN TO LA. I need to be in la tonight!,negative,0,emoji_heavy,D2
336,"<USER> OK we are on DAY 11 trying to book a flight for 4. Ur system STILL says ""due to weather….call back Late Flightr"" #outofbusiness ?",negative,0,emoji_heavy,D2
337,<USER> Hi AA ! I placed an itin on hold to expire on 2/27.Just logged into my acct..its gone! Seat hasn't been released to inv. Help?,negative,0,emoji_heavy,D2
338,<USER> aren't you glad this isn't you RT <USER>: Bet these birds wish they'd flown south for the #winter... <URL>,neutral,1,emoji_heavy,D2
339,<USER> Counting on your flight 989 to get to DC!,positive,2,emoji_heavy,D2
340,I know you have a lot of baggage... But i want you to know i really enjoyed being inside you. <USER> #Jetbae,positive,2,emoji_heavy,D2
341,"<USER> my father was kind enough to offer to pay for a hotel, but I can't use this coupon if he pays from FL. no help?",neutral,1,negation|emoji_heavy,D2
342,<USER> Where should I fly by May 3rd? Plz advise.,neutral,1,emoji_heavy,D2
343,<USER> that guy really has no customer service clue.Could have spent effort clearing bins for rollerboards instead of art projects in mine!,negative,0,negation|emoji_heavy,D2
344,"<USER> flight 500 out of Seattle has 10,000lbs too much fuel and no water for the lavoratories. Nice job guys - est 40min behind now",negative,0,negation|emoji_heavy,D2
345,"<USER> to be clear on my luggage comment, I am referencing the photo attached. Flight 6232 to JAC <URL>",neutral,1,emoji_heavy,D2
346,<USER> wi-fi on 737-800 (aircraft 3511) didn't work entire ORD-DCA flight this morning,negative,0,emoji_heavy,D2
347,<USER> Hi guys. I submitted a request for ticket/hotel reimbursement for a delayed/over night stay coming back from the Dominican. Help?,neutral,1,emoji_heavy,D2
348,<USER> Can you transfer my bags too?,negative,0,emoji_heavy,D2
349,"“<USER>: <USER> Thanks for your feedback, Alan.” Thx, but no help as I watch a flt Lve w/open seats and I wait 3hrs for nxt flt",negative,0,negation|emoji_heavy,D2
350,<USER> Please msg me a # for customer service. I will have an invoice for my dry cleaning but won't be able take wet clothes to the airport,negative,0,emoji_heavy,D2
351,"<USER> travel week, delays, Cancelled Flightlations, ""if you want to learn more about the merger press 1"", delay my connector in Chicago #deice",neutral,1,emoji_heavy,D2
352,<USER> Why do airlines change ticket prices in the middle of the day #annoyed,negative,0,emoji_heavy,D2
353,<USER> are you guys alive? i've been on hold for 25 minutes and counting.....,negative,0,emoji_heavy,D2
354,<USER> so much for being here to help. Very disappointed in your customer service.,negative,0,emoji_heavy,D2
355,<USER> #worst2unitedflightsever UA 236 LAS to IAD 2/24 mechanical problems again - took off - had to land for fix - delayed again #wtfodds!,negative,0,hashtag_heavy|emoji_heavy,D2
356,"<USER> still missing my luggage, was promised someone would call, no call so far, flight from Shanghai to DC with connecting flight in ORD",negative,0,negation|emoji_heavy,D2
357,"<USER> Supervisor M.Robinson just served a lot of attitude, Cancelled Flighted my flight out of spite, then put me back on on #crazybitch",negative,0,emoji_heavy,D2
358,<USER> First Officer of UA 1514 checking our 757 prior to departure from EWR yesterday while on his cell. Safety ??? <URL>,neutral,1,emoji_heavy,D2
359,"<USER> Submitted, hoping for quick decision, tied to another donation we just received: Proposal- 27th Annual Gala Org- Boundless Readers",neutral,1,emoji_heavy,D2
360,<USER> yes he and all the princesses. Trying to get to the #glassslipperchallenge at WDW.,neutral,1,emoji_heavy,D2
361,"<USER> yes, but they still don't know where it is. I've been told it might be on a flight, but now no one can confirm it.",negative,0,negation|emoji_heavy,D2
362,"<USER> bet you wont honour them, like mine ey",neutral,1,emoji_heavy,D2
363,"<USER> Flight Cancelled Flighted, two hours on hold. Then it just hangs up! A little help here? -thx",negative,0,emoji_heavy,D2
364,<USER> Pooling and gifting are completely different. I shouldn't have to be charged $375 to send points. Its disgusting.,negative,0,emoji_heavy,D2
365,".<USER> I appreciate that, and not to be rude, but it doesn't solve much. You should AT LEAST cover the cost of stolen goods.",negative,0,negation|emoji_heavy,D2
366,<USER> thank you. Great customer service so far. Accidents happen I understand. Hopefully everything works out.,positive,2,emoji_heavy,D2
367,"<USER> found the tix#, security code not working. Tried a dozen times.",negative,0,negation|emoji_heavy,D2
368,<USER> just sent another 4 drink coupons....I think I have over 30 coupons now. free drinks anyone?,positive,2,emoji_heavy,D2
369,<USER> how about free wifi on flt 1254 out of PBI to make up for 2.5 hr delay? Treat us right.,negative,0,emoji_heavy,D2
370,<USER> no they were to busy taking to each other and I needed to get to an audition.,negative,0,negation|emoji_heavy,D2
371,<USER> I think 2 weeks of waiting is more than enough time for you to contact me. This is why you lose customers,negative,0,emoji_heavy,D2
372,😩😩😩 “<USER>: Our fleet's on fleek. <URL>,neutral,1,emoji_heavy,D2
373,"<USER> i have tried getting help from agents, the phone, twitter, and FB. Can no one at American Airlines help me?",negative,0,negation|emoji_heavy,D2
374,<USER> standby so far for two of us. With snow storm hitting Iowa tomorrow we could be stuck here for two days.,negative,0,emoji_heavy,D2
375,"<USER> If a business decision is made that inconveniences and possibly causes lost customers, is it a good business decision? #Cranky",negative,0,emoji_heavy,D2
376,<USER> Perhaps you need to start recruiting <USER> ;),neutral,1,emoji_heavy,D2
377,"<USER> understand the weather, these kids need to get home! Nice kids doing volunteer work from a RI high school, please help",neutral,1,emoji_heavy,D2
378,"<USER> How is hanging up on customers because of ""high volume"" customer service? Tried to resolve via DM-still waiting.So bad. #aafail",negative,0,emoji_heavy,D2
379,"<USER> Umm, can you define 'extra time'?",negative,0,emoji_heavy,D2
380,"<USER> yes, it's a domestic flight. Thank you!",positive,2,emoji_heavy,D2
381,<USER> Thanks. It is on the same ticket.,positive,2,emoji_heavy,D2
382,"<USER> hey, so, Dre at Seatac check in needs a raise, stat. Dude gave me amazing customer service and made me feel valued. 👍",positive,2,emoji_heavy,D2
383,"<USER>, got ""duped"" w/ a connection on 1st flight (sneaky), now u won't give me a seat on an earlier flight w/ availability. Shameful",negative,0,emoji_heavy,D2
384,<USER> pre-dawn flight to #miami from #EWR. Annual #SOBEWFF trip. Now.,neutral,1,hashtag_heavy|emoji_heavy,D2
385,<USER> quality work going on here. <URL>,negative,0,emoji_heavy,D2
386,<USER> Southwest is scheduled to fly to Costa Rica on March 7 but I can't book it online. When will this be available?,negative,0,emoji_heavy,D2
387,<USER> why the hell will you not put us in a hotel when you've stranded us. Your message says mechanical issues not weather. #usairways,negative,0,negation|emoji_heavy,D2
388,<USER> what is happening with flight 1701 from BOS to PHL? Daughter and her fiancée are stuck in BOS!,negative,0,emoji_heavy,D2
389,"<USER> you made us miss our flight, first class now I can't even enter the admirals club. Not happy dm me to fix this.",negative,0,negation|emoji_heavy,D2
390,<USER> HELP U said ud chnge our retrn flght since we missed our connection Sat &amp; now ur not pickng up the phone.Only hve 18 hrs left!,negative,0,negation|emoji_heavy,D2
391,<USER> I know this is probably a no but is there a way to get a cheaper airfare ticket if the flight is leaving in a few hours? 🙏,neutral,1,negation|emoji_heavy,D2
392,<USER> can I get an update on flight 680 to DCA?,neutral,1,emoji_heavy,D2
393,<USER> <USER> You will!! Every chance I get! Thanks for keeping me Exec Platinum.,positive,2,emoji_heavy,D2
394,<USER> damn weather messing up everything #serenitynow,neutral,1,emoji_heavy,D2
395,"<USER> if the car seat is lost <USER> should just reimburse me for a new one, this is not a pair of shoes, it's a necessity for my child",negative,0,negation|emoji_heavy,D2
396,<USER> did you know that suicide is the second leading cause of death among teens 10-24?,neutral,1,emoji_heavy,D2
397,<USER> flight 1041 is the first flight.,neutral,1,emoji_heavy,D2
398,<USER> I live abroad and am Flight Booking Problems flights for when I come visit the states :(,neutral,1,emoji_heavy,D2
399,<USER> I didn't even leave the airport and you sent 2 of my bags to Philadelphia!,negative,0,emoji_heavy,D2
400,<USER> can you tweet #closepwcs to get the word out?😢,negative,0,emoji_heavy,D2
401,"<USER> understood. Just frustrating, you buy early bird check on the day they go on sale at 6:30am and get mid 'b'. Feel ripped off.",negative,0,emoji_heavy,D2
402,"<USER> UA6255 delayed out of #winnipeg because the plane was ""frozen""! #fail Will I make my connection on UA1059? #tightconnection #Denver",negative,0,hashtag_heavy|emoji_heavy,D2
403,<USER> why would I pay $200 to reactivate my points that are only useful for certain flights that aren't even worth $200?,negative,0,emoji_heavy,D2
404,Great management of <USER> twitter account. Thank you.,positive,2,emoji_heavy,D2
405,<USER> what happens when I have a confirmed flight but no seat available during online checkin except for Even More Space upgrades?,negative,0,negation|emoji_heavy,D2
406,<USER> <USER> but you are Late Flight again!! Again and again! Where are the crew?,negative,0,emoji_heavy,D2
407,<USER> we might need a plane to get somewhere but just remember that you aren't the only choice #makeovertime#customerserviceplease,negative,0,hashtag_heavy|emoji_heavy,D2
408,<USER> its Adolfo Garcia,neutral,1,emoji_heavy|short_ambiguous,D2
409,<USER> customer service at its best! Rachel S. took great care of us at the PHX airport. <URL>,positive,2,emoji_heavy,D2
410,<USER> our travel booked thru United group dept. Okc ticket agent less than willing to help with our connection in LAX.,negative,0,emoji_heavy,D2
411,<USER> #customerservice. Sitting on my fourth plane today with a mechanical problem. No excuses for this. Tough to be loyal.,negative,0,negation|emoji_heavy,D2
412,"<USER> Great, thank you!! I'll send it now.",neutral,1,emoji_heavy,D2
413,<USER> I just learned that although there is travel policy and they waive the change fee-you will still be charged a $25 reservation fee,negative,0,emoji_heavy,D2
414,<USER> plane switch on 636 meant A= back of plane #disappointed,negative,0,emoji_heavy,D2
415,<USER> Can you advise on what's happening with departure delays from CLT?,negative,0,emoji_heavy,D2
416,<USER> So plot thickens. We're on plane but no ground crew to get us off gate. Apparently under the weather in large numbers....,negative,0,negation|emoji_heavy,D2
417,<USER> I think me and my group could use some nice cold drinks once we get in the air...we are all over 21 😜😎,neutral,1,emoji_heavy,D2
418,<USER> understood ... but could I go and put myself on the standby list 5 hours prior to my flight?,negative,0,emoji_heavy,D2
419,<USER> Cancelled Flighted 😢,negative,0,emoji_heavy|short_ambiguous,D2
420,<USER> yes - tells me the only way to mod plans is to call the 4322 number.,neutral,1,emoji_heavy,D2
421,<USER> I can't wait to hear back from you regarding the internship opportunity! 😊,positive,2,emoji_heavy,D2
422,"<USER> I've had no shampoo, no winter coat no deodorant no flatiron and the rest if my stuff since sat",negative,0,negation|emoji_heavy,D2
423,<USER> me again! I was just trying to rebook fare on wanna get away pricing and it disappeared in time I refreshed. Is this normal?,negative,0,emoji_heavy,D2
424,<USER> ever think about hiring more agents? Come on now. Don't you think 4 hour holds is a little ridiculous? Get a clue,negative,0,emoji_heavy,D2
425,<USER> 45 min hold time then a hang up by Manager Mike in dividend miles dept. tough to justify sticking with the Us air CC and status.,negative,0,emoji_heavy,D2
426,<USER> thank you! I'm excited to fly with you for the first time.,positive,2,emoji_heavy,D2
427,"<USER> up at 4AM and arrive to find it already Cancelled Flighted. No options so miss my meeting. You might ""know"" but don't show it.",negative,0,negation|emoji_heavy,D2
428,<USER> you're airline is ridiculous,negative,0,emoji_heavy,D2
429,<USER> calling at 1am to tell me my flight has been rescheduled 12 hours Late Flightr than it was supposed be to seems like a bad solution,negative,0,emoji_heavy,D2
430,"<USER> 4 phone calls, 2 hrs of being sent back &amp; forth between two lines in the terminal and it's the skycap that finds a solution",negative,0,emoji_heavy,D2
431,<USER> on hold for 15+ min...no estimated answer time. Any help here?,negative,0,negation|emoji_heavy,D2
432,"<USER> Thank you for the speedy response! I figured it may be something of that nature. You guys and your ""fine print,"" haha",positive,2,emoji_heavy,D2
433,<USER> where did my travel bank credit go? I can't call you right now.,negative,0,emoji_heavy,D2
434,"<USER> My bag flew with AA while I flew with Delta, and I'm still not sure whose final carrier is referred to.",negative,0,negation|emoji_heavy,D2
435,<USER> on your website it says 10 days. Its been 16 and counting.,negative,0,emoji_heavy,D2
436,<USER> when will you have flight from DAL to PVD?,neutral,1,emoji_heavy,D2
437,<USER> will you please start offering more routes out of <USER> to more locations instead of just charlotte and atlanta,neutral,1,emoji_heavy,D2
438,<USER> can you explain why I am on hold over an hour .Other than I'm dumb and should be using a different airline #wth,negative,0,emoji_heavy,D2
439,"<USER> I appreciate the immediate offer, but suspect it is more long-term issue/not simple fix. Also, ski/bootbag policy is awkward at best",negative,0,negation|emoji_heavy,D2
440,<USER> and now no wifi??? Come on.,negative,0,negation|emoji_heavy,D2
441,<USER> <USER> and the hits keep on coming. <URL> #unitedfail #unitedwithivy,negative,0,hashtag_heavy|emoji_heavy,D2
442,<USER> checked into my flight yesterday and have been bumped to a Tuesday flight! Unacceptable and no agents to speak to!,negative,0,negation|emoji_heavy,D2
443,<USER> thanks for getting back to me. But I will find other airlines in the future.,negative,0,emoji_heavy,D2
444,<USER> Flight 512 had sime of the rudest flight attendants. I was run over by the drink card and had a flashlight dropped on me. #noapology,negative,0,emoji_heavy,D2
445,<USER> thanks for the quick response. Should I call daily it wait the 5 days.,positive,2,emoji_heavy,D2
446,<USER> This link in your tweet goes to someone's internal email -&gt; <URL> Probably one of your 3rd party IT contracts,neutral,1,emoji_heavy,D2
447,<USER> How about free wifi when your flights delayed? Only 20 mins allowed!,negative,0,emoji_heavy,D2
448,“<USER>: Our fleet's on fleek. <URL> :(,neutral,1,emoji_heavy,D2
449,<USER> I would go for 3rd time to Jamaica to volunteer w/ at risk youth #flyitforward #dc #stpatricksfoundation #rotary,neutral,1,hashtag_heavy|emoji_heavy,D2
450,<USER> bad weather shouldn't mean bad service,negative,0,emoji_heavy,D2
451,<USER> I take back the comment about your team here working hard to help us A so far no solution for a hotel or food or anything #fail,negative,0,negation|emoji_heavy,D2
452,<USER> Do you promise to not unfollow me? 😉,neutral,1,negation|emoji_heavy,D2
453,<USER> Jackpot! #legroom <URL>,positive,2,emoji_heavy|short_ambiguous,D2
454,<USER> followed &amp; DM'd.,neutral,1,emoji_heavy|short_ambiguous,D2
455,"<USER> and <USER>. Not to pile on, but it's time to update your in flight TV package. <URL>",negative,0,negation|emoji_heavy,D2
456,<USER> it's taken care of already. I've come to expect this level of horrible service from you time and time again,negative,0,emoji_heavy,D2
457,<USER> hey! Tried calling customer service and was told there's a 2 hour wait. This has been for the past 4 hours. Thanks! You suck!,negative,0,emoji_heavy,D2
458,<USER> any chance you could help rebook?? My flight Cancelled Flightled,negative,0,emoji_heavy,D2
459,<USER> <USER> and the way I have been spoken to by #DFW and #Mia employees is truly disgusting. Save the pain fly with anyone else,negative,0,hashtag_heavy|emoji_heavy,D2
460,<USER> Flight Cancelled Flighted because of #Neptune Could not get to my destination. #notmyfault #waive$200fee #ripoff #poorcustomerservice,negative,0,negation|hashtag_heavy|emoji_heavy,D2
461,"<USER> I may not make my connection and need to find out my options, yet no one is here.",negative,0,negation|emoji_heavy,D2
462,<USER> Of course U know I would like 2 lay you down in a #BedofRoses as long as they're #mint colored! <URL> #brandmance,positive,2,hashtag_heavy|emoji_heavy,D2
463,<USER> Filled in the form you sent the link to on 29.1.15 and then either 9 or 10.2.15,neutral,1,emoji_heavy,D2
464,<USER> I would but you need to follow me first ;-),neutral,1,emoji_heavy,D2
465,<USER> Thank you!! 😊,positive,2,emoji_heavy|short_ambiguous,D2
466,"<USER> sitting on the runway in Newark, they won't let the plane to a gate. My connection boards in 1 minute. <USER> hates us all.",negative,0,emoji_heavy,D2
467,"<USER> That makes sense. It sucks, though, because now I'll be stuck in the airport for 5+ hours and Late Flight to my meeting.",negative,0,emoji_heavy,D2
468,<USER> KUDOS to your phone support and Charlotte gate staff!,positive,2,emoji_heavy,D2
469,<USER> Thank you for credits. However; I submitted complaints about the property on vacation package. Hope you listen!,negative,0,emoji_heavy,D2
470,<USER> Bad weather is understandable but your own pilot said that over 160 people called out and that ZERO bags are on the plane.,negative,0,emoji_heavy,D2
471,"<USER> Nope, no more chances. Your airline messed up both ways of our trip.",negative,0,negation|emoji_heavy,D2
472,<USER> for our delays !!! I'm out of more money because of you,negative,0,emoji_heavy,D2
473,<USER> should have been able to get seat assign without paying $174 more - cust sec should have done that for me,negative,0,negation|emoji_heavy,D2
474,<USER> I purchased Main Cabin XT for f-1571AUS. Flight was Cancelled Flightled and I was rescheduled on 1600 with regular seats. Credit?,negative,0,emoji_heavy,D2
475,<USER> the whole plane. Flight 561 from LGA to PBI <URL>,neutral,1,emoji_heavy,D2
476,<USER> all good man it isn't your fault that plane is having maintenance issues,positive,2,emoji_heavy,D2
477,<USER> it was such a lovely part of this long day - attendants on UA5168 (most) /UA795 were beyond exceptional today. #GiveThoseLadiesRaise,positive,2,emoji_heavy,D2
478,<USER> look at the Twitter history - as usual service non existent,negative,0,emoji_heavy,D2
479,"<USER> I really can't there though to an agent, and I am worried about my reservation. Can you help me out!",negative,0,emoji_heavy,D2
480,<USER> didn't work. Fly-fi plus couldn't access ABC app. So I spent $19 and still missed Oscars. #disappointed,negative,0,emoji_heavy,D2
481,<USER> <USER>. I'm flying on one right this minute,neutral,1,emoji_heavy,D2
482,<USER> Personal Device Entertainment system is great but with app crashing every 10/15 mins I'm glad it's free for now.,negative,0,emoji_heavy,D2
483,<USER>- can you tell me what the policy is for preboarding with small children? Is that still a thing?,negative,0,emoji_heavy,D2
484,<USER> I am so happy I found my phone because this is easily the worst system I have ever heard of,negative,0,emoji_heavy,D2
485,<USER> airport to figure this out or can someone tell me now? Flight is from San Juan to San Diego,neutral,1,emoji_heavy,D2
486,"<USER> 1-the lavatory freezes, 2- problem with a nitrogen line 3-a low tire with the inflating equipment malfunctioning #AA2444 and...",negative,0,emoji_heavy,D2
487,"<USER> my Flt was delayed, scheduled to miss my connection, can I get some help? 8HH4P2",negative,0,emoji_heavy,D2
488,<USER> Without baggage for 5 days and can't get an update from Houston airport since Monday. Worst service ever!,negative,0,negation|emoji_heavy,D2
489,<USER> 24 hrs since flight landed and ZERO info on my missing bag? rough ETA would be hugely helpful + restore some confidence,negative,0,emoji_heavy,D2
490,<USER> since when does a maintenance problem and missing flight crew equal delayed due to weather? I'm confused since we had sunny skies,negative,0,emoji_heavy,D2
491,<USER> Kudos to Robin at <USER> Lost/Found for reuniting me w/ my iPad. She was delightful to work with!,positive,2,emoji_heavy,D2
492,<USER> is there nothing you can do for me? No compensation at all? Given the circumstances I feel like there must be something you can do,negative,0,negation|emoji_heavy,D2
493,<USER> At what time? All these passengers were sitting on a hot plane with no air and no communication for over 2 hours. Just wrong,negative,0,negation|emoji_heavy,D2
494,"<USER>-rebooked to OMA - 180 miles from my destination. Spotty customer service. I get staff stressors but come on, this is your business.",negative,0,emoji_heavy,D2
495,<USER> I have got a flight for The next day !! What about a credit ! You guys are a multimillion dollar company give us back a Credit,negative,0,emoji_heavy,D2
496,<USER> I have a MAJOR complaint that I want to address w/you about my hand luggage courtesy check-in. What's the best way to do this?,negative,0,emoji_heavy,D2
497,"Keep Waiting, time does not cost anything for <USER> hundreds people how payed thousand dollars with no feedback <URL>",negative,0,negation|emoji_heavy,D2
498,"<USER> CLT, please send more than one cust svc rep to your cust svc counter to assist a line out the door. <URL>",negative,0,emoji_heavy,D2
499,<USER> Do you have any flights with lie flat seating from STL to PDX around the date of March 5?,neutral,1,emoji_heavy,D2
500,<USER> Really hoping I don't get charged for this flight because they couldn't handle the influx of calls. Bummer.,negative,0,emoji_heavy,D2
501,<USER> not once did #US3645 leave #ORD on time this week #shameful,negative,0,negation|hashtag_heavy|emoji_heavy,D2
502,<USER> This experience was the worse flying experience I've ever had. To be met w/ contempt from your Customer Service makes it worse,negative,0,emoji_heavy,D2
503,<USER> what response? Is our flight out of Montrose Cancelled Flightled or not?,negative,0,negation|emoji_heavy,D2
504,<USER> a school trip of 38 including myself had to sleep over in the airport and are all on different standby flights.This is not good,negative,0,negation|emoji_heavy,D2
505,<USER> I bein calling JetBlue no respond I leave my number no call back I think JetBlue is loosing a customer,negative,0,negation|emoji_heavy,D2
506,<USER> We even went to the airport and were on the phone for hrs and no help at all. Everyone said different things.,negative,0,negation|emoji_heavy,D2
507,<USER> you guys suck at JFK tonight -- oh this MORNING!!!,negative,0,emoji_heavy,D2
508,<USER> THRILLED to have my carry-on checked against my will by two nasty gate agents only to see an entire empty bin when I boarded last...,negative,0,emoji_heavy,D2
509,<USER> who can tell me where they are?,negative,0,emoji_heavy,D2
510,<USER> please fix your mobile and desktop site to allow Canadians to select a passenger when checking in. Thanks.,negative,0,emoji_heavy,D2
511,"It's on me, <USER>! That's not what you said last night, though... :(",negative,0,negation|emoji_heavy,D2
512,<USER> thanks for getting back to me. how frequently are these weather advisories updated throughout the day?,neutral,1,emoji_heavy,D2
513,<USER> what's going on with 1171 LGA-FLL..poor to no communication from gate agents??,negative,0,negation|emoji_heavy,D2
514,"<USER> I hope so, too. Thank you for your help. She traveled halfway across the globe and just wants her suitcase.",negative,0,emoji_heavy,D2
515,<USER> I have been calling for 3 days!,negative,0,emoji_heavy,D2
516,<USER> still waiting. Just hit one hour.,negative,0,emoji_heavy,D2
517,<USER> Frontier is currently offering their weather exceptions for this weekend. When is United?,neutral,1,emoji_heavy,D2
518,<USER> yes. It says bag is being delivered. The local number says Not Open. Asked main # for cust service got hung up on.,negative,0,negation|emoji_heavy,D2
519,<USER> is it even legal for you guys to advertise flights that you cant honor??,negative,0,emoji_heavy,D2
520,<USER> awesome. thank you!,positive,2,emoji_heavy|short_ambiguous,D2
521,<USER> FYI the info<USER>.com email address you say to contact in password reset emails doesn't exist. Emails bounce.,negative,0,emoji_heavy,D2
522,"<USER> flight 1181 out of Vegas to DFW. Cancelled Flightled Sunday and Monday, no whammie today!",negative,0,negation|emoji_heavy,D2
523,<USER> AIRPORT CODE TEST GO. SLC. BOS MCO,neutral,1,emoji_heavy,D2
524,<USER> of course but they were just as helpless as everyone else .,negative,0,emoji_heavy,D2
525,<USER> I saw it finally come through on the mobile app. However it's for tomorrow and I have meetings tonight that I'm trying to make.,neutral,1,emoji_heavy,D2
526,"<USER> Thank you for holding, we apologize for the delay in answering your call. To speak to a representative please continue to hold.",negative,0,emoji_heavy,D2
527,Eliza &amp; I cheated on u <USER> with <USER> &amp; it was a lovely flight. But we'll be back! Lots!,positive,2,emoji_heavy,D2
528,<USER> why was Southwest only airline to Cancelled Flight all flights from Charleston? Was 7:50pm flight Cancelled Flightation really weather reLate Flightd?,negative,0,emoji_heavy,D2
529,<USER> We tried with multiple people. I already sat on the phone for an hour and a half and got nowhere.,negative,0,emoji_heavy,D2
530,"<USER> And also, it's great that you tweet @ complainers, but what about the in-person help when I need it? Robyn F. in Manch = useless.",negative,0,emoji_heavy,D2
531,<USER> - Apology accepted! #customerserviceWIN #itravelalot <URL>,positive,2,hashtag_heavy|emoji_heavy,D2
532,<USER> great. Well deserved.,positive,2,emoji_heavy|short_ambiguous,D2
533,<USER> the os isn't controlled by me but rather <USER> . App is new.,neutral,1,emoji_heavy,D2
534,<USER> I actually could use a slight tweak to my return - not leaving here now til Monday -any way I can skip calling for that?,neutral,1,negation|emoji_heavy,D2
535,<USER> can you follow for quick DM?,neutral,1,emoji_heavy,D2
536,<USER> I fucking hate your customer service. I've been on hold all morning trying to figure out why you Cancelled Flighted my flight.,negative,0,emoji_heavy,D2
537,Oh yeah? RT <USER>: Our fleet's on fleek. <URL>,neutral,1,emoji_heavy,D2
538,<USER> had me at their safety video . . . <URL> LOVED my first cross country flight. #livewelltraveled #sytycd,positive,2,hashtag_heavy|emoji_heavy,D2
539,<USER> final count 3 hours 24 minutes on hold to be told I need to log in to U.S. Airways website and there was nothing else to be done,negative,0,emoji_heavy,D2
540,"<USER> - total win!! Happy 7th bday on intercom, chocoLate Flight kisses, and a chance to hand out snacks.Thank you. <URL>",positive,2,emoji_heavy,D2
541,<USER> unfortunately not. I think I watched it take off from the bus. Rebooked for a Late Flightr flight now #planestrainsandautomobiles,neutral,1,negation|emoji_heavy,D2
542,<USER> you have the nicest gate attendant at Newark airport gate 101 right now. Multiple delays and she is still pleasant with everyone.,positive,2,emoji_heavy,D2
543,"<USER> ok, gotcha! ✈️😃👍",positive,2,emoji_heavy|short_ambiguous,D2
544,"<USER> US 728 Uh oh, no gate. Now truck will come to us.",negative,0,negation|emoji_heavy,D2
545,"<USER> yes, but I had to pay more for another flight to get me out tomorrow since there weren't anymore for tonight...not fun :-/",negative,0,negation|emoji_heavy,D2
546,"<USER> 4469, thank you for asking.",neutral,1,emoji_heavy,D2
547,<USER> thanks for reminding me how much easier it is to fly Southwest! Get more agents at sfo 25!,negative,0,emoji_heavy,D2
548,"<USER> me too. In the future, have a better harsh weather preparedness plan. So much of your staff called out that everything snowballed",negative,0,emoji_heavy,D2
549,"<USER> Flight Cancelled Flightled due to ""weather conditions"" in arrival city. Uh...I don't think so.",negative,0,emoji_heavy,D2
550,<USER> OMG THANK U😻😻😻,positive,2,emoji_heavy|short_ambiguous|slang,D2
551,<USER> strikes again--Late Flight crew #3/4 for the trip and maintenance #2/4. Worth the extra $200/trip for less hassle and fewer delays,negative,0,hashtag_heavy|emoji_heavy,D2
552,"<USER>, more lies... <URL>",negative,0,emoji_heavy|short_ambiguous,D2
553,<USER> oh. Makes sense. My bad.,neutral,1,emoji_heavy,D2
554,<USER> thanks for the quick response! Fingers crossed the plane gets here then,positive,2,emoji_heavy,D2
555,"<USER> I've been on hold for 4 hrs, no call bk either. Family of 4 trying to get from HDN to DFW flight 1418 direct. Need new info plz",negative,0,negation|emoji_heavy,D2
556,"<USER> , am I dreaming? Did you really just open up a route between Dallas and Austin?! And does this mean Houston might be next?",positive,2,emoji_heavy,D2
557,<USER> you'd learn if you listen to your customers...you do want you want...<USER> asks their customer what they want,negative,0,emoji_heavy,D2
558,<USER> Why did you load us in this flying sardine can if you knew the pilots were 2 hours Late Flight?? #incompetent beyond belief,negative,0,emoji_heavy,D2
559,<USER> Arriving at the airport 2 hours before departure time and still missing your flight bc you actually don't have an electronic ticket,negative,0,emoji_heavy,D2
560,<USER> happy to enter your sweepstakes again #nutsaboutsouthwest,positive,2,emoji_heavy,D2
561,<USER> some flexibility on your part would be nice. This is why I love <USER>. They're flexible &amp; not trying to take all my $.,negative,0,negation|emoji_heavy,D2
562,<USER> Thanks for doing that but now it's telling me to go to the airport and check in with an agent-what's up? <URL>,neutral,1,emoji_heavy,D2
563,<USER> why does it cost $900 to change a $100 ticket when it only cost $150 to purchase a new ticket?,negative,0,emoji_heavy,D2
564,"<USER> <USER> <USER> all are great , but I have to go with #CarrieUnderwood 😍👌",neutral,1,emoji_heavy,D2
565,"<USER> Not here yet, but I plan on it. If you could have them fly low and slow right in front of me, that would be great. ;-)",neutral,1,negation|emoji_heavy,D2
566,"<USER> By ""answering as fast as they can"", you mean hanging up on every call?",negative,0,emoji_heavy,D2
567,<USER> we are well aware. Insufficient info. No options.,negative,0,negation|emoji_heavy,D2
568,<USER> #USAirways disappoints AGAIN! #Cancelled Flighted flights #Missed appointments #Promised refund is a lie,negative,0,hashtag_heavy|emoji_heavy,D2
569,<USER> another fiasco at National. Forever from jet to gate on 8:05am flight from RDU,negative,0,emoji_heavy,D2
570,<USER> When will callers from the East Coast be able to speak to an actual human for reservation support? All agents busy call Late Flightr..,negative,0,emoji_heavy,D2
571,"<USER> appreciate y'all getting the gate issue figured GRR. Plenty open gates, yet we sit and wait on tarmac",negative,0,emoji_heavy,D2
572,<USER> Seems very likely.,positive,2,emoji_heavy|short_ambiguous,D2
573,<USER> your planes made me miss 2 connections in 2 days. Thanks for nothing,negative,0,emoji_heavy,D2
574,<USER> oh right! Me and hundred people arrived back to the same gate we left minutes ago in SDQ <URL>,negative,0,emoji_heavy,D2
575,"<USER> leave us stranded, send baggage with important medication to different city for 4days&amp;apologise with a $50 voucher. appalling.",negative,0,emoji_heavy,D2
576,"<USER> but don't you worry... <USER> took good care of me... Your loss, their gain.",negative,0,emoji_heavy,D2
577,<USER> can't wait!!! 787!!! <USER> <URL>,positive,2,emoji_heavy,D2
578,<USER> I WOULD DO ANYTHING FOR tickets to the VEGAS... ANYTHING. I love imagine dragons so much!!,positive,2,emoji_heavy,D2
579,<USER> momma I made it! 😁😁😁,neutral,1,emoji_heavy,D2
580,"<USER> appreciate the response but already spoke to a MCO and their response was ""There is nothing we can do"" idk if that's what you mean",negative,0,emoji_heavy,D2
581,<USER> what does a woman got to do to get a chance of a lifetime? 😖 #DestinationDragons #imaginedragons #slaycancerwithdragons,neutral,1,hashtag_heavy|emoji_heavy,D2
582,"<USER> It was 9º, and some of us had left coats in our luggage in anticipation of cramped overhead bins :|",negative,0,emoji_heavy,D2
583,<USER> btw you guys should consider making a lounge at Austin Intl. airport! Very popuLate Flightd area! Will help the company for sure👌,positive,2,emoji_heavy|slang,D2
584,<USER> what is going on with baggage claim in Newark!#tiredandwanttogohome,negative,0,emoji_heavy,D2
585,"<USER> to add insult to injury, I have to go pick it up myself. Real class act! I'll stick the Delta from now on.",negative,0,emoji_heavy,D2
586,<USER> holy high speed internet batman! Speeds at United Club at IAD are insanely fast! Thanks,positive,2,emoji_heavy,D2
587,"<USER> Can you follow, so I can DM you?",neutral,1,emoji_heavy,D2
588,*On the brink of bankruptcy. “<USER>: Our fleet's on fleek. <URL>,neutral,1,emoji_heavy,D2
589,<USER> on hold for 1 hour and 14 min trying to find the luggage flight Cancelled Flightled where is luggage? <URL>,negative,0,emoji_heavy,D2
590,<USER> is there a phone number or email address to customer service?,neutral,1,emoji_heavy,D2
591,<USER> SHUT THE DOOR ON YOUR WAY OUT. 🙅,neutral,1,emoji_heavy,D2
592,<USER> Barzegar charges tourists 700 euros [!] a night for their stay in the tent village he runs. <URL>,neutral,1,emoji_heavy,D2
593,"<USER> take a look at 1715. All F seats filled, so someone upgraded their friend instead of following rules.",negative,0,emoji_heavy,D2
594,<USER> how can u not have gate ready or gate agent for going on hour two,negative,0,negation|emoji_heavy,D2
595,"<USER> Well, I didn't…but NOW I DO! :-D",positive,2,emoji_heavy,D2
596,<USER> on the plane now! Hopefully no longer at the mercy of the playlist! Thanks!,positive,2,negation|emoji_heavy,D2
597,"<USER> should I be concerned that I am about to fly on a plane that needs to be delayed due to a ""tech stop""?",negative,0,emoji_heavy,D2
598,<USER> no you're not you're trying to book me PAST when i need 2 arrive but you're still selling seats on the day I'm trying 2 travel,negative,0,negation|emoji_heavy,D2
599,<USER> sent,neutral,1,emoji_heavy|short_ambiguous,D2
600,"<USER> no, they're too busy being awesome and trying to get us out ASAP. I'll deal.",positive,2,negation|emoji_heavy,D2
601,<USER> I picked the nonstop flight bc I had things to get to. Should’ve taken diff route or airline I suppose!,negative,0,emoji_heavy,D2
602,<USER> I'm on flight 623 from DIA to Ontario tomorrow morning. no access to the airport via taxi or shuttle. What should I do?,neutral,1,negation|emoji_heavy,D2
603,<USER> received an email requesting I call about a res. but I keep getting kicked off of your phone system. Help?,negative,0,emoji_heavy,D2
604,"<USER> 14 hours???? Sorry don't get it. Oh well. Screw the weekend in Az right? Eat the hotel, no problem.",negative,0,negation|emoji_heavy,D2
605,<USER> Thanks!,positive,2,emoji_heavy|short_ambiguous,D2
606,<USER> also forgot add our bag is probably going to just sit in New Jersey because of a missed connection.,negative,0,emoji_heavy,D2
607,"<USER> what is wrong in Boston? Why are only your plains not leaving tonight? Son needs to get back to state college, PA",negative,0,negation|emoji_heavy,D2
608,<USER> transferred 4x pleeeeeeeease help!,negative,0,emoji_heavy,D2
609,"<USER> <USER> No wifi on this flight so we can't tweet you our Oscar party pics at 37,000ft. #bluecarpet :-( SEA✈️BOS",negative,0,negation|emoji_heavy,D2
610,<USER> thanks for taking such good care of my luggage... <URL>,negative,0,emoji_heavy,D2
611,<USER> <USER> Great! Appreciate it😊,positive,2,emoji_heavy,D2
612,<USER> this is for a check-in luggage. Employee told me not to include wheels in the dimensions.,neutral,1,negation|emoji_heavy,D2
613,<USER> why would I even consider continuing your point program when I received no perks or continued bad customer service? #senseless,negative,0,negation|emoji_heavy,D2
614,"<USER>, flights 1970, 1366, and 1552 will fly over after 1 am on your way into <USER> - mind taking ocean approach so we can sleep?",neutral,1,emoji_heavy,D2
615,<USER> Airways Corporation (JBLU) loses -0.06% on news that <USER> Airways ... - WallStreet Scope <URL>,neutral,1,emoji_heavy,D2
616,<USER> I've been waiting on my bag in IAH for 45mins. They're only 4 freaking people on that flight waiting for bags. Fix this!!,negative,0,emoji_heavy,D2
617,<USER> called your service line and was hung up on. This is awesome. #sarcasm,negative,0,emoji_heavy,D2
618,<USER> so? Found anything or just showing off? You do realise that the morning flight that you Cancelled Flightled was more pricey than the evening?,negative,0,emoji_heavy,D2
619,<USER> I am now following you and see that I am not the only one experiencing and noticing a substantial downgrade in service post merger,negative,0,negation|emoji_heavy,D2
620,"<USER> Great flight yesterday from MSY to AUS!! Thank you for such great safety,service and beautiful skies!! <URL>",positive,2,emoji_heavy,D2
621,"<USER> 12/13EWR-LAX UA1151 my seat/armrest broken discover after takeoff. flight full.FA filed report, who to chat with for partial refund?",negative,0,emoji_heavy,D2
622,<USER> tried ringing but told me to try again Late Flightr. I'm supposed to be leaving in an hour...,negative,0,emoji_heavy,D2
623,<USER> I've been on hold for 75 minutes waiting to talk to someone about my flight tomorrow. Is there another number to call?,negative,0,emoji_heavy,D2
624,<USER> Hi! Just got my TSA pre-check # &amp; put it in my acct. But it's not on my boarding pass for a flight this p.m.Can it be updated?,negative,0,negation|emoji_heavy,D2
625,"<USER> v upset with your disability ""services"". When I told one of your employees I was carrying medical equipment she was very rude.",negative,0,emoji_heavy,D2
626,<USER> was told at 7pm my bags would 1000% be at my house by 9pm. Well they're not and I continue to be lied to.,negative,0,negation|emoji_heavy,D2
627,<USER> I was happy to purchase the upgrade. If only it was avail on my next flight.,negative,0,emoji_heavy,D2
628,<USER> I'm flying in a couple of weeks and I need my ticket changed from my maiden name to my married name. Pls help!,negative,0,emoji_heavy,D2
629,"<USER> can't check in, your site looks like this every time it loads <URL>",negative,0,emoji_heavy,D2
630,<USER> what is the real deal with the delay on flight UA 1032 from Denver to Vegas?,negative,0,emoji_heavy,D2
631,<USER> Can I book award travel on Etihad with Dividend Miles?,neutral,1,emoji_heavy,D2
632,<USER> Flight # 604. Thanks.,positive,2,emoji_heavy,D2
633,"<USER> seriously, pls pls bring more people up to help us! There are still flights to ORD frm DFW and I want in <URL>",negative,0,emoji_heavy,D2
634,<USER> for a response in 3-4 days? No thanks,negative,0,negation|emoji_heavy,D2
635,"<USER> Thanks, but not so much the missing bag as the nonexistent staff at this apparent remote outpost (busy airport for city of ~1M).",negative,0,negation|emoji_heavy,D2
636,"<USER> No need for apologies just an unfortunate situation . There is no up date, I've landed but was suppose to land at 5",negative,0,negation|emoji_heavy,D2
637,<USER> please stop asking me each week to place my bag in the size check #ITFITS <URL>,negative,0,emoji_heavy,D2
638,<USER> I got it added thank you! :),positive,2,emoji_heavy,D2
639,<USER> my flight was Cancelled Flightled Monday. Just looking to Cancelled Flight and credit my card. That's all.,negative,0,emoji_heavy,D2
640,"<USER> no, we are at a hotel. Also, Jetblue lost my daughters luggage. How do you lose luggage if the plane never actually left!!!",negative,0,negation|emoji_heavy,D2
641,<USER> I sent a email to customer relations and I will be calling tomorrow.,neutral,1,emoji_heavy,D2
642,<USER> had mom sit for 3 hours waiting for a flight they ultimately Cancelled Flighted to give her a Tuesday morning flight...no compensation. Ugh,negative,0,negation|emoji_heavy,D2
643,STAHHPPP!!! RT <USER>: Our fleet's on fleek. <URL>,neutral,1,emoji_heavy,D2
644,"<USER> No reFlight Booking Problems necessary. I can't afford to deal this kind of unprofessionalism again. I would, however, like some type of credit.",negative,0,negation|emoji_heavy,D2
645,<USER> I didn't get a message from you. I'll resend numbers.,negative,0,emoji_heavy,D2
646,<USER> is anyone answering phones to rebook Cancelled Flightled flights?,negative,0,emoji_heavy,D2
647,<USER> can u see what's holding up flt 1002 bags? One bag came out nothing else for 10 minutes,negative,0,emoji_heavy,D2
648,<USER> We're flight 1472 FFL to LGA. Scheduled departure 8:15p.,neutral,1,emoji_heavy,D2
649,<USER> no they dont. I think I already said that. No one responds. Its an auto response. Wait is this an auto response??????,negative,0,negation|emoji_heavy,D2
650,Power Moves RT <USER>: Our fleet's on fleek. <URL>,positive,2,emoji_heavy,D2
651,"<USER> Hello ! I cannot register for my tomorrow flight from Paris to Las Vegas ""This feature is currently unavailable"" appears ?",neutral,1,emoji_heavy,D2
652,<USER> quick response offering assistance but lack of follow through - not really the service I was expecting,negative,0,negation|emoji_heavy,D2
653,"I've been trying to set up my phone interview for days, and hoping the position won't be filled because the link doesn't work. <USER>",negative,0,emoji_heavy,D2
654,<USER> makes some small improvements and retains their program they win all. They keep the crappy food and change advantage they lose,negative,0,emoji_heavy,D2
655,"<USER> <USER> Serious potential for a wanna get away commercial out of this debacle. But for real, you should fire <USER>",negative,0,emoji_heavy,D2
656,<USER> and thx for not responding,negative,0,negation|emoji_heavy,D2
657,<USER> to start daily #B777-200ER flights from #Newark to #Frankfurt <USER> replacing #B767-400ER on 2JUL #avgeek,neutral,1,hashtag_heavy|emoji_heavy,D2
658,<USER> so what's the solution?,negative,0,emoji_heavy,D2
659,<USER> i emailed the customer care via the website form. After a long wait Rachelle resolved my issue. But I'm still irritated w/ united.,negative,0,emoji_heavy,D2
660,<USER> Indeed. It was not 😉.,neutral,1,negation|emoji_heavy,D2
661,"<USER> Almost 4 hours and coin now. Understand higher call volume, but this is unacceptable.",negative,0,emoji_heavy,D2
662,<USER> been sitting at gate for over 25 min on us 728! What gives???,negative,0,emoji_heavy,D2
663,<USER> Nice to see you expanding in Texas but don't forget about us here in #SanDiego. I would love to see more flights out of here!,neutral,1,emoji_heavy,D2
664,<USER> could you guys follow me so I can dm yall please,neutral,1,emoji_heavy,D2
665,<USER> I have to say that JetBlue has officially lost a customer. What a waste of all the points I have too! I am yet to be in a flight..,negative,0,emoji_heavy,D2
666,<USER> on top of that a dozen ppl missed connections and you have ONE person at customer service? Abysmal!,negative,0,emoji_heavy,D2
667,<USER> I understand why the pilot would get on the plane but why 1st class? There were 5 empty coach seats near me? I'm a Premier 1K?,neutral,1,emoji_heavy,D2
668,<USER> thank you! I know the weather in #Boston isn't great. Everyone's tired,positive,2,emoji_heavy,D2
669,<USER> do these scavenger hunt locations have anything in common because I'm playing detective trying to figure out the one for ATL.,negative,0,emoji_heavy,D2
670,"<USER>. I'm delayed in Cha, will miss my connection in Charlotte for lga. Not good",negative,0,negation|emoji_heavy,D2
671,<USER> delayed depart bc ur flight attendant wasn't there. Then after landing took 3 hrs to get a gate. Now it's another he and NO bags,negative,0,negation|emoji_heavy,D2
672,<USER> we have posted your response on facebook for everyone to see people are appalled by your lack of concern,negative,0,emoji_heavy,D2
673,<USER> have reported it. Still in Istanbul at the moment apparently. On the other plane haha. Hats off to the pilot!,positive,2,emoji_heavy,D2
674,<USER> once united's service levels reaches those of Etihad or lets be more realistically Lufthansa then ill consider it again,negative,0,emoji_heavy,D2
675,"<USER> web app won't let me upgrade seats, call center wait time is 20 minutes plus, just want to get more legroom but it's a pita",negative,0,emoji_heavy,D2
676,"<USER> excruciatingly slow internet on SWA flights is now the norm, rather than the exception. Is this being addressed?",negative,0,emoji_heavy,D2
677,<USER> What's your phone number? Customer service question.,neutral,1,emoji_heavy,D2
678,<USER> to start 2xdaily #B737-700 flights from #OrangeCounty to #Portland OR on 8AUG #avgeek,neutral,1,hashtag_heavy|emoji_heavy,D2
679,<USER> Blackmailed me into paying £130 extra or having my return ticket nullified in San Francisco Airport. Terrible service from rep #scam,negative,0,emoji_heavy,D2
680,"<USER> By the way the flight number was 1703, please feel free to fact check my complaints about leave time &amp; baggage time.",negative,0,emoji_heavy,D2
681,<USER> she made it standby after her flight was Cancelled Flighted for no reason. Almost 4hrs Late Flight. Conf# FVF9YW SWRR# 298033455,negative,0,negation|emoji_heavy,D2
682,<USER> Not even on the bag status...will take actions against this company is incredible how irresponsible are with the costumer,negative,0,negation|emoji_heavy,D2
683,<USER> time to reevaluate my nyc carrier.,negative,0,emoji_heavy,D2
684,<USER> how often are airplane seats/tray tables cleaned and sanitized? rather have air purifier and clean seats than #wifi 😷😱,negative,0,emoji_heavy,D2
685,<USER> I'm glad you're sorry that I'm homeless for the night. Makes me feel secure.,negative,0,emoji_heavy,D2
686,"<USER> <USER> <USER> 75yo mom says, ""Hire more staff to accommodate your audience"" You could learn lots from her. She's off to FL",negative,0,emoji_heavy,D2
687,<USER> the ball has been dropped. My snowboard will not be making it to my destination. #totalfail #letdown,negative,0,negation|hashtag_heavy|emoji_heavy,D2
688,"<USER> okay - thanks for your help, JT! I appreciate your time!",positive,2,emoji_heavy,D2
689,RT <USER>: Our fleet's on fleek. <URL>,negative,0,emoji_heavy,D2
690,<USER> deal!,neutral,1,emoji_heavy|short_ambiguous,D2
691,<USER> <USER> what a patronizing response to a legitimate issue,negative,0,emoji_heavy,D2
692,"<USER> three flights with three check in agents, not enough. #missedflight back to Jet Blue",negative,0,negation|emoji_heavy,D2
693,<USER> but if my bag makes it with me to Greenville tonight then all is forgiven. #HighHopes,neutral,1,emoji_heavy,D2
694,<USER> the link doesn't work..,negative,0,emoji_heavy,D2
695,<USER> 77min still on hold to chg award travel #sorrynotsorry,negative,0,emoji_heavy,D2
696,<USER> Fuck you,negative,0,emoji_heavy|short_ambiguous,D2
697,"<USER> weather doesn't excuse poor customer service, lack of info from staff or the fact staff haven't turned up",negative,0,emoji_heavy,D2
698,"<USER> thanks for nothing. Bought two tix through you to Disney and my friend can't go and now I have to eat the 400, plus 600 for new 1",negative,0,emoji_heavy,D2
699,<USER> I was able to get a seat on earlier flight sfo to ind. Can you add me to 6pm ord to IND?,neutral,1,emoji_heavy,D2
700,<USER> how it feels on flight 4251 <URL>,negative,0,emoji_heavy,D2
701,<USER> question: is it not possible to book a seat for an infant under 2? It's not giving me the option but we want a seat for him.,negative,0,negation|emoji_heavy,D2
702,"<USER> Can't stress enough how awful the agent was for flight 5283. Knew 11 ppl from delayed flight were on way in mins, no compassion.",negative,0,negation|emoji_heavy,D2
703,<USER> <USER> I submitted a complaint via that link in Dec. &amp; followed up in Jan. NEVER HEARD BACK! #badcustomerservice,negative,0,negation|emoji_heavy,D2
704,"<USER> Your software is broken. ""Call Customer Support"" is not the fix. Like I said earlier, yell at your developers.",negative,0,negation|emoji_heavy,D2
705,"<USER> has failed me all day long, should I blame it on <USER> ?",negative,0,emoji_heavy,D2
706,<USER> seeing your workers time in and time out going above and beyond is why I love flying with you guys. Thank you!,positive,2,emoji_heavy,D2
707,<USER> I don't need to rebook I need to know the policy,negative,0,emoji_heavy,D2
708,"THE END: RT <USER>: Reminder: From 2/28, we’ll be tweeting from <USER>. You should join us: <URL>",neutral,1,emoji_heavy,D2
709,“<USER>: Our fleet's on fleek. <URL> really JetBlue? #fleek?!!! 😂😂😂 hell no... Yall petty,negative,0,negation|emoji_heavy,D2
710,<USER> I have already emailed but I didn't know if it was more expedient to contact you here. Please advise. Thanks.,neutral,1,emoji_heavy,D2
711,<USER> Name correct on original confirmation but spelled wrong on check-in reminder. First name and MI run together. Cause for concern?,neutral,1,emoji_heavy,D2
712,<USER> is bag check cut off 30 minutes before the original departure time or the estimated time shown online?,neutral,1,emoji_heavy,D2
713,<USER> Do you have any flights with lie flat seating from STL to PDX on or around the date of March 5?,neutral,1,emoji_heavy,D2
714,"<USER> my flight was already Cancelled Flightled this morning because of a ""snow storm in Denver"". And now I'm in DC waiting for a pilot to get on+",negative,0,emoji_heavy,D2
715,<USER> Thanks a ton!,positive,2,emoji_heavy|short_ambiguous,D2
716,<USER> sign me up!,positive,2,emoji_heavy|short_ambiguous,D2
717,<USER> nawww. United is my fave airline.,positive,2,emoji_heavy,D2
718,<USER> I'm miserable on your Orlando to Vegas nonstop right now. How big must a guest be for u to require 2 seats? I'm in 1A btw.,negative,0,emoji_heavy|slang,D2
719,<USER> sent,neutral,1,emoji_heavy|short_ambiguous,D2
720,Who Okay'd this?!?! RT <USER> Our fleet's on fleek. <URL>,neutral,1,emoji_heavy,D2
721,<USER> I know your policy. Just asking for a little kindness due to extenuating circumstances.,negative,0,emoji_heavy,D2
722,<USER> And gold status too.,neutral,1,emoji_heavy,D2
723,<USER> finally rectified my flight situation! Thanks again,positive,2,emoji_heavy,D2
724,"<USER> incompetent/rude service today. Missed my connecting flight, then the customer service desk was terrible to me. Really upset w untd.",negative,0,emoji_heavy,D2
725,<USER> thank you. Is there a possibility it will change?,neutral,1,emoji_heavy,D2
726,<USER> Is it possible to Cancelled Flight my reservation online?,neutral,1,emoji_heavy,D2
727,<USER> travel agency said that if usairways accept we will refund money i dont understand why dont u refund,negative,0,emoji_heavy,D2
728,<USER> never flying United again! Worst experience ever,negative,0,negation|emoji_heavy,D2
729,<USER> can I get free wifi since the flight 1808 was Cancelled Flightled?,negative,0,emoji_heavy,D2
730,<USER> - sitting in seat 10D on a flight back from Vegas to Chicago. Someone left a folder that looks important in the seat pocket. (1/2),neutral,1,emoji_heavy,D2
731,<USER> instead of Bourbon street how about #quiet #planes #SaveTheDiagonals,neutral,1,hashtag_heavy|emoji_heavy,D2
732,<USER> I do follow you!,neutral,1,emoji_heavy,D2
733,<USER> Nashville airport has runways open. It appears southwest is only airline Cancelled Flighting flights. Is this likely to change?,negative,0,emoji_heavy,D2
734,<USER> yes. Thank you. Oct 25-oct 31,positive,2,emoji_heavy,D2
735,"<USER> <USER> yes, they said it took more than an hour!",negative,0,emoji_heavy,D2
736,<USER> v nice of you to give me a breakfast voucher for $7 in an airport. That almost got me a whole drink!!,positive,2,emoji_heavy,D2
737,<USER> Thx Ops Agt Rich Westagard n Flight Att. Nancy @ DEN Airport.Held flight 1027 n even saved seat 4 Bus Select #CustomersFirst!,positive,2,emoji_heavy,D2
738,"<USER> my flight was at 1 pm. Still at the airport gee what service. Do they care, nope. Delayed until 7:55.",negative,0,emoji_heavy,D2
739,<USER> site errored out at last step of changing award. Now can't even pull up reservation. 60 minute wait time. Thanks <USER>!,negative,0,emoji_heavy,D2
740,<USER> the status on my itinerary says on request in red. What's that mean?,neutral,1,emoji_heavy,D2
741,<USER> Club in Denver is dope 👌,positive,2,emoji_heavy,D2
742,<USER> Was able to send the DM. All good now.,positive,2,emoji_heavy,D2
743,<USER> thanks! It's hectic for everyone but their actions don't represent the company well IMO,positive,2,emoji_heavy|slang,D2
744,<USER> The help/complaint forms on the website can be used only if the matter applies to an actual ticketed flight,neutral,1,emoji_heavy,D2
745,<USER> thank you for the reply. I emailed your customer care department about my experience.,negative,0,emoji_heavy,D2
746,"<USER> What is with your lost &amp; found. My wife lost her phone in Philly, &amp; followed your web instructions to call an 800#. No answer.",negative,0,negation|emoji_heavy,D2
747,"<USER> Secondly, we did not begin boarding on time despite our aircraft being present and deplaned. Thus we left over 30 min Late Flight",negative,0,negation|emoji_heavy,D2
748,<USER> Mad love <URL> NYC-,neutral,1,emoji_heavy,D2
749,"<USER> nice 2 see U have a sense of humor. #3hourdelay Just want 2 B home but I'll settle for that beer. Once safely in the air, of course",negative,0,emoji_heavy,D2
750,No JetBlue… Just… no “<USER>: Our fleet's on fleek. <URL>,negative,0,negation|emoji_heavy,D2
751,"<USER> - routing a person from Houston to Newark, NJ and then to SFO is not acceptable.",negative,0,negation|emoji_heavy,D2
752,"<USER> got a flight (we were told) for 4:50 today..,checked my email and its for 4;50 TOMORROW. This is unacceptable.",negative,0,emoji_heavy,D2
753,"<USER> I want to add, my flight to Mexico was on Air Canada. Same exact situation, but with none of the problems I've had with Jet Blue.",negative,0,emoji_heavy,D2
754,<USER> any info on delays at SFO tomorrow due to low clouds?,neutral,1,emoji_heavy,D2
755,"<USER> thanks, got put on the am flight tomorrow. Don't have much faith it'll get off the ground tomorrow though.",positive,2,emoji_heavy,D2
756,<USER> You didn't respond to my DM. You tweeted the same canned tweet you're telling everyone else.,negative,0,emoji_heavy,D2
757,"<USER> I know, but I wanted to pass it along. Not good for the ""T5 experience"" esp for someone who flies 2-3 times a month.",negative,0,negation|emoji_heavy,D2
758,<USER> Haha you're doing everything right! Don't change a thing! Slash this Twitter engagement just makes you even cooler! #bestairline,positive,2,emoji_heavy,D2
759,<USER> YOU ARE THE BEST!!! FOLLOW ME PLEASE;)🙏🙏🙏✌️✌️✌️🙏🙏🙏,positive,2,emoji_heavy,D2
760,"<USER> if my flight says delayed with estimated departure listed, can I arrive at airport Late Flightr?",neutral,1,emoji_heavy,D2
761,<USER> Thanks for the response. Was able to get my situation resolved. Not a fan of Mother Nature today. :),positive,2,negation|emoji_heavy,D2
762,<USER> stuck in cae need reFlight Booking Problems for next flight possibly dm for more info,negative,0,emoji_heavy,D2
763,<USER> more than an hour holding to change a flight on the phone now.. What's up with that???,negative,0,emoji_heavy,D2
764,"<USER> Ill check it out, appreciate the response, regardless.",positive,2,emoji_heavy,D2
765,<USER> thanks so much for your condolences and quick response. It is very much appreciated,positive,2,emoji_heavy,D2
766,<USER> 24 hrs &amp; 2 cncld flights Late Flightr I've landed in PHL. Now 30 mins &amp; counting on tarmac waiting for gate. Pls do better than this.,negative,0,emoji_heavy,D2
767,<USER> Can i get a refund? I would like to book on a better airline.,negative,0,emoji_heavy,D2
768,<USER> Ricoh Smith at BOS provided oust and service,neutral,1,emoji_heavy,D2
769,"<USER> yes, 3 times. I need some one to call me and help me change a flight. I can't do online. Thanks.",negative,0,emoji_heavy,D2
770,"<USER> disappointed that my flight back to boston from PR was Cancelled Flightled,rebooked 4 the next day,delayed that one too, and no compensation",negative,0,negation|emoji_heavy,D2
771,<USER> great job losing one of my six bags on a direct flight. Don't know how you manage to do it.,negative,0,emoji_heavy,D2
772,<USER> flying high thanks!,positive,2,emoji_heavy|short_ambiguous,D2
773,<USER> yes. We spent the whole day talking to agents and someone finally offered to let him stay in a hotel,negative,0,emoji_heavy,D2
774,<USER> How long before departure do gates stay open? Will I make my connecting flight 1861 to RDU from flight 894???,neutral,1,emoji_heavy,D2
775,<USER> no i use to skyscanner and travel agency and i called u . You said you should call travel agency but,negative,0,negation|emoji_heavy,D2
776,<USER> LACMA on Fairfax.,neutral,1,emoji_heavy|short_ambiguous,D2
777,“<USER>: Our fleet's on fleek. <URL> no way,neutral,1,negation|emoji_heavy,D2
778,<USER> you're right it's not fun. Especially when I don't have much of a choice. Lol. #curvygirltravels,negative,0,negation|emoji_heavy|slang,D2
779,<USER> Great #BlackHistoryMonth commercial! Thx! #ATL #singer #musician #life #BlackLivesMatter,positive,2,hashtag_heavy|emoji_heavy,D2
780,<USER> could you check if there is SVU space on AA199 MXP-JFK Feb 28th? Thanks,neutral,1,emoji_heavy,D2
781,<USER> Why wasn't a $15 service credit voucher I received for tv not working accepted on my next flight for a pillow?,negative,0,negation|emoji_heavy,D2
782,<USER> <USER> we done it with 1 truck... No biggie 😄,positive,2,negation|emoji_heavy,D2
783,<USER> you have such a confusing web site/complicated ordering process. This is why I typically fly <USER>.,negative,0,emoji_heavy,D2
784,<USER> I'm flying UA but *G with A3,neutral,1,emoji_heavy,D2
785,<USER> most horrendous service ever !! On off two planes. Been in Phil for 10 hrs. Now captain can't get flight info to print? #wtf,negative,0,emoji_heavy,D2
786,<USER> would it be possible to change my flight on your website? Many thanks,neutral,1,emoji_heavy,D2
787,<USER> Flight 2559 it's been delayed every hour since 8:55 am.,negative,0,emoji_heavy,D2
788,"<USER> Flight attendant never served me my beverage (tea), and not once checked up on me. What gives? #ua6076 #notcool",negative,0,negation|hashtag_heavy|emoji_heavy,D2
789,<USER> Seriously. You can't tweet and let people know that you've got customers that have been on hold for 5 HOURS??!!,negative,0,emoji_heavy,D2
790,<USER> done,neutral,1,emoji_heavy|short_ambiguous,D2
791,<USER> thanks for making me miss my meeting in Dallas. 700 dollars down the toilet 😊,negative,0,emoji_heavy,D2
792,<USER> how does that help me with my customers that I couldn't meet with (and subsequently lost)?,negative,0,emoji_heavy,D2
793,<USER> thank you for always have the most amazing customer service! Bring on The Disney Princess Half Marathon,positive,2,emoji_heavy,D2
794,"<USER> I've been in line for over half hour trying to see a representative, now I might even miss the next flight too, unacceptable",negative,0,emoji_heavy,D2
795,"<USER> <USER> completed. If that's the case then why does it still say ""in progress"" on Paypal's website. I reserved on the 13th.",negative,0,emoji_heavy,D2
796,<USER> going to miss my connection due to another tarmac delay - on US5268 then 4050 - need a flight home today please!,negative,0,emoji_heavy,D2
797,<USER> is there any way you could put me up in a hotel for the night?? If not I'm having to sleep at the airport again tonight.,negative,0,negation|emoji_heavy,D2
798,<USER> PTY to PIT via IAH,neutral,1,emoji_heavy,D2
799,<USER> can you not get the first flight of the day off the ground on time? #1531. Let's go.......,negative,0,negation|emoji_heavy,D2
800,<USER> turns into <USER> with such difficulty to past loyal customer. As a AA platinum flyer usair couldn't be more unhelpful. Why,negative,0,emoji_heavy,D2
801,<USER> any idea what's going on at terminal five at JFK? Seems to be zero traffic movement,negative,0,emoji_heavy,D2
802,<USER> So what do you offer now that my flight was Cancelled Flighted and I'm stranded away from home and work?,negative,0,emoji_heavy,D2
803,<USER> stranded in Miami because your automated system keeps hanging up on me for two days. Help !,negative,0,emoji_heavy,D2
804,<USER> I've never had anything bad to say until now. No love for faithful customers.,negative,0,negation|emoji_heavy,D2
805,<USER> Looking forward to some friends and family time in Arizona.,neutral,1,emoji_heavy,D2
806,<USER> I will be patient in my luxurious middle seat on my next delayed flight,negative,0,emoji_heavy,D2
807,"<USER> long wait? I literally went shopping at 3 different centers, had lunch and prepared dinner. surprise, it's winter! staff better",negative,0,emoji_heavy,D2
808,<USER> thanks! Very excited to see it :D,positive,2,emoji_heavy,D2
809,<USER> Is it only $50 for my 2nd bag? 1st bag too full..,neutral,1,emoji_heavy,D2
810,<USER> thanks for telling me my flight was on time when the plane was broken. You're an inferior airline.,negative,0,emoji_heavy,D2
811,<USER> WORST SERVICE EVER. Denied access to our flight and then moved flight 6 times. How hard is it to schedule a gate? <USER> next time.,negative,0,emoji_heavy,D2
812,<USER> 👍. I think I'll come take a nap at the terminal. ;),negative,0,emoji_heavy,D2
813,<USER> Missed flight. Rude CSR. No flight till Tuesday. No answer on twitter. Help me out with a RT <USER> you're my only hope.,negative,0,negation|emoji_heavy,D2
814,<USER> please add more frequency to PDX Portland,neutral,1,emoji_heavy,D2
815,"<USER> still can't dm, it's LH7631 on 21/2/15",negative,0,emoji_heavy,D2
816,<USER> but you guys should know that musicians are very sensitive about the safety of their instruments when flying. For good reason.,negative,0,emoji_heavy,D2
817,"<USER> sitting in Baltimore. Finish taxi and approved to takeoff. Oops, not enough fuel. #Fail #45minflight #been3hours",negative,0,negation|hashtag_heavy|emoji_heavy,D2
818,<USER> that's not even an apology,negative,0,negation|emoji_heavy,D2
819,"<USER> should hire extra customer service reps. 50 minute wait time to ask one question? I would rather just fly another airline, thanks.",negative,0,emoji_heavy,D2
820,“<USER>: Our fleet's on fleek. <URL> NOOOOOOOOOOOOOOOOOO,neutral,1,emoji_heavy,D2
821,"<USER> booked flight in sept to get best price for April to usa, checked now and they are €67 cheaper, what a con unhappy customer #ripoff",negative,0,emoji_heavy,D2
822,<USER> dmed the name,neutral,1,emoji_heavy|short_ambiguous,D2
823,Why <USER> let someone from black Twitter in their multimedia department?,negative,0,emoji_heavy,D2
824,"<USER> Would love to DM you, but my Twitter app says you're not following me and I can't.",neutral,1,negation|emoji_heavy,D2
825,<USER> I've been sitting in the Charlotte airport for 4 hours. Waited for crew and now maintenance. #NeverAgain,negative,0,emoji_heavy,D2
826,<USER> I look forward to hearing back and hope that my next trip will not be like this,negative,0,negation|emoji_heavy,D2
827,“<USER>: Companion Pass. Because everyone deserves #RedCarpet treatment and a +1 (even if it's your mom). <URL>,positive,2,emoji_heavy,D2
828,"<USER> My #FlyingItForward affects just one small family of four, but it would make a huge difference in their life.",positive,2,emoji_heavy,D2
829,"<USER> Customer relations line had busy signal too, called the normal line and the service rep thought I was dumb for not knowing.",negative,0,negation|emoji_heavy,D2
830,<USER> YOU ARE AMAZING!!! YOU ARE THE BEST!!! FOLLOW ME PLEASE AND I FOLLOW YOU BACK;)🙏🙏🙏✌️😉),positive,2,emoji_heavy,D2
831,"<USER> 7+ hrs stranded in DCA...zero apologies and the worst customer service. Been a faithful traveler for 15+ years, but no more!",negative,0,negation|emoji_heavy,D2
832,<USER> Can I bring my dog on board?,neutral,1,emoji_heavy,D2
833,<USER> morning. If I have a question regarding elevate points &amp; flights can I DM you?,neutral,1,emoji_heavy,D2
834,<USER> is honestly RUINING MY FUCKING LIFE RIGHT NOW. NEVER AGAIN!!!!!!!!!!!!!!!!!!!!!!!!!!!,negative,0,negation|emoji_heavy,D2
835,<USER> you reimbursed everyone on the flight a portion of their ticket. I still love JetBlue! Best American airline!,positive,2,emoji_heavy,D2
836,<USER> Thank you for the response. Much appreciated!,positive,2,emoji_heavy,D2
837,<USER> here in Austin I saw the water bottles &amp; snacks @ the desk for your waiting passengers! Im so Flight Booking Problems my next flight with you!,positive,2,emoji_heavy,D2
838,<USER> I just want shout out a thank the pilots and staff on the Feb 13 flight from Newark to Boston at 4:40pm. They were super helpful!,positive,2,emoji_heavy,D2
839,"<USER> I'm rebooked now, but the line was 300 people deep.",negative,0,emoji_heavy,D2
840,"<USER> Yes, please.",positive,2,emoji_heavy|short_ambiguous,D2
841,<USER> tried to book a flight IAH-MNL departing 3/31/15 returning 4/17/15 you are advertising 9 flights for $1051 that can't be book!,negative,0,emoji_heavy,D2
842,<USER> sure did. I have carried this bag on numerous times on the same style plane. Planning accordingly apparently accounts for nothing,neutral,1,emoji_heavy,D2
843,"<USER> you are missing the point. The flight left an hour Late Flight. Why are you allowed to be that Late Flight, and still charge me $50 and 10hrs?",negative,0,emoji_heavy,D2
844,"<USER> yes, you can. I will DM.",neutral,1,emoji_heavy,D2
845,<USER> Amazing view on the approach to LAX tonight. <URL>,positive,2,emoji_heavy,D2
846,"<USER> Love your airline...hate your website. Just tried to book 2 tickets (1 w miles, 1 w/out). Absolute joke. Needs a lot of work!",negative,0,emoji_heavy,D2
847,<USER> thanks but still annoying. Especially if I miss my flight. 😉 Can I tweet at the TSA??,negative,0,emoji_heavy,D2
848,<USER> - Thanks. Formed submitted. I'm not betting someone would be honest enough to turn it in though...,negative,0,negation|emoji_heavy,D2
849,<USER> thanks! Will you guys be getting the A380s anytime soon?,neutral,1,emoji_heavy,D2
850,<USER> appreciate the response Worst part is losing the non refundable hotel in Orlando. Your crew blamed wind! Hoping for no more delays!,negative,0,negation|emoji_heavy,D2
851,<USER> the whole plane. Hoping for better luck on the return flight Sunday.,negative,0,emoji_heavy,D2
852,<USER> done,neutral,1,emoji_heavy|short_ambiguous,D2
853,<USER> Why offer automated call back option when agent is available only to call me &amp; have me sit on hold? At 12:30am. #onholdfordays,negative,0,emoji_heavy,D2
854,<USER> <USER> does she need to complain on Twitter for the refund or is it auto-applied?,neutral,1,emoji_heavy,D2
855,<USER> <USER> that totally sucks my cousin worked at PHL said <USER>,negative,0,emoji_heavy,D2
856,"<USER> See? We were told repeatedly that the pilot was Late Flight and kept getting Late Flightr. After we boarded, there was a defibrillator issue.",negative,0,emoji_heavy,D2
857,<USER> 3 flights Cancelled Flightled today. Now we have been on hold for over an hour!,negative,0,emoji_heavy,D2
858,"<USER> worked w/ Tiffany H at cust service desk in Charlotte and she was helpful and patient. Still stuck, but she was great.",positive,2,emoji_heavy,D2
859,<USER> still waiting! Captain reports he's called 6 times to get ground crew....and still sitting on runway. #evenLate Flightr,negative,0,emoji_heavy,D2
860,<USER> can't change it. True blue points and I can't get to a phone,negative,0,emoji_heavy,D2
861,<USER> looks like Bellagio to me! Good luck people! See you at the show at Vinyl,positive,2,emoji_heavy,D2
862,<USER> I Cancelled Flighted my flight. I really don’t need this much trouble.,negative,0,emoji_heavy,D2
863,<USER> probably had money on <USER> they said to hell with <USER> lol,neutral,1,emoji_heavy|slang,D2
864,<USER> How many agents do you have working to handle the thousands of calls?,negative,0,emoji_heavy,D2
865,<USER> - ok noted. All details will be DM'ed to you shortly.,neutral,1,emoji_heavy,D2
866,"<USER> , I am embarrassed for us air and their inability to manage during weather delays.handling of # 4435 is an example",negative,0,emoji_heavy,D2
867,"<USER> not even mentioning how rude the customer service was to us. As a business owner, I'd be mortified if my employees acted as yours",negative,0,negation|emoji_heavy,D2
868,<USER> New marketing song? <URL> let us know what you think? <URL>,neutral,1,emoji_heavy,D2
869,<USER> why would I pay $200 to reactivate my points that are only useful for certain flights that aren't even worth $200?,negative,0,emoji_heavy,D2
870,<USER> where's our luggage? Been waiting more than an hour! Flight 2118.,negative,0,emoji_heavy,D2
871,<USER> by far the best example of the worst company <USER>,negative,0,emoji_heavy,D2
872,<USER> wondering if it's possible for my colleague and I to get on an earlier flight LAX&gt;JFK tomorrow. Can you help?,neutral,1,emoji_heavy,D2
873,<USER> I keep missing my updated connections. Need to make it to #JAX to be in my friend's wedding! #strandedattheairport,negative,0,hashtag_heavy|emoji_heavy,D2
874,<USER> thanks!! We will see what happens!!,positive,2,emoji_heavy,D2
875,"<USER> There is no ""reference number."" Your agent told me to ""just drive to the airport"" because ""I can't reach anyone there to deliver...""",negative,0,negation|emoji_heavy,D2
876,<USER> this 2 hr delay is a vacation buzzkill,negative,0,emoji_heavy,D2
877,<USER> Past tense re help. No more. It’s been even more miserable than usual at CLT.,negative,0,negation|emoji_heavy,D2
878,<USER> did our bags leave Washington yet? That would be convenient seeing as we left there a day ago. #UnitedAirlines #lostluggage,negative,0,hashtag_heavy|emoji_heavy,D2
879,<USER> =UNAmerican Airlines just lies and poor customer services...,negative,0,emoji_heavy,D2
880,"<USER> <USER> yes I did. I hope for an update soon, need those clothes for a meeting tomorrow.",negative,0,emoji_heavy,D2
881,<USER> unfortunately once the call was answered service was horrid. SWA was the role-model of finger pointing &amp; excuses #DISAPPOINTED,negative,0,emoji_heavy,D2
882,<USER> any idea on flights to Nashville tomorrow being clear or Cancelled Flightled,neutral,1,emoji_heavy,D2
883,"<USER> Painless and effortless flight from Indy to PHL... Our flight attendant, Tory, was fantastic. Give that lady a raise ASAP!",positive,2,emoji_heavy,D2
884,NO“<USER>: Our fleet's on fleek. <URL>,neutral,1,negation|emoji_heavy,D2
885,<USER> Want to book a multi-city fare. Have miles for 1of 2 flights. An option to pay for 1st flight with miles +2nd with UMP Visa? Thanks!,neutral,1,emoji_heavy,D2
886,<USER> don't worry. I'll be sending a letter with what I expect from you for compensation. I fly twice a week w/you guys...for now,negative,0,emoji_heavy,D2
887,<USER> my flt is at 7a tom. I have now rec'd notification that I'm going out from some other airport,negative,0,emoji_heavy,D2
888,<USER> Do miles earned with Explorer card count toward lifetime miles?,neutral,1,emoji_heavy,D2
889,<USER> #ftw! ✈️ Hope they'll sing us a song on our flight to Phoenix today. (@ Terminal 2 (Humphrey)) <URL>,neutral,1,emoji_heavy,D2
890,<USER> #FirstClass to #London on my way to #LondonFashionWeek #LFW15 👠🇬🇧👠🇬🇧👠🇬🇧,positive,2,hashtag_heavy|emoji_heavy,D2
891,<USER> Thanks. Which day of the week is the direct? The flights I saw went thru JFK ☀️,neutral,1,emoji_heavy,D2
892,<USER> when are you starting routes to #Hawaii and #Canada?,neutral,1,hashtag_heavy|emoji_heavy,D2
893,<USER> tell reservations to rebook me from 5080 to 5129,neutral,1,emoji_heavy,D2
894,<USER> #AmericanView Sweet Home Chicago <URL>,positive,2,emoji_heavy,D2
895,<USER> your crew didn't say it was about safety. If they say that I was glad to stay ... Check the information you give to the costumers,negative,0,emoji_heavy,D2
896,<USER> stuck in NYC flights Cancelled Flightled 2 days in a row Long wait times on phones. Running out of $ but SWA no help,negative,0,negation|emoji_heavy,D2
897,<USER> great flight! Great view! :-) <URL>,positive,2,emoji_heavy,D2
898,<USER> you ROCK for making it so I can watch #Oscars on my flight!! #redcarpet #oscars #oscars2015,positive,2,hashtag_heavy|emoji_heavy,D2
899,<USER> CSTSVC in PHL honors UR system over my reality. No RCD of change in HPN. Now extra hours in PHL or $75 to get to CLE.,negative,0,negation|emoji_heavy,D2
900,".<USER> nice 2 know. I paid 4 a seat. Then you sold my seat. now I bought a 3rd seat. It's a good scam, but a scam all the same.",negative,0,emoji_heavy,D2
901,<USER> why does this flight keep getting delayed Late Flightr and Late Flightr?,negative,0,emoji_heavy,D2
902,<USER> #AATeam thanks for working in very rigorous weather conditions for all,positive,2,emoji_heavy,D2
903,<USER> thanks for not getting my BusinessFirst priority tagged bag onto my connecting flight at EWR despite a 2+ hour layover. Nice job,positive,2,negation|emoji_heavy,D2
904,<USER> thank you. I will address it with them,positive,2,emoji_heavy,D2
905,<USER> worst customer service I've ever experienced. I'll never fly your airline ever again. I have to pay to sleep in Philly. Fuck you.,negative,0,negation|emoji_heavy,D2
906,<USER> and <USER> have Cancelled Flightled flights after 525 pm today due to winter storm. Travelers urged to contact carrier for info.,neutral,1,emoji_heavy,D2
907,"<USER> that link leads to a website that won't open on a cell phone. Good job, shocking that your airline is folding.",negative,0,emoji_heavy,D2
908,<USER> thanks hoping that by wed I can get back to DFW,positive,2,emoji_heavy,D2
909,<USER> <USER> I'm flying your #fabulous #Seductive skies again! U take all the #stress away from travel <URL>,positive,2,hashtag_heavy|emoji_heavy,D2
910,<USER> can you please post wait time-have been on hold for two hours,negative,0,emoji_heavy,D2
911,<USER> - any way to get a message to an international flight gate at EWR? Road conditions are horrible trying to get to flight ...,neutral,1,emoji_heavy,D2
912,<USER> Need to track lost luggage being shipped to me. Need ph # for human. Not automated 800-335-2247.,negative,0,negation|emoji_heavy,D2
913,<USER> AND they Cancelled Flighted my flight and left me with no help to find a hotel to stay in. I slept in an airport for a night-_-,negative,0,negation|emoji_heavy,D2
914,<USER> bumping people off a flight ten minutes before takeoff because the flight is overbooked #fail,negative,0,emoji_heavy,D2
915,<USER> over an hour stuck and still not off the plane. Total failure by you and your partners in ensuring the best customer experience.,negative,0,negation|emoji_heavy,D2
916,<USER> the saga continues..,neutral,1,emoji_heavy|short_ambiguous,D2
917,<USER> Like <URL>,positive,2,emoji_heavy|short_ambiguous,D2
918,<USER> it's the poor customer service that I have a problem with!!!!!,negative,0,emoji_heavy,D2
919,"Yessir RT “<USER>: <USER> Good morning, Rob. We're showing the flight to sunny Mexico just pushed off the gate.”",neutral,1,emoji_heavy,D2
920,<USER> 3078 is overweight so you pull 2 dozen passengers off? Why not luggage? Seriously?,negative,0,negation|emoji_heavy,D2
921,<USER> why didn't you reroute BOS to JAX via DCA through CLT instead forcing an overnight <USER> #passengersLose,negative,0,emoji_heavy,D2
922,<USER> your airline is the biggest joke of an operation in the world.,negative,0,emoji_heavy,D2
923,Only 14 biz days (18 calendar) to respond to my inquiry <USER> ? I hope your standards are universally adopted :-/ #BadCustomerService,negative,0,emoji_heavy,D2
924,<USER> Collectively since Friday I've been on hold with customer service for over 3 hrs. My issue is not resolved... so frustrated!,negative,0,negation|emoji_heavy,D2
925,<USER> I'm so ready to see N598JB n N775JB on my Island but on a weekend to capture it,neutral,1,emoji_heavy,D2
926,<USER> What do you call that??!!,negative,0,emoji_heavy,D2
927,<USER> it was customer service like I have never seen before! Kudos to your organization.,positive,2,negation|emoji_heavy,D2
928,<USER> my flight has been delayed &amp; I can't talk reach anyone in customer service because of high call volume.,negative,0,emoji_heavy,D2
929,<USER> what's the delay if the system isn't down?,negative,0,emoji_heavy,D2
930,<USER> Still waiting on our bag! Never got delivered yesterday. Can't reach a real person for help. Sending DM with ref number.,negative,0,negation|emoji_heavy,D2
931,<USER> it took ages for one snapchat story to load. one. ONE. I will demolish you,negative,0,emoji_heavy,D2
932,<USER> yes I can pay out of pocket that us not helping me for loosing my first class ticket to coach. I want resolution or a comp,negative,0,negation|emoji_heavy,D2
933,“<USER>: Our fleet's on fleek. <URL> ~huh?,neutral,1,emoji_heavy,D2
934,<USER> alist pref doesn't do any good if direct to atl is always wifiless. Flight 1701.,negative,0,emoji_heavy,D2
935,"<USER> flight 1388 tomorrow 5:15 am, status please, thanks",neutral,1,emoji_heavy,D2
936,<USER> sad to learn you no longer fly SFO &gt; PHL. Hope it returns!,negative,0,negation|emoji_heavy,D2
937,"<USER> Yes, it was Sunday.",neutral,1,emoji_heavy,D2
938,<USER> thanks for getting us on ur plane. Awesome flight attendant who is making us smile after difficult travel. #customerservice,positive,2,emoji_heavy,D2
939,"<USER> - Whoooo Hooooo just crossed 25,367!!! At my current pace I should reach 152,202 for the year.",positive,2,emoji_heavy,D2
940,<USER> sent,neutral,1,emoji_heavy|short_ambiguous,D2
941,<USER> Great job with the Passbook integration! It’ll really help streamline the commute to San Fran! 😊☕📲✈,positive,2,emoji_heavy,D2
942,<USER> would be hard to be worse than last time but I'm sure you'll give it a shot,negative,0,emoji_heavy,D2
943,<USER> been on hold for over an hour to speak to a customer service rep. What the heck?? #Southwest #customerservice,negative,0,hashtag_heavy|emoji_heavy,D2
944,<USER> or at the very least an explanation on why no one told me my flight was Cancelled Flightled!,negative,0,negation|emoji_heavy,D2
945,<USER> when will dates to fly go past August 7 2015?,neutral,1,emoji_heavy,D2
946,<USER> JT thanks for your help I’ll complete the form once we are back home,positive,2,emoji_heavy,D2
947,<USER> Why do I have to pay $ 17 for wifi with an international business ticket? #pennypincher,negative,0,emoji_heavy,D2
948,<USER> thnx for the info,positive,2,emoji_heavy,D2
949,<USER> when is my plane coming? Been delayed for almost 7 hours. No plane.,negative,0,negation|emoji_heavy,D2
950,"<USER> now because you couldn't add my ktn, which I asked for numerous times and no one answers the phone, I missed my flight!!#upset",negative,0,negation|emoji_heavy,D2
951,<USER> if only you could control the weather in Las Vegas 😉,neutral,1,emoji_heavy,D2
952,<USER> already spent 60 mins today handling this for my minor child. Shame on you for treating a 15 year old girl like this.,negative,0,emoji_heavy,D2
953,<USER> I have 2d and 3d embossed badges and patches superior to the ones you are currently using. <URL>,neutral,1,emoji_heavy,D2
954,<USER> I would like to ask that his bags be picked up at PIT &amp; taken to his hotel by the airport. Will someone contact me,negative,0,emoji_heavy,D2
955,<USER> Done,neutral,1,emoji_heavy|short_ambiguous,D2
956,<USER> trying to Cancelled Flight a flight urgently...get hung up on twice??? Sweet refund policy,negative,0,emoji_heavy,D2
957,<USER> this is awful customer service.,negative,0,emoji_heavy,D2
958,<USER> <USER> 28 hours Late Flightr still no email. work supervisor needs documentation to approve last minute vacation day request,negative,0,negation|emoji_heavy,D2
959,<USER> I spent over an hour of my morning on hold w/ your customer support. I want my confirmed flight to be taken care of,negative,0,emoji_heavy,D2
960,<USER> .. { it's all a320's right?},neutral,1,emoji_heavy,D2
961,"<USER> I understand the weather issues. I don't understand how I was not notified of the Cancelled Flightlation, and had to realize it so Late Flight.",negative,0,negation|emoji_heavy,D2
962,<USER> I'd really like to get off of this plane now.,negative,0,emoji_heavy,D2
963,<USER> I will. Thanks.,positive,2,emoji_heavy|short_ambiguous,D2
964,<USER> Can you guys please give an update? Been sitting on Tarmac on flight 601 yet the website still says it's on time?,negative,0,emoji_heavy,D2
965,"<USER>. Punta Cana, to enjoy weather n see my wifes family",neutral,1,emoji_heavy,D2
966,<USER> no. I need you to have more than 2 agents at check in.,negative,0,negation|emoji_heavy,D2
967,<USER> can I get some luv with a fallow?,neutral,1,emoji_heavy,D2
968,"<USER>, if you mean beyond opaque ""maintenance issues"", yes, that would be basic in customer service which your EWR staff can't manage.",negative,0,emoji_heavy,D2
969,"<USER> just went to check into flight 24 hr advance, again husband and I are seated separately for 6hr flight! why does this happen??",negative,0,emoji_heavy,D2
970,<USER> BETSY is the BESTY! Gettin' stuck at #LAS might not be bad for most..but I want home! #homewardbound #betsy #besty #thankyou,negative,0,negation|hashtag_heavy|emoji_heavy,D2
971,<USER> never heard of this? <URL>,negative,0,negation|emoji_heavy,D2
972,"<USER> My flight was 952, leaving las vegas at 5:40pm, arriving at CHI-MID at 11:00 pm.",negative,0,emoji_heavy,D2
973,<USER> now finally in memphis. Landed 30 minutes ago. Still no bags. Paying for a service that just gets worse...,negative,0,negation|emoji_heavy,D2
974,<USER> Haha. Thanks. You guys are great. Unlike the <USER>. ;-) #GoPatriots!,positive,2,emoji_heavy,D2
975,<USER> are flights leaving Dallas right now? In Maui trying to figure out how delayed flight 7 is going to be,negative,0,emoji_heavy,D2
976,"<USER> I made my flight but then still had no update emails when I landed, no info ever sent on that or second flight. Losing my biz.",negative,0,negation|emoji_heavy,D2
977,<USER> that would have been nice earlier today. Too Late Flight now. I hope.,negative,0,emoji_heavy,D2
978,<USER> Cancelled Flighting flights 45 minutes before takeoff &amp; sitting for 45 min on the runway of the rescheduled flight #badservice,negative,0,emoji_heavy,D2
979,<USER> Looking for some help to recover an item I left on an airplane this evening,neutral,1,emoji_heavy,D2
980,<USER> u guys suck,negative,0,emoji_heavy|short_ambiguous,D2
981,"<USER> been solved, they finally picked up the second time I called, thanks for the response JH! 7:21 to dulles works!",positive,2,emoji_heavy,D2
982,"<USER> after 2 days - 1 flight Cancelled Flightled, another delay for 8 hours- united gave me a $7 food voucher. That's how much they value my time??",negative,0,emoji_heavy,D2
983,"<USER> hi, i did not get points on my elevate account for my most recent flight, how do i add the flight and points to my account?",neutral,1,negation|emoji_heavy,D2
984,<USER> It is also inappropriate to lie to passengers to induce them into accepting a voucher by telling them you have availability on Late Flightr,negative,0,emoji_heavy,D2
985,"<USER> Flight today from PHL to DAL Cancelled Flightled. 96 min on hold, rebooked for tomorrow. Now that flight is Cancelled Flightled. On hold again.",negative,0,emoji_heavy,D2
986,<USER> Definitely! Lots of announcements and the app is great.,positive,2,emoji_heavy,D2
987,<USER> Need help with a flight. Weather + funeral = tough combination. On hold for over an hour. Please?,negative,0,emoji_heavy,D2
988,<USER> The pilot of UA475 just landed this plane like he was gently placing us into a pile of whipped cream. Smoothest landing ever.,positive,2,emoji_heavy,D2
989,<USER> Just watched crew on flight 380 help elderly lady off plane...#firstclass,positive,2,emoji_heavy,D2
990,"<USER> Also, I have to wait more than 2 hours before I can speak to someone on the phone? I can't wait 2 hours. :(",negative,0,emoji_heavy,D2
991,"<USER> tried a different flight IAH-MNL 4/1/15-4/17/15, 6 flights are advertised for $1038 but are not bookable (due to partner error).",negative,0,negation|emoji_heavy,D2
992,<USER> I need to reschedule a flight and I've been on hold for almost an hour. This is ridiculous. Is there a best number to call?,negative,0,emoji_heavy,D2
993,<USER> Really? Sprint? I thought you guys were 'kewl'! 0_0,neutral,1,emoji_heavy,D2
994,<USER> traveling with <USER> who is injured. Gate agent in Chicago was awesome helping her. TY #roadwarrior,positive,2,emoji_heavy,D2
995,<USER>. Worst flying experiences ever the past three days. Your airline needs to get it together. Lost a customer with me,negative,0,emoji_heavy,D2
996,"<USER> how aggravating, zone 5 boarded, overhead empty but forcing bag check. Better not loose bag again! flt1727 <URL>",negative,0,negation|emoji_heavy,D2
997,"<USER> my flight landed 50 min, but we are being told to stay on the plane, haven't pulled up to the gate &amp; have little to no information.",negative,0,negation|emoji_heavy,D2
998,<USER> delayed flight six hours. Missed international connection= extra night in a hotel and still have to pay for a 15lb surfboardbag,negative,0,emoji_heavy,D2
999,<USER> thanks for ruining my wedding anniversary. Flight UA4904 from EWR to RDU is delayed by over 3 hours and will reach home the nxt day,negative,0,emoji_heavy,D2
1000,<USER> thanks,positive,2,emoji_heavy|short_ambiguous,D2
1001,<USER> Does customer care have email or a phone rep that I can speak with? We had so many issues they can't be placed in 2000 characters?,negative,0,emoji_heavy,D2
1002,<USER> one last thing....United club crackers...nabisco?? Where are the Pepperidge Farms?,neutral,1,emoji_heavy,D2
1003,"<USER> <USER> no, you couldn't care less. That's why their customer service is run by bots",negative,0,negation|emoji_heavy,D2
1004,"<USER> after running from one flight, because we had 10 mins, to our next flight, we then sat on our plane for an hour.",negative,0,emoji_heavy,D2
1005,<USER> just called and did it. Should have earlier because I'm being sent to DCA first and THEN to pvd. We may rent a car instead.,neutral,1,emoji_heavy,D2
1006,"<USER> +what took me aback was the response by the flight attendant, who put the responsibility squarely back on passenger's shoulders. +",negative,0,emoji_heavy,D2
1007,"<USER> not really the experience I was hoping 4, I ws forced 2 check in a small carry on, w/ nothing but empty cabin space on board",negative,0,negation|emoji_heavy,D2
1008,<USER> PLEASE HELP need our plane to wait to go to #ELMIRA on Tarmac over an hr baggage took 45 and still not here thru customs,negative,0,negation|emoji_heavy,D2
1009,<USER> will never travel with you again. This is insanity. storms are inevitable but making us hold to just add a lap child #badservice,negative,0,negation|emoji_heavy,D2
1010,"<USER> KOA-LAX should have fresh food service, right?",neutral,1,emoji_heavy,D2
1011,<USER> now I don't get the common courtesy of my phone call answered. Either policy is bad or people should be fired. #dissaponted,negative,0,emoji_heavy,D2
1012,"<USER> I tried the online tracking and they said something like ""attempting to locate luggage""",negative,0,emoji_heavy,D2
1013,<USER> I hope this isn't a real life scene out of the movie 'Flight' .....,negative,0,emoji_heavy,D2
1014,<USER> have five people shown up yet,neutral,1,emoji_heavy,D2
1015,"<USER> That made me so mad, but then I called the bag number, and that person was helpful and told me where the bag really was. (2/2)",positive,2,emoji_heavy,D2
1016,"<USER> I'd love to take my seat, but it appears as though someone already has. #disappointed #upgrademe #wtf <URL>",negative,0,hashtag_heavy|emoji_heavy,D2
1017,<USER> waiting all day at ATL since flight this am Cancelled Flightled. 1 standby told no seats and group of 15 shows up Late Flight and gets on to PHL,negative,0,negation|emoji_heavy,D2
1018,<USER> seriously what's with the slow #wifi on this flight! If the speed was going to change for the worse then the price shouldn't go up!,negative,0,emoji_heavy,D2
1019,<USER> Thank you for being so responsive on Twitter. Truly impressive.,positive,2,emoji_heavy,D2
1020,<USER> 5.5 hours Late Flightr I've been in transit for a total of twelve hours...please just change the plane on flight 600 this is ridiculous SFO,negative,0,emoji_heavy,D2
1021,"<USER> Very frustrated, checked bag in Logan, was not given a luggage ticket,now luggage is lost &amp; no ownership from <USER>",negative,0,negation|emoji_heavy,D2
1022,<USER> thanks,positive,2,emoji_heavy|short_ambiguous,D2
1023,"<USER> do they have to depart from Washington, D.C.??",neutral,1,emoji_heavy,D2
1024,<USER> Thanks!,positive,2,emoji_heavy|short_ambiguous,D2
1025,<USER> I was so excited when I saw that you fly there! #ionlyflyblue,positive,2,emoji_heavy,D2
1026,"<USER> but not sufficiently sorry to actually *do* anything about it, I guess. Your systems are presumably beyond reproach or reform.",negative,0,negation|emoji_heavy,D2
1027,Lmfaooo “<USER>: Our fleet's on fleek. <URL>,positive,2,emoji_heavy,D2
1028,<USER> y'all are fast we already have our 5 winners! Congrats!!,positive,2,emoji_heavy,D2
1029,<USER> woof.,neutral,1,emoji_heavy|short_ambiguous,D2
1030,<USER> can you please help? you've now rebooked me incorrectly after flight was Cancelled Flightled. please fix my flt to Tuesday!!,negative,0,emoji_heavy,D2
1031,Cool thx! Only a couple more #PGAShow flights til I'm #Mosaic...can't wait. Will be easier to change flights when weathers bad <USER>,positive,2,hashtag_heavy|emoji_heavy,D2
1032,<USER> you a bish,negative,0,emoji_heavy|short_ambiguous,D2
1033,<USER> is flt 680 en route to DCA or BWI after diverting to RDU. Your phone service sucks and your website is conflicting.,negative,0,emoji_heavy,D2
1034,<USER> All these changes. Way to stick it to your Premiere 1K loyal customers. Why make things harder for those that loyal to you?,negative,0,emoji_heavy,D2
1035,<USER> in fact he received my boarding pass,neutral,1,emoji_heavy,D2
1036,<USER> omg omg😍😍 nonstop Dallas to Austin on virgin✨😱✈️,positive,2,emoji_heavy|slang,D2
1037,"<USER> don't need your apologies, need my bag. Took 56 minutes from landing to get it. Unacceptable.",negative,0,emoji_heavy,D2
1038,<USER> flight 577 fll to sfo. No speed line even though I paid for it. No coffee on flight. and my non stop now has an unscheduled stop,negative,0,negation|emoji_heavy,D2
1039,<USER> first my sister had ZERO food in her cross country flight with no type of warning or voucher,negative,0,negation|emoji_heavy,D2
1040,"<USER> a lot of ""apologies"" being thrown out to customers from what I can see.Very sad. Thanks for nothing. Worst airline ever.",negative,0,emoji_heavy,D2
1041,"<USER> 3pm and my bags still not here. not even a courtesy toiletries kit. not the flight experience I was expecting, very disappointed.",negative,0,negation|emoji_heavy,D2
1042,<USER> been at DCA at 5 pm still here at 3 am due to mechanical issues and lack of snacks on the plane! Absolutely worse experience!,negative,0,emoji_heavy,D2
1043,<USER> I want to speak to a human being! !! This is not an obscene request!,negative,0,negation|emoji_heavy,D2
1044,<USER> averaging 200 minute wait times tonight or what? I've gotten no help from you tonight.,negative,0,negation|emoji_heavy,D2
1045,"<USER> they are all -pilots, FA and ground personnel doing a great job. Weather is to blame... Who do I talk to about that :)",positive,2,emoji_heavy,D2
1046,"<USER>, I normally ❤️ you, but this Late Flightst flight experience was the worst. 2 hours on runway, no wifi &amp; tv not working properly",negative,0,negation|emoji_heavy,D2
1047,"<USER> I'm trying to get to my final destination, we need compensation. Just about 2hrs of personal time wasted.",negative,0,emoji_heavy,D2
1048,<USER> fuck you for not caring 😢,negative,0,negation|emoji_heavy,D2
1049,"<USER> come on, reopen 1285 at ORD and clear your growing DC backlog",negative,0,emoji_heavy,D2
1050,<USER> my PR class would luv to know who's in charge of your Twitter. How many people write your tweets? #gracias,neutral,1,emoji_heavy,D2
1051,<USER>'s new CEO seeks the right balance to please passengers and Wall ... - Daily Journal <URL>,neutral,1,emoji_heavy,D2
1052,<USER> you're just using automated responses and don't have the decency to actually care/respond,negative,0,emoji_heavy,D2
1053,<USER> a friend is having flight Cancelled Flightlations out of LAX to CMH on Feb 23. Anyway to help her? 800 number has been no help,negative,0,negation|emoji_heavy,D2
1054,<USER> hey I'm flying from Tampa to Denver today and I want to know if there will be tv's in the seats like <USER>,neutral,1,emoji_heavy,D2
1055,"<USER> Beats EPS Views, Takes On #SouthwestAir VA LUV - Investor's Business Daily <URL>",neutral,1,emoji_heavy,D2
1056,"<USER> my mom's baggage is lost, in fly 1557 fort lauderdale-Bogotá today, Colombian employees treated us badly , need help please",negative,0,emoji_heavy,D2
1057,BUT <USER> just re-booked to BOS; UGGH!! now 3 hour bus to WMASS home. Could have flown to BDL &amp; back to DC in same time. #unitedairlines,negative,0,emoji_heavy,D2
1058,"<USER> If you'd love to see more girls be inspired about becoming pilots, RT our free WOAW event March 2-8 at ABQ. <URL>",neutral,1,emoji_heavy,D2
1059,<USER> can you help 689 in Chicago get to a gate. Freezing on a runway seems like a crappy thing to do at 9pm,negative,0,emoji_heavy,D2
1060,<USER> My flight to KC has been Cancelled Flighted and the next available isn't till Tuesday?! What am I supposed to do for 3 nights?????,negative,0,emoji_heavy,D2
1061,<USER> should contact me and the others on my flight who can't get their website to work. None of our info is valid! <URL>,negative,0,emoji_heavy,D2
1062,"<USER> flights keep getting delayed and Cancelled Flighted with no information, worst customer service ever.",negative,0,negation|emoji_heavy,D2
1063,<USER> thanks so much!,positive,2,emoji_heavy|short_ambiguous,D2
1064,<USER> I don't know my flight details bc I need to explore some options which I'm unable to do bc the site won't let me.Seems to be ongoing,negative,0,emoji_heavy,D2
1065,"<USER>, wtf is your username and/or email addr signin STILL unavailable? Been trying to login since Sunday",negative,0,emoji_heavy,D2
1066,"<USER> trying to change flight via DFW tomorrow, can't get thru on phone, long wait then cut off x2, can you help please?",negative,0,emoji_heavy,D2
1067,<USER> ticks me off.,negative,0,emoji_heavy|short_ambiguous,D2
1068,<USER> just please get my luggage from #2070 onto carousel 5 / Logan Airport and I'll be able to go home!,negative,0,emoji_heavy,D2
1069,<USER> <USER> - thanks for making new direct flight to San Francisco.,positive,2,emoji_heavy,D2
1070,<USER> is making dreams come true with their #DestinationDragons scavenger hunt! You can win a chance to see Imagine Dragons! Go!,positive,2,emoji_heavy,D2
1071,<USER> Conf #8Q6MFD Finally got through &amp; told the flight was completely booked. That would have been better info than advise 2 call,negative,0,emoji_heavy,D2
1072,"<USER> on SFO-&gt;AUS UA343 2/17, IS9JX1; my seat appears to have had a mite problem. Dr recently confirmed over 50 bug bites were mites",negative,0,emoji_heavy,D2
1073,<USER> one question. Can I book one way tickets with award travel/points,neutral,1,emoji_heavy,D2
1074,<USER> thanks for the update. 'Preciate it. Hope it gets here. Been delayed 2 days getting back,negative,0,emoji_heavy,D2
1075,<USER> you guys are awesome... #dontchangeathing #luv,positive,2,hashtag_heavy|emoji_heavy,D2
1076,<USER> <USER> <USER> No Oscars on Direct TV on this flight. We were so looking forward to it. We were devastated. :-/,negative,0,negation|emoji_heavy,D2
1077,<USER> to offer service from Daytona Beach to New York - Albany Business Review <URL>,positive,2,emoji_heavy,D2
1078,<USER> can you help me out?,neutral,1,emoji_heavy,D2
1079,<USER> hello I am flying first class and am behind 20 people on zone 1!!!!! Pls pass on to app dept - you should board 1st class first,negative,0,emoji_heavy,D2
1080,<USER> this is really unhelpful. Why can't I rebook online? <URL>,negative,0,emoji_heavy,D2
1081,<USER> I'm traveling around the world until the end of the year. 800 numbers do me no good.,negative,0,negation|emoji_heavy,D2
1082,"<USER> i understand, thanks",neutral,1,emoji_heavy|short_ambiguous,D2
1083,<USER> now we dont have enough money for parking in your garage this is your fault and im not paying for what should be 10mins into 3hrs,negative,0,negation|emoji_heavy,D2
1084,"😒 ""<USER>: Our fleet's on fleek. <URL>",neutral,1,emoji_heavy,D2
1085,"<USER> really fucked my day up Hilo to LAX 2hr30min delay because of software? missed connection, getting home 8hrs Late Flightr no upgrade nothin",negative,0,negation|emoji_heavy,D2
1086,<USER> ...these changes as well to Late Flightr find out that the flight I was scheduled for isn't ready,negative,0,emoji_heavy,D2
1087,<USER> Flight Cancelled Flightled out of BNA.... Do I have to reschedule now or can travel funds be put back into my account for future use?,negative,0,emoji_heavy,D2
1088,“<USER>: <USER> We appreciate the #shoutout for Roberto. DM confirmation code so we can forward ur kind words.” Confirmation code?,negative,0,emoji_heavy,D2
1089,<USER> What's going on with your website? I'm Flight Booking Problems three tickets today and I've been booted off the system umpteen times.,negative,0,emoji_heavy,D2
1090,<USER> now U horrible people say you have no where for her to sleep?,negative,0,negation|emoji_heavy,D2
1091,<USER> our flight attendant <USER> was super helpful in finding a bag we left on a flight today. Excellent customer service. Name fits.,positive,2,emoji_heavy,D2
1092,<USER> I'm trying to Request Missed Mileage and it keeps saying it can't my flight from 2/13. Then it says call the number.,negative,0,emoji_heavy,D2
1093,"“<USER>: <USER> Please DM details, we'd like to help if you need assistance. ^KP” <USER> #Another #Airlines #Issues",neutral,1,hashtag_heavy|emoji_heavy,D2
1094,<USER> I will do just about anything tO GO TO THE VEGAS SHOW PLEASE MAN,positive,2,emoji_heavy,D2
1095,"<USER> Either is fine. However, plundering my hard-earned dollars is not fine.",negative,0,negation|emoji_heavy,D2
1096,.<USER> yes and not boarding at 6:44. Good luck with that. Push wheels up to reality. Dare you.,negative,0,negation|emoji_heavy,D2
1097,<USER> won't let me send a DM because they don't follow me.. #lovedflyingwiththem #notanymore #wrong #badpolicy,negative,0,hashtag_heavy|emoji_heavy,D2
1098,<USER> I've been on hold for over 90 minutes... There's a lack of quality service here. Nobody cares that I hate your shitty airline.,negative,0,emoji_heavy,D2
1099,<USER> <USER> well here we go,positive,2,emoji_heavy,D2
1100,<USER> is there no way to switch to earlier flight to JFK even if I checked a bag?,neutral,1,negation|emoji_heavy,D2
1101,"<USER> thanks for delaying my flight for an hour, and then boarding us onto a flight that REEKS of vomit because it wasn't cleaned properly",negative,0,emoji_heavy,D2
1102,<USER> sitting on the ground in Charlotte with no gate or comms for flight deck great happy Friday hope i make my connection,negative,0,negation|emoji_heavy,D2
1103,<USER> ok. Pilots are looking for agents - they jumped out / FLT 5350 #DFW / this is crazy,negative,0,emoji_heavy,D2
1104,<USER> tell the flight from clt to srq 5080 to wait!!!!!!,negative,0,emoji_heavy,D2
1105,<USER> you would think you would clean your ramps. Our jet is stuck in the snow in Newark. This would never happen with <USER>,negative,0,negation|emoji_heavy,D2
1106,<USER> no we haven't because we've been in the same line at the service desk for an 1hr and 1/2 now in the same spot.,negative,0,negation|emoji_heavy,D2
1107,<USER> what is contact info to upgrade using advantage miles?,neutral,1,emoji_heavy,D2
1108,<USER> Got a call. Bag is to be delivered tonight. Thanks for your reply!!,positive,2,emoji_heavy,D2
1109,<USER> are people in an exit row still supposed to give their verbal approvals? I was never asked on the flight I'm on...,negative,0,negation|emoji_heavy,D2
1110,<USER> now on hold for 2.5 hours waiting to speak to someone about my Cancelled Flightled flight from Philly to ORL,negative,0,emoji_heavy,D2
1111,<USER> <USER> <USER>. Apology not good enough. 4 planes with mechanical and 9 hours delayed unacceptable.,negative,0,negation|emoji_heavy,D2
1112,<USER> makes flying for <USER> fun! Flight crew just led the plane in singing happy birthday to one of our guys! #LuvInTheAir,positive,2,emoji_heavy,D2
1113,<USER> thanks for gate checking my baggage on your full flight dfw-lax 883 and giving me early boarding too #sweet,positive,2,emoji_heavy,D2
1114,<USER> ok. I'll book JB to JFK then book to ATH. Thank you.,positive,2,emoji_heavy,D2
1115,<USER> yes but not with out an attitude and nasty comment,negative,0,negation|emoji_heavy,D2
1116,<USER> I did and then she made me feel guilty because it was economy plus and I didn't pay for the extra leg room,negative,0,emoji_heavy,D2
1117,<USER> <USER> holy fuckinf shit,positive,2,emoji_heavy,D2
1118,<USER> boom. <URL>,neutral,1,emoji_heavy|short_ambiguous,D2
1119,<USER> while in Haiti Id do food distribution for hundreds of hungry kids in nearby villages. #flyingitforward <URL>,neutral,1,emoji_heavy,D2
1120,"<USER> 2 Cancelled Flighted flights Late Flightr, agent claimed she put me on a new flight but then Cancelled Flighted it. Coworker got on flight- now delayed. Now?",negative,0,emoji_heavy,D2
1121,<USER> please please please <URL>,neutral,1,emoji_heavy,D2
1122,<USER> you are the worst airline in the world! From your crap website to your worthless app to your Late Flight flight. You SUCK! Just shut down.,negative,0,emoji_heavy,D2
1123,"<USER> $192 rndtrp 4/30-5/5 ""<USER>: RT <USER>: If you're trying to make travel reservations for Vegas on May 2nd it's too Late Flight""",neutral,1,emoji_heavy,D2
1124,<USER> Feeling very frustrated that I bought WIFI onboard and can't load an email.,negative,0,emoji_heavy,D2
1125,"<USER> open seating is like an open marriage, there's so much love for strangers!",positive,2,emoji_heavy,D2
1126,<USER> don't know if you are aware that ALL of your premier access lines are closed in your terminal. I feel the love.,negative,0,emoji_heavy,D2
1127,<USER> what is going on with the computers? Why is my flight grounded? Why does your airline suck so much? #UnansweredQuestions,negative,0,emoji_heavy,D2
1128,<USER> You suck. Flight delayed equipment probs again. Miss connection by 2 minutes and you won't let us on even though it's at the gate.,negative,0,emoji_heavy,D2
1129,<USER> used to (still do?) let you listen to flight radio...I often did...interesting to me #TCMParty #CE3K #31DaysOfOscar,neutral,1,hashtag_heavy|emoji_heavy,D2
1130,<USER> I want you to pay for my parking fee at Orlando airport because your app told me my moms flight landed at 9:19 and it lied,negative,0,emoji_heavy,D2
1131,<USER> I just want to be heard and to discuss the many issues on my trip,negative,0,emoji_heavy,D2
1132,"<USER> can't speak with customer service for 2hours, still on hold! Do you guys work?#nogood",negative,0,emoji_heavy,D2
1133,<USER> 3 hours of sitting in the plane that hasn't left the Gate yet. 6 more hours of actual flying left.,negative,0,emoji_heavy,D2
1134,"<USER> You are jumping the gun and Cancelled Flighting flights that could've made it before the snow. Now, more Cancelled Flightlations. It's ridiculous.",negative,0,emoji_heavy,D2
1135,<USER> of course never again tho . Thanks for tweetin ur concern but not Doin anythin to fix what happened. I'll choose wiser next time,negative,0,negation|emoji_heavy,D2
1136,<USER> JH: going to process my refund for wifi. its asking for a receipt #? I never received an email- you guys just whacked my credit card,negative,0,negation|emoji_heavy,D2
1137,<USER> hell is terrible gate agents. And a three hour wait at the gate.,negative,0,emoji_heavy,D2
1138,"<USER> (1/2) thanks, but does not answer my question. I want to make a reservation over the phone in Perth, hold for 24hrs, and have family",negative,0,negation|emoji_heavy,D2
1139,<USER> as a freq flyer it makes me sad to see cust needing assistance treated so poorly. #ServiceFail,negative,0,emoji_heavy,D2
1140,<USER> When will the flight resume? I don's see it in the open schedule. :/,negative,0,emoji_heavy,D2
1141,<USER> ok. I just submitted. Thanks for the opportunity to give feedback.,positive,2,emoji_heavy,D2
1142,<USER> <USER> Flying from Orlando to Philly to Charlotte to Lynchburg. Saw advisory re Philly. Wld like to fly from Orl to Char,neutral,1,emoji_heavy,D2
1143,"<USER> ... frozen lines on flight, not continuing due to 'passenger comfort'? Not ok, sat on the plane as long as a flight to Vegas would !",negative,0,negation|emoji_heavy,D2
1144,<USER> 'preciate it but cant get off plane to speak w agent / wont come on plane 5015 knoxville...?,negative,0,emoji_heavy,D2
1145,"<USER> You should be apologizing for your rude sales reps and failure to offer anything other than trite, condescending platitudes....",negative,0,emoji_heavy,D2
1146,<USER> call Gate D9 in CLT and get me on this flight,neutral,1,emoji_heavy,D2
1147,<USER>. 50th Anniversary on April 10th. Still. Sweethearts. Companions. Lifetime. Sons. Families. Love.,positive,2,emoji_heavy,D2
1148,<USER> I shouldn't have to spend my own $$$ on a hotel because of a weather delay. The weather being something COMPLETELY OUT OF MY CONTROL,negative,0,emoji_heavy,D2
1149,<USER> I have been trying to get through to a representative for 7 hours aboout my Cancelled Flightled flight. Have you simply given up?,negative,0,emoji_heavy,D2
1150,<USER> I lost my luggage. My birthday wish is to find my luggage.,negative,0,emoji_heavy,D2
1151,<USER> flight UA5631 from SFO to Burbank has been delayed twice now. Still no plane in sight. Get it together.,negative,0,negation|emoji_heavy,D2
1152,"<USER> Eyyyy! Cancelled Flightlations, Flight Booking Problemss, reFlight Booking Problemss, but y'all got me on the same flight out tonight (not tomorrow) &amp; the FC upgrade. Thx!",positive,2,negation|emoji_heavy,D2
1153,<USER> Hi Guys good morning how are you doing,positive,2,emoji_heavy,D2
1154,"<USER> typical caned response from UA, fix your crappy performing, last placed/ranked airline in this century!",negative,0,emoji_heavy,D2
1155,<USER> I think you should board from the back of the plane #whatstheholdup #CHItoCLE,negative,0,hashtag_heavy|emoji_heavy,D2
1156,<USER> you suck!,negative,0,emoji_heavy|short_ambiguous,D2
1157,<USER> I have a flight 2/22 <USER> am from Fort Lauderdale to bwi.. Can I Cancelled Flight that flight ? Flight 3458 trip I'd 314505529,neutral,1,emoji_heavy,D2
1158,".<USER> <USER> Add insult to injury you guys ""misplaced"" my bag. Can't believe you have to pay money to be treated this poorly.",negative,0,emoji_heavy,D2
1159,<USER> #usairways Raleigh NC; baggage carousel staff were aggressive towards people waiting 1 1/2 hrs for bags. Flight 699,negative,0,emoji_heavy,D2
1160,<USER> what's the status of flight 1272 diverted to RIC? When will it depart back for LGA?,neutral,1,emoji_heavy,D2
1161,<USER> Cancelled Flighting my flight today because of weather in Dallas without being charged?,negative,0,negation|emoji_heavy,D2
1162,<USER> leave our luggage in the baggage claim without any previous information! That's not the deal!! <URL>,negative,0,negation|emoji_heavy,D2
1163,<USER> Awesome - thanks!,positive,2,emoji_heavy|short_ambiguous,D2
1164,<USER> Thank you! Off to LA to do something very special.,positive,2,emoji_heavy,D2
1165,"<USER> 2.5 hour delay, misplaced bag, poor communication, and the worse: unsympathetic, confrontational gate agent. Not cool!!!",negative,0,negation|emoji_heavy,D2
1166,<USER> Yes. Your service in GUC sucks. Your gate agent pushed a passenger and has been rude to everyone since we got here.,negative,0,emoji_heavy,D2
1167,"<USER> here we go again, 2nd round trip to CA in a week #TrueBlue",neutral,1,emoji_heavy,D2
1168,<USER>'s first-class #cockup <URL>,negative,0,emoji_heavy|short_ambiguous,D2
1169,<USER> I had a rep 10 min in who said she couldn't help so transferred me to dividend miles customer service,negative,0,emoji_heavy,D2
1170,<USER> I just want to find my bag so I won't have to go through the hassle of trying to claim what was in my suitcase #usairwaysfail,negative,0,emoji_heavy,D2
1171,<USER> was on hold for about 45 minutes after speaking 2 lady at the airport counter. Gave up,negative,0,emoji_heavy,D2
1172,<USER> agent did help me. My point: there's a problem &amp; I don't want it to mess up somebody else's plans. Can u flow this to tech team pls?,negative,0,emoji_heavy,D2
1173,<USER> they will just say dumb things to beat around the bush ! If you're flight Cancelled Flightled be prepared for no compassion from them,negative,0,negation|emoji_heavy,D2
1174,<USER> Why haven't you released a travel advisory for IAD for tomorrow????!!!!!!!!,negative,0,emoji_heavy,D2
1175,<USER> thanks for seating me next to 2 hot athletes. This flight is significantly better now!,positive,2,emoji_heavy,D2
1176,<USER> OK she is worried that something is wrong with the flight - #1870 - and should she consider flying earlier,neutral,1,emoji_heavy,D2
1177,<USER> and stranded passengers aren't being helped to get another flight?,negative,0,emoji_heavy,D2
1178,<USER> Can you check on he status of my EXP membership card? Need the physical card to access some international lounges soon.,neutral,1,emoji_heavy,D2
1179,<USER> just messaged you. Please have someone contact us immediately.,negative,0,emoji_heavy,D2
1180,<USER> my flight 129 to dallas and 259 to SFO has been Cancelled Flighted and they can't get me on anything else until tomorrow. You won't put,negative,0,emoji_heavy,D2
1181,"<USER> delayed my flight 3 times before Cancelled Flighting it, had angry and rude workers, and are now providing no helpful service at all",negative,0,negation|emoji_heavy,D2
1182,<USER> you should update your passbook passes with any gate changes.,neutral,1,emoji_heavy,D2
1183,<USER> to jump into the Dallas-Austin market - <USER> <URL>,neutral,1,emoji_heavy,D2
1184,"<USER> If you believe in keeping your customers happy, especially after a mistake was made on your part...",negative,0,emoji_heavy,D2
1185,<USER> that's right- with an overnight Miami.,neutral,1,emoji_heavy,D2
1186,<USER> I suppose your customers enjoy screaming toddlers then. Not my problem if someone complains!,negative,0,negation|emoji_heavy,D2
1187,<USER> Thank u! Did reach out to both and have not had a response yet. Lost and Found goes straight to VM.,negative,0,negation|emoji_heavy,D2
1188,<USER> thanks for reaching out to me. My Gold Div no. 2k424j0. My Flights were changed under Confirmation # DNX58V.,positive,2,negation|emoji_heavy,D2
1189,<USER> I will. Is it down or is just me?,negative,0,emoji_heavy,D2
1190,<USER> HELLO?! It's been FOUR HOURS since plane landed! Flt 630 phx to JFK. 3 hrs on Tarmac waiting 4 gate. Plus an hour no bags yet,negative,0,negation|emoji_heavy,D2
1191,<USER> <USER> she tried they are not doing anything said they would talk to stewardess about serving drunks drinks how does that help,negative,0,negation|emoji_heavy,D2
1192,"<USER> I ""heart"" Southwest but those commercials aimed to satisfy a nano-smattering of travelers to few destinations.",negative,0,emoji_heavy,D2
1193,<USER> thank you for great customer service. Trying to make it to San Antonio and your staff and alerts have been helpful. Boo ice!,positive,2,emoji_heavy,D2
1194,<USER> sure knows how to pamper customers they strand abroad. #badcustomerservice #fend4yourself #youareonyourown <URL>,negative,0,hashtag_heavy|emoji_heavy,D2
1195,<USER> A refund and flight vouchers or another flight on a different airline at your expense for today. 8 hour drive is very inconvenient,negative,0,emoji_heavy,D2
1196,<USER> what's the hold up with flight 1553? boarding should've taken place 30 minutes ago.,negative,0,emoji_heavy,D2
1197,<USER> anything yet JJ?,neutral,1,emoji_heavy|short_ambiguous,D2
1198,<USER> Hi. Get error msg when trying to check in on line. States: wrong pass#. Tickets rcvd from AA due to training in DFW. U know Y?,negative,0,emoji_heavy,D2
1199,<USER> the app doesn't allow Canadian address. I used the mobile Canadian site and it will not let you select a passenger.,negative,0,negation|emoji_heavy,D2
1200,<USER> <USER> Same,neutral,1,emoji_heavy|short_ambiguous,D2
1201,"<USER> FYI twice now I've tried the ""we'll call you when someone is free"" thing. Both times it called, I picked up, then it hung up.",negative,0,emoji_heavy,D2
1202,<USER> <USER> <USER> I am going to be stuck in Florida for 3 days because <USER> wouldn't hold my connecting flight to LGA,negative,0,emoji_heavy,D2
1203,<USER> being told JFK had a 5 hour delay this AM which is reason for my delay now. It can't be that hard to notify with 12 hours notice,negative,0,emoji_heavy,D2
1204,"<USER> promised 4 rooms until Wednesday, (wentook3) and the hotel charged us $79 per room because we had a pink paper needed white?",negative,0,emoji_heavy,D2
1205,<USER> I DM'd you,neutral,1,emoji_heavy|short_ambiguous,D2
1206,<USER> hahah 😂👌👌👌 love flying jet blue tho!! <URL>,positive,2,emoji_heavy,D2
1207,<USER> get me outta here,negative,0,emoji_heavy,D2
1208,<USER> it would be super if you paid as much attention to actual fliers as you do to credit card holders.,negative,0,emoji_heavy,D2
1209,"<USER> Thank U for the 1hr delay then boarding us onto a plane that reeks of vomit, flight attendant indicated it wasn't cleaned properly.",negative,0,emoji_heavy,D2
1210,"<USER> speaking of my flight, skateboards are allowed as carry on bagage right? No extra payment needed?",neutral,1,negation|emoji_heavy,D2
1211,"<USER> appreciate the early arrival of UA1002, but any chance ORD will ever bring the bags out?",negative,0,emoji_heavy,D2
1212,"<USER> customer svc worse than the #WinterWeather ! Flight Cancelled Flighted, website malfunction, on hold for &gt;1:34. <URL>",negative,0,emoji_heavy,D2
1213,"<USER> I shared my experience several times (AA Ref#1-2990176298), but AA's response is senseless, weather was not the cause!!!",negative,0,negation|emoji_heavy,D2
1214,"<USER> I am sure you are sincere in your apology, its disappointing from a customer perspective when you want loyal customers #options",negative,0,emoji_heavy,D2
1215,<USER> unfriendly unhelpful agents. Unannounced gate changes. Delayed flight that we found out about by word of mouth,negative,0,emoji_heavy,D2
1216,"<USER> hi! Could you protect me on US 445 just in case? Still on ground with no checked luggage, but still a chance I can make original",neutral,1,negation|emoji_heavy,D2
1217,"<USER> ""Goodwill"" now at $125.00. $27,000 x ? = Fine Still want your new CEO to make a public apology to all passengers of flight 136",negative,0,emoji_heavy,D2
1218,<USER> 50 min on hold trying to book award flight because site errors out. Agents ask for my pin to see platinum availability??? badbadbad,negative,0,emoji_heavy,D2
1219,<USER> Never felt better taken care of! Indian aunties are the gold standard. Thanks Aruna! <URL>,positive,2,negation|emoji_heavy,D2
1220,<USER> great customer service thanks,positive,2,emoji_heavy,D2
1221,<USER> can you tell me how to file a claim for clothing that had to be purchased?,negative,0,emoji_heavy,D2
1222,<USER> I just checked in online for tomorrow's flight - thought I should get auto upgrade? (Already got the email saying no seats),neutral,1,negation|emoji_heavy,D2
1223,<USER> what's the point? So I can wait for another 6 weeks. U r one of the only airlines that refuses to handle complaints by phone,negative,0,emoji_heavy,D2
1224,<USER> but again UNITED DOESNT GIVE 2 SHITS ABOUT THEIR CUSTOMERS,negative,0,emoji_heavy,D2
1225,<USER> #tbt every day.,positive,2,emoji_heavy|short_ambiguous,D2
1226,".<USER> thx for confirming! Again, yr team is awesome. Thanks for the prompt &amp; helpful response! Cheers to less snow in everyone's future",positive,2,emoji_heavy,D2
1227,<USER> love being told you would issue a refund when you couldn't get us out of the way of a hurricane to have it denied,positive,2,emoji_heavy,D2
1228,<USER> hire more customer service agents. And hour and a half is too long to hold,negative,0,emoji_heavy,D2
1229,<USER> ooh thanks!,positive,2,emoji_heavy|short_ambiguous,D2
1230,<USER> I'm hoping we don't miss our LAX - ITO connection. Not looking forward to being stuck at LAX overnight with our team....AGAIN!,negative,0,negation|emoji_heavy,D2
1231,<USER> Thks US #1786 2/19 PHL to FLL. Overall 1st class has improved with more food now on PHL to FLL and most crews are super.,positive,2,emoji_heavy,D2
1232,<USER> I'm getting calls from 1-800-433-7300 but the calls seem to drop instantly. Is there any alternate avenue for resched. support?,negative,0,emoji_heavy,D2
1233,"<USER> thank you for Cancelled Flighting my flight, last minute of course, to #GIS2015. I'm now missing one full day of my trip thanks to this!",negative,0,emoji_heavy,D2
1234,<USER> have you inspected the picture? routine aircraft check while on his cell phone? What will the FAA &amp; NYT say ? <URL>,negative,0,emoji_heavy,D2
1235,<USER> my cats flight was delayed 1+hour she will be arriving to Hawaii after 5 &amp; I won't be able to pick her up until tomorrow 😭,negative,0,emoji_heavy,D2
1236,<USER> still waiting #brokenpromises #notnice #neveragain #tellyourstory,negative,0,hashtag_heavy|emoji_heavy,D2
1237,<USER> I was so looking forward to my first flight with you today but it was Cancelled Flightled along with the subsequent one ...,negative,0,emoji_heavy,D2
1238,<USER> thanks for causing us to miss our connection and now a 6hour delay #flydeltanexttime,negative,0,emoji_heavy,D2
1239,<USER> Whoa! No tag and you still saw my tweet. Flight 105 JFK to Chicago. Trying to get home to see my little brother wrestle!,negative,0,negation|emoji_heavy,D2
1240,<USER> Karen with customer service was very helpful. Thank you for providing one bright spot in a frustrating situation.,positive,2,emoji_heavy,D2
1241,<USER> Thanks for sharing these photos! Round of applause for your crews! We appreciate all their hard work.,positive,2,emoji_heavy,D2
1242,"<USER> 8602947, jon at <URL> thanks.",neutral,1,emoji_heavy,D2
1243,<USER> made it.. Never ran so fast in my life,neutral,1,negation|emoji_heavy,D2
1244,"<USER> instead of making seats smaller/thinner so u can jam more people on a flight,u should concentrate on maint &amp; happy customers",negative,0,emoji_heavy,D2
1245,"<USER> You can't control turbulence, but you can control customer experience, lot of scared people up here.",negative,0,emoji_heavy,D2
1246,<USER> hi is there a way we can check to track the flight that will arrive &amp; that will be our flight to depart.,neutral,1,emoji_heavy,D2
1247,<USER> why are your first fares in May over three times more than other carriers when all seats are available to select???,negative,0,emoji_heavy,D2
1248,<USER> i booked lh via ua. However at gate they rebooked me to a Late Flightr lh flight. Now that flight didnt earn pqd for me. How do i get it,negative,0,emoji_heavy,D2
1249,<USER> well the income flight to dca to take us to ewr was delayed and it made us miss our connection to FLL so yes hotels were necessary,negative,0,emoji_heavy,D2
1250,<USER> that's it?!?!?,negative,0,emoji_heavy|short_ambiguous,D2
1251,"<USER> luckily, the people working the BSO at Chicago Midway have been very attentive and found our bags in Punta Cana.",positive,2,emoji_heavy,D2
1252,<USER> Weather keeps slowing us down. Not your fault. This is the 1st time a Southwest flight of mine was Late Flight so I can't complain :),positive,2,negation|emoji_heavy,D2
1253,<USER> the group of minor children were broken up into groups. Some still in Miami. Delta has much better customer service!,negative,0,emoji_heavy,D2
1254,<USER> flight UA3774 after two delays. just Cancelled Flightled and no more flights to Norfolk that aren't booked. Renting a car.,negative,0,negation|emoji_heavy,D2
1255,<USER> has time to respond to everyone else's complaints but not mine. You just lost a customer,negative,0,negation|emoji_heavy,D2
1256,"<USER> For my Grandma Ella's 80th, she would love a birthday greeting from your flight crew! She was a stewardess for Eastern Airlines.",neutral,1,emoji_heavy,D2
1257,<USER> still can't get a real person on the phone to book a flight. Ready to just go with #jetblue since they care. #usairwayssucks,negative,0,hashtag_heavy|emoji_heavy,D2
1258,"<USER> since bulkhead seats cannot have bags on floor, why don't u reserve o/head space above those seats? In 1B on UA246 - not impressed",negative,0,negation|emoji_heavy,D2
1259,<USER> no I am trying to get on a plane from Phx to RNO and the gate is saying the flight was downgraded.,negative,0,negation|emoji_heavy,D2
1260,<USER> Flight 3111 (N614SW) departs <USER> enroute to Indianapolis International Airport <URL>,neutral,1,emoji_heavy,D2
1261,<USER> I'm not know if the seats are actually narrower than other seats but they feel like it. Or maybe I'm extra bloated.,negative,0,negation|emoji_heavy,D2
1262,<USER> 4914 from PHL to BGM. I cannot believe this has happened 2x in under two weeks!,negative,0,emoji_heavy,D2
1263,<USER> workin on it. Waiting on him to reply.,neutral,1,emoji_heavy,D2
1264,<USER> if you are going to make me wait in the phone for a long time can you at least turn off the ads they are eating away at my soul,negative,0,emoji_heavy,D2
1265,<USER> how long does it take for customer feedback to respond to a complaint?,neutral,1,emoji_heavy,D2
1266,<USER> no I did not make connection. Your stellar employee Vicky Thomas refused to board me even though 23 empty seats on plane,negative,0,negation|emoji_heavy,D2
1267,<USER> <USER> <USER> I read that last hashtag as Go F United. Makes sense since they F us by Cancelled Flightling ticketed reservations,negative,0,emoji_heavy,D2
1268,<USER> ok thank you for the quick response JetBlue still the best comp,positive,2,emoji_heavy,D2
1269,<USER> screwing me over twice in one month. Learned my lesson. We are through.,negative,0,emoji_heavy,D2
1270,<USER> this has been the worst trip with little to no customer service,negative,0,negation|emoji_heavy,D2
1271,"<USER> No! We departed 24 hours Late Flightr, with a crazy crew. One of the lady simply freaked out and got away from job before departure.",negative,0,negation|emoji_heavy,D2
1272,"<USER> we tried. They're not at all helpful. Terrible customer service, at this airport, at least.",negative,0,negation|emoji_heavy,D2
1273,<USER> keep trying to call to change reservation and you keep hanging up on me,negative,0,emoji_heavy,D2
1274,"Aww, is it? <USER> I guess now I need to book a flight to somewhere warm ASAP! Any suggestions?",neutral,1,emoji_heavy,D2
1275,<USER> oh they saw it and said nothing.,neutral,1,emoji_heavy,D2
1276,"<USER> If this is customer service, then please call me.",negative,0,emoji_heavy,D2
1277,<USER> how is your gate agent gonna tell me my flight is on time when its 5 minutes past departure time and the previous flights plane..,negative,0,emoji_heavy,D2
1278,<USER> I had one interview I was the last person what does that mean?,negative,0,emoji_heavy,D2
1279,<USER> to battle <USER> on <USER>-<USER> route <URL> via <USER>,neutral,1,emoji_heavy,D2
1280,<USER> CEO discusses possibilities of NHL Vegas arena naming rights <URL> <USER> #sportsbiz,neutral,1,emoji_heavy,D2
1281,<USER> I have tried to talk to someone for almost 6 hrs! you Cancelled Flightled my flight and you won't pick up the phone. pathetic &amp; very sad,negative,0,emoji_heavy,D2
1282,<USER> and again! Another rep kicked butt! Naelah represents your team so beautifully!! Thank you!!!,positive,2,emoji_heavy,D2
1283,"<USER> I'm an A-list Preferred customer and very loyal SWA. However, your inflight wifi is no better today than it was 4 years ago.",negative,0,negation|emoji_heavy,D2
1284,but why RT <USER>: Our fleet's on fleek. <URL>,neutral,1,emoji_heavy,D2
1285,<USER> Flight 6212...massive fail! They delaying to transport a crew member causing many to miss connections! Unreal!,negative,0,emoji_heavy,D2
1286,"<USER> my flight got Cancelled Flightled from GRK to DFW, then to LEX for tomorrow and I need it rebooked.",neutral,1,emoji_heavy,D2
1287,<USER> don't merge with an airline that ain't ready for prime time and book your elite flyers on it! #NotHappy <USER> #NeedCoffee,negative,0,hashtag_heavy|emoji_heavy,D2
1288,"<USER> Yo, could that be a catering truck before mine eyes? Unmoving? <URL>",neutral,1,emoji_heavy,D2
1289,<USER> Can you help me update KTN on the profile? Ticket book via AA &amp; that info didn't get pass on. I've been on hold forever,negative,0,emoji_heavy,D2
1290,<USER> thank you for being jetblue and not jetgreen or jetred. blue is my favorite color! and jet blue makes it better :),positive,2,negation|emoji_heavy,D2
1291,<USER> How do I place it on hold and complete payment? I don't see any way to do that from my reservations page.,negative,0,emoji_heavy,D2
1292,<USER> to allow payment by #Apple Pay - Patriarc <URL>,neutral,1,emoji_heavy,D2
1293,<USER> You need to contact me ASAP. #Furious,neutral,1,emoji_heavy,D2
1294,.<USER> can you connect me to a person without having to wait 2+ hours on hold? I still haven't been able to resolve the problem.,negative,0,negation|emoji_heavy,D2
1295,"<USER> funny, both my flights yesterday were delayed because of mechanical issues. Rotten luck to get 2 planes in a row with ""issues""...",negative,0,emoji_heavy,D2
1296,"<USER> first time flying Virgin, went to #SanFrancisco .Thanks for the smooth ride. Easily my new fav airline!",positive,2,emoji_heavy,D2
1297,<USER> I unfortunately didn't get her name :( she was not nice!,negative,0,negation|emoji_heavy,D2
1298,<USER> my frustrations are the result of multiple experiences Late Flightly. Currently lost luggage. I want to talk to a real person.,negative,0,emoji_heavy,D2
1299,<USER> Comenity Bank is a joke! Please change. Nothing but constant problems with this bank,negative,0,emoji_heavy,D2
1300,"<USER> nonrefundable, hence I wrote $200! Doesn't make sense for my 150 credit. #nothanks",negative,0,emoji_heavy,D2
1301,<USER> is hiring for their Emerging Leader Development Program- Last day to apply is TODAY! Apply here: <URL>,neutral,1,emoji_heavy,D2
1302,<USER> it is my fault but i bought online and i get twice why i buy twice it fault but i bougth ticket jfk to mccaren and usairways ++,negative,0,emoji_heavy,D2
1303,<USER> your a miserable airline and your loss of revenue is a reflection of that. Go extinct. A merger only delays the inevitable,negative,0,emoji_heavy,D2
1304,<USER> once you go blue you don't go back,negative,0,emoji_heavy,D2
1305,<USER> why is t that every time I fly jfk even more speed doesn't work waiting for 10 min #nogood,negative,0,emoji_heavy,D2
1306,<USER> Logically you would think you check all that before you have people board. I could've drove home in the time I've been waiting,negative,0,emoji_heavy,D2
1307,<USER> can you share where it is coming from?,neutral,1,emoji_heavy,D2
1308,"<USER> quick, let's board a plane so that we can sit on runway for 2 hours #clockwork #scareways #neverfails <USER>",negative,0,hashtag_heavy|emoji_heavy,D2
1309,<USER> and the 20min line I stood in to drop my bag off?,negative,0,emoji_heavy,D2
1310,"<USER> Way to suck at customer service, Dallas is trapped in an ice storm but you didn't Cancelled Flight 7am flight &amp; been on hold all day.",negative,0,emoji_heavy,D2
1311,<USER> Have him call me. I cant wait to see if anything happens. Your service really sucks.#usairwayssucks,negative,0,emoji_heavy,D2
1312,<USER> sent,neutral,1,emoji_heavy|short_ambiguous,D2
1313,<USER> 8 hrs of wait time is unbelieavle unaccpetable biggest airline in the world should have failback call centers,negative,0,emoji_heavy,D2
1314,"<USER> any chance u can help our family rebook their flight that was Cancelled Flightled, #4487?",negative,0,emoji_heavy,D2
1315,<USER> Your crew on 4028 tonight was outstanding. God bless them and the medically trained passengers on board.,positive,2,emoji_heavy,D2
1316,<USER> after 38 minutes on the phone I'm given another number to call now still on hold with them. <URL>,negative,0,emoji_heavy,D2
1317,<USER> Left my computer on the plane. Two weeks Late Flightr they found it and sent it to me. #greatservice. #happy #customer,positive,2,hashtag_heavy|emoji_heavy,D2
1318,<USER> thank you! My lost item was located at ORD and is being returned to me.,positive,2,emoji_heavy,D2
1319,<USER> hi my flight to DFW 2463 was Cancelled Flightled tonight. Called in and left my number for call back it's been 3hrs please help.,negative,0,emoji_heavy,D2
1320,<USER> on hold now over 2 hrs on one phone hung on 5 x on another? How do you reach a person? No weather condition makes this excusable!,negative,0,negation|emoji_heavy,D2
1321,<USER> These birds could fly to South America for example #Argentina,neutral,1,emoji_heavy,D2
1322,<USER> Other carriers are less than half price for a round trip fare. I am stunned. <URL>,negative,0,emoji_heavy,D2
1323,<USER> Offers Atlanta Unprecedented Perk <URL> <URL>,positive,2,emoji_heavy,D2
1324,<USER> gotta be worse than <USER> w/ on time departures. I rushed back to terminal C for 8:25 flight but they haven't strtd boarding.,negative,0,emoji_heavy,D2
1325,"<USER> (2/2) I have their name (boarding pass was in there, too). I think they might really need this. Any ideas?",neutral,1,emoji_heavy,D2
1326,"<USER> and have empty ""help"" desks",negative,0,emoji_heavy,D2
1327,<USER>? | RT <USER>: New airline expected to make its way to MEM <URL>,neutral,1,emoji_heavy,D2
1328,“<USER>: Looking for a reason to travel? #quote <URL>,positive,2,emoji_heavy,D2
1329,<USER> don't see response!,negative,0,emoji_heavy|short_ambiguous,D2
1330,<USER> message and pics sent...,neutral,1,emoji_heavy,D2
1331,<USER> luv my companion pass!,positive,2,emoji_heavy,D2
1332,"<USER> you service agents at MCO are great, but their are not enough of them working right now!",negative,0,negation|emoji_heavy,D2
1333,<USER> thank you!,positive,2,emoji_heavy|short_ambiguous,D2
1334,<USER> that's cause we're TrueBlue! It's ur #love that keeps liftin' me #higherandhigher <URL> <URL>,neutral,1,hashtag_heavy|emoji_heavy,D2
1335,<USER> I filled out the form but I haven’t received any sort of email confirmation that it’s been received. Is that normal?,neutral,1,emoji_heavy,D2
1336,<USER> Thanks! Are they really open 3.30 am - 7 pm every day? Any way to check they are open before going all the way there? Thanks.,positive,2,emoji_heavy,D2
1337,<USER> love how you hold flight 2851 in PHX for Late Flight passengers and make us all over an hour Late Flight. Great job.,negative,0,emoji_heavy,D2
1338,<USER> got another flight. Thanks you,positive,2,emoji_heavy,D2
1339,"<USER> Haha I had a boarding pass for 12B, was boarding the plane and the gate agent told me to go to 41G. I'm here now. No worries.",positive,2,negation|emoji_heavy,D2
1340,"<USER> That's right! :) Game, set, match.",neutral,1,emoji_heavy,D2
1341,<USER> Not fast enough. No excuse for service between big hubs to have such outdated craft. Southwest has wifi. This is awful.,negative,0,negation|emoji_heavy,D2
1342,<USER> I'm on UA1118 and my direct tv isn't working. How do I avoid this in future?,negative,0,emoji_heavy,D2
1343,<USER> doesn't even have gluten free peanuts. whyyy me??,negative,0,emoji_heavy,D2
1344,"<USER> I love the service and cheap upgrades American Provides! One of the best airlines ever! good food, good seats, amazing thanks!",positive,2,emoji_heavy,D2
1345,<USER> ready to go to Disneyworld! For the <USER> #PrincessHalf <URL>,positive,2,emoji_heavy,D2
1346,<USER> always happy to start my life with my new wife with a 5 hr travel delay due to MAINTENECE and it would appear incompetence,negative,0,emoji_heavy,D2
1347,<USER> is flight 587 from DFW to ORD currently on-time? I see an advisory that DFW may be affected by weather,neutral,1,emoji_heavy,D2
1348,<USER> I had to sit in your kitchen and move stuff around so I had what I needed. I'm extremely disappointed in your service,negative,0,emoji_heavy,D2
1349,<USER> not happening. Delta took care of us. Peace!,negative,0,negation|emoji_heavy,D2
1350,<USER> go <USER> go!,neutral,1,emoji_heavy|short_ambiguous,D2
1351,<USER> serious attitude. I was in the fault for running a tad behind but before she even knew my name or my flight info she ASSURED Me,negative,0,emoji_heavy,D2
1352,<USER> so I was just told I was coded as an upgrade... I clearly purchased this seat with my miles and refuse to downgrade. #ripoff,negative,0,emoji_heavy,D2
1353,"<USER> Hi ho, hi ho. It's off to work I go. #WeeklyCommuteOnAA <URL>",neutral,1,emoji_heavy,D2
1354,"<USER> I understand that. But 14 hours Late Flightr, I still haven't heard a word! How can you plan your week with no zero information!",negative,0,negation|emoji_heavy,D2
1355,<USER> Handled. I found tkt on floor dropped by someone. No way - I’m in wheelchair - to get to podium.,negative,0,negation|emoji_heavy,D2
1356,<USER> how do you log out of wifi in flight? Don't see any option and made typo when logging in. HELP!!,negative,0,emoji_heavy,D2
1357,"<USER> / <USER> was the worst experience I've ever had flying. Rude, delays, Cancelled Flightlations, lack of updates, and wasting our time",negative,0,emoji_heavy,D2
1358,<USER> #AmericanAirlines on approach to mex.... <URL>,neutral,1,emoji_heavy,D2
1359,<USER> tried twice today on hold for 30 min each time. i have things to do so can't live on hold dealing w/ your customer serv failures,negative,0,emoji_heavy,D2
1360,<USER> been on hold for over and hour now.,negative,0,emoji_heavy,D2
1361,<USER> should I expect delays at dca for 7am departure? Going to Orlando on flight 723,neutral,1,emoji_heavy,D2
1362,<USER> Using JetBlue air miles?,neutral,1,emoji_heavy,D2
1363,<USER> Mark T. in Austin was great handling my bag issue. #thanks,positive,2,emoji_heavy,D2
1364,<USER> a year and every time with US Air something happens. I sat waiting for a re-scheduled flight for 10 hours then to say its,negative,0,emoji_heavy,D2
1365,<USER> yeah either by refunding my money or 2 free round trips to compensate for all the trouble we were put through.,negative,0,emoji_heavy,D2
1366,"<USER> could care more about their customer, if there is a reasonable request :(",negative,0,emoji_heavy,D2
1367,"<USER> but wait! They are booked, along with all other hotels nearby. I was sent anyway, to the hotel managers disbelief.",negative,0,emoji_heavy,D2
1368,<USER> cut it. Put me on a flt tomorrow.,negative,0,emoji_heavy,D2
1369,"<USER> Late Flight to Denver, Late Flight to Newark...let's not even get into the disaster that was checking bags. Unacceptable.",negative,0,negation|emoji_heavy,D2
1370,<USER> I am furious. You're firm is a disgrace. Despite all our efforts you did zero to protect our daughter. All alone at night # United,negative,0,emoji_heavy,D2
1371,<USER> Ph the pat answers are BS. After I was denied boarding it sat at the gate until 9:05! Your employees totally suck.,negative,0,emoji_heavy,D2
1372,<USER> I'm asking if you can simplify the communications- thx,negative,0,emoji_heavy,D2
1373,<USER> Your hold music needs 2 be fixed:certain tracks have loud phone button mashing tones in them.Estimated wait time would help 2.,negative,0,emoji_heavy,D2
1374,<USER> customer service fail... Todays experience will ensure I do my best NEVER to utilize you again...,negative,0,negation|emoji_heavy,D2
1375,<USER> had a great flight to Orlando from Hartford a few weeks ago! Was great to get out on time and arrive early!,positive,2,emoji_heavy,D2
1376,"<USER> sitting on plane in Columbus, supposed to leave an hour ago. Now the mechanic can't find a tool to service the shock absorber.",negative,0,emoji_heavy,D2
1377,"<USER> hi! I just bked a cool birthday trip with you, but i can't add my elevate no. cause i entered my middle name during Flight Booking Problems 😢",negative,0,negation|emoji_heavy,D2
1378,"<USER> flight1407, it's been a long day! Arrived from London at 11 this morning",negative,0,emoji_heavy,D2
1379,<USER> leisure. Military personnel for safety reason R highly recommended to not travel in uniform,neutral,1,negation|emoji_heavy,D2
1380,<USER> I'm stuck in Fort Lauderdale.,negative,0,emoji_heavy,D2
1381,"<USER> If I could/wanted to call I wouldn't use the internet to make a reservation. Site won't work on Chrome, on several computers.",negative,0,emoji_heavy,D2
1382,<USER> gold desk quoting me $900 to rebook due to weather. Can buy first seat on same flight for $440. Why? On hold for 45+ mins now,negative,0,emoji_heavy,D2
1383,<USER> no I will be calling corporate!,negative,0,negation|emoji_heavy,D2
1384,<USER> thanks! More concerned about the conflicting texts I was receiving my about my flight Having to drive 10 hours now 😢,negative,0,emoji_heavy,D2
1385,"Hey <USER> based on the number of retweets and likes on my FB post, it's nice to know I'm not alone in my frustrations with you guys!",negative,0,negation|emoji_heavy,D2
1386,<USER> they told to check with the airline regulation first so that is why I contacted you.,neutral,1,emoji_heavy,D2
1387,<USER> your agent did not say,negative,0,negation|emoji_heavy,D2
1388,<USER> Many Thanks for the Follow. #ourprincess #freyasfund #USA #Bandie Looking for Any Help😍 💗🇬🇧💗🇺🇸💗 🎀🌏🎀 <URL>,neutral,1,hashtag_heavy|emoji_heavy,D2
1389,<USER> why can't you help me after you made mistake and dropped my early bird check in on your end? Where is the LUV?,negative,0,emoji_heavy,D2
1390,<USER> it sucks not having the money to book a flight to see the love of my life. 2600 miles away.,neutral,1,negation|emoji_heavy,D2
1391,<USER> alright.,neutral,1,emoji_heavy|short_ambiguous,D2
1392,"<USER> I just reserved a flight with my companion certificate, where do I mail the certificate for verification???? THX!!!",neutral,1,emoji_heavy,D2
1393,<USER> well we should have been told that before we were sitting on the plane for an hour to have the option of not getting on.,negative,0,negation|emoji_heavy,D2
1394,"<USER> announced that people going to FL via Charlotte would have to go to a different plane &amp; gate, but it was a 'direct flight' #logic",neutral,1,emoji_heavy,D2
1395,<USER> so the seat next to me (19B) on flight 1943 to Seattle has a tray table that is falling off... <URL>,negative,0,emoji_heavy,D2
1396,<USER> selfie on the flight 83 from #JFK to #Orlando . With <USER> <URL>,neutral,1,hashtag_heavy|emoji_heavy,D2
1397,<USER> I received a brochure in the mail touting all the benefits of the advantage card with usa now merged...baggage included,neutral,1,emoji_heavy,D2
1398,"<USER> Im just saying change can be amazing, like Miami. 😉",neutral,1,emoji_heavy,D2
1399,<USER> half hour Late Flight leaving DFW...no attempt at an explanation,negative,0,negation|emoji_heavy,D2
1400,<USER> <USER> How r u supposed to change flights when u can't get thru to reservations? #OneHourOnHold,negative,0,emoji_heavy,D2
1401,<USER> and the fact that we were treated disrespectfully and lied to by members of your airline that claims to strive for the best,negative,0,emoji_heavy,D2
1402,<USER> mine is GJQX6J husband is A587CW (Can't DM for some reason.),neutral,1,emoji_heavy,D2
1403,<USER> -doing best??? Think not. Lousy way to run an airline. Why no online way to connect? You be on hold for 2hrs &amp; then zip,negative,0,negation|emoji_heavy,D2
1404,"<USER> but it's not their fault, because their policy says they at least got us to our destination. Really?",neutral,1,negation|emoji_heavy,D2
1405,"<USER> fantastic night of waiting 3 hours for a delayed airplane, only for you to alert us flight is Cancelled Flighted when it lands. #whatstatus",negative,0,emoji_heavy,D2
1406,<USER> after 443min of avoidable non-weather delays that #Appreciation link better be giving out #GoldenTickets,negative,0,hashtag_heavy|emoji_heavy,D2
1407,<USER> we called and were able to get rescheduled. Thank you for the quick responses today!!,positive,2,emoji_heavy,D2
1408,<USER> I'm not sure what happened to my USAirways status when the merger took place.,negative,0,negation|emoji_heavy,D2
1409,<USER> ticket issued whilst delivering your customers.,negative,0,emoji_heavy,D2
1410,"<USER> I got a flight at 11:55am on Thursday but looking for something tomorrow, anything available?",positive,2,emoji_heavy,D2
1411,<USER> #DestinationDragons Any word on winners of contest? Any chance for tix for the Provo DestinationDragons show? Fingers Crossed!,neutral,1,emoji_heavy,D2
1412,<USER> :arrived in San Juan early. Thanks for a great flight. LUV u!,positive,2,emoji_heavy,D2
1413,<USER> of course this morning I see a non-stop from IAH to SFO but that was not available yesterday. #UnitedHatesUsAll,negative,0,negation|emoji_heavy,D2
1414,"<USER> I tried! Had me running from curb-side to self-check &amp; wasting even more time. Ended up Flight Booking Problems United for $$$, am so upset",negative,0,emoji_heavy,D2
1415,<USER> I hope so because I fly very often and would hate to change airlines.,neutral,1,emoji_heavy,D2
1416,<USER> really shouldn't offer sweeps if your link isn't going to work! B <URL>,negative,0,emoji_heavy,D2
1417,<USER> I understand a delay but to be stuck on the plane longer than the flight is unacceptable,negative,0,emoji_heavy,D2
1418,<USER> yet again you disappoint. Sitting at IAD for UA3728 for 3.5hrs and you can't seem to know why the plane hasn't left Albany. #Fail,negative,0,emoji_heavy,D2
1419,<USER> missing a day of vacation to see my husband because of this delay but stuff happens and I get that. Just wish it was handled better,negative,0,emoji_heavy,D2
1420,<USER> Please consider letting flyers with no overhead bin items board/deplane first (after first class). Make sense?,negative,0,negation|emoji_heavy,D2
1421,"<USER> backlog is an hour at most, this is over two! Unacceptable!!",negative,0,emoji_heavy,D2
1422,<USER> Report was filed but would like to support some active searching. Feels pretty passive now. Info on computer is precious.,negative,0,emoji_heavy,D2
1423,<USER> Fastest response all day. Hour on the phone: never got off hold. Hour in line: never got to the Flight Booking Problems desk.,negative,0,negation|emoji_heavy,D2
1424,<USER> Why announce it is for rollers at all? If I want to put a coat in there isn't that my choice? How about all gate checked? Thx,negative,0,emoji_heavy,D2
1425,<USER> Hi! what is the phone number for reservations in Venezuela? Thanks,neutral,1,emoji_heavy,D2
1426,<USER> sprinted from C concourse to E and just made it. Coughed up a lung in the process but am now in CLT! Tnx!,neutral,1,emoji_heavy,D2
1427,"<USER> again, no special meal catered for me in F JFK-LAX. thankfully i'm on qantas the rest of way-i fear what youd NOT cater on that",negative,0,negation|emoji_heavy,D2
1428,<USER> flt 1820 2rsw could have extended the courtsey of waiting 2min 4 10 of us.... gates closed in r faces. Ur fired,negative,0,emoji_heavy,D2
1429,"<USER> in the process of purchasing ticket, when prices changed. unbelievable. #RipOffs #PriceDiscrimination",negative,0,hashtag_heavy|emoji_heavy,D2
1430,"<USER> well, considering every agent before claimed they were unable to help with everything else, why waste more time to hear 'call corp'",negative,0,emoji_heavy,D2
1431,"<USER> flight veers off icy runway at <USER>. Most DFW flights Cancelled Flighted Monday, Flightaware says. <URL>",negative,0,emoji_heavy,D2
1432,<USER> Deplaned for the 3rd fucking time. Fuck you AA.,negative,0,emoji_heavy,D2
1433,<USER> please don't go to the check in process <USER> uses at #MCO. It's an absolute disaster.,negative,0,emoji_heavy,D2
1434,<USER> you guys have such big hearts.. keep up the good work,positive,2,emoji_heavy,D2
1435,<USER> I don't see how I need to spend an extra $100 bc of ur equipment failure.,negative,0,emoji_heavy,D2
1436,<USER> things happen it's ok just wish I was on the beach and not in the airport,positive,2,negation|emoji_heavy,D2
1437,"<USER> sorry so Late Flight, responded to your DM.",negative,0,emoji_heavy,D2
1438,<USER> I ask for reimbursement maybe miles added to my account for my inconvenience and for the money that I had to spend,negative,0,emoji_heavy,D2
1439,<USER> FYI...call stilling getting dropped. After an hour of continuous dialing. Attempted to Cancelled Flight online but not able to. HELP!!!,negative,0,negation|emoji_heavy,D2
1440,"<USER> no worries about the tweets. We all should do what we can to make sure we, as in your tag line, ""Fly the Friendly Skies.""",positive,2,negation|emoji_heavy,D2
1441,<USER> are you expecting flights out of DFW to be Cancelled Flightled tomorrow AM and afternoon?,neutral,1,emoji_heavy,D2
1442,"Cool! ""<USER>: <USER> We are 60% there and anticipate completing installation on all our A320's this year. <URL>",positive,2,emoji_heavy,D2
1443,<USER> were stuck on a plane in Dallas that's supposed to be going to Okc. There's an issue w/ the plane. Any idea on how much longer?,negative,0,emoji_heavy,D2
1444,<USER> thank you for fully boarding flight 1689 this morning before noticing we had no pilots. #fail,negative,0,negation|emoji_heavy,D2
1445,<USER> I missed a goal On <USER> because of your Inept male stewardess. I should have landed already but I havent taken off yet.,negative,0,emoji_heavy,D2
1446,"<USER> your unhelpful team? Sure I did. I'm in Bangkok, my bag in Chicago. Are u going to pay for my accommodation s until my bag arrives??",negative,0,emoji_heavy,D2
1447,<USER> thanks for taking my flight off the board AND NOT PROVIDING and updates about my flight which is 26 minutes Late Flight.,negative,0,negation|emoji_heavy,D2
1448,<USER> - Going on 3 days (tomorrow) and I still haven't received my bag from my flight to Toronto. Would love to see some seriousness here.,negative,0,emoji_heavy,D2
1449,<USER> we have been advised to turn this issue over to the police due to the sexual assult THANK YOU FOR ALLOWING THAT ON YOUR PLANE!,negative,0,emoji_heavy,D2
1450,"<USER> <USER> despite the inconvenience, the situation was handled quickly and we appreciate it very much!",positive,2,emoji_heavy,D2
1451,<USER> pretty lame response to a two paged single spaced letter <URL>,negative,0,emoji_heavy,D2
1452,<USER> following. Thank you.,positive,2,emoji_heavy|short_ambiguous,D2
1453,<USER> Got flight reschedule to flight form PIT to FLL and our flight had mechanical problems so we were delayed an hour Missed my connect,negative,0,emoji_heavy,D2
1454,<USER> How does that make a flight takeoff on time? And regardless it makes me Late Flight because now I have to wait for my bag at baggage claim.,negative,0,emoji_heavy,D2
1455,"<USER> - how do I get an answer to my question? Holding for hours , after 6x getting your message just said you aren't taking calls.",negative,0,emoji_heavy,D2
1456,<USER> here's a first..both pilot and first officer in galley during flight...,negative,0,emoji_heavy,D2
1457,<USER> I paid seat upgrade b4 the severe weather. Got booked on another flight but did not get upgrade. Was calling to inquire. HELP!,negative,0,negation|emoji_heavy,D2
1458,<USER> what's your pet policy?,neutral,1,emoji_heavy,D2
1459,<USER> I love you,positive,2,emoji_heavy|short_ambiguous,D2
1460,"<USER> that 2 hr wait became a 4 hr one. And y'all claimed to have sent an email. Yeah, that never happened. #FlyDelta",negative,0,negation|emoji_heavy,D2
1461,"<USER> even followed me, but I still can't get them to answer their phones. Worst. Customer ""service"". Ever. #customerservice #fail",negative,0,hashtag_heavy|emoji_heavy,D2
1462,<USER> DONT LOSE MY LUGGAGE!!!,negative,0,emoji_heavy,D2
1463,<USER> Not a happy flyer. UA flight 1161 from SFO to Cleveland. Sunday 2/22. Stay tuned for blog article from <URL>,negative,0,negation|emoji_heavy,D2
1464,"<USER> Hello SWA, Who is your POC for partnerships with nonprofit organizations in BWI area?",neutral,1,emoji_heavy,D2
1465,<USER> Longer flights with 300 series no wifi? Will be great when you retire them.,negative,0,negation|emoji_heavy,D2
1466,<USER> I would appreciate that. Thank you.,positive,2,emoji_heavy,D2
1467,"<USER> + besides, no small degree of self-interest. We take that route several times a year &amp; would hate to be in that situation.",negative,0,negation|emoji_heavy,D2
1468,<USER> any effort to fix your points system? 11 days and a call to customer service and still no account update. Chasing points is no fun,negative,0,negation|emoji_heavy,D2
1469,<USER> but I've been trying to call them since yesterday and I keep getting hung up on? Can you get me through to them??,negative,0,emoji_heavy,D2
1470,<USER> why haven't you allowed for flight changes into the NY area airports tonight? Everyone is saying travel is treacherous.,negative,0,emoji_heavy,D2
1471,<USER> Sitting at the gate on Flight 719 for an hour due to Sabre being down. What backup plan is in place if Sabre cannot be fixed?,negative,0,emoji_heavy,D2
1472,<USER> I think I get a faster response on Twitter than I do when I call...what's up with that?,negative,0,emoji_heavy,D2
1473,"<USER> Today is going to be the day, I can feel it! Thank y'all for your support throughout! We're coming home Nashville! #Octavia",neutral,1,emoji_heavy,D2
1474,<USER> - Hi Janet in customer service. I'm calling you back and have been sitting in que for 40 mins! Plz pick it up!!! #frustrated,negative,0,emoji_heavy,D2
1475,<USER> #usairways #unacceptable #holdtime REALLY?! <URL>,negative,0,hashtag_heavy|emoji_heavy,D2
1476,<USER> yeah I'm aware of that. Hence my original msg to you.,negative,0,emoji_heavy,D2
1477,<USER> does forelock guarantee the fare only or fare &amp; seats?,neutral,1,emoji_heavy,D2
1478,<USER> sure can! Just a second.,neutral,1,emoji_heavy,D2
1479,<USER> on top of that my online record was unavailable as well and then couldn't get anyone on the phone.,negative,0,emoji_heavy,D2
1480,<USER> thanks for updating me about the 1+ hour delay the exact second I got to ATL. 🙅🙅🙅,positive,2,emoji_heavy,D2
1481,<USER> <USER> you know...hockey sticks are expensive. Your baggage handlers shouldn't just be throwing them on the cart.,negative,0,emoji_heavy,D2
1482,<USER> Will you be issuing an exception policy for Denver for this weekend?,neutral,1,emoji_heavy,D2
1483,"<USER> Yay, thanks! Appreciate the help, I know it's NUTS right now with the cold and ice!",positive,2,emoji_heavy,D2
1484,<USER> this is all i gotta say to y'all &amp; your staff... for real <URL>,negative,0,emoji_heavy,D2
1485,<USER>. You guys made my day. Treated me well. Thank you!!!,positive,2,emoji_heavy,D2
1486,<USER> Man of steel flies to more cities though...and with more frequency too.,negative,0,emoji_heavy,D2
1487,<USER> sent,neutral,1,emoji_heavy|short_ambiguous,D2
1488,<USER> right so I missed my connection / had a three hour Kay over / then you lost my bag.,negative,0,emoji_heavy,D2
1489,<USER> I took the day off from work and drove 9 hours round trip to rescue my daughter and 3 other students from LaGuardia. Thanks!,negative,0,emoji_heavy,D2
1490,"<USER> question:are there onboad 110 volt outlets in all planes? If so, where?",neutral,1,emoji_heavy,D2
1491,<USER> How do I get reimbursed for hotel and taxis for the Cancelled Flightation?,negative,0,emoji_heavy,D2
1492,<USER> I don't have a conference number. I spoke with Courtney in Texas and David before that. they finally fixed mine after an hour,negative,0,emoji_heavy,D2
1493,<USER> if you are giving tix to #DestinationDragons show would appreciate one or two for LA😄Flying from PHL to LAX on Friday,neutral,1,emoji_heavy,D2
1494,<USER> Airline trouble this winter &amp; not getting good customer service? contact <URL> we negotiate resolutions for You!,neutral,1,negation|emoji_heavy,D2
1495,<USER> I do! The best airline wifi ever. Thank you!,positive,2,emoji_heavy,D2
1496,<USER> Suck,negative,0,emoji_heavy|short_ambiguous,D2
1497,<USER> why would a flight arrive Late Flight or leave when 60% of your passengers have a connection?,negative,0,emoji_heavy,D2
1498,<USER> waiting 12 mins and counting to get through to Global Services....something going on?,negative,0,emoji_heavy,D2
1499,<USER> thank you,neutral,1,emoji_heavy|short_ambiguous,D2
1500,<USER> Thanks so much!,positive,2,emoji_heavy|short_ambiguous,D2
1501,<USER> it looks like a mistake,neutral,1,emoji_heavy,D2
1502,I always look forward to JB RT <USER>: <USER> :) Looking forward to welcoming you onboard! 💙,positive,2,emoji_heavy,D2
1503,<USER> I get &amp; can appreciate that. I've just had so many problems in the last year flying with guys... Pretty aggravating.,negative,0,emoji_heavy,D2
1504,<USER> its domestic I just wanted more of an idea so I don't get surprised.,neutral,1,emoji_heavy,D2
1505,<USER> perhaps you could fix this? <URL> and this <URL> #answerthis,negative,0,emoji_heavy,D2
1506,<USER> it's okay...I'm actually a tea kinda guy anyway. Thanks!,positive,2,emoji_heavy,D2
1507,<USER> Your Baggage system has hung up on me twice because you have too many callers. I NEED TO FIND MY HUSBAND'S (<USER>) BAGS.,negative,0,emoji_heavy,D2
1508,<USER> hard when you're with your younger siblings and cousin and they just want to go on the airplane. We should get better than this,negative,0,emoji_heavy,D2
1509,<USER> or I'm sure her business will go else where for airline travel. Her name is Kathryn Sotelo,negative,0,emoji_heavy,D2
1510,<USER> Premier Gold desk changes flight. Waives fees. Gives me wrong flight. Now Jana Acosta in Salt Lake refuses the same service. Angry.,negative,0,emoji_heavy,D2
1511,"<USER>, was far less painful than what was coming from Avis. 💙",positive,2,emoji_heavy,D2
1512,<USER> sad experience today on 4663. Family on Southwest direct to MCO. My loyalty to USAir = not vacationing with my boys today.,negative,0,negation|emoji_heavy,D2
1513,"<USER> you stood me up last night, but I'm giving you a second chance. I'm just a boy, tweeting an airline, asking them to fly him home.",negative,0,emoji_heavy,D2
1514,<USER> worst customer service. Still not providing me an answer even after I drove back to CLT airport. been rude &amp; unacceptable #fail,negative,0,negation|emoji_heavy,D2
1515,<USER> Shavon at customer service desk in Charlotte was fantastic! So helpful and smiling evn after what sounds like long day.Reward her,positive,2,emoji_heavy,D2
1516,<USER> flight to San Diego is delayed per usual.. take me home!,negative,0,emoji_heavy,D2
1517,<USER> were you handing out tickets while I was sleep ?,negative,0,emoji_heavy,D2
1518,“<USER>: <USER> We appreciate the #shoutout for Roberto. DM your confirmation code so we can forward your kind words.” sent,neutral,1,emoji_heavy,D2
1519,<USER> it's ok I was supposed to be in California 5hrs ago,negative,0,emoji_heavy,D2
1520,<USER>...do you still have flat tire policy. Shuttle broke down on way to ORD. Will probably miss the 425pm to CLE...Help please!!,neutral,1,emoji_heavy,D2
1521,<USER> how oh how do we get tickets! ?!,neutral,1,emoji_heavy,D2
1522,"<USER> no hold times, just disconnections. There is no excuse for that",negative,0,negation|emoji_heavy,D2
1523,<USER> Your response could have made all the difference. It could have made the situation better. NO TRUST...GET LOST like my bag.,negative,0,negation|emoji_heavy,D2
1524,"<USER> <USER> contact me, or do something to alleviate this terrible, terrible service. But no, your 22 year old social media guru",negative,0,negation|emoji_heavy,D2
1525,<USER> it's almost like we're punished for living near a large metro area. EWR was top ranked for domestic delays. Not good,negative,0,negation|emoji_heavy,D2
1526,"<USER> first flight Cancelled Flightled, connecting flight delayed so will completely miss next connection no response on hold 2 hrs HELP me",negative,0,negation|emoji_heavy,D2
1527,<USER> how is it possible that you don't have a call back service? An automated message telling us to call back Late Flightr is so unhelpful.,negative,0,emoji_heavy,D2
1528,<USER> pls tell me how to get a person on the phone asap,negative,0,emoji_heavy,D2
1529,<USER> why is it so impossible to actually get a passenger AND their luggage to their final destination?,negative,0,emoji_heavy,D2
1530,<USER> trading customer experience for short term $$. So sad for this (previous?) loyal customer. <URL>,negative,0,emoji_heavy,D2
1531,<USER> <USER> so that's it? It just ends there? Come on! I traveled for literally an extra day and a half because of this!,negative,0,emoji_heavy,D2
1532,<USER>'s CEO battles to appease passengers and Wall Street - Waterbury Republican American <URL>,neutral,1,emoji_heavy,D2
1533,<USER> I'm game if you're buying!! ;),neutral,1,emoji_heavy,D2
1534,<USER> I'll take 3 round trip tickets to the closest warmest place please! #negativedegrees #buffalo #snowwillnevermelt,neutral,1,hashtag_heavy|emoji_heavy,D2
1535,<USER> It is now going to be reported to the police due to the sexual assult sad that you didn't care,negative,0,emoji_heavy,D2
1536,<USER> umm unexpected?? Unexpected meaning you guys didn't know you had a major staff shortage ??,negative,0,emoji_heavy,D2
1537,"<USER> i ordered it as i always do. But on a 9hour flight delayed for 4 hours, it was worse than ever before when you forgot my meal.",negative,0,emoji_heavy,D2
1538,<USER> agent helps the person in front of me. Finishes up with them and then walks away. The guy behind me is as shocked as I am.,negative,0,emoji_heavy,D2
1539,<USER> platinum flyer bought tkt in AA. Also both accounts are linked. So WHY can't I check in for flight tomorrow?,negative,0,emoji_heavy,D2
1540,<USER> please see a flight attendant for what? Why isn't there enough room for over head bags? I carry on to save time!!!,negative,0,emoji_heavy,D2
1541,<USER> still sucks. I don't understand why you have two cust service agents for a long line at Houston international b gate #unitedsucks,negative,0,emoji_heavy,D2
1542,<USER> could you tell me if any upgrades are available on a flight out of STL tomorrow morning.,neutral,1,emoji_heavy,D2
1543,<USER> why I can't book a flight to PRN through your website?,negative,0,emoji_heavy,D2
1544,"That's not the case.. They sent me a email with a link, I'll show you.. <USER> <URL>",neutral,1,negation|emoji_heavy,D2
1545,<USER> can't fly in precipitation and <USER> has planes that don't work after 5. 3rd airline had better be a charm tomorrow.,negative,0,emoji_heavy,D2
1546,<USER> - Kids left a kindle fire HD 6 onboard UA1037 (ORD-SFO) today. Row 9ABC-DEF (we had the whole row amongst the 5 of us). Help...,neutral,1,emoji_heavy,D2
1547,<USER> -huge kudos to the FO of Sunday's flt #1623 sjo-iad. Handed my daughter her first pair of wings! Keeping traditions alive.,positive,2,emoji_heavy,D2
1548,<USER> ANOTHER F*CKING DELAY IN THE PAST 32 HOURS!?,negative,0,emoji_heavy,D2
1549,"<USER> Buying Early Bird was pointless. You moved me to a diff flight b/c first one was delayed, so I lost my boarding position.",negative,0,emoji_heavy,D2
1550,"<USER> I tried that. You offered to charge me an additional $1k for a new ticket or be stranded until Thurs. 1st time, last time.",negative,0,emoji_heavy,D2
1551,<USER> Can you link the article where it says the routes and what times the routes are likely to be? Like TUL-DAL 1:00PM - 7 None,neutral,1,emoji_heavy,D2
1552,<USER> 795 to Austin,neutral,1,emoji_heavy|short_ambiguous,D2
1553,<USER> you know what would be amazingly awesome? BOS-FLL PLEASE!!!!!!! I want to fly with only you.,positive,2,emoji_heavy,D2
1554,<USER> Good morning.,positive,2,emoji_heavy|short_ambiguous,D2
1555,<USER> u cool,positive,2,emoji_heavy|short_ambiguous,D2
1556,<USER> stranded in Philly- #Starving and can't get a meal voucher even though your plane had mechanical issue / next flight in 10 hrs,negative,0,emoji_heavy,D2
1557,<USER> Aw okay thanks,positive,2,emoji_heavy|short_ambiguous,D2
1558,<USER> Dude named Shaquille at the desk in Charlotte was incredibly professional and helpful vs. some crazy angry people tonight,positive,2,emoji_heavy,D2
1559,<USER> DREAM <URL> <URL>,neutral,1,emoji_heavy|short_ambiguous,D2
1560,<USER> Adopting 2 yr old child from Ethiopia. Flying from ADD to GRR on 2/28. Need to add child to reservation and get costs. Help! Thx,neutral,1,emoji_heavy,D2
1561,<USER> 140 characters aren't enough to describe how inconsiderate your employees are,negative,0,emoji_heavy,D2
1562,<USER> are you my friend?!,neutral,1,emoji_heavy,D2
1563,<USER> I need a customer service manager to contact me please,neutral,1,emoji_heavy,D2
1564,<USER> still on hold. After you hung up on me the first time (another 45 minutes!) <URL>,negative,0,emoji_heavy,D2
1565,<USER> <USER> over two hours now. Ugh we should all get vouchers this is inexcusable ESP after a pre flight check that was ok.,negative,0,emoji_heavy,D2
1566,<USER> if only the show was on the flight. No ABC. Oh well. I'll live. #nexttime #andthewinneris...,negative,0,negation|hashtag_heavy|emoji_heavy,D2
1567,<USER> this is besides the fact that one week ago you delayed me by 18 hours. i am not impressed at all.,negative,0,negation|emoji_heavy,D2
1568,"<USER> yes, I will do just that as soon as I have a moment to gather my thoughts.",neutral,1,emoji_heavy,D2
1569,<USER> I loved todays fight. But there was a bad draft on the airplane please add more air to air thanksm,negative,0,emoji_heavy,D2
1570,<USER> flight 1614 FLL to ATL. My wife traveling with infant. Line to check baggage 200 people long due to your computer system crash,negative,0,emoji_heavy,D2
1571,nope. RT <USER>: Our fleet's on fleek. <URL>,negative,0,emoji_heavy,D2
1572,<USER> Hello. Just wondering how long it might take for Turkish Airlines flights to show up in my United miles. Thanks.,neutral,1,emoji_heavy,D2
1573,<USER> I have had 4 flights Cancelled Flightled through yall!!!! Im sick of it 😠😠,negative,0,emoji_heavy,D2
1574,<USER> Offering Special Fares to <USER> <USER> <URL> <USER> <USER> <URL>,neutral,1,emoji_heavy,D2
1575,<USER> :take note of this great example of <USER> actually making good for an extremely inconvenient situation. <URL>,positive,2,emoji_heavy,D2
1576,<USER> Delay = Perfect time to learn Swift programming with <USER>,negative,0,emoji_heavy,D2
1577,<USER> this inflight WIFI is the absolute worst. I'd be willing to have paid double for dialup speeds... #Flight7,negative,0,emoji_heavy,D2
1578,"<USER> Why can't you handle your customers needs? Cancelled Flightled flight, 800 number leads to a quick ""Goodbye"" Very Sad!",negative,0,emoji_heavy,D2
1579,"<USER> usually ""sorry"" doesn't involve moving people to middle seats and removing them from upgrade lists. Guess that's a club perk.",negative,0,emoji_heavy,D2
1580,<USER> seriously buy some WD40 for A319 operating flight 634 from GEG to Phoenix. Every seat squeaks w every shift. Still on ground!,negative,0,emoji_heavy,D2
1581,<USER> claims flight Cancelled Flighted due to weather at destination but Delta has not Cancelled Flighted flight on same route.,negative,0,negation|emoji_heavy,D2
1582,"<USER> Next once we arrived to Atlanta, we waited a full HOUR before our luggage was placed on a carousel. One hour!",negative,0,emoji_heavy,D2
1583,<USER> GRK13575M is the file reference,negative,0,emoji_heavy,D2
1584,<USER> <USER> <USER> Don't wait on a bag. Go to Walmart and get what you need for tomorrow morning.,negative,0,emoji_heavy,D2
1585,"<USER> Have a cup coffee and relax while you check out the New Deals and Promotions at Avon, twice a month at Doug <USER>",neutral,1,emoji_heavy,D2
1586,<USER> An Oscar-worthy entrance into LA. <URL>,neutral,1,emoji_heavy,D2
1587,<USER> and yet the Flight Attendant argued with me over Exec Plat benefits...,negative,0,emoji_heavy,D2
1588,"<USER>, Your male flight attendants must being playing a game called Who can be the Bigger Dick to People. Flight 952 to CHI-MID",negative,0,emoji_heavy,D2
1589,<USER> I travel a lot and I get it. You're still my fave but EWR to Cleveland w/40 min layover to connect to DC = our best option? Come on.,negative,0,emoji_heavy,D2
1590,<USER> I've been on hold for 30 minutes and counting. #unacceptable,negative,0,emoji_heavy,D2
1591,<USER> I did,neutral,1,emoji_heavy|short_ambiguous,D2
1592,"<USER> me again :) you don't have ABC on Inflight TV, do you? (If so, what channel? #SharkTank is on!)",neutral,1,emoji_heavy,D2
1593,"<USER> any way you can help me find a flight to LAS? Stuck in DIA, sat on plane 2 hrs, now been waiting an hour for an update.",negative,0,emoji_heavy,D2
1594,<USER> You really should clean the food and coffee stains off of the area around the seats when new passengers come aboard. Gross!,negative,0,emoji_heavy,D2
1595,<USER> absolute terrible service to schedule a 40 minute layover and then not let someone on the plane with the door not closed.,negative,0,negation|emoji_heavy,D2
1596,<USER> that is great. But once it gets to Buffalo will it be able to leave and get to JFK? Or there's issues still at Buffalo airport?,positive,2,emoji_heavy,D2
1597,<USER> better travel photos: My Kindle e-book Easy Tips guide <URL> <URL> <URL>,neutral,1,emoji_heavy,D2
1598,<USER> You sent me a cheque today which can’t be paid into a UK bank account. VERY annoying!,negative,0,emoji_heavy,D2
1599,<USER> If you have well-priced flights to #Oahu - we could be best friends. <USER>,neutral,1,emoji_heavy,D2
1600,<USER> why is my flight from mke to ord getting delayed? Our gate attendant is not communicating!,negative,0,negation|emoji_heavy,D2
1601,"<USER> - how long does it take to get credit to my AA account? Traveled in Jan &amp; only one leg reported. Asked for credit, no response.",negative,0,negation|emoji_heavy,D2
1602,<USER> Hi AA friends! My sis's flight AA362 DFW&gt;&gt;MKE was Cancelled Flighted due to weather. Any way you can help here? What are her options?,negative,0,emoji_heavy,D2
1603,<USER> 4 reFlight Booking Problemss in last 2 days and each time united wait time was &lt;5 seconds! Kudos to you for excellent customer service!,positive,2,emoji_heavy,D2
1604,<USER> your website is seriously horrible and so is your call center!! Almost makes it tempting to fly someone else!! #sodone,negative,0,emoji_heavy,D2
1605,<USER> If you have had any issues with United Airlines PLEASE retweet. Paid for a full fight ticket and was given a standby instead.,negative,0,emoji_heavy,D2
1606,<USER> Cancelled Flightled my flight and I'm stranded in St. Louis. Not sure what to do. No other flight until tomorrow. Am I to sleep in airpt,negative,0,negation|emoji_heavy,D2
1607,<USER> flight attendant was hesitant to give me more baby sized cookies,negative,0,emoji_heavy,D2
1608,<USER> heading to Buffalo... trading the cold in Boston for colder in Buffalo... Maybe the Caribbean next time?,positive,2,emoji_heavy,D2
1609,"<USER> why aren't twitter and reservations connected? What do people want? Reservations, duh?!?!",negative,0,emoji_heavy,D2
1610,.<USER> This flight attendant was extremely helpful to a woman who had a hard time walking. Very touching!,positive,2,emoji_heavy,D2
1611,<USER> Thanks! Good to know.,neutral,1,emoji_heavy,D2
1612,<USER> I have many allergies and want to know if I can bring an 8oz. bottle of Benadryl on the flight along with my 2 epipens?,neutral,1,emoji_heavy,D2
1613,<USER> thanks for responding.,positive,2,emoji_heavy|short_ambiguous,D2
1614,<USER> I've been on hold for over an hour. Not doing so well in the customer service department. #weak,negative,0,negation|emoji_heavy,D2
1615,<USER> <USER> I saw an American 767 in old colours at <USER> on Saturday! Was surprised to see!,neutral,1,emoji_heavy,D2
1616,<USER> my miles will expire on 2/29 and it could take someone 10 days to respond...I have over 150000 miles that I do not lose i❤usair,negative,0,negation|emoji_heavy,D2
1617,<USER> call wait times are over 20 minutes and airport wait times are longer,negative,0,emoji_heavy,D2
1618,"<USER> you only hear about the bad things. Flying the last to weekends, the flights and crews were awesome. Thank you. 👍👍",positive,2,emoji_heavy,D2
1619,"<USER> yes, i am as well. **FIVE** HOURS ON HOLD, FOLKS. Can you PLEASE tell me if this is typical?! Trying to be understanding here.",negative,0,emoji_heavy,D2
1620,<USER> I already did.,neutral,1,emoji_heavy|short_ambiguous,D2
1621,"<USER> yes it is in Dulles and I need it delivered to the Embassy Suites in Herndon, VA. I'm still in Chicago from the fiasco in LAX",negative,0,emoji_heavy,D2
1622,<USER> we just left <USER> (delayed). <URL>,negative,0,emoji_heavy,D2
1623,"<USER> very confusing to receive ""your trip is around the corner!"" email when I already Cancelled Flightled the flight",negative,0,emoji_heavy,D2
1624,<USER> is the worst. I have to pay $200 just to NOT take my first flight in a round trip! Otherwise they'll Cancelled Flight my whole flight.,negative,0,negation|emoji_heavy,D2
1625,<USER> not about being on my way or impatience on my part...it's about you being untruthful and not having proper systems in place,negative,0,negation|emoji_heavy,D2
1626,<USER> done,neutral,1,emoji_heavy|short_ambiguous,D2
1627,<USER> Thanks! Sent a DM to you. Let me know if oyu need any additional information.,positive,2,emoji_heavy,D2
1628,<USER> Who can I contact about requesting a charity donation? #ThankYou,neutral,1,emoji_heavy,D2
1629,"<USER> also during the run I was instructed to do, I shattered my computer. <URL>",negative,0,emoji_heavy,D2
1630,<USER> Thank you for responding so quickly to my tweets I do appreciate that.,neutral,1,emoji_heavy,D2
1631,<USER> I just sent a DM,neutral,1,emoji_heavy,D2
1632,<USER> was forced to book a flight on a different date than originally planned for a higher price $1130 felt like a bait and switch tactic,negative,0,emoji_heavy,D2
1633,"<USER> <USER> , so what would be a file number that works , needs to be 10 characters , email me derek.austin<USER>.ca easier",neutral,1,emoji_heavy,D2
1634,"<USER> this has been my WORST flying experience with you guys, you need to do better",negative,0,emoji_heavy,D2
1635,"<USER> <USER> did I mention I'm a silver preferred member and fly every week (not always with you), and not even a meal voucher?",negative,0,negation|emoji_heavy,D2
1636,<USER> I better get a free flight,negative,0,emoji_heavy,D2
1637,"<USER> Embassy Suites 13341 Woodland Park Drive Herndon, Virginia, 20171 US +1-703-464-0200",neutral,1,emoji_heavy,D2
1638,"<USER> unveils 4 new #flights, including 2 from #Ohio <URL>",neutral,1,hashtag_heavy|emoji_heavy,D2
1639,"<USER> Hmm. Looks like you looked at my tweet from last month, not this one. Was able to get U.K. agent to help me, thanks.",positive,2,negation|emoji_heavy,D2
1640,"<USER> yall say flt 4200 is on time, yet we haven't boarded for a 3:35 departure b/c we are waiting on a new crew. Why the subterfuge",negative,0,emoji_heavy,D2
1641,"<USER> Apparently, the substitute pilots for flight #69 from BOS to FLL can't be found. No info is avail from the counter. How about you?",negative,0,negation|emoji_heavy,D2
1642,“<USER>: <USER> Unfortunately that's not an available option with our current system. Sorry guys. That's a certain #fail Fix it plz.,negative,0,negation|emoji_heavy,D2
1643,<USER> just wasted another hour of my life on hold. this is insanity. there has to be another way to use my voucher as payment online,negative,0,emoji_heavy,D2
1644,<USER> you know what'd be beyond awesome? A pair of tickets to the <USER> show in ATL. A girl can dream #DestinationDragons,positive,2,emoji_heavy,D2
1645,<USER> Are all of your flights out of Charleston tomorrow on-time or is there a possibility for delays/Cancelled Flightlations?,neutral,1,emoji_heavy,D2
1646,<USER> Its pretty ridiculous that at PHX sky harbor you have 4 (!) employees working check in on a SUNDAY afternoon. 30 min &amp; counting..,negative,0,emoji_heavy,D2
1647,"<USER> employees are the angriest, angst-iest group of people anywhere (except for Tasha at check-in at IAH.) <USER>",negative,0,emoji_heavy,D2
1648,"<USER> she was at the service desk at gate 21, and helped us find a flight to get us to our dest. on time when our flight got Cancelled Flightled",negative,0,emoji_heavy,D2
1649,<USER> ...and when did your legal department start running your social media channels?,neutral,1,emoji_heavy,D2
1650,<USER> you are a bunch of liars! Cancelled Flightled our flight and rebooked us four days Late Flightr!,negative,0,emoji_heavy,D2
1651,<USER> What is the policy behind changing passengers' seating assignments at the gate?,neutral,1,emoji_heavy,D2
1652,<USER> - HA! flight to CTL delayed! Going to miss connection. Can you please transfer me to another airline asap? <URL>,negative,0,emoji_heavy,D2
1653,<USER> What does DM the confirmation @ mean???,neutral,1,emoji_heavy,D2
1654,<USER> <USER> I'd like to see Markie too.,neutral,1,emoji_heavy,D2
1655,<USER> currently dancing in the terminal. love Stevie!,positive,2,emoji_heavy,D2
1656,<USER> <USER> or your staff could try not throwing the luggage around.,negative,0,negation|emoji_heavy,D2
1657,😩😩😩“<USER>: Our fleet's on fleek. <URL>,neutral,1,emoji_heavy,D2
1658,<USER> is really good at deferring responsibility.,negative,0,emoji_heavy,D2
1659,<USER> <USER> I love Southwest and Payton Taylor!,positive,2,emoji_heavy,D2
1660,<USER> can you help,neutral,1,emoji_heavy|short_ambiguous,D2
1661,<USER> I was just sitting here talking at a tech conference about how awesome you guys are and this rolled across. Luv you guys! #LOL,positive,2,emoji_heavy|slang,D2
1662,<USER> delayed agAin by United. Gate agent was borderline rude when I asked her a flight status question. What is happening to United?,negative,0,emoji_heavy,D2
1663,<USER> This flight was for my brother. He has been rebooked and I was able to give my info over the phone to get him a pass to the Club.,negative,0,emoji_heavy,D2
1664,<USER> what is your policy around bringing a breast pump on board?,neutral,1,emoji_heavy,D2
1665,"<USER> so, what should he do next exactly?!",neutral,1,emoji_heavy,D2
1666,"<USER> First complaint filed on Feb 11th, over 10 days now and still no response....disappointed but not surprised....",negative,0,negation|emoji_heavy,D2
1667,<USER> I bought a ticket with a price that was published by mistake and now I got an email that indicates United Cancelled Flightled my ticket! Why?,negative,0,emoji_heavy,D2
1668,<USER> <USER> Please call me at 310-795-2210.,neutral,1,emoji_heavy,D2
1669,<USER> pretty sure we didn't actually take off at 7:10 <URL>,negative,0,emoji_heavy,D2
1670,"<USER> Yes. Works in Firefox. Can do everything but finish purchase. Button turns gray, never submits. For a couple weeks now.",negative,0,negation|emoji_heavy,D2
1671,<USER> You really know how to piss people off. Your Farelock option is fake!,negative,0,emoji_heavy,D2
1672,<USER> thank you. We are finally at the gate.,positive,2,emoji_heavy,D2
1673,<USER> of course I did. The bag should be here by now :( #frustrated,negative,0,emoji_heavy,D2
1674,"<USER> we can't afford the international change fees to rebook our trip so we wanted to go home, turns out we can't afford to go home.",negative,0,emoji_heavy,D2
1675,<USER> on the phone over an hour waiting for customer service got wrong fight information cost us 6 hours from trip. Frustrating!!!,negative,0,emoji_heavy,D2
1676,<USER> Q: Just purchased ticket to #Hawaii for trip in Late Flight-March. Does this mean we will acquire miles based on price or distance flown?,neutral,1,emoji_heavy,D2
1677,<USER> On hold for 20 mins and then used the call back service only to have an agent call me and put me on hold forever-anyone there?,negative,0,emoji_heavy,D2
1678,<USER> No thanks. After those 25+ minutes someone did eventually help us and took care of it.,negative,0,negation|emoji_heavy,D2
1679,<USER> He thanks you. Anything you can do to help. Would any further information help in the process?,positive,2,emoji_heavy,D2
1680,<USER> question all. When will I receive my yearly bonus point accumulation? I think it's around now but not sure. Thanks! :),neutral,1,negation|emoji_heavy,D2
1681,<USER> - Your site seems a little wonked right now. May want to have a look. Tried on two browsers. No CSS? <URL>,negative,0,negation|emoji_heavy,D2
1682,"<USER> no, I haven't done that yet. Is that something I can do online? Thx!",negative,0,negation|emoji_heavy,D2
1683,<USER> absolutely required? Are the flights going to be 100% Cancelled Flighted?,neutral,1,emoji_heavy,D2
1684,<USER> in Bogota with no wallet is no fun. :-(,neutral,1,negation|emoji_heavy,D2
1685,<USER> seriously #fail on making strangers share a room,negative,0,emoji_heavy,D2
1686,<USER> this is not a fair set up. I payed for a full seat. I should get access to a full seat. <URL>,negative,0,negation|emoji_heavy,D2
1687,<USER> is the worst. Why on earth would <USER> merge with them? I won't be flying either of them any time soon.,negative,0,emoji_heavy,D2
1688,<USER> But they are not... lady one phone says its in tel aviv. Tel Aviv united says its in Newark. No one knows and I have nothing...,negative,0,negation|emoji_heavy,D2
1689,"<USER> is pri boarding for ""Active Military"" or only ""In Uniform?"" 90% can't travel in uniform for OPSEC reason, even on official travel",neutral,1,emoji_heavy,D2
1690,"<USER> when I called I was told my bag had made it to PHL, but still has not been delivered or any call from the delivery service",negative,0,negation|emoji_heavy,D2
1691,<USER> how do I get my companion pass?,neutral,1,emoji_heavy,D2
1692,"<USER> delivered mom's delayed bag to the wrong place. 2 hrs on hold yesterday, &gt;1 hr today. Still no bag. #AA <URL>",negative,0,negation|emoji_heavy,D2
1693,"<USER> <USER> ""Considering?"" #Accessibility is an absolute MUST! #Equality",negative,0,hashtag_heavy|emoji_heavy,D2
1694,<USER> delay is understandable but look at the time of the the flight and boarding time. Weird!,negative,0,emoji_heavy,D2
1695,<USER> <USER> INCONVENIENCE? Are you people freaking nuts? This guy has TWO KIDS WITH HIM and you STRAND him in an airport! #FAIL,negative,0,emoji_heavy,D2
1696,<USER> Thanks. Yes I got through. Biggest frustration is that I'm no longer able to check in online for my flight after 4 Cancelled Flights.,negative,0,negation|emoji_heavy,D2
1697,<USER> First class service on US 769 PHL-MCO today from the flight attendant in F. I didn't catch her name but she was top notch!,positive,2,emoji_heavy,D2
1698,"<USER> The airline is embarrassing itself. I get that bad weather isn't your fault, but your response to it couldn't have been worse.",negative,0,emoji_heavy,D2
1699,"<USER> also. Emergency exit seats. 6'2"" and that's a huge win.",positive,2,emoji_heavy,D2
1700,"<USER> we've been waiting at the gate for 2 hrs, why are we now waiting to stow the luggage?",negative,0,emoji_heavy,D2
1701,<USER> I heard a rumor flight 898 was Cancelled Flightled. Is this true?,neutral,1,emoji_heavy,D2
1702,<USER> been on hold now for 1 hour 20 minutes with cust service. Can you help?,negative,0,emoji_heavy,D2
1703,<USER> headed to NYC from CLT. Funny to hear all phones ring at once and then the entire plane groan (has happened twice more).,negative,0,emoji_heavy,D2
1704,"<USER> has been showing the same tone deaf video for all these years about how ""wifi is coming!"" Hah.Not before I leave. <USER> ftw",negative,0,negation|emoji_heavy,D2
1705,"<USER> - Envoy Airlines is a disgrace to the AA family. Nothing but delays and Cancelled Flightlations, week after week.",negative,0,emoji_heavy,D2
1706,"<USER> 3 days Late Flightr and my bag has not left IAD, United is not helping at all. Everyone tells me a different story",negative,0,negation|emoji_heavy,D2
1707,<USER> how can customers get in touch with you internationally from Mexico for lost baggage,neutral,1,emoji_heavy,D2
1708,<USER> I'm flying into DCA my bag is at IAD. I am already Late Flight for my meetings at work. I will call the number when I land 😭,negative,0,emoji_heavy,D2
1709,<USER> Looking forward to flying with you guys as well !!,positive,2,emoji_heavy,D2
1710,"<USER> I was told a ""return call"" by a human",negative,0,emoji_heavy,D2
1711,"<USER> Cancelled Flightling flights due to winter weather is totally understandable, but it would sure be nice if you would answer your phones.",negative,0,emoji_heavy,D2
1712,<USER> approaching three hours sitting in the plane on the ground at DFW on #AmericanAirlines flight 3056 - Oscar performance,negative,0,emoji_heavy,D2
1713,<USER> could you please tell me if there is a way to add a RR# to a flight that already took place?,neutral,1,emoji_heavy,D2
1714,"<USER> yeah, the mark was like a mile back. Also we're an hour Late Flight. So thanks a ton for the great service today.",negative,0,emoji_heavy,D2
1715,<USER> all good! Next flight was a little delayed so it all worked 👍,positive,2,emoji_heavy,D2
1716,"<USER> Cancelled Flightled my direct flight Newark-Brussels last night, now 7 hours behind schedule. In EU compensation would be a given, but in US?",negative,0,emoji_heavy,D2
1717,<USER> have scheduled flight Sat(2morrow) CHO-CLT CHO needs to be added to weather advisory. Please evaluate asap.,neutral,1,emoji_heavy,D2
1718,<USER> looks like today will be my 6th consecutive delayed flight from you...do I win a prize??? <USER> Air why don't you fly to SBA? 😭,negative,0,emoji_heavy,D2
1719,"<USER> Seriously, what is your solution? Who exactly will help my 5 year old if there's a problem with the plane? <URL>",negative,0,emoji_heavy,D2
1720,<USER> yes I do I am traveling to Marsh Harbor,neutral,1,emoji_heavy,D2
1721,<USER> I booked a flight yesterday but didnt receive an email confirmation and I my dividends number isn't registering. Please help.,negative,0,emoji_heavy,D2
1722,<USER> no her lunch was over by the time she got her call answered,neutral,1,negation|emoji_heavy,D2
1723,<USER> oh it's nothing my issue was already resolved and I am in the air,positive,2,emoji_heavy,D2
1724,"<USER> Made about 30 calls to USAir today to merge of AAdvantage, Dividend Miles. Each time, says call back Late Flightr. #30timesenough",negative,0,emoji_heavy,D2
1725,"<USER> Just called regarding my bag, came in yesterday and no one notified more or updated the online record locator #customerservice",negative,0,negation|emoji_heavy,D2
1726,"<USER> your service need work - check out this Bush airport ""customer service line"" last nt #unitedagainstunited <URL>",negative,0,emoji_heavy,D2
1727,"<USER> Yes &amp; have already spent 1K+ on the card &amp; paid the $89 annual fee, but the 50K miles have not shown up. Want to fly AUS --&gt; ATL",negative,0,negation|emoji_heavy,D2
1728,<USER> Pls Help Baby Hannah get the life saving surgeries she requires.She needs your help.Pls Donate/RT <URL>,neutral,1,emoji_heavy,D2
1729,<USER> I see two flights with two seats in the morning can we get on those,neutral,1,emoji_heavy,D2
1730,<USER> never had an airline refuse to help sit parents with tiny kids. But this guy is willing to do it. #JetBlue <URL>,negative,0,negation|emoji_heavy,D2
1731,"<USER> I’ve had my flight Cancelled Flightled twice now, and after 5 minutes of automated questions, the phone just goes to a busy signal. Help?",negative,0,emoji_heavy,D2
1732,<USER> had a great experience working with Glenn Coles at Buffalo-Niagara Airport!! Top notch employee,positive,2,emoji_heavy,D2
1733,<USER> can you let me know status of flight #454 PBI-JFK delayed 2.5hours now on board problem with hatch..,negative,0,emoji_heavy,D2
1734,<USER> well it IS John Hughes' birthday. But I will stick w the plane &amp; hold off on trains &amp; automobiles. Gate workers are doing well.,positive,2,emoji_heavy,D2
1735,<USER> Sitting in a cesspool of germs on the ground in #PHL for 2 hours now.,negative,0,emoji_heavy,D2
1736,<USER> it wasn't a delay so much as a straight Cancelled Flightlation. Weather wasn't an issue either.,negative,0,emoji_heavy,D2
1737,"<USER> OK, thank you.",positive,2,emoji_heavy|short_ambiguous,D2
1738,<USER> is awful. They have lost my bag and aren't providing any info. This is day 3 and nothing. #WORSTAIRLINEEVER,negative,0,emoji_heavy,D2
1739,<USER> we have to stay in Chicago overnight and meet up with our bags there. I hope they stay put and don't get put on a flight.,negative,0,emoji_heavy,D2
1740,"<USER> it was UA381 on 14 Feb. Point is, overselling flights= bad. Making people wait 1hr while you kick them off after boarding is worse",negative,0,emoji_heavy,D2
1741,<USER> busy due to storm but customer service should always be on point. More so now than ever #getittogether,negative,0,emoji_heavy,D2
1742,<USER> here we go again. Delayed in Chicago why offer the 630 flight if you never intend to fly it,negative,0,negation|emoji_heavy,D2
1743,<USER> telling my Fam in Vegas now. :),positive,2,emoji_heavy,D2
1744,<USER> service for baggage at JFK is incomprehensible. No employee knows where our luggage is frM flight 424 LAX to NYC ITS AN HR WAIT NOW,negative,0,negation|emoji_heavy,D2
1745,"<USER> Awesome, thanks! I'll give a call Late Flightr today. Appreciate the help!",positive,2,emoji_heavy,D2
1746,<USER> all set. Figured it out at the baggage office!,neutral,1,emoji_heavy,D2
1747,<USER> PLEASE improve your phone system! Going through multiple prompts &amp; menus just to be told to call back Late Flightr = MAJOR FAIL,negative,0,emoji_heavy,D2
1748,<USER> is #ELP Friendly. #flyerfriendly #united #emb145 #elpaso <URL>,positive,2,hashtag_heavy|emoji_heavy,D2
1749,<USER> <USER> Total lack of cust. service for a mom flying solo w. baby. Will not be flying w. Am. Air again!!!,negative,0,negation|emoji_heavy,D2
1750,"<USER> <USER> Too bad there's only, like, 3 people on that team, then. Because this is next level unreal.",negative,0,emoji_heavy,D2
1751,"<USER> my brother <USER> missed his flight traveling home for a funeral and can't get through to the call center, can you help?",negative,0,emoji_heavy,D2
1752,"<USER> Your whole handling of this was a joke.Boston Logan had one little old lady,ONE handling all the customers <URL>",negative,0,emoji_heavy,D2
1753,<USER> thanks for the seat that doesn't recline. I'm shocked I'm not being asked to serve everyone drinks on the plane. #DoBetter,negative,0,negation|emoji_heavy,D2
1754,.<USER> board customers onto a plane with no pilot? The only thing that expedited was my time in line to book a new flight. Come on now.,negative,0,negation|emoji_heavy,D2
1755,"<USER> clicked ""upgrade now"" and it didn't upgrade. What gives? <URL>",negative,0,emoji_heavy,D2
1756,<USER> Yes I needed plenty of assistance but received none.,negative,0,emoji_heavy,D2
1757,<USER> silly I'm flying delta today. Your united club staff and attendants are surly and unhelpful and always seem bothered by pesky folk,negative,0,emoji_heavy,D2
1758,<USER> been on hold over an hr to rebook a Cancelled Flighted flight. Do you have anyone working???,negative,0,emoji_heavy,D2
1759,<USER> has an SPF record error that is causing e-mail from noreply<USER>.com to go to spam filters. DNS admin needs to fix!,negative,0,emoji_heavy,D2
1760,<USER> - STL-BOS flight today was Cancelled Flightled. Online resched form gives an error. On hold for past 90 min. HELP! #terribleservice,negative,0,emoji_heavy,D2
1761,"<USER> yes in Lusaka, Zambia. My guess is the bags never made the plane at IAD.",negative,0,negation|emoji_heavy,D2
1762,<USER> tell my professors that when I don't show up to class/write my midterm because I'm stuck with no flights home 😠,negative,0,negation|emoji_heavy,D2
1763,"<USER> love how you don't give a shit about people who tried to be loyal, but you screw them every way till Sunday. Glad I've stayed away",negative,0,emoji_heavy,D2
1764,<USER> You might be dealing with frustrated passenegers. hope you all have a great day :) thank you very much for an amazing airline :),positive,2,emoji_heavy,D2
1765,"<USER> Not appropriate to ask in public (hence the dm). each united employee, each a new answer. your process was such a hassle i Cancelled Flighted.",negative,0,negation|emoji_heavy,D2
1766,"<USER> I know. I’m sure you hear it all the time — don’t like the new seats. I’m a small guy, 5’ 6” and I feel the new planes are tight",negative,0,emoji_heavy,D2
1767,"<USER> Late Flight 2014 and 2015 are huge step towards decline in service, and your agents, not all, are as arrogant as ever. #UnitedAirlines",negative,0,negation|emoji_heavy,D2
1768,<USER> <USER> will one of you please answer the phone?,negative,0,emoji_heavy,D2
1769,"<USER> I'm beyond confused here. why would you offer an earlier flight?? when they Cancelled Flightled 2222, I asked for TUES. please fix!",negative,0,emoji_heavy,D2
1770,<USER> the fact that that rule makes it poor customer service. I can Cancelled Flight/change on <USER> with no penalty or hoops.,negative,0,negation|emoji_heavy,D2
1771,<USER> Flt 359 lax to EWR. Your pilot bragged about getting to EWR early only to wait 20 min for a jetway driver. Thanks United!,negative,0,emoji_heavy,D2
1772,<USER> Thank you.,neutral,1,emoji_heavy|short_ambiguous,D2
1773,<USER> them and <USER>,negative,0,emoji_heavy|short_ambiguous,D2
1774,"<USER> Why can we no longer change trips with a companion online? Been doing it for years, now get message can't be done online?",negative,0,negation|emoji_heavy,D2
1775,<USER> why are you making me stay in JFK until 2 am or Late Flightr? Just let me rebook without making me pay more,negative,0,negation|emoji_heavy,D2
1776,<USER> good luck. Thanks.,positive,2,emoji_heavy|short_ambiguous,D2
1777,<USER> thnx,positive,2,emoji_heavy|short_ambiguous,D2
1778,<USER> I start a new job tomorrow &amp; you Cancelled Flight my flight (1629 BWI-LAX) and you really can't get me on another flight today ?!,negative,0,emoji_heavy,D2
1779,<USER> But I got a bad exchange rate so want my money back. Please can you refund without penalty.,negative,0,negation|emoji_heavy,D2
1780,"<USER> Trying to reset my password, email never arrives. Help?",negative,0,negation|emoji_heavy,D2
1781,"<USER> DM sent! Thanks so much for responding! Your response was so timely, I missed it!",positive,2,emoji_heavy,D2
1782,<USER> no. Told to call cust service on monday,negative,0,negation|emoji_heavy,D2
1783,"<USER> Gotcha... but ""lessening the delay"" ... that part's not happening, right?",negative,0,negation|emoji_heavy,D2
1784,<USER> : Maybe You Should Drive #usairwaysfail,neutral,1,emoji_heavy,D2
1785,<USER> it is cool. Your customer told me they didn't care either. It is expected,negative,0,emoji_heavy,D2
1786,<USER> such a bummer. But I understand it's a business deal. Thanks for answering me! Much less sad now.,neutral,1,emoji_heavy,D2
1787,<USER> BUT you have received confirmation via email that you are confirmed and ticketed on this flight.,neutral,1,emoji_heavy,D2
1788,<USER> thanks to Lea in the Chicago office for her help in switching our Cancelled Flighted flights!!,positive,2,emoji_heavy,D2
1789,"<USER> it's not a consolation because my bags are somewhere else, which is a real impediment to me going on a different vacation",negative,0,negation|emoji_heavy,D2
1790,<USER> Why not deal with that while the plane's on the ground instead of diverting the plane &amp; adding 2 hrs to the flight?,negative,0,negation|emoji_heavy,D2
1791,<USER> at JFK flight to Boston delayed 20 min waiting for catering they are boarding flight to LAX waiting for over and hour WTF?,negative,0,emoji_heavy,D2
1792,"<USER> the motor that usually starts the engine is broke and <USER> ground crew failed to do it on time, per pilot #maintenance",neutral,1,emoji_heavy,D2
1793,<USER> it can't be delivered. It has to be held there for me to cross the border to pick up. Please don't try to deliver.,neutral,1,emoji_heavy,D2
1794,"<USER>, I've experienced better service making connecting flight from <USER> and <USER> #badcustomerservice #jfk #pr",negative,0,hashtag_heavy|emoji_heavy,D2
1795,<USER> you reminded me today why I fly <USER>,negative,0,emoji_heavy,D2
1796,<USER> It says on you web site that u fly directly from ORD to DUB. when I try to book it says you do not. Have you stopped ?,negative,0,negation|emoji_heavy,D2
1797,<USER> Flight UA1665 got delayed 2 hours due to a mechanical issue...could use a free drink or 3 to make up for this inconvenience,negative,0,emoji_heavy,D2
1798,<USER> <USER> us too! Terrible airline! Just gave us a hotel hotline number and said sorry,negative,0,emoji_heavy,D2
1799,<USER> your customer service is horrible,negative,0,emoji_heavy,D2
1800,<USER> broke my suitcase &amp; refuses to give me a repair estimate. <URL>,negative,0,emoji_heavy,D2
1801,<USER> wouldn't mind paying for the snacks but no $ for tix :-) Great job guys!,positive,2,negation|emoji_heavy,D2
1802,<USER> we just almost had a major accident on ua3710 ... How about passing on some information to those of us waiting on plane!!!,negative,0,emoji_heavy,D2
1803,"<USER> So I am flying Chicago-LAX-PHX just to go spotting at LAX and PHX airports, then I am flying back to Chicago :)",neutral,1,emoji_heavy,D2
1804,<USER> Thanks. This one was delayed an hour and a half prior to scheduled departure.,negative,0,emoji_heavy,D2
1805,<USER> I have to spend more than the cost of the flight just to get a free room and transportation to and from the airport,negative,0,emoji_heavy,D2
1806,<USER> thanks for getting me rescheduled on a direct flight to NOLA tonight in 10 minutes--and hopefully an hour earlier getting there!,positive,2,emoji_heavy,D2
1807,<USER> awesome. I flew yall Sat morning. Any way we can correct my bill ?,positive,2,emoji_heavy,D2
1808,<USER> <USER> Do you guys teach poor customer service or is it just part of an american dream?,negative,0,emoji_heavy,D2
1809,<USER> Was nice to see your Veterans Advantage Program at the gate on Sunday @ MCO.Keep up the good work at JetBlue,positive,2,emoji_heavy,D2
1810,<USER> now you don't know where my luggage is? Seriously?,negative,0,emoji_heavy,D2
1811,<USER> same here. Would appreciate a follow so I can DM my info to figure out what I am supposed to do.,negative,0,emoji_heavy,D2
1812,"<USER> thanks for response! Crew has been VERY patient with us, but they are also frustrated. Wouldn't be so bad but airport is closed!",negative,0,emoji_heavy,D2
1813,<USER> lost bag on flight to Vegas. Now to El Paso. Going to Dallas love. Gate attendant said see if can coordinate to get it to Love,negative,0,emoji_heavy,D2
1814,"<USER> Okay, just requested to follow.",neutral,1,emoji_heavy,D2
1815,"Yes, and it gets disconnected due to the lack of WIFI strength “<USER>: <USER> Have you reached out to <USER> for help, David?”",negative,0,emoji_heavy,D2
1816,<USER> thanks for the canned reply.,negative,0,emoji_heavy,D2
1817,<USER> AA 2258 why have you Cancelled Flightled our flight without courtesy of notifying us or alternatives? Very poor.,negative,0,negation|emoji_heavy,D2
1818,"<USER> membership has no privileges anymore - my son is in the army, short window to see him - NO help.",negative,0,negation|emoji_heavy,D2
1819,"<USER> On a standby to Denver, which has been delayed, and a confirmed to Aspen, whose flights have been Cancelled Flighted all day. 0 confidence.",negative,0,emoji_heavy,D2
1820,<USER> yes I was everything worked out great,positive,2,emoji_heavy,D2
1821,<USER> great. I just called your fucking phone number and she hung up on me,negative,0,emoji_heavy,D2
1822,<USER> it's sunny and gorgeous in ny actually. What's the real reason?,negative,0,emoji_heavy,D2
1823,<USER> thank you!!!,positive,2,emoji_heavy|short_ambiguous,D2
1824,<USER> you always surprise me with the awfulness of your airline. You guys suck. #worst,negative,0,emoji_heavy,D2
1825,<USER> <USER> <USER> <USER> <USER> <USER> BS that #Noise #Late Flight #NoRahm <URL>,negative,0,hashtag_heavy|emoji_heavy,D2
1826,<USER> so many delays today...What's up with that? Hoping my 12:26pm flight boards soon. #United #premier1K,negative,0,hashtag_heavy|emoji_heavy,D2
1827,<USER> are you hiring for flight attendants right now,neutral,1,emoji_heavy,D2
1828,"<USER> don't worry, I'm gonna share with my row! 😁",neutral,1,emoji_heavy,D2
1829,"<USER> you are failing! Diverted, stuck and no communication! Make a decision and let us go!!!! 😞😡 flight #4229",negative,0,negation|emoji_heavy,D2
1830,<USER> Leaving soon. Thanks!,positive,2,emoji_heavy|short_ambiguous,D2
1831,<USER> the least you could do is make up for what you have caused. You are ruining people's memories! You should be ashamed!,negative,0,emoji_heavy,D2
1832,"<USER> yeah , I have been expecting The same for 3 hours",negative,0,emoji_heavy,D2
1833,<USER> hi when will your next set of flights be out for next year from Dublin???,neutral,1,emoji_heavy,D2
1834,<USER> This is exactly why ill be flying AA from <USER> to Dallas! Only airline I trust!,positive,2,emoji_heavy,D2
1835,<USER> She is travelling from Melbourne (Australia ) to Bogota (Colombia) tomorrow,neutral,1,emoji_heavy,D2
1836,<USER> thanks. 😒,positive,2,emoji_heavy|short_ambiguous,D2
1837,<USER> booked the 8th.... Save me an emergency exit... Gotta stretch out,neutral,1,emoji_heavy,D2
1838,"<USER> blood services, make your appt. today! 18009174929 <URL>",neutral,1,emoji_heavy,D2
1839,<USER> I managed to get sorted out over the phone. Good luck dealing with the snow in Texas!,positive,2,emoji_heavy,D2
1840,<USER> what does relay concerns really mean &amp; how/why do u keep letting people on flights with bags larger than u state are allowabl?,negative,0,emoji_heavy,D2
1841,<USER> ok. There is no one at the airport that is helping us. Another customer got told the flight isn't leaving till 1220,negative,0,negation|emoji_heavy,D2
1842,<USER> I’m resending the confirmation code in a DM,neutral,1,emoji_heavy,D2
1843,<USER>: look! Another apology. DO NOT FLY <USER>,negative,0,negation|emoji_heavy,D2
1844,<USER> I see you guys are at it again. Amazing how one company continually makes mistakes yet fails to be held accountable for their error,negative,0,emoji_heavy,D2
1845,LMAO “<USER>: Our fleet's on fleek. <URL>,positive,2,emoji_heavy,D2
1846,<USER> thanks 4 making it impossibly expensive 2 change 2 a flight leaving less than 24 hrs earlier than my reservation #1lesscustomer,negative,0,emoji_heavy,D2
1847,<USER> why do I have to request refund? Why charge twice in first place?,negative,0,emoji_heavy,D2
1848,"<USER> I applied for a position in <USER> ,and I was wondering if you guys received my application.",neutral,1,emoji_heavy,D2
1849,<USER> you're killing me now. :-) You got me! #smitten #trueblue,positive,2,hashtag_heavy|emoji_heavy,D2
1850,<USER> heard you are saving 30k a year on fuel not carrying around those skymall's #ripskymall,neutral,1,negation|emoji_heavy,D2
1851,"<USER> wind chill in Ithica -17 degrees, and for the trouble of losing my clothes they give me a t-shirt. I'll burn it for warmth. #united",negative,0,emoji_heavy,D2
1852,<USER> the gate agent said our original plane got de-icing fluid in the engine that created a short so they took the plane out of service,negative,0,emoji_heavy,D2
1853,<USER> Thank you so much! I wasn't sure since in know the limit is 4 ozs. Excited to fly with JetBlue!,positive,2,emoji_heavy,D2
1854,<USER> I have flown with you 10 times in the last 13 days. 8 out of 10 flights have been delayed. Huge mistake on my part. Don't fly united,negative,0,emoji_heavy,D2
1855,<USER> their names are both Angel (seriously - how cool is that!). Truly FANTASTIC service!,positive,2,emoji_heavy,D2
1856,<USER> changed our flight 6 times in 1 trip. Bumped to <USER> now &amp; having great experience. Never. Flying. US Air again. Never.,negative,0,negation|emoji_heavy,D2
1857,<USER> I recently moved and got a new license and when I booked my flight months ago I used my old license do I need to change that?,neutral,1,emoji_heavy,D2
1858,<USER> Thank you for the quick customer service today. #RefundProcedureNotTooPainful I know that Winter Weather is not your fault.,positive,2,negation|emoji_heavy,D2
1859,"<USER> even so, change could not be made online- instructed to call an agent- maybe the syastem should allow agents 2 link passengers!",negative,0,negation|emoji_heavy,D2
1860,<USER> 108 to Portland Maine,neutral,1,emoji_heavy,D2
1861,<USER> when should i expect a response from customer relations,negative,0,emoji_heavy,D2
1862,<USER> your phone service sucks,negative,0,emoji_heavy,D2
1863,<USER> Yes That's true but they are a bit pricey I will look into it further. Love you guys.,positive,2,emoji_heavy,D2
1864,<USER> Show Jacksonville some 💝too! We want #3ticketsforJax!,neutral,1,emoji_heavy,D2
1865,<USER> so you fail again flight to rdu sitting waiting on flight attendants. your logistics are not good,negative,0,negation|emoji_heavy,D2
1866,<USER> I would.,neutral,1,emoji_heavy|short_ambiguous,D2
1867,<USER> hey flight 5350 in dfw stuck at gate with no gate agent. Plane full of people missing connections.,negative,0,negation|emoji_heavy,D2
1868,<USER> you are beyond redemption. Jfk. Baggage claim looks like a luggage warehouse,negative,0,emoji_heavy,D2
1869,<USER> emailed AAdvantage for status match ... still waiting. Can't wait to move from <USER> but help me out here :),negative,0,emoji_heavy,D2
1870,"<USER> why, when you book a flight now, does jetblue separate a 3yr old from the mother? Isn't that a bit stupid? check-in headaches!",negative,0,emoji_heavy,D2
1871,"<USER> tell them to get on that, please.",negative,0,emoji_heavy,D2
1872,<USER> knows whats up! That #BlackHistoryMonth commercial. Just another thing to add to reasons why I fly with #SouthWestAirlines,positive,2,hashtag_heavy|emoji_heavy,D2
1873,"<USER> after being assured by the pleasant woman at gate B11 in Albany, NY that life's not perfect, I'd heard enough.",negative,0,negation|emoji_heavy,D2
1874,<USER> Flight Get Me Out Of Chicago.,neutral,1,emoji_heavy,D2
1875,<USER> Pls Help Baby Hannah get the life saving surgeries she requires.She needs your help.Pls Donate/RT <URL>,neutral,1,emoji_heavy,D2
1876,<USER> I have never on all my trips on any airline ever nat'l or int'l ever experienced anything like this!,negative,0,negation|emoji_heavy,D2
1877,"<USER> 2/22-MDW 2 SAN flt 1687 attendant Melissa was awesome! Fast, smiling, great. After weather Cancelled Flight day b4, it was welcome",positive,2,emoji_heavy,D2
1878,<USER> flt 1583 EWR to SFO excellent service. Friendly flight attendants. made the 6AM flight a very good start to the day.,positive,2,emoji_heavy,D2
1879,<USER> pls follow for DM.,neutral,1,emoji_heavy,D2
1880,<USER> delayed.....wow,negative,0,emoji_heavy|short_ambiguous,D2
1881,<USER> me &amp; <USER> are best friends because of <USER>. Any chance we could get tickets to #DestinationDragons ?,positive,2,emoji_heavy,D2
1882,"<USER> Love, love, love this. Southwest Rocks!! Always!! <URL>",positive,2,emoji_heavy,D2
1883,<USER> Thank you for the response. When I book I've tried my AA number and my US Airways number and each time it doesn't pick it up,neutral,1,emoji_heavy,D2
1884,<USER> This entire process took sooooo long that no decent seats are left. #customerservice,negative,0,negation|emoji_heavy,D2
1885,"<USER> I was under the impression when there is an 8 hour delay in your flight because of equipment failure, compensation is offered?",neutral,1,emoji_heavy,D2
1886,"<USER> just had a horrible experience with check in agent at fort myers, I'll document and send details, off to Boston",negative,0,emoji_heavy,D2
1887,<USER> on the plane. I was thoughtful enough to ask for it and got it; there are prob others that also deserved it,neutral,1,emoji_heavy,D2
1888,"<USER> also, can you explain why, when I checked in, on the US Airways site, &amp; picked ""Standby for 1st"" I was not put on the list?",neutral,1,negation|emoji_heavy,D2
1889,<USER> really appreciate the great customer service... One of your service agents just hung up on me when asking legitimate questions,negative,0,emoji_heavy,D2
1890,<USER> Hi. How do I claim points on a 1800-flowers order after I purchased? I totally forgot to put in the promo code.,neutral,1,emoji_heavy,D2
1891,<USER> thanks Southwest for saving our trip. my sweetheart isn't going to miss seeing #AltonBrownLive thanks to y'all! #SOhappy,positive,2,hashtag_heavy|emoji_heavy,D2
1892,"Thank you. “<USER>: <USER> Customer Relations will review your concerns and contact you back directly, John.”",positive,2,emoji_heavy,D2
1893,<USER> I need your help but no one will pick up the phone.,negative,0,negation|emoji_heavy,D2
1894,<USER> oh yay! Now gate agents decide not to deal with upgrade list and just bump up whoever is closest.,negative,0,negation|emoji_heavy,D2
1895,"<USER> UA 1706 delayed again - I get charged $600 if Late Flight by you - you say ""oh well""",negative,0,emoji_heavy,D2
1896,<USER> on time today and from PHL! Nice work! #ThereIsAFirstForEverything,positive,2,emoji_heavy,D2
1897,<USER> Your agent sent our family on 3 diff planes to dfw that were as Late Flight due to delay as the Cancelled Flighted plane that started this #fail,negative,0,emoji_heavy,D2
1898,<USER> 4828 but I just missed it because no one is at the gate to marshall us in so now I have to rent a car &amp; drive 5 hrs. So thanks.,negative,0,negation|emoji_heavy,D2
1899,<USER> typically once you get the problem fixed - then the crew expires - and the delay turns into a Cancelled Flight...,negative,0,emoji_heavy,D2
1900,"<USER> why did flight 1636 get Cancelled Flightled? Waiting for a rep to rebook, but wondering if there will be other issues getting out.",negative,0,emoji_heavy,D2
1901,"<USER> flt 136 from PHX. Delayed 2 hrs, circle 1 hr, divert to upstate NY, just sitting for 1 hr No communication #horrible",negative,0,negation|emoji_heavy,D2
1902,<USER> - keeping AA up in the Air! My crew chief cousin Alex Espinosa in DFW! <URL>,positive,2,emoji_heavy,D2
1903,"<USER> There is no option just to Cancelled Flight? I don't want to change flight, I want to Cancelled Flight.",negative,0,negation|emoji_heavy,D2
1904,<USER> You already Cancelled Flightled the one b4 us to DCA,negative,0,emoji_heavy,D2
1905,<USER> yes please. Going to drive the 6 hours.,neutral,1,emoji_heavy,D2
1906,<USER> will do. Thanks for the help. Cheers,positive,2,emoji_heavy,D2
1907,<USER> been waiting for 70 minutes on hold because yall Cancelled Flightled my return flight. Answer the phone!!!,negative,0,emoji_heavy,D2
1908,<USER> I've heard your new in flight tap to pay readers accept ONLY Apple Pay. I thought that was impossible &amp; certainly not EMV compliant,negative,0,negation|emoji_heavy,D2
1909,<USER> My husband a first time flyer with you has had the worst experience on board a aircraft just a few minutes ago.,negative,0,emoji_heavy,D2
1910,<USER> loving the free #wifi and #legroom ✈️ #SeattleBound,positive,2,hashtag_heavy|emoji_heavy,D2
1911,<USER> formally requests <USER> and <USER> to establish customs facilities for international flights <URL>,neutral,1,emoji_heavy,D2
1912,.<USER> <USER> Would be nice if you could actually talk to the reserv. team...it just hangs up on you and has been since last night.,negative,0,emoji_heavy,D2
1913,<USER> We've been on hold for over 7 hours after my wife's flight was Cancelled Flighted.,negative,0,emoji_heavy,D2
1914,<USER> abandoned 40 Boston bound fliers...someone in management needs to #saveface and #showup,negative,0,hashtag_heavy|emoji_heavy,D2
1915,.<USER> just disappointed with the Flight Booking Problems process and add’l fees to sit together on a more crowded flight. Not impressed so far :-/.,neutral,1,negation|emoji_heavy,D2
1916,<USER> Hey SWAir- a very tortured boarding on flight 1971 due to one gate agent having to board assisted folks one at a time.,negative,0,emoji_heavy,D2
1917,"<USER> <USER> no, don't leave me!!!",neutral,1,negation|emoji_heavy,D2
1918,<USER> needs to get their shit together. 2 counter people &amp; a massive line. People need to catch their flights! <URL>,negative,0,emoji_heavy,D2
1919,<USER> is helping me step up my <USER> game! #TinderTips #tinderchamp <URL>,neutral,1,hashtag_heavy|emoji_heavy,D2
1920,"<USER> flight AA1119, cx to AA157. Killing my layover, still wanting breakfast. I'm hungry! Get me to DFW!",negative,0,emoji_heavy,D2
1921,<USER> what is going on with the flight 2417? It has been delay a lot .,negative,0,emoji_heavy,D2
1922,<USER> <USER> that can be a stop over before Paris. You are an embarrassment,negative,0,emoji_heavy,D2
1923,"<USER> strives to be 'Customer Centric' in everything they do - communications, advertising, customer journey, etc. #ANAmarketers",positive,2,emoji_heavy,D2
1924,<USER> <USER> <USER> Julie Andrews first but Lady Gaga wow'd me last night. Carrie? Meh.,neutral,1,emoji_heavy,D2
1925,"<USER>, 1st a reaccommodation, now a delayed flight for this one. &amp; the Gate Agent still hasn't mumbled a word. Folks getting anxious.",negative,0,emoji_heavy,D2
1926,<USER> but the automated message says the line is too busy to join the queue! #stuckintheloop,negative,0,emoji_heavy,D2
1927,"<USER> Appreciated, but in this case we waited an extra 55 minutes for a lost mechanic to fax the log. Fax...like in the 80s.",negative,0,emoji_heavy,D2
1928,<USER> awesome,positive,2,emoji_heavy|short_ambiguous,D2
1929,<USER> I agree but per the captain this issue happened before boarding &amp; we all sat in the plane for almost 2 hrs,negative,0,emoji_heavy,D2
1930,<USER> That’s a rather clunky process. Whoever designed that clearly doesn’t understand e-mail 101.,negative,0,emoji_heavy,D2
1931,<USER> why don't you allow families with small children to board first anymore? Our next flight will be on another airline...,negative,0,emoji_heavy,D2
1932,<USER> just had a great flight #4223 with Damion! He was the best #damionflight4223,positive,2,hashtag_heavy|emoji_heavy,D2
1933,<USER> you keep returning my call and hanging up when I answer? Help reFlight Booking Problems a flight!,negative,0,emoji_heavy,D2
1934,<USER> Stop trying to make #fleek happen! #PointsMe,neutral,1,hashtag_heavy|emoji_heavy,D2
1935,<USER> no online clearly states I can NOT- It says to call res. I already explained that.,negative,0,negation|emoji_heavy,D2
1936,<USER> has the worst customer service out of any airline company. #dontflythem,negative,0,emoji_heavy,D2
1937,<USER> Hey any chance you have an update on Flight 99 Hartford to D.C.?,neutral,1,emoji_heavy,D2
1938,<USER> Flight AAL65 declared state of emergency? Squawking 7700...,negative,0,emoji_heavy,D2
1939,<USER> Any chance you are allowing reFlight Booking Problems yet for travel out of Denver this weekend due to impending storm?,neutral,1,emoji_heavy,D2
1940,<USER> Why do you have to be 18 😭,neutral,1,emoji_heavy,D2
1941,<USER> can I get your service desk # at IAD?,neutral,1,emoji_heavy,D2
1942,<USER> I want one!,positive,2,emoji_heavy|short_ambiguous,D2
1943,<USER> it's be nice to take a flight and have some level of consistency / service from the flight attendants. Quality control???,negative,0,emoji_heavy,D2
1944,<USER> When does the new schedule open that takes us past 10/31?,neutral,1,emoji_heavy,D2
1945,"<USER> actually, online indicates the only seating available is at a premium cost..why not allow seat selection at time of purchase",negative,0,negation|emoji_heavy,D2
1946,"<USER> To add, I have to get up to go to work tomorrow am. I don't like having to wait up until 12 or Late Flightr. CS sucks.",negative,0,emoji_heavy,D2
1947,<USER> what's up w flt 4? Brothers fiancé sitting on board for 30mins w tech issues.,negative,0,emoji_heavy,D2
1948,<USER> <USER> <USER> I need a vacation from all this ice! <URL>,neutral,1,emoji_heavy,D2
1949,<USER> your service in Philly is unacceptable. Look into better service✌️ a 16 yr old shouldnt have a hard time <URL>,negative,0,emoji_heavy,D2
1950,<USER> three hours on s delayed flight staring a blank screen. At least a heads up so you could download a movie,negative,0,emoji_heavy,D2
1951,<USER> now on hold with customer care. Wonder if someone will pick up the phone before 5pm.,negative,0,emoji_heavy,D2
1952,<USER> … But friendly efficient air attendants in coach #UA992 <URL>,negative,0,emoji_heavy,D2
1953,<USER> thanks keep me updated just hope I make either of my connections to Killeen Tx,positive,2,emoji_heavy,D2
1954,<USER> this is why I fly <USER> ... Never have any issues,positive,2,negation|emoji_heavy,D2
1955,<USER> But nope! Apparently this is the way you guys do business! I guess I'm flying southwest and her blue from now on.,negative,0,emoji_heavy,D2
1956,"<USER> captain ""we apologize for the delay, the company is looking for an open gate (glance starboard side, see 5 open gates)",neutral,1,emoji_heavy,D2
1957,<USER> /I really love your customer service Lou Ann in Phx rocks. Thanks SW. #be Ourguest,positive,2,emoji_heavy,D2
1958,<USER> I have been denied. Not sure how you charge $150 one way then $25 on way hime,negative,0,negation|emoji_heavy,D2
1959,<USER> I'm trying to merge my freq flyer accts but keep getting an error message and only a machine when calling the # provided. Help!,negative,0,emoji_heavy,D2
1960,"<USER> last flight was Cancelled Flightled, then it was 2 hours to change a light bulb, now sitting here waiting for maintenance. Unreal.",negative,0,emoji_heavy,D2
1961,<USER> please help <URL>,neutral,1,emoji_heavy|short_ambiguous,D2
1962,<USER> you guys suck. You delay flights but can't hold the connectors 10 minutes??? #WorstAirlineEver,negative,0,emoji_heavy,D2
1963,Thanks. “<USER>: <USER> Weather disruptions have caused some of our crew to run Late Flight. We're sorry for the delay to your flight.”,negative,0,emoji_heavy,D2
1964,<USER> last week I flew from DAL to LAX. You got us in almost an hour early. Thank You.,positive,2,emoji_heavy,D2
1965,"<USER> Best airline name ever. Whenever I see it, I want to get on their plane to blue skies &amp; sea. (And they DELIVER on that promise)",positive,2,emoji_heavy,D2
1966,<USER> You don't care about keeping your customers safe or at least you didn't care about my sister,negative,0,emoji_heavy,D2
1967,"<USER> Just trying to book tickets to NYC and facing super fun broken styling. Don't worry, I'll keep trying :)",negative,0,emoji_heavy,D2
1968,<USER> new problem...had wrong last name on reservation which is airways fixed. New can't get through TSA,negative,0,emoji_heavy,D2
1969,"<USER> According to TV passenger interviews, the landing was far from ""uneventful"" with heavy (panic) breaking to",negative,0,emoji_heavy,D2
1970,<USER> no one at #clt knows about runway issues..my inbound flight was only one delayed..connection left without me..now I'm stuck!,negative,0,negation|emoji_heavy,D2
1971,<USER> download jeokoo the American app for air travelers,neutral,1,emoji_heavy,D2
1972,<USER> AA I need a Hail Mary. How do I get from Dallas to Joplin JLN in the next 14 hours. Willing to fly to other airports and drive,negative,0,emoji_heavy,D2
1973,<USER> 4840 WTF! Why can't you update your times in a timely manner? You've known the fight was more delayed! Ur service is awful! <USER>,negative,0,emoji_heavy,D2
1974,<USER> I've been on hold for 2 hours! When will you answer??,negative,0,emoji_heavy,D2
1975,"<USER> plane breaks, unloads the passengers, told to re enter to only come back off. Flight Cancelled Flightled, missed wedding. #badbusiness",negative,0,emoji_heavy,D2
1976,<USER> LOVE IMAGINE DRAGONS SO MUCH I EOULD DIE IF I GOT TICKETS,positive,2,emoji_heavy,D2
1977,<USER> possibly the worst airlineGave them three chances Second time in 2 weeks a flight has been delayed and or Cancelled Flightled due to mechanics,negative,0,emoji_heavy,D2
1978,<USER> is there a route to flight from Mexico City to Chicago midway using your services?,neutral,1,emoji_heavy,D2
1979,<USER> Thanks for helping my mom after <USER> wouldn't let her get on her plane in Orlando! You're the best! #customerservice,positive,2,emoji_heavy,D2
1980,<USER> is probably losing a family of world travelers as customers due to broken processes. <USER> I hope you can fix it,negative,0,emoji_heavy,D2
1981,<USER> letting me down in San Fran. No Media rate? What's the deal? Looks like this is the last time I fly anywhere with you.,negative,0,negation|emoji_heavy,D2
1982,<USER> TA off site at #thelodge. Should be a fun day. <USER> <USER> <USER> <USER> <USER>,positive,2,emoji_heavy,D2
1983,<USER> stop ur bs promos of ✈️anywhere starting at 79$ I click and everywhere I'd fly=130$ The only place thats 79$ is CLE #NoThanks,negative,0,emoji_heavy,D2
1984,<USER> strikes again...lost bags. And two of them. #theworst,negative,0,emoji_heavy,D2
1985,<USER> when you enter every contest for #DestinationDragons and lose :(,negative,0,emoji_heavy,D2
1986,<USER> thank you :-),positive,2,emoji_heavy|short_ambiguous,D2
1987,<USER> thnkx bt dont help now we will need to go WAY out of OUR way to get where we NEED to be for the $ u charge this sux #neveragain,negative,0,emoji_heavy,D2
1988,<USER> <USER> lmfao,neutral,1,emoji_heavy|short_ambiguous,D2
1989,<USER> just DM'd,negative,0,emoji_heavy|short_ambiguous,D2
1990,<USER> please can you tell me why DFW has a weather advisory and RDU does not? the entire state of NC has shut down from ice &amp; snow!,neutral,1,negation|emoji_heavy,D2
1991,".<USER> Navigating through 2 rebooks due to flu &amp; ice to visit my Mother. Your CS reps have been so very helpful, patient and friendly.",negative,0,emoji_heavy,D2
1992,<USER> just flew to #TelAviv paid $100 from a third suitcase which didn't even make it on the plane! Besides for the impolite service...,negative,0,emoji_heavy,D2
1993,"<USER> thank you! It's # 1875 from BWI, keep seeing different stats, from delayed to awaiting take off to delayed...",positive,2,emoji_heavy,D2
1994,<USER> Based on suggestions from other passengers I have a rental car on standby for 11:30. One way or another will be leaving then.,neutral,1,emoji_heavy,D2
1995,<USER> called executive platinum desk and got a TWO HOUR call back time... 2.5 hrs Late Flightr still no call and still stuck in Chicago,negative,0,negation|emoji_heavy,D2
1996,"<USER> <USER> Maybe? Long trip, Late Flight night &amp; queues at baggage claims in two terminals, no good. I thought I paid for it 50$ instead.",negative,0,negation|emoji_heavy,D2
1997,"<USER> yes, last month when Boston got the first big snow storm and my flight was Cancelled Flightled.",negative,0,emoji_heavy,D2
1998,.<USER> I don't understand why you need a DM to give me an answer on if you have a damaged luggage policy.,negative,0,emoji_heavy,D2
1999,<USER> flight #3900 fro ORF to PHL.,neutral,1,emoji_heavy,D2
2000,<USER> I have been on hold w/customer service line for 68 minutes. This after I was on phone with an agent for 35 min b/f call droped,negative,0,emoji_heavy,D2
2001,<USER> PR-friendly tweets don't help drive accountability. Hope Mr. Hayes takes note.,negative,0,emoji_heavy,D2
2002,<USER> I did. Still haven't heard a thing.,negative,0,emoji_heavy,D2
2003,<USER> thanks for the worst customer service on the face of the earth. I loved the 5+ hrs on hold along w 2 Cancelled Flightled flights,negative,0,emoji_heavy,D2
2004,<USER> in spite of flight delay great customer service provided by Janet and baggage employee Karen. You have 2 wonderful employees United.,positive,2,emoji_heavy,D2
2005,"<USER> ok. To top things off, you've lost my luggage. Could you get ANY worse??? #UnitedAirlines",negative,0,emoji_heavy,D2
2006,<USER> make this delay go away. Maybe upgrade me and Kats seats. We are headed to Columbus.,negative,0,emoji_heavy,D2
2007,<USER> To DC this summer and help local youth get ready to return to school with math refresher courses. #FlyItForward,neutral,1,emoji_heavy,D2
2008,<USER> is the worst. Nonrefundable First class tickets? Oh because when you select Global/FC their system auto selects economy w/upgrade.,negative,0,emoji_heavy,D2
2009,"<USER> Is your reservation phone number working? Called 10x in the last 3 days, and haven’t gotten through.",negative,0,emoji_heavy,D2
2010,<USER> Just followed you.,positive,2,emoji_heavy|short_ambiguous,D2
2011,<USER> What is your phone number. I can't find who to call about a flight reservation.,negative,0,emoji_heavy,D2
2012,<USER> Well I did miss it. But gate agents had rebooked boarding pass waiting when I landed. Time for lunch &amp; a beverage. Easy cheesy,positive,2,emoji_heavy,D2
2013,<USER> flight 691 from bos to Tampa takeoff 40 min Late Flight,negative,0,emoji_heavy,D2
2014,<USER> flight 2008,neutral,1,emoji_heavy|short_ambiguous,D2
2015,<USER> Cool. Now <USER> has been told you can't re-route his bags after he was told to leave them last night. He needs them to race.,negative,0,emoji_heavy,D2
2016,<USER> i sure will,negative,0,emoji_heavy|short_ambiguous,D2
2017,<USER> now on hold for 2 hrs 20 min. This is ridiculous,negative,0,emoji_heavy,D2
2018,<USER> simply amazing. Smiles for miles.Thank u for my upgrade tomorrow for ORD.We are spending a lot of time together next few weeks!,positive,2,emoji_heavy,D2
2019,<USER> when you're on hold with southwest for over 2 hours and it automatically hangs up on you. #iusedtoloveu <URL>,negative,0,emoji_heavy,D2
2020,<USER> Really a letter that says you will discuss serving drunks more drinks that doesn't help the current situation,negative,0,emoji_heavy,D2
2021,<USER> this is very disappointing. This is about customer service.,negative,0,emoji_heavy,D2
2022,"<USER> extremely frustrating travel experience in Denver! Instead of landing in SEA on Saturday, now it's Monday afternoon!",negative,0,emoji_heavy,D2
2023,<USER> my flight to DFW from LIT on my way to PDX tomorrow was Cancelled Flighted. Can you help me?,neutral,1,emoji_heavy,D2
2024,<USER> mobile apps need construction from the ground up for each OS category. It's expensive to get right .,negative,0,emoji_heavy,D2
2025,<USER> ok thanks,positive,2,emoji_heavy|short_ambiguous,D2
2026,<USER> In Ethiopia adopting a child. Need flight home from ADD to GRR Late Flight 2/27 or very early 2/28. (need to change existing reservation),neutral,1,emoji_heavy,D2
2027,<USER> is it true there's a new A320 livery and a new website...?!,neutral,1,emoji_heavy,D2
2028,<USER> order <USER> (3/3),neutral,1,emoji_heavy|short_ambiguous,D2
2029,<USER> I requested my boarding pass to be texted to me but I still haven't received it.,negative,0,emoji_heavy,D2
2030,<USER> thanks! I expected a wait... Just not that long. :),negative,0,negation|emoji_heavy,D2
2031,<USER> I flew from NYC to SFO last week and couldn't fully sit in my seat due to two large gentleman on either side of me. HELP!,negative,0,emoji_heavy,D2
2032,<USER> left us. had to stay on other flight until they got bags off. This sucks. Had to run with a baby and bags!,negative,0,emoji_heavy,D2
2033,<USER> - what is your policy regarding large-size passengers who cannot fit into a single coach class seat?,neutral,1,emoji_heavy,D2
2034,<USER> now on hold for 90 minutes,negative,0,emoji_heavy,D2
2035,<USER> hates guitar players. Chgd for oversize AND extra bag on my acoustic guitar. Epic fail.,negative,0,emoji_heavy,D2
2036,<USER> please call us back to rebook!!! 7403607771. We need to get back to Columbus!!!!!! Please help,negative,0,emoji_heavy,D2
2037,<USER> Your crew on 3138 is doing a great job of keeping everyone informed during the delays #givethemraises,positive,2,emoji_heavy,D2
2038,<USER> thanks. Can you change the music in the boarding gates?,neutral,1,emoji_heavy,D2
2039,<USER> still not in the air for deicing of plane. I'll miss connect but customer service was helpful.I'm hoping to catch the next flight,positive,2,negation|emoji_heavy,D2
2040,<USER> your service is horrible. I can't get a straight answer from your ground agents.,negative,0,emoji_heavy,D2
2041,<USER> Thank you!,positive,2,emoji_heavy|short_ambiguous,D2
2042,<USER> still waiting to see <USER> 😞,neutral,1,emoji_heavy,D2
2043,"<USER> 5 gate changes, two delays. Even the crew thinks the airline sucks",negative,0,emoji_heavy,D2
2044,<USER> very frustrated. Bought early bird at 6:30am on day tickets were released and got mid-B ticket. Spend $50 for nothing,negative,0,emoji_heavy,D2
2045,"<USER> Problem is, I wasn't issued a position until today at the gate. And no option to upgrade. Not good when you're 6'4.",negative,0,negation|emoji_heavy,D2
2046,"<USER> I had to travel to Savannah, GA, once again, on an airline I don't ""Luv"". When r u going to fly me to Savannah? Pleeeease!!!!",neutral,1,emoji_heavy,D2
2047,"<USER> upon entering plane to 2 <USER> stewardesses: ""can I have some water?"" ""no we don't do that. please take your seat""",negative,0,negation|emoji_heavy,D2
2048,"<USER> it's been 3 hours, why have you not sent the plane from the hangar for flight 1533 at JFK? This is absolutely ridiculous.",negative,0,negation|emoji_heavy,D2
2049,<USER> feeling like a true united customer stuck.on the tarmac in dc for over 2 hrs. UNITEDFAIL,negative,0,emoji_heavy,D2
2050,<USER> no; I just expect a higher level of customer service &amp; for the flight crews to give us accurate information,negative,0,negation|emoji_heavy,D2
2051,<USER> your Avis rental continue button doesn't work on your website to book car. Tried 4 times on phone. This sucks!,negative,0,emoji_heavy,D2
2052,"<USER> I will admit, you've been rather good to me over the years. You've still got me hooked. (for now!) Peace.",positive,2,emoji_heavy,D2
2053,<USER> the disappointment was not the bag but that it arrived before me and I was kept 12 hrs without options in IAH,negative,0,negation|emoji_heavy,D2
2054,<USER> 6 hour mechanical delay...killing me,negative,0,emoji_heavy,D2
2055,<USER> it's unacceptable the way your agents at the gate treat paying customers!!!,negative,0,emoji_heavy,D2
2056,<USER> how can your app show arriving aircraft is early but departing flight is delayed due to Late Flight arriving aircraft? <USER>,negative,0,emoji_heavy,D2
2057,"<USER> my bag was lost, and according to the rep they don't even know where it is, Please help.",negative,0,emoji_heavy,D2
2058,"<USER> Secondary screenings, a piece of the plane missing... Anything you want to tell us?",negative,0,emoji_heavy,D2
2059,"<USER> Houston hub Aa T. Employee the bag is not here, It made it to Pa before me! Oops not your problem <URL>",negative,0,negation|emoji_heavy,D2
2060,"<USER> no thanks. As I said, being denied miles that expired one week ago was the last drop for me; plan to avoid AA as possible.",negative,0,negation|emoji_heavy,D2
2061,<USER> A generic form with tons of fields asking for info you already? Expected more as a premier platinum. Another #servicefail,negative,0,emoji_heavy,D2
2062,<USER> I understand the weather issue but you can't expect passengers to wait 24 hours inside airports for whatever reason. Outrageous,negative,0,emoji_heavy,D2
2063,<USER> I am trying to change a ticket for travel on Monday that cannot be changed online. Anyway faster than waiting on hold? #anhour,negative,0,emoji_heavy,D2
2064,<USER> if our already rescheduled flight is Cancelled Flightled is our hotel room paid for?,negative,0,emoji_heavy,D2
2065,<USER> already did it. One person said they couldn't do anything another said she didn't know why the first person we talked 2 said that,negative,0,emoji_heavy,D2
2066,<USER> this is despicable I spoke to many diff people &amp; everyone is telling me something different I have a claim no. I need my bag now,negative,0,negation|emoji_heavy,D2
2067,<USER> amazing to me that we can't get any cold air from the vents. #VX358 #noair #worstflightever #roasted #SFOtoBOS,negative,0,hashtag_heavy|emoji_heavy,D2
2068,<USER> so glad u guys do business w/ more class than UR competitors <USER> 😏,positive,2,emoji_heavy,D2
2069,"<USER> kudos to the crew of flight 1050 to GRR for making a very special memory for a sweet young passenger, and her Momma. Well done",positive,2,emoji_heavy,D2
2070,<USER> we had a friend there telling the gate attendant and the stewardess what was going on #notourfaultyoudontuseyourgatesright,negative,0,emoji_heavy,D2
2071,"<USER> flight US1562 from RIC2DFW was Cancelled Flightled yesterday &amp; I was on hold w/ cust. service from 6-10pm EST...4 hours, no answer...",negative,0,negation|emoji_heavy,D2
2072,<USER> that is a stock response. Delays not as frustrating as poor cust serv &amp; being told by 3 ppl to wait &amp; they'd come back but did not.,negative,0,negation|emoji_heavy,D2
2073,"<USER> #epicfail on connections in #Chicago today, extremely disappointed w/ unaccommodating customer service, rethinking loyalty 😐",neutral,1,hashtag_heavy|emoji_heavy,D2
2074,<USER> u now have my gears grinding. The JFK baggage office told me I need to bring the bag back right now if not they will close my claim,negative,0,negation|emoji_heavy,D2
2075,"<USER> yes, and rebooked incorrectly.",negative,0,emoji_heavy,D2
2076,<USER> - it's been almost 2 weeks and still no word from DOT on update of london fare to us cities? any updates on your end?,negative,0,negation|emoji_heavy,D2
2077,<USER> Very impressed so far. An app that's worth a damn and sms updates on my flight.,positive,2,emoji_heavy,D2
2078,<USER> Deep Vein thrombosis,neutral,1,emoji_heavy|short_ambiguous,D2
2079,<USER> extra-speed line closed in Tampa. What gives?,negative,0,emoji_heavy,D2
2080,<USER> ok thank you i hope so too,positive,2,emoji_heavy,D2
2081,"<USER> yes, after landing at 930pm last night. Spoke to 10 baggage claim customer service reps. Finally spoke to one amazing ticket agent.",negative,0,emoji_heavy,D2
2082,<USER> thinks that a $100 voucher makes up for spending 4 hrs on a plane and landing at the same airport we took off from. Really?,negative,0,emoji_heavy,D2
2083,"<USER> thanks, me too",positive,2,emoji_heavy|short_ambiguous,D2
2084,<USER> hire smarter IT people if your systems keep crashing instead of some of the mooks you man some of these airports with. #goDelta,negative,0,emoji_heavy,D2
2085,<USER> can u get me on flt #3768 instead of #2522 rt now,neutral,1,hashtag_heavy|emoji_heavy,D2
2086,<USER> pls get me back to Tallahassee:( no one should ever have to be stranded in Gainesville for this long😒,negative,0,negation|emoji_heavy,D2
2087,<USER> DUH and done. bag whereabouts unknown. Greeeaat,negative,0,emoji_heavy,D2
2088,"<USER> do you teach your gate agents 2 lie? Or do they just learn on their own? There was overhead space for my bag, didn't have to check",negative,0,emoji_heavy,D2
2089,<USER> how long do we have to be delayed after boarding before we get a free drink? #gettingthirsty,negative,0,emoji_heavy,D2
2090,<USER> #last #flight #ever on #AA. You botched this weather delay to the point of absurdity. I'd pay more to fly <USER>,negative,0,hashtag_heavy|emoji_heavy,D2
2091,<USER> got it squared away. Someone picked up as soon as I tweeted. Should have tweeted sooner. 😉,positive,2,emoji_heavy,D2
2092,"<USER> and don't hope for me having a nicer flight some other time, try to do things right. You sold me those tickets with that connetion",negative,0,emoji_heavy,D2
2093,<USER> worst airline ever after 70+ legs of travel I am officially done. On time is not in their vocab. I'm taking my premier status to A,negative,0,negation|emoji_heavy,D2
2094,<USER> Airways Short Interest Down 3.5% in January (JBLU) - sleekmoney <URL>,neutral,1,emoji_heavy,D2
2095,<USER> thanks for the 2hr delay and then no ground crew when we landed. At least you didn't break my <URL>,negative,0,negation|emoji_heavy,D2
2096,"<USER> I'm trying to register since 12:00,don't want to be separated from my brother during the15hours flight!There're few places left",negative,0,emoji_heavy,D2
2097,"<USER> HELP! It says ""the payment is denied"" but my money has been taken out of my bank? And it says I have no trips coming up??",negative,0,negation|emoji_heavy,D2
2098,<USER> #poorservice #poorcommunication #waitingsince 10:51 for bags frm flight 424!!! #jetblue,negative,0,hashtag_heavy|emoji_heavy,D2
2099,"<USER> can't book a flight because of outdated, forced opt-in ""Verified by Visa"" nonsense. Help a girl out? I just want to get to <USER>",negative,0,emoji_heavy,D2
2100,<USER> you changed my entire flight plan for vacation and now I will be there alone a day and night early with nowhere to stay. Help!,negative,0,emoji_heavy,D2
2101,"<USER> sorry for my misunderstanding of the term, but what does that exactly mean?",neutral,1,emoji_heavy,D2
2102,"<USER> any guesstimate on hold times? Can't change my flight online, at 45 mins and counting...",negative,0,emoji_heavy,D2
2103,"<USER> ur ""response"" was: my ""inconvenience was of no matter."" U wanted me sit for 3 xtra nights in the city w/out comp! #donotflyusair",negative,0,negation|emoji_heavy,D2
2104,<USER> how do you get your aa frequent flyer number to appear in a USAir reservation?? Frustrating,negative,0,emoji_heavy,D2
2105,<USER> I have been in contact with 3 people and still no answers. You keep sending me to <USER> and they keep sending me to you!,negative,0,negation|emoji_heavy,D2
2106,<USER> that's 16+ extra hours of travel time. Missed vacation time and now you guys are messing with my professional life.,negative,0,emoji_heavy,D2
2107,<USER> beautiful ride. Thanks again:),positive,2,emoji_heavy,D2
2108,<USER> your customer service stinks. Trying to book a flight for hours now and keep getting hung up on. #usairwayssucks,negative,0,emoji_heavy,D2
2109,<USER> oh. And thank you for responding,positive,2,emoji_heavy,D2
2110,"<USER> I have emailed several times.hand wrote a letter,went to airport,called.please fix this! Or <USER> please help!",negative,0,emoji_heavy,D2
2111,<USER> I just think it's weird to have mileage as 666,positive,2,emoji_heavy,D2
2112,<USER> Flight 2 is 2:30 hrs delayed so far b/c of Late Flight crew. Now we are literally waiting while they have dinner acc. to honest gate agent.,negative,0,emoji_heavy,D2
2113,"<USER> : When You've Got to Get There, We've Got Excuses! #usairwaysfail",negative,0,emoji_heavy,D2
2114,<USER> last name Pordes,neutral,1,emoji_heavy|short_ambiguous,D2
2115,<USER> tried to rebook online but it says that I have to pay $200 for difference in price. Please help,negative,0,emoji_heavy,D2
2116,<USER> 3 hours to rebook but 8 hours l8r the same problem again. Arrive at gate stopped cause now infant is sitting in 4 yr old lap,negative,0,emoji_heavy,D2
2117,<USER> flt 470 Tampa to CLT is very Late Flight gonna miss conn to BOS what can you do?,negative,0,emoji_heavy,D2
2118,<USER> Hey. I hve Cancelled Flightled flght &amp; on hold for 30 min nw 4 rebook. Website not working. Can u give me some insight if I DM conf #?,negative,0,negation|emoji_heavy,D2
2119,<USER> with about 25 people trying to get on flights,neutral,1,emoji_heavy,D2
2120,<USER> us2118 My wife in Boston says no snow right now.,negative,0,negation|emoji_heavy,D2
2121,"<USER> So break whatever you want, take no responsibility..Too bad for customer? #media #filmcrew <USER> <USER> #nytimes <USER>",negative,0,negation|hashtag_heavy|emoji_heavy,D2
2122,<USER> you guys continue to impress. Your crew @ MCO gate 4helped our family with seat issues. #professional,positive,2,emoji_heavy,D2
2123,<USER> this is no way to treat women. I want someone to contact me and explain how they will make this acceptable.,negative,0,negation|emoji_heavy,D2
2124,<USER> I am blown away by stellar #custserv !! Thank you &lt;3 <URL>,positive,2,emoji_heavy,D2
2125,"<USER> husband on hold 2.5 hrs, got disconnected!New wait 30 min. Can't confirm res due to the fact he booked on line! Nuts!",negative,0,emoji_heavy,D2
2126,<USER> can y'all develop Ding for a chrome/Firefox browser extension? That would be swell,neutral,1,emoji_heavy,D2
2127,<USER> <USER> so why did you Cancelled Flight tickets for thousands of people when you didn't like the exchange rate? #doublestandards,negative,0,emoji_heavy,D2
2128,<USER> shout out to the pilots and FC attendant(Eliz) of US 673. Super strong crosswinds during landing. Eliz did a super job throughout,positive,2,emoji_heavy,D2
2129,"Lol, k. “<USER>: Our fleet's on fleek. <URL>",neutral,1,emoji_heavy|slang,D2
2130,<USER> lost <USER> luggage on flight yesterday morning #Miami to #NewYork #LGA no response and no luggage more than 37 hrs ltr,negative,0,negation|hashtag_heavy|emoji_heavy,D2
2131,<USER> Thank you for your help Adam and to the awesome gate agents at B12 in LAS for getting us home!,positive,2,emoji_heavy,D2
2132,"<USER> If you'd love to see more girls get inspired about becoming pilots, RT our free Albuquerque event. <URL>",neutral,1,emoji_heavy,D2
2133,<USER> what is the deal with flt 460 today? Departure keeps changing. When is it going why is it so Late Flight?,negative,0,emoji_heavy,D2
2134,<USER> this airline is a joke my friends been trapped in houston since 7am sat and have no flight in sight #unitedworstever #trappedhouston,negative,0,negation|hashtag_heavy|emoji_heavy,D2
2135,<USER> your IVR hung up on me because of high call volume? I need help. Call me,negative,0,emoji_heavy,D2
2136,"<USER> no, but we're on the flight leaving from Boston to Seattle right now. :) flight 597",positive,2,negation|emoji_heavy,D2
2137,<USER> or how about power outlets at your seat if you're gonna keep us siting here forever?,negative,0,emoji_heavy,D2
2138,<USER> cardholder is flying. We both have us airways and advantage cards which is more frustrating.,negative,0,emoji_heavy,D2
2139,Why doesn't <USER> allow for conversations between upset customers and their customer service? #worstcustomerserviceever,negative,0,emoji_heavy,D2
2140,"<USER> yup we know, not your fault, just not ideal sittin for over an hour but as always your staff is great!",positive,2,negation|emoji_heavy,D2
2141,<USER> minutes to spare.,neutral,1,emoji_heavy|short_ambiguous,D2
2142,"<USER> <USER> AA doesnt charge any fees to change award tickets as long as the origin, destination &amp; award type remains the same",neutral,1,emoji_heavy,D2
2143,Really ? 😑“<USER>: Our fleet's on fleek. <URL>,neutral,1,emoji_heavy,D2
2144,<USER> pls help. This is seriously beyond ridiculous.,negative,0,emoji_heavy,D2
2145,"<USER> bos to msp, msp to aus, aus to bos. Site doesn't seem to display fields for the middle trip when I add the 3rd.",negative,0,emoji_heavy,D2
2146,<USER> Has D.C. Thinking About Summer With New Nantucket Service - SYS-CON Media (PR) <URL>,neutral,1,emoji_heavy,D2
2147,<USER> why does it feel like I'm being nickeled and dime to enjoy a flight with AA? I purchased a tkt but have to pay extra for a seat,negative,0,emoji_heavy,D2
2148,<USER> please provide update on UA 791. This flight has been stranded by united with no information from the crew on the plane.,negative,0,negation|emoji_heavy,D2
2149,<USER> <USER> surely much better to let us all share the feedback unless you have something to hide?,negative,0,emoji_heavy,D2
2150,<USER> yes Party is Over 😂,neutral,1,emoji_heavy,D2
2151,<USER> Is there an issue with your website and logging on? (App too?) I know I am entering info correctly but cannot sign in! :(,negative,0,emoji_heavy,D2
2152,<USER> just because you are a monopoly in <USER> doesn't mean you treat your frequent fliers like crap.,negative,0,emoji_heavy,D2
2153,Sigh... “<USER>: Our fleet's on fleek. <URL>,neutral,1,emoji_heavy,D2
2154,<USER> 1 ticket agent servicing at least 60 people on line. Waiting for an hour and a half and your phones hang up on people.,negative,0,emoji_heavy,D2
2155,<USER> thank you so so much for sending me to LA for #DestinationDragons! Tonight is gonna rock😎,positive,2,emoji_heavy,D2
2156,<USER> deceptive marketing practices promised me if i booked flights i would retain my status now they are not granting. Neverflyunited,negative,0,negation|emoji_heavy,D2
2157,<USER> Did somebody say flight upgrade?,negative,0,emoji_heavy,D2
2158,<USER> THANK YOU SO MUCH YOURE AMAZING IM GOING TO CRY OMG,positive,2,emoji_heavy|slang,D2
2159,"<USER> has getaway deals through May, from $59 one-way. Lots of cool cities <URL> #CheapFlights #FareCompare",neutral,1,hashtag_heavy|emoji_heavy,D2
2160,"<USER> considering I'm now stuck in Newark with virtually sleep in 30+ hours, I doubt it :/ hope car rentals are available",negative,0,emoji_heavy,D2
2161,<USER> Yep. 1 hour at Logan. Gangway broke and cabin crew stuck on plane. They just arrived. Passengers request butt massages.,negative,0,emoji_heavy,D2
2162,<USER> Awesome thanks! Thanks for the quick response. You guys ROCK! :),positive,2,emoji_heavy,D2
2163,<USER> #fail My wife on the phone asking to switch flight times. In mid switch gets disconnected. Now Cancelled Flightled! No new time! No call back,negative,0,negation|emoji_heavy,D2
2164,<USER> what's the link for #FlyFi,neutral,1,emoji_heavy,D2
2165,<USER> Thanks for a great flight from LA to Boston! Pilots did a great job landing in the snow. Can we go back to LA now? #seriously,positive,2,emoji_heavy,D2
2166,"<USER> woohoo! He still has 1 more flight but so happy to hear they're in the air, just about cried! (Must be the preggo hormones!) thx!",positive,2,emoji_heavy,D2
2167,<USER> nope. None to be found,negative,0,emoji_heavy,D2
2168,<USER> I'm trying to make a reservation with a &lt; 2 year old lap child. Don't see any option online. How do I proceed with reservation?,negative,0,emoji_heavy,D2
2169,<USER> bags are still in Houston since Friday and still have not been reimbursed the baggage fee.,negative,0,negation|emoji_heavy,D2
2170,<USER> Not blaming Jet Blue. This wasn't weather. Can't have planes in the air and runways a mess. That's a disaster waiting to happen.,neutral,1,negation|emoji_heavy,D2
2171,<USER> This has been the WORST flight experience I've ever had. Thank you for ending my vacation on such a bad note.,negative,0,emoji_heavy,D2
2172,"<USER> I understand. Wonderful ""Miriam"" in customer service who was able to reroute me... Got any rental car discounts?",neutral,1,emoji_heavy,D2
2173,<USER> flying tomorrow from mexico to US. Mileage tkts dont show 1k status. Help,negative,0,emoji_heavy,D2
2174,<USER> I see. Thanks for explaining.,positive,2,emoji_heavy,D2
2175,<USER> <USER> #tfw1 Appreciate the tweet back - It was unexpected.,positive,2,emoji_heavy,D2
2176,<USER> found the flight on <USER>,neutral,1,emoji_heavy,D2
2177,<USER> No changes made. My son's pass printed on same conf #. Just mine not print after I expressed disapptment w/ JetBlue,negative,0,negation|emoji_heavy,D2
2178,<USER> you are the worst airline. Congrats!!,negative,0,emoji_heavy,D2
2179,Then you better #HoldOn - #EverythingsGonnaBeAlright <USER> 4 our #brandloveaffair <URL> #TrueBlueLove #travel #business,positive,2,hashtag_heavy|emoji_heavy,D2
2180,<USER> Tired of sitting on a delayed #1702 again and again computer down,negative,0,emoji_heavy,D2
2181,<USER> Why are we waiting 40 min so far for our luggage??? #wannagohome,negative,0,emoji_heavy,D2
2182,<USER> your system is down and after being on hold for over 20 mins -Mia tells me she is going to charge a Flight Booking Problems fee?! Customer service?,negative,0,emoji_heavy,D2
2183,<USER> Stop reposting same autoresponse That was return flight home #imateacher. Couldnt get to RSW #neptune#waivethefee #notmyfault,negative,0,hashtag_heavy|emoji_heavy,D2
2184,<USER> I don't think you should help him at all based on his behavior. The voucher and cot seem like enough lol 😃,neutral,1,emoji_heavy|slang,D2
2185,<USER> OFFERING to give up my bag which you usually have to force passengers to do. I am in a state of shock.,negative,0,emoji_heavy,D2
2186,<USER> but question : if the downgrade include losing first class do you get money back ? <URL>,neutral,1,emoji_heavy,D2
2187,<USER> line of 100+ people to rebook at MIA now. Virtual hold on rebook line just hangs up during call back. <URL>,negative,0,emoji_heavy,D2
2188,“<USER>: Our fleet's on fleek. <URL> lmfaooooo hook me up with a flight!,neutral,1,emoji_heavy,D2
2189,<USER> was rebooked but sucked big time. Crappy layover. Customer service very sub-par.,negative,0,emoji_heavy,D2
2190,"<USER> yes, for tomorrow at 9 am. But I have to work though 😒 I'm really mad about the situation",negative,0,emoji_heavy,D2
2191,"<USER> Disappointed,UNITED did NOT feed small CHILDREN on a 5 &amp; half hour flight (Honolulu to Los Angeles), Appalling, ESP food waspaid for",negative,0,negation|emoji_heavy,D2
2192,"<USER> agent, ""You should use the bathroom before boarding.. Toilets onboard are full."" Oh you can expected a strongly worded email FUnited",negative,0,emoji_heavy,D2
2193,<USER> If you follow me I will DM you my phone # which you can call.,negative,0,emoji_heavy,D2
2194,"<USER> 5223 out of Gainesville, FL",neutral,1,emoji_heavy,D2
2195,<USER> - almost 2 hrs 30 mins on hold - any idea how much longer?,negative,0,emoji_heavy,D2
