dataset,model,fold,family,selected_kind,selected_weight,selected_penalty,joint_nll,marginal_distortion,seed,train_limit,run_dir
anneal,tabiclv2,1,raw_only,j2,0.5,,0.8091688697891319,0.0455218188507904,23,64,D:\core-tfm\results\core_tfm_submission_full_v1\context\seed_23_train_64
anneal,tabiclv2,1,pool_only,geometric,0.5,,0.7975720921200242,0.0292220561407774,23,64,D:\core-tfm\results\core_tfm_submission_full_v1\context\seed_23_train_64
anneal,tabiclv2,1,repair_only,soft,0.5,0.03,0.7969572209017939,0.0283784100584976,23,64,D:\core-tfm\results\core_tfm_submission_full_v1\context\seed_23_train_64
anneal,tabiclv2,1,full,geometric,0.5,,0.7975720921200242,0.0292220561407774,23,64,D:\core-tfm\results\core_tfm_submission_full_v1\context\seed_23_train_64
anneal,tabiclv2,2,raw_only,j2,0.5,,0.7753468227430284,0.0419046899114791,23,64,D:\core-tfm\results\core_tfm_submission_full_v1\context\seed_23_train_64
anneal,tabiclv2,2,pool_only,geometric,0.0,,0.7753468227430285,0.0419046899114791,23,64,D:\core-tfm\results\core_tfm_submission_full_v1\context\seed_23_train_64
anneal,tabiclv2,2,repair_only,soft,0.0,3.0,0.7674930281675263,0.0117509023707942,23,64,D:\core-tfm\results\core_tfm_submission_full_v1\context\seed_23_train_64
anneal,tabiclv2,2,full,soft,0.0,3.0,0.7674930281675263,0.0117509023707942,23,64,D:\core-tfm\results\core_tfm_submission_full_v1\context\seed_23_train_64
anneal,tabiclv2,3,raw_only,j2,0.5,,0.7814308283691234,0.0441802737315727,23,64,D:\core-tfm\results\core_tfm_submission_full_v1\context\seed_23_train_64
anneal,tabiclv2,3,pool_only,arithmetic,0.5,,0.7966018556628651,0.0356399591857489,23,64,D:\core-tfm\results\core_tfm_submission_full_v1\context\seed_23_train_64
anneal,tabiclv2,3,repair_only,soft,0.25,0.03,0.7816377921985118,0.0388882879643491,23,64,D:\core-tfm\results\core_tfm_submission_full_v1\context\seed_23_train_64
anneal,tabiclv2,3,full,arithmetic,0.5,,0.7966018556628651,0.0356399591857489,23,64,D:\core-tfm\results\core_tfm_submission_full_v1\context\seed_23_train_64
anneal,tabiclv2,4,raw_only,j1,0.5,,0.834774188441576,0.0162884057225559,23,64,D:\core-tfm\results\core_tfm_submission_full_v1\context\seed_23_train_64
anneal,tabiclv2,4,pool_only,geometric,1.0,,0.834774188441576,0.0162884057225559,23,64,D:\core-tfm\results\core_tfm_submission_full_v1\context\seed_23_train_64
anneal,tabiclv2,4,repair_only,soft,1.0,0.3,0.8275557692960656,0.0122149510429368,23,64,D:\core-tfm\results\core_tfm_submission_full_v1\context\seed_23_train_64
anneal,tabiclv2,4,full,soft,1.0,0.3,0.8275557692960656,0.0122149510429368,23,64,D:\core-tfm\results\core_tfm_submission_full_v1\context\seed_23_train_64
anneal,tabiclv2,5,raw_only,j2,0.5,,0.7393200362733243,0.0289597935770442,23,64,D:\core-tfm\results\core_tfm_submission_full_v1\context\seed_23_train_64
anneal,tabiclv2,5,pool_only,geometric,0.0,,0.7393200362733244,0.0289597935770442,23,64,D:\core-tfm\results\core_tfm_submission_full_v1\context\seed_23_train_64
anneal,tabiclv2,5,repair_only,soft,0.0,0.03,0.7387693341218962,0.0282235843750894,23,64,D:\core-tfm\results\core_tfm_submission_full_v1\context\seed_23_train_64
anneal,tabiclv2,5,full,geometric,0.0,,0.7393200362733244,0.0289597935770442,23,64,D:\core-tfm\results\core_tfm_submission_full_v1\context\seed_23_train_64
anneal,tabpfn3,1,raw_only,j2,0.5,,0.875084346530549,0.0124863190178826,23,64,D:\core-tfm\results\core_tfm_submission_full_v1\context\seed_23_train_64
anneal,tabpfn3,1,pool_only,geometric,0.5,,0.8885405279164015,0.0090082361271875,23,64,D:\core-tfm\results\core_tfm_submission_full_v1\context\seed_23_train_64
anneal,tabpfn3,1,repair_only,soft,0.5,0.03,0.8884876223718285,0.0087504793343437,23,64,D:\core-tfm\results\core_tfm_submission_full_v1\context\seed_23_train_64
anneal,tabpfn3,1,full,geometric,0.5,,0.8885405279164015,0.0090082361271875,23,64,D:\core-tfm\results\core_tfm_submission_full_v1\context\seed_23_train_64
anneal,tabpfn3,2,raw_only,j1,0.5,,0.7687925887457574,0.0099304191016197,23,64,D:\core-tfm\results\core_tfm_submission_full_v1\context\seed_23_train_64
anneal,tabpfn3,2,pool_only,geometric,0.75,,0.7633899038931597,0.0110292348943219,23,64,D:\core-tfm\results\core_tfm_submission_full_v1\context\seed_23_train_64
anneal,tabpfn3,2,repair_only,soft,0.75,0.03,0.7633323290708343,0.0106889350620217,23,64,D:\core-tfm\results\core_tfm_submission_full_v1\context\seed_23_train_64
anneal,tabpfn3,2,full,geometric,0.75,,0.7633899038931597,0.0110292348943219,23,64,D:\core-tfm\results\core_tfm_submission_full_v1\context\seed_23_train_64
anneal,tabpfn3,3,raw_only,j1,0.5,,0.9052668208786292,0.0081986283753674,23,64,D:\core-tfm\results\core_tfm_submission_full_v1\context\seed_23_train_64
anneal,tabpfn3,3,pool_only,geometric,1.0,,0.9052668208786292,0.0081986283753674,23,64,D:\core-tfm\results\core_tfm_submission_full_v1\context\seed_23_train_64
anneal,tabpfn3,3,repair_only,soft,1.0,0.03,0.9053692458554442,0.0079729979023165,23,64,D:\core-tfm\results\core_tfm_submission_full_v1\context\seed_23_train_64
anneal,tabpfn3,3,full,j1,0.5,,0.9052668208786292,0.0081986283753674,23,64,D:\core-tfm\results\core_tfm_submission_full_v1\context\seed_23_train_64
anneal,tabpfn3,4,raw_only,j1,0.5,,0.8090566060507302,0.0102295673955781,23,64,D:\core-tfm\results\core_tfm_submission_full_v1\context\seed_23_train_64
anneal,tabpfn3,4,pool_only,geometric,1.0,,0.8090566060507303,0.0102295673955781,23,64,D:\core-tfm\results\core_tfm_submission_full_v1\context\seed_23_train_64
anneal,tabpfn3,4,repair_only,soft,1.0,0.03,0.8094529664849831,0.0099541899900918,23,64,D:\core-tfm\results\core_tfm_submission_full_v1\context\seed_23_train_64
anneal,tabpfn3,4,full,j1,0.5,,0.8090566060507302,0.0102295673955781,23,64,D:\core-tfm\results\core_tfm_submission_full_v1\context\seed_23_train_64
anneal,tabpfn3,5,raw_only,j2,0.5,,0.6912967997298893,0.0168020868257633,23,64,D:\core-tfm\results\core_tfm_submission_full_v1\context\seed_23_train_64
anneal,tabpfn3,5,pool_only,geometric,0.0,,0.6912967997298892,0.0168020868257633,23,64,D:\core-tfm\results\core_tfm_submission_full_v1\context\seed_23_train_64
anneal,tabpfn3,5,repair_only,soft,0.0,1.0,0.6896691260261291,0.0093224181098238,23,64,D:\core-tfm\results\core_tfm_submission_full_v1\context\seed_23_train_64
anneal,tabpfn3,5,full,soft,0.0,1.0,0.6896691260261291,0.0093224181098238,23,64,D:\core-tfm\results\core_tfm_submission_full_v1\context\seed_23_train_64
anneal,catboost,1,raw_only,j1,0.5,,1.7752834228868069,0.014434374576557,23,64,D:\core-tfm\results\core_tfm_submission_full_v1\context\seed_23_train_64
anneal,catboost,1,pool_only,geometric,1.0,,1.7752834228868069,0.0144343745765571,23,64,D:\core-tfm\results\core_tfm_submission_full_v1\context\seed_23_train_64
anneal,catboost,1,repair_only,soft,1.0,0.03,1.776815968034679,0.0139988834893144,23,64,D:\core-tfm\results\core_tfm_submission_full_v1\context\seed_23_train_64
anneal,catboost,1,full,j1,0.5,,1.7752834228868069,0.014434374576557,23,64,D:\core-tfm\results\core_tfm_submission_full_v1\context\seed_23_train_64
anneal,catboost,2,raw_only,j1,0.5,,1.6848342766750606,0.0237436041146138,23,64,D:\core-tfm\results\core_tfm_submission_full_v1\context\seed_23_train_64
anneal,catboost,2,pool_only,arithmetic,0.5,,1.6921542487614647,0.0395239559134032,23,64,D:\core-tfm\results\core_tfm_submission_full_v1\context\seed_23_train_64
anneal,catboost,2,repair_only,soft,0.75,0.03,1.6860873511147672,0.0308503289184635,23,64,D:\core-tfm\results\core_tfm_submission_full_v1\context\seed_23_train_64
anneal,catboost,2,full,arithmetic,0.5,,1.6921542487614647,0.0395239559134032,23,64,D:\core-tfm\results\core_tfm_submission_full_v1\context\seed_23_train_64
anneal,catboost,3,raw_only,j1,0.5,,1.8875174742532832,0.0288784347277948,23,64,D:\core-tfm\results\core_tfm_submission_full_v1\context\seed_23_train_64
anneal,catboost,3,pool_only,geometric,1.0,,1.8875174742532832,0.0288784347277948,23,64,D:\core-tfm\results\core_tfm_submission_full_v1\context\seed_23_train_64
anneal,catboost,3,repair_only,soft,1.0,1.0,1.9273838194750488,0.0136893574719424,23,64,D:\core-tfm\results\core_tfm_submission_full_v1\context\seed_23_train_64
anneal,catboost,3,full,soft,1.0,1.0,1.9273838194750488,0.0136893574719424,23,64,D:\core-tfm\results\core_tfm_submission_full_v1\context\seed_23_train_64
anneal,catboost,4,raw_only,j2,0.5,,1.8860225568890865,0.0568428767975333,23,64,D:\core-tfm\results\core_tfm_submission_full_v1\context\seed_23_train_64
anneal,catboost,4,pool_only,geometric,0.0,,1.8860225568890865,0.0568428767975334,23,64,D:\core-tfm\results\core_tfm_submission_full_v1\context\seed_23_train_64
anneal,catboost,4,repair_only,soft,0.0,0.03,1.8817630989995244,0.055126907261544,23,64,D:\core-tfm\results\core_tfm_submission_full_v1\context\seed_23_train_64
anneal,catboost,4,full,j2,0.5,,1.8860225568890865,0.0568428767975333,23,64,D:\core-tfm\results\core_tfm_submission_full_v1\context\seed_23_train_64
anneal,catboost,5,raw_only,j1,0.5,,1.831049332417774,0.0234423825654844,23,64,D:\core-tfm\results\core_tfm_submission_full_v1\context\seed_23_train_64
anneal,catboost,5,pool_only,geometric,1.0,,1.8310493324177743,0.0234423825654845,23,64,D:\core-tfm\results\core_tfm_submission_full_v1\context\seed_23_train_64
anneal,catboost,5,repair_only,soft,1.0,0.03,1.829540436249446,0.0228244780625243,23,64,D:\core-tfm\results\core_tfm_submission_full_v1\context\seed_23_train_64
anneal,catboost,5,full,j1,0.5,,1.831049332417774,0.0234423825654844,23,64,D:\core-tfm\results\core_tfm_submission_full_v1\context\seed_23_train_64
diamonds,tabiclv2,1,raw_only,j1,0.5,,3.18394986578177,0.065839533852875,23,64,D:\core-tfm\results\core_tfm_submission_full_v1\context\seed_23_train_64
diamonds,tabiclv2,1,pool_only,geometric,0.75,,3.112681053933512,0.0673140228547653,23,64,D:\core-tfm\results\core_tfm_submission_full_v1\context\seed_23_train_64
diamonds,tabiclv2,1,repair_only,soft,1.0,10.0,3.211609387025062,0.0069235658743974,23,64,D:\core-tfm\results\core_tfm_submission_full_v1\context\seed_23_train_64
diamonds,tabiclv2,1,full,soft,1.0,10.0,3.211609387025062,0.0069235658743974,23,64,D:\core-tfm\results\core_tfm_submission_full_v1\context\seed_23_train_64
diamonds,tabiclv2,2,raw_only,j1,0.5,,2.8694302137989585,0.0354310627725956,23,64,D:\core-tfm\results\core_tfm_submission_full_v1\context\seed_23_train_64
diamonds,tabiclv2,2,pool_only,geometric,1.0,,2.8694302137989585,0.0354310627725956,23,64,D:\core-tfm\results\core_tfm_submission_full_v1\context\seed_23_train_64
diamonds,tabiclv2,2,repair_only,soft,1.0,0.03,2.869354298622972,0.0344533691772466,23,64,D:\core-tfm\results\core_tfm_submission_full_v1\context\seed_23_train_64
diamonds,tabiclv2,2,full,geometric,1.0,,2.8694302137989585,0.0354310627725956,23,64,D:\core-tfm\results\core_tfm_submission_full_v1\context\seed_23_train_64
diamonds,tabiclv2,3,raw_only,j2,0.5,,2.9036528055839472,0.0812902975779301,23,64,D:\core-tfm\results\core_tfm_submission_full_v1\context\seed_23_train_64
diamonds,tabiclv2,3,pool_only,geometric,0.0,,2.9036528055839472,0.08129029757793,23,64,D:\core-tfm\results\core_tfm_submission_full_v1\context\seed_23_train_64
diamonds,tabiclv2,3,repair_only,soft,0.0,0.03,2.9017850581768663,0.0791365720924843,23,64,D:\core-tfm\results\core_tfm_submission_full_v1\context\seed_23_train_64
diamonds,tabiclv2,3,full,j2,0.5,,2.9036528055839472,0.0812902975779301,23,64,D:\core-tfm\results\core_tfm_submission_full_v1\context\seed_23_train_64
diamonds,tabiclv2,4,raw_only,j2,0.5,,3.098211030906461,0.0955949808690247,23,64,D:\core-tfm\results\core_tfm_submission_full_v1\context\seed_23_train_64
diamonds,tabiclv2,4,pool_only,arithmetic,0.5,,3.026614518412293,0.0626155178421757,23,64,D:\core-tfm\results\core_tfm_submission_full_v1\context\seed_23_train_64
diamonds,tabiclv2,4,repair_only,soft,0.25,0.03,3.0534062456693447,0.0770372714998441,23,64,D:\core-tfm\results\core_tfm_submission_full_v1\context\seed_23_train_64
diamonds,tabiclv2,4,full,arithmetic,0.5,,3.026614518412293,0.0626155178421757,23,64,D:\core-tfm\results\core_tfm_submission_full_v1\context\seed_23_train_64
diamonds,tabiclv2,5,raw_only,j1,0.5,,3.196186433340939,0.0362858143593044,23,64,D:\core-tfm\results\core_tfm_submission_full_v1\context\seed_23_train_64
diamonds,tabiclv2,5,pool_only,arithmetic,0.5,,3.1661581302182045,0.0585191929768173,23,64,D:\core-tfm\results\core_tfm_submission_full_v1\context\seed_23_train_64
diamonds,tabiclv2,5,repair_only,soft,0.0,3.0,3.1833688270275884,0.0215689042370803,23,64,D:\core-tfm\results\core_tfm_submission_full_v1\context\seed_23_train_64
diamonds,tabiclv2,5,full,arithmetic,0.5,,3.1661581302182045,0.0585191929768173,23,64,D:\core-tfm\results\core_tfm_submission_full_v1\context\seed_23_train_64
diamonds,tabpfn3,1,raw_only,j1,0.5,,2.889555849013972,0.0335068402899493,23,64,D:\core-tfm\results\core_tfm_submission_full_v1\context\seed_23_train_64
diamonds,tabpfn3,1,pool_only,geometric,1.0,,2.889555849013973,0.0335068402899493,23,64,D:\core-tfm\results\core_tfm_submission_full_v1\context\seed_23_train_64
diamonds,tabpfn3,1,repair_only,hard,1.0,,2.8477567157909025,1.6241502926175405e-13,23,64,D:\core-tfm\results\core_tfm_submission_full_v1\context\seed_23_train_64
diamonds,tabpfn3,1,full,hard,1.0,,2.8477567157909025,1.6241502926175405e-13,23,64,D:\core-tfm\results\core_tfm_submission_full_v1\context\seed_23_train_64
diamonds,tabpfn3,2,raw_only,j1,0.5,,2.831051087532752,0.0093910810920113,23,64,D:\core-tfm\results\core_tfm_submission_full_v1\context\seed_23_train_64
diamonds,tabpfn3,2,pool_only,geometric,1.0,,2.831051087532752,0.0093910810920113,23,64,D:\core-tfm\results\core_tfm_submission_full_v1\context\seed_23_train_64
diamonds,tabpfn3,2,repair_only,hard,0.0,,2.824257266059936,5.1233276235049567e-14,23,64,D:\core-tfm\results\core_tfm_submission_full_v1\context\seed_23_train_64
diamonds,tabpfn3,2,full,hard,0.0,,2.824257266059936,5.1233276235049567e-14,23,64,D:\core-tfm\results\core_tfm_submission_full_v1\context\seed_23_train_64
diamonds,tabpfn3,3,raw_only,j1,0.5,,2.782367585920732,0.0102494945884956,23,64,D:\core-tfm\results\core_tfm_submission_full_v1\context\seed_23_train_64
diamonds,tabpfn3,3,pool_only,geometric,1.0,,2.7823675859207326,0.0102494945884957,23,64,D:\core-tfm\results\core_tfm_submission_full_v1\context\seed_23_train_64
diamonds,tabpfn3,3,repair_only,soft,1.0,0.03,2.782340094115765,0.0099530017328605,23,64,D:\core-tfm\results\core_tfm_submission_full_v1\context\seed_23_train_64
diamonds,tabpfn3,3,full,j1,0.5,,2.782367585920732,0.0102494945884956,23,64,D:\core-tfm\results\core_tfm_submission_full_v1\context\seed_23_train_64
diamonds,tabpfn3,4,raw_only,j2,0.5,,2.879926732374179,0.0436302577423232,23,64,D:\core-tfm\results\core_tfm_submission_full_v1\context\seed_23_train_64
diamonds,tabpfn3,4,pool_only,geometric,0.0,,2.87992673237418,0.0436302577423232,23,64,D:\core-tfm\results\core_tfm_submission_full_v1\context\seed_23_train_64
diamonds,tabpfn3,4,repair_only,soft,0.0,0.03,2.876748004121,0.0423650644355453,23,64,D:\core-tfm\results\core_tfm_submission_full_v1\context\seed_23_train_64
diamonds,tabpfn3,4,full,j2,0.5,,2.879926732374179,0.0436302577423232,23,64,D:\core-tfm\results\core_tfm_submission_full_v1\context\seed_23_train_64
diamonds,tabpfn3,5,raw_only,j1,0.5,,3.018524336617668,0.0154090583112171,23,64,D:\core-tfm\results\core_tfm_submission_full_v1\context\seed_23_train_64
diamonds,tabpfn3,5,pool_only,geometric,1.0,,3.018524336617668,0.0154090583112171,23,64,D:\core-tfm\results\core_tfm_submission_full_v1\context\seed_23_train_64
diamonds,tabpfn3,5,repair_only,soft,1.0,3.0,3.022824869948164,0.0040069153925228,23,64,D:\core-tfm\results\core_tfm_submission_full_v1\context\seed_23_train_64
diamonds,tabpfn3,5,full,soft,1.0,3.0,3.022824869948164,0.0040069153925228,23,64,D:\core-tfm\results\core_tfm_submission_full_v1\context\seed_23_train_64
diamonds,catboost,1,raw_only,j2,0.5,,3.055579363764064,0.039822595903408,23,64,D:\core-tfm\results\core_tfm_submission_full_v1\context\seed_23_train_64
diamonds,catboost,1,pool_only,geometric,0.0,,3.055579363764064,0.039822595903408,23,64,D:\core-tfm\results\core_tfm_submission_full_v1\context\seed_23_train_64
diamonds,catboost,1,repair_only,hard,1.0,,3.063923328914628,7.248251613712134e-13,23,64,D:\core-tfm\results\core_tfm_submission_full_v1\context\seed_23_train_64
diamonds,catboost,1,full,hard,1.0,,3.063923328914628,7.248251613712134e-13,23,64,D:\core-tfm\results\core_tfm_submission_full_v1\context\seed_23_train_64
diamonds,catboost,2,raw_only,j2,0.5,,3.1236435648440666,0.0403992832885886,23,64,D:\core-tfm\results\core_tfm_submission_full_v1\context\seed_23_train_64
diamonds,catboost,2,pool_only,geometric,0.0,,3.1236435648440666,0.0403992832885886,23,64,D:\core-tfm\results\core_tfm_submission_full_v1\context\seed_23_train_64
diamonds,catboost,2,repair_only,soft,0.0,0.03,3.122888109595188,0.0393605908842344,23,64,D:\core-tfm\results\core_tfm_submission_full_v1\context\seed_23_train_64
diamonds,catboost,2,full,j2,0.5,,3.1236435648440666,0.0403992832885886,23,64,D:\core-tfm\results\core_tfm_submission_full_v1\context\seed_23_train_64
diamonds,catboost,3,raw_only,j2,0.5,,3.060181392801148,0.038046591651716,23,64,D:\core-tfm\results\core_tfm_submission_full_v1\context\seed_23_train_64
diamonds,catboost,3,pool_only,geometric,0.0,,3.060181392801148,0.038046591651716,23,64,D:\core-tfm\results\core_tfm_submission_full_v1\context\seed_23_train_64
diamonds,catboost,3,repair_only,hard,0.0,,3.0717316138424664,1.6911413946735928e-13,23,64,D:\core-tfm\results\core_tfm_submission_full_v1\context\seed_23_train_64
diamonds,catboost,3,full,hard,0.0,,3.0717316138424664,1.6911413946735928e-13,23,64,D:\core-tfm\results\core_tfm_submission_full_v1\context\seed_23_train_64
diamonds,catboost,4,raw_only,j2,0.5,,3.115537257882256,0.0228806373901593,23,64,D:\core-tfm\results\core_tfm_submission_full_v1\context\seed_23_train_64
diamonds,catboost,4,pool_only,geometric,0.0,,3.115537257882256,0.0228806373901593,23,64,D:\core-tfm\results\core_tfm_submission_full_v1\context\seed_23_train_64
diamonds,catboost,4,repair_only,soft,0.0,0.03,3.11498720317576,0.0222396656451882,23,64,D:\core-tfm\results\core_tfm_submission_full_v1\context\seed_23_train_64
diamonds,catboost,4,full,j2,0.5,,3.115537257882256,0.0228806373901593,23,64,D:\core-tfm\results\core_tfm_submission_full_v1\context\seed_23_train_64
diamonds,catboost,5,raw_only,j1,0.5,,3.12047028029796,0.0346164919870765,23,64,D:\core-tfm\results\core_tfm_submission_full_v1\context\seed_23_train_64
diamonds,catboost,5,pool_only,geometric,0.75,,3.112303450868424,0.0339869843474582,23,64,D:\core-tfm\results\core_tfm_submission_full_v1\context\seed_23_train_64
diamonds,catboost,5,repair_only,hard,1.0,,3.120282350124381,1.0989751047119772e-12,23,64,D:\core-tfm\results\core_tfm_submission_full_v1\context\seed_23_train_64
diamonds,catboost,5,full,hard,1.0,,3.120282350124381,1.0989751047119772e-12,23,64,D:\core-tfm\results\core_tfm_submission_full_v1\context\seed_23_train_64
car,tabiclv2,1,raw_only,j1,0.5,,1.5540554423670527,0.0311811021145253,23,64,D:\core-tfm\results\core_tfm_submission_full_v1\context\seed_23_train_64
car,tabiclv2,1,pool_only,geometric,1.0,,1.554055442367053,0.0311811021145253,23,64,D:\core-tfm\results\core_tfm_submission_full_v1\context\seed_23_train_64
car,tabiclv2,1,repair_only,soft,1.0,0.3,1.5544106480898008,0.0278075112224288,23,64,D:\core-tfm\results\core_tfm_submission_full_v1\context\seed_23_train_64
car,tabiclv2,1,full,soft,1.0,0.3,1.5544106480898008,0.0278075112224288,23,64,D:\core-tfm\results\core_tfm_submission_full_v1\context\seed_23_train_64
car,tabiclv2,2,raw_only,j1,0.5,,1.604898472306029,0.0369292183791352,23,64,D:\core-tfm\results\core_tfm_submission_full_v1\context\seed_23_train_64
car,tabiclv2,2,pool_only,geometric,1.0,,1.6048984723060284,0.0369292183791353,23,64,D:\core-tfm\results\core_tfm_submission_full_v1\context\seed_23_train_64
car,tabiclv2,2,repair_only,soft,1.0,0.03,1.607156200427397,0.0364320650261196,23,64,D:\core-tfm\results\core_tfm_submission_full_v1\context\seed_23_train_64
car,tabiclv2,2,full,j1,0.5,,1.604898472306029,0.0369292183791352,23,64,D:\core-tfm\results\core_tfm_submission_full_v1\context\seed_23_train_64
car,tabiclv2,3,raw_only,j2,0.5,,1.591333363461843,0.0452286017192331,23,64,D:\core-tfm\results\core_tfm_submission_full_v1\context\seed_23_train_64
car,tabiclv2,3,pool_only,geometric,0.25,,1.5597896426602895,0.0453692349661192,23,64,D:\core-tfm\results\core_tfm_submission_full_v1\context\seed_23_train_64
car,tabiclv2,3,repair_only,hard,1.0,,1.6631394537067,1.8087747252325614e-13,23,64,D:\core-tfm\results\core_tfm_submission_full_v1\context\seed_23_train_64
car,tabiclv2,3,full,hard,1.0,,1.6631394537067,1.8087747252325614e-13,23,64,D:\core-tfm\results\core_tfm_submission_full_v1\context\seed_23_train_64
car,tabiclv2,4,raw_only,j1,0.5,,1.4839883137358822,0.0188095631989628,23,64,D:\core-tfm\results\core_tfm_submission_full_v1\context\seed_23_train_64
car,tabiclv2,4,pool_only,geometric,1.0,,1.4839883137358822,0.0188095631989628,23,64,D:\core-tfm\results\core_tfm_submission_full_v1\context\seed_23_train_64
car,tabiclv2,4,repair_only,soft,1.0,0.03,1.4838074157304837,0.0185587952171263,23,64,D:\core-tfm\results\core_tfm_submission_full_v1\context\seed_23_train_64
car,tabiclv2,4,full,j1,0.5,,1.4839883137358822,0.0188095631989628,23,64,D:\core-tfm\results\core_tfm_submission_full_v1\context\seed_23_train_64
car,tabiclv2,5,raw_only,j1,0.5,,1.829089455658929,0.0305228624131886,23,64,D:\core-tfm\results\core_tfm_submission_full_v1\context\seed_23_train_64
car,tabiclv2,5,pool_only,geometric,1.0,,1.8290894556589288,0.0305228624131886,23,64,D:\core-tfm\results\core_tfm_submission_full_v1\context\seed_23_train_64
car,tabiclv2,5,repair_only,soft,1.0,0.03,1.83099267412534,0.0302865153600905,23,64,D:\core-tfm\results\core_tfm_submission_full_v1\context\seed_23_train_64
car,tabiclv2,5,full,j1,0.5,,1.829089455658929,0.0305228624131886,23,64,D:\core-tfm\results\core_tfm_submission_full_v1\context\seed_23_train_64
car,tabpfn3,1,raw_only,j1,0.5,,1.554909331001218,0.0224822035563477,23,64,D:\core-tfm\results\core_tfm_submission_full_v1\context\seed_23_train_64
car,tabpfn3,1,pool_only,geometric,1.0,,1.554909331001218,0.0224822035563477,23,64,D:\core-tfm\results\core_tfm_submission_full_v1\context\seed_23_train_64
car,tabpfn3,1,repair_only,hard,1.0,,1.5829062556366391,3.5424951283819666e-13,23,64,D:\core-tfm\results\core_tfm_submission_full_v1\context\seed_23_train_64
car,tabpfn3,1,full,hard,1.0,,1.5829062556366391,3.5424951283819666e-13,23,64,D:\core-tfm\results\core_tfm_submission_full_v1\context\seed_23_train_64
car,tabpfn3,2,raw_only,j1,0.5,,1.6190843748637884,0.0254894572731206,23,64,D:\core-tfm\results\core_tfm_submission_full_v1\context\seed_23_train_64
car,tabpfn3,2,pool_only,geometric,1.0,,1.6190843748637884,0.0254894572731207,23,64,D:\core-tfm\results\core_tfm_submission_full_v1\context\seed_23_train_64
car,tabpfn3,2,repair_only,soft,1.0,0.03,1.6195907974043204,0.0251190831814568,23,64,D:\core-tfm\results\core_tfm_submission_full_v1\context\seed_23_train_64
car,tabpfn3,2,full,j1,0.5,,1.6190843748637884,0.0254894572731206,23,64,D:\core-tfm\results\core_tfm_submission_full_v1\context\seed_23_train_64
car,tabpfn3,3,raw_only,j1,0.5,,1.5387225659984878,0.013777430497109,23,64,D:\core-tfm\results\core_tfm_submission_full_v1\context\seed_23_train_64
car,tabpfn3,3,pool_only,geometric,0.75,,1.543740307461701,0.016642531796164,23,64,D:\core-tfm\results\core_tfm_submission_full_v1\context\seed_23_train_64
car,tabpfn3,3,repair_only,soft,0.75,1.0,1.543239843661182,0.0089007939573066,23,64,D:\core-tfm\results\core_tfm_submission_full_v1\context\seed_23_train_64
car,tabpfn3,3,full,soft,0.75,1.0,1.543239843661182,0.0089007939573066,23,64,D:\core-tfm\results\core_tfm_submission_full_v1\context\seed_23_train_64
car,tabpfn3,4,raw_only,j1,0.5,,1.5819043954266692,0.0155505926239814,23,64,D:\core-tfm\results\core_tfm_submission_full_v1\context\seed_23_train_64
car,tabpfn3,4,pool_only,geometric,1.0,,1.5819043954266692,0.0155505926239814,23,64,D:\core-tfm\results\core_tfm_submission_full_v1\context\seed_23_train_64
car,tabpfn3,4,repair_only,soft,1.0,0.03,1.5817841223152045,0.0153105304295454,23,64,D:\core-tfm\results\core_tfm_submission_full_v1\context\seed_23_train_64
car,tabpfn3,4,full,j1,0.5,,1.5819043954266692,0.0155505926239814,23,64,D:\core-tfm\results\core_tfm_submission_full_v1\context\seed_23_train_64
car,tabpfn3,5,raw_only,j1,0.5,,1.831530107333444,0.0373570826503921,23,64,D:\core-tfm\results\core_tfm_submission_full_v1\context\seed_23_train_64
car,tabpfn3,5,pool_only,geometric,1.0,,1.831530107333444,0.0373570826503921,23,64,D:\core-tfm\results\core_tfm_submission_full_v1\context\seed_23_train_64
car,tabpfn3,5,repair_only,soft,1.0,0.03,1.83249434488468,0.0371282597417292,23,64,D:\core-tfm\results\core_tfm_submission_full_v1\context\seed_23_train_64
car,tabpfn3,5,full,j1,0.5,,1.831530107333444,0.0373570826503921,23,64,D:\core-tfm\results\core_tfm_submission_full_v1\context\seed_23_train_64
car,catboost,1,raw_only,j2,0.5,,1.783537605291574,0.0306932778533413,23,64,D:\core-tfm\results\core_tfm_submission_full_v1\context\seed_23_train_64
car,catboost,1,pool_only,geometric,0.25,,1.7810321504380466,0.0301865777449098,23,64,D:\core-tfm\results\core_tfm_submission_full_v1\context\seed_23_train_64
car,catboost,1,repair_only,hard,1.0,,1.7742552861195708,5.08936046517833e-13,23,64,D:\core-tfm\results\core_tfm_submission_full_v1\context\seed_23_train_64
car,catboost,1,full,hard,1.0,,1.7742552861195708,5.08936046517833e-13,23,64,D:\core-tfm\results\core_tfm_submission_full_v1\context\seed_23_train_64
car,catboost,2,raw_only,j1,0.5,,1.8377054869302605,0.0205553500894912,23,64,D:\core-tfm\results\core_tfm_submission_full_v1\context\seed_23_train_64
car,catboost,2,pool_only,geometric,1.0,,1.8377054869302605,0.0205553500894912,23,64,D:\core-tfm\results\core_tfm_submission_full_v1\context\seed_23_train_64
car,catboost,2,repair_only,soft,1.0,0.03,1.8377705926877208,0.0201072697890247,23,64,D:\core-tfm\results\core_tfm_submission_full_v1\context\seed_23_train_64
car,catboost,2,full,j1,0.5,,1.8377054869302605,0.0205553500894912,23,64,D:\core-tfm\results\core_tfm_submission_full_v1\context\seed_23_train_64
car,catboost,3,raw_only,j1,0.5,,1.718377091419525,0.0287957948035317,23,64,D:\core-tfm\results\core_tfm_submission_full_v1\context\seed_23_train_64
car,catboost,3,pool_only,geometric,0.75,,1.716723091173434,0.0288374227008143,23,64,D:\core-tfm\results\core_tfm_submission_full_v1\context\seed_23_train_64
car,catboost,3,repair_only,soft,0.75,0.03,1.7165980025382066,0.0280822521465881,23,64,D:\core-tfm\results\core_tfm_submission_full_v1\context\seed_23_train_64
car,catboost,3,full,geometric,0.75,,1.716723091173434,0.0288374227008143,23,64,D:\core-tfm\results\core_tfm_submission_full_v1\context\seed_23_train_64
car,catboost,4,raw_only,j1,0.5,,1.7322132941819222,0.0213885799777379,23,64,D:\core-tfm\results\core_tfm_submission_full_v1\context\seed_23_train_64
car,catboost,4,pool_only,geometric,1.0,,1.7322132941819222,0.0213885799777379,23,64,D:\core-tfm\results\core_tfm_submission_full_v1\context\seed_23_train_64
car,catboost,4,repair_only,soft,1.0,0.03,1.7313695619651148,0.0208611173351321,23,64,D:\core-tfm\results\core_tfm_submission_full_v1\context\seed_23_train_64
car,catboost,4,full,j1,0.5,,1.7322132941819222,0.0213885799777379,23,64,D:\core-tfm\results\core_tfm_submission_full_v1\context\seed_23_train_64
car,catboost,5,raw_only,j1,0.5,,1.9068193292834748,0.0256905194150133,23,64,D:\core-tfm\results\core_tfm_submission_full_v1\context\seed_23_train_64
car,catboost,5,pool_only,geometric,1.0,,1.9068193292834748,0.0256905194150133,23,64,D:\core-tfm\results\core_tfm_submission_full_v1\context\seed_23_train_64
car,catboost,5,repair_only,soft,1.0,0.03,1.9068179198303348,0.0252251634856007,23,64,D:\core-tfm\results\core_tfm_submission_full_v1\context\seed_23_train_64
car,catboost,5,full,j1,0.5,,1.9068193292834748,0.0256905194150133,23,64,D:\core-tfm\results\core_tfm_submission_full_v1\context\seed_23_train_64
nursery,tabiclv2,1,raw_only,j2,0.5,,1.5097812546913956,0.0560313727981054,23,64,D:\core-tfm\results\core_tfm_submission_full_v1\context\seed_23_train_64
nursery,tabiclv2,1,pool_only,geometric,0.0,,1.5097812546913956,0.0560313727981054,23,64,D:\core-tfm\results\core_tfm_submission_full_v1\context\seed_23_train_64
nursery,tabiclv2,1,repair_only,soft,0.0,0.03,1.508522317817767,0.0556109252061043,23,64,D:\core-tfm\results\core_tfm_submission_full_v1\context\seed_23_train_64
nursery,tabiclv2,1,full,j2,0.5,,1.5097812546913956,0.0560313727981054,23,64,D:\core-tfm\results\core_tfm_submission_full_v1\context\seed_23_train_64
nursery,tabiclv2,2,raw_only,j1,0.5,,1.434757277663914,0.0611760860153033,23,64,D:\core-tfm\results\core_tfm_submission_full_v1\context\seed_23_train_64
nursery,tabiclv2,2,pool_only,geometric,0.5,,1.4255783297016282,0.0562309231205396,23,64,D:\core-tfm\results\core_tfm_submission_full_v1\context\seed_23_train_64
nursery,tabiclv2,2,repair_only,soft,0.5,0.03,1.4262801799088436,0.0557742338276094,23,64,D:\core-tfm\results\core_tfm_submission_full_v1\context\seed_23_train_64
nursery,tabiclv2,2,full,geometric,0.5,,1.4255783297016282,0.0562309231205396,23,64,D:\core-tfm\results\core_tfm_submission_full_v1\context\seed_23_train_64
nursery,tabiclv2,3,raw_only,j2,0.5,,1.5855969290947616,0.0483200160676021,23,64,D:\core-tfm\results\core_tfm_submission_full_v1\context\seed_23_train_64
nursery,tabiclv2,3,pool_only,geometric,0.0,,1.5855969290947618,0.0483200160676021,23,64,D:\core-tfm\results\core_tfm_submission_full_v1\context\seed_23_train_64
nursery,tabiclv2,3,repair_only,soft,0.0,0.03,1.5867007999662393,0.0478165939615961,23,64,D:\core-tfm\results\core_tfm_submission_full_v1\context\seed_23_train_64
nursery,tabiclv2,3,full,j2,0.5,,1.5855969290947616,0.0483200160676021,23,64,D:\core-tfm\results\core_tfm_submission_full_v1\context\seed_23_train_64
nursery,tabiclv2,4,raw_only,j2,0.5,,1.5061111781690546,0.0722824880576436,23,64,D:\core-tfm\results\core_tfm_submission_full_v1\context\seed_23_train_64
nursery,tabiclv2,4,pool_only,arithmetic,0.5,,1.427621774173785,0.0728391170829426,23,64,D:\core-tfm\results\core_tfm_submission_full_v1\context\seed_23_train_64
nursery,tabiclv2,4,repair_only,soft,0.75,3.0,1.4467666753946085,0.063706447772427,23,64,D:\core-tfm\results\core_tfm_submission_full_v1\context\seed_23_train_64
nursery,tabiclv2,4,full,soft,0.75,3.0,1.4467666753946085,0.063706447772427,23,64,D:\core-tfm\results\core_tfm_submission_full_v1\context\seed_23_train_64
nursery,tabiclv2,5,raw_only,j2,0.5,,1.7393716110073654,0.0777559213969083,23,64,D:\core-tfm\results\core_tfm_submission_full_v1\context\seed_23_train_64
nursery,tabiclv2,5,pool_only,geometric,0.0,,1.7393716110073656,0.0777559213969083,23,64,D:\core-tfm\results\core_tfm_submission_full_v1\context\seed_23_train_64
nursery,tabiclv2,5,repair_only,soft,0.0,0.1,1.7233406667653708,0.0762194052161455,23,64,D:\core-tfm\results\core_tfm_submission_full_v1\context\seed_23_train_64
nursery,tabiclv2,5,full,soft,0.0,0.1,1.7233406667653708,0.0762194052161455,23,64,D:\core-tfm\results\core_tfm_submission_full_v1\context\seed_23_train_64
nursery,tabpfn3,1,raw_only,j2,0.5,,1.487900401882833,0.0377237165369527,23,64,D:\core-tfm\results\core_tfm_submission_full_v1\context\seed_23_train_64
nursery,tabpfn3,1,pool_only,geometric,0.0,,1.487900401882833,0.0377237165369527,23,64,D:\core-tfm\results\core_tfm_submission_full_v1\context\seed_23_train_64
nursery,tabpfn3,1,repair_only,soft,1.0,30.0,1.4931029252972836,0.0159285863476447,23,64,D:\core-tfm\results\core_tfm_submission_full_v1\context\seed_23_train_64
nursery,tabpfn3,1,full,soft,1.0,30.0,1.4931029252972836,0.0159285863476447,23,64,D:\core-tfm\results\core_tfm_submission_full_v1\context\seed_23_train_64
nursery,tabpfn3,2,raw_only,j2,0.5,,1.4653526209829442,0.0112391326071957,23,64,D:\core-tfm\results\core_tfm_submission_full_v1\context\seed_23_train_64
nursery,tabpfn3,2,pool_only,geometric,0.0,,1.4653526209829442,0.0112391326071957,23,64,D:\core-tfm\results\core_tfm_submission_full_v1\context\seed_23_train_64
nursery,tabpfn3,2,repair_only,soft,1.0,10.0,1.4677189722558306,0.005834740831714,23,64,D:\core-tfm\results\core_tfm_submission_full_v1\context\seed_23_train_64
nursery,tabpfn3,2,full,soft,1.0,10.0,1.4677189722558306,0.005834740831714,23,64,D:\core-tfm\results\core_tfm_submission_full_v1\context\seed_23_train_64
nursery,tabpfn3,3,raw_only,j1,0.5,,1.5880712946114497,0.0195973083141589,23,64,D:\core-tfm\results\core_tfm_submission_full_v1\context\seed_23_train_64
nursery,tabpfn3,3,pool_only,geometric,0.5,,1.5795461649150448,0.0192170356861558,23,64,D:\core-tfm\results\core_tfm_submission_full_v1\context\seed_23_train_64
nursery,tabpfn3,3,repair_only,soft,0.0,30.0,1.580611554620809,0.0086638276915644,23,64,D:\core-tfm\results\core_tfm_submission_full_v1\context\seed_23_train_64
nursery,tabpfn3,3,full,soft,0.0,30.0,1.580611554620809,0.0086638276915644,23,64,D:\core-tfm\results\core_tfm_submission_full_v1\context\seed_23_train_64
nursery,tabpfn3,4,raw_only,j1,0.5,,1.442969301321169,0.0519373565645735,23,64,D:\core-tfm\results\core_tfm_submission_full_v1\context\seed_23_train_64
nursery,tabpfn3,4,pool_only,arithmetic,0.5,,1.4481498140015645,0.0539540502807019,23,64,D:\core-tfm\results\core_tfm_submission_full_v1\context\seed_23_train_64
nursery,tabpfn3,4,repair_only,soft,1.0,1.0,1.4496268396282763,0.0494838838316011,23,64,D:\core-tfm\results\core_tfm_submission_full_v1\context\seed_23_train_64
nursery,tabpfn3,4,full,soft,1.0,1.0,1.4496268396282763,0.0494838838316011,23,64,D:\core-tfm\results\core_tfm_submission_full_v1\context\seed_23_train_64
nursery,tabpfn3,5,raw_only,j1,0.5,,1.5158131181794487,0.0415338729503492,23,64,D:\core-tfm\results\core_tfm_submission_full_v1\context\seed_23_train_64
nursery,tabpfn3,5,pool_only,geometric,1.0,,1.515813118179449,0.0415338729503492,23,64,D:\core-tfm\results\core_tfm_submission_full_v1\context\seed_23_train_64
nursery,tabpfn3,5,repair_only,soft,1.0,0.1,1.5146015712138428,0.0408716135430278,23,64,D:\core-tfm\results\core_tfm_submission_full_v1\context\seed_23_train_64
nursery,tabpfn3,5,full,soft,1.0,0.1,1.5146015712138428,0.0408716135430278,23,64,D:\core-tfm\results\core_tfm_submission_full_v1\context\seed_23_train_64
nursery,catboost,1,raw_only,j1,0.5,,1.6819622471869309,0.0473544910389729,23,64,D:\core-tfm\results\core_tfm_submission_full_v1\context\seed_23_train_64
nursery,catboost,1,pool_only,geometric,1.0,,1.6819622471869309,0.047354491038973,23,64,D:\core-tfm\results\core_tfm_submission_full_v1\context\seed_23_train_64
nursery,catboost,1,repair_only,soft,1.0,0.03,1.6829840457227987,0.0466969490345755,23,64,D:\core-tfm\results\core_tfm_submission_full_v1\context\seed_23_train_64
nursery,catboost,1,full,j1,0.5,,1.6819622471869309,0.0473544910389729,23,64,D:\core-tfm\results\core_tfm_submission_full_v1\context\seed_23_train_64
nursery,catboost,2,raw_only,j1,0.5,,1.6662620097155496,0.0371177934355978,23,64,D:\core-tfm\results\core_tfm_submission_full_v1\context\seed_23_train_64
nursery,catboost,2,pool_only,geometric,1.0,,1.6662620097155496,0.0371177934355978,23,64,D:\core-tfm\results\core_tfm_submission_full_v1\context\seed_23_train_64
nursery,catboost,2,repair_only,soft,1.0,0.03,1.665633402660216,0.0365388443293835,23,64,D:\core-tfm\results\core_tfm_submission_full_v1\context\seed_23_train_64
nursery,catboost,2,full,j1,0.5,,1.6662620097155496,0.0371177934355978,23,64,D:\core-tfm\results\core_tfm_submission_full_v1\context\seed_23_train_64
nursery,catboost,3,raw_only,j1,0.5,,1.7169328446446783,0.0402141742023232,23,64,D:\core-tfm\results\core_tfm_submission_full_v1\context\seed_23_train_64
nursery,catboost,3,pool_only,geometric,0.75,,1.7229471478296614,0.0392653552490248,23,64,D:\core-tfm\results\core_tfm_submission_full_v1\context\seed_23_train_64
nursery,catboost,3,repair_only,soft,0.75,0.03,1.7236011236819453,0.0385833965973278,23,64,D:\core-tfm\results\core_tfm_submission_full_v1\context\seed_23_train_64
nursery,catboost,3,full,geometric,0.75,,1.7229471478296614,0.0392653552490248,23,64,D:\core-tfm\results\core_tfm_submission_full_v1\context\seed_23_train_64
nursery,catboost,4,raw_only,j1,0.5,,1.692888159901491,0.0477161651054367,23,64,D:\core-tfm\results\core_tfm_submission_full_v1\context\seed_23_train_64
nursery,catboost,4,pool_only,geometric,1.0,,1.692888159901491,0.0477161651054367,23,64,D:\core-tfm\results\core_tfm_submission_full_v1\context\seed_23_train_64
nursery,catboost,4,repair_only,soft,1.0,0.03,1.691251630452277,0.0473179389702659,23,64,D:\core-tfm\results\core_tfm_submission_full_v1\context\seed_23_train_64
nursery,catboost,4,full,soft,1.0,0.03,1.691251630452277,0.0473179389702659,23,64,D:\core-tfm\results\core_tfm_submission_full_v1\context\seed_23_train_64
nursery,catboost,5,raw_only,j1,0.5,,1.7427928389733085,0.0510414964457647,23,64,D:\core-tfm\results\core_tfm_submission_full_v1\context\seed_23_train_64
nursery,catboost,5,pool_only,geometric,1.0,,1.7427928389733085,0.0510414964457647,23,64,D:\core-tfm\results\core_tfm_submission_full_v1\context\seed_23_train_64
nursery,catboost,5,repair_only,soft,1.0,0.03,1.7427199074532242,0.0503732995019267,23,64,D:\core-tfm\results\core_tfm_submission_full_v1\context\seed_23_train_64
nursery,catboost,5,full,j1,0.5,,1.7427928389733085,0.0510414964457647,23,64,D:\core-tfm\results\core_tfm_submission_full_v1\context\seed_23_train_64
wine,tabiclv2,1,raw_only,j2,0.5,,1.3389748786740805,0.0062657857036695,23,64,D:\core-tfm\results\core_tfm_submission_full_v1\context\seed_23_train_64
wine,tabiclv2,1,pool_only,geometric,0.0,,1.3389748786740805,0.0062657857036695,23,64,D:\core-tfm\results\core_tfm_submission_full_v1\context\seed_23_train_64
wine,tabiclv2,1,repair_only,soft,0.0,1.0,1.3325699111537694,0.0048339443292956,23,64,D:\core-tfm\results\core_tfm_submission_full_v1\context\seed_23_train_64
wine,tabiclv2,1,full,soft,0.0,1.0,1.3325699111537694,0.0048339443292956,23,64,D:\core-tfm\results\core_tfm_submission_full_v1\context\seed_23_train_64
wine,tabiclv2,2,raw_only,j1,0.5,,1.2840650574552877,0.0366375784361306,23,64,D:\core-tfm\results\core_tfm_submission_full_v1\context\seed_23_train_64
wine,tabiclv2,2,pool_only,geometric,1.0,,1.2840650574552877,0.0366375784361306,23,64,D:\core-tfm\results\core_tfm_submission_full_v1\context\seed_23_train_64
wine,tabiclv2,2,repair_only,soft,1.0,0.03,1.2837679055180724,0.0356661694230381,23,64,D:\core-tfm\results\core_tfm_submission_full_v1\context\seed_23_train_64
wine,tabiclv2,2,full,j1,0.5,,1.2840650574552877,0.0366375784361306,23,64,D:\core-tfm\results\core_tfm_submission_full_v1\context\seed_23_train_64
wine,tabiclv2,3,raw_only,j2,0.5,,1.355330118091734,0.0031340998185741,23,64,D:\core-tfm\results\core_tfm_submission_full_v1\context\seed_23_train_64
wine,tabiclv2,3,pool_only,geometric,0.0,,1.355330118091734,0.0031340998185741,23,64,D:\core-tfm\results\core_tfm_submission_full_v1\context\seed_23_train_64
wine,tabiclv2,3,repair_only,soft,0.0,0.03,1.3554592031448278,0.0030953778234154,23,64,D:\core-tfm\results\core_tfm_submission_full_v1\context\seed_23_train_64
wine,tabiclv2,3,full,j2,0.5,,1.355330118091734,0.0031340998185741,23,64,D:\core-tfm\results\core_tfm_submission_full_v1\context\seed_23_train_64
wine,tabiclv2,4,raw_only,j2,0.5,,1.284946895346462,0.0103698198715959,23,64,D:\core-tfm\results\core_tfm_submission_full_v1\context\seed_23_train_64
wine,tabiclv2,4,pool_only,geometric,0.25,,1.2728680832453982,0.0184258511885984,23,64,D:\core-tfm\results\core_tfm_submission_full_v1\context\seed_23_train_64
wine,tabiclv2,4,repair_only,soft,0.0,1.0,1.29268438704882,0.0086307629877902,23,64,D:\core-tfm\results\core_tfm_submission_full_v1\context\seed_23_train_64
wine,tabiclv2,4,full,soft,0.0,1.0,1.29268438704882,0.0086307629877902,23,64,D:\core-tfm\results\core_tfm_submission_full_v1\context\seed_23_train_64
wine,tabiclv2,5,raw_only,j1,0.5,,1.305961088984401,0.0510374460352593,23,64,D:\core-tfm\results\core_tfm_submission_full_v1\context\seed_23_train_64
wine,tabiclv2,5,pool_only,geometric,1.0,,1.305961088984401,0.0510374460352593,23,64,D:\core-tfm\results\core_tfm_submission_full_v1\context\seed_23_train_64
wine,tabiclv2,5,repair_only,soft,1.0,0.03,1.308626242404514,0.0496092748757945,23,64,D:\core-tfm\results\core_tfm_submission_full_v1\context\seed_23_train_64
wine,tabiclv2,5,full,j1,0.5,,1.305961088984401,0.0510374460352593,23,64,D:\core-tfm\results\core_tfm_submission_full_v1\context\seed_23_train_64
wine,tabpfn3,1,raw_only,j1,0.5,,1.2831793537198235,0.0279965201966073,23,64,D:\core-tfm\results\core_tfm_submission_full_v1\context\seed_23_train_64
wine,tabpfn3,1,pool_only,geometric,0.5,,1.2922162447134902,0.0165716312018576,23,64,D:\core-tfm\results\core_tfm_submission_full_v1\context\seed_23_train_64
wine,tabpfn3,1,repair_only,soft,0.5,0.03,1.2926046690591546,0.0161753561397171,23,64,D:\core-tfm\results\core_tfm_submission_full_v1\context\seed_23_train_64
wine,tabpfn3,1,full,geometric,0.5,,1.2922162447134902,0.0165716312018576,23,64,D:\core-tfm\results\core_tfm_submission_full_v1\context\seed_23_train_64
wine,tabpfn3,2,raw_only,j1,0.5,,1.2974078938233111,0.0243393267056717,23,64,D:\core-tfm\results\core_tfm_submission_full_v1\context\seed_23_train_64
wine,tabpfn3,2,pool_only,geometric,1.0,,1.2974078938233111,0.0243393267056717,23,64,D:\core-tfm\results\core_tfm_submission_full_v1\context\seed_23_train_64
wine,tabpfn3,2,repair_only,soft,1.0,0.03,1.2966957819533462,0.0237277981874341,23,64,D:\core-tfm\results\core_tfm_submission_full_v1\context\seed_23_train_64
wine,tabpfn3,2,full,j1,0.5,,1.2974078938233111,0.0243393267056717,23,64,D:\core-tfm\results\core_tfm_submission_full_v1\context\seed_23_train_64
wine,tabpfn3,3,raw_only,j2,0.5,,1.2642005861957837,0.003019415626747,23,64,D:\core-tfm\results\core_tfm_submission_full_v1\context\seed_23_train_64
wine,tabpfn3,3,pool_only,geometric,0.25,,1.2536356320513784,0.0104833881206701,23,64,D:\core-tfm\results\core_tfm_submission_full_v1\context\seed_23_train_64
wine,tabpfn3,3,repair_only,soft,0.25,0.03,1.253978775431249,0.0102085213796844,23,64,D:\core-tfm\results\core_tfm_submission_full_v1\context\seed_23_train_64
wine,tabpfn3,3,full,geometric,0.25,,1.2536356320513784,0.0104833881206701,23,64,D:\core-tfm\results\core_tfm_submission_full_v1\context\seed_23_train_64
wine,tabpfn3,4,raw_only,j1,0.5,,1.1357756788761533,0.0548861482967934,23,64,D:\core-tfm\results\core_tfm_submission_full_v1\context\seed_23_train_64
wine,tabpfn3,4,pool_only,geometric,1.0,,1.1357756788761533,0.0548861482967934,23,64,D:\core-tfm\results\core_tfm_submission_full_v1\context\seed_23_train_64
wine,tabpfn3,4,repair_only,soft,1.0,0.03,1.135692239698744,0.0536458730303249,23,64,D:\core-tfm\results\core_tfm_submission_full_v1\context\seed_23_train_64
wine,tabpfn3,4,full,j1,0.5,,1.1357756788761533,0.0548861482967934,23,64,D:\core-tfm\results\core_tfm_submission_full_v1\context\seed_23_train_64
wine,tabpfn3,5,raw_only,j1,0.5,,1.2579161406256836,0.0624819383838067,23,64,D:\core-tfm\results\core_tfm_submission_full_v1\context\seed_23_train_64
wine,tabpfn3,5,pool_only,geometric,1.0,,1.2579161406256836,0.0624819383838067,23,64,D:\core-tfm\results\core_tfm_submission_full_v1\context\seed_23_train_64
wine,tabpfn3,5,repair_only,soft,1.0,0.03,1.2607613378487117,0.0611983990230357,23,64,D:\core-tfm\results\core_tfm_submission_full_v1\context\seed_23_train_64
wine,tabpfn3,5,full,j1,0.5,,1.2579161406256836,0.0624819383838067,23,64,D:\core-tfm\results\core_tfm_submission_full_v1\context\seed_23_train_64
wine,catboost,1,raw_only,j1,0.5,,1.6198876699090643,0.0293787951946566,23,64,D:\core-tfm\results\core_tfm_submission_full_v1\context\seed_23_train_64
wine,catboost,1,pool_only,geometric,0.75,,1.6315561681421216,0.0239711885963822,23,64,D:\core-tfm\results\core_tfm_submission_full_v1\context\seed_23_train_64
wine,catboost,1,repair_only,hard,1.0,,1.6491947564936011,4.181717228350299e-13,23,64,D:\core-tfm\results\core_tfm_submission_full_v1\context\seed_23_train_64
wine,catboost,1,full,hard,1.0,,1.6491947564936011,4.181717228350299e-13,23,64,D:\core-tfm\results\core_tfm_submission_full_v1\context\seed_23_train_64
wine,catboost,2,raw_only,j1,0.5,,1.6357251610866357,0.0238194224411546,23,64,D:\core-tfm\results\core_tfm_submission_full_v1\context\seed_23_train_64
wine,catboost,2,pool_only,geometric,1.0,,1.6357251610866357,0.0238194224411546,23,64,D:\core-tfm\results\core_tfm_submission_full_v1\context\seed_23_train_64
wine,catboost,2,repair_only,hard,1.0,,1.6197876799460844,4.913872992317811e-13,23,64,D:\core-tfm\results\core_tfm_submission_full_v1\context\seed_23_train_64
wine,catboost,2,full,hard,1.0,,1.6197876799460844,4.913872992317811e-13,23,64,D:\core-tfm\results\core_tfm_submission_full_v1\context\seed_23_train_64
wine,catboost,3,raw_only,j1,0.5,,1.6179447374017812,0.0229448135112342,23,64,D:\core-tfm\results\core_tfm_submission_full_v1\context\seed_23_train_64
wine,catboost,3,pool_only,geometric,1.0,,1.6179447374017812,0.0229448135112342,23,64,D:\core-tfm\results\core_tfm_submission_full_v1\context\seed_23_train_64
wine,catboost,3,repair_only,soft,1.0,0.03,1.618611592600525,0.022321561241574,23,64,D:\core-tfm\results\core_tfm_submission_full_v1\context\seed_23_train_64
wine,catboost,3,full,j1,0.5,,1.6179447374017812,0.0229448135112342,23,64,D:\core-tfm\results\core_tfm_submission_full_v1\context\seed_23_train_64
wine,catboost,4,raw_only,j1,0.5,,1.5762842689033243,0.023357543412614,23,64,D:\core-tfm\results\core_tfm_submission_full_v1\context\seed_23_train_64
wine,catboost,4,pool_only,geometric,1.0,,1.5762842689033243,0.023357543412614,23,64,D:\core-tfm\results\core_tfm_submission_full_v1\context\seed_23_train_64
wine,catboost,4,repair_only,soft,1.0,0.03,1.5764434170098791,0.0227246398589556,23,64,D:\core-tfm\results\core_tfm_submission_full_v1\context\seed_23_train_64
wine,catboost,4,full,j1,0.5,,1.5762842689033243,0.023357543412614,23,64,D:\core-tfm\results\core_tfm_submission_full_v1\context\seed_23_train_64
wine,catboost,5,raw_only,j1,0.5,,1.687685202738398,0.0229797384773636,23,64,D:\core-tfm\results\core_tfm_submission_full_v1\context\seed_23_train_64
wine,catboost,5,pool_only,geometric,1.0,,1.687685202738398,0.0229797384773636,23,64,D:\core-tfm\results\core_tfm_submission_full_v1\context\seed_23_train_64
wine,catboost,5,repair_only,hard,1.0,,1.711017740633176,7.02420435184925e-14,23,64,D:\core-tfm\results\core_tfm_submission_full_v1\context\seed_23_train_64
wine,catboost,5,full,hard,1.0,,1.711017740633176,7.02420435184925e-14,23,64,D:\core-tfm\results\core_tfm_submission_full_v1\context\seed_23_train_64
credit,tabiclv2,1,raw_only,j1,0.5,,1.978377965611237,0.0252016675351646,23,64,D:\core-tfm\results\core_tfm_submission_full_v1\context\seed_23_train_64
credit,tabiclv2,1,pool_only,arithmetic,0.5,,1.972433653048619,0.0301896119673367,23,64,D:\core-tfm\results\core_tfm_submission_full_v1\context\seed_23_train_64
credit,tabiclv2,1,repair_only,soft,0.5,0.03,1.979366763104448,0.0292850514594058,23,64,D:\core-tfm\results\core_tfm_submission_full_v1\context\seed_23_train_64
credit,tabiclv2,1,full,arithmetic,0.5,,1.972433653048619,0.0301896119673367,23,64,D:\core-tfm\results\core_tfm_submission_full_v1\context\seed_23_train_64
credit,tabiclv2,2,raw_only,j2,0.5,,1.92047110213982,0.041517224856649,23,64,D:\core-tfm\results\core_tfm_submission_full_v1\context\seed_23_train_64
credit,tabiclv2,2,pool_only,geometric,0.0,,1.92047110213982,0.041517224856649,23,64,D:\core-tfm\results\core_tfm_submission_full_v1\context\seed_23_train_64
credit,tabiclv2,2,repair_only,soft,0.0,0.03,1.918233197184875,0.0406663688151097,23,64,D:\core-tfm\results\core_tfm_submission_full_v1\context\seed_23_train_64
credit,tabiclv2,2,full,j2,0.5,,1.92047110213982,0.041517224856649,23,64,D:\core-tfm\results\core_tfm_submission_full_v1\context\seed_23_train_64
credit,tabiclv2,3,raw_only,j2,0.5,,2.356236686693506,0.0328576201586026,23,64,D:\core-tfm\results\core_tfm_submission_full_v1\context\seed_23_train_64
credit,tabiclv2,3,pool_only,geometric,0.0,,2.356236686693506,0.0328576201586026,23,64,D:\core-tfm\results\core_tfm_submission_full_v1\context\seed_23_train_64
credit,tabiclv2,3,repair_only,soft,0.0,0.03,2.355324467039118,0.0319223767127217,23,64,D:\core-tfm\results\core_tfm_submission_full_v1\context\seed_23_train_64
credit,tabiclv2,3,full,j2,0.5,,2.356236686693506,0.0328576201586026,23,64,D:\core-tfm\results\core_tfm_submission_full_v1\context\seed_23_train_64
credit,tabiclv2,4,raw_only,j1,0.5,,1.938302234165592,0.0305722158494163,23,64,D:\core-tfm\results\core_tfm_submission_full_v1\context\seed_23_train_64
credit,tabiclv2,4,pool_only,geometric,1.0,,1.938302234165592,0.0305722158494163,23,64,D:\core-tfm\results\core_tfm_submission_full_v1\context\seed_23_train_64
credit,tabiclv2,4,repair_only,soft,1.0,0.03,1.9392283430877435,0.029995104248525,23,64,D:\core-tfm\results\core_tfm_submission_full_v1\context\seed_23_train_64
credit,tabiclv2,4,full,j1,0.5,,1.938302234165592,0.0305722158494163,23,64,D:\core-tfm\results\core_tfm_submission_full_v1\context\seed_23_train_64
credit,tabiclv2,5,raw_only,j2,0.5,,2.1222588347535165,0.0484716519556548,23,64,D:\core-tfm\results\core_tfm_submission_full_v1\context\seed_23_train_64
credit,tabiclv2,5,pool_only,geometric,0.0,,2.1222588347535165,0.0484716519556548,23,64,D:\core-tfm\results\core_tfm_submission_full_v1\context\seed_23_train_64
credit,tabiclv2,5,repair_only,soft,0.0,0.03,2.125041458676858,0.0473491465575915,23,64,D:\core-tfm\results\core_tfm_submission_full_v1\context\seed_23_train_64
credit,tabiclv2,5,full,j2,0.5,,2.1222588347535165,0.0484716519556548,23,64,D:\core-tfm\results\core_tfm_submission_full_v1\context\seed_23_train_64
credit,tabpfn3,1,raw_only,j1,0.5,,1.8939615249547048,0.0143652943059084,23,64,D:\core-tfm\results\core_tfm_submission_full_v1\context\seed_23_train_64
credit,tabpfn3,1,pool_only,geometric,1.0,,1.8939615249547048,0.0143652943059084,23,64,D:\core-tfm\results\core_tfm_submission_full_v1\context\seed_23_train_64
credit,tabpfn3,1,repair_only,soft,1.0,0.03,1.8939389023990407,0.0139973177367308,23,64,D:\core-tfm\results\core_tfm_submission_full_v1\context\seed_23_train_64
credit,tabpfn3,1,full,j1,0.5,,1.8939615249547048,0.0143652943059084,23,64,D:\core-tfm\results\core_tfm_submission_full_v1\context\seed_23_train_64
credit,tabpfn3,2,raw_only,j1,0.5,,1.8296442238068635,0.0179691044609255,23,64,D:\core-tfm\results\core_tfm_submission_full_v1\context\seed_23_train_64
credit,tabpfn3,2,pool_only,geometric,1.0,,1.829644223806864,0.0179691044609255,23,64,D:\core-tfm\results\core_tfm_submission_full_v1\context\seed_23_train_64
credit,tabpfn3,2,repair_only,soft,1.0,0.03,1.8291931120777305,0.0177221850670138,23,64,D:\core-tfm\results\core_tfm_submission_full_v1\context\seed_23_train_64
credit,tabpfn3,2,full,j1,0.5,,1.8296442238068635,0.0179691044609255,23,64,D:\core-tfm\results\core_tfm_submission_full_v1\context\seed_23_train_64
credit,tabpfn3,3,raw_only,j2,0.5,,1.911199081564244,0.0076762131873496,23,64,D:\core-tfm\results\core_tfm_submission_full_v1\context\seed_23_train_64
credit,tabpfn3,3,pool_only,geometric,0.0,,1.911199081564244,0.0076762131873496,23,64,D:\core-tfm\results\core_tfm_submission_full_v1\context\seed_23_train_64
credit,tabpfn3,3,repair_only,hard,1.0,,1.9106282231042333,9.354550554313557e-15,23,64,D:\core-tfm\results\core_tfm_submission_full_v1\context\seed_23_train_64
credit,tabpfn3,3,full,hard,1.0,,1.9106282231042333,9.354550554313557e-15,23,64,D:\core-tfm\results\core_tfm_submission_full_v1\context\seed_23_train_64
credit,tabpfn3,4,raw_only,j2,0.5,,1.7945222503193432,0.0199332628913262,23,64,D:\core-tfm\results\core_tfm_submission_full_v1\context\seed_23_train_64
credit,tabpfn3,4,pool_only,geometric,0.0,,1.7945222503193432,0.0199332628913262,23,64,D:\core-tfm\results\core_tfm_submission_full_v1\context\seed_23_train_64
credit,tabpfn3,4,repair_only,soft,0.0,0.03,1.794084732814139,0.0195276524362522,23,64,D:\core-tfm\results\core_tfm_submission_full_v1\context\seed_23_train_64
credit,tabpfn3,4,full,geometric,0.0,,1.7945222503193432,0.0199332628913262,23,64,D:\core-tfm\results\core_tfm_submission_full_v1\context\seed_23_train_64
credit,tabpfn3,5,raw_only,j1,0.5,,1.834181425035696,0.0227575427981441,23,64,D:\core-tfm\results\core_tfm_submission_full_v1\context\seed_23_train_64
credit,tabpfn3,5,pool_only,geometric,1.0,,1.834181425035696,0.0227575427981441,23,64,D:\core-tfm\results\core_tfm_submission_full_v1\context\seed_23_train_64
credit,tabpfn3,5,repair_only,hard,1.0,,1.8342096956154912,5.45068791534334e-13,23,64,D:\core-tfm\results\core_tfm_submission_full_v1\context\seed_23_train_64
credit,tabpfn3,5,full,hard,1.0,,1.8342096956154912,5.45068791534334e-13,23,64,D:\core-tfm\results\core_tfm_submission_full_v1\context\seed_23_train_64
credit,catboost,1,raw_only,j1,0.5,,1.9226546990914115,0.014201049409459,23,64,D:\core-tfm\results\core_tfm_submission_full_v1\context\seed_23_train_64
credit,catboost,1,pool_only,geometric,0.75,,1.9151159006207696,0.0163388976172984,23,64,D:\core-tfm\results\core_tfm_submission_full_v1\context\seed_23_train_64
credit,catboost,1,repair_only,soft,0.75,0.03,1.9144527085614391,0.0158804480641998,23,64,D:\core-tfm\results\core_tfm_submission_full_v1\context\seed_23_train_64
credit,catboost,1,full,geometric,0.75,,1.9151159006207696,0.0163388976172984,23,64,D:\core-tfm\results\core_tfm_submission_full_v1\context\seed_23_train_64
credit,catboost,2,raw_only,j1,0.5,,1.8072087389647016,0.0180636614809275,23,64,D:\core-tfm\results\core_tfm_submission_full_v1\context\seed_23_train_64
credit,catboost,2,pool_only,geometric,1.0,,1.8072087389647016,0.0180636614809275,23,64,D:\core-tfm\results\core_tfm_submission_full_v1\context\seed_23_train_64
credit,catboost,2,repair_only,hard,1.0,,1.8308276400688623,2.601491071174689e-13,23,64,D:\core-tfm\results\core_tfm_submission_full_v1\context\seed_23_train_64
credit,catboost,2,full,hard,1.0,,1.8308276400688623,2.601491071174689e-13,23,64,D:\core-tfm\results\core_tfm_submission_full_v1\context\seed_23_train_64
credit,catboost,3,raw_only,j2,0.5,,1.8822454947930896,0.0313100341294402,23,64,D:\core-tfm\results\core_tfm_submission_full_v1\context\seed_23_train_64
credit,catboost,3,pool_only,geometric,0.5,,1.8908959833572485,0.0249332929152,23,64,D:\core-tfm\results\core_tfm_submission_full_v1\context\seed_23_train_64
credit,catboost,3,repair_only,hard,0.0,,1.9072361114620464,3.3295518035367243e-13,23,64,D:\core-tfm\results\core_tfm_submission_full_v1\context\seed_23_train_64
credit,catboost,3,full,hard,0.0,,1.9072361114620464,3.3295518035367243e-13,23,64,D:\core-tfm\results\core_tfm_submission_full_v1\context\seed_23_train_64
credit,catboost,4,raw_only,j1,0.5,,1.746908693568244,0.0221238119782401,23,64,D:\core-tfm\results\core_tfm_submission_full_v1\context\seed_23_train_64
credit,catboost,4,pool_only,geometric,1.0,,1.746908693568244,0.0221238119782401,23,64,D:\core-tfm\results\core_tfm_submission_full_v1\context\seed_23_train_64
credit,catboost,4,repair_only,soft,1.0,0.03,1.7466948374984557,0.0216824616443552,23,64,D:\core-tfm\results\core_tfm_submission_full_v1\context\seed_23_train_64
credit,catboost,4,full,j1,0.5,,1.746908693568244,0.0221238119782401,23,64,D:\core-tfm\results\core_tfm_submission_full_v1\context\seed_23_train_64
credit,catboost,5,raw_only,j2,0.5,,1.81771791844934,0.0291584833733979,23,64,D:\core-tfm\results\core_tfm_submission_full_v1\context\seed_23_train_64
credit,catboost,5,pool_only,geometric,0.0,,1.81771791844934,0.0291584833733979,23,64,D:\core-tfm\results\core_tfm_submission_full_v1\context\seed_23_train_64
credit,catboost,5,repair_only,soft,0.0,0.03,1.817687367604232,0.0283546147952294,23,64,D:\core-tfm\results\core_tfm_submission_full_v1\context\seed_23_train_64
credit,catboost,5,full,j2,0.5,,1.81771791844934,0.0291584833733979,23,64,D:\core-tfm\results\core_tfm_submission_full_v1\context\seed_23_train_64
mic,tabiclv2,1,raw_only,j2,0.5,,1.392214265573862,0.0396282533503099,23,64,D:\core-tfm\results\core_tfm_submission_full_v1\context\seed_23_train_64
mic,tabiclv2,1,pool_only,geometric,0.0,,1.392214265573862,0.0396282533503099,23,64,D:\core-tfm\results\core_tfm_submission_full_v1\context\seed_23_train_64
mic,tabiclv2,1,repair_only,soft,0.0,0.03,1.3899431300445857,0.038614997418431,23,64,D:\core-tfm\results\core_tfm_submission_full_v1\context\seed_23_train_64
mic,tabiclv2,1,full,j2,0.5,,1.392214265573862,0.0396282533503099,23,64,D:\core-tfm\results\core_tfm_submission_full_v1\context\seed_23_train_64
mic,tabiclv2,2,raw_only,j2,0.5,,1.2082305787890912,0.0176704929396999,23,64,D:\core-tfm\results\core_tfm_submission_full_v1\context\seed_23_train_64
mic,tabiclv2,2,pool_only,geometric,0.0,,1.2082305787890912,0.0176704929396999,23,64,D:\core-tfm\results\core_tfm_submission_full_v1\context\seed_23_train_64
mic,tabiclv2,2,repair_only,hard,1.0,,1.2062977976055516,8.193926782337813e-14,23,64,D:\core-tfm\results\core_tfm_submission_full_v1\context\seed_23_train_64
mic,tabiclv2,2,full,hard,1.0,,1.2062977976055516,8.193926782337813e-14,23,64,D:\core-tfm\results\core_tfm_submission_full_v1\context\seed_23_train_64
mic,tabiclv2,3,raw_only,j2,0.5,,1.155011591007198,0.0360838876933133,23,64,D:\core-tfm\results\core_tfm_submission_full_v1\context\seed_23_train_64
mic,tabiclv2,3,pool_only,geometric,0.25,,1.1501700246568736,0.0320835862192566,23,64,D:\core-tfm\results\core_tfm_submission_full_v1\context\seed_23_train_64
mic,tabiclv2,3,repair_only,soft,0.25,0.03,1.1498895558616202,0.0311352186282163,23,64,D:\core-tfm\results\core_tfm_submission_full_v1\context\seed_23_train_64
mic,tabiclv2,3,full,geometric,0.25,,1.1501700246568736,0.0320835862192566,23,64,D:\core-tfm\results\core_tfm_submission_full_v1\context\seed_23_train_64
mic,tabiclv2,4,raw_only,j2,0.5,,1.1472653355318192,0.0303183738521865,23,64,D:\core-tfm\results\core_tfm_submission_full_v1\context\seed_23_train_64
mic,tabiclv2,4,pool_only,geometric,0.0,,1.1472653355318192,0.0303183738521865,23,64,D:\core-tfm\results\core_tfm_submission_full_v1\context\seed_23_train_64
mic,tabiclv2,4,repair_only,soft,0.0,0.1,1.1462017036180536,0.0276144760471188,23,64,D:\core-tfm\results\core_tfm_submission_full_v1\context\seed_23_train_64
mic,tabiclv2,4,full,soft,0.0,0.1,1.1462017036180536,0.0276144760471188,23,64,D:\core-tfm\results\core_tfm_submission_full_v1\context\seed_23_train_64
mic,tabiclv2,5,raw_only,j1,0.5,,1.2133467180275312,0.0329115623799989,23,64,D:\core-tfm\results\core_tfm_submission_full_v1\context\seed_23_train_64
mic,tabiclv2,5,pool_only,geometric,0.75,,1.2071848726442862,0.0340650696207478,23,64,D:\core-tfm\results\core_tfm_submission_full_v1\context\seed_23_train_64
mic,tabiclv2,5,repair_only,soft,0.75,0.03,1.2060073602114851,0.0330818621968579,23,64,D:\core-tfm\results\core_tfm_submission_full_v1\context\seed_23_train_64
mic,tabiclv2,5,full,geometric,0.75,,1.2071848726442862,0.0340650696207478,23,64,D:\core-tfm\results\core_tfm_submission_full_v1\context\seed_23_train_64
mic,tabpfn3,1,raw_only,j1,0.5,,1.2427265468415074,0.0080202032774819,23,64,D:\core-tfm\results\core_tfm_submission_full_v1\context\seed_23_train_64
mic,tabpfn3,1,pool_only,geometric,0.75,,1.2410409918628256,0.0073124663401979,23,64,D:\core-tfm\results\core_tfm_submission_full_v1\context\seed_23_train_64
mic,tabpfn3,1,repair_only,hard,1.0,,1.2403557582605012,1.008528928298229e-12,23,64,D:\core-tfm\results\core_tfm_submission_full_v1\context\seed_23_train_64
mic,tabpfn3,1,full,hard,1.0,,1.2403557582605012,1.008528928298229e-12,23,64,D:\core-tfm\results\core_tfm_submission_full_v1\context\seed_23_train_64
mic,tabpfn3,2,raw_only,j2,0.5,,1.1652675359055178,0.0267815069062906,23,64,D:\core-tfm\results\core_tfm_submission_full_v1\context\seed_23_train_64
mic,tabpfn3,2,pool_only,geometric,0.0,,1.165267535905518,0.0267815069062906,23,64,D:\core-tfm\results\core_tfm_submission_full_v1\context\seed_23_train_64
mic,tabpfn3,2,repair_only,soft,0.0,0.03,1.1644422861073078,0.0260537489687025,23,64,D:\core-tfm\results\core_tfm_submission_full_v1\context\seed_23_train_64
mic,tabpfn3,2,full,j2,0.5,,1.1652675359055178,0.0267815069062906,23,64,D:\core-tfm\results\core_tfm_submission_full_v1\context\seed_23_train_64
mic,tabpfn3,3,raw_only,j1,0.5,,1.177623126383843,0.0040876132580145,23,64,D:\core-tfm\results\core_tfm_submission_full_v1\context\seed_23_train_64
mic,tabpfn3,3,pool_only,geometric,0.75,,1.1765980651157488,0.0040013332872773,23,64,D:\core-tfm\results\core_tfm_submission_full_v1\context\seed_23_train_64
mic,tabpfn3,3,repair_only,soft,0.75,0.03,1.1766213840003978,0.0038861921491089,23,64,D:\core-tfm\results\core_tfm_submission_full_v1\context\seed_23_train_64
mic,tabpfn3,3,full,geometric,0.75,,1.1765980651157488,0.0040013332872773,23,64,D:\core-tfm\results\core_tfm_submission_full_v1\context\seed_23_train_64
mic,tabpfn3,4,raw_only,j1,0.5,,1.0927481398275845,0.0047047215799571,23,64,D:\core-tfm\results\core_tfm_submission_full_v1\context\seed_23_train_64
mic,tabpfn3,4,pool_only,geometric,1.0,,1.0927481398275845,0.0047047215799571,23,64,D:\core-tfm\results\core_tfm_submission_full_v1\context\seed_23_train_64
mic,tabpfn3,4,repair_only,soft,1.0,0.03,1.0924972520536722,0.0045719491513538,23,64,D:\core-tfm\results\core_tfm_submission_full_v1\context\seed_23_train_64
mic,tabpfn3,4,full,j1,0.5,,1.0927481398275845,0.0047047215799571,23,64,D:\core-tfm\results\core_tfm_submission_full_v1\context\seed_23_train_64
anneal,tabiclv2,1,raw_only,j1,0.5,,0.2897006958274084,0.0037513383283302,101,256,D:\core-tfm\results\core_tfm_submission_full_v1\multi_seed\seed_101_train_256
anneal,tabiclv2,1,pool_only,geometric,1.0,,0.2897006958274084,0.0037513383283302,101,256,D:\core-tfm\results\core_tfm_submission_full_v1\multi_seed\seed_101_train_256
anneal,tabiclv2,1,repair_only,hard,0.0,,0.3001746889540275,1.860207810671849e-13,101,256,D:\core-tfm\results\core_tfm_submission_full_v1\multi_seed\seed_101_train_256
anneal,tabiclv2,1,full,hard,0.0,,0.3001746889540275,1.860207810671849e-13,101,256,D:\core-tfm\results\core_tfm_submission_full_v1\multi_seed\seed_101_train_256
anneal,tabiclv2,2,raw_only,j1,0.5,,0.3204612046205329,0.0029594128380755,101,256,D:\core-tfm\results\core_tfm_submission_full_v1\multi_seed\seed_101_train_256
anneal,tabiclv2,2,pool_only,arithmetic,0.5,,0.3131691162876442,0.0079980245973453,101,256,D:\core-tfm\results\core_tfm_submission_full_v1\multi_seed\seed_101_train_256
anneal,tabiclv2,2,repair_only,soft,0.0,30.0,0.3207431183479411,0.0004730457621764,101,256,D:\core-tfm\results\core_tfm_submission_full_v1\multi_seed\seed_101_train_256
anneal,tabiclv2,2,full,soft,0.0,30.0,0.3207431183479411,0.0004730457621764,101,256,D:\core-tfm\results\core_tfm_submission_full_v1\multi_seed\seed_101_train_256
anneal,tabiclv2,3,raw_only,j2,0.5,,0.3596976269438587,0.0188418109749409,101,256,D:\core-tfm\results\core_tfm_submission_full_v1\multi_seed\seed_101_train_256
anneal,tabiclv2,3,pool_only,geometric,0.0,,0.3596976269438587,0.0188418109749409,101,256,D:\core-tfm\results\core_tfm_submission_full_v1\multi_seed\seed_101_train_256
anneal,tabiclv2,3,repair_only,soft,0.0,0.03,0.3596560779954078,0.018317156855983,101,256,D:\core-tfm\results\core_tfm_submission_full_v1\multi_seed\seed_101_train_256
anneal,tabiclv2,3,full,j2,0.5,,0.3596976269438587,0.0188418109749409,101,256,D:\core-tfm\results\core_tfm_submission_full_v1\multi_seed\seed_101_train_256
anneal,tabiclv2,4,raw_only,j1,0.5,,0.216395413525206,0.0020191019677904,101,256,D:\core-tfm\results\core_tfm_submission_full_v1\multi_seed\seed_101_train_256
anneal,tabiclv2,4,pool_only,geometric,1.0,,0.216395413525206,0.0020191019677904,101,256,D:\core-tfm\results\core_tfm_submission_full_v1\multi_seed\seed_101_train_256
anneal,tabiclv2,4,repair_only,hard,0.25,,0.2170876121079166,8.475733825166626e-14,101,256,D:\core-tfm\results\core_tfm_submission_full_v1\multi_seed\seed_101_train_256
anneal,tabiclv2,4,full,hard,0.25,,0.2170876121079166,8.475733825166626e-14,101,256,D:\core-tfm\results\core_tfm_submission_full_v1\multi_seed\seed_101_train_256
anneal,tabiclv2,5,raw_only,j2,0.5,,0.5810557791792501,0.0111848979899799,101,256,D:\core-tfm\results\core_tfm_submission_full_v1\multi_seed\seed_101_train_256
anneal,tabiclv2,5,pool_only,geometric,0.0,,0.5810557791792501,0.0111848979899799,101,256,D:\core-tfm\results\core_tfm_submission_full_v1\multi_seed\seed_101_train_256
anneal,tabiclv2,5,repair_only,soft,0.0,0.03,0.5813620597811937,0.0108975364578491,101,256,D:\core-tfm\results\core_tfm_submission_full_v1\multi_seed\seed_101_train_256
anneal,tabiclv2,5,full,j2,0.5,,0.5810557791792501,0.0111848979899799,101,256,D:\core-tfm\results\core_tfm_submission_full_v1\multi_seed\seed_101_train_256
anneal,tabpfn3,1,raw_only,j2,0.5,,0.3437020327998515,0.0085783339944963,101,256,D:\core-tfm\results\core_tfm_submission_full_v1\multi_seed\seed_101_train_256
anneal,tabpfn3,1,pool_only,geometric,0.25,,0.3405761970071634,0.0074310018809188,101,256,D:\core-tfm\results\core_tfm_submission_full_v1\multi_seed\seed_101_train_256
anneal,tabpfn3,1,repair_only,soft,0.0,3.0,0.348817915813306,0.0027527503789612,101,256,D:\core-tfm\results\core_tfm_submission_full_v1\multi_seed\seed_101_train_256
anneal,tabpfn3,1,full,soft,0.0,3.0,0.348817915813306,0.0027527503789612,101,256,D:\core-tfm\results\core_tfm_submission_full_v1\multi_seed\seed_101_train_256
anneal,tabpfn3,2,raw_only,j1,0.5,,0.3268101039662401,0.0029120653275885,101,256,D:\core-tfm\results\core_tfm_submission_full_v1\multi_seed\seed_101_train_256
anneal,tabpfn3,2,pool_only,arithmetic,0.5,,0.3160845077241723,0.0056302033700358,101,256,D:\core-tfm\results\core_tfm_submission_full_v1\multi_seed\seed_101_train_256
anneal,tabpfn3,2,repair_only,soft,1.0,0.03,0.3268624828159695,0.002848284468373,101,256,D:\core-tfm\results\core_tfm_submission_full_v1\multi_seed\seed_101_train_256
anneal,tabpfn3,2,full,arithmetic,0.5,,0.3160845077241723,0.0056302033700358,101,256,D:\core-tfm\results\core_tfm_submission_full_v1\multi_seed\seed_101_train_256
anneal,tabpfn3,3,raw_only,j1,0.5,,0.3893923673408159,0.0054691597035373,101,256,D:\core-tfm\results\core_tfm_submission_full_v1\multi_seed\seed_101_train_256
anneal,tabpfn3,3,pool_only,geometric,1.0,,0.3893923673408159,0.0054691597035373,101,256,D:\core-tfm\results\core_tfm_submission_full_v1\multi_seed\seed_101_train_256
anneal,tabpfn3,3,repair_only,soft,1.0,0.03,0.3892545565244256,0.0053829662129636,101,256,D:\core-tfm\results\core_tfm_submission_full_v1\multi_seed\seed_101_train_256
anneal,tabpfn3,3,full,geometric,1.0,,0.3893923673408159,0.0054691597035373,101,256,D:\core-tfm\results\core_tfm_submission_full_v1\multi_seed\seed_101_train_256
anneal,tabpfn3,4,raw_only,j1,0.5,,0.2496583036149497,0.0043087563842871,101,256,D:\core-tfm\results\core_tfm_submission_full_v1\multi_seed\seed_101_train_256
anneal,tabpfn3,4,pool_only,geometric,1.0,,0.2496583036149497,0.0043087563842871,101,256,D:\core-tfm\results\core_tfm_submission_full_v1\multi_seed\seed_101_train_256
anneal,tabpfn3,4,repair_only,soft,1.0,0.03,0.2493612731375478,0.00420495366925,101,256,D:\core-tfm\results\core_tfm_submission_full_v1\multi_seed\seed_101_train_256
anneal,tabpfn3,4,full,j1,0.5,,0.2496583036149497,0.0043087563842871,101,256,D:\core-tfm\results\core_tfm_submission_full_v1\multi_seed\seed_101_train_256
anneal,tabpfn3,5,raw_only,j1,0.5,,0.6315701740840445,0.0027540201237476,101,256,D:\core-tfm\results\core_tfm_submission_full_v1\multi_seed\seed_101_train_256
anneal,tabpfn3,5,pool_only,geometric,0.75,,0.6268107809733785,0.0044284110836802,101,256,D:\core-tfm\results\core_tfm_submission_full_v1\multi_seed\seed_101_train_256
anneal,tabpfn3,5,repair_only,hard,0.0,,0.6338785096630362,1.317006135833492e-13,101,256,D:\core-tfm\results\core_tfm_submission_full_v1\multi_seed\seed_101_train_256
anneal,tabpfn3,5,full,hard,0.0,,0.6338785096630362,1.317006135833492e-13,101,256,D:\core-tfm\results\core_tfm_submission_full_v1\multi_seed\seed_101_train_256
anneal,catboost,1,raw_only,j1,0.5,,0.9867137140120908,0.0111393011160831,101,256,D:\core-tfm\results\core_tfm_submission_full_v1\multi_seed\seed_101_train_256
anneal,catboost,1,pool_only,geometric,1.0,,0.9867137140120908,0.0111393011160831,101,256,D:\core-tfm\results\core_tfm_submission_full_v1\multi_seed\seed_101_train_256
anneal,catboost,1,repair_only,soft,1.0,0.03,0.9864558344931288,0.0108103735576311,101,256,D:\core-tfm\results\core_tfm_submission_full_v1\multi_seed\seed_101_train_256
anneal,catboost,1,full,j1,0.5,,0.9867137140120908,0.0111393011160831,101,256,D:\core-tfm\results\core_tfm_submission_full_v1\multi_seed\seed_101_train_256
anneal,catboost,2,raw_only,j2,0.5,,0.853854099351183,0.0408817270131037,101,256,D:\core-tfm\results\core_tfm_submission_full_v1\multi_seed\seed_101_train_256
anneal,catboost,2,pool_only,geometric,0.0,,0.853854099351183,0.0408817270131037,101,256,D:\core-tfm\results\core_tfm_submission_full_v1\multi_seed\seed_101_train_256
anneal,catboost,2,repair_only,soft,0.0,0.03,0.8512947436490041,0.0397376636381148,101,256,D:\core-tfm\results\core_tfm_submission_full_v1\multi_seed\seed_101_train_256
anneal,catboost,2,full,j2,0.5,,0.853854099351183,0.0408817270131037,101,256,D:\core-tfm\results\core_tfm_submission_full_v1\multi_seed\seed_101_train_256
anneal,catboost,3,raw_only,j2,0.5,,0.89637474120982,0.0361572081163944,101,256,D:\core-tfm\results\core_tfm_submission_full_v1\multi_seed\seed_101_train_256
anneal,catboost,3,pool_only,geometric,0.0,,0.8963747412098201,0.0361572081163944,101,256,D:\core-tfm\results\core_tfm_submission_full_v1\multi_seed\seed_101_train_256
anneal,catboost,3,repair_only,soft,0.0,0.03,0.8935019057710394,0.0351280899036638,101,256,D:\core-tfm\results\core_tfm_submission_full_v1\multi_seed\seed_101_train_256
anneal,catboost,3,full,j2,0.5,,0.89637474120982,0.0361572081163944,101,256,D:\core-tfm\results\core_tfm_submission_full_v1\multi_seed\seed_101_train_256
anneal,catboost,4,raw_only,j1,0.5,,0.7519222107922858,0.0081656885769584,101,256,D:\core-tfm\results\core_tfm_submission_full_v1\multi_seed\seed_101_train_256
anneal,catboost,4,pool_only,geometric,0.75,,0.7537964188550862,0.0133080584549433,101,256,D:\core-tfm\results\core_tfm_submission_full_v1\multi_seed\seed_101_train_256
anneal,catboost,4,repair_only,soft,0.75,0.03,0.7537167586384023,0.012931243639616,101,256,D:\core-tfm\results\core_tfm_submission_full_v1\multi_seed\seed_101_train_256
anneal,catboost,4,full,geometric,0.75,,0.7537964188550862,0.0133080584549433,101,256,D:\core-tfm\results\core_tfm_submission_full_v1\multi_seed\seed_101_train_256
anneal,catboost,5,raw_only,j2,0.5,,0.91605685220828,0.0333602669009048,101,256,D:\core-tfm\results\core_tfm_submission_full_v1\multi_seed\seed_101_train_256
anneal,catboost,5,pool_only,geometric,0.0,,0.91605685220828,0.0333602669009048,101,256,D:\core-tfm\results\core_tfm_submission_full_v1\multi_seed\seed_101_train_256
anneal,catboost,5,repair_only,soft,0.0,0.3,0.8940490614942803,0.025897302687566,101,256,D:\core-tfm\results\core_tfm_submission_full_v1\multi_seed\seed_101_train_256
anneal,catboost,5,full,soft,0.0,0.3,0.8940490614942803,0.025897302687566,101,256,D:\core-tfm\results\core_tfm_submission_full_v1\multi_seed\seed_101_train_256
diamonds,tabiclv2,1,raw_only,j1,0.5,,2.127449799320764,0.0263746529188828,101,256,D:\core-tfm\results\core_tfm_submission_full_v1\multi_seed\seed_101_train_256
diamonds,tabiclv2,1,pool_only,geometric,1.0,,2.127449799320764,0.0263746529188828,101,256,D:\core-tfm\results\core_tfm_submission_full_v1\multi_seed\seed_101_train_256
diamonds,tabiclv2,1,repair_only,hard,0.0,,2.153931342817065,3.0329243609742773e-13,101,256,D:\core-tfm\results\core_tfm_submission_full_v1\multi_seed\seed_101_train_256
diamonds,tabiclv2,1,full,hard,0.0,,2.153931342817065,3.0329243609742773e-13,101,256,D:\core-tfm\results\core_tfm_submission_full_v1\multi_seed\seed_101_train_256
diamonds,tabiclv2,2,raw_only,j2,0.5,,2.155490971198667,0.0553363112908555,101,256,D:\core-tfm\results\core_tfm_submission_full_v1\multi_seed\seed_101_train_256
diamonds,tabiclv2,2,pool_only,geometric,0.0,,2.155490971198668,0.0553363112908555,101,256,D:\core-tfm\results\core_tfm_submission_full_v1\multi_seed\seed_101_train_256
diamonds,tabiclv2,2,repair_only,soft,0.0,1.0,2.160430490324233,0.0285647986247218,101,256,D:\core-tfm\results\core_tfm_submission_full_v1\multi_seed\seed_101_train_256
diamonds,tabiclv2,2,full,soft,0.0,1.0,2.160430490324233,0.0285647986247218,101,256,D:\core-tfm\results\core_tfm_submission_full_v1\multi_seed\seed_101_train_256
diamonds,tabiclv2,3,raw_only,j2,0.5,,2.3929947100776503,0.0499976859617409,101,256,D:\core-tfm\results\core_tfm_submission_full_v1\multi_seed\seed_101_train_256
diamonds,tabiclv2,3,pool_only,geometric,0.0,,2.39299471007765,0.0499976859617409,101,256,D:\core-tfm\results\core_tfm_submission_full_v1\multi_seed\seed_101_train_256
diamonds,tabiclv2,3,repair_only,soft,0.0,10.0,2.4057640733403884,0.0045499032207209,101,256,D:\core-tfm\results\core_tfm_submission_full_v1\multi_seed\seed_101_train_256
diamonds,tabiclv2,3,full,soft,0.0,10.0,2.4057640733403884,0.0045499032207209,101,256,D:\core-tfm\results\core_tfm_submission_full_v1\multi_seed\seed_101_train_256
diamonds,tabiclv2,4,raw_only,j2,0.5,,2.0754333846169537,0.047862326744094,101,256,D:\core-tfm\results\core_tfm_submission_full_v1\multi_seed\seed_101_train_256
diamonds,tabiclv2,4,pool_only,geometric,0.0,,2.0754333846169533,0.047862326744094,101,256,D:\core-tfm\results\core_tfm_submission_full_v1\multi_seed\seed_101_train_256
diamonds,tabiclv2,4,repair_only,soft,0.0,1.0,2.058841701400037,0.0245958240374273,101,256,D:\core-tfm\results\core_tfm_submission_full_v1\multi_seed\seed_101_train_256
diamonds,tabiclv2,4,full,soft,0.0,1.0,2.058841701400037,0.0245958240374273,101,256,D:\core-tfm\results\core_tfm_submission_full_v1\multi_seed\seed_101_train_256
diamonds,tabiclv2,5,raw_only,j1,0.5,,2.029482373123119,0.029857467796536,101,256,D:\core-tfm\results\core_tfm_submission_full_v1\multi_seed\seed_101_train_256
diamonds,tabiclv2,5,pool_only,arithmetic,0.5,,2.001663066074366,0.044263376215302,101,256,D:\core-tfm\results\core_tfm_submission_full_v1\multi_seed\seed_101_train_256
diamonds,tabiclv2,5,repair_only,soft,0.0,10.0,2.00105378024209,0.0051517222794008,101,256,D:\core-tfm\results\core_tfm_submission_full_v1\multi_seed\seed_101_train_256
diamonds,tabiclv2,5,full,soft,0.0,10.0,2.00105378024209,0.0051517222794008,101,256,D:\core-tfm\results\core_tfm_submission_full_v1\multi_seed\seed_101_train_256
diamonds,tabpfn3,1,raw_only,j2,0.5,,2.256977213531719,0.0242256849177475,101,256,D:\core-tfm\results\core_tfm_submission_full_v1\multi_seed\seed_101_train_256
diamonds,tabpfn3,1,pool_only,geometric,0.0,,2.256977213531719,0.0242256849177475,101,256,D:\core-tfm\results\core_tfm_submission_full_v1\multi_seed\seed_101_train_256
diamonds,tabpfn3,1,repair_only,soft,0.0,0.03,2.2569876595759206,0.0235954397294166,101,256,D:\core-tfm\results\core_tfm_submission_full_v1\multi_seed\seed_101_train_256
diamonds,tabpfn3,1,full,j2,0.5,,2.256977213531719,0.0242256849177475,101,256,D:\core-tfm\results\core_tfm_submission_full_v1\multi_seed\seed_101_train_256
diamonds,tabpfn3,2,raw_only,j1,0.5,,2.309698011945704,0.0262933925404433,101,256,D:\core-tfm\results\core_tfm_submission_full_v1\multi_seed\seed_101_train_256
diamonds,tabpfn3,2,pool_only,geometric,0.75,,2.2872538016291184,0.027059716714916,101,256,D:\core-tfm\results\core_tfm_submission_full_v1\multi_seed\seed_101_train_256
diamonds,tabpfn3,2,repair_only,hard,0.0,,2.236949640654892,7.769895779870343e-14,101,256,D:\core-tfm\results\core_tfm_submission_full_v1\multi_seed\seed_101_train_256
diamonds,tabpfn3,2,full,hard,0.0,,2.236949640654892,7.769895779870343e-14,101,256,D:\core-tfm\results\core_tfm_submission_full_v1\multi_seed\seed_101_train_256
diamonds,tabpfn3,3,raw_only,j1,0.5,,2.4061192970453185,0.0135050836375191,101,256,D:\core-tfm\results\core_tfm_submission_full_v1\multi_seed\seed_101_train_256
diamonds,tabpfn3,3,pool_only,geometric,0.75,,2.4080292079153445,0.0174756509502149,101,256,D:\core-tfm\results\core_tfm_submission_full_v1\multi_seed\seed_101_train_256
diamonds,tabpfn3,3,repair_only,hard,0.0,,2.397224359456596,6.740887092144116e-14,101,256,D:\core-tfm\results\core_tfm_submission_full_v1\multi_seed\seed_101_train_256
diamonds,tabpfn3,3,full,hard,0.0,,2.397224359456596,6.740887092144116e-14,101,256,D:\core-tfm\results\core_tfm_submission_full_v1\multi_seed\seed_101_train_256
diamonds,tabpfn3,4,raw_only,j2,0.5,,2.1578816427352274,0.0247610222313813,101,256,D:\core-tfm\results\core_tfm_submission_full_v1\multi_seed\seed_101_train_256
diamonds,tabpfn3,4,pool_only,arithmetic,0.5,,2.178255484659368,0.0234463633029634,101,256,D:\core-tfm\results\core_tfm_submission_full_v1\multi_seed\seed_101_train_256
diamonds,tabpfn3,4,repair_only,hard,1.0,,2.17064710699826,2.2246104902427346e-13,101,256,D:\core-tfm\results\core_tfm_submission_full_v1\multi_seed\seed_101_train_256
diamonds,tabpfn3,4,full,hard,1.0,,2.17064710699826,2.2246104902427346e-13,101,256,D:\core-tfm\results\core_tfm_submission_full_v1\multi_seed\seed_101_train_256
diamonds,tabpfn3,5,raw_only,j2,0.5,,2.131095749043377,0.0260409317686854,101,256,D:\core-tfm\results\core_tfm_submission_full_v1\multi_seed\seed_101_train_256
diamonds,tabpfn3,5,pool_only,geometric,0.0,,2.1310957490433773,0.0260409317686854,101,256,D:\core-tfm\results\core_tfm_submission_full_v1\multi_seed\seed_101_train_256
diamonds,tabpfn3,5,repair_only,soft,0.0,0.3,2.131332858202587,0.0202577458375983,101,256,D:\core-tfm\results\core_tfm_submission_full_v1\multi_seed\seed_101_train_256
diamonds,tabpfn3,5,full,soft,0.0,0.3,2.131332858202587,0.0202577458375983,101,256,D:\core-tfm\results\core_tfm_submission_full_v1\multi_seed\seed_101_train_256
diamonds,catboost,1,raw_only,j1,0.5,,2.9086213411761657,0.0178011762852632,101,256,D:\core-tfm\results\core_tfm_submission_full_v1\multi_seed\seed_101_train_256
diamonds,catboost,1,pool_only,arithmetic,0.5,,2.8774991897734408,0.0281639588133394,101,256,D:\core-tfm\results\core_tfm_submission_full_v1\multi_seed\seed_101_train_256
diamonds,catboost,1,repair_only,soft,0.75,10.0,2.91056263294252,0.0021156595816809,101,256,D:\core-tfm\results\core_tfm_submission_full_v1\multi_seed\seed_101_train_256
diamonds,catboost,1,full,soft,0.75,10.0,2.91056263294252,0.0021156595816809,101,256,D:\core-tfm\results\core_tfm_submission_full_v1\multi_seed\seed_101_train_256
diamonds,catboost,2,raw_only,j1,0.5,,2.922195385272186,0.0152992189885112,101,256,D:\core-tfm\results\core_tfm_submission_full_v1\multi_seed\seed_101_train_256
diamonds,catboost,2,pool_only,geometric,0.5,,2.926083574316254,0.0293596106218274,101,256,D:\core-tfm\results\core_tfm_submission_full_v1\multi_seed\seed_101_train_256
diamonds,catboost,2,repair_only,hard,1.0,,2.914787877575802,1.8177091572917949e-13,101,256,D:\core-tfm\results\core_tfm_submission_full_v1\multi_seed\seed_101_train_256
diamonds,catboost,2,full,hard,1.0,,2.914787877575802,1.8177091572917949e-13,101,256,D:\core-tfm\results\core_tfm_submission_full_v1\multi_seed\seed_101_train_256
diamonds,catboost,3,raw_only,j2,0.5,,2.7837107228683,0.0329188555771953,101,256,D:\core-tfm\results\core_tfm_submission_full_v1\multi_seed\seed_101_train_256
diamonds,catboost,3,pool_only,geometric,0.0,,2.7837107228683,0.0329188555771953,101,256,D:\core-tfm\results\core_tfm_submission_full_v1\multi_seed\seed_101_train_256
diamonds,catboost,3,repair_only,soft,0.0,0.03,2.78315678268638,0.0319948436939958,101,256,D:\core-tfm\results\core_tfm_submission_full_v1\multi_seed\seed_101_train_256
diamonds,catboost,3,full,j2,0.5,,2.7837107228683,0.0329188555771953,101,256,D:\core-tfm\results\core_tfm_submission_full_v1\multi_seed\seed_101_train_256
diamonds,catboost,4,raw_only,j1,0.5,,2.718814958069041,0.0195636370914912,101,256,D:\core-tfm\results\core_tfm_submission_full_v1\multi_seed\seed_101_train_256
diamonds,catboost,4,pool_only,geometric,1.0,,2.718814958069041,0.0195636370914912,101,256,D:\core-tfm\results\core_tfm_submission_full_v1\multi_seed\seed_101_train_256
diamonds,catboost,4,repair_only,soft,1.0,0.3,2.71871880166495,0.0151313951095818,101,256,D:\core-tfm\results\core_tfm_submission_full_v1\multi_seed\seed_101_train_256
diamonds,catboost,4,full,soft,1.0,0.3,2.71871880166495,0.0151313951095818,101,256,D:\core-tfm\results\core_tfm_submission_full_v1\multi_seed\seed_101_train_256
diamonds,catboost,5,raw_only,j2,0.5,,2.761265602967655,0.0407135561257639,101,256,D:\core-tfm\results\core_tfm_submission_full_v1\multi_seed\seed_101_train_256
diamonds,catboost,5,pool_only,geometric,0.0,,2.761265602967655,0.0407135561257639,101,256,D:\core-tfm\results\core_tfm_submission_full_v1\multi_seed\seed_101_train_256
diamonds,catboost,5,repair_only,soft,0.0,0.03,2.7608363199980084,0.0396148502321348,101,256,D:\core-tfm\results\core_tfm_submission_full_v1\multi_seed\seed_101_train_256
diamonds,catboost,5,full,j2,0.5,,2.761265602967655,0.0407135561257639,101,256,D:\core-tfm\results\core_tfm_submission_full_v1\multi_seed\seed_101_train_256
car,tabiclv2,1,raw_only,j1,0.5,,1.2800304980598467,0.0268560542733309,101,256,D:\core-tfm\results\core_tfm_submission_full_v1\multi_seed\seed_101_train_256
car,tabiclv2,1,pool_only,geometric,1.0,,1.2800304980598467,0.0268560542733309,101,256,D:\core-tfm\results\core_tfm_submission_full_v1\multi_seed\seed_101_train_256
car,tabiclv2,1,repair_only,soft,1.0,3.0,1.300942514732382,0.0191447724733032,101,256,D:\core-tfm\results\core_tfm_submission_full_v1\multi_seed\seed_101_train_256
car,tabiclv2,1,full,soft,1.0,3.0,1.300942514732382,0.0191447724733032,101,256,D:\core-tfm\results\core_tfm_submission_full_v1\multi_seed\seed_101_train_256
car,tabiclv2,2,raw_only,j1,0.5,,1.2612889878676254,0.0282829626332519,101,256,D:\core-tfm\results\core_tfm_submission_full_v1\multi_seed\seed_101_train_256
car,tabiclv2,2,pool_only,geometric,0.75,,1.257026037896228,0.034259614132056,101,256,D:\core-tfm\results\core_tfm_submission_full_v1\multi_seed\seed_101_train_256
car,tabiclv2,2,repair_only,soft,0.75,0.03,1.256975501439209,0.0338781363578979,101,256,D:\core-tfm\results\core_tfm_submission_full_v1\multi_seed\seed_101_train_256
car,tabiclv2,2,full,geometric,0.75,,1.257026037896228,0.034259614132056,101,256,D:\core-tfm\results\core_tfm_submission_full_v1\multi_seed\seed_101_train_256
car,tabiclv2,3,raw_only,j1,0.5,,1.2097284653525822,0.0384706928255984,101,256,D:\core-tfm\results\core_tfm_submission_full_v1\multi_seed\seed_101_train_256
car,tabiclv2,3,pool_only,geometric,0.75,,1.2192346932221017,0.0411829785708347,101,256,D:\core-tfm\results\core_tfm_submission_full_v1\multi_seed\seed_101_train_256
car,tabiclv2,3,repair_only,soft,0.75,0.03,1.2203118117961738,0.0406856113605612,101,256,D:\core-tfm\results\core_tfm_submission_full_v1\multi_seed\seed_101_train_256
car,tabiclv2,3,full,geometric,0.75,,1.2192346932221017,0.0411829785708347,101,256,D:\core-tfm\results\core_tfm_submission_full_v1\multi_seed\seed_101_train_256
car,tabiclv2,4,raw_only,j1,0.5,,1.242756835049652,0.0311993627217117,101,256,D:\core-tfm\results\core_tfm_submission_full_v1\multi_seed\seed_101_train_256
car,tabiclv2,4,pool_only,geometric,1.0,,1.242756835049652,0.0311993627217117,101,256,D:\core-tfm\results\core_tfm_submission_full_v1\multi_seed\seed_101_train_256
car,tabiclv2,4,repair_only,soft,1.0,3.0,1.2582744311669445,0.0208577540725877,101,256,D:\core-tfm\results\core_tfm_submission_full_v1\multi_seed\seed_101_train_256
car,tabiclv2,4,full,soft,1.0,3.0,1.2582744311669445,0.0208577540725877,101,256,D:\core-tfm\results\core_tfm_submission_full_v1\multi_seed\seed_101_train_256
car,tabiclv2,5,raw_only,j1,0.5,,1.2235322421728996,0.0344370923998621,101,256,D:\core-tfm\results\core_tfm_submission_full_v1\multi_seed\seed_101_train_256
car,tabiclv2,5,pool_only,geometric,1.0,,1.2235322421728996,0.0344370923998621,101,256,D:\core-tfm\results\core_tfm_submission_full_v1\multi_seed\seed_101_train_256
car,tabiclv2,5,repair_only,soft,1.0,0.03,1.2250496677081937,0.0342816628857534,101,256,D:\core-tfm\results\core_tfm_submission_full_v1\multi_seed\seed_101_train_256
car,tabiclv2,5,full,j1,0.5,,1.2235322421728996,0.0344370923998621,101,256,D:\core-tfm\results\core_tfm_submission_full_v1\multi_seed\seed_101_train_256
car,tabpfn3,1,raw_only,j1,0.5,,1.248159864202364,0.0297910249744531,101,256,D:\core-tfm\results\core_tfm_submission_full_v1\multi_seed\seed_101_train_256
car,tabpfn3,1,pool_only,geometric,1.0,,1.248159864202364,0.0297910249744531,101,256,D:\core-tfm\results\core_tfm_submission_full_v1\multi_seed\seed_101_train_256
car,tabpfn3,1,repair_only,soft,1.0,1.0,1.254856186477498,0.0260166579319066,101,256,D:\core-tfm\results\core_tfm_submission_full_v1\multi_seed\seed_101_train_256
car,tabpfn3,1,full,soft,1.0,1.0,1.254856186477498,0.0260166579319066,101,256,D:\core-tfm\results\core_tfm_submission_full_v1\multi_seed\seed_101_train_256
car,tabpfn3,2,raw_only,j1,0.5,,1.2981740018133945,0.0335855554146387,101,256,D:\core-tfm\results\core_tfm_submission_full_v1\multi_seed\seed_101_train_256
car,tabpfn3,2,pool_only,arithmetic,0.5,,1.2976384285433085,0.035454784168399,101,256,D:\core-tfm\results\core_tfm_submission_full_v1\multi_seed\seed_101_train_256
car,tabpfn3,2,repair_only,soft,0.5,0.03,1.2950919060502053,0.0367272587946415,101,256,D:\core-tfm\results\core_tfm_submission_full_v1\multi_seed\seed_101_train_256
car,tabpfn3,2,full,arithmetic,0.5,,1.2976384285433085,0.035454784168399,101,256,D:\core-tfm\results\core_tfm_submission_full_v1\multi_seed\seed_101_train_256
car,tabpfn3,3,raw_only,j1,0.5,,1.2178666619639065,0.0493773303587183,101,256,D:\core-tfm\results\core_tfm_submission_full_v1\multi_seed\seed_101_train_256
car,tabpfn3,3,pool_only,geometric,1.0,,1.2178666619639065,0.0493773303587183,101,256,D:\core-tfm\results\core_tfm_submission_full_v1\multi_seed\seed_101_train_256
car,tabpfn3,3,repair_only,soft,1.0,0.03,1.218355227848236,0.0490848757511247,101,256,D:\core-tfm\results\core_tfm_submission_full_v1\multi_seed\seed_101_train_256
car,tabpfn3,3,full,geometric,1.0,,1.2178666619639065,0.0493773303587183,101,256,D:\core-tfm\results\core_tfm_submission_full_v1\multi_seed\seed_101_train_256
car,tabpfn3,4,raw_only,j1,0.5,,1.273191714390178,0.0298565756718874,101,256,D:\core-tfm\results\core_tfm_submission_full_v1\multi_seed\seed_101_train_256
car,tabpfn3,4,pool_only,geometric,1.0,,1.273191714390178,0.0298565756718874,101,256,D:\core-tfm\results\core_tfm_submission_full_v1\multi_seed\seed_101_train_256
car,tabpfn3,4,repair_only,soft,1.0,1.0,1.26953846363753,0.024296364568363,101,256,D:\core-tfm\results\core_tfm_submission_full_v1\multi_seed\seed_101_train_256
car,tabpfn3,4,full,soft,1.0,1.0,1.26953846363753,0.024296364568363,101,256,D:\core-tfm\results\core_tfm_submission_full_v1\multi_seed\seed_101_train_256
car,tabpfn3,5,raw_only,j1,0.5,,1.2516635730034458,0.03146134514076,101,256,D:\core-tfm\results\core_tfm_submission_full_v1\multi_seed\seed_101_train_256
car,tabpfn3,5,pool_only,geometric,1.0,,1.2516635730034458,0.03146134514076,101,256,D:\core-tfm\results\core_tfm_submission_full_v1\multi_seed\seed_101_train_256
car,tabpfn3,5,repair_only,soft,1.0,0.03,1.2518699320927018,0.0313206706737883,101,256,D:\core-tfm\results\core_tfm_submission_full_v1\multi_seed\seed_101_train_256
car,tabpfn3,5,full,j1,0.5,,1.2516635730034458,0.03146134514076,101,256,D:\core-tfm\results\core_tfm_submission_full_v1\multi_seed\seed_101_train_256
car,catboost,1,raw_only,j2,0.5,,1.5706963004911745,0.0428438427755857,101,256,D:\core-tfm\results\core_tfm_submission_full_v1\multi_seed\seed_101_train_256
car,catboost,1,pool_only,geometric,0.5,,1.555916151237767,0.0330873467656675,101,256,D:\core-tfm\results\core_tfm_submission_full_v1\multi_seed\seed_101_train_256
car,catboost,1,repair_only,hard,0.5,,1.5569445387503715,2.66132442824788e-13,101,256,D:\core-tfm\results\core_tfm_submission_full_v1\multi_seed\seed_101_train_256
car,catboost,1,full,hard,0.5,,1.5569445387503715,2.66132442824788e-13,101,256,D:\core-tfm\results\core_tfm_submission_full_v1\multi_seed\seed_101_train_256
car,catboost,2,raw_only,j1,0.5,,1.5429136413367313,0.0304945607032407,101,256,D:\core-tfm\results\core_tfm_submission_full_v1\multi_seed\seed_101_train_256
car,catboost,2,pool_only,geometric,0.75,,1.5451699699961636,0.0344943339119856,101,256,D:\core-tfm\results\core_tfm_submission_full_v1\multi_seed\seed_101_train_256
car,catboost,2,repair_only,soft,1.0,1.0,1.544886169372705,0.0200903524609237,101,256,D:\core-tfm\results\core_tfm_submission_full_v1\multi_seed\seed_101_train_256
car,catboost,2,full,soft,1.0,1.0,1.544886169372705,0.0200903524609237,101,256,D:\core-tfm\results\core_tfm_submission_full_v1\multi_seed\seed_101_train_256
car,catboost,3,raw_only,j1,0.5,,1.6052968432374142,0.0177471308184866,101,256,D:\core-tfm\results\core_tfm_submission_full_v1\multi_seed\seed_101_train_256
car,catboost,3,pool_only,geometric,1.0,,1.6052968432374142,0.0177471308184866,101,256,D:\core-tfm\results\core_tfm_submission_full_v1\multi_seed\seed_101_train_256
car,catboost,3,repair_only,soft,1.0,10.0,1.6324643889089772,0.0030585288075014,101,256,D:\core-tfm\results\core_tfm_submission_full_v1\multi_seed\seed_101_train_256
car,catboost,3,full,soft,1.0,10.0,1.6324643889089772,0.0030585288075014,101,256,D:\core-tfm\results\core_tfm_submission_full_v1\multi_seed\seed_101_train_256
car,catboost,4,raw_only,j1,0.5,,1.5602074033181366,0.0218927569144778,101,256,D:\core-tfm\results\core_tfm_submission_full_v1\multi_seed\seed_101_train_256
car,catboost,4,pool_only,geometric,0.75,,1.5599006034734737,0.0249168382656962,101,256,D:\core-tfm\results\core_tfm_submission_full_v1\multi_seed\seed_101_train_256
car,catboost,4,repair_only,hard,0.25,,1.5670361245924669,8.227092713141397e-13,101,256,D:\core-tfm\results\core_tfm_submission_full_v1\multi_seed\seed_101_train_256
car,catboost,4,full,hard,0.25,,1.5670361245924669,8.227092713141397e-13,101,256,D:\core-tfm\results\core_tfm_submission_full_v1\multi_seed\seed_101_train_256
car,catboost,5,raw_only,j1,0.5,,1.6201635190425412,0.0206588178227923,101,256,D:\core-tfm\results\core_tfm_submission_full_v1\multi_seed\seed_101_train_256
car,catboost,5,pool_only,geometric,0.75,,1.6174522403674076,0.0234692127942346,101,256,D:\core-tfm\results\core_tfm_submission_full_v1\multi_seed\seed_101_train_256
car,catboost,5,repair_only,hard,0.5,,1.6361610883059885,4.0717265103735864e-13,101,256,D:\core-tfm\results\core_tfm_submission_full_v1\multi_seed\seed_101_train_256
car,catboost,5,full,hard,0.5,,1.6361610883059885,4.0717265103735864e-13,101,256,D:\core-tfm\results\core_tfm_submission_full_v1\multi_seed\seed_101_train_256
nursery,tabiclv2,1,raw_only,j1,0.5,,1.3783123936251518,0.0422864290515999,101,256,D:\core-tfm\results\core_tfm_submission_full_v1\multi_seed\seed_101_train_256
nursery,tabiclv2,1,pool_only,geometric,1.0,,1.3783123936251518,0.0422864290515999,101,256,D:\core-tfm\results\core_tfm_submission_full_v1\multi_seed\seed_101_train_256
nursery,tabiclv2,1,repair_only,soft,1.0,0.3,1.3712959872271084,0.0396072862651288,101,256,D:\core-tfm\results\core_tfm_submission_full_v1\multi_seed\seed_101_train_256
nursery,tabiclv2,1,full,soft,1.0,0.3,1.3712959872271084,0.0396072862651288,101,256,D:\core-tfm\results\core_tfm_submission_full_v1\multi_seed\seed_101_train_256
nursery,tabiclv2,2,raw_only,j2,0.5,,1.4217165876626652,0.0490819481512627,101,256,D:\core-tfm\results\core_tfm_submission_full_v1\multi_seed\seed_101_train_256
nursery,tabiclv2,2,pool_only,geometric,0.5,,1.3751740937454908,0.0503258107397402,101,256,D:\core-tfm\results\core_tfm_submission_full_v1\multi_seed\seed_101_train_256
nursery,tabiclv2,2,repair_only,soft,0.5,0.03,1.3749951844008723,0.049785439968205,101,256,D:\core-tfm\results\core_tfm_submission_full_v1\multi_seed\seed_101_train_256
nursery,tabiclv2,2,full,soft,0.5,0.03,1.3749951844008723,0.049785439968205,101,256,D:\core-tfm\results\core_tfm_submission_full_v1\multi_seed\seed_101_train_256
nursery,tabiclv2,3,raw_only,j1,0.5,,1.276333374199398,0.041562748100328,101,256,D:\core-tfm\results\core_tfm_submission_full_v1\multi_seed\seed_101_train_256
nursery,tabiclv2,3,pool_only,geometric,0.75,,1.2828180599623815,0.0395574018337217,101,256,D:\core-tfm\results\core_tfm_submission_full_v1\multi_seed\seed_101_train_256
nursery,tabiclv2,3,repair_only,soft,1.0,3.0,1.295454608586989,0.0275052237771183,101,256,D:\core-tfm\results\core_tfm_submission_full_v1\multi_seed\seed_101_train_256
nursery,tabiclv2,3,full,soft,1.0,3.0,1.295454608586989,0.0275052237771183,101,256,D:\core-tfm\results\core_tfm_submission_full_v1\multi_seed\seed_101_train_256
nursery,tabiclv2,4,raw_only,j2,0.5,,1.2789101399914706,0.0325709135654447,101,256,D:\core-tfm\results\core_tfm_submission_full_v1\multi_seed\seed_101_train_256
nursery,tabiclv2,4,pool_only,geometric,0.25,,1.2534569127717656,0.0376748905399871,101,256,D:\core-tfm\results\core_tfm_submission_full_v1\multi_seed\seed_101_train_256
nursery,tabiclv2,4,repair_only,soft,0.25,0.03,1.2536421082311038,0.0369863650083714,101,256,D:\core-tfm\results\core_tfm_submission_full_v1\multi_seed\seed_101_train_256
nursery,tabiclv2,4,full,geometric,0.25,,1.2534569127717656,0.0376748905399871,101,256,D:\core-tfm\results\core_tfm_submission_full_v1\multi_seed\seed_101_train_256
nursery,tabiclv2,5,raw_only,j1,0.5,,1.4360648281340382,0.0577436398428693,101,256,D:\core-tfm\results\core_tfm_submission_full_v1\multi_seed\seed_101_train_256
nursery,tabiclv2,5,pool_only,geometric,0.75,,1.3965728295366906,0.059520845609791,101,256,D:\core-tfm\results\core_tfm_submission_full_v1\multi_seed\seed_101_train_256
nursery,tabiclv2,5,repair_only,soft,0.75,0.03,1.395192505169219,0.0590038397762785,101,256,D:\core-tfm\results\core_tfm_submission_full_v1\multi_seed\seed_101_train_256
nursery,tabiclv2,5,full,geometric,0.75,,1.3965728295366906,0.059520845609791,101,256,D:\core-tfm\results\core_tfm_submission_full_v1\multi_seed\seed_101_train_256
nursery,tabpfn3,1,raw_only,j1,0.5,,1.3903678180166774,0.0284109135125775,101,256,D:\core-tfm\results\core_tfm_submission_full_v1\multi_seed\seed_101_train_256
nursery,tabpfn3,1,pool_only,geometric,1.0,,1.3903678180166774,0.0284109135125775,101,256,D:\core-tfm\results\core_tfm_submission_full_v1\multi_seed\seed_101_train_256
nursery,tabpfn3,1,repair_only,soft,1.0,0.03,1.389954866566447,0.0282063986185314,101,256,D:\core-tfm\results\core_tfm_submission_full_v1\multi_seed\seed_101_train_256
nursery,tabpfn3,1,full,j1,0.5,,1.3903678180166774,0.0284109135125775,101,256,D:\core-tfm\results\core_tfm_submission_full_v1\multi_seed\seed_101_train_256
nursery,tabpfn3,2,raw_only,j1,0.5,,1.369012133836527,0.0463638974881506,101,256,D:\core-tfm\results\core_tfm_submission_full_v1\multi_seed\seed_101_train_256
nursery,tabpfn3,2,pool_only,geometric,1.0,,1.369012133836527,0.0463638974881506,101,256,D:\core-tfm\results\core_tfm_submission_full_v1\multi_seed\seed_101_train_256
nursery,tabpfn3,2,repair_only,soft,1.0,0.1,1.3679441725206412,0.0457677228082967,101,256,D:\core-tfm\results\core_tfm_submission_full_v1\multi_seed\seed_101_train_256
nursery,tabpfn3,2,full,soft,1.0,0.1,1.3679441725206412,0.0457677228082967,101,256,D:\core-tfm\results\core_tfm_submission_full_v1\multi_seed\seed_101_train_256
nursery,tabpfn3,3,raw_only,j1,0.5,,1.299879161441684,0.034136562006571,101,256,D:\core-tfm\results\core_tfm_submission_full_v1\multi_seed\seed_101_train_256
nursery,tabpfn3,3,pool_only,geometric,1.0,,1.2998791614416842,0.034136562006571,101,256,D:\core-tfm\results\core_tfm_submission_full_v1\multi_seed\seed_101_train_256
nursery,tabpfn3,3,repair_only,soft,1.0,10.0,1.3469048530334875,0.0194671501499262,101,256,D:\core-tfm\results\core_tfm_submission_full_v1\multi_seed\seed_101_train_256
nursery,tabpfn3,3,full,soft,1.0,10.0,1.3469048530334875,0.0194671501499262,101,256,D:\core-tfm\results\core_tfm_submission_full_v1\multi_seed\seed_101_train_256
nursery,tabpfn3,4,raw_only,j1,0.5,,1.2654615963550668,0.0447019097619193,101,256,D:\core-tfm\results\core_tfm_submission_full_v1\multi_seed\seed_101_train_256
nursery,tabpfn3,4,pool_only,geometric,1.0,,1.2654615963550668,0.0447019097619193,101,256,D:\core-tfm\results\core_tfm_submission_full_v1\multi_seed\seed_101_train_256
nursery,tabpfn3,4,repair_only,soft,1.0,0.3,1.264386187971391,0.0412721804605826,101,256,D:\core-tfm\results\core_tfm_submission_full_v1\multi_seed\seed_101_train_256
nursery,tabpfn3,4,full,soft,1.0,0.3,1.264386187971391,0.0412721804605826,101,256,D:\core-tfm\results\core_tfm_submission_full_v1\multi_seed\seed_101_train_256
nursery,tabpfn3,5,raw_only,j1,0.5,,1.330784425375254,0.0407695978117144,101,256,D:\core-tfm\results\core_tfm_submission_full_v1\multi_seed\seed_101_train_256
nursery,tabpfn3,5,pool_only,geometric,1.0,,1.330784425375254,0.0407695978117144,101,256,D:\core-tfm\results\core_tfm_submission_full_v1\multi_seed\seed_101_train_256
nursery,tabpfn3,5,repair_only,soft,1.0,0.03,1.3310937411722452,0.0405080226716115,101,256,D:\core-tfm\results\core_tfm_submission_full_v1\multi_seed\seed_101_train_256
nursery,tabpfn3,5,full,j1,0.5,,1.330784425375254,0.0407695978117144,101,256,D:\core-tfm\results\core_tfm_submission_full_v1\multi_seed\seed_101_train_256
nursery,catboost,1,raw_only,j1,0.5,,1.4762341097861722,0.0240301608058342,101,256,D:\core-tfm\results\core_tfm_submission_full_v1\multi_seed\seed_101_train_256
nursery,catboost,1,pool_only,geometric,0.75,,1.4666424290600513,0.0253873828401329,101,256,D:\core-tfm\results\core_tfm_submission_full_v1\multi_seed\seed_101_train_256
nursery,catboost,1,repair_only,soft,0.75,0.03,1.4663208980702058,0.0250111277494383,101,256,D:\core-tfm\results\core_tfm_submission_full_v1\multi_seed\seed_101_train_256
nursery,catboost,1,full,geometric,0.75,,1.4666424290600513,0.0253873828401329,101,256,D:\core-tfm\results\core_tfm_submission_full_v1\multi_seed\seed_101_train_256
nursery,catboost,2,raw_only,j2,0.5,,1.4858369314861444,0.0467780497181862,101,256,D:\core-tfm\results\core_tfm_submission_full_v1\multi_seed\seed_101_train_256
nursery,catboost,2,pool_only,geometric,0.5,,1.448379186475052,0.0492126314667113,101,256,D:\core-tfm\results\core_tfm_submission_full_v1\multi_seed\seed_101_train_256
nursery,catboost,2,repair_only,soft,1.0,3.0,1.4530973192868333,0.0356661557256282,101,256,D:\core-tfm\results\core_tfm_submission_full_v1\multi_seed\seed_101_train_256
nursery,catboost,2,full,soft,1.0,3.0,1.4530973192868333,0.0356661557256282,101,256,D:\core-tfm\results\core_tfm_submission_full_v1\multi_seed\seed_101_train_256
nursery,catboost,3,raw_only,j2,0.5,,1.563855850015448,0.0274565849208622,101,256,D:\core-tfm\results\core_tfm_submission_full_v1\multi_seed\seed_101_train_256
nursery,catboost,3,pool_only,geometric,0.25,,1.556903628008525,0.0271797004953444,101,256,D:\core-tfm\results\core_tfm_submission_full_v1\multi_seed\seed_101_train_256
nursery,catboost,3,repair_only,soft,0.25,0.03,1.5568850013572266,0.0268775153866703,101,256,D:\core-tfm\results\core_tfm_submission_full_v1\multi_seed\seed_101_train_256
nursery,catboost,3,full,geometric,0.25,,1.556903628008525,0.0271797004953444,101,256,D:\core-tfm\results\core_tfm_submission_full_v1\multi_seed\seed_101_train_256
nursery,catboost,4,raw_only,j1,0.5,,1.5741346974409818,0.0286839407951612,101,256,D:\core-tfm\results\core_tfm_submission_full_v1\multi_seed\seed_101_train_256
nursery,catboost,4,pool_only,geometric,1.0,,1.5741346974409818,0.0286839407951612,101,256,D:\core-tfm\results\core_tfm_submission_full_v1\multi_seed\seed_101_train_256
nursery,catboost,4,repair_only,soft,1.0,0.3,1.5691034225710487,0.026391519711606,101,256,D:\core-tfm\results\core_tfm_submission_full_v1\multi_seed\seed_101_train_256
nursery,catboost,4,full,soft,1.0,0.3,1.5691034225710487,0.026391519711606,101,256,D:\core-tfm\results\core_tfm_submission_full_v1\multi_seed\seed_101_train_256
nursery,catboost,5,raw_only,j2,0.5,,1.5641658859209089,0.0288623746292981,101,256,D:\core-tfm\results\core_tfm_submission_full_v1\multi_seed\seed_101_train_256
nursery,catboost,5,pool_only,geometric,0.25,,1.5631385346417752,0.02943768163934,101,256,D:\core-tfm\results\core_tfm_submission_full_v1\multi_seed\seed_101_train_256
nursery,catboost,5,repair_only,soft,0.5,1.0,1.5654554815602015,0.0227222690519877,101,256,D:\core-tfm\results\core_tfm_submission_full_v1\multi_seed\seed_101_train_256
nursery,catboost,5,full,soft,0.5,1.0,1.5654554815602015,0.0227222690519877,101,256,D:\core-tfm\results\core_tfm_submission_full_v1\multi_seed\seed_101_train_256
wine,tabiclv2,1,raw_only,j2,0.5,,1.0489885497404263,0.0013698782215679,101,256,D:\core-tfm\results\core_tfm_submission_full_v1\multi_seed\seed_101_train_256
wine,tabiclv2,1,pool_only,geometric,0.5,,1.0330579358370109,0.0150248685061123,101,256,D:\core-tfm\results\core_tfm_submission_full_v1\multi_seed\seed_101_train_256
wine,tabiclv2,1,repair_only,soft,0.5,0.1,1.033983775000544,0.0137600089306899,101,256,D:\core-tfm\results\core_tfm_submission_full_v1\multi_seed\seed_101_train_256
wine,tabiclv2,1,full,soft,0.5,0.1,1.033983775000544,0.0137600089306899,101,256,D:\core-tfm\results\core_tfm_submission_full_v1\multi_seed\seed_101_train_256
wine,tabiclv2,2,raw_only,j1,0.5,,0.9893531059069244,0.0270000349884798,101,256,D:\core-tfm\results\core_tfm_submission_full_v1\multi_seed\seed_101_train_256
wine,tabiclv2,2,pool_only,geometric,1.0,,0.9893531059069246,0.0270000349884798,101,256,D:\core-tfm\results\core_tfm_submission_full_v1\multi_seed\seed_101_train_256
wine,tabiclv2,2,repair_only,soft,1.0,0.03,0.9897456092196336,0.0262125650578083,101,256,D:\core-tfm\results\core_tfm_submission_full_v1\multi_seed\seed_101_train_256
wine,tabiclv2,2,full,j1,0.5,,0.9893531059069244,0.0270000349884798,101,256,D:\core-tfm\results\core_tfm_submission_full_v1\multi_seed\seed_101_train_256
wine,tabiclv2,3,raw_only,j1,0.5,,1.2354536018423254,0.0305214680631339,101,256,D:\core-tfm\results\core_tfm_submission_full_v1\multi_seed\seed_101_train_256
wine,tabiclv2,3,pool_only,geometric,1.0,,1.2354536018423254,0.0305214680631339,101,256,D:\core-tfm\results\core_tfm_submission_full_v1\multi_seed\seed_101_train_256
wine,tabiclv2,3,repair_only,soft,1.0,0.03,1.2354934033478835,0.0296346580653257,101,256,D:\core-tfm\results\core_tfm_submission_full_v1\multi_seed\seed_101_train_256
wine,tabiclv2,3,full,j1,0.5,,1.2354536018423254,0.0305214680631339,101,256,D:\core-tfm\results\core_tfm_submission_full_v1\multi_seed\seed_101_train_256
wine,tabiclv2,4,raw_only,j1,0.5,,1.2425844607468308,0.0259881058415799,101,256,D:\core-tfm\results\core_tfm_submission_full_v1\multi_seed\seed_101_train_256
wine,tabiclv2,4,pool_only,geometric,1.0,,1.2425844607468308,0.0259881058415799,101,256,D:\core-tfm\results\core_tfm_submission_full_v1\multi_seed\seed_101_train_256
wine,tabiclv2,4,repair_only,soft,1.0,0.03,1.243132077760929,0.0252408515983924,101,256,D:\core-tfm\results\core_tfm_submission_full_v1\multi_seed\seed_101_train_256
wine,tabiclv2,4,full,geometric,1.0,,1.2425844607468308,0.0259881058415799,101,256,D:\core-tfm\results\core_tfm_submission_full_v1\multi_seed\seed_101_train_256
wine,tabiclv2,5,raw_only,j1,0.5,,1.0979457172436575,0.0240000844430873,101,256,D:\core-tfm\results\core_tfm_submission_full_v1\multi_seed\seed_101_train_256
wine,tabiclv2,5,pool_only,geometric,1.0,,1.0979457172436575,0.0240000844430873,101,256,D:\core-tfm\results\core_tfm_submission_full_v1\multi_seed\seed_101_train_256
wine,tabiclv2,5,repair_only,soft,1.0,0.03,1.098508792439766,0.0233053675886424,101,256,D:\core-tfm\results\core_tfm_submission_full_v1\multi_seed\seed_101_train_256
wine,tabiclv2,5,full,j1,0.5,,1.0979457172436575,0.0240000844430873,101,256,D:\core-tfm\results\core_tfm_submission_full_v1\multi_seed\seed_101_train_256
wine,tabpfn3,1,raw_only,j1,0.5,,1.0129066811972371,0.0188186702974107,101,256,D:\core-tfm\results\core_tfm_submission_full_v1\multi_seed\seed_101_train_256
wine,tabpfn3,1,pool_only,geometric,1.0,,1.0129066811972374,0.0188186702974107,101,256,D:\core-tfm\results\core_tfm_submission_full_v1\multi_seed\seed_101_train_256
wine,tabpfn3,1,repair_only,soft,1.0,0.03,1.0126640262939803,0.0181531743262636,101,256,D:\core-tfm\results\core_tfm_submission_full_v1\multi_seed\seed_101_train_256
wine,tabpfn3,1,full,j1,0.5,,1.0129066811972371,0.0188186702974107,101,256,D:\core-tfm\results\core_tfm_submission_full_v1\multi_seed\seed_101_train_256
wine,tabpfn3,2,raw_only,j1,0.5,,0.979469023843449,0.0155986178296814,101,256,D:\core-tfm\results\core_tfm_submission_full_v1\multi_seed\seed_101_train_256
wine,tabpfn3,2,pool_only,geometric,1.0,,0.9794690238434492,0.0155986178296814,101,256,D:\core-tfm\results\core_tfm_submission_full_v1\multi_seed\seed_101_train_256
wine,tabpfn3,2,repair_only,soft,1.0,0.03,0.9792402588032528,0.0150823211624533,101,256,D:\core-tfm\results\core_tfm_submission_full_v1\multi_seed\seed_101_train_256
wine,tabpfn3,2,full,j1,0.5,,0.979469023843449,0.0155986178296814,101,256,D:\core-tfm\results\core_tfm_submission_full_v1\multi_seed\seed_101_train_256
wine,tabpfn3,3,raw_only,j1,0.5,,1.212024807423102,0.0159741515890277,101,256,D:\core-tfm\results\core_tfm_submission_full_v1\multi_seed\seed_101_train_256
wine,tabpfn3,3,pool_only,geometric,0.75,,1.2136194749931437,0.0123521734466752,101,256,D:\core-tfm\results\core_tfm_submission_full_v1\multi_seed\seed_101_train_256
wine,tabpfn3,3,repair_only,soft,1.0,0.1,1.2124324406007632,0.0146277193263362,101,256,D:\core-tfm\results\core_tfm_submission_full_v1\multi_seed\seed_101_train_256
wine,tabpfn3,3,full,soft,1.0,0.1,1.2124324406007632,0.0146277193263362,101,256,D:\core-tfm\results\core_tfm_submission_full_v1\multi_seed\seed_101_train_256
wine,tabpfn3,4,raw_only,j2,0.5,,1.238114678252824,0.0011680545172567,101,256,D:\core-tfm\results\core_tfm_submission_full_v1\multi_seed\seed_101_train_256
wine,tabpfn3,4,pool_only,geometric,0.0,,1.2381146782528245,0.0011680545172567,101,256,D:\core-tfm\results\core_tfm_submission_full_v1\multi_seed\seed_101_train_256
wine,tabpfn3,4,repair_only,soft,0.0,1.0,1.2375369112076795,0.0009468319345785,101,256,D:\core-tfm\results\core_tfm_submission_full_v1\multi_seed\seed_101_train_256
wine,tabpfn3,4,full,soft,0.0,1.0,1.2375369112076795,0.0009468319345785,101,256,D:\core-tfm\results\core_tfm_submission_full_v1\multi_seed\seed_101_train_256
wine,tabpfn3,5,raw_only,j1,0.5,,1.0891509724638977,0.0145297814223234,101,256,D:\core-tfm\results\core_tfm_submission_full_v1\multi_seed\seed_101_train_256
wine,tabpfn3,5,pool_only,geometric,1.0,,1.089150972463898,0.0145297814223234,101,256,D:\core-tfm\results\core_tfm_submission_full_v1\multi_seed\seed_101_train_256
wine,tabpfn3,5,repair_only,soft,1.0,0.03,1.0897950705550077,0.0140888320264761,101,256,D:\core-tfm\results\core_tfm_submission_full_v1\multi_seed\seed_101_train_256
wine,tabpfn3,5,full,j1,0.5,,1.0891509724638977,0.0145297814223234,101,256,D:\core-tfm\results\core_tfm_submission_full_v1\multi_seed\seed_101_train_256
wine,catboost,1,raw_only,j1,0.5,,1.2904848377191884,0.0263150452975494,101,256,D:\core-tfm\results\core_tfm_submission_full_v1\multi_seed\seed_101_train_256
wine,catboost,1,pool_only,geometric,0.75,,1.300244279628484,0.0210702747160989,101,256,D:\core-tfm\results\core_tfm_submission_full_v1\multi_seed\seed_101_train_256
wine,catboost,1,repair_only,soft,1.0,1.0,1.300282491645437,0.0136142102950719,101,256,D:\core-tfm\results\core_tfm_submission_full_v1\multi_seed\seed_101_train_256
wine,catboost,1,full,soft,1.0,1.0,1.300282491645437,0.0136142102950719,101,256,D:\core-tfm\results\core_tfm_submission_full_v1\multi_seed\seed_101_train_256
wine,catboost,2,raw_only,j1,0.5,,1.2174910754571484,0.0277151836506334,101,256,D:\core-tfm\results\core_tfm_submission_full_v1\multi_seed\seed_101_train_256
wine,catboost,2,pool_only,geometric,1.0,,1.2174910754571484,0.0277151836506334,101,256,D:\core-tfm\results\core_tfm_submission_full_v1\multi_seed\seed_101_train_256
wine,catboost,2,repair_only,soft,1.0,0.03,1.2171916616980298,0.0269501186420728,101,256,D:\core-tfm\results\core_tfm_submission_full_v1\multi_seed\seed_101_train_256
wine,catboost,2,full,j1,0.5,,1.2174910754571484,0.0277151836506334,101,256,D:\core-tfm\results\core_tfm_submission_full_v1\multi_seed\seed_101_train_256
wine,catboost,3,raw_only,j1,0.5,,1.391029875148876,0.0287746936978695,101,256,D:\core-tfm\results\core_tfm_submission_full_v1\multi_seed\seed_101_train_256
wine,catboost,3,pool_only,geometric,1.0,,1.391029875148876,0.0287746936978695,101,256,D:\core-tfm\results\core_tfm_submission_full_v1\multi_seed\seed_101_train_256
wine,catboost,3,repair_only,soft,1.0,0.03,1.390682086440629,0.0280015328089068,101,256,D:\core-tfm\results\core_tfm_submission_full_v1\multi_seed\seed_101_train_256
wine,catboost,3,full,j1,0.5,,1.391029875148876,0.0287746936978695,101,256,D:\core-tfm\results\core_tfm_submission_full_v1\multi_seed\seed_101_train_256
wine,catboost,4,raw_only,j1,0.5,,1.3309802652956146,0.0254418426568893,101,256,D:\core-tfm\results\core_tfm_submission_full_v1\multi_seed\seed_101_train_256
wine,catboost,4,pool_only,geometric,1.0,,1.3309802652956144,0.0254418426568893,101,256,D:\core-tfm\results\core_tfm_submission_full_v1\multi_seed\seed_101_train_256
wine,catboost,4,repair_only,soft,1.0,0.03,1.3315485429180822,0.0247391887493363,101,256,D:\core-tfm\results\core_tfm_submission_full_v1\multi_seed\seed_101_train_256
wine,catboost,4,full,j1,0.5,,1.3309802652956146,0.0254418426568893,101,256,D:\core-tfm\results\core_tfm_submission_full_v1\multi_seed\seed_101_train_256
wine,catboost,5,raw_only,j1,0.5,,1.297443859434204,0.026289852891895,101,256,D:\core-tfm\results\core_tfm_submission_full_v1\multi_seed\seed_101_train_256
wine,catboost,5,pool_only,geometric,0.5,,1.3076437391157527,0.015960914947217,101,256,D:\core-tfm\results\core_tfm_submission_full_v1\multi_seed\seed_101_train_256
wine,catboost,5,repair_only,hard,1.0,,1.3131609948293907,5.0305117330843446e-14,101,256,D:\core-tfm\results\core_tfm_submission_full_v1\multi_seed\seed_101_train_256
wine,catboost,5,full,hard,1.0,,1.3131609948293907,5.0305117330843446e-14,101,256,D:\core-tfm\results\core_tfm_submission_full_v1\multi_seed\seed_101_train_256
credit,tabiclv2,1,raw_only,j1,0.5,,1.776715029040699,0.0197687580372348,101,256,D:\core-tfm\results\core_tfm_submission_full_v1\multi_seed\seed_101_train_256
credit,tabiclv2,1,pool_only,geometric,1.0,,1.776715029040699,0.0197687580372348,101,256,D:\core-tfm\results\core_tfm_submission_full_v1\multi_seed\seed_101_train_256
credit,tabiclv2,1,repair_only,soft,1.0,0.03,1.7768492083136986,0.0193363208862424,101,256,D:\core-tfm\results\core_tfm_submission_full_v1\multi_seed\seed_101_train_256
credit,tabiclv2,1,full,j1,0.5,,1.776715029040699,0.0197687580372348,101,256,D:\core-tfm\results\core_tfm_submission_full_v1\multi_seed\seed_101_train_256
credit,tabiclv2,2,raw_only,j1,0.5,,1.6463854321424325,0.0200103550221244,101,256,D:\core-tfm\results\core_tfm_submission_full_v1\multi_seed\seed_101_train_256
credit,tabiclv2,2,pool_only,geometric,0.75,,1.638601249649426,0.0215322018898324,101,256,D:\core-tfm\results\core_tfm_submission_full_v1\multi_seed\seed_101_train_256
credit,tabiclv2,2,repair_only,soft,0.75,0.03,1.6386252882350796,0.0209142238244559,101,256,D:\core-tfm\results\core_tfm_submission_full_v1\multi_seed\seed_101_train_256
credit,tabiclv2,2,full,geometric,0.75,,1.638601249649426,0.0215322018898324,101,256,D:\core-tfm\results\core_tfm_submission_full_v1\multi_seed\seed_101_train_256
credit,tabiclv2,3,raw_only,j1,0.5,,1.7241568755097891,0.0134321194927196,101,256,D:\core-tfm\results\core_tfm_submission_full_v1\multi_seed\seed_101_train_256
credit,tabiclv2,3,pool_only,geometric,0.5,,1.712042343075274,0.0175579586026073,101,256,D:\core-tfm\results\core_tfm_submission_full_v1\multi_seed\seed_101_train_256
credit,tabiclv2,3,repair_only,hard,1.0,,1.7151119658447964,1.3511844163612181e-13,101,256,D:\core-tfm\results\core_tfm_submission_full_v1\multi_seed\seed_101_train_256
credit,tabiclv2,3,full,hard,1.0,,1.7151119658447964,1.3511844163612181e-13,101,256,D:\core-tfm\results\core_tfm_submission_full_v1\multi_seed\seed_101_train_256
credit,tabiclv2,4,raw_only,j2,0.5,,1.6827898997908877,0.032457634523882,101,256,D:\core-tfm\results\core_tfm_submission_full_v1\multi_seed\seed_101_train_256
credit,tabiclv2,4,pool_only,arithmetic,0.5,,1.6577962340858026,0.0261659214169229,101,256,D:\core-tfm\results\core_tfm_submission_full_v1\multi_seed\seed_101_train_256
credit,tabiclv2,4,repair_only,soft,0.5,0.03,1.6577486632411271,0.0256074772835466,101,256,D:\core-tfm\results\core_tfm_submission_full_v1\multi_seed\seed_101_train_256
credit,tabiclv2,4,full,arithmetic,0.5,,1.6577962340858026,0.0261659214169229,101,256,D:\core-tfm\results\core_tfm_submission_full_v1\multi_seed\seed_101_train_256
credit,tabiclv2,5,raw_only,j2,0.5,,1.8029642452185943,0.034997886227515,101,256,D:\core-tfm\results\core_tfm_submission_full_v1\multi_seed\seed_101_train_256
credit,tabiclv2,5,pool_only,geometric,0.0,,1.8029642452185943,0.034997886227515,101,256,D:\core-tfm\results\core_tfm_submission_full_v1\multi_seed\seed_101_train_256
credit,tabiclv2,5,repair_only,soft,0.0,0.03,1.80362161977498,0.0341742532592118,101,256,D:\core-tfm\results\core_tfm_submission_full_v1\multi_seed\seed_101_train_256
credit,tabiclv2,5,full,j2,0.5,,1.8029642452185943,0.034997886227515,101,256,D:\core-tfm\results\core_tfm_submission_full_v1\multi_seed\seed_101_train_256
credit,tabpfn3,1,raw_only,j1,0.5,,1.7577044727744071,0.013786500903669,101,256,D:\core-tfm\results\core_tfm_submission_full_v1\multi_seed\seed_101_train_256
credit,tabpfn3,1,pool_only,geometric,1.0,,1.7577044727744071,0.013786500903669,101,256,D:\core-tfm\results\core_tfm_submission_full_v1\multi_seed\seed_101_train_256
credit,tabpfn3,1,repair_only,soft,1.0,0.03,1.7575438505175216,0.013509450012763,101,256,D:\core-tfm\results\core_tfm_submission_full_v1\multi_seed\seed_101_train_256
credit,tabpfn3,1,full,geometric,1.0,,1.7577044727744071,0.013786500903669,101,256,D:\core-tfm\results\core_tfm_submission_full_v1\multi_seed\seed_101_train_256
credit,tabpfn3,2,raw_only,j2,0.5,,1.6251949923584617,0.0164179042801179,101,256,D:\core-tfm\results\core_tfm_submission_full_v1\multi_seed\seed_101_train_256
credit,tabpfn3,2,pool_only,geometric,0.25,,1.6236201089580986,0.0172576599197511,101,256,D:\core-tfm\results\core_tfm_submission_full_v1\multi_seed\seed_101_train_256
credit,tabpfn3,2,repair_only,soft,0.25,0.03,1.6237282650184508,0.0168594057232778,101,256,D:\core-tfm\results\core_tfm_submission_full_v1\multi_seed\seed_101_train_256
credit,tabpfn3,2,full,geometric,0.25,,1.6236201089580986,0.0172576599197511,101,256,D:\core-tfm\results\core_tfm_submission_full_v1\multi_seed\seed_101_train_256
credit,tabpfn3,3,raw_only,j1,0.5,,1.7384949650512302,0.0140775948782918,101,256,D:\core-tfm\results\core_tfm_submission_full_v1\multi_seed\seed_101_train_256
credit,tabpfn3,3,pool_only,geometric,1.0,,1.7384949650512302,0.0140775948782918,101,256,D:\core-tfm\results\core_tfm_submission_full_v1\multi_seed\seed_101_train_256
credit,tabpfn3,3,repair_only,soft,1.0,10.0,1.730981251546612,0.0016267094165827,101,256,D:\core-tfm\results\core_tfm_submission_full_v1\multi_seed\seed_101_train_256
credit,tabpfn3,3,full,soft,1.0,10.0,1.730981251546612,0.0016267094165827,101,256,D:\core-tfm\results\core_tfm_submission_full_v1\multi_seed\seed_101_train_256
credit,tabpfn3,4,raw_only,j2,0.5,,1.6759712573557335,0.0196272912599188,101,256,D:\core-tfm\results\core_tfm_submission_full_v1\multi_seed\seed_101_train_256
credit,tabpfn3,4,pool_only,geometric,0.25,,1.6734691688739085,0.0177363105243226,101,256,D:\core-tfm\results\core_tfm_submission_full_v1\multi_seed\seed_101_train_256
credit,tabpfn3,4,repair_only,soft,0.25,0.03,1.6736401545755326,0.0172919714605676,101,256,D:\core-tfm\results\core_tfm_submission_full_v1\multi_seed\seed_101_train_256
credit,tabpfn3,4,full,geometric,0.25,,1.6734691688739085,0.0177363105243226,101,256,D:\core-tfm\results\core_tfm_submission_full_v1\multi_seed\seed_101_train_256
credit,tabpfn3,5,raw_only,j2,0.5,,1.818089853750192,0.0267950286924424,101,256,D:\core-tfm\results\core_tfm_submission_full_v1\multi_seed\seed_101_train_256
credit,tabpfn3,5,pool_only,geometric,0.0,,1.818089853750192,0.0267950286924424,101,256,D:\core-tfm\results\core_tfm_submission_full_v1\multi_seed\seed_101_train_256
credit,tabpfn3,5,repair_only,soft,0.0,0.03,1.8183300245146543,0.0262448241083621,101,256,D:\core-tfm\results\core_tfm_submission_full_v1\multi_seed\seed_101_train_256
credit,tabpfn3,5,full,j2,0.5,,1.818089853750192,0.0267950286924424,101,256,D:\core-tfm\results\core_tfm_submission_full_v1\multi_seed\seed_101_train_256
credit,catboost,1,raw_only,j1,0.5,,1.766512829493234,0.0195388793440663,101,256,D:\core-tfm\results\core_tfm_submission_full_v1\multi_seed\seed_101_train_256
credit,catboost,1,pool_only,arithmetic,0.5,,1.7652366469567968,0.0222826468370617,101,256,D:\core-tfm\results\core_tfm_submission_full_v1\multi_seed\seed_101_train_256
credit,catboost,1,repair_only,hard,1.0,,1.7617677403015657,7.42526293272608e-14,101,256,D:\core-tfm\results\core_tfm_submission_full_v1\multi_seed\seed_101_train_256
credit,catboost,1,full,hard,1.0,,1.7617677403015657,7.42526293272608e-14,101,256,D:\core-tfm\results\core_tfm_submission_full_v1\multi_seed\seed_101_train_256
credit,catboost,2,raw_only,j1,0.5,,1.6545019337163178,0.0143704752486706,101,256,D:\core-tfm\results\core_tfm_submission_full_v1\multi_seed\seed_101_train_256
credit,catboost,2,pool_only,geometric,1.0,,1.6545019337163178,0.0143704752486706,101,256,D:\core-tfm\results\core_tfm_submission_full_v1\multi_seed\seed_101_train_256
credit,catboost,2,repair_only,soft,1.0,0.03,1.6546626146903751,0.014077920091523,101,256,D:\core-tfm\results\core_tfm_submission_full_v1\multi_seed\seed_101_train_256
credit,catboost,2,full,j1,0.5,,1.6545019337163178,0.0143704752486706,101,256,D:\core-tfm\results\core_tfm_submission_full_v1\multi_seed\seed_101_train_256
credit,catboost,3,raw_only,j2,0.5,,1.753238441243271,0.0215979032284633,101,256,D:\core-tfm\results\core_tfm_submission_full_v1\multi_seed\seed_101_train_256
credit,catboost,3,pool_only,arithmetic,0.5,,1.7560201404101223,0.0182820502331826,101,256,D:\core-tfm\results\core_tfm_submission_full_v1\multi_seed\seed_101_train_256
credit,catboost,3,repair_only,soft,0.25,0.03,1.7539398499326393,0.0192452788726173,101,256,D:\core-tfm\results\core_tfm_submission_full_v1\multi_seed\seed_101_train_256
credit,catboost,3,full,arithmetic,0.5,,1.7560201404101223,0.0182820502331826,101,256,D:\core-tfm\results\core_tfm_submission_full_v1\multi_seed\seed_101_train_256
credit,catboost,4,raw_only,j1,0.5,,1.6960737082747548,0.014773000450721,101,256,D:\core-tfm\results\core_tfm_submission_full_v1\multi_seed\seed_101_train_256
credit,catboost,4,pool_only,geometric,1.0,,1.6960737082747546,0.014773000450721,101,256,D:\core-tfm\results\core_tfm_submission_full_v1\multi_seed\seed_101_train_256
credit,catboost,4,repair_only,soft,1.0,0.03,1.6960008974943346,0.0144420812005859,101,256,D:\core-tfm\results\core_tfm_submission_full_v1\multi_seed\seed_101_train_256
credit,catboost,4,full,j1,0.5,,1.6960737082747548,0.014773000450721,101,256,D:\core-tfm\results\core_tfm_submission_full_v1\multi_seed\seed_101_train_256
credit,catboost,5,raw_only,j1,0.5,,1.805213134891296,0.0204567318453208,101,256,D:\core-tfm\results\core_tfm_submission_full_v1\multi_seed\seed_101_train_256
credit,catboost,5,pool_only,geometric,1.0,,1.805213134891296,0.0204567318453208,101,256,D:\core-tfm\results\core_tfm_submission_full_v1\multi_seed\seed_101_train_256
credit,catboost,5,repair_only,soft,1.0,1.0,1.8054269965965688,0.0117841069468754,101,256,D:\core-tfm\results\core_tfm_submission_full_v1\multi_seed\seed_101_train_256
credit,catboost,5,full,soft,1.0,1.0,1.8054269965965688,0.0117841069468754,101,256,D:\core-tfm\results\core_tfm_submission_full_v1\multi_seed\seed_101_train_256
mic,tabiclv2,1,raw_only,j2,0.5,,1.0468301399964246,0.0174443188546653,101,256,D:\core-tfm\results\core_tfm_submission_full_v1\multi_seed\seed_101_train_256
mic,tabiclv2,1,pool_only,geometric,0.0,,1.0468301399964246,0.0174443188546653,101,256,D:\core-tfm\results\core_tfm_submission_full_v1\multi_seed\seed_101_train_256
mic,tabiclv2,1,repair_only,soft,0.0,0.03,1.0472061717764864,0.0169664434516329,101,256,D:\core-tfm\results\core_tfm_submission_full_v1\multi_seed\seed_101_train_256
mic,tabiclv2,1,full,j2,0.5,,1.0468301399964246,0.0174443188546653,101,256,D:\core-tfm\results\core_tfm_submission_full_v1\multi_seed\seed_101_train_256
mic,tabiclv2,2,raw_only,j1,0.5,,1.032877396891076,0.0078521197064549,101,256,D:\core-tfm\results\core_tfm_submission_full_v1\multi_seed\seed_101_train_256
mic,tabiclv2,2,pool_only,arithmetic,0.5,,1.0196633841227043,0.0107079664545951,101,256,D:\core-tfm\results\core_tfm_submission_full_v1\multi_seed\seed_101_train_256
mic,tabiclv2,2,repair_only,soft,1.0,0.03,1.0325713193846309,0.0076364268021855,101,256,D:\core-tfm\results\core_tfm_submission_full_v1\multi_seed\seed_101_train_256
mic,tabiclv2,2,full,arithmetic,0.5,,1.0196633841227043,0.0107079664545951,101,256,D:\core-tfm\results\core_tfm_submission_full_v1\multi_seed\seed_101_train_256
mic,tabiclv2,3,raw_only,j2,0.5,,1.059219244735352,0.0113654803586338,101,256,D:\core-tfm\results\core_tfm_submission_full_v1\multi_seed\seed_101_train_256
mic,tabiclv2,3,pool_only,geometric,0.0,,1.059219244735352,0.0113654803586338,101,256,D:\core-tfm\results\core_tfm_submission_full_v1\multi_seed\seed_101_train_256
mic,tabiclv2,3,repair_only,soft,0.0,0.03,1.059212959650143,0.0110385976698622,101,256,D:\core-tfm\results\core_tfm_submission_full_v1\multi_seed\seed_101_train_256
mic,tabiclv2,3,full,geometric,0.0,,1.059219244735352,0.0113654803586338,101,256,D:\core-tfm\results\core_tfm_submission_full_v1\multi_seed\seed_101_train_256
mic,tabiclv2,4,raw_only,j1,0.5,,1.0011286384516511,0.0073348628122553,101,256,D:\core-tfm\results\core_tfm_submission_full_v1\multi_seed\seed_101_train_256
mic,tabiclv2,4,pool_only,geometric,1.0,,1.0011286384516511,0.0073348628122553,101,256,D:\core-tfm\results\core_tfm_submission_full_v1\multi_seed\seed_101_train_256
mic,tabiclv2,4,repair_only,soft,1.0,0.03,1.0011855834647363,0.0071204414495681,101,256,D:\core-tfm\results\core_tfm_submission_full_v1\multi_seed\seed_101_train_256
mic,tabiclv2,4,full,j1,0.5,,1.0011286384516511,0.0073348628122553,101,256,D:\core-tfm\results\core_tfm_submission_full_v1\multi_seed\seed_101_train_256
mic,tabiclv2,5,raw_only,j1,0.5,,1.0486587201526305,0.0076645109474102,101,256,D:\core-tfm\results\core_tfm_submission_full_v1\multi_seed\seed_101_train_256
mic,tabiclv2,5,pool_only,geometric,1.0,,1.0486587201526305,0.0076645109474102,101,256,D:\core-tfm\results\core_tfm_submission_full_v1\multi_seed\seed_101_train_256
mic,tabiclv2,5,repair_only,soft,1.0,0.03,1.048909969431536,0.0074523108690814,101,256,D:\core-tfm\results\core_tfm_submission_full_v1\multi_seed\seed_101_train_256
mic,tabiclv2,5,full,j1,0.5,,1.0486587201526305,0.0076645109474102,101,256,D:\core-tfm\results\core_tfm_submission_full_v1\multi_seed\seed_101_train_256
mic,tabpfn3,1,raw_only,j2,0.5,,1.0391192384605823,0.0096256743858652,101,256,D:\core-tfm\results\core_tfm_submission_full_v1\multi_seed\seed_101_train_256
mic,tabpfn3,1,pool_only,geometric,0.0,,1.0391192384605823,0.0096256743858652,101,256,D:\core-tfm\results\core_tfm_submission_full_v1\multi_seed\seed_101_train_256
mic,tabpfn3,1,repair_only,soft,0.0,1.0,1.0419474829926696,0.0049248654877606,101,256,D:\core-tfm\results\core_tfm_submission_full_v1\multi_seed\seed_101_train_256
mic,tabpfn3,1,full,soft,0.0,1.0,1.0419474829926696,0.0049248654877606,101,256,D:\core-tfm\results\core_tfm_submission_full_v1\multi_seed\seed_101_train_256
mic,tabpfn3,2,raw_only,j1,0.5,,1.0462399729759275,0.0061187159107641,101,256,D:\core-tfm\results\core_tfm_submission_full_v1\multi_seed\seed_101_train_256
mic,tabpfn3,2,pool_only,geometric,1.0,,1.046239972975928,0.0061187159107641,101,256,D:\core-tfm\results\core_tfm_submission_full_v1\multi_seed\seed_101_train_256
mic,tabpfn3,2,repair_only,soft,1.0,0.03,1.046067482336827,0.0059568604189276,101,256,D:\core-tfm\results\core_tfm_submission_full_v1\multi_seed\seed_101_train_256
mic,tabpfn3,2,full,j1,0.5,,1.0462399729759275,0.0061187159107641,101,256,D:\core-tfm\results\core_tfm_submission_full_v1\multi_seed\seed_101_train_256
mic,tabpfn3,3,raw_only,j2,0.5,,1.0285390911922747,0.0037484277356262,101,256,D:\core-tfm\results\core_tfm_submission_full_v1\multi_seed\seed_101_train_256
mic,tabpfn3,3,pool_only,geometric,0.0,,1.0285390911922747,0.0037484277356262,101,256,D:\core-tfm\results\core_tfm_submission_full_v1\multi_seed\seed_101_train_256
mic,tabpfn3,3,repair_only,soft,0.0,0.03,1.0285981556181345,0.0036405873217903,101,256,D:\core-tfm\results\core_tfm_submission_full_v1\multi_seed\seed_101_train_256
mic,tabpfn3,3,full,j2,0.5,,1.0285390911922747,0.0037484277356262,101,256,D:\core-tfm\results\core_tfm_submission_full_v1\multi_seed\seed_101_train_256
mic,tabpfn3,4,raw_only,j1,0.5,,0.9584091683096588,0.0060103181327851,101,256,D:\core-tfm\results\core_tfm_submission_full_v1\multi_seed\seed_101_train_256
mic,tabpfn3,4,pool_only,geometric,1.0,,0.9584091683096588,0.0060103181327851,101,256,D:\core-tfm\results\core_tfm_submission_full_v1\multi_seed\seed_101_train_256
mic,tabpfn3,4,repair_only,soft,1.0,0.03,0.9584186216004988,0.0058398976459153,101,256,D:\core-tfm\results\core_tfm_submission_full_v1\multi_seed\seed_101_train_256
mic,tabpfn3,4,full,j1,0.5,,0.9584091683096588,0.0060103181327851,101,256,D:\core-tfm\results\core_tfm_submission_full_v1\multi_seed\seed_101_train_256
mic,tabpfn3,5,raw_only,j2,0.5,,1.004709621012203,0.0061220400758709,101,256,D:\core-tfm\results\core_tfm_submission_full_v1\multi_seed\seed_101_train_256
mic,tabpfn3,5,pool_only,geometric,0.0,,1.004709621012203,0.0061220400758709,101,256,D:\core-tfm\results\core_tfm_submission_full_v1\multi_seed\seed_101_train_256
mic,tabpfn3,5,repair_only,soft,0.0,0.03,1.004790769232586,0.0059465313899595,101,256,D:\core-tfm\results\core_tfm_submission_full_v1\multi_seed\seed_101_train_256
mic,tabpfn3,5,full,j2,0.5,,1.004709621012203,0.0061220400758709,101,256,D:\core-tfm\results\core_tfm_submission_full_v1\multi_seed\seed_101_train_256
mic,catboost,1,raw_only,j2,0.5,,1.0884697202461406,0.0146165046785759,101,256,D:\core-tfm\results\core_tfm_submission_full_v1\multi_seed\seed_101_train_256
mic,catboost,1,pool_only,geometric,0.5,,1.0983732036621654,0.013392556361582,101,256,D:\core-tfm\results\core_tfm_submission_full_v1\multi_seed\seed_101_train_256
mic,catboost,1,repair_only,soft,0.5,0.3,1.099814473411085,0.0103398545908259,101,256,D:\core-tfm\results\core_tfm_submission_full_v1\multi_seed\seed_101_train_256
mic,catboost,1,full,soft,0.5,0.3,1.099814473411085,0.0103398545908259,101,256,D:\core-tfm\results\core_tfm_submission_full_v1\multi_seed\seed_101_train_256
mic,catboost,2,raw_only,j1,0.5,,1.063799688064042,0.0117262605943341,101,256,D:\core-tfm\results\core_tfm_submission_full_v1\multi_seed\seed_101_train_256
mic,catboost,2,pool_only,geometric,1.0,,1.0637996880640417,0.0117262605943341,101,256,D:\core-tfm\results\core_tfm_submission_full_v1\multi_seed\seed_101_train_256
mic,catboost,2,repair_only,soft,1.0,0.03,1.0636191441959326,0.0113771514249455,101,256,D:\core-tfm\results\core_tfm_submission_full_v1\multi_seed\seed_101_train_256
mic,catboost,2,full,j1,0.5,,1.063799688064042,0.0117262605943341,101,256,D:\core-tfm\results\core_tfm_submission_full_v1\multi_seed\seed_101_train_256
mic,catboost,3,raw_only,j2,0.5,,1.0439533100567786,0.008917409529029,101,256,D:\core-tfm\results\core_tfm_submission_full_v1\multi_seed\seed_101_train_256
mic,catboost,3,pool_only,geometric,0.0,,1.0439533100567784,0.0089174095290291,101,256,D:\core-tfm\results\core_tfm_submission_full_v1\multi_seed\seed_101_train_256
mic,catboost,3,repair_only,soft,0.0,0.03,1.0437211011274603,0.0086681324587848,101,256,D:\core-tfm\results\core_tfm_submission_full_v1\multi_seed\seed_101_train_256
mic,catboost,3,full,j2,0.5,,1.0439533100567786,0.008917409529029,101,256,D:\core-tfm\results\core_tfm_submission_full_v1\multi_seed\seed_101_train_256
mic,catboost,4,raw_only,j1,0.5,,1.00766335125199,0.0215784140169427,101,256,D:\core-tfm\results\core_tfm_submission_full_v1\multi_seed\seed_101_train_256
mic,catboost,4,pool_only,geometric,1.0,,1.00766335125199,0.0215784140169427,101,256,D:\core-tfm\results\core_tfm_submission_full_v1\multi_seed\seed_101_train_256
mic,catboost,4,repair_only,soft,1.0,0.03,1.0077664468573335,0.0209830625642617,101,256,D:\core-tfm\results\core_tfm_submission_full_v1\multi_seed\seed_101_train_256
mic,catboost,4,full,j1,0.5,,1.00766335125199,0.0215784140169427,101,256,D:\core-tfm\results\core_tfm_submission_full_v1\multi_seed\seed_101_train_256
mic,catboost,5,raw_only,j2,0.5,,1.0693807298835774,0.0145117875047779,101,256,D:\core-tfm\results\core_tfm_submission_full_v1\multi_seed\seed_101_train_256
mic,catboost,5,pool_only,geometric,0.0,,1.0693807298835774,0.0145117875047779,101,256,D:\core-tfm\results\core_tfm_submission_full_v1\multi_seed\seed_101_train_256
mic,catboost,5,repair_only,hard,1.0,,1.0660966593809151,5.00994577312501e-17,101,256,D:\core-tfm\results\core_tfm_submission_full_v1\multi_seed\seed_101_train_256
mic,catboost,5,full,hard,1.0,,1.0660966593809151,5.00994577312501e-17,101,256,D:\core-tfm\results\core_tfm_submission_full_v1\multi_seed\seed_101_train_256
customer,tabiclv2,1,raw_only,j2,0.5,,1.367887759405466,0.0363218557675182,101,256,D:\core-tfm\results\core_tfm_submission_full_v1\multi_seed\seed_101_train_256
customer,tabiclv2,1,pool_only,geometric,0.0,,1.367887759405466,0.0363218557675182,101,256,D:\core-tfm\results\core_tfm_submission_full_v1\multi_seed\seed_101_train_256
customer,tabiclv2,1,repair_only,soft,0.0,0.1,1.3636678662404125,0.0329761124117614,101,256,D:\core-tfm\results\core_tfm_submission_full_v1\multi_seed\seed_101_train_256
customer,tabiclv2,1,full,soft,0.0,0.1,1.3636678662404125,0.0329761124117614,101,256,D:\core-tfm\results\core_tfm_submission_full_v1\multi_seed\seed_101_train_256
customer,tabiclv2,2,raw_only,j1,0.5,,1.590784144625116,0.0048846760905943,101,256,D:\core-tfm\results\core_tfm_submission_full_v1\multi_seed\seed_101_train_256
customer,tabiclv2,2,pool_only,geometric,1.0,,1.590784144625116,0.0048846760905944,101,256,D:\core-tfm\results\core_tfm_submission_full_v1\multi_seed\seed_101_train_256
customer,tabiclv2,2,repair_only,soft,1.0,0.03,1.5907852619305616,0.0047454792232621,101,256,D:\core-tfm\results\core_tfm_submission_full_v1\multi_seed\seed_101_train_256
customer,tabiclv2,2,full,j1,0.5,,1.590784144625116,0.0048846760905943,101,256,D:\core-tfm\results\core_tfm_submission_full_v1\multi_seed\seed_101_train_256
customer,tabiclv2,3,raw_only,j2,0.5,,1.375631931199341,0.0134462231777283,101,256,D:\core-tfm\results\core_tfm_submission_full_v1\multi_seed\seed_101_train_256
customer,tabiclv2,3,pool_only,geometric,0.0,,1.375631931199341,0.0134462231777283,101,256,D:\core-tfm\results\core_tfm_submission_full_v1\multi_seed\seed_101_train_256
customer,tabiclv2,3,repair_only,soft,0.0,0.03,1.3758019057194364,0.0130659658880453,101,256,D:\core-tfm\results\core_tfm_submission_full_v1\multi_seed\seed_101_train_256
customer,tabiclv2,3,full,j2,0.5,,1.375631931199341,0.0134462231777283,101,256,D:\core-tfm\results\core_tfm_submission_full_v1\multi_seed\seed_101_train_256
customer,tabiclv2,4,raw_only,j1,0.5,,1.3404067869372212,0.0083711629866348,101,256,D:\core-tfm\results\core_tfm_submission_full_v1\multi_seed\seed_101_train_256
customer,tabiclv2,4,pool_only,geometric,0.75,,1.3372181854838736,0.009919249962033,101,256,D:\core-tfm\results\core_tfm_submission_full_v1\multi_seed\seed_101_train_256
customer,tabiclv2,4,repair_only,soft,1.0,1.0,1.3401822013794606,0.0042740795896575,101,256,D:\core-tfm\results\core_tfm_submission_full_v1\multi_seed\seed_101_train_256
customer,tabiclv2,4,full,soft,1.0,1.0,1.3401822013794606,0.0042740795896575,101,256,D:\core-tfm\results\core_tfm_submission_full_v1\multi_seed\seed_101_train_256
customer,tabiclv2,5,raw_only,j1,0.5,,1.293163867595717,0.0079328573890089,101,256,D:\core-tfm\results\core_tfm_submission_full_v1\multi_seed\seed_101_train_256
customer,tabiclv2,5,pool_only,geometric,1.0,,1.293163867595717,0.0079328573890089,101,256,D:\core-tfm\results\core_tfm_submission_full_v1\multi_seed\seed_101_train_256
customer,tabiclv2,5,repair_only,soft,1.0,0.03,1.293118797480045,0.0077293610505831,101,256,D:\core-tfm\results\core_tfm_submission_full_v1\multi_seed\seed_101_train_256
customer,tabiclv2,5,full,j1,0.5,,1.293163867595717,0.0079328573890089,101,256,D:\core-tfm\results\core_tfm_submission_full_v1\multi_seed\seed_101_train_256
customer,tabpfn3,1,raw_only,j2,0.5,,1.3550530779404355,0.0054865308529619,101,256,D:\core-tfm\results\core_tfm_submission_full_v1\multi_seed\seed_101_train_256
customer,tabpfn3,1,pool_only,geometric,0.0,,1.3550530779404355,0.0054865308529619,101,256,D:\core-tfm\results\core_tfm_submission_full_v1\multi_seed\seed_101_train_256
customer,tabpfn3,1,repair_only,soft,0.0,0.03,1.354933708437751,0.0053283603861314,101,256,D:\core-tfm\results\core_tfm_submission_full_v1\multi_seed\seed_101_train_256
customer,tabpfn3,1,full,j2,0.5,,1.3550530779404355,0.0054865308529619,101,256,D:\core-tfm\results\core_tfm_submission_full_v1\multi_seed\seed_101_train_256
customer,tabpfn3,2,raw_only,j2,0.5,,1.5956614966780116,0.0035826080597855,101,256,D:\core-tfm\results\core_tfm_submission_full_v1\multi_seed\seed_101_train_256
customer,tabpfn3,2,pool_only,geometric,0.0,,1.5956614966780116,0.0035826080597855,101,256,D:\core-tfm\results\core_tfm_submission_full_v1\multi_seed\seed_101_train_256
customer,tabpfn3,2,repair_only,soft,0.0,0.03,1.5956048648548973,0.003478981134212,101,256,D:\core-tfm\results\core_tfm_submission_full_v1\multi_seed\seed_101_train_256
customer,tabpfn3,2,full,j2,0.5,,1.5956614966780116,0.0035826080597855,101,256,D:\core-tfm\results\core_tfm_submission_full_v1\multi_seed\seed_101_train_256
customer,tabpfn3,3,raw_only,j1,0.5,,1.3863719364527785,0.0016020284730144,101,256,D:\core-tfm\results\core_tfm_submission_full_v1\multi_seed\seed_101_train_256
customer,tabpfn3,3,pool_only,geometric,1.0,,1.3863719364527785,0.0016020284730144,101,256,D:\core-tfm\results\core_tfm_submission_full_v1\multi_seed\seed_101_train_256
customer,tabpfn3,3,repair_only,soft,1.0,0.03,1.3863253371826616,0.0015555864593541,101,256,D:\core-tfm\results\core_tfm_submission_full_v1\multi_seed\seed_101_train_256
customer,tabpfn3,3,full,j1,0.5,,1.3863719364527785,0.0016020284730144,101,256,D:\core-tfm\results\core_tfm_submission_full_v1\multi_seed\seed_101_train_256
customer,tabpfn3,4,raw_only,j2,0.5,,1.319890467298698,0.0042758625677204,101,256,D:\core-tfm\results\core_tfm_submission_full_v1\multi_seed\seed_101_train_256
customer,tabpfn3,4,pool_only,geometric,0.0,,1.319890467298698,0.0042758625677204,101,256,D:\core-tfm\results\core_tfm_submission_full_v1\multi_seed\seed_101_train_256
customer,tabpfn3,4,repair_only,soft,0.0,0.03,1.3198071130007083,0.0041517498692004,101,256,D:\core-tfm\results\core_tfm_submission_full_v1\multi_seed\seed_101_train_256
customer,tabpfn3,4,full,j2,0.5,,1.319890467298698,0.0042758625677204,101,256,D:\core-tfm\results\core_tfm_submission_full_v1\multi_seed\seed_101_train_256
customer,tabpfn3,5,raw_only,j2,0.5,,1.3190948044103927,0.0068092970917355,101,256,D:\core-tfm\results\core_tfm_submission_full_v1\multi_seed\seed_101_train_256
customer,tabpfn3,5,pool_only,geometric,0.0,,1.3190948044103927,0.0068092970917355,101,256,D:\core-tfm\results\core_tfm_submission_full_v1\multi_seed\seed_101_train_256
customer,tabpfn3,5,repair_only,soft,0.0,0.03,1.3190641571371755,0.0066151430381008,101,256,D:\core-tfm\results\core_tfm_submission_full_v1\multi_seed\seed_101_train_256
customer,tabpfn3,5,full,j2,0.5,,1.3190948044103927,0.0068092970917355,101,256,D:\core-tfm\results\core_tfm_submission_full_v1\multi_seed\seed_101_train_256
customer,catboost,1,raw_only,j1,0.5,,1.3966576512255733,0.0110323205698104,101,256,D:\core-tfm\results\core_tfm_submission_full_v1\multi_seed\seed_101_train_256
customer,catboost,1,pool_only,geometric,1.0,,1.3966576512255733,0.0110323205698104,101,256,D:\core-tfm\results\core_tfm_submission_full_v1\multi_seed\seed_101_train_256
customer,catboost,1,repair_only,soft,1.0,0.03,1.396707560114096,0.0107272348935527,101,256,D:\core-tfm\results\core_tfm_submission_full_v1\multi_seed\seed_101_train_256
customer,catboost,1,full,j1,0.5,,1.3966576512255733,0.0110323205698104,101,256,D:\core-tfm\results\core_tfm_submission_full_v1\multi_seed\seed_101_train_256
customer,catboost,2,raw_only,j2,0.5,,1.6512373445624766,0.0205083297939519,101,256,D:\core-tfm\results\core_tfm_submission_full_v1\multi_seed\seed_101_train_256
customer,catboost,2,pool_only,geometric,0.0,,1.6512373445624768,0.0205083297939519,101,256,D:\core-tfm\results\core_tfm_submission_full_v1\multi_seed\seed_101_train_256
customer,catboost,2,repair_only,soft,0.0,0.03,1.6514644245312675,0.0198994763372572,101,256,D:\core-tfm\results\core_tfm_submission_full_v1\multi_seed\seed_101_train_256
customer,catboost,2,full,j2,0.5,,1.6512373445624766,0.0205083297939519,101,256,D:\core-tfm\results\core_tfm_submission_full_v1\multi_seed\seed_101_train_256
customer,catboost,3,raw_only,j2,0.5,,1.4477292835070008,0.0199713048036916,101,256,D:\core-tfm\results\core_tfm_submission_full_v1\multi_seed\seed_101_train_256
customer,catboost,3,pool_only,geometric,0.0,,1.4477292835070008,0.0199713048036916,101,256,D:\core-tfm\results\core_tfm_submission_full_v1\multi_seed\seed_101_train_256
customer,catboost,3,repair_only,soft,0.0,0.03,1.447861345291698,0.0193934427740003,101,256,D:\core-tfm\results\core_tfm_submission_full_v1\multi_seed\seed_101_train_256
customer,catboost,3,full,j2,0.5,,1.4477292835070008,0.0199713048036916,101,256,D:\core-tfm\results\core_tfm_submission_full_v1\multi_seed\seed_101_train_256
customer,catboost,4,raw_only,j1,0.5,,1.3357314429728693,0.0074995530175683,101,256,D:\core-tfm\results\core_tfm_submission_full_v1\multi_seed\seed_101_train_256
customer,catboost,4,pool_only,geometric,0.75,,1.3382841394823486,0.0107889236270998,101,256,D:\core-tfm\results\core_tfm_submission_full_v1\multi_seed\seed_101_train_256
customer,catboost,4,repair_only,soft,1.0,1.0,1.3333081415242107,0.0037474268491017,101,256,D:\core-tfm\results\core_tfm_submission_full_v1\multi_seed\seed_101_train_256
customer,catboost,4,full,soft,1.0,1.0,1.3333081415242107,0.0037474268491017,101,256,D:\core-tfm\results\core_tfm_submission_full_v1\multi_seed\seed_101_train_256
customer,catboost,5,raw_only,j1,0.5,,1.3650603120471112,0.0115423639672502,101,256,D:\core-tfm\results\core_tfm_submission_full_v1\multi_seed\seed_101_train_256
customer,catboost,5,pool_only,geometric,0.75,,1.3688403523351296,0.0151452841960852,101,256,D:\core-tfm\results\core_tfm_submission_full_v1\multi_seed\seed_101_train_256
customer,catboost,5,repair_only,soft,0.75,0.03,1.3686983616123725,0.0147065434408177,101,256,D:\core-tfm\results\core_tfm_submission_full_v1\multi_seed\seed_101_train_256
customer,catboost,5,full,geometric,0.75,,1.3688403523351296,0.0151452841960852,101,256,D:\core-tfm\results\core_tfm_submission_full_v1\multi_seed\seed_101_train_256
marketing,tabiclv2,1,raw_only,j1,0.5,,1.9245323883743013,0.016023797295867,101,256,D:\core-tfm\results\core_tfm_submission_full_v1\multi_seed\seed_101_train_256
marketing,tabiclv2,1,pool_only,geometric,1.0,,1.9245323883743013,0.016023797295867,101,256,D:\core-tfm\results\core_tfm_submission_full_v1\multi_seed\seed_101_train_256
marketing,tabiclv2,1,repair_only,soft,1.0,0.03,1.9252436311552057,0.0156562342484544,101,256,D:\core-tfm\results\core_tfm_submission_full_v1\multi_seed\seed_101_train_256
marketing,tabiclv2,1,full,j1,0.5,,1.9245323883743013,0.016023797295867,101,256,D:\core-tfm\results\core_tfm_submission_full_v1\multi_seed\seed_101_train_256
marketing,tabiclv2,2,raw_only,j1,0.5,,2.042254772449078,0.0301975663459917,101,256,D:\core-tfm\results\core_tfm_submission_full_v1\multi_seed\seed_101_train_256
marketing,tabiclv2,2,pool_only,geometric,1.0,,2.042254772449078,0.0301975663459917,101,256,D:\core-tfm\results\core_tfm_submission_full_v1\multi_seed\seed_101_train_256
marketing,tabiclv2,2,repair_only,soft,1.0,0.03,2.0438398997135088,0.0293863918340755,101,256,D:\core-tfm\results\core_tfm_submission_full_v1\multi_seed\seed_101_train_256
marketing,tabiclv2,2,full,j1,0.5,,2.042254772449078,0.0301975663459917,101,256,D:\core-tfm\results\core_tfm_submission_full_v1\multi_seed\seed_101_train_256
marketing,tabiclv2,3,raw_only,j1,0.5,,1.8348626186159995,0.0149710580952845,101,256,D:\core-tfm\results\core_tfm_submission_full_v1\multi_seed\seed_101_train_256
marketing,tabiclv2,3,pool_only,geometric,1.0,,1.8348626186159995,0.0149710580952845,101,256,D:\core-tfm\results\core_tfm_submission_full_v1\multi_seed\seed_101_train_256
marketing,tabiclv2,3,repair_only,soft,1.0,0.03,1.834983515539992,0.0146380414492647,101,256,D:\core-tfm\results\core_tfm_submission_full_v1\multi_seed\seed_101_train_256
marketing,tabiclv2,3,full,j1,0.5,,1.8348626186159995,0.0149710580952845,101,256,D:\core-tfm\results\core_tfm_submission_full_v1\multi_seed\seed_101_train_256
marketing,tabiclv2,4,raw_only,j2,0.5,,1.7907865752620569,0.0179551134942685,101,256,D:\core-tfm\results\core_tfm_submission_full_v1\multi_seed\seed_101_train_256
marketing,tabiclv2,4,pool_only,geometric,0.0,,1.7907865752620569,0.0179551134942686,101,256,D:\core-tfm\results\core_tfm_submission_full_v1\multi_seed\seed_101_train_256
marketing,tabiclv2,4,repair_only,soft,0.0,0.03,1.7905056054766226,0.0174508296162074,101,256,D:\core-tfm\results\core_tfm_submission_full_v1\multi_seed\seed_101_train_256
marketing,tabiclv2,4,full,j2,0.5,,1.7907865752620569,0.0179551134942685,101,256,D:\core-tfm\results\core_tfm_submission_full_v1\multi_seed\seed_101_train_256
marketing,tabiclv2,5,raw_only,j2,0.5,,1.7428505634240945,0.0399648078319277,101,256,D:\core-tfm\results\core_tfm_submission_full_v1\multi_seed\seed_101_train_256
marketing,tabiclv2,5,pool_only,geometric,0.25,,1.724045798740221,0.0349080647118405,101,256,D:\core-tfm\results\core_tfm_submission_full_v1\multi_seed\seed_101_train_256
marketing,tabiclv2,5,repair_only,soft,0.25,0.1,1.7222719258048735,0.032036208112679,101,256,D:\core-tfm\results\core_tfm_submission_full_v1\multi_seed\seed_101_train_256
marketing,tabiclv2,5,full,soft,0.25,0.1,1.7222719258048735,0.032036208112679,101,256,D:\core-tfm\results\core_tfm_submission_full_v1\multi_seed\seed_101_train_256
marketing,tabpfn3,1,raw_only,j1,0.5,,1.857693119439246,0.0130165565953008,101,256,D:\core-tfm\results\core_tfm_submission_full_v1\multi_seed\seed_101_train_256
marketing,tabpfn3,1,pool_only,geometric,0.5,,1.8683166209125173,0.0106916993643176,101,256,D:\core-tfm\results\core_tfm_submission_full_v1\multi_seed\seed_101_train_256
marketing,tabpfn3,1,repair_only,soft,0.5,3.0,1.8766959204157856,0.0028218590102255,101,256,D:\core-tfm\results\core_tfm_submission_full_v1\multi_seed\seed_101_train_256
marketing,tabpfn3,1,full,soft,0.5,3.0,1.8766959204157856,0.0028218590102255,101,256,D:\core-tfm\results\core_tfm_submission_full_v1\multi_seed\seed_101_train_256
marketing,tabpfn3,2,raw_only,j1,0.5,,2.00395699279125,0.0086675051612539,101,256,D:\core-tfm\results\core_tfm_submission_full_v1\multi_seed\seed_101_train_256
marketing,tabpfn3,2,pool_only,geometric,0.75,,1.9990430692757488,0.0070633044035486,101,256,D:\core-tfm\results\core_tfm_submission_full_v1\multi_seed\seed_101_train_256
marketing,tabpfn3,2,repair_only,hard,1.0,,1.9909069706972,9.046027739473772e-14,101,256,D:\core-tfm\results\core_tfm_submission_full_v1\multi_seed\seed_101_train_256
marketing,tabpfn3,2,full,hard,1.0,,1.9909069706972,9.046027739473772e-14,101,256,D:\core-tfm\results\core_tfm_submission_full_v1\multi_seed\seed_101_train_256
marketing,tabpfn3,3,raw_only,j2,0.5,,1.6985053049786636,0.0071654087874005,101,256,D:\core-tfm\results\core_tfm_submission_full_v1\multi_seed\seed_101_train_256
marketing,tabpfn3,3,pool_only,geometric,0.0,,1.6985053049786636,0.0071654087874006,101,256,D:\core-tfm\results\core_tfm_submission_full_v1\multi_seed\seed_101_train_256
marketing,tabpfn3,3,repair_only,soft,0.0,0.03,1.6984623766290396,0.0069640328985921,101,256,D:\core-tfm\results\core_tfm_submission_full_v1\multi_seed\seed_101_train_256
marketing,tabpfn3,3,full,j2,0.5,,1.6985053049786636,0.0071654087874005,101,256,D:\core-tfm\results\core_tfm_submission_full_v1\multi_seed\seed_101_train_256
marketing,tabpfn3,4,raw_only,j2,0.5,,1.7526670803528122,0.0058856774829336,101,256,D:\core-tfm\results\core_tfm_submission_full_v1\multi_seed\seed_101_train_256
marketing,tabpfn3,4,pool_only,geometric,0.0,,1.7526670803528124,0.0058856774829336,101,256,D:\core-tfm\results\core_tfm_submission_full_v1\multi_seed\seed_101_train_256
marketing,tabpfn3,4,repair_only,soft,0.0,0.03,1.7523043928693465,0.0056866004835421,101,256,D:\core-tfm\results\core_tfm_submission_full_v1\multi_seed\seed_101_train_256
marketing,tabpfn3,4,full,j2,0.5,,1.7526670803528122,0.0058856774829336,101,256,D:\core-tfm\results\core_tfm_submission_full_v1\multi_seed\seed_101_train_256
marketing,tabpfn3,5,raw_only,j1,0.5,,1.645517387321299,0.0089340607432022,101,256,D:\core-tfm\results\core_tfm_submission_full_v1\multi_seed\seed_101_train_256
marketing,tabpfn3,5,pool_only,geometric,1.0,,1.645517387321299,0.0089340607432022,101,256,D:\core-tfm\results\core_tfm_submission_full_v1\multi_seed\seed_101_train_256
marketing,tabpfn3,5,repair_only,soft,1.0,0.03,1.6460297849970134,0.0087269445634563,101,256,D:\core-tfm\results\core_tfm_submission_full_v1\multi_seed\seed_101_train_256
marketing,tabpfn3,5,full,j1,0.5,,1.645517387321299,0.0089340607432022,101,256,D:\core-tfm\results\core_tfm_submission_full_v1\multi_seed\seed_101_train_256
marketing,catboost,1,raw_only,j1,0.5,,1.9997200335587964,0.0083668358947052,101,256,D:\core-tfm\results\core_tfm_submission_full_v1\multi_seed\seed_101_train_256
marketing,catboost,1,pool_only,geometric,0.75,,1.9973219481026927,0.0114109453826177,101,256,D:\core-tfm\results\core_tfm_submission_full_v1\multi_seed\seed_101_train_256
marketing,catboost,1,repair_only,soft,1.0,1.0,1.9964944151163608,0.0044892512055267,101,256,D:\core-tfm\results\core_tfm_submission_full_v1\multi_seed\seed_101_train_256
marketing,catboost,1,full,soft,1.0,1.0,1.9964944151163608,0.0044892512055267,101,256,D:\core-tfm\results\core_tfm_submission_full_v1\multi_seed\seed_101_train_256
marketing,catboost,2,raw_only,j1,0.5,,1.891702103803204,0.0109836667862832,101,256,D:\core-tfm\results\core_tfm_submission_full_v1\multi_seed\seed_101_train_256
marketing,catboost,2,pool_only,geometric,1.0,,1.891702103803204,0.0109836667862832,101,256,D:\core-tfm\results\core_tfm_submission_full_v1\multi_seed\seed_101_train_256
marketing,catboost,2,repair_only,hard,1.0,,1.8777159058067765,3.1168047743418414e-14,101,256,D:\core-tfm\results\core_tfm_submission_full_v1\multi_seed\seed_101_train_256
marketing,catboost,2,full,hard,1.0,,1.8777159058067765,3.1168047743418414e-14,101,256,D:\core-tfm\results\core_tfm_submission_full_v1\multi_seed\seed_101_train_256
marketing,catboost,3,raw_only,j1,0.5,,1.7752698160951026,0.0089330712416679,101,256,D:\core-tfm\results\core_tfm_submission_full_v1\multi_seed\seed_101_train_256
marketing,catboost,3,pool_only,arithmetic,0.5,,1.7641791230767492,0.0157134762897996,101,256,D:\core-tfm\results\core_tfm_submission_full_v1\multi_seed\seed_101_train_256
marketing,catboost,3,repair_only,hard,1.0,,1.7819963528880365,1.8975794514267813e-14,101,256,D:\core-tfm\results\core_tfm_submission_full_v1\multi_seed\seed_101_train_256
marketing,catboost,3,full,hard,1.0,,1.7819963528880365,1.8975794514267813e-14,101,256,D:\core-tfm\results\core_tfm_submission_full_v1\multi_seed\seed_101_train_256
marketing,catboost,4,raw_only,j1,0.5,,1.7579344636703478,0.0106116326398934,101,256,D:\core-tfm\results\core_tfm_submission_full_v1\multi_seed\seed_101_train_256
marketing,catboost,4,pool_only,geometric,1.0,,1.7579344636703478,0.0106116326398934,101,256,D:\core-tfm\results\core_tfm_submission_full_v1\multi_seed\seed_101_train_256
marketing,catboost,4,repair_only,hard,1.0,,1.7494666626394904,2.0211926614810074e-13,101,256,D:\core-tfm\results\core_tfm_submission_full_v1\multi_seed\seed_101_train_256
marketing,catboost,4,full,hard,1.0,,1.7494666626394904,2.0211926614810074e-13,101,256,D:\core-tfm\results\core_tfm_submission_full_v1\multi_seed\seed_101_train_256
marketing,catboost,5,raw_only,j1,0.5,,1.856657326640404,0.0095826253342611,101,256,D:\core-tfm\results\core_tfm_submission_full_v1\multi_seed\seed_101_train_256
marketing,catboost,5,pool_only,geometric,1.0,,1.856657326640404,0.0095826253342611,101,256,D:\core-tfm\results\core_tfm_submission_full_v1\multi_seed\seed_101_train_256
marketing,catboost,5,repair_only,hard,1.0,,1.8442118787156632,1.1462151486198864e-14,101,256,D:\core-tfm\results\core_tfm_submission_full_v1\multi_seed\seed_101_train_256
marketing,catboost,5,full,hard,1.0,,1.8442118787156632,1.1462151486198864e-14,101,256,D:\core-tfm\results\core_tfm_submission_full_v1\multi_seed\seed_101_train_256
phishing,tabiclv2,1,raw_only,j2,0.5,,0.7173209373856341,0.026741313033024,101,256,D:\core-tfm\results\core_tfm_submission_full_v1\multi_seed\seed_101_train_256
phishing,tabiclv2,1,pool_only,geometric,0.0,,0.7173209373856342,0.026741313033024,101,256,D:\core-tfm\results\core_tfm_submission_full_v1\multi_seed\seed_101_train_256
phishing,tabiclv2,1,repair_only,soft,0.0,0.03,0.7166996329935196,0.0263249581519149,101,256,D:\core-tfm\results\core_tfm_submission_full_v1\multi_seed\seed_101_train_256
phishing,tabiclv2,1,full,j2,0.5,,0.7173209373856341,0.026741313033024,101,256,D:\core-tfm\results\core_tfm_submission_full_v1\multi_seed\seed_101_train_256
phishing,tabiclv2,2,raw_only,j2,0.5,,1.0104150552230868,0.0237447076897308,101,256,D:\core-tfm\results\core_tfm_submission_full_v1\multi_seed\seed_101_train_256
phishing,tabiclv2,2,pool_only,geometric,0.0,,1.0104150552230868,0.0237447076897308,101,256,D:\core-tfm\results\core_tfm_submission_full_v1\multi_seed\seed_101_train_256
phishing,tabiclv2,2,repair_only,soft,0.0,0.03,1.0094640376249415,0.0234436551858021,101,256,D:\core-tfm\results\core_tfm_submission_full_v1\multi_seed\seed_101_train_256
phishing,tabiclv2,2,full,j2,0.5,,1.0104150552230868,0.0237447076897308,101,256,D:\core-tfm\results\core_tfm_submission_full_v1\multi_seed\seed_101_train_256
phishing,tabiclv2,3,raw_only,j2,0.5,,0.8565701222564974,0.0283321504730995,101,256,D:\core-tfm\results\core_tfm_submission_full_v1\multi_seed\seed_101_train_256
phishing,tabiclv2,3,pool_only,geometric,0.0,,0.8565701222564974,0.0283321504730995,101,256,D:\core-tfm\results\core_tfm_submission_full_v1\multi_seed\seed_101_train_256
phishing,tabiclv2,3,repair_only,soft,0.0,0.03,0.8560908632614941,0.0279608427118348,101,256,D:\core-tfm\results\core_tfm_submission_full_v1\multi_seed\seed_101_train_256
phishing,tabiclv2,3,full,j2,0.5,,0.8565701222564974,0.0283321504730995,101,256,D:\core-tfm\results\core_tfm_submission_full_v1\multi_seed\seed_101_train_256
phishing,tabiclv2,4,raw_only,j2,0.5,,1.0648345117277287,0.0305015357262826,101,256,D:\core-tfm\results\core_tfm_submission_full_v1\multi_seed\seed_101_train_256
phishing,tabiclv2,4,pool_only,geometric,0.0,,1.0648345117277287,0.0305015357262826,101,256,D:\core-tfm\results\core_tfm_submission_full_v1\multi_seed\seed_101_train_256
phishing,tabiclv2,4,repair_only,soft,0.0,0.03,1.0631493791983997,0.0300373398425019,101,256,D:\core-tfm\results\core_tfm_submission_full_v1\multi_seed\seed_101_train_256
phishing,tabiclv2,4,full,j2,0.5,,1.0648345117277287,0.0305015357262826,101,256,D:\core-tfm\results\core_tfm_submission_full_v1\multi_seed\seed_101_train_256
phishing,tabiclv2,5,raw_only,j2,0.5,,0.7501945662069236,0.0253692354129,101,256,D:\core-tfm\results\core_tfm_submission_full_v1\multi_seed\seed_101_train_256
phishing,tabiclv2,5,pool_only,arithmetic,0.5,,0.7436927668622789,0.023022897327951,101,256,D:\core-tfm\results\core_tfm_submission_full_v1\multi_seed\seed_101_train_256
phishing,tabiclv2,5,repair_only,soft,0.5,0.03,0.7435492260577126,0.0227531148621879,101,256,D:\core-tfm\results\core_tfm_submission_full_v1\multi_seed\seed_101_train_256
phishing,tabiclv2,5,full,arithmetic,0.5,,0.7436927668622789,0.023022897327951,101,256,D:\core-tfm\results\core_tfm_submission_full_v1\multi_seed\seed_101_train_256
phishing,tabpfn3,1,raw_only,j2,0.5,,0.6654711137871676,0.0229206930249981,101,256,D:\core-tfm\results\core_tfm_submission_full_v1\multi_seed\seed_101_train_256
phishing,tabpfn3,1,pool_only,geometric,0.0,,0.6654711137871676,0.0229206930249981,101,256,D:\core-tfm\results\core_tfm_submission_full_v1\multi_seed\seed_101_train_256
phishing,tabpfn3,1,repair_only,soft,0.0,0.03,0.6654578364368889,0.0225742185026251,101,256,D:\core-tfm\results\core_tfm_submission_full_v1\multi_seed\seed_101_train_256
phishing,tabpfn3,1,full,j2,0.5,,0.6654711137871676,0.0229206930249981,101,256,D:\core-tfm\results\core_tfm_submission_full_v1\multi_seed\seed_101_train_256
phishing,tabpfn3,2,raw_only,j2,0.5,,1.0148361808302484,0.0262493108787752,101,256,D:\core-tfm\results\core_tfm_submission_full_v1\multi_seed\seed_101_train_256
phishing,tabpfn3,2,pool_only,geometric,0.0,,1.0148361808302486,0.0262493108787752,101,256,D:\core-tfm\results\core_tfm_submission_full_v1\multi_seed\seed_101_train_256
phishing,tabpfn3,2,repair_only,soft,0.0,0.1,1.013626489003363,0.0251629222590727,101,256,D:\core-tfm\results\core_tfm_submission_full_v1\multi_seed\seed_101_train_256
phishing,tabpfn3,2,full,soft,0.0,0.1,1.013626489003363,0.0251629222590727,101,256,D:\core-tfm\results\core_tfm_submission_full_v1\multi_seed\seed_101_train_256
phishing,tabpfn3,3,raw_only,j2,0.5,,0.8722705455943023,0.0247139001801008,101,256,D:\core-tfm\results\core_tfm_submission_full_v1\multi_seed\seed_101_train_256
phishing,tabpfn3,3,pool_only,geometric,0.0,,0.8722705455943023,0.0247139001801008,101,256,D:\core-tfm\results\core_tfm_submission_full_v1\multi_seed\seed_101_train_256
phishing,tabpfn3,3,repair_only,soft,0.0,0.03,0.8722026386894557,0.0243217392001976,101,256,D:\core-tfm\results\core_tfm_submission_full_v1\multi_seed\seed_101_train_256
phishing,tabpfn3,3,full,j2,0.5,,0.8722705455943023,0.0247139001801008,101,256,D:\core-tfm\results\core_tfm_submission_full_v1\multi_seed\seed_101_train_256
phishing,tabpfn3,4,raw_only,j2,0.5,,1.0612948365741566,0.022705990565615,101,256,D:\core-tfm\results\core_tfm_submission_full_v1\multi_seed\seed_101_train_256
phishing,tabpfn3,4,pool_only,arithmetic,0.5,,1.049483086126664,0.0206260228398061,101,256,D:\core-tfm\results\core_tfm_submission_full_v1\multi_seed\seed_101_train_256
phishing,tabpfn3,4,repair_only,soft,0.0,0.03,1.0604538365409883,0.0223969157128056,101,256,D:\core-tfm\results\core_tfm_submission_full_v1\multi_seed\seed_101_train_256
phishing,tabpfn3,4,full,arithmetic,0.5,,1.049483086126664,0.0206260228398061,101,256,D:\core-tfm\results\core_tfm_submission_full_v1\multi_seed\seed_101_train_256
phishing,tabpfn3,5,raw_only,j1,0.5,,0.7471026348595453,0.014506000670612,101,256,D:\core-tfm\results\core_tfm_submission_full_v1\multi_seed\seed_101_train_256
phishing,tabpfn3,5,pool_only,geometric,1.0,,0.7471026348595455,0.014506000670612,101,256,D:\core-tfm\results\core_tfm_submission_full_v1\multi_seed\seed_101_train_256
phishing,tabpfn3,5,repair_only,soft,1.0,0.03,0.7468201787750052,0.01431113062658,101,256,D:\core-tfm\results\core_tfm_submission_full_v1\multi_seed\seed_101_train_256
phishing,tabpfn3,5,full,j1,0.5,,0.7471026348595453,0.014506000670612,101,256,D:\core-tfm\results\core_tfm_submission_full_v1\multi_seed\seed_101_train_256
phishing,catboost,1,raw_only,j1,0.5,,0.9100576475859672,0.0352346703502834,101,256,D:\core-tfm\results\core_tfm_submission_full_v1\multi_seed\seed_101_train_256
phishing,catboost,1,pool_only,geometric,0.75,,0.904068264035155,0.0337699042482716,101,256,D:\core-tfm\results\core_tfm_submission_full_v1\multi_seed\seed_101_train_256
phishing,catboost,1,repair_only,hard,1.0,,0.9299853408757596,7.670054438043035e-13,101,256,D:\core-tfm\results\core_tfm_submission_full_v1\multi_seed\seed_101_train_256
phishing,catboost,1,full,hard,1.0,,0.9299853408757596,7.670054438043035e-13,101,256,D:\core-tfm\results\core_tfm_submission_full_v1\multi_seed\seed_101_train_256
phishing,catboost,2,raw_only,j2,0.5,,1.1287256926713267,0.031584269898901,101,256,D:\core-tfm\results\core_tfm_submission_full_v1\multi_seed\seed_101_train_256
phishing,catboost,2,pool_only,geometric,0.25,,1.129305401588938,0.0306826843411953,101,256,D:\core-tfm\results\core_tfm_submission_full_v1\multi_seed\seed_101_train_256
phishing,catboost,2,repair_only,soft,0.0,3.0,1.129091219725978,0.0137380530696399,101,256,D:\core-tfm\results\core_tfm_submission_full_v1\multi_seed\seed_101_train_256
phishing,catboost,2,full,soft,0.0,3.0,1.129091219725978,0.0137380530696399,101,256,D:\core-tfm\results\core_tfm_submission_full_v1\multi_seed\seed_101_train_256
phishing,catboost,3,raw_only,j2,0.5,,1.044360836526388,0.0389236988385362,101,256,D:\core-tfm\results\core_tfm_submission_full_v1\multi_seed\seed_101_train_256
phishing,catboost,3,pool_only,geometric,0.0,,1.044360836526388,0.0389236988385362,101,256,D:\core-tfm\results\core_tfm_submission_full_v1\multi_seed\seed_101_train_256
phishing,catboost,3,repair_only,soft,0.0,0.3,1.0435817753992584,0.0328683088681198,101,256,D:\core-tfm\results\core_tfm_submission_full_v1\multi_seed\seed_101_train_256
phishing,catboost,3,full,soft,0.0,0.3,1.0435817753992584,0.0328683088681198,101,256,D:\core-tfm\results\core_tfm_submission_full_v1\multi_seed\seed_101_train_256
phishing,catboost,4,raw_only,j2,0.5,,1.3222420912866746,0.0382151600492604,101,256,D:\core-tfm\results\core_tfm_submission_full_v1\multi_seed\seed_101_train_256
phishing,catboost,4,pool_only,geometric,0.5,,1.2880708878633262,0.0359905654762282,101,256,D:\core-tfm\results\core_tfm_submission_full_v1\multi_seed\seed_101_train_256
phishing,catboost,4,repair_only,soft,0.5,0.03,1.287266054911463,0.0352325926430807,101,256,D:\core-tfm\results\core_tfm_submission_full_v1\multi_seed\seed_101_train_256
phishing,catboost,4,full,geometric,0.5,,1.2880708878633262,0.0359905654762282,101,256,D:\core-tfm\results\core_tfm_submission_full_v1\multi_seed\seed_101_train_256
phishing,catboost,5,raw_only,j2,0.5,,0.9737778673479324,0.0388722590787795,101,256,D:\core-tfm\results\core_tfm_submission_full_v1\multi_seed\seed_101_train_256
phishing,catboost,5,pool_only,arithmetic,0.5,,0.9920351979815988,0.0345593213730876,101,256,D:\core-tfm\results\core_tfm_submission_full_v1\multi_seed\seed_101_train_256
phishing,catboost,5,repair_only,soft,0.0,3.0,0.9744296323734694,0.0148693655118347,101,256,D:\core-tfm\results\core_tfm_submission_full_v1\multi_seed\seed_101_train_256
phishing,catboost,5,full,soft,0.0,3.0,0.9744296323734694,0.0148693655118347,101,256,D:\core-tfm\results\core_tfm_submission_full_v1\multi_seed\seed_101_train_256
anneal,tabiclv2,1,raw_only,j2,0.5,,0.3123147947951634,0.0104308354082489,11,256,D:\core-tfm\results\core_tfm_submission_full_v1\multi_seed\seed_11_train_256
anneal,tabiclv2,1,pool_only,arithmetic,0.5,,0.3075232954866662,0.0063774853305126,11,256,D:\core-tfm\results\core_tfm_submission_full_v1\multi_seed\seed_11_train_256
anneal,tabiclv2,1,repair_only,hard,1.0,,0.3020623663960333,1.0663579660772265e-13,11,256,D:\core-tfm\results\core_tfm_submission_full_v1\multi_seed\seed_11_train_256
anneal,tabiclv2,1,full,hard,1.0,,0.3020623663960333,1.0663579660772265e-13,11,256,D:\core-tfm\results\core_tfm_submission_full_v1\multi_seed\seed_11_train_256
anneal,tabiclv2,2,raw_only,j2,0.5,,0.2391058366141003,0.0124866088685021,11,256,D:\core-tfm\results\core_tfm_submission_full_v1\multi_seed\seed_11_train_256
anneal,tabiclv2,2,pool_only,geometric,0.0,,0.2391058366141003,0.0124866088685021,11,256,D:\core-tfm\results\core_tfm_submission_full_v1\multi_seed\seed_11_train_256
anneal,tabiclv2,2,repair_only,soft,0.0,0.03,0.2390245103371495,0.0121707123807812,11,256,D:\core-tfm\results\core_tfm_submission_full_v1\multi_seed\seed_11_train_256
anneal,tabiclv2,2,full,j2,0.5,,0.2391058366141003,0.0124866088685021,11,256,D:\core-tfm\results\core_tfm_submission_full_v1\multi_seed\seed_11_train_256
anneal,tabiclv2,3,raw_only,j2,0.5,,0.4509822456876737,0.0191929934028823,11,256,D:\core-tfm\results\core_tfm_submission_full_v1\multi_seed\seed_11_train_256
anneal,tabiclv2,3,pool_only,geometric,0.0,,0.4509822456876737,0.0191929934028823,11,256,D:\core-tfm\results\core_tfm_submission_full_v1\multi_seed\seed_11_train_256
anneal,tabiclv2,3,repair_only,soft,0.0,1.0,0.4428334815856359,0.0106842347541248,11,256,D:\core-tfm\results\core_tfm_submission_full_v1\multi_seed\seed_11_train_256
anneal,tabiclv2,3,full,soft,0.0,1.0,0.4428334815856359,0.0106842347541248,11,256,D:\core-tfm\results\core_tfm_submission_full_v1\multi_seed\seed_11_train_256
anneal,tabiclv2,4,raw_only,j1,0.5,,0.2631236724964004,0.0016241483247158,11,256,D:\core-tfm\results\core_tfm_submission_full_v1\multi_seed\seed_11_train_256
anneal,tabiclv2,4,pool_only,geometric,0.75,,0.2622637712647838,0.0041381067294476,11,256,D:\core-tfm\results\core_tfm_submission_full_v1\multi_seed\seed_11_train_256
anneal,tabiclv2,4,repair_only,soft,0.0,3.0,0.2718426944373567,0.0029563272323152,11,256,D:\core-tfm\results\core_tfm_submission_full_v1\multi_seed\seed_11_train_256
anneal,tabiclv2,4,full,soft,0.0,3.0,0.2718426944373567,0.0029563272323152,11,256,D:\core-tfm\results\core_tfm_submission_full_v1\multi_seed\seed_11_train_256
anneal,tabiclv2,5,raw_only,j2,0.5,,0.2838484095048289,0.0107308823332378,11,256,D:\core-tfm\results\core_tfm_submission_full_v1\multi_seed\seed_11_train_256
anneal,tabiclv2,5,pool_only,geometric,0.0,,0.2838484095048289,0.0107308823332378,11,256,D:\core-tfm\results\core_tfm_submission_full_v1\multi_seed\seed_11_train_256
anneal,tabiclv2,5,repair_only,soft,0.0,1.0,0.2872614562961905,0.0053789251623264,11,256,D:\core-tfm\results\core_tfm_submission_full_v1\multi_seed\seed_11_train_256
anneal,tabiclv2,5,full,soft,0.0,1.0,0.2872614562961905,0.0053789251623264,11,256,D:\core-tfm\results\core_tfm_submission_full_v1\multi_seed\seed_11_train_256
anneal,tabpfn3,1,raw_only,j1,0.5,,0.3456803989490856,0.0039806008667068,11,256,D:\core-tfm\results\core_tfm_submission_full_v1\multi_seed\seed_11_train_256
anneal,tabpfn3,1,pool_only,geometric,0.5,,0.3372008702312261,0.0066598311394751,11,256,D:\core-tfm\results\core_tfm_submission_full_v1\multi_seed\seed_11_train_256
anneal,tabpfn3,1,repair_only,hard,1.0,,0.3424299942539189,5.5395025280664153e-14,11,256,D:\core-tfm\results\core_tfm_submission_full_v1\multi_seed\seed_11_train_256
anneal,tabpfn3,1,full,hard,1.0,,0.3424299942539189,5.5395025280664153e-14,11,256,D:\core-tfm\results\core_tfm_submission_full_v1\multi_seed\seed_11_train_256
anneal,tabpfn3,2,raw_only,j2,0.5,,0.2553986994983612,0.0069327793649313,11,256,D:\core-tfm\results\core_tfm_submission_full_v1\multi_seed\seed_11_train_256
anneal,tabpfn3,2,pool_only,geometric,0.0,,0.2553986994983612,0.0069327793649313,11,256,D:\core-tfm\results\core_tfm_submission_full_v1\multi_seed\seed_11_train_256
anneal,tabpfn3,2,repair_only,soft,0.0,0.03,0.255543431838425,0.0067708960838813,11,256,D:\core-tfm\results\core_tfm_submission_full_v1\multi_seed\seed_11_train_256
anneal,tabpfn3,2,full,j2,0.5,,0.2553986994983612,0.0069327793649313,11,256,D:\core-tfm\results\core_tfm_submission_full_v1\multi_seed\seed_11_train_256
anneal,tabpfn3,3,raw_only,j2,0.5,,0.4546971545834631,0.0140964306059129,11,256,D:\core-tfm\results\core_tfm_submission_full_v1\multi_seed\seed_11_train_256
anneal,tabpfn3,3,pool_only,geometric,0.5,,0.464517514902165,0.0093987247136316,11,256,D:\core-tfm\results\core_tfm_submission_full_v1\multi_seed\seed_11_train_256
anneal,tabpfn3,3,repair_only,soft,0.5,0.03,0.4646504865656791,0.0091623535221834,11,256,D:\core-tfm\results\core_tfm_submission_full_v1\multi_seed\seed_11_train_256
anneal,tabpfn3,3,full,geometric,0.5,,0.464517514902165,0.0093987247136316,11,256,D:\core-tfm\results\core_tfm_submission_full_v1\multi_seed\seed_11_train_256
anneal,tabpfn3,4,raw_only,j2,0.5,,0.2788501081456526,0.006417129269774,11,256,D:\core-tfm\results\core_tfm_submission_full_v1\multi_seed\seed_11_train_256
anneal,tabpfn3,4,pool_only,geometric,0.5,,0.2826387202926308,0.0050021643175634,11,256,D:\core-tfm\results\core_tfm_submission_full_v1\multi_seed\seed_11_train_256
anneal,tabpfn3,4,repair_only,soft,0.5,0.03,0.282717735659691,0.004883032396631,11,256,D:\core-tfm\results\core_tfm_submission_full_v1\multi_seed\seed_11_train_256
anneal,tabpfn3,4,full,geometric,0.5,,0.2826387202926308,0.0050021643175634,11,256,D:\core-tfm\results\core_tfm_submission_full_v1\multi_seed\seed_11_train_256
anneal,tabpfn3,5,raw_only,j2,0.5,,0.2964073468417557,0.0069286895092224,11,256,D:\core-tfm\results\core_tfm_submission_full_v1\multi_seed\seed_11_train_256
anneal,tabpfn3,5,pool_only,geometric,0.0,,0.2964073468417557,0.0069286895092224,11,256,D:\core-tfm\results\core_tfm_submission_full_v1\multi_seed\seed_11_train_256
anneal,tabpfn3,5,repair_only,soft,0.0,1.0,0.2963374405353352,0.003814844841589,11,256,D:\core-tfm\results\core_tfm_submission_full_v1\multi_seed\seed_11_train_256
anneal,tabpfn3,5,full,soft,0.0,1.0,0.2963374405353352,0.003814844841589,11,256,D:\core-tfm\results\core_tfm_submission_full_v1\multi_seed\seed_11_train_256
anneal,catboost,1,raw_only,j2,0.5,,0.832276330297715,0.0301318554950856,11,256,D:\core-tfm\results\core_tfm_submission_full_v1\multi_seed\seed_11_train_256
anneal,catboost,1,pool_only,geometric,0.0,,0.832276330297715,0.0301318554950856,11,256,D:\core-tfm\results\core_tfm_submission_full_v1\multi_seed\seed_11_train_256
anneal,catboost,1,repair_only,soft,0.0,0.03,0.8312262605856857,0.0292612215993347,11,256,D:\core-tfm\results\core_tfm_submission_full_v1\multi_seed\seed_11_train_256
anneal,catboost,1,full,j2,0.5,,0.832276330297715,0.0301318554950856,11,256,D:\core-tfm\results\core_tfm_submission_full_v1\multi_seed\seed_11_train_256
anneal,catboost,2,raw_only,j1,0.5,,0.9638180241517216,0.0117680559372319,11,256,D:\core-tfm\results\core_tfm_submission_full_v1\multi_seed\seed_11_train_256
anneal,catboost,2,pool_only,geometric,1.0,,0.9638180241517216,0.0117680559372319,11,256,D:\core-tfm\results\core_tfm_submission_full_v1\multi_seed\seed_11_train_256
anneal,catboost,2,repair_only,soft,1.0,0.03,0.96354202267858,0.0114115888730218,11,256,D:\core-tfm\results\core_tfm_submission_full_v1\multi_seed\seed_11_train_256
anneal,catboost,2,full,j1,0.5,,0.9638180241517216,0.0117680559372319,11,256,D:\core-tfm\results\core_tfm_submission_full_v1\multi_seed\seed_11_train_256
anneal,catboost,3,raw_only,j2,0.5,,0.970756955012948,0.0219861285118376,11,256,D:\core-tfm\results\core_tfm_submission_full_v1\multi_seed\seed_11_train_256
anneal,catboost,3,pool_only,geometric,0.0,,0.970756955012948,0.0219861285118376,11,256,D:\core-tfm\results\core_tfm_submission_full_v1\multi_seed\seed_11_train_256
anneal,catboost,3,repair_only,soft,0.0,0.03,0.9703493210659506,0.0213409715906291,11,256,D:\core-tfm\results\core_tfm_submission_full_v1\multi_seed\seed_11_train_256
anneal,catboost,3,full,j2,0.5,,0.970756955012948,0.0219861285118376,11,256,D:\core-tfm\results\core_tfm_submission_full_v1\multi_seed\seed_11_train_256
anneal,catboost,4,raw_only,j2,0.5,,0.8598193171011009,0.0273650682439347,11,256,D:\core-tfm\results\core_tfm_submission_full_v1\multi_seed\seed_11_train_256
anneal,catboost,4,pool_only,geometric,0.0,,0.859819317101101,0.0273650682439347,11,256,D:\core-tfm\results\core_tfm_submission_full_v1\multi_seed\seed_11_train_256
anneal,catboost,4,repair_only,soft,0.0,0.03,0.8578085960371302,0.0265856136134238,11,256,D:\core-tfm\results\core_tfm_submission_full_v1\multi_seed\seed_11_train_256
anneal,catboost,4,full,j2,0.5,,0.8598193171011009,0.0273650682439347,11,256,D:\core-tfm\results\core_tfm_submission_full_v1\multi_seed\seed_11_train_256
anneal,catboost,5,raw_only,j2,0.5,,0.8369321441028624,0.0284279192700929,11,256,D:\core-tfm\results\core_tfm_submission_full_v1\multi_seed\seed_11_train_256
anneal,catboost,5,pool_only,geometric,0.0,,0.8369321441028624,0.0284279192700929,11,256,D:\core-tfm\results\core_tfm_submission_full_v1\multi_seed\seed_11_train_256
anneal,catboost,5,repair_only,soft,0.0,0.03,0.8359546895186658,0.0276005277023605,11,256,D:\core-tfm\results\core_tfm_submission_full_v1\multi_seed\seed_11_train_256
anneal,catboost,5,full,j2,0.5,,0.8369321441028624,0.0284279192700929,11,256,D:\core-tfm\results\core_tfm_submission_full_v1\multi_seed\seed_11_train_256
diamonds,tabiclv2,1,raw_only,j1,0.5,,2.33743727886508,0.027794908503285,11,256,D:\core-tfm\results\core_tfm_submission_full_v1\multi_seed\seed_11_train_256
diamonds,tabiclv2,1,pool_only,arithmetic,0.5,,2.2930361722514374,0.0445784625520351,11,256,D:\core-tfm\results\core_tfm_submission_full_v1\multi_seed\seed_11_train_256
diamonds,tabiclv2,1,repair_only,hard,0.0,,2.357420626337393,1.9380344124893138e-13,11,256,D:\core-tfm\results\core_tfm_submission_full_v1\multi_seed\seed_11_train_256
diamonds,tabiclv2,1,full,hard,0.0,,2.357420626337393,1.9380344124893138e-13,11,256,D:\core-tfm\results\core_tfm_submission_full_v1\multi_seed\seed_11_train_256
diamonds,tabiclv2,2,raw_only,j1,0.5,,2.1027495057269583,0.0263597901394424,11,256,D:\core-tfm\results\core_tfm_submission_full_v1\multi_seed\seed_11_train_256
diamonds,tabiclv2,2,pool_only,geometric,0.75,,2.093465785111904,0.032590665197999,11,256,D:\core-tfm\results\core_tfm_submission_full_v1\multi_seed\seed_11_train_256
diamonds,tabiclv2,2,repair_only,soft,1.0,10.0,2.158642795945084,0.0022513782199828,11,256,D:\core-tfm\results\core_tfm_submission_full_v1\multi_seed\seed_11_train_256
diamonds,tabiclv2,2,full,soft,1.0,10.0,2.158642795945084,0.0022513782199828,11,256,D:\core-tfm\results\core_tfm_submission_full_v1\multi_seed\seed_11_train_256
diamonds,tabiclv2,3,raw_only,j1,0.5,,2.304065085102968,0.0266646612330878,11,256,D:\core-tfm\results\core_tfm_submission_full_v1\multi_seed\seed_11_train_256
diamonds,tabiclv2,3,pool_only,geometric,0.75,,2.277223312325737,0.0321431944764072,11,256,D:\core-tfm\results\core_tfm_submission_full_v1\multi_seed\seed_11_train_256
diamonds,tabiclv2,3,repair_only,soft,0.75,0.03,2.2770958131778047,0.0311833012507699,11,256,D:\core-tfm\results\core_tfm_submission_full_v1\multi_seed\seed_11_train_256
diamonds,tabiclv2,3,full,soft,0.75,0.03,2.2770958131778047,0.0311833012507699,11,256,D:\core-tfm\results\core_tfm_submission_full_v1\multi_seed\seed_11_train_256
diamonds,tabiclv2,4,raw_only,j2,0.5,,2.279856228574995,0.0547549481120147,11,256,D:\core-tfm\results\core_tfm_submission_full_v1\multi_seed\seed_11_train_256
diamonds,tabiclv2,4,pool_only,arithmetic,0.5,,2.254020370883409,0.0420109136304848,11,256,D:\core-tfm\results\core_tfm_submission_full_v1\multi_seed\seed_11_train_256
diamonds,tabiclv2,4,repair_only,soft,0.25,0.1,2.2592628136620494,0.04298855611144,11,256,D:\core-tfm\results\core_tfm_submission_full_v1\multi_seed\seed_11_train_256
diamonds,tabiclv2,4,full,arithmetic,0.5,,2.254020370883409,0.0420109136304848,11,256,D:\core-tfm\results\core_tfm_submission_full_v1\multi_seed\seed_11_train_256
diamonds,tabiclv2,5,raw_only,j1,0.5,,2.201785612995269,0.0295590523577384,11,256,D:\core-tfm\results\core_tfm_submission_full_v1\multi_seed\seed_11_train_256
diamonds,tabiclv2,5,pool_only,arithmetic,0.5,,2.1750098137169926,0.0351160957616904,11,256,D:\core-tfm\results\core_tfm_submission_full_v1\multi_seed\seed_11_train_256
diamonds,tabiclv2,5,repair_only,soft,0.5,1.0,2.1730139493573324,0.01753140710034,11,256,D:\core-tfm\results\core_tfm_submission_full_v1\multi_seed\seed_11_train_256
diamonds,tabiclv2,5,full,soft,0.5,1.0,2.1730139493573324,0.01753140710034,11,256,D:\core-tfm\results\core_tfm_submission_full_v1\multi_seed\seed_11_train_256
diamonds,tabpfn3,1,raw_only,j2,0.5,,2.322948958006594,0.0254846559513737,11,256,D:\core-tfm\results\core_tfm_submission_full_v1\multi_seed\seed_11_train_256
diamonds,tabpfn3,1,pool_only,arithmetic,0.5,,2.3234758800028885,0.0215109904521353,11,256,D:\core-tfm\results\core_tfm_submission_full_v1\multi_seed\seed_11_train_256
diamonds,tabpfn3,1,repair_only,hard,1.0,,2.3087764807311952,4.347867353180976e-13,11,256,D:\core-tfm\results\core_tfm_submission_full_v1\multi_seed\seed_11_train_256
diamonds,tabpfn3,1,full,hard,1.0,,2.3087764807311952,4.347867353180976e-13,11,256,D:\core-tfm\results\core_tfm_submission_full_v1\multi_seed\seed_11_train_256
diamonds,tabpfn3,2,raw_only,j2,0.5,,2.0858528623889425,0.0259412196615812,11,256,D:\core-tfm\results\core_tfm_submission_full_v1\multi_seed\seed_11_train_256
diamonds,tabpfn3,2,pool_only,geometric,0.0,,2.0858528623889425,0.0259412196615812,11,256,D:\core-tfm\results\core_tfm_submission_full_v1\multi_seed\seed_11_train_256
diamonds,tabpfn3,2,repair_only,soft,0.0,3.0,2.0836630744627005,0.0066505663346627,11,256,D:\core-tfm\results\core_tfm_submission_full_v1\multi_seed\seed_11_train_256
diamonds,tabpfn3,2,full,soft,0.0,3.0,2.0836630744627005,0.0066505663346627,11,256,D:\core-tfm\results\core_tfm_submission_full_v1\multi_seed\seed_11_train_256
diamonds,tabpfn3,3,raw_only,j2,0.5,,2.36956815292828,0.0220270011389562,11,256,D:\core-tfm\results\core_tfm_submission_full_v1\multi_seed\seed_11_train_256
diamonds,tabpfn3,3,pool_only,geometric,0.25,,2.3612326350287085,0.0211500743649172,11,256,D:\core-tfm\results\core_tfm_submission_full_v1\multi_seed\seed_11_train_256
diamonds,tabpfn3,3,repair_only,hard,1.0,,2.3485427119172284,4.4248174879623284e-13,11,256,D:\core-tfm\results\core_tfm_submission_full_v1\multi_seed\seed_11_train_256
diamonds,tabpfn3,3,full,hard,1.0,,2.3485427119172284,4.4248174879623284e-13,11,256,D:\core-tfm\results\core_tfm_submission_full_v1\multi_seed\seed_11_train_256
diamonds,tabpfn3,4,raw_only,j1,0.5,,2.2253990287503607,0.0281843904785719,11,256,D:\core-tfm\results\core_tfm_submission_full_v1\multi_seed\seed_11_train_256
diamonds,tabpfn3,4,pool_only,arithmetic,0.5,,2.24891014772924,0.0272252867583819,11,256,D:\core-tfm\results\core_tfm_submission_full_v1\multi_seed\seed_11_train_256
diamonds,tabpfn3,4,repair_only,soft,0.75,1.0,2.235409778425488,0.0132585378089756,11,256,D:\core-tfm\results\core_tfm_submission_full_v1\multi_seed\seed_11_train_256
diamonds,tabpfn3,4,full,soft,0.75,1.0,2.235409778425488,0.0132585378089756,11,256,D:\core-tfm\results\core_tfm_submission_full_v1\multi_seed\seed_11_train_256
diamonds,tabpfn3,5,raw_only,j2,0.5,,2.1961631713054146,0.0263873879017184,11,256,D:\core-tfm\results\core_tfm_submission_full_v1\multi_seed\seed_11_train_256
diamonds,tabpfn3,5,pool_only,geometric,0.25,,2.198998607893275,0.0259664671434551,11,256,D:\core-tfm\results\core_tfm_submission_full_v1\multi_seed\seed_11_train_256
diamonds,tabpfn3,5,repair_only,hard,0.0,,2.186172413157335,4.462415581561228e-14,11,256,D:\core-tfm\results\core_tfm_submission_full_v1\multi_seed\seed_11_train_256
diamonds,tabpfn3,5,full,hard,0.0,,2.186172413157335,4.462415581561228e-14,11,256,D:\core-tfm\results\core_tfm_submission_full_v1\multi_seed\seed_11_train_256
diamonds,catboost,1,raw_only,j2,0.5,,2.7611816463696,0.0285358275968008,11,256,D:\core-tfm\results\core_tfm_submission_full_v1\multi_seed\seed_11_train_256
diamonds,catboost,1,pool_only,geometric,0.25,,2.7646127179563864,0.0256466482355962,11,256,D:\core-tfm\results\core_tfm_submission_full_v1\multi_seed\seed_11_train_256
diamonds,catboost,1,repair_only,hard,0.0,,2.769056208445698,2.660972977337403e-13,11,256,D:\core-tfm\results\core_tfm_submission_full_v1\multi_seed\seed_11_train_256
diamonds,catboost,1,full,hard,0.0,,2.769056208445698,2.660972977337403e-13,11,256,D:\core-tfm\results\core_tfm_submission_full_v1\multi_seed\seed_11_train_256
diamonds,catboost,2,raw_only,j2,0.5,,2.778732504241163,0.0264731343351512,11,256,D:\core-tfm\results\core_tfm_submission_full_v1\multi_seed\seed_11_train_256
diamonds,catboost,2,pool_only,geometric,0.0,,2.778732504241163,0.0264731343351512,11,256,D:\core-tfm\results\core_tfm_submission_full_v1\multi_seed\seed_11_train_256
diamonds,catboost,2,repair_only,soft,0.0,0.03,2.779196568690434,0.0257435453678515,11,256,D:\core-tfm\results\core_tfm_submission_full_v1\multi_seed\seed_11_train_256
diamonds,catboost,2,full,j2,0.5,,2.778732504241163,0.0264731343351512,11,256,D:\core-tfm\results\core_tfm_submission_full_v1\multi_seed\seed_11_train_256
diamonds,catboost,3,raw_only,j1,0.5,,2.827851437862934,0.0263905853639683,11,256,D:\core-tfm\results\core_tfm_submission_full_v1\multi_seed\seed_11_train_256
diamonds,catboost,3,pool_only,geometric,0.5,,2.822320363159421,0.026426696735125,11,256,D:\core-tfm\results\core_tfm_submission_full_v1\multi_seed\seed_11_train_256
diamonds,catboost,3,repair_only,hard,0.0,,2.838591503648164,1.0837376596172302e-14,11,256,D:\core-tfm\results\core_tfm_submission_full_v1\multi_seed\seed_11_train_256
diamonds,catboost,3,full,hard,0.0,,2.838591503648164,1.0837376596172302e-14,11,256,D:\core-tfm\results\core_tfm_submission_full_v1\multi_seed\seed_11_train_256
diamonds,catboost,4,raw_only,j2,0.5,,2.784972155507238,0.035134644572308,11,256,D:\core-tfm\results\core_tfm_submission_full_v1\multi_seed\seed_11_train_256
diamonds,catboost,4,pool_only,geometric,0.25,,2.779778317596325,0.0316290833926674,11,256,D:\core-tfm\results\core_tfm_submission_full_v1\multi_seed\seed_11_train_256
diamonds,catboost,4,repair_only,soft,0.25,0.03,2.779649089503621,0.0307136831736181,11,256,D:\core-tfm\results\core_tfm_submission_full_v1\multi_seed\seed_11_train_256
diamonds,catboost,4,full,geometric,0.25,,2.779778317596325,0.0316290833926674,11,256,D:\core-tfm\results\core_tfm_submission_full_v1\multi_seed\seed_11_train_256
diamonds,catboost,5,raw_only,j1,0.5,,2.8450320924648884,0.0187356053363539,11,256,D:\core-tfm\results\core_tfm_submission_full_v1\multi_seed\seed_11_train_256
diamonds,catboost,5,pool_only,geometric,0.75,,2.836412206657885,0.0227110453006483,11,256,D:\core-tfm\results\core_tfm_submission_full_v1\multi_seed\seed_11_train_256
diamonds,catboost,5,repair_only,soft,0.75,0.03,2.836531943319957,0.0220533794992461,11,256,D:\core-tfm\results\core_tfm_submission_full_v1\multi_seed\seed_11_train_256
diamonds,catboost,5,full,geometric,0.75,,2.836412206657885,0.0227110453006483,11,256,D:\core-tfm\results\core_tfm_submission_full_v1\multi_seed\seed_11_train_256
car,tabiclv2,1,raw_only,j1,0.5,,1.2840014816790335,0.0303683342576612,11,256,D:\core-tfm\results\core_tfm_submission_full_v1\multi_seed\seed_11_train_256
car,tabiclv2,1,pool_only,geometric,1.0,,1.2840014816790335,0.0303683342576612,11,256,D:\core-tfm\results\core_tfm_submission_full_v1\multi_seed\seed_11_train_256
car,tabiclv2,1,repair_only,soft,1.0,1.0,1.2956218361785714,0.0251889829960207,11,256,D:\core-tfm\results\core_tfm_submission_full_v1\multi_seed\seed_11_train_256
car,tabiclv2,1,full,soft,1.0,1.0,1.2956218361785714,0.0251889829960207,11,256,D:\core-tfm\results\core_tfm_submission_full_v1\multi_seed\seed_11_train_256
car,tabiclv2,2,raw_only,j1,0.5,,1.2705431799807214,0.0336212230461426,11,256,D:\core-tfm\results\core_tfm_submission_full_v1\multi_seed\seed_11_train_256
car,tabiclv2,2,pool_only,geometric,0.75,,1.2570452433469184,0.0362316598294115,11,256,D:\core-tfm\results\core_tfm_submission_full_v1\multi_seed\seed_11_train_256
car,tabiclv2,2,repair_only,soft,0.75,0.03,1.2563831322246508,0.0357929558643914,11,256,D:\core-tfm\results\core_tfm_submission_full_v1\multi_seed\seed_11_train_256
car,tabiclv2,2,full,soft,0.75,0.03,1.2563831322246508,0.0357929558643914,11,256,D:\core-tfm\results\core_tfm_submission_full_v1\multi_seed\seed_11_train_256
car,tabiclv2,3,raw_only,j1,0.5,,1.2046068697253909,0.0431265333490753,11,256,D:\core-tfm\results\core_tfm_submission_full_v1\multi_seed\seed_11_train_256
car,tabiclv2,3,pool_only,geometric,1.0,,1.2046068697253909,0.0431265333490753,11,256,D:\core-tfm\results\core_tfm_submission_full_v1\multi_seed\seed_11_train_256
car,tabiclv2,3,repair_only,soft,1.0,0.3,1.2046755561848543,0.040436024154207,11,256,D:\core-tfm\results\core_tfm_submission_full_v1\multi_seed\seed_11_train_256
car,tabiclv2,3,full,soft,1.0,0.3,1.2046755561848543,0.040436024154207,11,256,D:\core-tfm\results\core_tfm_submission_full_v1\multi_seed\seed_11_train_256
car,tabiclv2,4,raw_only,j2,0.5,,1.3439477017877328,0.0385666626887818,11,256,D:\core-tfm\results\core_tfm_submission_full_v1\multi_seed\seed_11_train_256
car,tabiclv2,4,pool_only,arithmetic,0.5,,1.3201080498099411,0.0317479697475646,11,256,D:\core-tfm\results\core_tfm_submission_full_v1\multi_seed\seed_11_train_256
car,tabiclv2,4,repair_only,soft,0.0,1.0,1.334956224145282,0.0274311743864611,11,256,D:\core-tfm\results\core_tfm_submission_full_v1\multi_seed\seed_11_train_256
car,tabiclv2,4,full,arithmetic,0.5,,1.3201080498099411,0.0317479697475646,11,256,D:\core-tfm\results\core_tfm_submission_full_v1\multi_seed\seed_11_train_256
car,tabiclv2,5,raw_only,j1,0.5,,1.28264363968837,0.0300559849662977,11,256,D:\core-tfm\results\core_tfm_submission_full_v1\multi_seed\seed_11_train_256
car,tabiclv2,5,pool_only,geometric,1.0,,1.2826436396883698,0.0300559849662977,11,256,D:\core-tfm\results\core_tfm_submission_full_v1\multi_seed\seed_11_train_256
car,tabiclv2,5,repair_only,soft,1.0,0.03,1.282518800075883,0.0298477944252057,11,256,D:\core-tfm\results\core_tfm_submission_full_v1\multi_seed\seed_11_train_256
car,tabiclv2,5,full,j1,0.5,,1.28264363968837,0.0300559849662977,11,256,D:\core-tfm\results\core_tfm_submission_full_v1\multi_seed\seed_11_train_256
car,tabpfn3,1,raw_only,j1,0.5,,1.2966973432628364,0.0285334250403778,11,256,D:\core-tfm\results\core_tfm_submission_full_v1\multi_seed\seed_11_train_256
car,tabpfn3,1,pool_only,geometric,1.0,,1.2966973432628364,0.0285334250403778,11,256,D:\core-tfm\results\core_tfm_submission_full_v1\multi_seed\seed_11_train_256
car,tabpfn3,1,repair_only,soft,1.0,0.1,1.2991219827295852,0.0280584146064244,11,256,D:\core-tfm\results\core_tfm_submission_full_v1\multi_seed\seed_11_train_256
car,tabpfn3,1,full,soft,1.0,0.1,1.2991219827295852,0.0280584146064244,11,256,D:\core-tfm\results\core_tfm_submission_full_v1\multi_seed\seed_11_train_256
car,tabpfn3,2,raw_only,j1,0.5,,1.2681025615429933,0.034580440692801,11,256,D:\core-tfm\results\core_tfm_submission_full_v1\multi_seed\seed_11_train_256
car,tabpfn3,2,pool_only,geometric,0.5,,1.270732246576006,0.037619523082259,11,256,D:\core-tfm\results\core_tfm_submission_full_v1\multi_seed\seed_11_train_256
car,tabpfn3,2,repair_only,soft,0.75,0.3,1.2670958623997906,0.0334584522167544,11,256,D:\core-tfm\results\core_tfm_submission_full_v1\multi_seed\seed_11_train_256
car,tabpfn3,2,full,soft,0.75,0.3,1.2670958623997906,0.0334584522167544,11,256,D:\core-tfm\results\core_tfm_submission_full_v1\multi_seed\seed_11_train_256
car,tabpfn3,3,raw_only,j1,0.5,,1.2768579356254228,0.0574736488890004,11,256,D:\core-tfm\results\core_tfm_submission_full_v1\multi_seed\seed_11_train_256
car,tabpfn3,3,pool_only,geometric,1.0,,1.2768579356254228,0.0574736488890004,11,256,D:\core-tfm\results\core_tfm_submission_full_v1\multi_seed\seed_11_train_256
car,tabpfn3,3,repair_only,soft,1.0,0.03,1.2771742175369938,0.0570303294792348,11,256,D:\core-tfm\results\core_tfm_submission_full_v1\multi_seed\seed_11_train_256
car,tabpfn3,3,full,j1,0.5,,1.2768579356254228,0.0574736488890004,11,256,D:\core-tfm\results\core_tfm_submission_full_v1\multi_seed\seed_11_train_256
car,tabpfn3,4,raw_only,j1,0.5,,1.3338083374938248,0.027118743306618,11,256,D:\core-tfm\results\core_tfm_submission_full_v1\multi_seed\seed_11_train_256
car,tabpfn3,4,pool_only,arithmetic,0.5,,1.318312007721964,0.0307366307410357,11,256,D:\core-tfm\results\core_tfm_submission_full_v1\multi_seed\seed_11_train_256
car,tabpfn3,4,repair_only,soft,0.5,1.0,1.3263248832614574,0.0239666240421099,11,256,D:\core-tfm\results\core_tfm_submission_full_v1\multi_seed\seed_11_train_256
car,tabpfn3,4,full,arithmetic,0.5,,1.318312007721964,0.0307366307410357,11,256,D:\core-tfm\results\core_tfm_submission_full_v1\multi_seed\seed_11_train_256
car,tabpfn3,5,raw_only,j1,0.5,,1.2864003714064776,0.0300762295675473,11,256,D:\core-tfm\results\core_tfm_submission_full_v1\multi_seed\seed_11_train_256
car,tabpfn3,5,pool_only,geometric,1.0,,1.2864003714064776,0.0300762295675473,11,256,D:\core-tfm\results\core_tfm_submission_full_v1\multi_seed\seed_11_train_256
car,tabpfn3,5,repair_only,soft,1.0,0.03,1.2866789747563614,0.0298447622082159,11,256,D:\core-tfm\results\core_tfm_submission_full_v1\multi_seed\seed_11_train_256
car,tabpfn3,5,full,j1,0.5,,1.2864003714064776,0.0300762295675473,11,256,D:\core-tfm\results\core_tfm_submission_full_v1\multi_seed\seed_11_train_256
car,catboost,1,raw_only,j1,0.5,,1.5762728735509897,0.0256453725898756,11,256,D:\core-tfm\results\core_tfm_submission_full_v1\multi_seed\seed_11_train_256
car,catboost,1,pool_only,geometric,1.0,,1.5762728735509897,0.0256453725898756,11,256,D:\core-tfm\results\core_tfm_submission_full_v1\multi_seed\seed_11_train_256
car,catboost,1,repair_only,hard,1.0,,1.579121743402499,3.0962969547240066e-13,11,256,D:\core-tfm\results\core_tfm_submission_full_v1\multi_seed\seed_11_train_256
car,catboost,1,full,hard,1.0,,1.579121743402499,3.0962969547240066e-13,11,256,D:\core-tfm\results\core_tfm_submission_full_v1\multi_seed\seed_11_train_256
car,catboost,2,raw_only,j1,0.5,,1.566113508190499,0.0175448810324989,11,256,D:\core-tfm\results\core_tfm_submission_full_v1\multi_seed\seed_11_train_256
car,catboost,2,pool_only,geometric,1.0,,1.566113508190499,0.0175448810324989,11,256,D:\core-tfm\results\core_tfm_submission_full_v1\multi_seed\seed_11_train_256
car,catboost,2,repair_only,soft,1.0,10.0,1.5944119846061793,0.0026605298356237,11,256,D:\core-tfm\results\core_tfm_submission_full_v1\multi_seed\seed_11_train_256
car,catboost,2,full,soft,1.0,10.0,1.5944119846061793,0.0026605298356237,11,256,D:\core-tfm\results\core_tfm_submission_full_v1\multi_seed\seed_11_train_256
car,catboost,3,raw_only,j2,0.5,,1.5624800817598667,0.0180839488833688,11,256,D:\core-tfm\results\core_tfm_submission_full_v1\multi_seed\seed_11_train_256
car,catboost,3,pool_only,geometric,0.5,,1.5518098380730465,0.0130600152765287,11,256,D:\core-tfm\results\core_tfm_submission_full_v1\multi_seed\seed_11_train_256
car,catboost,3,repair_only,soft,0.5,0.03,1.5517108117074336,0.0127053984751964,11,256,D:\core-tfm\results\core_tfm_submission_full_v1\multi_seed\seed_11_train_256
car,catboost,3,full,geometric,0.5,,1.5518098380730465,0.0130600152765287,11,256,D:\core-tfm\results\core_tfm_submission_full_v1\multi_seed\seed_11_train_256
car,catboost,4,raw_only,j1,0.5,,1.540110359046322,0.028460465336834,11,256,D:\core-tfm\results\core_tfm_submission_full_v1\multi_seed\seed_11_train_256
car,catboost,4,pool_only,geometric,1.0,,1.540110359046322,0.028460465336834,11,256,D:\core-tfm\results\core_tfm_submission_full_v1\multi_seed\seed_11_train_256
car,catboost,4,repair_only,soft,1.0,0.1,1.5373983020853066,0.026913455845744,11,256,D:\core-tfm\results\core_tfm_submission_full_v1\multi_seed\seed_11_train_256
car,catboost,4,full,soft,1.0,0.1,1.5373983020853066,0.026913455845744,11,256,D:\core-tfm\results\core_tfm_submission_full_v1\multi_seed\seed_11_train_256
car,catboost,5,raw_only,j2,0.5,,1.6063161356984024,0.0275953918016733,11,256,D:\core-tfm\results\core_tfm_submission_full_v1\multi_seed\seed_11_train_256
car,catboost,5,pool_only,geometric,0.5,,1.5872630030933772,0.0280978740445614,11,256,D:\core-tfm\results\core_tfm_submission_full_v1\multi_seed\seed_11_train_256
car,catboost,5,repair_only,hard,1.0,,1.6051635252359306,4.0292948353380133e-13,11,256,D:\core-tfm\results\core_tfm_submission_full_v1\multi_seed\seed_11_train_256
car,catboost,5,full,hard,1.0,,1.6051635252359306,4.0292948353380133e-13,11,256,D:\core-tfm\results\core_tfm_submission_full_v1\multi_seed\seed_11_train_256
nursery,tabiclv2,1,raw_only,j1,0.5,,1.3381874775914602,0.0645123948629719,11,256,D:\core-tfm\results\core_tfm_submission_full_v1\multi_seed\seed_11_train_256
nursery,tabiclv2,1,pool_only,geometric,0.75,,1.3167929610955666,0.0644290399064521,11,256,D:\core-tfm\results\core_tfm_submission_full_v1\multi_seed\seed_11_train_256
nursery,tabiclv2,1,repair_only,soft,1.0,0.03,1.3378132419405575,0.0643343112112801,11,256,D:\core-tfm\results\core_tfm_submission_full_v1\multi_seed\seed_11_train_256
nursery,tabiclv2,1,full,geometric,0.75,,1.3167929610955666,0.0644290399064521,11,256,D:\core-tfm\results\core_tfm_submission_full_v1\multi_seed\seed_11_train_256
nursery,tabiclv2,2,raw_only,j1,0.5,,1.261264928489934,0.0446726034276146,11,256,D:\core-tfm\results\core_tfm_submission_full_v1\multi_seed\seed_11_train_256
nursery,tabiclv2,2,pool_only,geometric,0.75,,1.26310379548371,0.0451930215334685,11,256,D:\core-tfm\results\core_tfm_submission_full_v1\multi_seed\seed_11_train_256
nursery,tabiclv2,2,repair_only,soft,0.75,0.03,1.2641272464422912,0.0446627193530492,11,256,D:\core-tfm\results\core_tfm_submission_full_v1\multi_seed\seed_11_train_256
nursery,tabiclv2,2,full,geometric,0.75,,1.26310379548371,0.0451930215334685,11,256,D:\core-tfm\results\core_tfm_submission_full_v1\multi_seed\seed_11_train_256
nursery,tabiclv2,3,raw_only,j1,0.5,,1.3863654283418887,0.0472140016424791,11,256,D:\core-tfm\results\core_tfm_submission_full_v1\multi_seed\seed_11_train_256
nursery,tabiclv2,3,pool_only,geometric,1.0,,1.3863654283418887,0.0472140016424792,11,256,D:\core-tfm\results\core_tfm_submission_full_v1\multi_seed\seed_11_train_256
nursery,tabiclv2,3,repair_only,soft,1.0,0.03,1.387046933509836,0.0469772367339367,11,256,D:\core-tfm\results\core_tfm_submission_full_v1\multi_seed\seed_11_train_256
nursery,tabiclv2,3,full,j1,0.5,,1.3863654283418887,0.0472140016424791,11,256,D:\core-tfm\results\core_tfm_submission_full_v1\multi_seed\seed_11_train_256
nursery,tabiclv2,4,raw_only,j1,0.5,,1.3951146316195888,0.042838159950127,11,256,D:\core-tfm\results\core_tfm_submission_full_v1\multi_seed\seed_11_train_256
nursery,tabiclv2,4,pool_only,geometric,0.75,,1.3837689745793114,0.0428664881178701,11,256,D:\core-tfm\results\core_tfm_submission_full_v1\multi_seed\seed_11_train_256
nursery,tabiclv2,4,repair_only,soft,0.75,0.03,1.383906857545305,0.0422612410127125,11,256,D:\core-tfm\results\core_tfm_submission_full_v1\multi_seed\seed_11_train_256
nursery,tabiclv2,4,full,geometric,0.75,,1.3837689745793114,0.0428664881178701,11,256,D:\core-tfm\results\core_tfm_submission_full_v1\multi_seed\seed_11_train_256
nursery,tabiclv2,5,raw_only,j1,0.5,,1.3124008563977547,0.0610645822276819,11,256,D:\core-tfm\results\core_tfm_submission_full_v1\multi_seed\seed_11_train_256
nursery,tabiclv2,5,pool_only,geometric,0.5,,1.322430597275401,0.059493840792907,11,256,D:\core-tfm\results\core_tfm_submission_full_v1\multi_seed\seed_11_train_256
nursery,tabiclv2,5,repair_only,soft,0.5,0.03,1.3229407494161252,0.0588485264856843,11,256,D:\core-tfm\results\core_tfm_submission_full_v1\multi_seed\seed_11_train_256
nursery,tabiclv2,5,full,geometric,0.5,,1.322430597275401,0.059493840792907,11,256,D:\core-tfm\results\core_tfm_submission_full_v1\multi_seed\seed_11_train_256
nursery,tabpfn3,1,raw_only,j1,0.5,,1.3141890199791135,0.0487385227125791,11,256,D:\core-tfm\results\core_tfm_submission_full_v1\multi_seed\seed_11_train_256
nursery,tabpfn3,1,pool_only,geometric,1.0,,1.3141890199791135,0.0487385227125791,11,256,D:\core-tfm\results\core_tfm_submission_full_v1\multi_seed\seed_11_train_256
nursery,tabpfn3,1,repair_only,soft,1.0,0.03,1.3139051575539331,0.0485987080928148,11,256,D:\core-tfm\results\core_tfm_submission_full_v1\multi_seed\seed_11_train_256
nursery,tabpfn3,1,full,geometric,1.0,,1.3141890199791135,0.0487385227125791,11,256,D:\core-tfm\results\core_tfm_submission_full_v1\multi_seed\seed_11_train_256
nursery,tabpfn3,2,raw_only,j1,0.5,,1.2278948758191746,0.0399871975768117,11,256,D:\core-tfm\results\core_tfm_submission_full_v1\multi_seed\seed_11_train_256
nursery,tabpfn3,2,pool_only,geometric,1.0,,1.2278948758191748,0.0399871975768117,11,256,D:\core-tfm\results\core_tfm_submission_full_v1\multi_seed\seed_11_train_256
nursery,tabpfn3,2,repair_only,soft,1.0,0.03,1.2285497867063562,0.0397690978533324,11,256,D:\core-tfm\results\core_tfm_submission_full_v1\multi_seed\seed_11_train_256
nursery,tabpfn3,2,full,j1,0.5,,1.2278948758191746,0.0399871975768117,11,256,D:\core-tfm\results\core_tfm_submission_full_v1\multi_seed\seed_11_train_256
nursery,tabpfn3,3,raw_only,j1,0.5,,1.366224166845294,0.0390779196177809,11,256,D:\core-tfm\results\core_tfm_submission_full_v1\multi_seed\seed_11_train_256
nursery,tabpfn3,3,pool_only,geometric,1.0,,1.366224166845294,0.0390779196177809,11,256,D:\core-tfm\results\core_tfm_submission_full_v1\multi_seed\seed_11_train_256
nursery,tabpfn3,3,repair_only,soft,1.0,0.03,1.366978221148853,0.0388948475536701,11,256,D:\core-tfm\results\core_tfm_submission_full_v1\multi_seed\seed_11_train_256
nursery,tabpfn3,3,full,j1,0.5,,1.366224166845294,0.0390779196177809,11,256,D:\core-tfm\results\core_tfm_submission_full_v1\multi_seed\seed_11_train_256
nursery,tabpfn3,4,raw_only,j1,0.5,,1.3819511174029668,0.0366500545007093,11,256,D:\core-tfm\results\core_tfm_submission_full_v1\multi_seed\seed_11_train_256
nursery,tabpfn3,4,pool_only,geometric,0.75,,1.38660694381548,0.0369803432611947,11,256,D:\core-tfm\results\core_tfm_submission_full_v1\multi_seed\seed_11_train_256
nursery,tabpfn3,4,repair_only,soft,0.75,0.03,1.3873349735791511,0.0365173212887067,11,256,D:\core-tfm\results\core_tfm_submission_full_v1\multi_seed\seed_11_train_256
nursery,tabpfn3,4,full,geometric,0.75,,1.38660694381548,0.0369803432611947,11,256,D:\core-tfm\results\core_tfm_submission_full_v1\multi_seed\seed_11_train_256
nursery,tabpfn3,5,raw_only,j1,0.5,,1.3003250868754712,0.042313776284674,11,256,D:\core-tfm\results\core_tfm_submission_full_v1\multi_seed\seed_11_train_256
nursery,tabpfn3,5,pool_only,geometric,0.75,,1.310772687066987,0.0423129567396309,11,256,D:\core-tfm\results\core_tfm_submission_full_v1\multi_seed\seed_11_train_256
nursery,tabpfn3,5,repair_only,soft,1.0,0.3,1.3071982008523946,0.0403217865516784,11,256,D:\core-tfm\results\core_tfm_submission_full_v1\multi_seed\seed_11_train_256
nursery,tabpfn3,5,full,soft,1.0,0.3,1.3071982008523946,0.0403217865516784,11,256,D:\core-tfm\results\core_tfm_submission_full_v1\multi_seed\seed_11_train_256
nursery,catboost,1,raw_only,j2,0.5,,1.5477911525757884,0.0247179470061909,11,256,D:\core-tfm\results\core_tfm_submission_full_v1\multi_seed\seed_11_train_256
nursery,catboost,1,pool_only,geometric,0.25,,1.5417461249959523,0.0257732709072765,11,256,D:\core-tfm\results\core_tfm_submission_full_v1\multi_seed\seed_11_train_256
nursery,catboost,1,repair_only,soft,0.25,0.3,1.5423654170102257,0.0234582976186859,11,256,D:\core-tfm\results\core_tfm_submission_full_v1\multi_seed\seed_11_train_256
nursery,catboost,1,full,soft,0.25,0.3,1.5423654170102257,0.0234582976186859,11,256,D:\core-tfm\results\core_tfm_submission_full_v1\multi_seed\seed_11_train_256
nursery,catboost,2,raw_only,j2,0.5,,1.529549770901575,0.0232368196807219,11,256,D:\core-tfm\results\core_tfm_submission_full_v1\multi_seed\seed_11_train_256
nursery,catboost,2,pool_only,geometric,0.25,,1.520013714940919,0.02466016730397,11,256,D:\core-tfm\results\core_tfm_submission_full_v1\multi_seed\seed_11_train_256
nursery,catboost,2,repair_only,soft,0.25,0.03,1.5204110705621554,0.0242960885543684,11,256,D:\core-tfm\results\core_tfm_submission_full_v1\multi_seed\seed_11_train_256
nursery,catboost,2,full,geometric,0.25,,1.520013714940919,0.02466016730397,11,256,D:\core-tfm\results\core_tfm_submission_full_v1\multi_seed\seed_11_train_256
nursery,catboost,3,raw_only,j2,0.5,,1.656427239318827,0.0273379056533078,11,256,D:\core-tfm\results\core_tfm_submission_full_v1\multi_seed\seed_11_train_256
nursery,catboost,3,pool_only,geometric,0.5,,1.647572757838567,0.0295182429967781,11,256,D:\core-tfm\results\core_tfm_submission_full_v1\multi_seed\seed_11_train_256
nursery,catboost,3,repair_only,soft,0.5,0.03,1.6475150363981133,0.0291996036316806,11,256,D:\core-tfm\results\core_tfm_submission_full_v1\multi_seed\seed_11_train_256
nursery,catboost,3,full,geometric,0.5,,1.647572757838567,0.0295182429967781,11,256,D:\core-tfm\results\core_tfm_submission_full_v1\multi_seed\seed_11_train_256
nursery,catboost,4,raw_only,j1,0.5,,1.5600351229599267,0.0263129938224727,11,256,D:\core-tfm\results\core_tfm_submission_full_v1\multi_seed\seed_11_train_256
nursery,catboost,4,pool_only,geometric,0.75,,1.5564091046642132,0.0264166060119121,11,256,D:\core-tfm\results\core_tfm_submission_full_v1\multi_seed\seed_11_train_256
nursery,catboost,4,repair_only,soft,0.75,0.03,1.5562897719817783,0.0260527191452441,11,256,D:\core-tfm\results\core_tfm_submission_full_v1\multi_seed\seed_11_train_256
nursery,catboost,4,full,geometric,0.75,,1.5564091046642132,0.0264166060119121,11,256,D:\core-tfm\results\core_tfm_submission_full_v1\multi_seed\seed_11_train_256
nursery,catboost,5,raw_only,j1,0.5,,1.5082986580999926,0.0376452562970764,11,256,D:\core-tfm\results\core_tfm_submission_full_v1\multi_seed\seed_11_train_256
nursery,catboost,5,pool_only,geometric,1.0,,1.5082986580999929,0.0376452562970764,11,256,D:\core-tfm\results\core_tfm_submission_full_v1\multi_seed\seed_11_train_256
nursery,catboost,5,repair_only,soft,1.0,0.03,1.5085740913486,0.0372617837493424,11,256,D:\core-tfm\results\core_tfm_submission_full_v1\multi_seed\seed_11_train_256
nursery,catboost,5,full,j1,0.5,,1.5082986580999926,0.0376452562970764,11,256,D:\core-tfm\results\core_tfm_submission_full_v1\multi_seed\seed_11_train_256
wine,tabiclv2,1,raw_only,j1,0.5,,1.0832161268707416,0.0242996353162226,11,256,D:\core-tfm\results\core_tfm_submission_full_v1\multi_seed\seed_11_train_256
wine,tabiclv2,1,pool_only,arithmetic,0.5,,1.0894011336505605,0.0131730431256801,11,256,D:\core-tfm\results\core_tfm_submission_full_v1\multi_seed\seed_11_train_256
wine,tabiclv2,1,repair_only,soft,0.75,0.1,1.085060644110587,0.0173591456479422,11,256,D:\core-tfm\results\core_tfm_submission_full_v1\multi_seed\seed_11_train_256
wine,tabiclv2,1,full,arithmetic,0.5,,1.0894011336505605,0.0131730431256801,11,256,D:\core-tfm\results\core_tfm_submission_full_v1\multi_seed\seed_11_train_256
wine,tabiclv2,2,raw_only,j2,0.5,,1.0845865186861126,0.001498838240509,11,256,D:\core-tfm\results\core_tfm_submission_full_v1\multi_seed\seed_11_train_256
wine,tabiclv2,2,pool_only,geometric,0.0,,1.0845865186861126,0.001498838240509,11,256,D:\core-tfm\results\core_tfm_submission_full_v1\multi_seed\seed_11_train_256
wine,tabiclv2,2,repair_only,soft,0.0,1.0,1.0850997715407766,0.0010959062504844,11,256,D:\core-tfm\results\core_tfm_submission_full_v1\multi_seed\seed_11_train_256
wine,tabiclv2,2,full,soft,0.0,1.0,1.0850997715407766,0.0010959062504844,11,256,D:\core-tfm\results\core_tfm_submission_full_v1\multi_seed\seed_11_train_256
wine,tabiclv2,3,raw_only,j1,0.5,,1.107938128897899,0.0316414445406427,11,256,D:\core-tfm\results\core_tfm_submission_full_v1\multi_seed\seed_11_train_256
wine,tabiclv2,3,pool_only,geometric,1.0,,1.107938128897899,0.0316414445406427,11,256,D:\core-tfm\results\core_tfm_submission_full_v1\multi_seed\seed_11_train_256
wine,tabiclv2,3,repair_only,soft,1.0,0.3,1.1038554753440792,0.0246713881506223,11,256,D:\core-tfm\results\core_tfm_submission_full_v1\multi_seed\seed_11_train_256
wine,tabiclv2,3,full,soft,1.0,0.3,1.1038554753440792,0.0246713881506223,11,256,D:\core-tfm\results\core_tfm_submission_full_v1\multi_seed\seed_11_train_256
wine,tabiclv2,4,raw_only,j1,0.5,,1.1139668052854343,0.0258840741963919,11,256,D:\core-tfm\results\core_tfm_submission_full_v1\multi_seed\seed_11_train_256
wine,tabiclv2,4,pool_only,geometric,0.75,,1.11621050969877,0.0199139519143862,11,256,D:\core-tfm\results\core_tfm_submission_full_v1\multi_seed\seed_11_train_256
wine,tabiclv2,4,repair_only,soft,1.0,0.3,1.1162767083777094,0.0202749930515448,11,256,D:\core-tfm\results\core_tfm_submission_full_v1\multi_seed\seed_11_train_256
wine,tabiclv2,4,full,soft,1.0,0.3,1.1162767083777094,0.0202749930515448,11,256,D:\core-tfm\results\core_tfm_submission_full_v1\multi_seed\seed_11_train_256
wine,tabiclv2,5,raw_only,j1,0.5,,1.2752937842022982,0.0305705815940613,11,256,D:\core-tfm\results\core_tfm_submission_full_v1\multi_seed\seed_11_train_256
wine,tabiclv2,5,pool_only,geometric,1.0,,1.2752937842022982,0.0305705815940613,11,256,D:\core-tfm\results\core_tfm_submission_full_v1\multi_seed\seed_11_train_256
wine,tabiclv2,5,repair_only,soft,1.0,0.03,1.2742713305431683,0.0296825792912184,11,256,D:\core-tfm\results\core_tfm_submission_full_v1\multi_seed\seed_11_train_256
wine,tabiclv2,5,full,j1,0.5,,1.2752937842022982,0.0305705815940613,11,256,D:\core-tfm\results\core_tfm_submission_full_v1\multi_seed\seed_11_train_256
wine,tabpfn3,1,raw_only,j1,0.5,,1.108606358603499,0.015269311725263,11,256,D:\core-tfm\results\core_tfm_submission_full_v1\multi_seed\seed_11_train_256
wine,tabpfn3,1,pool_only,geometric,1.0,,1.108606358603499,0.015269311725263,11,256,D:\core-tfm\results\core_tfm_submission_full_v1\multi_seed\seed_11_train_256
wine,tabpfn3,1,repair_only,soft,1.0,0.03,1.1087854570493614,0.0148167225180353,11,256,D:\core-tfm\results\core_tfm_submission_full_v1\multi_seed\seed_11_train_256
wine,tabpfn3,1,full,soft,1.0,0.03,1.1087854570493614,0.0148167225180353,11,256,D:\core-tfm\results\core_tfm_submission_full_v1\multi_seed\seed_11_train_256
wine,tabpfn3,2,raw_only,j2,0.5,,1.0720562922892505,0.0023385407466065,11,256,D:\core-tfm\results\core_tfm_submission_full_v1\multi_seed\seed_11_train_256
wine,tabpfn3,2,pool_only,geometric,0.5,,1.0647340482489172,0.0119942350166671,11,256,D:\core-tfm\results\core_tfm_submission_full_v1\multi_seed\seed_11_train_256
wine,tabpfn3,2,repair_only,soft,0.5,0.3,1.0670699158827217,0.0095257843075347,11,256,D:\core-tfm\results\core_tfm_submission_full_v1\multi_seed\seed_11_train_256
wine,tabpfn3,2,full,soft,0.5,0.3,1.0670699158827217,0.0095257843075347,11,256,D:\core-tfm\results\core_tfm_submission_full_v1\multi_seed\seed_11_train_256
wine,tabpfn3,3,raw_only,j2,0.5,,1.0178170956059982,0.0005312756731679,11,256,D:\core-tfm\results\core_tfm_submission_full_v1\multi_seed\seed_11_train_256
wine,tabpfn3,3,pool_only,geometric,0.25,,1.0188343795148915,0.0046211312617487,11,256,D:\core-tfm\results\core_tfm_submission_full_v1\multi_seed\seed_11_train_256
wine,tabpfn3,3,repair_only,hard,0.0,,1.0175955290058094,2.40770651979942e-13,11,256,D:\core-tfm\results\core_tfm_submission_full_v1\multi_seed\seed_11_train_256
wine,tabpfn3,3,full,hard,0.0,,1.0175955290058094,2.40770651979942e-13,11,256,D:\core-tfm\results\core_tfm_submission_full_v1\multi_seed\seed_11_train_256
wine,tabpfn3,4,raw_only,j1,0.5,,1.0647130607343605,0.0208553166052697,11,256,D:\core-tfm\results\core_tfm_submission_full_v1\multi_seed\seed_11_train_256
wine,tabpfn3,4,pool_only,geometric,1.0,,1.0647130607343605,0.0208553166052697,11,256,D:\core-tfm\results\core_tfm_submission_full_v1\multi_seed\seed_11_train_256
wine,tabpfn3,4,repair_only,soft,1.0,10.0,1.0556000821761315,0.0024381517156133,11,256,D:\core-tfm\results\core_tfm_submission_full_v1\multi_seed\seed_11_train_256
wine,tabpfn3,4,full,soft,1.0,10.0,1.0556000821761315,0.0024381517156133,11,256,D:\core-tfm\results\core_tfm_submission_full_v1\multi_seed\seed_11_train_256
wine,tabpfn3,5,raw_only,j2,0.5,,1.3201997550001658,0.0020265853001677,11,256,D:\core-tfm\results\core_tfm_submission_full_v1\multi_seed\seed_11_train_256
wine,tabpfn3,5,pool_only,geometric,0.5,,1.2949695740603653,0.0108502475820751,11,256,D:\core-tfm\results\core_tfm_submission_full_v1\multi_seed\seed_11_train_256
wine,tabpfn3,5,repair_only,soft,0.5,0.03,1.2946063084691048,0.0105667377456859,11,256,D:\core-tfm\results\core_tfm_submission_full_v1\multi_seed\seed_11_train_256
wine,tabpfn3,5,full,geometric,0.5,,1.2949695740603653,0.0108502475820751,11,256,D:\core-tfm\results\core_tfm_submission_full_v1\multi_seed\seed_11_train_256
wine,catboost,1,raw_only,j1,0.5,,1.2848446196309922,0.0288317523936672,11,256,D:\core-tfm\results\core_tfm_submission_full_v1\multi_seed\seed_11_train_256
wine,catboost,1,pool_only,geometric,1.0,,1.2848446196309922,0.0288317523936672,11,256,D:\core-tfm\results\core_tfm_submission_full_v1\multi_seed\seed_11_train_256
wine,catboost,1,repair_only,soft,1.0,0.03,1.2851918489569194,0.0280534667184431,11,256,D:\core-tfm\results\core_tfm_submission_full_v1\multi_seed\seed_11_train_256
wine,catboost,1,full,j1,0.5,,1.2848446196309922,0.0288317523936672,11,256,D:\core-tfm\results\core_tfm_submission_full_v1\multi_seed\seed_11_train_256
wine,catboost,2,raw_only,j1,0.5,,1.307907156040104,0.0295784964873577,11,256,D:\core-tfm\results\core_tfm_submission_full_v1\multi_seed\seed_11_train_256
wine,catboost,2,pool_only,geometric,1.0,,1.307907156040104,0.0295784964873577,11,256,D:\core-tfm\results\core_tfm_submission_full_v1\multi_seed\seed_11_train_256
wine,catboost,2,repair_only,soft,1.0,0.3,1.3051834490432692,0.0230055321687113,11,256,D:\core-tfm\results\core_tfm_submission_full_v1\multi_seed\seed_11_train_256
wine,catboost,2,full,soft,1.0,0.3,1.3051834490432692,0.0230055321687113,11,256,D:\core-tfm\results\core_tfm_submission_full_v1\multi_seed\seed_11_train_256
wine,catboost,3,raw_only,j1,0.5,,1.215653216152393,0.0306402699355891,11,256,D:\core-tfm\results\core_tfm_submission_full_v1\multi_seed\seed_11_train_256
wine,catboost,3,pool_only,geometric,0.5,,1.242439122522068,0.0187284338424472,11,256,D:\core-tfm\results\core_tfm_submission_full_v1\multi_seed\seed_11_train_256
wine,catboost,3,repair_only,soft,1.0,3.0,1.2383063944721235,0.0082924627324302,11,256,D:\core-tfm\results\core_tfm_submission_full_v1\multi_seed\seed_11_train_256
wine,catboost,3,full,soft,1.0,3.0,1.2383063944721235,0.0082924627324302,11,256,D:\core-tfm\results\core_tfm_submission_full_v1\multi_seed\seed_11_train_256
wine,catboost,4,raw_only,j1,0.5,,1.2752744319648643,0.0340133001341044,11,256,D:\core-tfm\results\core_tfm_submission_full_v1\multi_seed\seed_11_train_256
wine,catboost,4,pool_only,geometric,1.0,,1.2752744319648643,0.0340133001341044,11,256,D:\core-tfm\results\core_tfm_submission_full_v1\multi_seed\seed_11_train_256
wine,catboost,4,repair_only,soft,1.0,0.03,1.2752492632949224,0.0330994094321022,11,256,D:\core-tfm\results\core_tfm_submission_full_v1\multi_seed\seed_11_train_256
wine,catboost,4,full,j1,0.5,,1.2752744319648643,0.0340133001341044,11,256,D:\core-tfm\results\core_tfm_submission_full_v1\multi_seed\seed_11_train_256
wine,catboost,5,raw_only,j1,0.5,,1.4060789344937326,0.0325357494456406,11,256,D:\core-tfm\results\core_tfm_submission_full_v1\multi_seed\seed_11_train_256
wine,catboost,5,pool_only,geometric,1.0,,1.4060789344937326,0.0325357494456406,11,256,D:\core-tfm\results\core_tfm_submission_full_v1\multi_seed\seed_11_train_256
wine,catboost,5,repair_only,soft,1.0,0.03,1.4062927043270328,0.0316721739919405,11,256,D:\core-tfm\results\core_tfm_submission_full_v1\multi_seed\seed_11_train_256
wine,catboost,5,full,j1,0.5,,1.4060789344937326,0.0325357494456406,11,256,D:\core-tfm\results\core_tfm_submission_full_v1\multi_seed\seed_11_train_256
credit,tabiclv2,1,raw_only,j2,0.5,,1.6395260352267162,0.0279667690357837,11,256,D:\core-tfm\results\core_tfm_submission_full_v1\multi_seed\seed_11_train_256
credit,tabiclv2,1,pool_only,geometric,0.0,,1.6395260352267165,0.0279667690357837,11,256,D:\core-tfm\results\core_tfm_submission_full_v1\multi_seed\seed_11_train_256
credit,tabiclv2,1,repair_only,soft,0.0,0.3,1.635805254227329,0.0223976717734935,11,256,D:\core-tfm\results\core_tfm_submission_full_v1\multi_seed\seed_11_train_256
credit,tabiclv2,1,full,soft,0.0,0.3,1.635805254227329,0.0223976717734935,11,256,D:\core-tfm\results\core_tfm_submission_full_v1\multi_seed\seed_11_train_256
credit,tabiclv2,2,raw_only,j1,0.5,,1.7317278554193458,0.0250186161026814,11,256,D:\core-tfm\results\core_tfm_submission_full_v1\multi_seed\seed_11_train_256
credit,tabiclv2,2,pool_only,geometric,0.75,,1.713393496238118,0.0278548333279801,11,256,D:\core-tfm\results\core_tfm_submission_full_v1\multi_seed\seed_11_train_256
credit,tabiclv2,2,repair_only,soft,1.0,0.3,1.7233954938582046,0.0206731132209997,11,256,D:\core-tfm\results\core_tfm_submission_full_v1\multi_seed\seed_11_train_256
credit,tabiclv2,2,full,soft,1.0,0.3,1.7233954938582046,0.0206731132209997,11,256,D:\core-tfm\results\core_tfm_submission_full_v1\multi_seed\seed_11_train_256
credit,tabiclv2,3,raw_only,j2,0.5,,1.837300255557812,0.0357568925280736,11,256,D:\core-tfm\results\core_tfm_submission_full_v1\multi_seed\seed_11_train_256
credit,tabiclv2,3,pool_only,geometric,0.0,,1.837300255557812,0.0357568925280736,11,256,D:\core-tfm\results\core_tfm_submission_full_v1\multi_seed\seed_11_train_256
credit,tabiclv2,3,repair_only,soft,0.0,0.03,1.836549574475892,0.0348678161342907,11,256,D:\core-tfm\results\core_tfm_submission_full_v1\multi_seed\seed_11_train_256
credit,tabiclv2,3,full,j2,0.5,,1.837300255557812,0.0357568925280736,11,256,D:\core-tfm\results\core_tfm_submission_full_v1\multi_seed\seed_11_train_256
credit,tabiclv2,4,raw_only,j1,0.5,,1.750427941805825,0.0233025081813405,11,256,D:\core-tfm\results\core_tfm_submission_full_v1\multi_seed\seed_11_train_256
credit,tabiclv2,4,pool_only,geometric,1.0,,1.750427941805825,0.0233025081813406,11,256,D:\core-tfm\results\core_tfm_submission_full_v1\multi_seed\seed_11_train_256
credit,tabiclv2,4,repair_only,soft,1.0,0.03,1.7499875542850087,0.0228333170884096,11,256,D:\core-tfm\results\core_tfm_submission_full_v1\multi_seed\seed_11_train_256
credit,tabiclv2,4,full,soft,1.0,0.03,1.7499875542850087,0.0228333170884096,11,256,D:\core-tfm\results\core_tfm_submission_full_v1\multi_seed\seed_11_train_256
credit,tabiclv2,5,raw_only,j1,0.5,,1.6997369698831628,0.0170720636273334,11,256,D:\core-tfm\results\core_tfm_submission_full_v1\multi_seed\seed_11_train_256
credit,tabiclv2,5,pool_only,geometric,1.0,,1.6997369698831628,0.0170720636273334,11,256,D:\core-tfm\results\core_tfm_submission_full_v1\multi_seed\seed_11_train_256
credit,tabiclv2,5,repair_only,soft,1.0,0.03,1.6998156088471683,0.0166720826768163,11,256,D:\core-tfm\results\core_tfm_submission_full_v1\multi_seed\seed_11_train_256
credit,tabiclv2,5,full,j1,0.5,,1.6997369698831628,0.0170720636273334,11,256,D:\core-tfm\results\core_tfm_submission_full_v1\multi_seed\seed_11_train_256
credit,tabpfn3,1,raw_only,j2,0.5,,1.6797488320316687,0.0154272668528764,11,256,D:\core-tfm\results\core_tfm_submission_full_v1\multi_seed\seed_11_train_256
credit,tabpfn3,1,pool_only,geometric,0.0,,1.6797488320316687,0.0154272668528764,11,256,D:\core-tfm\results\core_tfm_submission_full_v1\multi_seed\seed_11_train_256
credit,tabpfn3,1,repair_only,soft,0.0,0.03,1.6801767665728082,0.0150762919635416,11,256,D:\core-tfm\results\core_tfm_submission_full_v1\multi_seed\seed_11_train_256
credit,tabpfn3,1,full,j2,0.5,,1.6797488320316687,0.0154272668528764,11,256,D:\core-tfm\results\core_tfm_submission_full_v1\multi_seed\seed_11_train_256
credit,tabpfn3,2,raw_only,j2,0.5,,1.6878877238186745,0.0279901221116694,11,256,D:\core-tfm\results\core_tfm_submission_full_v1\multi_seed\seed_11_train_256
credit,tabpfn3,2,pool_only,geometric,0.0,,1.6878877238186745,0.0279901221116694,11,256,D:\core-tfm\results\core_tfm_submission_full_v1\multi_seed\seed_11_train_256
credit,tabpfn3,2,repair_only,soft,0.25,0.03,1.693138003363294,0.0245282217937095,11,256,D:\core-tfm\results\core_tfm_submission_full_v1\multi_seed\seed_11_train_256
credit,tabpfn3,2,full,j2,0.5,,1.6878877238186745,0.0279901221116694,11,256,D:\core-tfm\results\core_tfm_submission_full_v1\multi_seed\seed_11_train_256
credit,tabpfn3,3,raw_only,j2,0.5,,1.7697399826005265,0.0255561725765296,11,256,D:\core-tfm\results\core_tfm_submission_full_v1\multi_seed\seed_11_train_256
credit,tabpfn3,3,pool_only,geometric,0.0,,1.769739982600527,0.0255561725765296,11,256,D:\core-tfm\results\core_tfm_submission_full_v1\multi_seed\seed_11_train_256
credit,tabpfn3,3,repair_only,soft,0.0,0.03,1.7700172124445746,0.0249701348587458,11,256,D:\core-tfm\results\core_tfm_submission_full_v1\multi_seed\seed_11_train_256
credit,tabpfn3,3,full,j2,0.5,,1.7697399826005265,0.0255561725765296,11,256,D:\core-tfm\results\core_tfm_submission_full_v1\multi_seed\seed_11_train_256
credit,tabpfn3,4,raw_only,j2,0.5,,1.7339870717275112,0.0158261928937608,11,256,D:\core-tfm\results\core_tfm_submission_full_v1\multi_seed\seed_11_train_256
credit,tabpfn3,4,pool_only,geometric,0.0,,1.7339870717275112,0.0158261928937609,11,256,D:\core-tfm\results\core_tfm_submission_full_v1\multi_seed\seed_11_train_256
credit,tabpfn3,4,repair_only,soft,0.0,0.03,1.733878628727867,0.0155331326330711,11,256,D:\core-tfm\results\core_tfm_submission_full_v1\multi_seed\seed_11_train_256
credit,tabpfn3,4,full,j2,0.5,,1.7339870717275112,0.0158261928937608,11,256,D:\core-tfm\results\core_tfm_submission_full_v1\multi_seed\seed_11_train_256
credit,tabpfn3,5,raw_only,j2,0.5,,1.7320791152499124,0.0163913437381999,11,256,D:\core-tfm\results\core_tfm_submission_full_v1\multi_seed\seed_11_train_256
credit,tabpfn3,5,pool_only,geometric,0.0,,1.7320791152499122,0.0163913437381999,11,256,D:\core-tfm\results\core_tfm_submission_full_v1\multi_seed\seed_11_train_256
credit,tabpfn3,5,repair_only,soft,0.0,0.03,1.7325677681831335,0.0160041859213742,11,256,D:\core-tfm\results\core_tfm_submission_full_v1\multi_seed\seed_11_train_256
credit,tabpfn3,5,full,j2,0.5,,1.7320791152499124,0.0163913437381999,11,256,D:\core-tfm\results\core_tfm_submission_full_v1\multi_seed\seed_11_train_256
credit,catboost,1,raw_only,j2,0.5,,1.7094275474730547,0.0222670164953417,11,256,D:\core-tfm\results\core_tfm_submission_full_v1\multi_seed\seed_11_train_256
credit,catboost,1,pool_only,geometric,0.0,,1.709427547473055,0.0222670164953417,11,256,D:\core-tfm\results\core_tfm_submission_full_v1\multi_seed\seed_11_train_256
credit,catboost,1,repair_only,hard,0.0,,1.7010065830840917,1.5776465691567237e-13,11,256,D:\core-tfm\results\core_tfm_submission_full_v1\multi_seed\seed_11_train_256
credit,catboost,1,full,hard,0.0,,1.7010065830840917,1.5776465691567237e-13,11,256,D:\core-tfm\results\core_tfm_submission_full_v1\multi_seed\seed_11_train_256
credit,catboost,2,raw_only,j1,0.5,,1.7316814911072678,0.0173315772132532,11,256,D:\core-tfm\results\core_tfm_submission_full_v1\multi_seed\seed_11_train_256
credit,catboost,2,pool_only,arithmetic,0.5,,1.733466957269796,0.0187890980743428,11,256,D:\core-tfm\results\core_tfm_submission_full_v1\multi_seed\seed_11_train_256
credit,catboost,2,repair_only,hard,0.0,,1.7412037063893897,1.423439071148759e-12,11,256,D:\core-tfm\results\core_tfm_submission_full_v1\multi_seed\seed_11_train_256
credit,catboost,2,full,hard,0.0,,1.7412037063893897,1.423439071148759e-12,11,256,D:\core-tfm\results\core_tfm_submission_full_v1\multi_seed\seed_11_train_256
credit,catboost,3,raw_only,j2,0.5,,1.8020284288035195,0.0256221692168078,11,256,D:\core-tfm\results\core_tfm_submission_full_v1\multi_seed\seed_11_train_256
credit,catboost,3,pool_only,geometric,0.0,,1.8020284288035195,0.0256221692168078,11,256,D:\core-tfm\results\core_tfm_submission_full_v1\multi_seed\seed_11_train_256
credit,catboost,3,repair_only,soft,0.0,0.03,1.8020503296578072,0.0249388553051768,11,256,D:\core-tfm\results\core_tfm_submission_full_v1\multi_seed\seed_11_train_256
credit,catboost,3,full,j2,0.5,,1.8020284288035195,0.0256221692168078,11,256,D:\core-tfm\results\core_tfm_submission_full_v1\multi_seed\seed_11_train_256
credit,catboost,4,raw_only,j2,0.5,,1.7314924649485692,0.0271620699784061,11,256,D:\core-tfm\results\core_tfm_submission_full_v1\multi_seed\seed_11_train_256
credit,catboost,4,pool_only,geometric,0.5,,1.741472578592263,0.0249121376625108,11,256,D:\core-tfm\results\core_tfm_submission_full_v1\multi_seed\seed_11_train_256
credit,catboost,4,repair_only,soft,1.0,3.0,1.7520072475572417,0.007432904744998,11,256,D:\core-tfm\results\core_tfm_submission_full_v1\multi_seed\seed_11_train_256
credit,catboost,4,full,soft,1.0,3.0,1.7520072475572417,0.007432904744998,11,256,D:\core-tfm\results\core_tfm_submission_full_v1\multi_seed\seed_11_train_256
credit,catboost,5,raw_only,j2,0.5,,1.7324083069167735,0.0272858748988056,11,256,D:\core-tfm\results\core_tfm_submission_full_v1\multi_seed\seed_11_train_256
credit,catboost,5,pool_only,geometric,0.25,,1.7301130568690204,0.0244813283480437,11,256,D:\core-tfm\results\core_tfm_submission_full_v1\multi_seed\seed_11_train_256
credit,catboost,5,repair_only,hard,1.0,,1.7311452025439409,2.5064935478720533e-13,11,256,D:\core-tfm\results\core_tfm_submission_full_v1\multi_seed\seed_11_train_256
credit,catboost,5,full,hard,1.0,,1.7311452025439409,2.5064935478720533e-13,11,256,D:\core-tfm\results\core_tfm_submission_full_v1\multi_seed\seed_11_train_256
mic,tabiclv2,1,raw_only,j1,0.5,,1.0960243202760178,0.0099471327527718,11,256,D:\core-tfm\results\core_tfm_submission_full_v1\multi_seed\seed_11_train_256
mic,tabiclv2,1,pool_only,geometric,1.0,,1.0960243202760178,0.0099471327527718,11,256,D:\core-tfm\results\core_tfm_submission_full_v1\multi_seed\seed_11_train_256
mic,tabiclv2,1,repair_only,soft,1.0,30.0,1.1115880386307588,0.0003140753501724,11,256,D:\core-tfm\results\core_tfm_submission_full_v1\multi_seed\seed_11_train_256
mic,tabiclv2,1,full,soft,1.0,30.0,1.1115880386307588,0.0003140753501724,11,256,D:\core-tfm\results\core_tfm_submission_full_v1\multi_seed\seed_11_train_256
mic,tabiclv2,2,raw_only,j1,0.5,,1.0581947970352137,0.0140885523531158,11,256,D:\core-tfm\results\core_tfm_submission_full_v1\multi_seed\seed_11_train_256
mic,tabiclv2,2,pool_only,geometric,1.0,,1.0581947970352137,0.0140885523531158,11,256,D:\core-tfm\results\core_tfm_submission_full_v1\multi_seed\seed_11_train_256
mic,tabiclv2,2,repair_only,soft,1.0,0.03,1.057704907226603,0.0136648987293419,11,256,D:\core-tfm\results\core_tfm_submission_full_v1\multi_seed\seed_11_train_256
mic,tabiclv2,2,full,j1,0.5,,1.0581947970352137,0.0140885523531158,11,256,D:\core-tfm\results\core_tfm_submission_full_v1\multi_seed\seed_11_train_256
mic,tabiclv2,3,raw_only,j1,0.5,,1.0773050770525172,0.0095450810693114,11,256,D:\core-tfm\results\core_tfm_submission_full_v1\multi_seed\seed_11_train_256
mic,tabiclv2,3,pool_only,geometric,1.0,,1.0773050770525172,0.0095450810693115,11,256,D:\core-tfm\results\core_tfm_submission_full_v1\multi_seed\seed_11_train_256
mic,tabiclv2,3,repair_only,soft,1.0,0.3,1.0736668654938268,0.0074080471135478,11,256,D:\core-tfm\results\core_tfm_submission_full_v1\multi_seed\seed_11_train_256
mic,tabiclv2,3,full,soft,1.0,0.3,1.0736668654938268,0.0074080471135478,11,256,D:\core-tfm\results\core_tfm_submission_full_v1\multi_seed\seed_11_train_256
mic,tabiclv2,4,raw_only,j1,0.5,,1.0031763161815823,0.0085584996377463,11,256,D:\core-tfm\results\core_tfm_submission_full_v1\multi_seed\seed_11_train_256
mic,tabiclv2,4,pool_only,arithmetic,0.5,,0.9992614674777524,0.0134515024738289,11,256,D:\core-tfm\results\core_tfm_submission_full_v1\multi_seed\seed_11_train_256
mic,tabiclv2,4,repair_only,soft,0.5,0.03,1.0003869254099491,0.0131330407396126,11,256,D:\core-tfm\results\core_tfm_submission_full_v1\multi_seed\seed_11_train_256
mic,tabiclv2,4,full,arithmetic,0.5,,0.9992614674777524,0.0134515024738289,11,256,D:\core-tfm\results\core_tfm_submission_full_v1\multi_seed\seed_11_train_256
mic,tabiclv2,5,raw_only,j2,0.5,,1.080968972553908,0.0161131499168151,11,256,D:\core-tfm\results\core_tfm_submission_full_v1\multi_seed\seed_11_train_256
mic,tabiclv2,5,pool_only,geometric,0.0,,1.080968972553908,0.0161131499168151,11,256,D:\core-tfm\results\core_tfm_submission_full_v1\multi_seed\seed_11_train_256
mic,tabiclv2,5,repair_only,soft,0.0,0.03,1.081091137162292,0.0156870992599268,11,256,D:\core-tfm\results\core_tfm_submission_full_v1\multi_seed\seed_11_train_256
mic,tabiclv2,5,full,j2,0.5,,1.080968972553908,0.0161131499168151,11,256,D:\core-tfm\results\core_tfm_submission_full_v1\multi_seed\seed_11_train_256
mic,tabpfn3,1,raw_only,j1,0.5,,1.078102087710195,0.004654487393503,11,256,D:\core-tfm\results\core_tfm_submission_full_v1\multi_seed\seed_11_train_256
mic,tabpfn3,1,pool_only,geometric,1.0,,1.078102087710195,0.004654487393503,11,256,D:\core-tfm\results\core_tfm_submission_full_v1\multi_seed\seed_11_train_256
mic,tabpfn3,1,repair_only,soft,1.0,3.0,1.0786056837679632,0.0011833939900886,11,256,D:\core-tfm\results\core_tfm_submission_full_v1\multi_seed\seed_11_train_256
mic,tabpfn3,1,full,soft,1.0,3.0,1.0786056837679632,0.0011833939900886,11,256,D:\core-tfm\results\core_tfm_submission_full_v1\multi_seed\seed_11_train_256
mic,tabpfn3,2,raw_only,j1,0.5,,0.9790402009821756,0.0049378264192247,11,256,D:\core-tfm\results\core_tfm_submission_full_v1\multi_seed\seed_11_train_256
mic,tabpfn3,2,pool_only,geometric,1.0,,0.9790402009821756,0.0049378264192247,11,256,D:\core-tfm\results\core_tfm_submission_full_v1\multi_seed\seed_11_train_256
mic,tabpfn3,2,repair_only,soft,1.0,0.03,0.9792003277344854,0.0047967082988016,11,256,D:\core-tfm\results\core_tfm_submission_full_v1\multi_seed\seed_11_train_256
mic,tabpfn3,2,full,j1,0.5,,0.9790402009821756,0.0049378264192247,11,256,D:\core-tfm\results\core_tfm_submission_full_v1\multi_seed\seed_11_train_256
mic,tabpfn3,3,raw_only,j2,0.5,,1.0420485817169929,0.0071328441799513,11,256,D:\core-tfm\results\core_tfm_submission_full_v1\multi_seed\seed_11_train_256
mic,tabpfn3,3,pool_only,arithmetic,0.5,,1.0355420152222443,0.0064537227622719,11,256,D:\core-tfm\results\core_tfm_submission_full_v1\multi_seed\seed_11_train_256
mic,tabpfn3,3,repair_only,soft,0.5,0.03,1.0354644747223998,0.006380355923049,11,256,D:\core-tfm\results\core_tfm_submission_full_v1\multi_seed\seed_11_train_256
mic,tabpfn3,3,full,arithmetic,0.5,,1.0355420152222443,0.0064537227622719,11,256,D:\core-tfm\results\core_tfm_submission_full_v1\multi_seed\seed_11_train_256
mic,tabpfn3,4,raw_only,j1,0.5,,1.0128972255894615,0.0073146466420903,11,256,D:\core-tfm\results\core_tfm_submission_full_v1\multi_seed\seed_11_train_256
mic,tabpfn3,4,pool_only,geometric,1.0,,1.0128972255894615,0.0073146466420903,11,256,D:\core-tfm\results\core_tfm_submission_full_v1\multi_seed\seed_11_train_256
mic,tabpfn3,4,repair_only,soft,1.0,0.3,1.011033522867555,0.0056629427362013,11,256,D:\core-tfm\results\core_tfm_submission_full_v1\multi_seed\seed_11_train_256
mic,tabpfn3,4,full,soft,1.0,0.3,1.011033522867555,0.0056629427362013,11,256,D:\core-tfm\results\core_tfm_submission_full_v1\multi_seed\seed_11_train_256
mic,tabpfn3,5,raw_only,j2,0.5,,1.043141564608753,0.0057247877726365,11,256,D:\core-tfm\results\core_tfm_submission_full_v1\multi_seed\seed_11_train_256
mic,tabpfn3,5,pool_only,geometric,0.0,,1.043141564608753,0.0057247877726365,11,256,D:\core-tfm\results\core_tfm_submission_full_v1\multi_seed\seed_11_train_256
mic,tabpfn3,5,repair_only,soft,0.0,0.03,1.0431289915470188,0.0055723655242155,11,256,D:\core-tfm\results\core_tfm_submission_full_v1\multi_seed\seed_11_train_256
mic,tabpfn3,5,full,j2,0.5,,1.043141564608753,0.0057247877726365,11,256,D:\core-tfm\results\core_tfm_submission_full_v1\multi_seed\seed_11_train_256
mic,catboost,1,raw_only,j2,0.5,,1.1284472325033823,0.0099497893673189,11,256,D:\core-tfm\results\core_tfm_submission_full_v1\multi_seed\seed_11_train_256
mic,catboost,1,pool_only,geometric,0.0,,1.1284472325033823,0.0099497893673189,11,256,D:\core-tfm\results\core_tfm_submission_full_v1\multi_seed\seed_11_train_256
mic,catboost,1,repair_only,soft,0.0,0.1,1.1284997780470611,0.0090566088011573,11,256,D:\core-tfm\results\core_tfm_submission_full_v1\multi_seed\seed_11_train_256
mic,catboost,1,full,soft,0.0,0.1,1.1284997780470611,0.0090566088011573,11,256,D:\core-tfm\results\core_tfm_submission_full_v1\multi_seed\seed_11_train_256
mic,catboost,2,raw_only,j1,0.5,,1.051724409690685,0.0122546462424138,11,256,D:\core-tfm\results\core_tfm_submission_full_v1\multi_seed\seed_11_train_256
mic,catboost,2,pool_only,geometric,1.0,,1.051724409690685,0.0122546462424138,11,256,D:\core-tfm\results\core_tfm_submission_full_v1\multi_seed\seed_11_train_256
mic,catboost,2,repair_only,soft,1.0,1.0,1.0486210886655527,0.0061879665498402,11,256,D:\core-tfm\results\core_tfm_submission_full_v1\multi_seed\seed_11_train_256
mic,catboost,2,full,soft,1.0,1.0,1.0486210886655527,0.0061879665498402,11,256,D:\core-tfm\results\core_tfm_submission_full_v1\multi_seed\seed_11_train_256
mic,catboost,3,raw_only,j2,0.5,,1.0439206401924996,0.0110915870861949,11,256,D:\core-tfm\results\core_tfm_submission_full_v1\multi_seed\seed_11_train_256
mic,catboost,3,pool_only,geometric,0.25,,1.0419705561758523,0.011226192926606,11,256,D:\core-tfm\results\core_tfm_submission_full_v1\multi_seed\seed_11_train_256
mic,catboost,3,repair_only,soft,0.25,0.03,1.0417827789762035,0.0109005083772098,11,256,D:\core-tfm\results\core_tfm_submission_full_v1\multi_seed\seed_11_train_256
mic,catboost,3,full,geometric,0.25,,1.0419705561758523,0.011226192926606,11,256,D:\core-tfm\results\core_tfm_submission_full_v1\multi_seed\seed_11_train_256
mic,catboost,4,raw_only,j1,0.5,,1.10715362468507,0.0104745901262072,11,256,D:\core-tfm\results\core_tfm_submission_full_v1\multi_seed\seed_11_train_256
mic,catboost,4,pool_only,geometric,1.0,,1.10715362468507,0.0104745901262072,11,256,D:\core-tfm\results\core_tfm_submission_full_v1\multi_seed\seed_11_train_256
mic,catboost,4,repair_only,soft,1.0,0.03,1.1066967625858146,0.0101848367452542,11,256,D:\core-tfm\results\core_tfm_submission_full_v1\multi_seed\seed_11_train_256
mic,catboost,4,full,j1,0.5,,1.10715362468507,0.0104745901262072,11,256,D:\core-tfm\results\core_tfm_submission_full_v1\multi_seed\seed_11_train_256
mic,catboost,5,raw_only,j1,0.5,,1.092110518613311,0.0127090819679769,11,256,D:\core-tfm\results\core_tfm_submission_full_v1\multi_seed\seed_11_train_256
mic,catboost,5,pool_only,geometric,1.0,,1.092110518613311,0.0127090819679769,11,256,D:\core-tfm\results\core_tfm_submission_full_v1\multi_seed\seed_11_train_256
mic,catboost,5,repair_only,soft,1.0,0.03,1.092114956949641,0.0123683566242371,11,256,D:\core-tfm\results\core_tfm_submission_full_v1\multi_seed\seed_11_train_256
mic,catboost,5,full,j1,0.5,,1.092110518613311,0.0127090819679769,11,256,D:\core-tfm\results\core_tfm_submission_full_v1\multi_seed\seed_11_train_256
customer,tabiclv2,1,raw_only,j2,0.5,,1.5467620195824456,0.0203192375914128,11,256,D:\core-tfm\results\core_tfm_submission_full_v1\multi_seed\seed_11_train_256
customer,tabiclv2,1,pool_only,geometric,0.0,,1.5467620195824456,0.0203192375914128,11,256,D:\core-tfm\results\core_tfm_submission_full_v1\multi_seed\seed_11_train_256
customer,tabiclv2,1,repair_only,soft,0.0,0.03,1.5468385400879756,0.0197441325735318,11,256,D:\core-tfm\results\core_tfm_submission_full_v1\multi_seed\seed_11_train_256
customer,tabiclv2,1,full,j2,0.5,,1.5467620195824456,0.0203192375914128,11,256,D:\core-tfm\results\core_tfm_submission_full_v1\multi_seed\seed_11_train_256
customer,tabiclv2,2,raw_only,j1,0.5,,1.5046582274277795,0.0053103364139895,11,256,D:\core-tfm\results\core_tfm_submission_full_v1\multi_seed\seed_11_train_256
customer,tabiclv2,2,pool_only,geometric,1.0,,1.5046582274277795,0.0053103364139895,11,256,D:\core-tfm\results\core_tfm_submission_full_v1\multi_seed\seed_11_train_256
customer,tabiclv2,2,repair_only,soft,1.0,0.03,1.5044530842490969,0.0051618779064113,11,256,D:\core-tfm\results\core_tfm_submission_full_v1\multi_seed\seed_11_train_256
customer,tabiclv2,2,full,j1,0.5,,1.5046582274277795,0.0053103364139895,11,256,D:\core-tfm\results\core_tfm_submission_full_v1\multi_seed\seed_11_train_256
customer,tabiclv2,3,raw_only,j2,0.5,,1.443901569044736,0.0145786568181759,11,256,D:\core-tfm\results\core_tfm_submission_full_v1\multi_seed\seed_11_train_256
customer,tabiclv2,3,pool_only,geometric,0.25,,1.445962356619297,0.0122864576083021,11,256,D:\core-tfm\results\core_tfm_submission_full_v1\multi_seed\seed_11_train_256
customer,tabiclv2,3,repair_only,soft,0.25,0.1,1.446316944707122,0.0111684621939144,11,256,D:\core-tfm\results\core_tfm_submission_full_v1\multi_seed\seed_11_train_256
customer,tabiclv2,3,full,soft,0.25,0.1,1.446316944707122,0.0111684621939144,11,256,D:\core-tfm\results\core_tfm_submission_full_v1\multi_seed\seed_11_train_256
customer,tabiclv2,4,raw_only,j2,0.5,,1.5158204360753644,0.016289369601577,11,256,D:\core-tfm\results\core_tfm_submission_full_v1\multi_seed\seed_11_train_256
customer,tabiclv2,4,pool_only,geometric,0.0,,1.5158204360753644,0.016289369601577,11,256,D:\core-tfm\results\core_tfm_submission_full_v1\multi_seed\seed_11_train_256
customer,tabiclv2,4,repair_only,soft,0.0,0.03,1.5157718663895925,0.0158332858099366,11,256,D:\core-tfm\results\core_tfm_submission_full_v1\multi_seed\seed_11_train_256
customer,tabiclv2,4,full,j2,0.5,,1.5158204360753644,0.016289369601577,11,256,D:\core-tfm\results\core_tfm_submission_full_v1\multi_seed\seed_11_train_256
customer,tabiclv2,5,raw_only,j1,0.5,,1.4720532109156506,0.0094813466986992,11,256,D:\core-tfm\results\core_tfm_submission_full_v1\multi_seed\seed_11_train_256
customer,tabiclv2,5,pool_only,geometric,0.75,,1.4702928665558483,0.0101552251942237,11,256,D:\core-tfm\results\core_tfm_submission_full_v1\multi_seed\seed_11_train_256
customer,tabiclv2,5,repair_only,soft,0.75,0.03,1.4703866416642448,0.0098605795007652,11,256,D:\core-tfm\results\core_tfm_submission_full_v1\multi_seed\seed_11_train_256
customer,tabiclv2,5,full,geometric,0.75,,1.4702928665558483,0.0101552251942237,11,256,D:\core-tfm\results\core_tfm_submission_full_v1\multi_seed\seed_11_train_256
customer,tabpfn3,1,raw_only,j1,0.5,,1.5248467556443477,0.0025714413110144,11,256,D:\core-tfm\results\core_tfm_submission_full_v1\multi_seed\seed_11_train_256
customer,tabpfn3,1,pool_only,geometric,1.0,,1.5248467556443477,0.0025714413110144,11,256,D:\core-tfm\results\core_tfm_submission_full_v1\multi_seed\seed_11_train_256
customer,tabpfn3,1,repair_only,soft,1.0,0.03,1.5249430722972814,0.0025034834874872,11,256,D:\core-tfm\results\core_tfm_submission_full_v1\multi_seed\seed_11_train_256
customer,tabpfn3,1,full,j1,0.5,,1.5248467556443477,0.0025714413110144,11,256,D:\core-tfm\results\core_tfm_submission_full_v1\multi_seed\seed_11_train_256
customer,tabpfn3,2,raw_only,j2,0.5,,1.455289227062406,0.0056611131438455,11,256,D:\core-tfm\results\core_tfm_submission_full_v1\multi_seed\seed_11_train_256
customer,tabpfn3,2,pool_only,geometric,0.0,,1.455289227062406,0.0056611131438455,11,256,D:\core-tfm\results\core_tfm_submission_full_v1\multi_seed\seed_11_train_256
customer,tabpfn3,2,repair_only,soft,0.0,0.03,1.455274822506106,0.0054965596985815,11,256,D:\core-tfm\results\core_tfm_submission_full_v1\multi_seed\seed_11_train_256
customer,tabpfn3,2,full,j2,0.5,,1.455289227062406,0.0056611131438455,11,256,D:\core-tfm\results\core_tfm_submission_full_v1\multi_seed\seed_11_train_256
customer,tabpfn3,3,raw_only,j2,0.5,,1.4537851643815851,0.0033845009810835,11,256,D:\core-tfm\results\core_tfm_submission_full_v1\multi_seed\seed_11_train_256
customer,tabpfn3,3,pool_only,geometric,0.0,,1.4537851643815851,0.0033845009810835,11,256,D:\core-tfm\results\core_tfm_submission_full_v1\multi_seed\seed_11_train_256
customer,tabpfn3,3,repair_only,hard,1.0,,1.4517075293859354,3.3873375685742084e-14,11,256,D:\core-tfm\results\core_tfm_submission_full_v1\multi_seed\seed_11_train_256
customer,tabpfn3,3,full,hard,1.0,,1.4517075293859354,3.3873375685742084e-14,11,256,D:\core-tfm\results\core_tfm_submission_full_v1\multi_seed\seed_11_train_256
customer,tabpfn3,4,raw_only,j2,0.5,,1.498930865857812,0.005111757055213,11,256,D:\core-tfm\results\core_tfm_submission_full_v1\multi_seed\seed_11_train_256
customer,tabpfn3,4,pool_only,geometric,0.0,,1.4989308658578118,0.005111757055213,11,256,D:\core-tfm\results\core_tfm_submission_full_v1\multi_seed\seed_11_train_256
customer,tabpfn3,4,repair_only,soft,0.0,0.03,1.498966638453964,0.0049633599693102,11,256,D:\core-tfm\results\core_tfm_submission_full_v1\multi_seed\seed_11_train_256
customer,tabpfn3,4,full,geometric,0.0,,1.4989308658578118,0.005111757055213,11,256,D:\core-tfm\results\core_tfm_submission_full_v1\multi_seed\seed_11_train_256
customer,tabpfn3,5,raw_only,j2,0.5,,1.4809920566829344,0.0063835052982991,11,256,D:\core-tfm\results\core_tfm_submission_full_v1\multi_seed\seed_11_train_256
customer,tabpfn3,5,pool_only,geometric,0.0,,1.4809920566829344,0.0063835052982991,11,256,D:\core-tfm\results\core_tfm_submission_full_v1\multi_seed\seed_11_train_256
customer,tabpfn3,5,repair_only,soft,0.0,0.03,1.481068205019043,0.006198363457664,11,256,D:\core-tfm\results\core_tfm_submission_full_v1\multi_seed\seed_11_train_256
customer,tabpfn3,5,full,j2,0.5,,1.4809920566829344,0.0063835052982991,11,256,D:\core-tfm\results\core_tfm_submission_full_v1\multi_seed\seed_11_train_256
customer,catboost,1,raw_only,j2,0.5,,1.4908919702960977,0.0253110160357576,11,256,D:\core-tfm\results\core_tfm_submission_full_v1\multi_seed\seed_11_train_256
customer,catboost,1,pool_only,geometric,0.5,,1.4974792142864544,0.01646400772571,11,256,D:\core-tfm\results\core_tfm_submission_full_v1\multi_seed\seed_11_train_256
customer,catboost,1,repair_only,soft,0.5,0.03,1.4975381830012124,0.0159870481597409,11,256,D:\core-tfm\results\core_tfm_submission_full_v1\multi_seed\seed_11_train_256
customer,catboost,1,full,geometric,0.5,,1.4974792142864544,0.01646400772571,11,256,D:\core-tfm\results\core_tfm_submission_full_v1\multi_seed\seed_11_train_256
customer,catboost,2,raw_only,j1,0.5,,1.4805596868362274,0.0073334676152713,11,256,D:\core-tfm\results\core_tfm_submission_full_v1\multi_seed\seed_11_train_256
customer,catboost,2,pool_only,geometric,0.75,,1.4783442188897542,0.0099581586144717,11,256,D:\core-tfm\results\core_tfm_submission_full_v1\multi_seed\seed_11_train_256
customer,catboost,2,repair_only,soft,0.75,0.03,1.4782340482787637,0.0096749721909231,11,256,D:\core-tfm\results\core_tfm_submission_full_v1\multi_seed\seed_11_train_256
customer,catboost,2,full,geometric,0.75,,1.4783442188897542,0.0099581586144717,11,256,D:\core-tfm\results\core_tfm_submission_full_v1\multi_seed\seed_11_train_256
customer,catboost,3,raw_only,j2,0.5,,1.556130244298441,0.0166950876969992,11,256,D:\core-tfm\results\core_tfm_submission_full_v1\multi_seed\seed_11_train_256
customer,catboost,3,pool_only,geometric,0.0,,1.556130244298441,0.0166950876969992,11,256,D:\core-tfm\results\core_tfm_submission_full_v1\multi_seed\seed_11_train_256
customer,catboost,3,repair_only,soft,0.0,0.03,1.5557544747250125,0.0162126545344532,11,256,D:\core-tfm\results\core_tfm_submission_full_v1\multi_seed\seed_11_train_256
customer,catboost,3,full,j2,0.5,,1.556130244298441,0.0166950876969992,11,256,D:\core-tfm\results\core_tfm_submission_full_v1\multi_seed\seed_11_train_256
customer,catboost,4,raw_only,j1,0.5,,1.5375873555253896,0.0094120399511478,11,256,D:\core-tfm\results\core_tfm_submission_full_v1\multi_seed\seed_11_train_256
customer,catboost,4,pool_only,arithmetic,0.5,,1.5303405184632353,0.0146589295582701,11,256,D:\core-tfm\results\core_tfm_submission_full_v1\multi_seed\seed_11_train_256
customer,catboost,4,repair_only,soft,0.5,0.03,1.53044384547319,0.0142051925784138,11,256,D:\core-tfm\results\core_tfm_submission_full_v1\multi_seed\seed_11_train_256
customer,catboost,4,full,arithmetic,0.5,,1.5303405184632353,0.0146589295582701,11,256,D:\core-tfm\results\core_tfm_submission_full_v1\multi_seed\seed_11_train_256
customer,catboost,5,raw_only,j1,0.5,,1.5285754367139417,0.0066503274187431,11,256,D:\core-tfm\results\core_tfm_submission_full_v1\multi_seed\seed_11_train_256
customer,catboost,5,pool_only,geometric,1.0,,1.5285754367139417,0.0066503274187431,11,256,D:\core-tfm\results\core_tfm_submission_full_v1\multi_seed\seed_11_train_256
customer,catboost,5,repair_only,hard,1.0,,1.523580653429482,1.5007676565782608e-13,11,256,D:\core-tfm\results\core_tfm_submission_full_v1\multi_seed\seed_11_train_256
customer,catboost,5,full,hard,1.0,,1.523580653429482,1.5007676565782608e-13,11,256,D:\core-tfm\results\core_tfm_submission_full_v1\multi_seed\seed_11_train_256
marketing,tabiclv2,1,raw_only,j2,0.5,,1.8474236517976448,0.0327694115889735,11,256,D:\core-tfm\results\core_tfm_submission_full_v1\multi_seed\seed_11_train_256
marketing,tabiclv2,1,pool_only,geometric,0.5,,1.8446370967982133,0.0236275892324694,11,256,D:\core-tfm\results\core_tfm_submission_full_v1\multi_seed\seed_11_train_256
marketing,tabiclv2,1,repair_only,soft,0.5,0.03,1.8456511516932723,0.0229458536525701,11,256,D:\core-tfm\results\core_tfm_submission_full_v1\multi_seed\seed_11_train_256
marketing,tabiclv2,1,full,geometric,0.5,,1.8446370967982133,0.0236275892324694,11,256,D:\core-tfm\results\core_tfm_submission_full_v1\multi_seed\seed_11_train_256
marketing,tabiclv2,2,raw_only,j1,0.5,,1.867288636804446,0.0194467569846992,11,256,D:\core-tfm\results\core_tfm_submission_full_v1\multi_seed\seed_11_train_256
marketing,tabiclv2,2,pool_only,geometric,1.0,,1.867288636804446,0.0194467569846992,11,256,D:\core-tfm\results\core_tfm_submission_full_v1\multi_seed\seed_11_train_256
marketing,tabiclv2,2,repair_only,soft,1.0,0.1,1.869256485716888,0.0181014516651775,11,256,D:\core-tfm\results\core_tfm_submission_full_v1\multi_seed\seed_11_train_256
marketing,tabiclv2,2,full,soft,1.0,0.1,1.869256485716888,0.0181014516651775,11,256,D:\core-tfm\results\core_tfm_submission_full_v1\multi_seed\seed_11_train_256
marketing,tabiclv2,3,raw_only,j2,0.5,,1.9114905761030232,0.0232758658015796,11,256,D:\core-tfm\results\core_tfm_submission_full_v1\multi_seed\seed_11_train_256
marketing,tabiclv2,3,pool_only,geometric,0.25,,1.904285259912883,0.0203135735642083,11,256,D:\core-tfm\results\core_tfm_submission_full_v1\multi_seed\seed_11_train_256
marketing,tabiclv2,3,repair_only,soft,0.25,0.03,1.90356160566986,0.0196777552390851,11,256,D:\core-tfm\results\core_tfm_submission_full_v1\multi_seed\seed_11_train_256
marketing,tabiclv2,3,full,geometric,0.25,,1.904285259912883,0.0203135735642083,11,256,D:\core-tfm\results\core_tfm_submission_full_v1\multi_seed\seed_11_train_256
marketing,tabiclv2,4,raw_only,j2,0.5,,1.9430657987974695,0.035637719524984,11,256,D:\core-tfm\results\core_tfm_submission_full_v1\multi_seed\seed_11_train_256
marketing,tabiclv2,4,pool_only,arithmetic,0.5,,1.931255883045677,0.0259867562289191,11,256,D:\core-tfm\results\core_tfm_submission_full_v1\multi_seed\seed_11_train_256
marketing,tabiclv2,4,repair_only,soft,0.25,0.03,1.935169199264392,0.029773895275355,11,256,D:\core-tfm\results\core_tfm_submission_full_v1\multi_seed\seed_11_train_256
marketing,tabiclv2,4,full,arithmetic,0.5,,1.931255883045677,0.0259867562289191,11,256,D:\core-tfm\results\core_tfm_submission_full_v1\multi_seed\seed_11_train_256
marketing,tabiclv2,5,raw_only,j2,0.5,,1.6958582806863198,0.0292018341574791,11,256,D:\core-tfm\results\core_tfm_submission_full_v1\multi_seed\seed_11_train_256
marketing,tabiclv2,5,pool_only,geometric,0.25,,1.693684879382943,0.0245922581936861,11,256,D:\core-tfm\results\core_tfm_submission_full_v1\multi_seed\seed_11_train_256
marketing,tabiclv2,5,repair_only,soft,0.0,0.3,1.6950900073419597,0.0226827328174826,11,256,D:\core-tfm\results\core_tfm_submission_full_v1\multi_seed\seed_11_train_256
marketing,tabiclv2,5,full,soft,0.0,0.3,1.6950900073419597,0.0226827328174826,11,256,D:\core-tfm\results\core_tfm_submission_full_v1\multi_seed\seed_11_train_256
marketing,tabpfn3,1,raw_only,j2,0.5,,1.81782117561634,0.0039914450412792,11,256,D:\core-tfm\results\core_tfm_submission_full_v1\multi_seed\seed_11_train_256
marketing,tabpfn3,1,pool_only,geometric,0.0,,1.81782117561634,0.0039914450412792,11,256,D:\core-tfm\results\core_tfm_submission_full_v1\multi_seed\seed_11_train_256
marketing,tabpfn3,1,repair_only,soft,0.0,0.03,1.818350181354277,0.0038684702684964,11,256,D:\core-tfm\results\core_tfm_submission_full_v1\multi_seed\seed_11_train_256
marketing,tabpfn3,1,full,j2,0.5,,1.81782117561634,0.0039914450412792,11,256,D:\core-tfm\results\core_tfm_submission_full_v1\multi_seed\seed_11_train_256
marketing,tabpfn3,2,raw_only,j1,0.5,,1.815690391059089,0.0092059533408832,11,256,D:\core-tfm\results\core_tfm_submission_full_v1\multi_seed\seed_11_train_256
marketing,tabpfn3,2,pool_only,geometric,1.0,,1.8156903910590887,0.0092059533408832,11,256,D:\core-tfm\results\core_tfm_submission_full_v1\multi_seed\seed_11_train_256
marketing,tabpfn3,2,repair_only,soft,1.0,0.03,1.8158903837757652,0.0089777129024747,11,256,D:\core-tfm\results\core_tfm_submission_full_v1\multi_seed\seed_11_train_256
marketing,tabpfn3,2,full,j1,0.5,,1.815690391059089,0.0092059533408832,11,256,D:\core-tfm\results\core_tfm_submission_full_v1\multi_seed\seed_11_train_256
marketing,tabpfn3,3,raw_only,j2,0.5,,1.8616435685692676,0.0170589850137469,11,256,D:\core-tfm\results\core_tfm_submission_full_v1\multi_seed\seed_11_train_256
marketing,tabpfn3,3,pool_only,geometric,0.0,,1.861643568569268,0.0170589850137469,11,256,D:\core-tfm\results\core_tfm_submission_full_v1\multi_seed\seed_11_train_256
marketing,tabpfn3,3,repair_only,soft,0.0,0.1,1.857360614025597,0.014712317119271,11,256,D:\core-tfm\results\core_tfm_submission_full_v1\multi_seed\seed_11_train_256
marketing,tabpfn3,3,full,soft,0.0,0.1,1.857360614025597,0.014712317119271,11,256,D:\core-tfm\results\core_tfm_submission_full_v1\multi_seed\seed_11_train_256
marketing,tabpfn3,4,raw_only,j1,0.5,,1.9014037114731728,0.0098991184252335,11,256,D:\core-tfm\results\core_tfm_submission_full_v1\multi_seed\seed_11_train_256
marketing,tabpfn3,4,pool_only,geometric,1.0,,1.9014037114731728,0.0098991184252335,11,256,D:\core-tfm\results\core_tfm_submission_full_v1\multi_seed\seed_11_train_256
marketing,tabpfn3,4,repair_only,soft,1.0,0.03,1.9012681535213476,0.0096129398360323,11,256,D:\core-tfm\results\core_tfm_submission_full_v1\multi_seed\seed_11_train_256
marketing,tabpfn3,4,full,j1,0.5,,1.9014037114731728,0.0098991184252335,11,256,D:\core-tfm\results\core_tfm_submission_full_v1\multi_seed\seed_11_train_256
marketing,tabpfn3,5,raw_only,j2,0.5,,1.6139824689592248,0.0025959427646285,11,256,D:\core-tfm\results\core_tfm_submission_full_v1\multi_seed\seed_11_train_256
marketing,tabpfn3,5,pool_only,geometric,0.0,,1.613982468959225,0.0025959427646285,11,256,D:\core-tfm\results\core_tfm_submission_full_v1\multi_seed\seed_11_train_256
marketing,tabpfn3,5,repair_only,soft,0.0,0.03,1.6139152189306023,0.0025215145038102,11,256,D:\core-tfm\results\core_tfm_submission_full_v1\multi_seed\seed_11_train_256
marketing,tabpfn3,5,full,j2,0.5,,1.6139824689592248,0.0025959427646285,11,256,D:\core-tfm\results\core_tfm_submission_full_v1\multi_seed\seed_11_train_256
marketing,catboost,1,raw_only,j2,0.5,,1.7476165077044374,0.0214444532954195,11,256,D:\core-tfm\results\core_tfm_submission_full_v1\multi_seed\seed_11_train_256
marketing,catboost,1,pool_only,geometric,0.5,,1.7563870441511902,0.0157631960264305,11,256,D:\core-tfm\results\core_tfm_submission_full_v1\multi_seed\seed_11_train_256
marketing,catboost,1,repair_only,hard,0.0,,1.75562991181895,7.703961166921625e-15,11,256,D:\core-tfm\results\core_tfm_submission_full_v1\multi_seed\seed_11_train_256
marketing,catboost,1,full,hard,0.0,,1.75562991181895,7.703961166921625e-15,11,256,D:\core-tfm\results\core_tfm_submission_full_v1\multi_seed\seed_11_train_256
marketing,catboost,2,raw_only,j2,0.5,,1.8320131703063791,0.022898399778877,11,256,D:\core-tfm\results\core_tfm_submission_full_v1\multi_seed\seed_11_train_256
marketing,catboost,2,pool_only,geometric,0.5,,1.8301199697002688,0.0164510490995828,11,256,D:\core-tfm\results\core_tfm_submission_full_v1\multi_seed\seed_11_train_256
marketing,catboost,2,repair_only,hard,1.0,,1.8264183693372869,2.4950178777400148e-14,11,256,D:\core-tfm\results\core_tfm_submission_full_v1\multi_seed\seed_11_train_256
marketing,catboost,2,full,hard,1.0,,1.8264183693372869,2.4950178777400148e-14,11,256,D:\core-tfm\results\core_tfm_submission_full_v1\multi_seed\seed_11_train_256
marketing,catboost,3,raw_only,j2,0.5,,1.9637834181372251,0.0220037926326085,11,256,D:\core-tfm\results\core_tfm_submission_full_v1\multi_seed\seed_11_train_256
marketing,catboost,3,pool_only,geometric,0.0,,1.9637834181372256,0.0220037926326085,11,256,D:\core-tfm\results\core_tfm_submission_full_v1\multi_seed\seed_11_train_256
marketing,catboost,3,repair_only,soft,0.0,0.03,1.9639329231055431,0.0213928347697727,11,256,D:\core-tfm\results\core_tfm_submission_full_v1\multi_seed\seed_11_train_256
marketing,catboost,3,full,soft,0.0,0.03,1.9639329231055431,0.0213928347697727,11,256,D:\core-tfm\results\core_tfm_submission_full_v1\multi_seed\seed_11_train_256
marketing,catboost,4,raw_only,j1,0.5,,1.8262104087869215,0.0113166931192214,11,256,D:\core-tfm\results\core_tfm_submission_full_v1\multi_seed\seed_11_train_256
marketing,catboost,4,pool_only,geometric,1.0,,1.8262104087869215,0.0113166931192214,11,256,D:\core-tfm\results\core_tfm_submission_full_v1\multi_seed\seed_11_train_256
marketing,catboost,4,repair_only,hard,0.0,,1.8305923650256692,8.608124792402333e-15,11,256,D:\core-tfm\results\core_tfm_submission_full_v1\multi_seed\seed_11_train_256
marketing,catboost,4,full,hard,0.0,,1.8305923650256692,8.608124792402333e-15,11,256,D:\core-tfm\results\core_tfm_submission_full_v1\multi_seed\seed_11_train_256
marketing,catboost,5,raw_only,j1,0.5,,1.7738866710385557,0.0078550533078449,11,256,D:\core-tfm\results\core_tfm_submission_full_v1\multi_seed\seed_11_train_256
marketing,catboost,5,pool_only,geometric,1.0,,1.7738866710385557,0.0078550533078449,11,256,D:\core-tfm\results\core_tfm_submission_full_v1\multi_seed\seed_11_train_256
marketing,catboost,5,repair_only,soft,1.0,0.03,1.7736168703069362,0.0076461660621865,11,256,D:\core-tfm\results\core_tfm_submission_full_v1\multi_seed\seed_11_train_256
marketing,catboost,5,full,j1,0.5,,1.7738866710385557,0.0078550533078449,11,256,D:\core-tfm\results\core_tfm_submission_full_v1\multi_seed\seed_11_train_256
phishing,tabiclv2,1,raw_only,j1,0.5,,0.9902126967103216,0.0162152576843876,11,256,D:\core-tfm\results\core_tfm_submission_full_v1\multi_seed\seed_11_train_256
phishing,tabiclv2,1,pool_only,geometric,0.75,,0.9815108512389468,0.017698219592821,11,256,D:\core-tfm\results\core_tfm_submission_full_v1\multi_seed\seed_11_train_256
phishing,tabiclv2,1,repair_only,soft,0.75,0.03,0.9814513770156368,0.0173589877055141,11,256,D:\core-tfm\results\core_tfm_submission_full_v1\multi_seed\seed_11_train_256
phishing,tabiclv2,1,full,geometric,0.75,,0.9815108512389468,0.017698219592821,11,256,D:\core-tfm\results\core_tfm_submission_full_v1\multi_seed\seed_11_train_256
phishing,tabiclv2,2,raw_only,j1,0.5,,0.8662588147508976,0.0181466287333814,11,256,D:\core-tfm\results\core_tfm_submission_full_v1\multi_seed\seed_11_train_256
phishing,tabiclv2,2,pool_only,arithmetic,0.5,,0.8611722692080944,0.0206112960145624,11,256,D:\core-tfm\results\core_tfm_submission_full_v1\multi_seed\seed_11_train_256
phishing,tabiclv2,2,repair_only,soft,0.75,0.03,0.8624036450601147,0.0189563358094884,11,256,D:\core-tfm\results\core_tfm_submission_full_v1\multi_seed\seed_11_train_256
phishing,tabiclv2,2,full,arithmetic,0.5,,0.8611722692080944,0.0206112960145624,11,256,D:\core-tfm\results\core_tfm_submission_full_v1\multi_seed\seed_11_train_256
phishing,tabiclv2,3,raw_only,j2,0.5,,0.7436761319243417,0.0221812278552359,11,256,D:\core-tfm\results\core_tfm_submission_full_v1\multi_seed\seed_11_train_256
phishing,tabiclv2,3,pool_only,geometric,0.0,,0.7436761319243417,0.0221812278552359,11,256,D:\core-tfm\results\core_tfm_submission_full_v1\multi_seed\seed_11_train_256
phishing,tabiclv2,3,repair_only,soft,0.0,0.03,0.7434760328012624,0.0218796388349558,11,256,D:\core-tfm\results\core_tfm_submission_full_v1\multi_seed\seed_11_train_256
phishing,tabiclv2,3,full,j2,0.5,,0.7436761319243417,0.0221812278552359,11,256,D:\core-tfm\results\core_tfm_submission_full_v1\multi_seed\seed_11_train_256
phishing,tabiclv2,4,raw_only,j2,0.5,,0.8902959647495037,0.0143275114824629,11,256,D:\core-tfm\results\core_tfm_submission_full_v1\multi_seed\seed_11_train_256
phishing,tabiclv2,4,pool_only,geometric,0.25,,0.8846877456936801,0.0144925992895519,11,256,D:\core-tfm\results\core_tfm_submission_full_v1\multi_seed\seed_11_train_256
phishing,tabiclv2,4,repair_only,soft,0.25,0.03,0.8847181131000386,0.0141318546146062,11,256,D:\core-tfm\results\core_tfm_submission_full_v1\multi_seed\seed_11_train_256
phishing,tabiclv2,4,full,geometric,0.25,,0.8846877456936801,0.0144925992895519,11,256,D:\core-tfm\results\core_tfm_submission_full_v1\multi_seed\seed_11_train_256
phishing,tabiclv2,5,raw_only,j1,0.5,,0.8510193693601886,0.0273848383146921,11,256,D:\core-tfm\results\core_tfm_submission_full_v1\multi_seed\seed_11_train_256
phishing,tabiclv2,5,pool_only,geometric,1.0,,0.8510193693601886,0.0273848383146921,11,256,D:\core-tfm\results\core_tfm_submission_full_v1\multi_seed\seed_11_train_256
phishing,tabiclv2,5,repair_only,soft,1.0,0.03,0.8507157062012034,0.0270523736041123,11,256,D:\core-tfm\results\core_tfm_submission_full_v1\multi_seed\seed_11_train_256
phishing,tabiclv2,5,full,j1,0.5,,0.8510193693601886,0.0273848383146921,11,256,D:\core-tfm\results\core_tfm_submission_full_v1\multi_seed\seed_11_train_256
phishing,tabpfn3,1,raw_only,j2,0.5,,0.9711238628983732,0.0234846499381867,11,256,D:\core-tfm\results\core_tfm_submission_full_v1\multi_seed\seed_11_train_256
phishing,tabpfn3,1,pool_only,geometric,0.0,,0.9711238628983732,0.0234846499381867,11,256,D:\core-tfm\results\core_tfm_submission_full_v1\multi_seed\seed_11_train_256
phishing,tabpfn3,1,repair_only,soft,0.0,0.03,0.97151623415181,0.0230762541488938,11,256,D:\core-tfm\results\core_tfm_submission_full_v1\multi_seed\seed_11_train_256
phishing,tabpfn3,1,full,j2,0.5,,0.9711238628983732,0.0234846499381867,11,256,D:\core-tfm\results\core_tfm_submission_full_v1\multi_seed\seed_11_train_256
phishing,tabpfn3,2,raw_only,j2,0.5,,0.8953013179436007,0.019843247058708,11,256,D:\core-tfm\results\core_tfm_submission_full_v1\multi_seed\seed_11_train_256
phishing,tabpfn3,2,pool_only,geometric,0.0,,0.8953013179436007,0.019843247058708,11,256,D:\core-tfm\results\core_tfm_submission_full_v1\multi_seed\seed_11_train_256
phishing,tabpfn3,2,repair_only,soft,0.0,0.03,0.8947444959062739,0.0195127621216689,11,256,D:\core-tfm\results\core_tfm_submission_full_v1\multi_seed\seed_11_train_256
phishing,tabpfn3,2,full,j2,0.5,,0.8953013179436007,0.019843247058708,11,256,D:\core-tfm\results\core_tfm_submission_full_v1\multi_seed\seed_11_train_256
phishing,tabpfn3,3,raw_only,j2,0.5,,0.7474364074750981,0.0216590902243146,11,256,D:\core-tfm\results\core_tfm_submission_full_v1\multi_seed\seed_11_train_256
phishing,tabpfn3,3,pool_only,geometric,0.0,,0.747436407475098,0.0216590902243146,11,256,D:\core-tfm\results\core_tfm_submission_full_v1\multi_seed\seed_11_train_256
phishing,tabpfn3,3,repair_only,soft,0.0,0.03,0.747197522972068,0.0212931850011904,11,256,D:\core-tfm\results\core_tfm_submission_full_v1\multi_seed\seed_11_train_256
phishing,tabpfn3,3,full,j2,0.5,,0.7474364074750981,0.0216590902243146,11,256,D:\core-tfm\results\core_tfm_submission_full_v1\multi_seed\seed_11_train_256
phishing,tabpfn3,4,raw_only,j2,0.5,,0.8794195188725346,0.021657190925924,11,256,D:\core-tfm\results\core_tfm_submission_full_v1\multi_seed\seed_11_train_256
phishing,tabpfn3,4,pool_only,geometric,0.0,,0.8794195188725346,0.021657190925924,11,256,D:\core-tfm\results\core_tfm_submission_full_v1\multi_seed\seed_11_train_256
phishing,tabpfn3,4,repair_only,soft,0.0,0.03,0.8787755619480893,0.0213027808760667,11,256,D:\core-tfm\results\core_tfm_submission_full_v1\multi_seed\seed_11_train_256
phishing,tabpfn3,4,full,j2,0.5,,0.8794195188725346,0.021657190925924,11,256,D:\core-tfm\results\core_tfm_submission_full_v1\multi_seed\seed_11_train_256
phishing,tabpfn3,5,raw_only,j1,0.5,,0.8393602862268081,0.0169267838681169,11,256,D:\core-tfm\results\core_tfm_submission_full_v1\multi_seed\seed_11_train_256
phishing,tabpfn3,5,pool_only,geometric,1.0,,0.8393602862268081,0.016926783868117,11,256,D:\core-tfm\results\core_tfm_submission_full_v1\multi_seed\seed_11_train_256
phishing,tabpfn3,5,repair_only,soft,1.0,0.03,0.8393706484074724,0.0167196293281408,11,256,D:\core-tfm\results\core_tfm_submission_full_v1\multi_seed\seed_11_train_256
phishing,tabpfn3,5,full,j1,0.5,,0.8393602862268081,0.0169267838681169,11,256,D:\core-tfm\results\core_tfm_submission_full_v1\multi_seed\seed_11_train_256
phishing,catboost,1,raw_only,j2,0.5,,1.1115736077272955,0.0503630331620305,11,256,D:\core-tfm\results\core_tfm_submission_full_v1\multi_seed\seed_11_train_256
phishing,catboost,1,pool_only,geometric,0.0,,1.1115736077272955,0.0503630331620305,11,256,D:\core-tfm\results\core_tfm_submission_full_v1\multi_seed\seed_11_train_256
phishing,catboost,1,repair_only,soft,0.0,0.3,1.109178126034274,0.0432529108042676,11,256,D:\core-tfm\results\core_tfm_submission_full_v1\multi_seed\seed_11_train_256
phishing,catboost,1,full,soft,0.0,0.3,1.109178126034274,0.0432529108042676,11,256,D:\core-tfm\results\core_tfm_submission_full_v1\multi_seed\seed_11_train_256
phishing,catboost,2,raw_only,j1,0.5,,1.0604201227321686,0.0312189657112132,11,256,D:\core-tfm\results\core_tfm_submission_full_v1\multi_seed\seed_11_train_256
phishing,catboost,2,pool_only,geometric,1.0,,1.0604201227321686,0.0312189657112132,11,256,D:\core-tfm\results\core_tfm_submission_full_v1\multi_seed\seed_11_train_256
phishing,catboost,2,repair_only,soft,1.0,0.03,1.0602091568050769,0.0307566935501033,11,256,D:\core-tfm\results\core_tfm_submission_full_v1\multi_seed\seed_11_train_256
phishing,catboost,2,full,j1,0.5,,1.0604201227321686,0.0312189657112132,11,256,D:\core-tfm\results\core_tfm_submission_full_v1\multi_seed\seed_11_train_256
phishing,catboost,3,raw_only,j2,0.5,,0.9270624365597924,0.0351284987640991,11,256,D:\core-tfm\results\core_tfm_submission_full_v1\multi_seed\seed_11_train_256
phishing,catboost,3,pool_only,geometric,0.5,,0.8940817171891471,0.0306378134757197,11,256,D:\core-tfm\results\core_tfm_submission_full_v1\multi_seed\seed_11_train_256
phishing,catboost,3,repair_only,soft,0.5,0.3,0.8895168079136555,0.0256290884325763,11,256,D:\core-tfm\results\core_tfm_submission_full_v1\multi_seed\seed_11_train_256
phishing,catboost,3,full,soft,0.5,0.3,0.8895168079136555,0.0256290884325763,11,256,D:\core-tfm\results\core_tfm_submission_full_v1\multi_seed\seed_11_train_256
phishing,catboost,4,raw_only,j2,0.5,,1.022823382556174,0.0408504696370771,11,256,D:\core-tfm\results\core_tfm_submission_full_v1\multi_seed\seed_11_train_256
phishing,catboost,4,pool_only,geometric,0.0,,1.022823382556174,0.0408504696370771,11,256,D:\core-tfm\results\core_tfm_submission_full_v1\multi_seed\seed_11_train_256
phishing,catboost,4,repair_only,soft,0.0,0.03,1.0222936942954193,0.0401541221320052,11,256,D:\core-tfm\results\core_tfm_submission_full_v1\multi_seed\seed_11_train_256
phishing,catboost,4,full,geometric,0.0,,1.022823382556174,0.0408504696370771,11,256,D:\core-tfm\results\core_tfm_submission_full_v1\multi_seed\seed_11_train_256
phishing,catboost,5,raw_only,j2,0.5,,1.014385783150518,0.036444793090948,11,256,D:\core-tfm\results\core_tfm_submission_full_v1\multi_seed\seed_11_train_256
phishing,catboost,5,pool_only,geometric,0.5,,1.0189696101219934,0.0335833203622097,11,256,D:\core-tfm\results\core_tfm_submission_full_v1\multi_seed\seed_11_train_256
phishing,catboost,5,repair_only,soft,0.0,1.0,1.0084910056108498,0.0239458057942175,11,256,D:\core-tfm\results\core_tfm_submission_full_v1\multi_seed\seed_11_train_256
phishing,catboost,5,full,soft,0.0,1.0,1.0084910056108498,0.0239458057942175,11,256,D:\core-tfm\results\core_tfm_submission_full_v1\multi_seed\seed_11_train_256
anneal,tabiclv2,1,raw_only,j2,0.5,,0.3329348936325916,0.0114337914683435,23,256,D:\core-tfm\results\core_tfm_submission_full_v1\multi_seed\seed_23_train_256
anneal,tabiclv2,1,pool_only,geometric,0.25,,0.3311535636063015,0.0091448874657186,23,256,D:\core-tfm\results\core_tfm_submission_full_v1\multi_seed\seed_23_train_256
anneal,tabiclv2,1,repair_only,soft,0.0,1.0,0.3313307294118786,0.0057488016832032,23,256,D:\core-tfm\results\core_tfm_submission_full_v1\multi_seed\seed_23_train_256
anneal,tabiclv2,1,full,soft,0.0,1.0,0.3313307294118786,0.0057488016832032,23,256,D:\core-tfm\results\core_tfm_submission_full_v1\multi_seed\seed_23_train_256
anneal,tabiclv2,2,raw_only,j2,0.5,,0.2932547408431646,0.0142428463775082,23,256,D:\core-tfm\results\core_tfm_submission_full_v1\multi_seed\seed_23_train_256
anneal,tabiclv2,2,pool_only,geometric,0.5,,0.2874290602021416,0.0089649825761002,23,256,D:\core-tfm\results\core_tfm_submission_full_v1\multi_seed\seed_23_train_256
anneal,tabiclv2,2,repair_only,soft,0.5,1.0,0.2855658601832033,0.0047333342011577,23,256,D:\core-tfm\results\core_tfm_submission_full_v1\multi_seed\seed_23_train_256
anneal,tabiclv2,2,full,soft,0.5,1.0,0.2855658601832033,0.0047333342011577,23,256,D:\core-tfm\results\core_tfm_submission_full_v1\multi_seed\seed_23_train_256
anneal,tabiclv2,3,raw_only,j1,0.5,,0.2639002518385407,0.0024565776068962,23,256,D:\core-tfm\results\core_tfm_submission_full_v1\multi_seed\seed_23_train_256
anneal,tabiclv2,3,pool_only,geometric,0.75,,0.2629194021228934,0.0048666685542694,23,256,D:\core-tfm\results\core_tfm_submission_full_v1\multi_seed\seed_23_train_256
anneal,tabiclv2,3,repair_only,soft,0.75,0.03,0.2628273200742099,0.0047262213575559,23,256,D:\core-tfm\results\core_tfm_submission_full_v1\multi_seed\seed_23_train_256
anneal,tabiclv2,3,full,geometric,0.75,,0.2629194021228934,0.0048666685542694,23,256,D:\core-tfm\results\core_tfm_submission_full_v1\multi_seed\seed_23_train_256
anneal,tabiclv2,4,raw_only,j2,0.5,,0.2845225746400369,0.018446966754414,23,256,D:\core-tfm\results\core_tfm_submission_full_v1\multi_seed\seed_23_train_256
anneal,tabiclv2,4,pool_only,geometric,0.0,,0.2845225746400369,0.018446966754414,23,256,D:\core-tfm\results\core_tfm_submission_full_v1\multi_seed\seed_23_train_256
anneal,tabiclv2,4,repair_only,soft,0.0,0.03,0.283774830785129,0.0180384966396099,23,256,D:\core-tfm\results\core_tfm_submission_full_v1\multi_seed\seed_23_train_256
anneal,tabiclv2,4,full,j2,0.5,,0.2845225746400369,0.018446966754414,23,256,D:\core-tfm\results\core_tfm_submission_full_v1\multi_seed\seed_23_train_256
anneal,tabiclv2,5,raw_only,j2,0.5,,0.3781879086378691,0.0131549626785975,23,256,D:\core-tfm\results\core_tfm_submission_full_v1\multi_seed\seed_23_train_256
anneal,tabiclv2,5,pool_only,geometric,0.25,,0.3731670103946006,0.0112001505276519,23,256,D:\core-tfm\results\core_tfm_submission_full_v1\multi_seed\seed_23_train_256
anneal,tabiclv2,5,repair_only,hard,0.0,,0.3740765906544481,3.1334942928860245e-13,23,256,D:\core-tfm\results\core_tfm_submission_full_v1\multi_seed\seed_23_train_256
anneal,tabiclv2,5,full,hard,0.0,,0.3740765906544481,3.1334942928860245e-13,23,256,D:\core-tfm\results\core_tfm_submission_full_v1\multi_seed\seed_23_train_256
anneal,tabpfn3,1,raw_only,j2,0.5,,0.3910808639845547,0.0082961780888541,23,256,D:\core-tfm\results\core_tfm_submission_full_v1\multi_seed\seed_23_train_256
anneal,tabpfn3,1,pool_only,geometric,0.25,,0.3872837706278713,0.0073071947957536,23,256,D:\core-tfm\results\core_tfm_submission_full_v1\multi_seed\seed_23_train_256
anneal,tabpfn3,1,repair_only,soft,0.25,0.03,0.3871372994691827,0.0071428936073536,23,256,D:\core-tfm\results\core_tfm_submission_full_v1\multi_seed\seed_23_train_256
anneal,tabpfn3,1,full,geometric,0.25,,0.3872837706278713,0.0073071947957536,23,256,D:\core-tfm\results\core_tfm_submission_full_v1\multi_seed\seed_23_train_256
anneal,tabpfn3,2,raw_only,j1,0.5,,0.2987974962076445,0.0028473167428814,23,256,D:\core-tfm\results\core_tfm_submission_full_v1\multi_seed\seed_23_train_256
anneal,tabpfn3,2,pool_only,arithmetic,0.5,,0.2944294964053369,0.0049452719893607,23,256,D:\core-tfm\results\core_tfm_submission_full_v1\multi_seed\seed_23_train_256
anneal,tabpfn3,2,repair_only,soft,0.75,0.03,0.2954116673266281,0.0040274487727378,23,256,D:\core-tfm\results\core_tfm_submission_full_v1\multi_seed\seed_23_train_256
anneal,tabpfn3,2,full,arithmetic,0.5,,0.2944294964053369,0.0049452719893607,23,256,D:\core-tfm\results\core_tfm_submission_full_v1\multi_seed\seed_23_train_256
anneal,tabpfn3,3,raw_only,j2,0.5,,0.2947949339792886,0.0088302760811003,23,256,D:\core-tfm\results\core_tfm_submission_full_v1\multi_seed\seed_23_train_256
anneal,tabpfn3,3,pool_only,geometric,0.5,,0.2959182025435667,0.0080487215113781,23,256,D:\core-tfm\results\core_tfm_submission_full_v1\multi_seed\seed_23_train_256
anneal,tabpfn3,3,repair_only,soft,0.5,0.03,0.2962322430224718,0.0078645434605179,23,256,D:\core-tfm\results\core_tfm_submission_full_v1\multi_seed\seed_23_train_256
anneal,tabpfn3,3,full,geometric,0.5,,0.2959182025435667,0.0080487215113781,23,256,D:\core-tfm\results\core_tfm_submission_full_v1\multi_seed\seed_23_train_256
anneal,tabpfn3,4,raw_only,j2,0.5,,0.3230347309167707,0.0082874344625288,23,256,D:\core-tfm\results\core_tfm_submission_full_v1\multi_seed\seed_23_train_256
anneal,tabpfn3,4,pool_only,geometric,0.5,,0.3302754578513501,0.0060912637806564,23,256,D:\core-tfm\results\core_tfm_submission_full_v1\multi_seed\seed_23_train_256
anneal,tabpfn3,4,repair_only,hard,0.0,,0.3393113252189336,2.724970000500216e-13,23,256,D:\core-tfm\results\core_tfm_submission_full_v1\multi_seed\seed_23_train_256
anneal,tabpfn3,4,full,hard,0.0,,0.3393113252189336,2.724970000500216e-13,23,256,D:\core-tfm\results\core_tfm_submission_full_v1\multi_seed\seed_23_train_256
anneal,tabpfn3,5,raw_only,j2,0.5,,0.3899254789386742,0.0077612296931492,23,256,D:\core-tfm\results\core_tfm_submission_full_v1\multi_seed\seed_23_train_256
anneal,tabpfn3,5,pool_only,geometric,0.0,,0.3899254789386742,0.0077612296931492,23,256,D:\core-tfm\results\core_tfm_submission_full_v1\multi_seed\seed_23_train_256
anneal,tabpfn3,5,repair_only,hard,0.0,,0.3975585162354434,1.074622186044573e-13,23,256,D:\core-tfm\results\core_tfm_submission_full_v1\multi_seed\seed_23_train_256
anneal,tabpfn3,5,full,hard,0.0,,0.3975585162354434,1.074622186044573e-13,23,256,D:\core-tfm\results\core_tfm_submission_full_v1\multi_seed\seed_23_train_256
anneal,catboost,1,raw_only,j1,0.5,,0.7833694649644367,0.007570909784471,23,256,D:\core-tfm\results\core_tfm_submission_full_v1\multi_seed\seed_23_train_256
anneal,catboost,1,pool_only,geometric,1.0,,0.7833694649644367,0.007570909784471,23,256,D:\core-tfm\results\core_tfm_submission_full_v1\multi_seed\seed_23_train_256
anneal,catboost,1,repair_only,soft,1.0,0.03,0.7834866761976521,0.0073561558301985,23,256,D:\core-tfm\results\core_tfm_submission_full_v1\multi_seed\seed_23_train_256
anneal,catboost,1,full,j1,0.5,,0.7833694649644367,0.007570909784471,23,256,D:\core-tfm\results\core_tfm_submission_full_v1\multi_seed\seed_23_train_256
anneal,catboost,2,raw_only,j2,0.5,,0.8160656634454062,0.0328670947403144,23,256,D:\core-tfm\results\core_tfm_submission_full_v1\multi_seed\seed_23_train_256
anneal,catboost,2,pool_only,geometric,0.0,,0.8160656634454063,0.0328670947403144,23,256,D:\core-tfm\results\core_tfm_submission_full_v1\multi_seed\seed_23_train_256
anneal,catboost,2,repair_only,soft,0.0,0.1,0.8202380584650808,0.0299488186347119,23,256,D:\core-tfm\results\core_tfm_submission_full_v1\multi_seed\seed_23_train_256
anneal,catboost,2,full,soft,0.0,0.1,0.8202380584650808,0.0299488186347119,23,256,D:\core-tfm\results\core_tfm_submission_full_v1\multi_seed\seed_23_train_256
anneal,catboost,3,raw_only,j2,0.5,,0.8929466423812458,0.039378557448149,23,256,D:\core-tfm\results\core_tfm_submission_full_v1\multi_seed\seed_23_train_256
anneal,catboost,3,pool_only,geometric,0.0,,0.8929466423812458,0.039378557448149,23,256,D:\core-tfm\results\core_tfm_submission_full_v1\multi_seed\seed_23_train_256
anneal,catboost,3,repair_only,soft,0.0,0.03,0.8917614890823995,0.0382581955957534,23,256,D:\core-tfm\results\core_tfm_submission_full_v1\multi_seed\seed_23_train_256
anneal,catboost,3,full,j2,0.5,,0.8929466423812458,0.039378557448149,23,256,D:\core-tfm\results\core_tfm_submission_full_v1\multi_seed\seed_23_train_256
anneal,catboost,4,raw_only,j2,0.5,,0.9742350782212226,0.0432779736626073,23,256,D:\core-tfm\results\core_tfm_submission_full_v1\multi_seed\seed_23_train_256
anneal,catboost,4,pool_only,geometric,0.25,,0.9428259528520448,0.0368210070682163,23,256,D:\core-tfm\results\core_tfm_submission_full_v1\multi_seed\seed_23_train_256
anneal,catboost,4,repair_only,soft,0.0,1.0,0.9381253497152284,0.021991702202508,23,256,D:\core-tfm\results\core_tfm_submission_full_v1\multi_seed\seed_23_train_256
anneal,catboost,4,full,soft,0.0,1.0,0.9381253497152284,0.021991702202508,23,256,D:\core-tfm\results\core_tfm_submission_full_v1\multi_seed\seed_23_train_256
anneal,catboost,5,raw_only,j1,0.5,,0.8447603602645035,0.0123868561647386,23,256,D:\core-tfm\results\core_tfm_submission_full_v1\multi_seed\seed_23_train_256
anneal,catboost,5,pool_only,geometric,0.5,,0.8183001879223323,0.0212641457917506,23,256,D:\core-tfm\results\core_tfm_submission_full_v1\multi_seed\seed_23_train_256
anneal,catboost,5,repair_only,soft,0.75,1.0,0.8330310678584703,0.0084841131378929,23,256,D:\core-tfm\results\core_tfm_submission_full_v1\multi_seed\seed_23_train_256
anneal,catboost,5,full,soft,0.75,1.0,0.8330310678584703,0.0084841131378929,23,256,D:\core-tfm\results\core_tfm_submission_full_v1\multi_seed\seed_23_train_256
diamonds,tabiclv2,1,raw_only,j1,0.5,,2.093397093944134,0.0130034684994336,23,256,D:\core-tfm\results\core_tfm_submission_full_v1\multi_seed\seed_23_train_256
diamonds,tabiclv2,1,pool_only,geometric,0.5,,2.075074388435679,0.046707951825632,23,256,D:\core-tfm\results\core_tfm_submission_full_v1\multi_seed\seed_23_train_256
diamonds,tabiclv2,1,repair_only,soft,0.0,3.0,2.1041552304033773,0.0214032076749433,23,256,D:\core-tfm\results\core_tfm_submission_full_v1\multi_seed\seed_23_train_256
diamonds,tabiclv2,1,full,soft,0.0,3.0,2.1041552304033773,0.0214032076749433,23,256,D:\core-tfm\results\core_tfm_submission_full_v1\multi_seed\seed_23_train_256
diamonds,tabiclv2,2,raw_only,j2,0.5,,2.231211655167626,0.0514955527826162,23,256,D:\core-tfm\results\core_tfm_submission_full_v1\multi_seed\seed_23_train_256
diamonds,tabiclv2,2,pool_only,geometric,0.25,,2.2357410168129563,0.0423181160314963,23,256,D:\core-tfm\results\core_tfm_submission_full_v1\multi_seed\seed_23_train_256
diamonds,tabiclv2,2,repair_only,soft,0.25,0.3,2.240060245028528,0.0327379702224853,23,256,D:\core-tfm\results\core_tfm_submission_full_v1\multi_seed\seed_23_train_256
diamonds,tabiclv2,2,full,soft,0.25,0.3,2.240060245028528,0.0327379702224853,23,256,D:\core-tfm\results\core_tfm_submission_full_v1\multi_seed\seed_23_train_256
diamonds,tabiclv2,3,raw_only,j2,0.5,,2.236417559867262,0.0446154086357155,23,256,D:\core-tfm\results\core_tfm_submission_full_v1\multi_seed\seed_23_train_256
diamonds,tabiclv2,3,pool_only,arithmetic,0.5,,2.2060514910029787,0.0331520989140358,23,256,D:\core-tfm\results\core_tfm_submission_full_v1\multi_seed\seed_23_train_256
diamonds,tabiclv2,3,repair_only,soft,0.0,10.0,2.2207082013439248,0.0048005899119327,23,256,D:\core-tfm\results\core_tfm_submission_full_v1\multi_seed\seed_23_train_256
diamonds,tabiclv2,3,full,soft,0.0,10.0,2.2207082013439248,0.0048005899119327,23,256,D:\core-tfm\results\core_tfm_submission_full_v1\multi_seed\seed_23_train_256
diamonds,tabiclv2,4,raw_only,j1,0.5,,2.194613710963702,0.0211254461032743,23,256,D:\core-tfm\results\core_tfm_submission_full_v1\multi_seed\seed_23_train_256
diamonds,tabiclv2,4,pool_only,geometric,0.75,,2.185460580937111,0.0288968627978196,23,256,D:\core-tfm\results\core_tfm_submission_full_v1\multi_seed\seed_23_train_256
diamonds,tabiclv2,4,repair_only,soft,0.0,30.0,2.220416563323336,0.0018575858472673,23,256,D:\core-tfm\results\core_tfm_submission_full_v1\multi_seed\seed_23_train_256
diamonds,tabiclv2,4,full,soft,0.0,30.0,2.220416563323336,0.0018575858472673,23,256,D:\core-tfm\results\core_tfm_submission_full_v1\multi_seed\seed_23_train_256
diamonds,tabiclv2,5,raw_only,j1,0.5,,2.113413456003995,0.0334772766502191,23,256,D:\core-tfm\results\core_tfm_submission_full_v1\multi_seed\seed_23_train_256
diamonds,tabiclv2,5,pool_only,geometric,1.0,,2.113413456003995,0.0334772766502191,23,256,D:\core-tfm\results\core_tfm_submission_full_v1\multi_seed\seed_23_train_256
diamonds,tabiclv2,5,repair_only,soft,1.0,0.03,2.1142960503968893,0.032539178880704,23,256,D:\core-tfm\results\core_tfm_submission_full_v1\multi_seed\seed_23_train_256
diamonds,tabiclv2,5,full,j1,0.5,,2.113413456003995,0.0334772766502191,23,256,D:\core-tfm\results\core_tfm_submission_full_v1\multi_seed\seed_23_train_256
diamonds,tabpfn3,1,raw_only,j2,0.5,,2.1978029976264706,0.0280469831049262,23,256,D:\core-tfm\results\core_tfm_submission_full_v1\multi_seed\seed_23_train_256
diamonds,tabpfn3,1,pool_only,geometric,0.0,,2.1978029976264706,0.0280469831049263,23,256,D:\core-tfm\results\core_tfm_submission_full_v1\multi_seed\seed_23_train_256
diamonds,tabpfn3,1,repair_only,soft,0.0,1.0,2.191554517527012,0.0142773028655599,23,256,D:\core-tfm\results\core_tfm_submission_full_v1\multi_seed\seed_23_train_256
diamonds,tabpfn3,1,full,soft,0.0,1.0,2.191554517527012,0.0142773028655599,23,256,D:\core-tfm\results\core_tfm_submission_full_v1\multi_seed\seed_23_train_256
diamonds,tabpfn3,2,raw_only,j1,0.5,,2.2788196339843183,0.0095834151091518,23,256,D:\core-tfm\results\core_tfm_submission_full_v1\multi_seed\seed_23_train_256
diamonds,tabpfn3,2,pool_only,geometric,1.0,,2.2788196339843183,0.0095834151091518,23,256,D:\core-tfm\results\core_tfm_submission_full_v1\multi_seed\seed_23_train_256
diamonds,tabpfn3,2,repair_only,hard,0.0,,2.275729772274855,6.82896906795463e-14,23,256,D:\core-tfm\results\core_tfm_submission_full_v1\multi_seed\seed_23_train_256
diamonds,tabpfn3,2,full,hard,0.0,,2.275729772274855,6.82896906795463e-14,23,256,D:\core-tfm\results\core_tfm_submission_full_v1\multi_seed\seed_23_train_256
diamonds,tabpfn3,3,raw_only,j1,0.5,,2.2776683130115503,0.0214414429083032,23,256,D:\core-tfm\results\core_tfm_submission_full_v1\multi_seed\seed_23_train_256
diamonds,tabpfn3,3,pool_only,geometric,0.75,,2.2678190980774424,0.0223604511282318,23,256,D:\core-tfm\results\core_tfm_submission_full_v1\multi_seed\seed_23_train_256
diamonds,tabpfn3,3,repair_only,hard,0.0,,2.253626600548767,4.38416791337084e-14,23,256,D:\core-tfm\results\core_tfm_submission_full_v1\multi_seed\seed_23_train_256
diamonds,tabpfn3,3,full,hard,0.0,,2.253626600548767,4.38416791337084e-14,23,256,D:\core-tfm\results\core_tfm_submission_full_v1\multi_seed\seed_23_train_256
diamonds,tabpfn3,4,raw_only,j2,0.5,,2.2652634440689208,0.0175258197720093,23,256,D:\core-tfm\results\core_tfm_submission_full_v1\multi_seed\seed_23_train_256
diamonds,tabpfn3,4,pool_only,geometric,0.25,,2.279166145149177,0.0180251982084053,23,256,D:\core-tfm\results\core_tfm_submission_full_v1\multi_seed\seed_23_train_256
diamonds,tabpfn3,4,repair_only,hard,0.0,,2.29269475310349,5.760805367379818e-14,23,256,D:\core-tfm\results\core_tfm_submission_full_v1\multi_seed\seed_23_train_256
diamonds,tabpfn3,4,full,hard,0.0,,2.29269475310349,5.760805367379818e-14,23,256,D:\core-tfm\results\core_tfm_submission_full_v1\multi_seed\seed_23_train_256
diamonds,tabpfn3,5,raw_only,j1,0.5,,2.300682005683459,0.0346400187685751,23,256,D:\core-tfm\results\core_tfm_submission_full_v1\multi_seed\seed_23_train_256
diamonds,tabpfn3,5,pool_only,geometric,1.0,,2.300682005683459,0.0346400187685751,23,256,D:\core-tfm\results\core_tfm_submission_full_v1\multi_seed\seed_23_train_256
diamonds,tabpfn3,5,repair_only,hard,0.25,,2.2272100242325883,1.1148842843224606e-14,23,256,D:\core-tfm\results\core_tfm_submission_full_v1\multi_seed\seed_23_train_256
diamonds,tabpfn3,5,full,hard,0.25,,2.2272100242325883,1.1148842843224606e-14,23,256,D:\core-tfm\results\core_tfm_submission_full_v1\multi_seed\seed_23_train_256
diamonds,catboost,1,raw_only,j1,0.5,,2.775927267241892,0.0208220151741891,23,256,D:\core-tfm\results\core_tfm_submission_full_v1\multi_seed\seed_23_train_256
diamonds,catboost,1,pool_only,arithmetic,0.5,,2.767861686306759,0.0221784275001487,23,256,D:\core-tfm\results\core_tfm_submission_full_v1\multi_seed\seed_23_train_256
diamonds,catboost,1,repair_only,hard,1.0,,2.7611846631198675,1.4602544434055844e-13,23,256,D:\core-tfm\results\core_tfm_submission_full_v1\multi_seed\seed_23_train_256
diamonds,catboost,1,full,hard,1.0,,2.7611846631198675,1.4602544434055844e-13,23,256,D:\core-tfm\results\core_tfm_submission_full_v1\multi_seed\seed_23_train_256
diamonds,catboost,2,raw_only,j2,0.5,,2.8271694991768763,0.0390135371484185,23,256,D:\core-tfm\results\core_tfm_submission_full_v1\multi_seed\seed_23_train_256
diamonds,catboost,2,pool_only,geometric,0.0,,2.8271694991768763,0.0390135371484185,23,256,D:\core-tfm\results\core_tfm_submission_full_v1\multi_seed\seed_23_train_256
diamonds,catboost,2,repair_only,soft,0.0,0.03,2.8272475511066046,0.0379261256248971,23,256,D:\core-tfm\results\core_tfm_submission_full_v1\multi_seed\seed_23_train_256
diamonds,catboost,2,full,j2,0.5,,2.8271694991768763,0.0390135371484185,23,256,D:\core-tfm\results\core_tfm_submission_full_v1\multi_seed\seed_23_train_256
diamonds,catboost,3,raw_only,j1,0.5,,2.771537691111037,0.0219826786502621,23,256,D:\core-tfm\results\core_tfm_submission_full_v1\multi_seed\seed_23_train_256
diamonds,catboost,3,pool_only,geometric,1.0,,2.771537691111037,0.0219826786502621,23,256,D:\core-tfm\results\core_tfm_submission_full_v1\multi_seed\seed_23_train_256
diamonds,catboost,3,repair_only,soft,1.0,0.03,2.7715586766536084,0.0213769765817613,23,256,D:\core-tfm\results\core_tfm_submission_full_v1\multi_seed\seed_23_train_256
diamonds,catboost,3,full,j1,0.5,,2.771537691111037,0.0219826786502621,23,256,D:\core-tfm\results\core_tfm_submission_full_v1\multi_seed\seed_23_train_256
diamonds,catboost,4,raw_only,j2,0.5,,2.757768459527421,0.0311516407881028,23,256,D:\core-tfm\results\core_tfm_submission_full_v1\multi_seed\seed_23_train_256
diamonds,catboost,4,pool_only,geometric,0.0,,2.757768459527421,0.0311516407881028,23,256,D:\core-tfm\results\core_tfm_submission_full_v1\multi_seed\seed_23_train_256
diamonds,catboost,4,repair_only,soft,0.0,3.0,2.782557750068341,0.0080063345497771,23,256,D:\core-tfm\results\core_tfm_submission_full_v1\multi_seed\seed_23_train_256
diamonds,catboost,4,full,soft,0.0,3.0,2.782557750068341,0.0080063345497771,23,256,D:\core-tfm\results\core_tfm_submission_full_v1\multi_seed\seed_23_train_256
diamonds,catboost,5,raw_only,j1,0.5,,2.8239428957561508,0.0201869208373387,23,256,D:\core-tfm\results\core_tfm_submission_full_v1\multi_seed\seed_23_train_256
diamonds,catboost,5,pool_only,geometric,0.75,,2.8221263622134,0.0221582001237239,23,256,D:\core-tfm\results\core_tfm_submission_full_v1\multi_seed\seed_23_train_256
diamonds,catboost,5,repair_only,soft,0.75,0.03,2.82158452432582,0.0215051916087012,23,256,D:\core-tfm\results\core_tfm_submission_full_v1\multi_seed\seed_23_train_256
diamonds,catboost,5,full,geometric,0.75,,2.8221263622134,0.0221582001237239,23,256,D:\core-tfm\results\core_tfm_submission_full_v1\multi_seed\seed_23_train_256
car,tabiclv2,1,raw_only,j1,0.5,,1.243467142891141,0.0345624440921332,23,256,D:\core-tfm\results\core_tfm_submission_full_v1\multi_seed\seed_23_train_256
car,tabiclv2,1,pool_only,geometric,1.0,,1.243467142891141,0.0345624440921332,23,256,D:\core-tfm\results\core_tfm_submission_full_v1\multi_seed\seed_23_train_256
car,tabiclv2,1,repair_only,soft,1.0,0.03,1.2439471441358356,0.0343308527154287,23,256,D:\core-tfm\results\core_tfm_submission_full_v1\multi_seed\seed_23_train_256
car,tabiclv2,1,full,geometric,1.0,,1.243467142891141,0.0345624440921332,23,256,D:\core-tfm\results\core_tfm_submission_full_v1\multi_seed\seed_23_train_256
car,tabiclv2,2,raw_only,j1,0.5,,1.295344206459239,0.0250023875998658,23,256,D:\core-tfm\results\core_tfm_submission_full_v1\multi_seed\seed_23_train_256
car,tabiclv2,2,pool_only,geometric,0.75,,1.2928423806959153,0.0307236423812631,23,256,D:\core-tfm\results\core_tfm_submission_full_v1\multi_seed\seed_23_train_256
car,tabiclv2,2,repair_only,soft,0.75,0.03,1.2929580781177683,0.0302637510631399,23,256,D:\core-tfm\results\core_tfm_submission_full_v1\multi_seed\seed_23_train_256
car,tabiclv2,2,full,geometric,0.75,,1.2928423806959153,0.0307236423812631,23,256,D:\core-tfm\results\core_tfm_submission_full_v1\multi_seed\seed_23_train_256
car,tabiclv2,3,raw_only,j2,0.5,,1.3899926645319367,0.0396240595125571,23,256,D:\core-tfm\results\core_tfm_submission_full_v1\multi_seed\seed_23_train_256
car,tabiclv2,3,pool_only,geometric,0.0,,1.389992664531937,0.0396240595125571,23,256,D:\core-tfm\results\core_tfm_submission_full_v1\multi_seed\seed_23_train_256
car,tabiclv2,3,repair_only,soft,0.0,0.03,1.3883924173936744,0.0391398148763358,23,256,D:\core-tfm\results\core_tfm_submission_full_v1\multi_seed\seed_23_train_256
car,tabiclv2,3,full,j2,0.5,,1.3899926645319367,0.0396240595125571,23,256,D:\core-tfm\results\core_tfm_submission_full_v1\multi_seed\seed_23_train_256
car,tabiclv2,4,raw_only,j1,0.5,,1.2412639730514328,0.0335909430680244,23,256,D:\core-tfm\results\core_tfm_submission_full_v1\multi_seed\seed_23_train_256
car,tabiclv2,4,pool_only,geometric,1.0,,1.2412639730514328,0.0335909430680244,23,256,D:\core-tfm\results\core_tfm_submission_full_v1\multi_seed\seed_23_train_256
car,tabiclv2,4,repair_only,soft,1.0,0.03,1.2419004322646197,0.0333976617164989,23,256,D:\core-tfm\results\core_tfm_submission_full_v1\multi_seed\seed_23_train_256
car,tabiclv2,4,full,j1,0.5,,1.2412639730514328,0.0335909430680244,23,256,D:\core-tfm\results\core_tfm_submission_full_v1\multi_seed\seed_23_train_256
car,tabiclv2,5,raw_only,j1,0.5,,1.246954707583269,0.031728650678757,23,256,D:\core-tfm\results\core_tfm_submission_full_v1\multi_seed\seed_23_train_256
car,tabiclv2,5,pool_only,geometric,1.0,,1.246954707583269,0.0317286506787571,23,256,D:\core-tfm\results\core_tfm_submission_full_v1\multi_seed\seed_23_train_256
car,tabiclv2,5,repair_only,soft,1.0,0.3,1.251947031983494,0.0297218677456601,23,256,D:\core-tfm\results\core_tfm_submission_full_v1\multi_seed\seed_23_train_256
car,tabiclv2,5,full,soft,1.0,0.3,1.251947031983494,0.0297218677456601,23,256,D:\core-tfm\results\core_tfm_submission_full_v1\multi_seed\seed_23_train_256
car,tabpfn3,1,raw_only,j1,0.5,,1.2780438089033668,0.0376941742756963,23,256,D:\core-tfm\results\core_tfm_submission_full_v1\multi_seed\seed_23_train_256
car,tabpfn3,1,pool_only,geometric,1.0,,1.2780438089033668,0.0376941742756963,23,256,D:\core-tfm\results\core_tfm_submission_full_v1\multi_seed\seed_23_train_256
car,tabpfn3,1,repair_only,soft,1.0,0.03,1.278156671323935,0.0374829159255227,23,256,D:\core-tfm\results\core_tfm_submission_full_v1\multi_seed\seed_23_train_256
car,tabpfn3,1,full,j1,0.5,,1.2780438089033668,0.0376941742756963,23,256,D:\core-tfm\results\core_tfm_submission_full_v1\multi_seed\seed_23_train_256
car,tabpfn3,2,raw_only,j1,0.5,,1.3135257468051202,0.0212609148247663,23,256,D:\core-tfm\results\core_tfm_submission_full_v1\multi_seed\seed_23_train_256
car,tabpfn3,2,pool_only,geometric,1.0,,1.31352574680512,0.0212609148247663,23,256,D:\core-tfm\results\core_tfm_submission_full_v1\multi_seed\seed_23_train_256
car,tabpfn3,2,repair_only,soft,1.0,0.03,1.3129724819182576,0.0211103444285157,23,256,D:\core-tfm\results\core_tfm_submission_full_v1\multi_seed\seed_23_train_256
car,tabpfn3,2,full,j1,0.5,,1.3135257468051202,0.0212609148247663,23,256,D:\core-tfm\results\core_tfm_submission_full_v1\multi_seed\seed_23_train_256
car,tabpfn3,3,raw_only,j1,0.5,,1.291433584450273,0.0368441245761301,23,256,D:\core-tfm\results\core_tfm_submission_full_v1\multi_seed\seed_23_train_256
car,tabpfn3,3,pool_only,geometric,0.75,,1.3023557234312753,0.0398435641458212,23,256,D:\core-tfm\results\core_tfm_submission_full_v1\multi_seed\seed_23_train_256
car,tabpfn3,3,repair_only,soft,0.75,0.03,1.3024999321962545,0.0392802826852372,23,256,D:\core-tfm\results\core_tfm_submission_full_v1\multi_seed\seed_23_train_256
car,tabpfn3,3,full,geometric,0.75,,1.3023557234312753,0.0398435641458212,23,256,D:\core-tfm\results\core_tfm_submission_full_v1\multi_seed\seed_23_train_256
car,tabpfn3,4,raw_only,j1,0.5,,1.2359604556738653,0.046448935634892,23,256,D:\core-tfm\results\core_tfm_submission_full_v1\multi_seed\seed_23_train_256
car,tabpfn3,4,pool_only,geometric,1.0,,1.235960455673865,0.046448935634892,23,256,D:\core-tfm\results\core_tfm_submission_full_v1\multi_seed\seed_23_train_256
car,tabpfn3,4,repair_only,soft,1.0,0.03,1.2363664727533654,0.0462053776655858,23,256,D:\core-tfm\results\core_tfm_submission_full_v1\multi_seed\seed_23_train_256
car,tabpfn3,4,full,j1,0.5,,1.2359604556738653,0.046448935634892,23,256,D:\core-tfm\results\core_tfm_submission_full_v1\multi_seed\seed_23_train_256
car,tabpfn3,5,raw_only,j1,0.5,,1.242915081698824,0.0321657020394436,23,256,D:\core-tfm\results\core_tfm_submission_full_v1\multi_seed\seed_23_train_256
car,tabpfn3,5,pool_only,geometric,1.0,,1.242915081698824,0.0321657020394436,23,256,D:\core-tfm\results\core_tfm_submission_full_v1\multi_seed\seed_23_train_256
car,tabpfn3,5,repair_only,soft,1.0,0.3,1.2502644524319808,0.0300848743740857,23,256,D:\core-tfm\results\core_tfm_submission_full_v1\multi_seed\seed_23_train_256
car,tabpfn3,5,full,soft,1.0,0.3,1.2502644524319808,0.0300848743740857,23,256,D:\core-tfm\results\core_tfm_submission_full_v1\multi_seed\seed_23_train_256
car,catboost,1,raw_only,j1,0.5,,1.613351794049105,0.0201140718287946,23,256,D:\core-tfm\results\core_tfm_submission_full_v1\multi_seed\seed_23_train_256
car,catboost,1,pool_only,geometric,1.0,,1.613351794049105,0.0201140718287946,23,256,D:\core-tfm\results\core_tfm_submission_full_v1\multi_seed\seed_23_train_256
car,catboost,1,repair_only,soft,1.0,0.1,1.6107778258677294,0.0190355119725582,23,256,D:\core-tfm\results\core_tfm_submission_full_v1\multi_seed\seed_23_train_256
car,catboost,1,full,soft,1.0,0.1,1.6107778258677294,0.0190355119725582,23,256,D:\core-tfm\results\core_tfm_submission_full_v1\multi_seed\seed_23_train_256
car,catboost,2,raw_only,j1,0.5,,1.5700329553711063,0.0140506366109126,23,256,D:\core-tfm\results\core_tfm_submission_full_v1\multi_seed\seed_23_train_256
car,catboost,2,pool_only,geometric,1.0,,1.5700329553711063,0.0140506366109126,23,256,D:\core-tfm\results\core_tfm_submission_full_v1\multi_seed\seed_23_train_256
car,catboost,2,repair_only,soft,1.0,0.1,1.568134860809625,0.0132052799414612,23,256,D:\core-tfm\results\core_tfm_submission_full_v1\multi_seed\seed_23_train_256
car,catboost,2,full,soft,1.0,0.1,1.568134860809625,0.0132052799414612,23,256,D:\core-tfm\results\core_tfm_submission_full_v1\multi_seed\seed_23_train_256
car,catboost,3,raw_only,j1,0.5,,1.5710013813072228,0.0161910817897074,23,256,D:\core-tfm\results\core_tfm_submission_full_v1\multi_seed\seed_23_train_256
car,catboost,3,pool_only,geometric,0.75,,1.5722531083730291,0.017977863843089,23,256,D:\core-tfm\results\core_tfm_submission_full_v1\multi_seed\seed_23_train_256
car,catboost,3,repair_only,soft,0.75,0.03,1.5725394361730305,0.0174804785573402,23,256,D:\core-tfm\results\core_tfm_submission_full_v1\multi_seed\seed_23_train_256
car,catboost,3,full,geometric,0.75,,1.5722531083730291,0.017977863843089,23,256,D:\core-tfm\results\core_tfm_submission_full_v1\multi_seed\seed_23_train_256
car,catboost,4,raw_only,j1,0.5,,1.5845357563476166,0.0173930179259741,23,256,D:\core-tfm\results\core_tfm_submission_full_v1\multi_seed\seed_23_train_256
car,catboost,4,pool_only,geometric,1.0,,1.5845357563476166,0.0173930179259741,23,256,D:\core-tfm\results\core_tfm_submission_full_v1\multi_seed\seed_23_train_256
car,catboost,4,repair_only,soft,1.0,0.03,1.5846183094891215,0.0171120365743804,23,256,D:\core-tfm\results\core_tfm_submission_full_v1\multi_seed\seed_23_train_256
car,catboost,4,full,j1,0.5,,1.5845357563476166,0.0173930179259741,23,256,D:\core-tfm\results\core_tfm_submission_full_v1\multi_seed\seed_23_train_256
car,catboost,5,raw_only,j2,0.5,,1.6206870430585785,0.0390460328938821,23,256,D:\core-tfm\results\core_tfm_submission_full_v1\multi_seed\seed_23_train_256
car,catboost,5,pool_only,geometric,0.25,,1.6125761399294056,0.0324542232274847,23,256,D:\core-tfm\results\core_tfm_submission_full_v1\multi_seed\seed_23_train_256
car,catboost,5,repair_only,hard,0.0,,1.6065390193866418,7.02675819006654e-13,23,256,D:\core-tfm\results\core_tfm_submission_full_v1\multi_seed\seed_23_train_256
car,catboost,5,full,hard,0.0,,1.6065390193866418,7.02675819006654e-13,23,256,D:\core-tfm\results\core_tfm_submission_full_v1\multi_seed\seed_23_train_256
nursery,tabiclv2,1,raw_only,j2,0.5,,1.3475871979522864,0.0459374977290684,23,256,D:\core-tfm\results\core_tfm_submission_full_v1\multi_seed\seed_23_train_256
nursery,tabiclv2,1,pool_only,arithmetic,0.5,,1.3311480186464149,0.0515431296941664,23,256,D:\core-tfm\results\core_tfm_submission_full_v1\multi_seed\seed_23_train_256
nursery,tabiclv2,1,repair_only,soft,1.0,10.0,1.344811968178363,0.0407693820737517,23,256,D:\core-tfm\results\core_tfm_submission_full_v1\multi_seed\seed_23_train_256
nursery,tabiclv2,1,full,soft,1.0,10.0,1.344811968178363,0.0407693820737517,23,256,D:\core-tfm\results\core_tfm_submission_full_v1\multi_seed\seed_23_train_256
nursery,tabiclv2,2,raw_only,j1,0.5,,1.298010489055034,0.0340469504749818,23,256,D:\core-tfm\results\core_tfm_submission_full_v1\multi_seed\seed_23_train_256
nursery,tabiclv2,2,pool_only,geometric,1.0,,1.2980104890550344,0.0340469504749818,23,256,D:\core-tfm\results\core_tfm_submission_full_v1\multi_seed\seed_23_train_256
nursery,tabiclv2,2,repair_only,soft,1.0,0.03,1.297717829115108,0.0337688627904858,23,256,D:\core-tfm\results\core_tfm_submission_full_v1\multi_seed\seed_23_train_256
nursery,tabiclv2,2,full,soft,1.0,0.03,1.297717829115108,0.0337688627904858,23,256,D:\core-tfm\results\core_tfm_submission_full_v1\multi_seed\seed_23_train_256
nursery,tabiclv2,3,raw_only,j2,0.5,,1.3705683281625876,0.0485869650588139,23,256,D:\core-tfm\results\core_tfm_submission_full_v1\multi_seed\seed_23_train_256
nursery,tabiclv2,3,pool_only,geometric,0.25,,1.3327295164847253,0.0494629086719368,23,256,D:\core-tfm\results\core_tfm_submission_full_v1\multi_seed\seed_23_train_256
nursery,tabiclv2,3,repair_only,soft,0.25,0.03,1.3314561649111556,0.0489618293610546,23,256,D:\core-tfm\results\core_tfm_submission_full_v1\multi_seed\seed_23_train_256
nursery,tabiclv2,3,full,geometric,0.25,,1.3327295164847253,0.0494629086719368,23,256,D:\core-tfm\results\core_tfm_submission_full_v1\multi_seed\seed_23_train_256
nursery,tabiclv2,4,raw_only,j1,0.5,,1.338843425953034,0.043425430897374,23,256,D:\core-tfm\results\core_tfm_submission_full_v1\multi_seed\seed_23_train_256
nursery,tabiclv2,4,pool_only,arithmetic,0.5,,1.347016753019183,0.0462057990671276,23,256,D:\core-tfm\results\core_tfm_submission_full_v1\multi_seed\seed_23_train_256
nursery,tabiclv2,4,repair_only,soft,0.0,10.0,1.3831367842718154,0.0346387704100294,23,256,D:\core-tfm\results\core_tfm_submission_full_v1\multi_seed\seed_23_train_256
nursery,tabiclv2,4,full,soft,0.0,10.0,1.3831367842718154,0.0346387704100294,23,256,D:\core-tfm\results\core_tfm_submission_full_v1\multi_seed\seed_23_train_256
nursery,tabiclv2,5,raw_only,j1,0.5,,1.281961796786217,0.0426372944471688,23,256,D:\core-tfm\results\core_tfm_submission_full_v1\multi_seed\seed_23_train_256
nursery,tabiclv2,5,pool_only,geometric,0.75,,1.2841084917781056,0.0400776709772854,23,256,D:\core-tfm\results\core_tfm_submission_full_v1\multi_seed\seed_23_train_256
nursery,tabiclv2,5,repair_only,soft,1.0,1.0,1.28148360190707,0.0345463300316978,23,256,D:\core-tfm\results\core_tfm_submission_full_v1\multi_seed\seed_23_train_256
nursery,tabiclv2,5,full,soft,1.0,1.0,1.28148360190707,0.0345463300316978,23,256,D:\core-tfm\results\core_tfm_submission_full_v1\multi_seed\seed_23_train_256
nursery,tabpfn3,1,raw_only,j1,0.5,,1.306016933469647,0.0365534434561607,23,256,D:\core-tfm\results\core_tfm_submission_full_v1\multi_seed\seed_23_train_256
nursery,tabpfn3,1,pool_only,geometric,1.0,,1.306016933469647,0.0365534434561607,23,256,D:\core-tfm\results\core_tfm_submission_full_v1\multi_seed\seed_23_train_256
nursery,tabpfn3,1,repair_only,soft,1.0,3.0,1.3074933525518075,0.0315983388171048,23,256,D:\core-tfm\results\core_tfm_submission_full_v1\multi_seed\seed_23_train_256
nursery,tabpfn3,1,full,soft,1.0,3.0,1.3074933525518075,0.0315983388171048,23,256,D:\core-tfm\results\core_tfm_submission_full_v1\multi_seed\seed_23_train_256
nursery,tabpfn3,2,raw_only,j1,0.5,,1.301936811164936,0.0243516642791401,23,256,D:\core-tfm\results\core_tfm_submission_full_v1\multi_seed\seed_23_train_256
nursery,tabpfn3,2,pool_only,geometric,1.0,,1.301936811164936,0.0243516642791401,23,256,D:\core-tfm\results\core_tfm_submission_full_v1\multi_seed\seed_23_train_256
nursery,tabpfn3,2,repair_only,soft,1.0,0.03,1.301921449068955,0.0241267345076501,23,256,D:\core-tfm\results\core_tfm_submission_full_v1\multi_seed\seed_23_train_256
nursery,tabpfn3,2,full,j1,0.5,,1.301936811164936,0.0243516642791401,23,256,D:\core-tfm\results\core_tfm_submission_full_v1\multi_seed\seed_23_train_256
nursery,tabpfn3,3,raw_only,j2,0.5,,1.3252597654989693,0.0410244356790296,23,256,D:\core-tfm\results\core_tfm_submission_full_v1\multi_seed\seed_23_train_256
nursery,tabpfn3,3,pool_only,geometric,0.5,,1.274449384922967,0.0444658313202524,23,256,D:\core-tfm\results\core_tfm_submission_full_v1\multi_seed\seed_23_train_256
nursery,tabpfn3,3,repair_only,soft,0.5,0.03,1.2744354449407247,0.0440450324650875,23,256,D:\core-tfm\results\core_tfm_submission_full_v1\multi_seed\seed_23_train_256
nursery,tabpfn3,3,full,geometric,0.5,,1.274449384922967,0.0444658313202524,23,256,D:\core-tfm\results\core_tfm_submission_full_v1\multi_seed\seed_23_train_256
nursery,tabpfn3,4,raw_only,j1,0.5,,1.3303404995630177,0.0377995438287122,23,256,D:\core-tfm\results\core_tfm_submission_full_v1\multi_seed\seed_23_train_256
nursery,tabpfn3,4,pool_only,geometric,1.0,,1.3303404995630177,0.0377995438287122,23,256,D:\core-tfm\results\core_tfm_submission_full_v1\multi_seed\seed_23_train_256
nursery,tabpfn3,4,repair_only,soft,0.0,10.0,1.3575472562380853,0.0262574990022034,23,256,D:\core-tfm\results\core_tfm_submission_full_v1\multi_seed\seed_23_train_256
nursery,tabpfn3,4,full,soft,0.0,10.0,1.3575472562380853,0.0262574990022034,23,256,D:\core-tfm\results\core_tfm_submission_full_v1\multi_seed\seed_23_train_256
nursery,tabpfn3,5,raw_only,j1,0.5,,1.3343561092849,0.0337636944379678,23,256,D:\core-tfm\results\core_tfm_submission_full_v1\multi_seed\seed_23_train_256
nursery,tabpfn3,5,pool_only,geometric,1.0,,1.3343561092849,0.0337636944379679,23,256,D:\core-tfm\results\core_tfm_submission_full_v1\multi_seed\seed_23_train_256
nursery,tabpfn3,5,repair_only,soft,1.0,0.03,1.333333473729457,0.0334921070964938,23,256,D:\core-tfm\results\core_tfm_submission_full_v1\multi_seed\seed_23_train_256
nursery,tabpfn3,5,full,j1,0.5,,1.3343561092849,0.0337636944379678,23,256,D:\core-tfm\results\core_tfm_submission_full_v1\multi_seed\seed_23_train_256
nursery,catboost,1,raw_only,j1,0.5,,1.508934080339721,0.0352593824449783,23,256,D:\core-tfm\results\core_tfm_submission_full_v1\multi_seed\seed_23_train_256
nursery,catboost,1,pool_only,geometric,1.0,,1.508934080339721,0.0352593824449783,23,256,D:\core-tfm\results\core_tfm_submission_full_v1\multi_seed\seed_23_train_256
nursery,catboost,1,repair_only,soft,1.0,0.03,1.5088840733728364,0.0350202193050363,23,256,D:\core-tfm\results\core_tfm_submission_full_v1\multi_seed\seed_23_train_256
nursery,catboost,1,full,j1,0.5,,1.508934080339721,0.0352593824449783,23,256,D:\core-tfm\results\core_tfm_submission_full_v1\multi_seed\seed_23_train_256
nursery,catboost,2,raw_only,j1,0.5,,1.4389954416149262,0.0356111008443537,23,256,D:\core-tfm\results\core_tfm_submission_full_v1\multi_seed\seed_23_train_256
nursery,catboost,2,pool_only,geometric,1.0,,1.4389954416149269,0.0356111008443537,23,256,D:\core-tfm\results\core_tfm_submission_full_v1\multi_seed\seed_23_train_256
nursery,catboost,2,repair_only,soft,1.0,0.03,1.4392759778015876,0.0353838835837234,23,256,D:\core-tfm\results\core_tfm_submission_full_v1\multi_seed\seed_23_train_256
nursery,catboost,2,full,soft,1.0,0.03,1.4392759778015876,0.0353838835837234,23,256,D:\core-tfm\results\core_tfm_submission_full_v1\multi_seed\seed_23_train_256
nursery,catboost,3,raw_only,j1,0.5,,1.4778816692895869,0.0303129902918695,23,256,D:\core-tfm\results\core_tfm_submission_full_v1\multi_seed\seed_23_train_256
nursery,catboost,3,pool_only,geometric,0.75,,1.480956753650455,0.030162611941961,23,256,D:\core-tfm\results\core_tfm_submission_full_v1\multi_seed\seed_23_train_256
nursery,catboost,3,repair_only,soft,0.75,0.03,1.4813136553841773,0.0298069654988112,23,256,D:\core-tfm\results\core_tfm_submission_full_v1\multi_seed\seed_23_train_256
nursery,catboost,3,full,geometric,0.75,,1.480956753650455,0.030162611941961,23,256,D:\core-tfm\results\core_tfm_submission_full_v1\multi_seed\seed_23_train_256
nursery,catboost,4,raw_only,j1,0.5,,1.5114976692790556,0.0315523687180392,23,256,D:\core-tfm\results\core_tfm_submission_full_v1\multi_seed\seed_23_train_256
nursery,catboost,4,pool_only,geometric,1.0,,1.5114976692790556,0.0315523687180392,23,256,D:\core-tfm\results\core_tfm_submission_full_v1\multi_seed\seed_23_train_256
nursery,catboost,4,repair_only,soft,1.0,0.03,1.5117835845318806,0.031234148692044,23,256,D:\core-tfm\results\core_tfm_submission_full_v1\multi_seed\seed_23_train_256
nursery,catboost,4,full,j1,0.5,,1.5114976692790556,0.0315523687180392,23,256,D:\core-tfm\results\core_tfm_submission_full_v1\multi_seed\seed_23_train_256
nursery,catboost,5,raw_only,j2,0.5,,1.5479593874685655,0.0342431055469628,23,256,D:\core-tfm\results\core_tfm_submission_full_v1\multi_seed\seed_23_train_256
nursery,catboost,5,pool_only,geometric,0.25,,1.537992664652451,0.0366666157270728,23,256,D:\core-tfm\results\core_tfm_submission_full_v1\multi_seed\seed_23_train_256
nursery,catboost,5,repair_only,soft,0.5,1.0,1.5333251386509383,0.0320348428294339,23,256,D:\core-tfm\results\core_tfm_submission_full_v1\multi_seed\seed_23_train_256
nursery,catboost,5,full,soft,0.5,1.0,1.5333251386509383,0.0320348428294339,23,256,D:\core-tfm\results\core_tfm_submission_full_v1\multi_seed\seed_23_train_256
wine,tabiclv2,1,raw_only,j1,0.5,,1.001082289780751,0.0207958862557184,23,256,D:\core-tfm\results\core_tfm_submission_full_v1\multi_seed\seed_23_train_256
wine,tabiclv2,1,pool_only,geometric,1.0,,1.001082289780751,0.0207958862557184,23,256,D:\core-tfm\results\core_tfm_submission_full_v1\multi_seed\seed_23_train_256
wine,tabiclv2,1,repair_only,soft,1.0,0.3,1.002190950535336,0.0163047809778996,23,256,D:\core-tfm\results\core_tfm_submission_full_v1\multi_seed\seed_23_train_256
wine,tabiclv2,1,full,soft,1.0,0.3,1.002190950535336,0.0163047809778996,23,256,D:\core-tfm\results\core_tfm_submission_full_v1\multi_seed\seed_23_train_256
wine,tabiclv2,2,raw_only,j1,0.5,,1.0969318861493336,0.0199632012697332,23,256,D:\core-tfm\results\core_tfm_submission_full_v1\multi_seed\seed_23_train_256
wine,tabiclv2,2,pool_only,geometric,1.0,,1.0969318861493336,0.0199632012697332,23,256,D:\core-tfm\results\core_tfm_submission_full_v1\multi_seed\seed_23_train_256
wine,tabiclv2,2,repair_only,soft,1.0,0.03,1.0968200754627395,0.0194389192660774,23,256,D:\core-tfm\results\core_tfm_submission_full_v1\multi_seed\seed_23_train_256
wine,tabiclv2,2,full,j1,0.5,,1.0969318861493336,0.0199632012697332,23,256,D:\core-tfm\results\core_tfm_submission_full_v1\multi_seed\seed_23_train_256
wine,tabiclv2,3,raw_only,j2,0.5,,1.125497650975311,0.0020271181424084,23,256,D:\core-tfm\results\core_tfm_submission_full_v1\multi_seed\seed_23_train_256
wine,tabiclv2,3,pool_only,geometric,0.25,,1.1232045467599452,0.0061775718737701,23,256,D:\core-tfm\results\core_tfm_submission_full_v1\multi_seed\seed_23_train_256
wine,tabiclv2,3,repair_only,soft,0.0,0.3,1.1235607973855792,0.0018872618521894,23,256,D:\core-tfm\results\core_tfm_submission_full_v1\multi_seed\seed_23_train_256
wine,tabiclv2,3,full,soft,0.0,0.3,1.1235607973855792,0.0018872618521894,23,256,D:\core-tfm\results\core_tfm_submission_full_v1\multi_seed\seed_23_train_256
wine,tabiclv2,4,raw_only,j1,0.5,,1.0515310995054503,0.0189831849922137,23,256,D:\core-tfm\results\core_tfm_submission_full_v1\multi_seed\seed_23_train_256
wine,tabiclv2,4,pool_only,geometric,0.5,,1.0591621284596475,0.0105350138649461,23,256,D:\core-tfm\results\core_tfm_submission_full_v1\multi_seed\seed_23_train_256
wine,tabiclv2,4,repair_only,soft,0.5,0.1,1.0599868334242404,0.00967052536941,23,256,D:\core-tfm\results\core_tfm_submission_full_v1\multi_seed\seed_23_train_256
wine,tabiclv2,4,full,soft,0.5,0.1,1.0599868334242404,0.00967052536941,23,256,D:\core-tfm\results\core_tfm_submission_full_v1\multi_seed\seed_23_train_256
wine,tabiclv2,5,raw_only,j1,0.5,,1.056580884099117,0.0163581658820965,23,256,D:\core-tfm\results\core_tfm_submission_full_v1\multi_seed\seed_23_train_256
wine,tabiclv2,5,pool_only,geometric,1.0,,1.056580884099117,0.0163581658820965,23,256,D:\core-tfm\results\core_tfm_submission_full_v1\multi_seed\seed_23_train_256
wine,tabiclv2,5,repair_only,soft,1.0,0.03,1.0567688067393577,0.0159145062588161,23,256,D:\core-tfm\results\core_tfm_submission_full_v1\multi_seed\seed_23_train_256
wine,tabiclv2,5,full,j1,0.5,,1.056580884099117,0.0163581658820965,23,256,D:\core-tfm\results\core_tfm_submission_full_v1\multi_seed\seed_23_train_256
wine,tabpfn3,1,raw_only,j1,0.5,,0.9989759427234012,0.0159312962940812,23,256,D:\core-tfm\results\core_tfm_submission_full_v1\multi_seed\seed_23_train_256
wine,tabpfn3,1,pool_only,geometric,1.0,,0.9989759427234012,0.0159312962940812,23,256,D:\core-tfm\results\core_tfm_submission_full_v1\multi_seed\seed_23_train_256
wine,tabpfn3,1,repair_only,soft,1.0,0.03,0.9988176667129856,0.0154752002699078,23,256,D:\core-tfm\results\core_tfm_submission_full_v1\multi_seed\seed_23_train_256
wine,tabpfn3,1,full,j1,0.5,,0.9989759427234012,0.0159312962940812,23,256,D:\core-tfm\results\core_tfm_submission_full_v1\multi_seed\seed_23_train_256
wine,tabpfn3,2,raw_only,j2,0.5,,1.0573573279842283,0.0016640417259621,23,256,D:\core-tfm\results\core_tfm_submission_full_v1\multi_seed\seed_23_train_256
wine,tabpfn3,2,pool_only,geometric,0.0,,1.0573573279842283,0.0016640417259621,23,256,D:\core-tfm\results\core_tfm_submission_full_v1\multi_seed\seed_23_train_256
wine,tabpfn3,2,repair_only,soft,0.0,0.03,1.057277505607377,0.0016548277341546,23,256,D:\core-tfm\results\core_tfm_submission_full_v1\multi_seed\seed_23_train_256
wine,tabpfn3,2,full,j2,0.5,,1.0573573279842283,0.0016640417259621,23,256,D:\core-tfm\results\core_tfm_submission_full_v1\multi_seed\seed_23_train_256
wine,tabpfn3,3,raw_only,j2,0.5,,1.0942487322872367,0.0030553255503268,23,256,D:\core-tfm\results\core_tfm_submission_full_v1\multi_seed\seed_23_train_256
wine,tabpfn3,3,pool_only,geometric,0.25,,1.0863427748961705,0.0080436378645005,23,256,D:\core-tfm\results\core_tfm_submission_full_v1\multi_seed\seed_23_train_256
wine,tabpfn3,3,repair_only,soft,0.25,1.0,1.0873891925690329,0.0049699370514564,23,256,D:\core-tfm\results\core_tfm_submission_full_v1\multi_seed\seed_23_train_256
wine,tabpfn3,3,full,soft,0.25,1.0,1.0873891925690329,0.0049699370514564,23,256,D:\core-tfm\results\core_tfm_submission_full_v1\multi_seed\seed_23_train_256
wine,tabpfn3,4,raw_only,j1,0.5,,1.0447135086783683,0.0171974635166835,23,256,D:\core-tfm\results\core_tfm_submission_full_v1\multi_seed\seed_23_train_256
wine,tabpfn3,4,pool_only,geometric,0.5,,1.046770416582571,0.0090990914047141,23,256,D:\core-tfm\results\core_tfm_submission_full_v1\multi_seed\seed_23_train_256
wine,tabpfn3,4,repair_only,soft,0.75,0.3,1.046159126239256,0.0103126303602584,23,256,D:\core-tfm\results\core_tfm_submission_full_v1\multi_seed\seed_23_train_256
wine,tabpfn3,4,full,soft,0.75,0.3,1.046159126239256,0.0103126303602584,23,256,D:\core-tfm\results\core_tfm_submission_full_v1\multi_seed\seed_23_train_256
wine,tabpfn3,5,raw_only,j1,0.5,,1.0421059331090217,0.0170546824729132,23,256,D:\core-tfm\results\core_tfm_submission_full_v1\multi_seed\seed_23_train_256
wine,tabpfn3,5,pool_only,geometric,1.0,,1.0421059331090217,0.0170546824729132,23,256,D:\core-tfm\results\core_tfm_submission_full_v1\multi_seed\seed_23_train_256
wine,tabpfn3,5,repair_only,soft,1.0,0.03,1.0416863133015022,0.016599945768788,23,256,D:\core-tfm\results\core_tfm_submission_full_v1\multi_seed\seed_23_train_256
wine,tabpfn3,5,full,j1,0.5,,1.0421059331090217,0.0170546824729132,23,256,D:\core-tfm\results\core_tfm_submission_full_v1\multi_seed\seed_23_train_256
wine,catboost,1,raw_only,j1,0.5,,1.2264966945880529,0.0277521448199463,23,256,D:\core-tfm\results\core_tfm_submission_full_v1\multi_seed\seed_23_train_256
wine,catboost,1,pool_only,geometric,1.0,,1.2264966945880524,0.0277521448199463,23,256,D:\core-tfm\results\core_tfm_submission_full_v1\multi_seed\seed_23_train_256
wine,catboost,1,repair_only,soft,1.0,0.03,1.2263589554555905,0.0270158044855789,23,256,D:\core-tfm\results\core_tfm_submission_full_v1\multi_seed\seed_23_train_256
wine,catboost,1,full,j1,0.5,,1.2264966945880529,0.0277521448199463,23,256,D:\core-tfm\results\core_tfm_submission_full_v1\multi_seed\seed_23_train_256
wine,catboost,2,raw_only,j1,0.5,,1.2737553583861827,0.0277878425436417,23,256,D:\core-tfm\results\core_tfm_submission_full_v1\multi_seed\seed_23_train_256
wine,catboost,2,pool_only,geometric,1.0,,1.2737553583861827,0.0277878425436417,23,256,D:\core-tfm\results\core_tfm_submission_full_v1\multi_seed\seed_23_train_256
wine,catboost,2,repair_only,soft,1.0,0.03,1.2737279699731032,0.0270477676901044,23,256,D:\core-tfm\results\core_tfm_submission_full_v1\multi_seed\seed_23_train_256
wine,catboost,2,full,j1,0.5,,1.2737553583861827,0.0277878425436417,23,256,D:\core-tfm\results\core_tfm_submission_full_v1\multi_seed\seed_23_train_256
wine,catboost,3,raw_only,j2,0.5,,1.3574524499825462,0.0061529695437286,23,256,D:\core-tfm\results\core_tfm_submission_full_v1\multi_seed\seed_23_train_256
wine,catboost,3,pool_only,geometric,0.0,,1.357452449982546,0.0061529695437286,23,256,D:\core-tfm\results\core_tfm_submission_full_v1\multi_seed\seed_23_train_256
wine,catboost,3,repair_only,hard,1.0,,1.3227421043158534,9.475433675534829e-14,23,256,D:\core-tfm\results\core_tfm_submission_full_v1\multi_seed\seed_23_train_256
wine,catboost,3,full,hard,1.0,,1.3227421043158534,9.475433675534829e-14,23,256,D:\core-tfm\results\core_tfm_submission_full_v1\multi_seed\seed_23_train_256
wine,catboost,4,raw_only,j1,0.5,,1.2764166799932812,0.0293006812273007,23,256,D:\core-tfm\results\core_tfm_submission_full_v1\multi_seed\seed_23_train_256
wine,catboost,4,pool_only,geometric,0.5,,1.294623282324414,0.0181125688758821,23,256,D:\core-tfm\results\core_tfm_submission_full_v1\multi_seed\seed_23_train_256
wine,catboost,4,repair_only,soft,1.0,10.0,1.2854680658123538,0.0029510910812604,23,256,D:\core-tfm\results\core_tfm_submission_full_v1\multi_seed\seed_23_train_256
wine,catboost,4,full,geometric,0.5,,1.294623282324414,0.0181125688758821,23,256,D:\core-tfm\results\core_tfm_submission_full_v1\multi_seed\seed_23_train_256
wine,catboost,5,raw_only,j1,0.5,,1.2670109012112776,0.0288568250356504,23,256,D:\core-tfm\results\core_tfm_submission_full_v1\multi_seed\seed_23_train_256
wine,catboost,5,pool_only,geometric,1.0,,1.2670109012112776,0.0288568250356504,23,256,D:\core-tfm\results\core_tfm_submission_full_v1\multi_seed\seed_23_train_256
wine,catboost,5,repair_only,soft,1.0,0.03,1.2665538976854025,0.0280702246903381,23,256,D:\core-tfm\results\core_tfm_submission_full_v1\multi_seed\seed_23_train_256
wine,catboost,5,full,j1,0.5,,1.2670109012112776,0.0288568250356504,23,256,D:\core-tfm\results\core_tfm_submission_full_v1\multi_seed\seed_23_train_256
credit,tabiclv2,1,raw_only,j1,0.5,,1.8644598336323768,0.014216447562266,23,256,D:\core-tfm\results\core_tfm_submission_full_v1\multi_seed\seed_23_train_256
credit,tabiclv2,1,pool_only,geometric,0.75,,1.8632208201637777,0.0153665946796228,23,256,D:\core-tfm\results\core_tfm_submission_full_v1\multi_seed\seed_23_train_256
credit,tabiclv2,1,repair_only,hard,1.0,,1.867512926353608,3.594837271012497e-13,23,256,D:\core-tfm\results\core_tfm_submission_full_v1\multi_seed\seed_23_train_256
credit,tabiclv2,1,full,hard,1.0,,1.867512926353608,3.594837271012497e-13,23,256,D:\core-tfm\results\core_tfm_submission_full_v1\multi_seed\seed_23_train_256
credit,tabiclv2,2,raw_only,j1,0.5,,1.7798441135609346,0.0183554642033979,23,256,D:\core-tfm\results\core_tfm_submission_full_v1\multi_seed\seed_23_train_256
credit,tabiclv2,2,pool_only,arithmetic,0.5,,1.7688607503369045,0.0296927564372001,23,256,D:\core-tfm\results\core_tfm_submission_full_v1\multi_seed\seed_23_train_256
credit,tabiclv2,2,repair_only,soft,0.5,0.03,1.770021047455156,0.0286941771027756,23,256,D:\core-tfm\results\core_tfm_submission_full_v1\multi_seed\seed_23_train_256
credit,tabiclv2,2,full,arithmetic,0.5,,1.7688607503369045,0.0296927564372001,23,256,D:\core-tfm\results\core_tfm_submission_full_v1\multi_seed\seed_23_train_256
credit,tabiclv2,3,raw_only,j2,0.5,,1.6700987615779992,0.0386868341748826,23,256,D:\core-tfm\results\core_tfm_submission_full_v1\multi_seed\seed_23_train_256
credit,tabiclv2,3,pool_only,geometric,0.5,,1.6669014141153662,0.0279638371567418,23,256,D:\core-tfm\results\core_tfm_submission_full_v1\multi_seed\seed_23_train_256
credit,tabiclv2,3,repair_only,soft,0.5,0.03,1.6673536509250082,0.0272683374540182,23,256,D:\core-tfm\results\core_tfm_submission_full_v1\multi_seed\seed_23_train_256
credit,tabiclv2,3,full,geometric,0.5,,1.6669014141153662,0.0279638371567418,23,256,D:\core-tfm\results\core_tfm_submission_full_v1\multi_seed\seed_23_train_256
credit,tabiclv2,4,raw_only,j2,0.5,,1.6628643863417136,0.0342274827531825,23,256,D:\core-tfm\results\core_tfm_submission_full_v1\multi_seed\seed_23_train_256
credit,tabiclv2,4,pool_only,geometric,0.0,,1.6628643863417136,0.0342274827531825,23,256,D:\core-tfm\results\core_tfm_submission_full_v1\multi_seed\seed_23_train_256
credit,tabiclv2,4,repair_only,soft,0.0,0.03,1.6628077658663476,0.0334731202220326,23,256,D:\core-tfm\results\core_tfm_submission_full_v1\multi_seed\seed_23_train_256
credit,tabiclv2,4,full,j2,0.5,,1.6628643863417136,0.0342274827531825,23,256,D:\core-tfm\results\core_tfm_submission_full_v1\multi_seed\seed_23_train_256
credit,tabiclv2,5,raw_only,j1,0.5,,1.7691306745157362,0.0143164976373841,23,256,D:\core-tfm\results\core_tfm_submission_full_v1\multi_seed\seed_23_train_256
credit,tabiclv2,5,pool_only,geometric,1.0,,1.7691306745157362,0.0143164976373841,23,256,D:\core-tfm\results\core_tfm_submission_full_v1\multi_seed\seed_23_train_256
credit,tabiclv2,5,repair_only,soft,1.0,0.03,1.7692867149989635,0.0139769310259852,23,256,D:\core-tfm\results\core_tfm_submission_full_v1\multi_seed\seed_23_train_256
credit,tabiclv2,5,full,j1,0.5,,1.7691306745157362,0.0143164976373841,23,256,D:\core-tfm\results\core_tfm_submission_full_v1\multi_seed\seed_23_train_256
credit,tabpfn3,1,raw_only,j1,0.5,,1.8203462969707336,0.0085519648661405,23,256,D:\core-tfm\results\core_tfm_submission_full_v1\multi_seed\seed_23_train_256
credit,tabpfn3,1,pool_only,geometric,1.0,,1.8203462969707336,0.0085519648661405,23,256,D:\core-tfm\results\core_tfm_submission_full_v1\multi_seed\seed_23_train_256
credit,tabpfn3,1,repair_only,hard,0.75,,1.8314817795343248,9.186125506641977e-14,23,256,D:\core-tfm\results\core_tfm_submission_full_v1\multi_seed\seed_23_train_256
credit,tabpfn3,1,full,hard,0.75,,1.8314817795343248,9.186125506641977e-14,23,256,D:\core-tfm\results\core_tfm_submission_full_v1\multi_seed\seed_23_train_256
credit,tabpfn3,2,raw_only,j2,0.5,,1.7810385099144352,0.030544012269853,23,256,D:\core-tfm\results\core_tfm_submission_full_v1\multi_seed\seed_23_train_256
credit,tabpfn3,2,pool_only,geometric,0.0,,1.7810385099144352,0.030544012269853,23,256,D:\core-tfm\results\core_tfm_submission_full_v1\multi_seed\seed_23_train_256
credit,tabpfn3,2,repair_only,soft,0.0,0.03,1.7813941872443884,0.0299444483211825,23,256,D:\core-tfm\results\core_tfm_submission_full_v1\multi_seed\seed_23_train_256
credit,tabpfn3,2,full,soft,0.0,0.03,1.7813941872443884,0.0299444483211825,23,256,D:\core-tfm\results\core_tfm_submission_full_v1\multi_seed\seed_23_train_256
credit,tabpfn3,3,raw_only,j1,0.5,,1.7118958548109957,0.0116759259254194,23,256,D:\core-tfm\results\core_tfm_submission_full_v1\multi_seed\seed_23_train_256
credit,tabpfn3,3,pool_only,arithmetic,0.5,,1.708626156604883,0.0156972469699674,23,256,D:\core-tfm\results\core_tfm_submission_full_v1\multi_seed\seed_23_train_256
credit,tabpfn3,3,repair_only,soft,0.5,0.03,1.7091165679726212,0.015367594484543,23,256,D:\core-tfm\results\core_tfm_submission_full_v1\multi_seed\seed_23_train_256
credit,tabpfn3,3,full,arithmetic,0.5,,1.708626156604883,0.0156972469699674,23,256,D:\core-tfm\results\core_tfm_submission_full_v1\multi_seed\seed_23_train_256
credit,tabpfn3,4,raw_only,j2,0.5,,1.681798318466715,0.0252099112573056,23,256,D:\core-tfm\results\core_tfm_submission_full_v1\multi_seed\seed_23_train_256
credit,tabpfn3,4,pool_only,geometric,0.0,,1.6817983184667145,0.0252099112573056,23,256,D:\core-tfm\results\core_tfm_submission_full_v1\multi_seed\seed_23_train_256
credit,tabpfn3,4,repair_only,soft,0.0,0.03,1.6824980314916291,0.0247365101816573,23,256,D:\core-tfm\results\core_tfm_submission_full_v1\multi_seed\seed_23_train_256
credit,tabpfn3,4,full,j2,0.5,,1.681798318466715,0.0252099112573056,23,256,D:\core-tfm\results\core_tfm_submission_full_v1\multi_seed\seed_23_train_256
credit,tabpfn3,5,raw_only,j2,0.5,,1.7415216688148627,0.0195417512528784,23,256,D:\core-tfm\results\core_tfm_submission_full_v1\multi_seed\seed_23_train_256
credit,tabpfn3,5,pool_only,geometric,0.0,,1.7415216688148627,0.0195417512528784,23,256,D:\core-tfm\results\core_tfm_submission_full_v1\multi_seed\seed_23_train_256
credit,tabpfn3,5,repair_only,soft,0.0,0.03,1.741373569042215,0.0191079432500117,23,256,D:\core-tfm\results\core_tfm_submission_full_v1\multi_seed\seed_23_train_256
credit,tabpfn3,5,full,j2,0.5,,1.7415216688148627,0.0195417512528784,23,256,D:\core-tfm\results\core_tfm_submission_full_v1\multi_seed\seed_23_train_256
credit,catboost,1,raw_only,j1,0.5,,1.840162934213632,0.0229664952641682,23,256,D:\core-tfm\results\core_tfm_submission_full_v1\multi_seed\seed_23_train_256
credit,catboost,1,pool_only,geometric,0.75,,1.838723833352622,0.0231272348011325,23,256,D:\core-tfm\results\core_tfm_submission_full_v1\multi_seed\seed_23_train_256
credit,catboost,1,repair_only,hard,1.0,,1.83113771630098,1.1522056366734118e-13,23,256,D:\core-tfm\results\core_tfm_submission_full_v1\multi_seed\seed_23_train_256
credit,catboost,1,full,hard,1.0,,1.83113771630098,1.1522056366734118e-13,23,256,D:\core-tfm\results\core_tfm_submission_full_v1\multi_seed\seed_23_train_256
credit,catboost,2,raw_only,j1,0.5,,1.756645149636383,0.0210817456159737,23,256,D:\core-tfm\results\core_tfm_submission_full_v1\multi_seed\seed_23_train_256
credit,catboost,2,pool_only,geometric,1.0,,1.756645149636383,0.0210817456159737,23,256,D:\core-tfm\results\core_tfm_submission_full_v1\multi_seed\seed_23_train_256
credit,catboost,2,repair_only,soft,1.0,0.03,1.7568134891238063,0.020655115271898,23,256,D:\core-tfm\results\core_tfm_submission_full_v1\multi_seed\seed_23_train_256
credit,catboost,2,full,j1,0.5,,1.756645149636383,0.0210817456159737,23,256,D:\core-tfm\results\core_tfm_submission_full_v1\multi_seed\seed_23_train_256
credit,catboost,3,raw_only,j2,0.5,,1.6947174516958847,0.0180804166615984,23,256,D:\core-tfm\results\core_tfm_submission_full_v1\multi_seed\seed_23_train_256
credit,catboost,3,pool_only,geometric,0.0,,1.694717451695885,0.0180804166615984,23,256,D:\core-tfm\results\core_tfm_submission_full_v1\multi_seed\seed_23_train_256
credit,catboost,3,repair_only,soft,0.0,0.03,1.6943570241909436,0.0176011675950827,23,256,D:\core-tfm\results\core_tfm_submission_full_v1\multi_seed\seed_23_train_256
credit,catboost,3,full,j2,0.5,,1.6947174516958847,0.0180804166615984,23,256,D:\core-tfm\results\core_tfm_submission_full_v1\multi_seed\seed_23_train_256
credit,catboost,4,raw_only,j2,0.5,,1.7114549831168355,0.0227074309993626,23,256,D:\core-tfm\results\core_tfm_submission_full_v1\multi_seed\seed_23_train_256
credit,catboost,4,pool_only,geometric,0.0,,1.7114549831168355,0.0227074309993626,23,256,D:\core-tfm\results\core_tfm_submission_full_v1\multi_seed\seed_23_train_256
credit,catboost,4,repair_only,soft,0.0,0.03,1.7117562840107157,0.022142469924261,23,256,D:\core-tfm\results\core_tfm_submission_full_v1\multi_seed\seed_23_train_256
credit,catboost,4,full,j2,0.5,,1.7114549831168355,0.0227074309993626,23,256,D:\core-tfm\results\core_tfm_submission_full_v1\multi_seed\seed_23_train_256
credit,catboost,5,raw_only,j1,0.5,,1.758621076660862,0.0229327043817304,23,256,D:\core-tfm\results\core_tfm_submission_full_v1\multi_seed\seed_23_train_256
credit,catboost,5,pool_only,geometric,0.75,,1.7582276984656569,0.0236072164220956,23,256,D:\core-tfm\results\core_tfm_submission_full_v1\multi_seed\seed_23_train_256
credit,catboost,5,repair_only,soft,0.75,0.03,1.7584775682347806,0.0229656485079339,23,256,D:\core-tfm\results\core_tfm_submission_full_v1\multi_seed\seed_23_train_256
credit,catboost,5,full,geometric,0.75,,1.7582276984656569,0.0236072164220956,23,256,D:\core-tfm\results\core_tfm_submission_full_v1\multi_seed\seed_23_train_256
mic,tabiclv2,1,raw_only,j1,0.5,,1.1822697955843342,0.0171543763872729,23,256,D:\core-tfm\results\core_tfm_submission_full_v1\multi_seed\seed_23_train_256
mic,tabiclv2,1,pool_only,geometric,0.75,,1.1829783317286433,0.0176784456080588,23,256,D:\core-tfm\results\core_tfm_submission_full_v1\multi_seed\seed_23_train_256
mic,tabiclv2,1,repair_only,soft,1.0,1.0,1.1897606366331763,0.0086973987491878,23,256,D:\core-tfm\results\core_tfm_submission_full_v1\multi_seed\seed_23_train_256
mic,tabiclv2,1,full,soft,1.0,1.0,1.1897606366331763,0.0086973987491878,23,256,D:\core-tfm\results\core_tfm_submission_full_v1\multi_seed\seed_23_train_256
mic,tabiclv2,2,raw_only,j1,0.5,,1.0405639059399372,0.0175066896262056,23,256,D:\core-tfm\results\core_tfm_submission_full_v1\multi_seed\seed_23_train_256
mic,tabiclv2,2,pool_only,geometric,1.0,,1.0405639059399372,0.0175066896262056,23,256,D:\core-tfm\results\core_tfm_submission_full_v1\multi_seed\seed_23_train_256
mic,tabiclv2,2,repair_only,soft,1.0,0.03,1.0392443904778674,0.0170212990159231,23,256,D:\core-tfm\results\core_tfm_submission_full_v1\multi_seed\seed_23_train_256
mic,tabiclv2,2,full,j1,0.5,,1.0405639059399372,0.0175066896262056,23,256,D:\core-tfm\results\core_tfm_submission_full_v1\multi_seed\seed_23_train_256
mic,tabiclv2,3,raw_only,j2,0.5,,0.9636438081214675,0.0082419363881606,23,256,D:\core-tfm\results\core_tfm_submission_full_v1\multi_seed\seed_23_train_256
mic,tabiclv2,3,pool_only,geometric,0.0,,0.9636438081214675,0.0082419363881606,23,256,D:\core-tfm\results\core_tfm_submission_full_v1\multi_seed\seed_23_train_256
mic,tabiclv2,3,repair_only,hard,1.0,,0.9556363727926124,5.2754776424851404e-14,23,256,D:\core-tfm\results\core_tfm_submission_full_v1\multi_seed\seed_23_train_256
mic,tabiclv2,3,full,hard,1.0,,0.9556363727926124,5.2754776424851404e-14,23,256,D:\core-tfm\results\core_tfm_submission_full_v1\multi_seed\seed_23_train_256
mic,tabiclv2,4,raw_only,j2,0.5,,0.8680255755719222,0.0124459913413162,23,256,D:\core-tfm\results\core_tfm_submission_full_v1\multi_seed\seed_23_train_256
mic,tabiclv2,4,pool_only,geometric,0.0,,0.8680255755719222,0.0124459913413162,23,256,D:\core-tfm\results\core_tfm_submission_full_v1\multi_seed\seed_23_train_256
mic,tabiclv2,4,repair_only,soft,0.0,0.03,0.8679036354673618,0.012086872591237,23,256,D:\core-tfm\results\core_tfm_submission_full_v1\multi_seed\seed_23_train_256
mic,tabiclv2,4,full,j2,0.5,,0.8680255755719222,0.0124459913413162,23,256,D:\core-tfm\results\core_tfm_submission_full_v1\multi_seed\seed_23_train_256
mic,tabiclv2,5,raw_only,j2,0.5,,0.904404404497524,0.0057017503572664,23,256,D:\core-tfm\results\core_tfm_submission_full_v1\multi_seed\seed_23_train_256
mic,tabiclv2,5,pool_only,geometric,0.0,,0.904404404497524,0.0057017503572664,23,256,D:\core-tfm\results\core_tfm_submission_full_v1\multi_seed\seed_23_train_256
mic,tabiclv2,5,repair_only,soft,0.0,10.0,0.897452002221536,0.0005201303577749,23,256,D:\core-tfm\results\core_tfm_submission_full_v1\multi_seed\seed_23_train_256
mic,tabiclv2,5,full,soft,0.0,10.0,0.897452002221536,0.0005201303577749,23,256,D:\core-tfm\results\core_tfm_submission_full_v1\multi_seed\seed_23_train_256
mic,tabpfn3,1,raw_only,j2,0.5,,1.1655815388763933,0.0055298852743481,23,256,D:\core-tfm\results\core_tfm_submission_full_v1\multi_seed\seed_23_train_256
mic,tabpfn3,1,pool_only,geometric,0.0,,1.1655815388763933,0.0055298852743481,23,256,D:\core-tfm\results\core_tfm_submission_full_v1\multi_seed\seed_23_train_256
mic,tabpfn3,1,repair_only,soft,0.0,0.03,1.1654612219348892,0.005372251242604,23,256,D:\core-tfm\results\core_tfm_submission_full_v1\multi_seed\seed_23_train_256
mic,tabpfn3,1,full,j2,0.5,,1.1655815388763933,0.0055298852743481,23,256,D:\core-tfm\results\core_tfm_submission_full_v1\multi_seed\seed_23_train_256
mic,tabpfn3,2,raw_only,j2,0.5,,1.03585061275206,0.0028998342842163,23,256,D:\core-tfm\results\core_tfm_submission_full_v1\multi_seed\seed_23_train_256
mic,tabpfn3,2,pool_only,geometric,0.0,,1.03585061275206,0.0028998342842163,23,256,D:\core-tfm\results\core_tfm_submission_full_v1\multi_seed\seed_23_train_256
mic,tabpfn3,2,repair_only,hard,0.25,,1.0366442858070797,1.6882591125488624e-13,23,256,D:\core-tfm\results\core_tfm_submission_full_v1\multi_seed\seed_23_train_256
mic,tabpfn3,2,full,hard,0.25,,1.0366442858070797,1.6882591125488624e-13,23,256,D:\core-tfm\results\core_tfm_submission_full_v1\multi_seed\seed_23_train_256
mic,tabpfn3,3,raw_only,j1,0.5,,0.9708372481408234,0.004252461522748,23,256,D:\core-tfm\results\core_tfm_submission_full_v1\multi_seed\seed_23_train_256
mic,tabpfn3,3,pool_only,geometric,1.0,,0.9708372481408234,0.004252461522748,23,256,D:\core-tfm\results\core_tfm_submission_full_v1\multi_seed\seed_23_train_256
mic,tabpfn3,3,repair_only,soft,1.0,0.03,0.9707645299255804,0.0041343799611394,23,256,D:\core-tfm\results\core_tfm_submission_full_v1\multi_seed\seed_23_train_256
mic,tabpfn3,3,full,j1,0.5,,0.9708372481408234,0.004252461522748,23,256,D:\core-tfm\results\core_tfm_submission_full_v1\multi_seed\seed_23_train_256
mic,tabpfn3,4,raw_only,j1,0.5,,0.8760621042894219,0.0046616901138196,23,256,D:\core-tfm\results\core_tfm_submission_full_v1\multi_seed\seed_23_train_256
mic,tabpfn3,4,pool_only,geometric,1.0,,0.8760621042894219,0.0046616901138196,23,256,D:\core-tfm\results\core_tfm_submission_full_v1\multi_seed\seed_23_train_256
mic,tabpfn3,4,repair_only,soft,1.0,0.03,0.87578850865297,0.0045347680208618,23,256,D:\core-tfm\results\core_tfm_submission_full_v1\multi_seed\seed_23_train_256
mic,tabpfn3,4,full,j1,0.5,,0.8760621042894219,0.0046616901138196,23,256,D:\core-tfm\results\core_tfm_submission_full_v1\multi_seed\seed_23_train_256
mic,tabpfn3,5,raw_only,j1,0.5,,0.8929509971468733,0.0052370097868753,23,256,D:\core-tfm\results\core_tfm_submission_full_v1\multi_seed\seed_23_train_256
mic,tabpfn3,5,pool_only,geometric,0.5,,0.891390218911896,0.0046110294577026,23,256,D:\core-tfm\results\core_tfm_submission_full_v1\multi_seed\seed_23_train_256
mic,tabpfn3,5,repair_only,hard,1.0,,0.8887159685720588,1.2055596067462497e-13,23,256,D:\core-tfm\results\core_tfm_submission_full_v1\multi_seed\seed_23_train_256
mic,tabpfn3,5,full,hard,1.0,,0.8887159685720588,1.2055596067462497e-13,23,256,D:\core-tfm\results\core_tfm_submission_full_v1\multi_seed\seed_23_train_256
mic,catboost,1,raw_only,j1,0.5,,1.2150730383772386,0.0136703198639856,23,256,D:\core-tfm\results\core_tfm_submission_full_v1\multi_seed\seed_23_train_256
mic,catboost,1,pool_only,geometric,1.0,,1.2150730383772388,0.0136703198639856,23,256,D:\core-tfm\results\core_tfm_submission_full_v1\multi_seed\seed_23_train_256
mic,catboost,1,repair_only,soft,1.0,0.03,1.2154465034746762,0.0132984754747774,23,256,D:\core-tfm\results\core_tfm_submission_full_v1\multi_seed\seed_23_train_256
mic,catboost,1,full,j1,0.5,,1.2150730383772386,0.0136703198639856,23,256,D:\core-tfm\results\core_tfm_submission_full_v1\multi_seed\seed_23_train_256
mic,catboost,2,raw_only,j1,0.5,,1.1023469026742054,0.0122587322934357,23,256,D:\core-tfm\results\core_tfm_submission_full_v1\multi_seed\seed_23_train_256
mic,catboost,2,pool_only,geometric,1.0,,1.1023469026742054,0.0122587322934357,23,256,D:\core-tfm\results\core_tfm_submission_full_v1\multi_seed\seed_23_train_256
mic,catboost,2,repair_only,hard,0.5,,1.1012781789770172,1.1460994269786324e-13,23,256,D:\core-tfm\results\core_tfm_submission_full_v1\multi_seed\seed_23_train_256
mic,catboost,2,full,hard,0.5,,1.1012781789770172,1.1460994269786324e-13,23,256,D:\core-tfm\results\core_tfm_submission_full_v1\multi_seed\seed_23_train_256
mic,catboost,3,raw_only,j2,0.5,,1.0294312487313122,0.0116726305009849,23,256,D:\core-tfm\results\core_tfm_submission_full_v1\multi_seed\seed_23_train_256
mic,catboost,3,pool_only,geometric,0.5,,1.028239102936729,0.0108796748120682,23,256,D:\core-tfm\results\core_tfm_submission_full_v1\multi_seed\seed_23_train_256
mic,catboost,3,repair_only,hard,1.0,,1.0369497529814675,7.168020043084487e-14,23,256,D:\core-tfm\results\core_tfm_submission_full_v1\multi_seed\seed_23_train_256
mic,catboost,3,full,hard,1.0,,1.0369497529814675,7.168020043084487e-14,23,256,D:\core-tfm\results\core_tfm_submission_full_v1\multi_seed\seed_23_train_256
mic,catboost,4,raw_only,j1,0.5,,0.9624272751133413,0.0112339475763412,23,256,D:\core-tfm\results\core_tfm_submission_full_v1\multi_seed\seed_23_train_256
mic,catboost,4,pool_only,geometric,1.0,,0.9624272751133413,0.0112339475763412,23,256,D:\core-tfm\results\core_tfm_submission_full_v1\multi_seed\seed_23_train_256
mic,catboost,4,repair_only,soft,1.0,0.03,0.9620469911268144,0.0109124326750036,23,256,D:\core-tfm\results\core_tfm_submission_full_v1\multi_seed\seed_23_train_256
mic,catboost,4,full,j1,0.5,,0.9624272751133413,0.0112339475763412,23,256,D:\core-tfm\results\core_tfm_submission_full_v1\multi_seed\seed_23_train_256
mic,catboost,5,raw_only,j2,0.5,,0.9849644334329976,0.0139814565556343,23,256,D:\core-tfm\results\core_tfm_submission_full_v1\multi_seed\seed_23_train_256
mic,catboost,5,pool_only,geometric,0.0,,0.9849644334329976,0.0139814565556343,23,256,D:\core-tfm\results\core_tfm_submission_full_v1\multi_seed\seed_23_train_256
mic,catboost,5,repair_only,soft,0.0,0.03,0.9847052243467984,0.0135747109411385,23,256,D:\core-tfm\results\core_tfm_submission_full_v1\multi_seed\seed_23_train_256
mic,catboost,5,full,j2,0.5,,0.9849644334329976,0.0139814565556343,23,256,D:\core-tfm\results\core_tfm_submission_full_v1\multi_seed\seed_23_train_256
customer,tabiclv2,1,raw_only,j1,0.5,,1.2882160316584867,0.0056887372286552,23,256,D:\core-tfm\results\core_tfm_submission_full_v1\multi_seed\seed_23_train_256
customer,tabiclv2,1,pool_only,geometric,0.75,,1.2798012646785633,0.0097391074086619,23,256,D:\core-tfm\results\core_tfm_submission_full_v1\multi_seed\seed_23_train_256
customer,tabiclv2,1,repair_only,soft,0.75,0.03,1.279730475291788,0.009456470341811,23,256,D:\core-tfm\results\core_tfm_submission_full_v1\multi_seed\seed_23_train_256
customer,tabiclv2,1,full,geometric,0.75,,1.2798012646785633,0.0097391074086619,23,256,D:\core-tfm\results\core_tfm_submission_full_v1\multi_seed\seed_23_train_256
customer,tabiclv2,2,raw_only,j2,0.5,,1.4763513150830494,0.0238708173872459,23,256,D:\core-tfm\results\core_tfm_submission_full_v1\multi_seed\seed_23_train_256
customer,tabiclv2,2,pool_only,geometric,0.0,,1.4763513150830494,0.0238708173872459,23,256,D:\core-tfm\results\core_tfm_submission_full_v1\multi_seed\seed_23_train_256
customer,tabiclv2,2,repair_only,soft,0.0,0.03,1.4765428593792502,0.0231776028041863,23,256,D:\core-tfm\results\core_tfm_submission_full_v1\multi_seed\seed_23_train_256
customer,tabiclv2,2,full,j2,0.5,,1.4763513150830494,0.0238708173872459,23,256,D:\core-tfm\results\core_tfm_submission_full_v1\multi_seed\seed_23_train_256
customer,tabiclv2,3,raw_only,j1,0.5,,1.4819323906658872,0.0059827606669403,23,256,D:\core-tfm\results\core_tfm_submission_full_v1\multi_seed\seed_23_train_256
customer,tabiclv2,3,pool_only,geometric,1.0,,1.4819323906658872,0.0059827606669403,23,256,D:\core-tfm\results\core_tfm_submission_full_v1\multi_seed\seed_23_train_256
customer,tabiclv2,3,repair_only,soft,1.0,0.03,1.4817756051591435,0.0058152713539713,23,256,D:\core-tfm\results\core_tfm_submission_full_v1\multi_seed\seed_23_train_256
customer,tabiclv2,3,full,j1,0.5,,1.4819323906658872,0.0059827606669403,23,256,D:\core-tfm\results\core_tfm_submission_full_v1\multi_seed\seed_23_train_256
customer,tabiclv2,4,raw_only,j1,0.5,,1.48679793794396,0.0081945979818202,23,256,D:\core-tfm\results\core_tfm_submission_full_v1\multi_seed\seed_23_train_256
customer,tabiclv2,4,pool_only,geometric,1.0,,1.48679793794396,0.0081945979818202,23,256,D:\core-tfm\results\core_tfm_submission_full_v1\multi_seed\seed_23_train_256
customer,tabiclv2,4,repair_only,soft,1.0,0.03,1.486856268385797,0.0079758605859811,23,256,D:\core-tfm\results\core_tfm_submission_full_v1\multi_seed\seed_23_train_256
customer,tabiclv2,4,full,j1,0.5,,1.48679793794396,0.0081945979818202,23,256,D:\core-tfm\results\core_tfm_submission_full_v1\multi_seed\seed_23_train_256
customer,tabiclv2,5,raw_only,j1,0.5,,1.4301276811628232,0.0090492501697864,23,256,D:\core-tfm\results\core_tfm_submission_full_v1\multi_seed\seed_23_train_256
customer,tabiclv2,5,pool_only,geometric,1.0,,1.4301276811628232,0.0090492501697864,23,256,D:\core-tfm\results\core_tfm_submission_full_v1\multi_seed\seed_23_train_256
customer,tabiclv2,5,repair_only,soft,1.0,0.03,1.4299525154305228,0.0088509988940859,23,256,D:\core-tfm\results\core_tfm_submission_full_v1\multi_seed\seed_23_train_256
customer,tabiclv2,5,full,j1,0.5,,1.4301276811628232,0.0090492501697864,23,256,D:\core-tfm\results\core_tfm_submission_full_v1\multi_seed\seed_23_train_256
customer,tabpfn3,1,raw_only,j1,0.5,,1.3036396381846558,0.0016596312736528,23,256,D:\core-tfm\results\core_tfm_submission_full_v1\multi_seed\seed_23_train_256
customer,tabpfn3,1,pool_only,geometric,1.0,,1.3036396381846558,0.0016596312736528,23,256,D:\core-tfm\results\core_tfm_submission_full_v1\multi_seed\seed_23_train_256
customer,tabpfn3,1,repair_only,soft,1.0,0.03,1.3036676814318091,0.0016121673492274,23,256,D:\core-tfm\results\core_tfm_submission_full_v1\multi_seed\seed_23_train_256
customer,tabpfn3,1,full,j1,0.5,,1.3036396381846558,0.0016596312736528,23,256,D:\core-tfm\results\core_tfm_submission_full_v1\multi_seed\seed_23_train_256
customer,tabpfn3,2,raw_only,j2,0.5,,1.476094238726116,0.0182573214782605,23,256,D:\core-tfm\results\core_tfm_submission_full_v1\multi_seed\seed_23_train_256
customer,tabpfn3,2,pool_only,geometric,0.0,,1.4760942387261164,0.0182573214782605,23,256,D:\core-tfm\results\core_tfm_submission_full_v1\multi_seed\seed_23_train_256
customer,tabpfn3,2,repair_only,hard,0.0,,1.4826525137466149,1.1763571972127568e-14,23,256,D:\core-tfm\results\core_tfm_submission_full_v1\multi_seed\seed_23_train_256
customer,tabpfn3,2,full,hard,0.0,,1.4826525137466149,1.1763571972127568e-14,23,256,D:\core-tfm\results\core_tfm_submission_full_v1\multi_seed\seed_23_train_256
customer,tabpfn3,3,raw_only,j1,0.5,,1.4519234018190774,0.0013249982286629,23,256,D:\core-tfm\results\core_tfm_submission_full_v1\multi_seed\seed_23_train_256
customer,tabpfn3,3,pool_only,geometric,1.0,,1.4519234018190774,0.001324998228663,23,256,D:\core-tfm\results\core_tfm_submission_full_v1\multi_seed\seed_23_train_256
customer,tabpfn3,3,repair_only,soft,1.0,0.03,1.451894831477754,0.0012873113080375,23,256,D:\core-tfm\results\core_tfm_submission_full_v1\multi_seed\seed_23_train_256
customer,tabpfn3,3,full,j1,0.5,,1.4519234018190774,0.0013249982286629,23,256,D:\core-tfm\results\core_tfm_submission_full_v1\multi_seed\seed_23_train_256
customer,tabpfn3,4,raw_only,j1,0.5,,1.4913839888391314,0.0027004346251488,23,256,D:\core-tfm\results\core_tfm_submission_full_v1\multi_seed\seed_23_train_256
customer,tabpfn3,4,pool_only,geometric,1.0,,1.4913839888391314,0.0027004346251488,23,256,D:\core-tfm\results\core_tfm_submission_full_v1\multi_seed\seed_23_train_256
customer,tabpfn3,4,repair_only,soft,1.0,0.03,1.4911985562818253,0.002628523542978,23,256,D:\core-tfm\results\core_tfm_submission_full_v1\multi_seed\seed_23_train_256
customer,tabpfn3,4,full,geometric,1.0,,1.4913839888391314,0.0027004346251488,23,256,D:\core-tfm\results\core_tfm_submission_full_v1\multi_seed\seed_23_train_256
customer,tabpfn3,5,raw_only,j2,0.5,,1.4466936499275969,0.0081058438131007,23,256,D:\core-tfm\results\core_tfm_submission_full_v1\multi_seed\seed_23_train_256
customer,tabpfn3,5,pool_only,geometric,0.0,,1.4466936499275969,0.0081058438131007,23,256,D:\core-tfm\results\core_tfm_submission_full_v1\multi_seed\seed_23_train_256
customer,tabpfn3,5,repair_only,soft,0.0,3.0,1.4521284921452582,0.0021207564764969,23,256,D:\core-tfm\results\core_tfm_submission_full_v1\multi_seed\seed_23_train_256
customer,tabpfn3,5,full,soft,0.0,3.0,1.4521284921452582,0.0021207564764969,23,256,D:\core-tfm\results\core_tfm_submission_full_v1\multi_seed\seed_23_train_256
customer,catboost,1,raw_only,j1,0.5,,1.3543183820308269,0.0060637900885653,23,256,D:\core-tfm\results\core_tfm_submission_full_v1\multi_seed\seed_23_train_256
customer,catboost,1,pool_only,geometric,1.0,,1.3543183820308269,0.0060637900885653,23,256,D:\core-tfm\results\core_tfm_submission_full_v1\multi_seed\seed_23_train_256
customer,catboost,1,repair_only,soft,1.0,0.03,1.3541504870732572,0.0058839465348809,23,256,D:\core-tfm\results\core_tfm_submission_full_v1\multi_seed\seed_23_train_256
customer,catboost,1,full,j1,0.5,,1.3543183820308269,0.0060637900885653,23,256,D:\core-tfm\results\core_tfm_submission_full_v1\multi_seed\seed_23_train_256
customer,catboost,2,raw_only,j1,0.5,,1.5221347018320546,0.006114619159157,23,256,D:\core-tfm\results\core_tfm_submission_full_v1\multi_seed\seed_23_train_256
customer,catboost,2,pool_only,geometric,1.0,,1.5221347018320546,0.006114619159157,23,256,D:\core-tfm\results\core_tfm_submission_full_v1\multi_seed\seed_23_train_256
customer,catboost,2,repair_only,hard,1.0,,1.5175888492239211,1.0036832205195106e-15,23,256,D:\core-tfm\results\core_tfm_submission_full_v1\multi_seed\seed_23_train_256
customer,catboost,2,full,hard,1.0,,1.5175888492239211,1.0036832205195106e-15,23,256,D:\core-tfm\results\core_tfm_submission_full_v1\multi_seed\seed_23_train_256
customer,catboost,3,raw_only,j1,0.5,,1.4365215138199854,0.0069906221547351,23,256,D:\core-tfm\results\core_tfm_submission_full_v1\multi_seed\seed_23_train_256
customer,catboost,3,pool_only,geometric,1.0,,1.4365215138199852,0.0069906221547351,23,256,D:\core-tfm\results\core_tfm_submission_full_v1\multi_seed\seed_23_train_256
customer,catboost,3,repair_only,soft,1.0,30.0,1.4344420754956149,0.0002367039210755,23,256,D:\core-tfm\results\core_tfm_submission_full_v1\multi_seed\seed_23_train_256
customer,catboost,3,full,soft,1.0,30.0,1.4344420754956149,0.0002367039210755,23,256,D:\core-tfm\results\core_tfm_submission_full_v1\multi_seed\seed_23_train_256
customer,catboost,4,raw_only,j2,0.5,,1.5136420970057014,0.0210449617395437,23,256,D:\core-tfm\results\core_tfm_submission_full_v1\multi_seed\seed_23_train_256
customer,catboost,4,pool_only,geometric,0.5,,1.5225959231877773,0.0149929924058509,23,256,D:\core-tfm\results\core_tfm_submission_full_v1\multi_seed\seed_23_train_256
customer,catboost,4,repair_only,soft,0.5,0.03,1.5225606760555903,0.0145539375921093,23,256,D:\core-tfm\results\core_tfm_submission_full_v1\multi_seed\seed_23_train_256
customer,catboost,4,full,geometric,0.5,,1.5225959231877773,0.0149929924058509,23,256,D:\core-tfm\results\core_tfm_submission_full_v1\multi_seed\seed_23_train_256
customer,catboost,5,raw_only,j1,0.5,,1.464244594383096,0.0061948679792378,23,256,D:\core-tfm\results\core_tfm_submission_full_v1\multi_seed\seed_23_train_256
customer,catboost,5,pool_only,geometric,0.75,,1.4725201044749858,0.0104158588060375,23,256,D:\core-tfm\results\core_tfm_submission_full_v1\multi_seed\seed_23_train_256
customer,catboost,5,repair_only,soft,0.0,10.0,1.479217753701791,0.0021104204380518,23,256,D:\core-tfm\results\core_tfm_submission_full_v1\multi_seed\seed_23_train_256
customer,catboost,5,full,soft,0.0,10.0,1.479217753701791,0.0021104204380518,23,256,D:\core-tfm\results\core_tfm_submission_full_v1\multi_seed\seed_23_train_256
marketing,tabiclv2,1,raw_only,j1,0.5,,1.846682051458487,0.0102178559949437,23,256,D:\core-tfm\results\core_tfm_submission_full_v1\multi_seed\seed_23_train_256
marketing,tabiclv2,1,pool_only,geometric,1.0,,1.846682051458487,0.0102178559949437,23,256,D:\core-tfm\results\core_tfm_submission_full_v1\multi_seed\seed_23_train_256
marketing,tabiclv2,1,repair_only,soft,1.0,0.03,1.846677045747069,0.0099477784337978,23,256,D:\core-tfm\results\core_tfm_submission_full_v1\multi_seed\seed_23_train_256
marketing,tabiclv2,1,full,j1,0.5,,1.846682051458487,0.0102178559949437,23,256,D:\core-tfm\results\core_tfm_submission_full_v1\multi_seed\seed_23_train_256
marketing,tabiclv2,2,raw_only,j1,0.5,,1.816870429221999,0.0109988309956245,23,256,D:\core-tfm\results\core_tfm_submission_full_v1\multi_seed\seed_23_train_256
marketing,tabiclv2,2,pool_only,geometric,1.0,,1.816870429221999,0.0109988309956246,23,256,D:\core-tfm\results\core_tfm_submission_full_v1\multi_seed\seed_23_train_256
marketing,tabiclv2,2,repair_only,soft,1.0,0.03,1.8164088896429047,0.0107316822687685,23,256,D:\core-tfm\results\core_tfm_submission_full_v1\multi_seed\seed_23_train_256
marketing,tabiclv2,2,full,j1,0.5,,1.816870429221999,0.0109988309956245,23,256,D:\core-tfm\results\core_tfm_submission_full_v1\multi_seed\seed_23_train_256
marketing,tabiclv2,3,raw_only,j2,0.5,,1.849459484916582,0.007766942151838,23,256,D:\core-tfm\results\core_tfm_submission_full_v1\multi_seed\seed_23_train_256
marketing,tabiclv2,3,pool_only,geometric,0.0,,1.849459484916582,0.007766942151838,23,256,D:\core-tfm\results\core_tfm_submission_full_v1\multi_seed\seed_23_train_256
marketing,tabiclv2,3,repair_only,hard,0.0,,1.85332858480956,6.91130227151854e-14,23,256,D:\core-tfm\results\core_tfm_submission_full_v1\multi_seed\seed_23_train_256
marketing,tabiclv2,3,full,hard,0.0,,1.85332858480956,6.91130227151854e-14,23,256,D:\core-tfm\results\core_tfm_submission_full_v1\multi_seed\seed_23_train_256
marketing,tabiclv2,4,raw_only,j1,0.5,,1.6511845506252742,0.0113241218614489,23,256,D:\core-tfm\results\core_tfm_submission_full_v1\multi_seed\seed_23_train_256
marketing,tabiclv2,4,pool_only,geometric,1.0,,1.6511845506252742,0.0113241218614489,23,256,D:\core-tfm\results\core_tfm_submission_full_v1\multi_seed\seed_23_train_256
marketing,tabiclv2,4,repair_only,soft,1.0,0.03,1.650978873916046,0.0110760875266231,23,256,D:\core-tfm\results\core_tfm_submission_full_v1\multi_seed\seed_23_train_256
marketing,tabiclv2,4,full,j1,0.5,,1.6511845506252742,0.0113241218614489,23,256,D:\core-tfm\results\core_tfm_submission_full_v1\multi_seed\seed_23_train_256
marketing,tabiclv2,5,raw_only,j2,0.5,,1.7617248688794975,0.019623168813375,23,256,D:\core-tfm\results\core_tfm_submission_full_v1\multi_seed\seed_23_train_256
marketing,tabiclv2,5,pool_only,geometric,0.0,,1.7617248688794975,0.019623168813375,23,256,D:\core-tfm\results\core_tfm_submission_full_v1\multi_seed\seed_23_train_256
marketing,tabiclv2,5,repair_only,soft,0.0,0.03,1.761757676160462,0.0190531465420772,23,256,D:\core-tfm\results\core_tfm_submission_full_v1\multi_seed\seed_23_train_256
marketing,tabiclv2,5,full,j2,0.5,,1.7617248688794975,0.019623168813375,23,256,D:\core-tfm\results\core_tfm_submission_full_v1\multi_seed\seed_23_train_256
marketing,tabpfn3,1,raw_only,j1,0.5,,1.8378644697559596,0.0049871152239482,23,256,D:\core-tfm\results\core_tfm_submission_full_v1\multi_seed\seed_23_train_256
marketing,tabpfn3,1,pool_only,geometric,1.0,,1.8378644697559596,0.0049871152239482,23,256,D:\core-tfm\results\core_tfm_submission_full_v1\multi_seed\seed_23_train_256
marketing,tabpfn3,1,repair_only,soft,1.0,0.03,1.837827297829923,0.0048458274988936,23,256,D:\core-tfm\results\core_tfm_submission_full_v1\multi_seed\seed_23_train_256
marketing,tabpfn3,1,full,j1,0.5,,1.8378644697559596,0.0049871152239482,23,256,D:\core-tfm\results\core_tfm_submission_full_v1\multi_seed\seed_23_train_256
marketing,tabpfn3,2,raw_only,j1,0.5,,1.7885226135068466,0.0106008138301817,23,256,D:\core-tfm\results\core_tfm_submission_full_v1\multi_seed\seed_23_train_256
marketing,tabpfn3,2,pool_only,geometric,1.0,,1.7885226135068466,0.0106008138301817,23,256,D:\core-tfm\results\core_tfm_submission_full_v1\multi_seed\seed_23_train_256
marketing,tabpfn3,2,repair_only,soft,1.0,0.03,1.788367850644818,0.0103305825259907,23,256,D:\core-tfm\results\core_tfm_submission_full_v1\multi_seed\seed_23_train_256
marketing,tabpfn3,2,full,j1,0.5,,1.7885226135068466,0.0106008138301817,23,256,D:\core-tfm\results\core_tfm_submission_full_v1\multi_seed\seed_23_train_256
marketing,tabpfn3,3,raw_only,j2,0.5,,1.782772160145318,0.0018366405317148,23,256,D:\core-tfm\results\core_tfm_submission_full_v1\multi_seed\seed_23_train_256
marketing,tabpfn3,3,pool_only,geometric,0.25,,1.7809313011084456,0.0052798266608397,23,256,D:\core-tfm\results\core_tfm_submission_full_v1\multi_seed\seed_23_train_256
marketing,tabpfn3,3,repair_only,hard,0.0,,1.785093954479123,5.311633053256278e-14,23,256,D:\core-tfm\results\core_tfm_submission_full_v1\multi_seed\seed_23_train_256
marketing,tabpfn3,3,full,hard,0.0,,1.785093954479123,5.311633053256278e-14,23,256,D:\core-tfm\results\core_tfm_submission_full_v1\multi_seed\seed_23_train_256
marketing,tabpfn3,4,raw_only,j1,0.5,,1.6853689001039602,0.0066542601643908,23,256,D:\core-tfm\results\core_tfm_submission_full_v1\multi_seed\seed_23_train_256
marketing,tabpfn3,4,pool_only,geometric,1.0,,1.6853689001039602,0.0066542601643908,23,256,D:\core-tfm\results\core_tfm_submission_full_v1\multi_seed\seed_23_train_256
marketing,tabpfn3,4,repair_only,soft,1.0,0.03,1.6855933689881115,0.0064785173770653,23,256,D:\core-tfm\results\core_tfm_submission_full_v1\multi_seed\seed_23_train_256
marketing,tabpfn3,4,full,j1,0.5,,1.6853689001039602,0.0066542601643908,23,256,D:\core-tfm\results\core_tfm_submission_full_v1\multi_seed\seed_23_train_256
marketing,tabpfn3,5,raw_only,j1,0.5,,1.7296411804897611,0.0062914471723524,23,256,D:\core-tfm\results\core_tfm_submission_full_v1\multi_seed\seed_23_train_256
marketing,tabpfn3,5,pool_only,geometric,0.75,,1.7311430497420923,0.005075614535054,23,256,D:\core-tfm\results\core_tfm_submission_full_v1\multi_seed\seed_23_train_256
marketing,tabpfn3,5,repair_only,soft,0.75,0.03,1.731239552565614,0.0049299254306289,23,256,D:\core-tfm\results\core_tfm_submission_full_v1\multi_seed\seed_23_train_256
marketing,tabpfn3,5,full,geometric,0.75,,1.7311430497420923,0.005075614535054,23,256,D:\core-tfm\results\core_tfm_submission_full_v1\multi_seed\seed_23_train_256
marketing,catboost,1,raw_only,j1,0.5,,1.8115213313928509,0.0116852478620595,23,256,D:\core-tfm\results\core_tfm_submission_full_v1\multi_seed\seed_23_train_256
marketing,catboost,1,pool_only,geometric,1.0,,1.8115213313928509,0.0116852478620595,23,256,D:\core-tfm\results\core_tfm_submission_full_v1\multi_seed\seed_23_train_256
marketing,catboost,1,repair_only,soft,1.0,3.0,1.8086305227061623,0.0030666389992156,23,256,D:\core-tfm\results\core_tfm_submission_full_v1\multi_seed\seed_23_train_256
marketing,catboost,1,full,soft,1.0,3.0,1.8086305227061623,0.0030666389992156,23,256,D:\core-tfm\results\core_tfm_submission_full_v1\multi_seed\seed_23_train_256
marketing,catboost,2,raw_only,j1,0.5,,1.775733083297859,0.0096530307363626,23,256,D:\core-tfm\results\core_tfm_submission_full_v1\multi_seed\seed_23_train_256
marketing,catboost,2,pool_only,geometric,1.0,,1.775733083297859,0.0096530307363626,23,256,D:\core-tfm\results\core_tfm_submission_full_v1\multi_seed\seed_23_train_256
marketing,catboost,2,repair_only,soft,1.0,0.03,1.7755683867345258,0.0093917048150159,23,256,D:\core-tfm\results\core_tfm_submission_full_v1\multi_seed\seed_23_train_256
marketing,catboost,2,full,j1,0.5,,1.775733083297859,0.0096530307363626,23,256,D:\core-tfm\results\core_tfm_submission_full_v1\multi_seed\seed_23_train_256
marketing,catboost,3,raw_only,j2,0.5,,1.8054552190158903,0.026009863742772,23,256,D:\core-tfm\results\core_tfm_submission_full_v1\multi_seed\seed_23_train_256
marketing,catboost,3,pool_only,geometric,0.0,,1.8054552190158903,0.026009863742772,23,256,D:\core-tfm\results\core_tfm_submission_full_v1\multi_seed\seed_23_train_256
marketing,catboost,3,repair_only,soft,0.0,0.03,1.8049048121189983,0.025257960644719,23,256,D:\core-tfm\results\core_tfm_submission_full_v1\multi_seed\seed_23_train_256
marketing,catboost,3,full,j2,0.5,,1.8054552190158903,0.026009863742772,23,256,D:\core-tfm\results\core_tfm_submission_full_v1\multi_seed\seed_23_train_256
marketing,catboost,4,raw_only,j2,0.5,,1.6986494972889683,0.0242844640832543,23,256,D:\core-tfm\results\core_tfm_submission_full_v1\multi_seed\seed_23_train_256
marketing,catboost,4,pool_only,geometric,0.0,,1.6986494972889683,0.0242844640832543,23,256,D:\core-tfm\results\core_tfm_submission_full_v1\multi_seed\seed_23_train_256
marketing,catboost,4,repair_only,soft,0.0,0.03,1.6986191372399393,0.0235890434181584,23,256,D:\core-tfm\results\core_tfm_submission_full_v1\multi_seed\seed_23_train_256
marketing,catboost,4,full,j2,0.5,,1.6986494972889683,0.0242844640832543,23,256,D:\core-tfm\results\core_tfm_submission_full_v1\multi_seed\seed_23_train_256
marketing,catboost,5,raw_only,j1,0.5,,1.822318879432399,0.0114422330769713,23,256,D:\core-tfm\results\core_tfm_submission_full_v1\multi_seed\seed_23_train_256
marketing,catboost,5,pool_only,arithmetic,0.5,,1.8187748517229445,0.0189964377554931,23,256,D:\core-tfm\results\core_tfm_submission_full_v1\multi_seed\seed_23_train_256
marketing,catboost,5,repair_only,soft,0.0,30.0,1.8175916964709653,0.000846568536378,23,256,D:\core-tfm\results\core_tfm_submission_full_v1\multi_seed\seed_23_train_256
marketing,catboost,5,full,soft,0.0,30.0,1.8175916964709653,0.000846568536378,23,256,D:\core-tfm\results\core_tfm_submission_full_v1\multi_seed\seed_23_train_256
phishing,tabiclv2,1,raw_only,j2,0.5,,0.8838493701885943,0.0284297019585658,23,256,D:\core-tfm\results\core_tfm_submission_full_v1\multi_seed\seed_23_train_256
phishing,tabiclv2,1,pool_only,geometric,0.25,,0.862170225934479,0.0276307565943167,23,256,D:\core-tfm\results\core_tfm_submission_full_v1\multi_seed\seed_23_train_256
phishing,tabiclv2,1,repair_only,soft,0.25,0.03,0.8614196171396323,0.0271268891360828,23,256,D:\core-tfm\results\core_tfm_submission_full_v1\multi_seed\seed_23_train_256
phishing,tabiclv2,1,full,geometric,0.25,,0.862170225934479,0.0276307565943167,23,256,D:\core-tfm\results\core_tfm_submission_full_v1\multi_seed\seed_23_train_256
phishing,tabiclv2,2,raw_only,j1,0.5,,0.9157719376326956,0.0244793747852347,23,256,D:\core-tfm\results\core_tfm_submission_full_v1\multi_seed\seed_23_train_256
phishing,tabiclv2,2,pool_only,geometric,1.0,,0.9157719376326956,0.0244793747852347,23,256,D:\core-tfm\results\core_tfm_submission_full_v1\multi_seed\seed_23_train_256
phishing,tabiclv2,2,repair_only,soft,1.0,0.03,0.915830261366294,0.0242105363402163,23,256,D:\core-tfm\results\core_tfm_submission_full_v1\multi_seed\seed_23_train_256
phishing,tabiclv2,2,full,j1,0.5,,0.9157719376326956,0.0244793747852347,23,256,D:\core-tfm\results\core_tfm_submission_full_v1\multi_seed\seed_23_train_256
phishing,tabiclv2,3,raw_only,j1,0.5,,0.8366412118727342,0.0188887676579943,23,256,D:\core-tfm\results\core_tfm_submission_full_v1\multi_seed\seed_23_train_256
phishing,tabiclv2,3,pool_only,arithmetic,0.5,,0.8351267995356177,0.02063360081222,23,256,D:\core-tfm\results\core_tfm_submission_full_v1\multi_seed\seed_23_train_256
phishing,tabiclv2,3,repair_only,soft,0.5,0.1,0.83521734774059,0.019686788701734,23,256,D:\core-tfm\results\core_tfm_submission_full_v1\multi_seed\seed_23_train_256
phishing,tabiclv2,3,full,arithmetic,0.5,,0.8351267995356177,0.02063360081222,23,256,D:\core-tfm\results\core_tfm_submission_full_v1\multi_seed\seed_23_train_256
phishing,tabiclv2,4,raw_only,j1,0.5,,0.8424827723663814,0.0199601696455145,23,256,D:\core-tfm\results\core_tfm_submission_full_v1\multi_seed\seed_23_train_256
phishing,tabiclv2,4,pool_only,geometric,1.0,,0.8424827723663814,0.0199601696455145,23,256,D:\core-tfm\results\core_tfm_submission_full_v1\multi_seed\seed_23_train_256
phishing,tabiclv2,4,repair_only,soft,1.0,0.03,0.8421359930130887,0.0197550795562996,23,256,D:\core-tfm\results\core_tfm_submission_full_v1\multi_seed\seed_23_train_256
phishing,tabiclv2,4,full,j1,0.5,,0.8424827723663814,0.0199601696455145,23,256,D:\core-tfm\results\core_tfm_submission_full_v1\multi_seed\seed_23_train_256
phishing,tabiclv2,5,raw_only,j1,0.5,,0.7520711075321721,0.0173865564728347,23,256,D:\core-tfm\results\core_tfm_submission_full_v1\multi_seed\seed_23_train_256
phishing,tabiclv2,5,pool_only,geometric,1.0,,0.7520711075321722,0.0173865564728347,23,256,D:\core-tfm\results\core_tfm_submission_full_v1\multi_seed\seed_23_train_256
phishing,tabiclv2,5,repair_only,hard,1.0,,0.7689174700839687,1.6239825070373925e-13,23,256,D:\core-tfm\results\core_tfm_submission_full_v1\multi_seed\seed_23_train_256
phishing,tabiclv2,5,full,hard,1.0,,0.7689174700839687,1.6239825070373925e-13,23,256,D:\core-tfm\results\core_tfm_submission_full_v1\multi_seed\seed_23_train_256
phishing,tabpfn3,1,raw_only,j1,0.5,,0.8013867181861009,0.0214237496119493,23,256,D:\core-tfm\results\core_tfm_submission_full_v1\multi_seed\seed_23_train_256
phishing,tabpfn3,1,pool_only,geometric,0.75,,0.809445862237438,0.022797378584661,23,256,D:\core-tfm\results\core_tfm_submission_full_v1\multi_seed\seed_23_train_256
phishing,tabpfn3,1,repair_only,soft,0.75,0.03,0.8099513561177322,0.0224067678145334,23,256,D:\core-tfm\results\core_tfm_submission_full_v1\multi_seed\seed_23_train_256
phishing,tabpfn3,1,full,geometric,0.75,,0.809445862237438,0.022797378584661,23,256,D:\core-tfm\results\core_tfm_submission_full_v1\multi_seed\seed_23_train_256
phishing,tabpfn3,2,raw_only,j1,0.5,,0.8901498833668967,0.0286430853056383,23,256,D:\core-tfm\results\core_tfm_submission_full_v1\multi_seed\seed_23_train_256
phishing,tabpfn3,2,pool_only,geometric,1.0,,0.8901498833668967,0.0286430853056384,23,256,D:\core-tfm\results\core_tfm_submission_full_v1\multi_seed\seed_23_train_256
phishing,tabpfn3,2,repair_only,soft,1.0,0.03,0.8904423444448804,0.0282672224413628,23,256,D:\core-tfm\results\core_tfm_submission_full_v1\multi_seed\seed_23_train_256
phishing,tabpfn3,2,full,j1,0.5,,0.8901498833668967,0.0286430853056383,23,256,D:\core-tfm\results\core_tfm_submission_full_v1\multi_seed\seed_23_train_256
phishing,tabpfn3,3,raw_only,j1,0.5,,0.8402892297489482,0.0175593037100286,23,256,D:\core-tfm\results\core_tfm_submission_full_v1\multi_seed\seed_23_train_256
phishing,tabpfn3,3,pool_only,geometric,1.0,,0.8402892297489482,0.0175593037100286,23,256,D:\core-tfm\results\core_tfm_submission_full_v1\multi_seed\seed_23_train_256
phishing,tabpfn3,3,repair_only,soft,1.0,0.03,0.840355213378576,0.0172717005704315,23,256,D:\core-tfm\results\core_tfm_submission_full_v1\multi_seed\seed_23_train_256
phishing,tabpfn3,3,full,j1,0.5,,0.8402892297489482,0.0175593037100286,23,256,D:\core-tfm\results\core_tfm_submission_full_v1\multi_seed\seed_23_train_256
phishing,tabpfn3,4,raw_only,j1,0.5,,0.8377218314918593,0.0232236903022457,23,256,D:\core-tfm\results\core_tfm_submission_full_v1\multi_seed\seed_23_train_256
phishing,tabpfn3,4,pool_only,geometric,0.75,,0.8316485083431753,0.0226711297817501,23,256,D:\core-tfm\results\core_tfm_submission_full_v1\multi_seed\seed_23_train_256
phishing,tabpfn3,4,repair_only,soft,0.75,0.03,0.83193623562974,0.0222862478585439,23,256,D:\core-tfm\results\core_tfm_submission_full_v1\multi_seed\seed_23_train_256
phishing,tabpfn3,4,full,geometric,0.75,,0.8316485083431753,0.0226711297817501,23,256,D:\core-tfm\results\core_tfm_submission_full_v1\multi_seed\seed_23_train_256
phishing,tabpfn3,5,raw_only,j2,0.5,,0.7438282806337464,0.016149760006427,23,256,D:\core-tfm\results\core_tfm_submission_full_v1\multi_seed\seed_23_train_256
phishing,tabpfn3,5,pool_only,geometric,0.0,,0.7438282806337464,0.016149760006427,23,256,D:\core-tfm\results\core_tfm_submission_full_v1\multi_seed\seed_23_train_256
phishing,tabpfn3,5,repair_only,soft,0.0,10.0,0.7478992848566643,0.0030948743918719,23,256,D:\core-tfm\results\core_tfm_submission_full_v1\multi_seed\seed_23_train_256
phishing,tabpfn3,5,full,soft,0.0,10.0,0.7478992848566643,0.0030948743918719,23,256,D:\core-tfm\results\core_tfm_submission_full_v1\multi_seed\seed_23_train_256
phishing,catboost,1,raw_only,j1,0.5,,1.0325842950053066,0.0239134268365721,23,256,D:\core-tfm\results\core_tfm_submission_full_v1\multi_seed\seed_23_train_256
phishing,catboost,1,pool_only,geometric,0.75,,1.026361550943412,0.0265834738468132,23,256,D:\core-tfm\results\core_tfm_submission_full_v1\multi_seed\seed_23_train_256
phishing,catboost,1,repair_only,soft,1.0,3.0,1.0390377318550603,0.0086861052387556,23,256,D:\core-tfm\results\core_tfm_submission_full_v1\multi_seed\seed_23_train_256
phishing,catboost,1,full,soft,1.0,3.0,1.0390377318550603,0.0086861052387556,23,256,D:\core-tfm\results\core_tfm_submission_full_v1\multi_seed\seed_23_train_256
phishing,catboost,2,raw_only,j2,0.5,,1.103727872066712,0.0309432885331868,23,256,D:\core-tfm\results\core_tfm_submission_full_v1\multi_seed\seed_23_train_256
phishing,catboost,2,pool_only,geometric,0.25,,1.0769280511423782,0.0308430406966694,23,256,D:\core-tfm\results\core_tfm_submission_full_v1\multi_seed\seed_23_train_256
phishing,catboost,2,repair_only,soft,0.0,1.0,1.0923120311638224,0.0209250713164315,23,256,D:\core-tfm\results\core_tfm_submission_full_v1\multi_seed\seed_23_train_256
phishing,catboost,2,full,soft,0.0,1.0,1.0923120311638224,0.0209250713164315,23,256,D:\core-tfm\results\core_tfm_submission_full_v1\multi_seed\seed_23_train_256
phishing,catboost,3,raw_only,j1,0.5,,0.9755184846305502,0.0227800066411667,23,256,D:\core-tfm\results\core_tfm_submission_full_v1\multi_seed\seed_23_train_256
phishing,catboost,3,pool_only,geometric,0.5,,0.964162576433504,0.0253219396444326,23,256,D:\core-tfm\results\core_tfm_submission_full_v1\multi_seed\seed_23_train_256
phishing,catboost,3,repair_only,soft,0.75,1.0,0.969178364653901,0.0128985875574815,23,256,D:\core-tfm\results\core_tfm_submission_full_v1\multi_seed\seed_23_train_256
phishing,catboost,3,full,soft,0.75,1.0,0.969178364653901,0.0128985875574815,23,256,D:\core-tfm\results\core_tfm_submission_full_v1\multi_seed\seed_23_train_256
phishing,catboost,4,raw_only,j1,0.5,,1.0084947802247686,0.0329447435829845,23,256,D:\core-tfm\results\core_tfm_submission_full_v1\multi_seed\seed_23_train_256
phishing,catboost,4,pool_only,geometric,1.0,,1.0084947802247684,0.0329447435829845,23,256,D:\core-tfm\results\core_tfm_submission_full_v1\multi_seed\seed_23_train_256
phishing,catboost,4,repair_only,soft,1.0,0.03,1.0088326109399868,0.0323503241042992,23,256,D:\core-tfm\results\core_tfm_submission_full_v1\multi_seed\seed_23_train_256
phishing,catboost,4,full,j1,0.5,,1.0084947802247686,0.0329447435829845,23,256,D:\core-tfm\results\core_tfm_submission_full_v1\multi_seed\seed_23_train_256
phishing,catboost,5,raw_only,j2,0.5,,0.8790295068379076,0.0380079699820392,23,256,D:\core-tfm\results\core_tfm_submission_full_v1\multi_seed\seed_23_train_256
phishing,catboost,5,pool_only,geometric,0.25,,0.8766421001505033,0.0344677107444114,23,256,D:\core-tfm\results\core_tfm_submission_full_v1\multi_seed\seed_23_train_256
phishing,catboost,5,repair_only,soft,0.0,0.3,0.8739478819362849,0.0331058146872595,23,256,D:\core-tfm\results\core_tfm_submission_full_v1\multi_seed\seed_23_train_256
phishing,catboost,5,full,soft,0.0,0.3,0.8739478819362849,0.0331058146872595,23,256,D:\core-tfm\results\core_tfm_submission_full_v1\multi_seed\seed_23_train_256
anneal,tabiclv2,1,raw_only,j1,0.5,,0.438708158741744,0.0040978070452527,42,256,D:\core-tfm\results\core_tfm_submission_full_v1\multi_seed\seed_42_train_256
anneal,tabiclv2,1,pool_only,geometric,1.0,,0.4387081587417442,0.0040978070452527,42,256,D:\core-tfm\results\core_tfm_submission_full_v1\multi_seed\seed_42_train_256
anneal,tabiclv2,1,repair_only,soft,1.0,0.03,0.4387908375837179,0.0040320487166824,42,256,D:\core-tfm\results\core_tfm_submission_full_v1\multi_seed\seed_42_train_256
anneal,tabiclv2,1,full,j1,0.5,,0.438708158741744,0.0040978070452527,42,256,D:\core-tfm\results\core_tfm_submission_full_v1\multi_seed\seed_42_train_256
anneal,tabiclv2,2,raw_only,j2,0.5,,0.3168167273161265,0.0129518301260054,42,256,D:\core-tfm\results\core_tfm_submission_full_v1\multi_seed\seed_42_train_256
anneal,tabiclv2,2,pool_only,geometric,0.0,,0.3168167273161265,0.0129518301260054,42,256,D:\core-tfm\results\core_tfm_submission_full_v1\multi_seed\seed_42_train_256
anneal,tabiclv2,2,repair_only,hard,0.0,,0.3126918538677948,9.8113911724799e-14,42,256,D:\core-tfm\results\core_tfm_submission_full_v1\multi_seed\seed_42_train_256
anneal,tabiclv2,2,full,hard,0.0,,0.3126918538677948,9.8113911724799e-14,42,256,D:\core-tfm\results\core_tfm_submission_full_v1\multi_seed\seed_42_train_256
anneal,tabiclv2,3,raw_only,j1,0.5,,0.2253668841624876,0.0053193759648817,42,256,D:\core-tfm\results\core_tfm_submission_full_v1\multi_seed\seed_42_train_256
anneal,tabiclv2,3,pool_only,geometric,1.0,,0.2253668841624876,0.0053193759648817,42,256,D:\core-tfm\results\core_tfm_submission_full_v1\multi_seed\seed_42_train_256
anneal,tabiclv2,3,repair_only,soft,1.0,0.03,0.2252206501984198,0.0052165525629813,42,256,D:\core-tfm\results\core_tfm_submission_full_v1\multi_seed\seed_42_train_256
anneal,tabiclv2,3,full,j1,0.5,,0.2253668841624876,0.0053193759648817,42,256,D:\core-tfm\results\core_tfm_submission_full_v1\multi_seed\seed_42_train_256
anneal,tabiclv2,4,raw_only,j2,0.5,,0.4931053308495901,0.006438038818197,42,256,D:\core-tfm\results\core_tfm_submission_full_v1\multi_seed\seed_42_train_256
anneal,tabiclv2,4,pool_only,geometric,0.0,,0.4931053308495901,0.006438038818197,42,256,D:\core-tfm\results\core_tfm_submission_full_v1\multi_seed\seed_42_train_256
anneal,tabiclv2,4,repair_only,soft,0.0,0.03,0.4933353375427907,0.0062831563693609,42,256,D:\core-tfm\results\core_tfm_submission_full_v1\multi_seed\seed_42_train_256
anneal,tabiclv2,4,full,j2,0.5,,0.4931053308495901,0.006438038818197,42,256,D:\core-tfm\results\core_tfm_submission_full_v1\multi_seed\seed_42_train_256
anneal,tabiclv2,5,raw_only,j2,0.5,,0.2938607211061036,0.0133114391103122,42,256,D:\core-tfm\results\core_tfm_submission_full_v1\multi_seed\seed_42_train_256
anneal,tabiclv2,5,pool_only,geometric,0.0,,0.2938607211061036,0.0133114391103122,42,256,D:\core-tfm\results\core_tfm_submission_full_v1\multi_seed\seed_42_train_256
anneal,tabiclv2,5,repair_only,soft,0.0,0.03,0.294335721930082,0.0129460753779697,42,256,D:\core-tfm\results\core_tfm_submission_full_v1\multi_seed\seed_42_train_256
anneal,tabiclv2,5,full,j2,0.5,,0.2938607211061036,0.0133114391103122,42,256,D:\core-tfm\results\core_tfm_submission_full_v1\multi_seed\seed_42_train_256
anneal,tabpfn3,1,raw_only,j1,0.5,,0.4365049621897715,0.0041516445674332,42,256,D:\core-tfm\results\core_tfm_submission_full_v1\multi_seed\seed_42_train_256
anneal,tabpfn3,1,pool_only,geometric,1.0,,0.4365049621897715,0.0041516445674332,42,256,D:\core-tfm\results\core_tfm_submission_full_v1\multi_seed\seed_42_train_256
anneal,tabpfn3,1,repair_only,soft,1.0,0.03,0.4367295293370077,0.0040917734813525,42,256,D:\core-tfm\results\core_tfm_submission_full_v1\multi_seed\seed_42_train_256
anneal,tabpfn3,1,full,j1,0.5,,0.4365049621897715,0.0041516445674332,42,256,D:\core-tfm\results\core_tfm_submission_full_v1\multi_seed\seed_42_train_256
anneal,tabpfn3,2,raw_only,j1,0.5,,0.3407013552487641,0.0054335695365171,42,256,D:\core-tfm\results\core_tfm_submission_full_v1\multi_seed\seed_42_train_256
anneal,tabpfn3,2,pool_only,geometric,0.5,,0.3406617468009643,0.008078047568542,42,256,D:\core-tfm\results\core_tfm_submission_full_v1\multi_seed\seed_42_train_256
anneal,tabpfn3,2,repair_only,hard,0.0,,0.3467804475164728,1.4475551295925217e-13,42,256,D:\core-tfm\results\core_tfm_submission_full_v1\multi_seed\seed_42_train_256
anneal,tabpfn3,2,full,hard,0.0,,0.3467804475164728,1.4475551295925217e-13,42,256,D:\core-tfm\results\core_tfm_submission_full_v1\multi_seed\seed_42_train_256
anneal,tabpfn3,3,raw_only,j1,0.5,,0.2433591937316211,0.0047740142401068,42,256,D:\core-tfm\results\core_tfm_submission_full_v1\multi_seed\seed_42_train_256
anneal,tabpfn3,3,pool_only,geometric,1.0,,0.2433591937316211,0.0047740142401068,42,256,D:\core-tfm\results\core_tfm_submission_full_v1\multi_seed\seed_42_train_256
anneal,tabpfn3,3,repair_only,soft,1.0,0.1,0.2435147331824899,0.0044564609012898,42,256,D:\core-tfm\results\core_tfm_submission_full_v1\multi_seed\seed_42_train_256
anneal,tabpfn3,3,full,soft,1.0,0.1,0.2435147331824899,0.0044564609012898,42,256,D:\core-tfm\results\core_tfm_submission_full_v1\multi_seed\seed_42_train_256
anneal,tabpfn3,4,raw_only,j2,0.5,,0.4960988358406553,0.0119386545228732,42,256,D:\core-tfm\results\core_tfm_submission_full_v1\multi_seed\seed_42_train_256
anneal,tabpfn3,4,pool_only,geometric,0.5,,0.5087827371153627,0.0092225070578289,42,256,D:\core-tfm\results\core_tfm_submission_full_v1\multi_seed\seed_42_train_256
anneal,tabpfn3,4,repair_only,soft,0.0,3.0,0.5121798902405121,0.0049616723522734,42,256,D:\core-tfm\results\core_tfm_submission_full_v1\multi_seed\seed_42_train_256
anneal,tabpfn3,4,full,soft,0.0,3.0,0.5121798902405121,0.0049616723522734,42,256,D:\core-tfm\results\core_tfm_submission_full_v1\multi_seed\seed_42_train_256
anneal,tabpfn3,5,raw_only,j2,0.5,,0.2972443789975695,0.0055098121202737,42,256,D:\core-tfm\results\core_tfm_submission_full_v1\multi_seed\seed_42_train_256
anneal,tabpfn3,5,pool_only,geometric,0.0,,0.2972443789975695,0.0055098121202737,42,256,D:\core-tfm\results\core_tfm_submission_full_v1\multi_seed\seed_42_train_256
anneal,tabpfn3,5,repair_only,hard,0.0,,0.3112963097070347,5.963588750464601e-14,42,256,D:\core-tfm\results\core_tfm_submission_full_v1\multi_seed\seed_42_train_256
anneal,tabpfn3,5,full,hard,0.0,,0.3112963097070347,5.963588750464601e-14,42,256,D:\core-tfm\results\core_tfm_submission_full_v1\multi_seed\seed_42_train_256
anneal,catboost,1,raw_only,j2,0.5,,0.86874054706974,0.0412362485896041,42,256,D:\core-tfm\results\core_tfm_submission_full_v1\multi_seed\seed_42_train_256
anneal,catboost,1,pool_only,geometric,0.0,,0.8687405470697401,0.0412362485896041,42,256,D:\core-tfm\results\core_tfm_submission_full_v1\multi_seed\seed_42_train_256
anneal,catboost,1,repair_only,soft,0.0,0.03,0.8673925991755878,0.0401043962571755,42,256,D:\core-tfm\results\core_tfm_submission_full_v1\multi_seed\seed_42_train_256
anneal,catboost,1,full,j2,0.5,,0.86874054706974,0.0412362485896041,42,256,D:\core-tfm\results\core_tfm_submission_full_v1\multi_seed\seed_42_train_256
anneal,catboost,2,raw_only,j2,0.5,,0.8583225062587453,0.0248495009259558,42,256,D:\core-tfm\results\core_tfm_submission_full_v1\multi_seed\seed_42_train_256
anneal,catboost,2,pool_only,geometric,0.0,,0.8583225062587452,0.0248495009259558,42,256,D:\core-tfm\results\core_tfm_submission_full_v1\multi_seed\seed_42_train_256
anneal,catboost,2,repair_only,soft,0.0,0.03,0.8564101435361096,0.0240943525675118,42,256,D:\core-tfm\results\core_tfm_submission_full_v1\multi_seed\seed_42_train_256
anneal,catboost,2,full,j2,0.5,,0.8583225062587453,0.0248495009259558,42,256,D:\core-tfm\results\core_tfm_submission_full_v1\multi_seed\seed_42_train_256
anneal,catboost,3,raw_only,j2,0.5,,0.7320461708487092,0.0286782974926906,42,256,D:\core-tfm\results\core_tfm_submission_full_v1\multi_seed\seed_42_train_256
anneal,catboost,3,pool_only,geometric,0.0,,0.732046170848709,0.0286782974926906,42,256,D:\core-tfm\results\core_tfm_submission_full_v1\multi_seed\seed_42_train_256
anneal,catboost,3,repair_only,soft,0.0,0.03,0.7314829087623627,0.0279575225876382,42,256,D:\core-tfm\results\core_tfm_submission_full_v1\multi_seed\seed_42_train_256
anneal,catboost,3,full,j2,0.5,,0.7320461708487092,0.0286782974926906,42,256,D:\core-tfm\results\core_tfm_submission_full_v1\multi_seed\seed_42_train_256
anneal,catboost,4,raw_only,j2,0.5,,1.0726544986063558,0.0512166602243996,42,256,D:\core-tfm\results\core_tfm_submission_full_v1\multi_seed\seed_42_train_256
anneal,catboost,4,pool_only,geometric,0.0,,1.072654498606356,0.0512166602243996,42,256,D:\core-tfm\results\core_tfm_submission_full_v1\multi_seed\seed_42_train_256
anneal,catboost,4,repair_only,soft,0.0,0.03,1.0702239651072183,0.0497847307491903,42,256,D:\core-tfm\results\core_tfm_submission_full_v1\multi_seed\seed_42_train_256
anneal,catboost,4,full,j2,0.5,,1.0726544986063558,0.0512166602243996,42,256,D:\core-tfm\results\core_tfm_submission_full_v1\multi_seed\seed_42_train_256
anneal,catboost,5,raw_only,j1,0.5,,0.9381348908842498,0.0119247671977338,42,256,D:\core-tfm\results\core_tfm_submission_full_v1\multi_seed\seed_42_train_256
anneal,catboost,5,pool_only,geometric,1.0,,0.9381348908842498,0.0119247671977338,42,256,D:\core-tfm\results\core_tfm_submission_full_v1\multi_seed\seed_42_train_256
anneal,catboost,5,repair_only,hard,0.0,,0.9421155888371072,5.393228181757581e-17,42,256,D:\core-tfm\results\core_tfm_submission_full_v1\multi_seed\seed_42_train_256
anneal,catboost,5,full,hard,0.0,,0.9421155888371072,5.393228181757581e-17,42,256,D:\core-tfm\results\core_tfm_submission_full_v1\multi_seed\seed_42_train_256
diamonds,tabiclv2,1,raw_only,j1,0.5,,2.168213947716314,0.02835344698325,42,256,D:\core-tfm\results\core_tfm_submission_full_v1\multi_seed\seed_42_train_256
diamonds,tabiclv2,1,pool_only,arithmetic,0.5,,2.12811744758772,0.0390223892852903,42,256,D:\core-tfm\results\core_tfm_submission_full_v1\multi_seed\seed_42_train_256
diamonds,tabiclv2,1,repair_only,soft,0.75,0.03,2.145710671313497,0.0330557636843266,42,256,D:\core-tfm\results\core_tfm_submission_full_v1\multi_seed\seed_42_train_256
diamonds,tabiclv2,1,full,arithmetic,0.5,,2.12811744758772,0.0390223892852903,42,256,D:\core-tfm\results\core_tfm_submission_full_v1\multi_seed\seed_42_train_256
diamonds,tabiclv2,2,raw_only,j1,0.5,,2.135969588440208,0.0282210016212514,42,256,D:\core-tfm\results\core_tfm_submission_full_v1\multi_seed\seed_42_train_256
diamonds,tabiclv2,2,pool_only,geometric,1.0,,2.135969588440208,0.0282210016212514,42,256,D:\core-tfm\results\core_tfm_submission_full_v1\multi_seed\seed_42_train_256
diamonds,tabiclv2,2,repair_only,soft,1.0,0.03,2.13450480674649,0.0274587589563108,42,256,D:\core-tfm\results\core_tfm_submission_full_v1\multi_seed\seed_42_train_256
diamonds,tabiclv2,2,full,geometric,1.0,,2.135969588440208,0.0282210016212514,42,256,D:\core-tfm\results\core_tfm_submission_full_v1\multi_seed\seed_42_train_256
diamonds,tabiclv2,3,raw_only,j2,0.5,,2.347425314351042,0.067960982607569,42,256,D:\core-tfm\results\core_tfm_submission_full_v1\multi_seed\seed_42_train_256
diamonds,tabiclv2,3,pool_only,geometric,0.5,,2.287105076016202,0.0483039826648656,42,256,D:\core-tfm\results\core_tfm_submission_full_v1\multi_seed\seed_42_train_256
diamonds,tabiclv2,3,repair_only,soft,0.25,0.3,2.29582878389286,0.0444597713993688,42,256,D:\core-tfm\results\core_tfm_submission_full_v1\multi_seed\seed_42_train_256
diamonds,tabiclv2,3,full,soft,0.25,0.3,2.29582878389286,0.0444597713993688,42,256,D:\core-tfm\results\core_tfm_submission_full_v1\multi_seed\seed_42_train_256
diamonds,tabiclv2,4,raw_only,j2,0.5,,2.133777187820383,0.059567943824475,42,256,D:\core-tfm\results\core_tfm_submission_full_v1\multi_seed\seed_42_train_256
diamonds,tabiclv2,4,pool_only,geometric,0.25,,2.1235031871306145,0.0507952486896656,42,256,D:\core-tfm\results\core_tfm_submission_full_v1\multi_seed\seed_42_train_256
diamonds,tabiclv2,4,repair_only,soft,0.25,0.03,2.1234014942694595,0.0492885980359865,42,256,D:\core-tfm\results\core_tfm_submission_full_v1\multi_seed\seed_42_train_256
diamonds,tabiclv2,4,full,soft,0.25,0.03,2.1234014942694595,0.0492885980359865,42,256,D:\core-tfm\results\core_tfm_submission_full_v1\multi_seed\seed_42_train_256
diamonds,tabiclv2,5,raw_only,j1,0.5,,2.2433695534467355,0.025915653952644,42,256,D:\core-tfm\results\core_tfm_submission_full_v1\multi_seed\seed_42_train_256
diamonds,tabiclv2,5,pool_only,geometric,1.0,,2.243369553446736,0.025915653952644,42,256,D:\core-tfm\results\core_tfm_submission_full_v1\multi_seed\seed_42_train_256
diamonds,tabiclv2,5,repair_only,soft,1.0,0.03,2.2432366601865388,0.0251660061979504,42,256,D:\core-tfm\results\core_tfm_submission_full_v1\multi_seed\seed_42_train_256
diamonds,tabiclv2,5,full,j1,0.5,,2.2433695534467355,0.025915653952644,42,256,D:\core-tfm\results\core_tfm_submission_full_v1\multi_seed\seed_42_train_256
diamonds,tabpfn3,1,raw_only,j2,0.5,,2.1451253513244035,0.0297336433269165,42,256,D:\core-tfm\results\core_tfm_submission_full_v1\multi_seed\seed_42_train_256
diamonds,tabpfn3,1,pool_only,geometric,0.25,,2.1403806313976736,0.0257666715150822,42,256,D:\core-tfm\results\core_tfm_submission_full_v1\multi_seed\seed_42_train_256
diamonds,tabpfn3,1,repair_only,hard,1.0,,2.1484597906071103,1.5048230348657082e-14,42,256,D:\core-tfm\results\core_tfm_submission_full_v1\multi_seed\seed_42_train_256
diamonds,tabpfn3,1,full,hard,1.0,,2.1484597906071103,1.5048230348657082e-14,42,256,D:\core-tfm\results\core_tfm_submission_full_v1\multi_seed\seed_42_train_256
diamonds,tabpfn3,2,raw_only,j2,0.5,,2.1752840509383207,0.0203492530027546,42,256,D:\core-tfm\results\core_tfm_submission_full_v1\multi_seed\seed_42_train_256
diamonds,tabpfn3,2,pool_only,geometric,0.25,,2.1757982986183064,0.0190899314879032,42,256,D:\core-tfm\results\core_tfm_submission_full_v1\multi_seed\seed_42_train_256
diamonds,tabpfn3,2,repair_only,hard,1.0,,2.172766913534748,2.3809426846037136e-13,42,256,D:\core-tfm\results\core_tfm_submission_full_v1\multi_seed\seed_42_train_256
diamonds,tabpfn3,2,full,hard,1.0,,2.172766913534748,2.3809426846037136e-13,42,256,D:\core-tfm\results\core_tfm_submission_full_v1\multi_seed\seed_42_train_256
diamonds,tabpfn3,3,raw_only,j1,0.5,,2.293737261996441,0.0128303340707683,42,256,D:\core-tfm\results\core_tfm_submission_full_v1\multi_seed\seed_42_train_256
diamonds,tabpfn3,3,pool_only,geometric,0.5,,2.325998910645445,0.0197918444193357,42,256,D:\core-tfm\results\core_tfm_submission_full_v1\multi_seed\seed_42_train_256
diamonds,tabpfn3,3,repair_only,hard,1.0,,2.3025723978573263,4.657494914117116e-14,42,256,D:\core-tfm\results\core_tfm_submission_full_v1\multi_seed\seed_42_train_256
diamonds,tabpfn3,3,full,hard,1.0,,2.3025723978573263,4.657494914117116e-14,42,256,D:\core-tfm\results\core_tfm_submission_full_v1\multi_seed\seed_42_train_256
diamonds,tabpfn3,4,raw_only,j2,0.5,,2.2876408896608043,0.026185606957843,42,256,D:\core-tfm\results\core_tfm_submission_full_v1\multi_seed\seed_42_train_256
diamonds,tabpfn3,4,pool_only,geometric,0.0,,2.2876408896608043,0.026185606957843,42,256,D:\core-tfm\results\core_tfm_submission_full_v1\multi_seed\seed_42_train_256
diamonds,tabpfn3,4,repair_only,soft,0.0,1.0,2.267188042389406,0.0132986849057273,42,256,D:\core-tfm\results\core_tfm_submission_full_v1\multi_seed\seed_42_train_256
diamonds,tabpfn3,4,full,soft,0.0,1.0,2.267188042389406,0.0132986849057273,42,256,D:\core-tfm\results\core_tfm_submission_full_v1\multi_seed\seed_42_train_256
diamonds,tabpfn3,5,raw_only,j2,0.5,,2.319940146588773,0.0257549704803424,42,256,D:\core-tfm\results\core_tfm_submission_full_v1\multi_seed\seed_42_train_256
diamonds,tabpfn3,5,pool_only,geometric,0.0,,2.319940146588773,0.0257549704803424,42,256,D:\core-tfm\results\core_tfm_submission_full_v1\multi_seed\seed_42_train_256
diamonds,tabpfn3,5,repair_only,soft,0.0,0.03,2.32091571470283,0.0250800436383182,42,256,D:\core-tfm\results\core_tfm_submission_full_v1\multi_seed\seed_42_train_256
diamonds,tabpfn3,5,full,j2,0.5,,2.319940146588773,0.0257549704803424,42,256,D:\core-tfm\results\core_tfm_submission_full_v1\multi_seed\seed_42_train_256
diamonds,catboost,1,raw_only,j1,0.5,,2.6865818861872475,0.022065998496744,42,256,D:\core-tfm\results\core_tfm_submission_full_v1\multi_seed\seed_42_train_256
diamonds,catboost,1,pool_only,geometric,0.75,,2.676942175632444,0.0259520030040918,42,256,D:\core-tfm\results\core_tfm_submission_full_v1\multi_seed\seed_42_train_256
diamonds,catboost,1,repair_only,soft,0.75,0.03,2.676140280089536,0.0251907395250033,42,256,D:\core-tfm\results\core_tfm_submission_full_v1\multi_seed\seed_42_train_256
diamonds,catboost,1,full,geometric,0.75,,2.676942175632444,0.0259520030040918,42,256,D:\core-tfm\results\core_tfm_submission_full_v1\multi_seed\seed_42_train_256
diamonds,catboost,2,raw_only,j1,0.5,,2.7167475554705534,0.0221134538057358,42,256,D:\core-tfm\results\core_tfm_submission_full_v1\multi_seed\seed_42_train_256
diamonds,catboost,2,pool_only,geometric,0.75,,2.7025646121092604,0.0229877895664057,42,256,D:\core-tfm\results\core_tfm_submission_full_v1\multi_seed\seed_42_train_256
diamonds,catboost,2,repair_only,soft,0.75,0.03,2.7018058508866547,0.0223095861849104,42,256,D:\core-tfm\results\core_tfm_submission_full_v1\multi_seed\seed_42_train_256
diamonds,catboost,2,full,geometric,0.75,,2.7025646121092604,0.0229877895664057,42,256,D:\core-tfm\results\core_tfm_submission_full_v1\multi_seed\seed_42_train_256
diamonds,catboost,3,raw_only,j2,0.5,,2.784259337348531,0.0289130310102028,42,256,D:\core-tfm\results\core_tfm_submission_full_v1\multi_seed\seed_42_train_256
diamonds,catboost,3,pool_only,geometric,0.5,,2.781683544545558,0.0240536245442205,42,256,D:\core-tfm\results\core_tfm_submission_full_v1\multi_seed\seed_42_train_256
diamonds,catboost,3,repair_only,hard,1.0,,2.777009793152246,3.4757671729928475e-14,42,256,D:\core-tfm\results\core_tfm_submission_full_v1\multi_seed\seed_42_train_256
diamonds,catboost,3,full,hard,1.0,,2.777009793152246,3.4757671729928475e-14,42,256,D:\core-tfm\results\core_tfm_submission_full_v1\multi_seed\seed_42_train_256
diamonds,catboost,4,raw_only,j2,0.5,,2.8508326356943985,0.0366529075145143,42,256,D:\core-tfm\results\core_tfm_submission_full_v1\multi_seed\seed_42_train_256
diamonds,catboost,4,pool_only,geometric,0.0,,2.8508326356943985,0.0366529075145143,42,256,D:\core-tfm\results\core_tfm_submission_full_v1\multi_seed\seed_42_train_256
diamonds,catboost,4,repair_only,soft,0.0,1.0,2.84450115949078,0.0187929933797958,42,256,D:\core-tfm\results\core_tfm_submission_full_v1\multi_seed\seed_42_train_256
diamonds,catboost,4,full,soft,0.0,1.0,2.84450115949078,0.0187929933797958,42,256,D:\core-tfm\results\core_tfm_submission_full_v1\multi_seed\seed_42_train_256
diamonds,catboost,5,raw_only,j2,0.5,,2.8353499253409105,0.0396031841243969,42,256,D:\core-tfm\results\core_tfm_submission_full_v1\multi_seed\seed_42_train_256
diamonds,catboost,5,pool_only,geometric,0.5,,2.8426480616085783,0.0295066827166293,42,256,D:\core-tfm\results\core_tfm_submission_full_v1\multi_seed\seed_42_train_256
diamonds,catboost,5,repair_only,hard,1.0,,2.8625998033013165,9.201444266899658e-15,42,256,D:\core-tfm\results\core_tfm_submission_full_v1\multi_seed\seed_42_train_256
diamonds,catboost,5,full,hard,1.0,,2.8625998033013165,9.201444266899658e-15,42,256,D:\core-tfm\results\core_tfm_submission_full_v1\multi_seed\seed_42_train_256
car,tabiclv2,1,raw_only,j1,0.5,,1.3068148162797115,0.0343721713521334,42,256,D:\core-tfm\results\core_tfm_submission_full_v1\multi_seed\seed_42_train_256
car,tabiclv2,1,pool_only,geometric,0.75,,1.30681760180878,0.037452171093692,42,256,D:\core-tfm\results\core_tfm_submission_full_v1\multi_seed\seed_42_train_256
car,tabiclv2,1,repair_only,soft,0.75,0.03,1.306649571132291,0.0370030501474559,42,256,D:\core-tfm\results\core_tfm_submission_full_v1\multi_seed\seed_42_train_256
car,tabiclv2,1,full,geometric,0.75,,1.30681760180878,0.037452171093692,42,256,D:\core-tfm\results\core_tfm_submission_full_v1\multi_seed\seed_42_train_256
car,tabiclv2,2,raw_only,j1,0.5,,1.260422400301904,0.0279059986191674,42,256,D:\core-tfm\results\core_tfm_submission_full_v1\multi_seed\seed_42_train_256
car,tabiclv2,2,pool_only,arithmetic,0.5,,1.2646106644725983,0.0322536691067972,42,256,D:\core-tfm\results\core_tfm_submission_full_v1\multi_seed\seed_42_train_256
car,tabiclv2,2,repair_only,soft,0.0,1.0,1.2787427355747558,0.0273324653948124,42,256,D:\core-tfm\results\core_tfm_submission_full_v1\multi_seed\seed_42_train_256
car,tabiclv2,2,full,arithmetic,0.5,,1.2646106644725983,0.0322536691067972,42,256,D:\core-tfm\results\core_tfm_submission_full_v1\multi_seed\seed_42_train_256
car,tabiclv2,3,raw_only,j1,0.5,,1.2231022890288528,0.036016718557736,42,256,D:\core-tfm\results\core_tfm_submission_full_v1\multi_seed\seed_42_train_256
car,tabiclv2,3,pool_only,arithmetic,0.5,,1.2645292210798016,0.0345832755018942,42,256,D:\core-tfm\results\core_tfm_submission_full_v1\multi_seed\seed_42_train_256
car,tabiclv2,3,repair_only,soft,0.5,1.0,1.2692498504573295,0.0282044298809181,42,256,D:\core-tfm\results\core_tfm_submission_full_v1\multi_seed\seed_42_train_256
car,tabiclv2,3,full,soft,0.5,1.0,1.2692498504573295,0.0282044298809181,42,256,D:\core-tfm\results\core_tfm_submission_full_v1\multi_seed\seed_42_train_256
car,tabiclv2,4,raw_only,j2,0.5,,1.2782654757135528,0.0355144779508892,42,256,D:\core-tfm\results\core_tfm_submission_full_v1\multi_seed\seed_42_train_256
car,tabiclv2,4,pool_only,geometric,0.25,,1.2603351408777377,0.0345954325725612,42,256,D:\core-tfm\results\core_tfm_submission_full_v1\multi_seed\seed_42_train_256
car,tabiclv2,4,repair_only,soft,0.25,0.03,1.2602758432038423,0.0340806851573758,42,256,D:\core-tfm\results\core_tfm_submission_full_v1\multi_seed\seed_42_train_256
car,tabiclv2,4,full,geometric,0.25,,1.2603351408777377,0.0345954325725612,42,256,D:\core-tfm\results\core_tfm_submission_full_v1\multi_seed\seed_42_train_256
car,tabiclv2,5,raw_only,j2,0.5,,1.3133076968855617,0.0415235575309836,42,256,D:\core-tfm\results\core_tfm_submission_full_v1\multi_seed\seed_42_train_256
car,tabiclv2,5,pool_only,geometric,0.25,,1.2806223401652768,0.0408279913087448,42,256,D:\core-tfm\results\core_tfm_submission_full_v1\multi_seed\seed_42_train_256
car,tabiclv2,5,repair_only,soft,0.25,0.03,1.279619026988613,0.0402911294248144,42,256,D:\core-tfm\results\core_tfm_submission_full_v1\multi_seed\seed_42_train_256
car,tabiclv2,5,full,geometric,0.25,,1.2806223401652768,0.0408279913087448,42,256,D:\core-tfm\results\core_tfm_submission_full_v1\multi_seed\seed_42_train_256
car,tabpfn3,1,raw_only,j1,0.5,,1.307831130398878,0.0399305183761737,42,256,D:\core-tfm\results\core_tfm_submission_full_v1\multi_seed\seed_42_train_256
car,tabpfn3,1,pool_only,geometric,0.75,,1.3124238099656689,0.0407479036086848,42,256,D:\core-tfm\results\core_tfm_submission_full_v1\multi_seed\seed_42_train_256
car,tabpfn3,1,repair_only,soft,0.75,0.03,1.3123181799112988,0.0402929708406571,42,256,D:\core-tfm\results\core_tfm_submission_full_v1\multi_seed\seed_42_train_256
car,tabpfn3,1,full,geometric,0.75,,1.3124238099656689,0.0407479036086848,42,256,D:\core-tfm\results\core_tfm_submission_full_v1\multi_seed\seed_42_train_256
car,tabpfn3,2,raw_only,j2,0.5,,1.3377037587754577,0.0247751774135356,42,256,D:\core-tfm\results\core_tfm_submission_full_v1\multi_seed\seed_42_train_256
car,tabpfn3,2,pool_only,arithmetic,0.5,,1.3035463242895526,0.0260156020788579,42,256,D:\core-tfm\results\core_tfm_submission_full_v1\multi_seed\seed_42_train_256
car,tabpfn3,2,repair_only,soft,0.0,3.0,1.3333606514510954,0.0125113530365061,42,256,D:\core-tfm\results\core_tfm_submission_full_v1\multi_seed\seed_42_train_256
car,tabpfn3,2,full,arithmetic,0.5,,1.3035463242895526,0.0260156020788579,42,256,D:\core-tfm\results\core_tfm_submission_full_v1\multi_seed\seed_42_train_256
car,tabpfn3,3,raw_only,j1,0.5,,1.2344757133655326,0.0388367072905461,42,256,D:\core-tfm\results\core_tfm_submission_full_v1\multi_seed\seed_42_train_256
car,tabpfn3,3,pool_only,geometric,0.5,,1.286989024238287,0.040080253887854,42,256,D:\core-tfm\results\core_tfm_submission_full_v1\multi_seed\seed_42_train_256
car,tabpfn3,3,repair_only,soft,0.75,1.0,1.2767832543001632,0.0309548763023002,42,256,D:\core-tfm\results\core_tfm_submission_full_v1\multi_seed\seed_42_train_256
car,tabpfn3,3,full,soft,0.75,1.0,1.2767832543001632,0.0309548763023002,42,256,D:\core-tfm\results\core_tfm_submission_full_v1\multi_seed\seed_42_train_256
car,tabpfn3,4,raw_only,j2,0.5,,1.3220220482750962,0.0347352096650635,42,256,D:\core-tfm\results\core_tfm_submission_full_v1\multi_seed\seed_42_train_256
car,tabpfn3,4,pool_only,geometric,0.25,,1.2844109767350482,0.0362646694422372,42,256,D:\core-tfm\results\core_tfm_submission_full_v1\multi_seed\seed_42_train_256
car,tabpfn3,4,repair_only,hard,1.0,,1.294771229966675,1.9479242009990929e-13,42,256,D:\core-tfm\results\core_tfm_submission_full_v1\multi_seed\seed_42_train_256
car,tabpfn3,4,full,hard,1.0,,1.294771229966675,1.9479242009990929e-13,42,256,D:\core-tfm\results\core_tfm_submission_full_v1\multi_seed\seed_42_train_256
car,tabpfn3,5,raw_only,j1,0.5,,1.244903575248991,0.0373499469041682,42,256,D:\core-tfm\results\core_tfm_submission_full_v1\multi_seed\seed_42_train_256
car,tabpfn3,5,pool_only,geometric,0.5,,1.264438588060437,0.0407985686841632,42,256,D:\core-tfm\results\core_tfm_submission_full_v1\multi_seed\seed_42_train_256
car,tabpfn3,5,repair_only,soft,0.5,0.1,1.2638892228936751,0.0392236280186931,42,256,D:\core-tfm\results\core_tfm_submission_full_v1\multi_seed\seed_42_train_256
car,tabpfn3,5,full,soft,0.5,0.1,1.2638892228936751,0.0392236280186931,42,256,D:\core-tfm\results\core_tfm_submission_full_v1\multi_seed\seed_42_train_256
car,catboost,1,raw_only,j1,0.5,,1.588270437699967,0.0238944540160489,42,256,D:\core-tfm\results\core_tfm_submission_full_v1\multi_seed\seed_42_train_256
car,catboost,1,pool_only,geometric,1.0,,1.588270437699967,0.0238944540160489,42,256,D:\core-tfm\results\core_tfm_submission_full_v1\multi_seed\seed_42_train_256
car,catboost,1,repair_only,hard,0.5,,1.5988843636478494,5.016111529235987e-13,42,256,D:\core-tfm\results\core_tfm_submission_full_v1\multi_seed\seed_42_train_256
car,catboost,1,full,hard,0.5,,1.5988843636478494,5.016111529235987e-13,42,256,D:\core-tfm\results\core_tfm_submission_full_v1\multi_seed\seed_42_train_256
car,catboost,2,raw_only,j1,0.5,,1.5889965690309105,0.0224568194776223,42,256,D:\core-tfm\results\core_tfm_submission_full_v1\multi_seed\seed_42_train_256
car,catboost,2,pool_only,geometric,1.0,,1.5889965690309105,0.0224568194776223,42,256,D:\core-tfm\results\core_tfm_submission_full_v1\multi_seed\seed_42_train_256
car,catboost,2,repair_only,soft,1.0,10.0,1.5577027301650117,0.0031208111317036,42,256,D:\core-tfm\results\core_tfm_submission_full_v1\multi_seed\seed_42_train_256
car,catboost,2,full,soft,1.0,10.0,1.5577027301650117,0.0031208111317036,42,256,D:\core-tfm\results\core_tfm_submission_full_v1\multi_seed\seed_42_train_256
car,catboost,3,raw_only,j2,0.5,,1.7376805320460422,0.0484874444292393,42,256,D:\core-tfm\results\core_tfm_submission_full_v1\multi_seed\seed_42_train_256
car,catboost,3,pool_only,geometric,0.0,,1.7376805320460422,0.0484874444292394,42,256,D:\core-tfm\results\core_tfm_submission_full_v1\multi_seed\seed_42_train_256
car,catboost,3,repair_only,hard,1.0,,1.703064287213722,9.045335417094333e-13,42,256,D:\core-tfm\results\core_tfm_submission_full_v1\multi_seed\seed_42_train_256
car,catboost,3,full,hard,1.0,,1.703064287213722,9.045335417094333e-13,42,256,D:\core-tfm\results\core_tfm_submission_full_v1\multi_seed\seed_42_train_256
car,catboost,4,raw_only,j1,0.5,,1.6772655721007663,0.0140963850932021,42,256,D:\core-tfm\results\core_tfm_submission_full_v1\multi_seed\seed_42_train_256
car,catboost,4,pool_only,geometric,1.0,,1.6772655721007663,0.0140963850932021,42,256,D:\core-tfm\results\core_tfm_submission_full_v1\multi_seed\seed_42_train_256
car,catboost,4,repair_only,soft,1.0,0.1,1.6744357580154867,0.0132616683777559,42,256,D:\core-tfm\results\core_tfm_submission_full_v1\multi_seed\seed_42_train_256
car,catboost,4,full,soft,1.0,0.1,1.6744357580154867,0.0132616683777559,42,256,D:\core-tfm\results\core_tfm_submission_full_v1\multi_seed\seed_42_train_256
car,catboost,5,raw_only,j1,0.5,,1.4897780252672073,0.0179048006815519,42,256,D:\core-tfm\results\core_tfm_submission_full_v1\multi_seed\seed_42_train_256
car,catboost,5,pool_only,geometric,0.75,,1.4946085344313746,0.0223879565467463,42,256,D:\core-tfm\results\core_tfm_submission_full_v1\multi_seed\seed_42_train_256
car,catboost,5,repair_only,soft,1.0,1.0,1.488487524377324,0.0115448397866241,42,256,D:\core-tfm\results\core_tfm_submission_full_v1\multi_seed\seed_42_train_256
car,catboost,5,full,soft,1.0,1.0,1.488487524377324,0.0115448397866241,42,256,D:\core-tfm\results\core_tfm_submission_full_v1\multi_seed\seed_42_train_256
nursery,tabiclv2,1,raw_only,j1,0.5,,1.4215482234519432,0.0353160194773522,42,256,D:\core-tfm\results\core_tfm_submission_full_v1\multi_seed\seed_42_train_256
nursery,tabiclv2,1,pool_only,geometric,1.0,,1.4215482234519432,0.0353160194773522,42,256,D:\core-tfm\results\core_tfm_submission_full_v1\multi_seed\seed_42_train_256
nursery,tabiclv2,1,repair_only,soft,1.0,0.3,1.4175385889183834,0.0330456437438339,42,256,D:\core-tfm\results\core_tfm_submission_full_v1\multi_seed\seed_42_train_256
nursery,tabiclv2,1,full,soft,1.0,0.3,1.4175385889183834,0.0330456437438339,42,256,D:\core-tfm\results\core_tfm_submission_full_v1\multi_seed\seed_42_train_256
nursery,tabiclv2,2,raw_only,j1,0.5,,1.2899954307678871,0.0367381377040739,42,256,D:\core-tfm\results\core_tfm_submission_full_v1\multi_seed\seed_42_train_256
nursery,tabiclv2,2,pool_only,geometric,1.0,,1.2899954307678871,0.0367381377040739,42,256,D:\core-tfm\results\core_tfm_submission_full_v1\multi_seed\seed_42_train_256
nursery,tabiclv2,2,repair_only,soft,1.0,3.0,1.3127124604893556,0.0273698451683372,42,256,D:\core-tfm\results\core_tfm_submission_full_v1\multi_seed\seed_42_train_256
nursery,tabiclv2,2,full,soft,1.0,3.0,1.3127124604893556,0.0273698451683372,42,256,D:\core-tfm\results\core_tfm_submission_full_v1\multi_seed\seed_42_train_256
nursery,tabiclv2,3,raw_only,j1,0.5,,1.5491713202576771,0.0495944004349232,42,256,D:\core-tfm\results\core_tfm_submission_full_v1\multi_seed\seed_42_train_256
nursery,tabiclv2,3,pool_only,geometric,1.0,,1.5491713202576771,0.0495944004349232,42,256,D:\core-tfm\results\core_tfm_submission_full_v1\multi_seed\seed_42_train_256
nursery,tabiclv2,3,repair_only,soft,1.0,0.03,1.5463630190802509,0.0493345725229131,42,256,D:\core-tfm\results\core_tfm_submission_full_v1\multi_seed\seed_42_train_256
nursery,tabiclv2,3,full,j1,0.5,,1.5491713202576771,0.0495944004349232,42,256,D:\core-tfm\results\core_tfm_submission_full_v1\multi_seed\seed_42_train_256
nursery,tabiclv2,4,raw_only,j1,0.5,,1.3225205197985936,0.0414852445180854,42,256,D:\core-tfm\results\core_tfm_submission_full_v1\multi_seed\seed_42_train_256
nursery,tabiclv2,4,pool_only,geometric,0.5,,1.297573443976817,0.045280728872388,42,256,D:\core-tfm\results\core_tfm_submission_full_v1\multi_seed\seed_42_train_256
nursery,tabiclv2,4,repair_only,soft,1.0,10.0,1.312827418753806,0.0263739852261953,42,256,D:\core-tfm\results\core_tfm_submission_full_v1\multi_seed\seed_42_train_256
nursery,tabiclv2,4,full,soft,1.0,10.0,1.312827418753806,0.0263739852261953,42,256,D:\core-tfm\results\core_tfm_submission_full_v1\multi_seed\seed_42_train_256
nursery,tabiclv2,5,raw_only,j1,0.5,,1.33477852219951,0.0353741757635687,42,256,D:\core-tfm\results\core_tfm_submission_full_v1\multi_seed\seed_42_train_256
nursery,tabiclv2,5,pool_only,geometric,1.0,,1.33477852219951,0.0353741757635687,42,256,D:\core-tfm\results\core_tfm_submission_full_v1\multi_seed\seed_42_train_256
nursery,tabiclv2,5,repair_only,soft,1.0,0.03,1.3346923895934784,0.0351673967714774,42,256,D:\core-tfm\results\core_tfm_submission_full_v1\multi_seed\seed_42_train_256
nursery,tabiclv2,5,full,j1,0.5,,1.33477852219951,0.0353741757635687,42,256,D:\core-tfm\results\core_tfm_submission_full_v1\multi_seed\seed_42_train_256
nursery,tabpfn3,1,raw_only,j1,0.5,,1.4025005631317276,0.0322400510301496,42,256,D:\core-tfm\results\core_tfm_submission_full_v1\multi_seed\seed_42_train_256
nursery,tabpfn3,1,pool_only,geometric,1.0,,1.4025005631317276,0.0322400510301496,42,256,D:\core-tfm\results\core_tfm_submission_full_v1\multi_seed\seed_42_train_256
nursery,tabpfn3,1,repair_only,soft,1.0,0.03,1.4029431703085646,0.0319826694262521,42,256,D:\core-tfm\results\core_tfm_submission_full_v1\multi_seed\seed_42_train_256
nursery,tabpfn3,1,full,j1,0.5,,1.4025005631317276,0.0322400510301496,42,256,D:\core-tfm\results\core_tfm_submission_full_v1\multi_seed\seed_42_train_256
nursery,tabpfn3,2,raw_only,j1,0.5,,1.324368344644916,0.0302904499013302,42,256,D:\core-tfm\results\core_tfm_submission_full_v1\multi_seed\seed_42_train_256
nursery,tabpfn3,2,pool_only,geometric,1.0,,1.324368344644916,0.0302904499013302,42,256,D:\core-tfm\results\core_tfm_submission_full_v1\multi_seed\seed_42_train_256
nursery,tabpfn3,2,repair_only,soft,1.0,0.3,1.3349002483971713,0.0279900195002551,42,256,D:\core-tfm\results\core_tfm_submission_full_v1\multi_seed\seed_42_train_256
nursery,tabpfn3,2,full,soft,1.0,0.3,1.3349002483971713,0.0279900195002551,42,256,D:\core-tfm\results\core_tfm_submission_full_v1\multi_seed\seed_42_train_256
nursery,tabpfn3,3,raw_only,j1,0.5,,1.3596352324722203,0.0406528265822823,42,256,D:\core-tfm\results\core_tfm_submission_full_v1\multi_seed\seed_42_train_256
nursery,tabpfn3,3,pool_only,geometric,1.0,,1.3596352324722203,0.0406528265822823,42,256,D:\core-tfm\results\core_tfm_submission_full_v1\multi_seed\seed_42_train_256
nursery,tabpfn3,3,repair_only,soft,1.0,0.03,1.3606361700251646,0.0404567531628847,42,256,D:\core-tfm\results\core_tfm_submission_full_v1\multi_seed\seed_42_train_256
nursery,tabpfn3,3,full,j1,0.5,,1.3596352324722203,0.0406528265822823,42,256,D:\core-tfm\results\core_tfm_submission_full_v1\multi_seed\seed_42_train_256
nursery,tabpfn3,4,raw_only,j1,0.5,,1.2719125333927446,0.0299291399658449,42,256,D:\core-tfm\results\core_tfm_submission_full_v1\multi_seed\seed_42_train_256
nursery,tabpfn3,4,pool_only,geometric,1.0,,1.2719125333927446,0.0299291399658449,42,256,D:\core-tfm\results\core_tfm_submission_full_v1\multi_seed\seed_42_train_256
nursery,tabpfn3,4,repair_only,soft,1.0,0.03,1.271497620169069,0.0296982817954402,42,256,D:\core-tfm\results\core_tfm_submission_full_v1\multi_seed\seed_42_train_256
nursery,tabpfn3,4,full,j1,0.5,,1.2719125333927446,0.0299291399658449,42,256,D:\core-tfm\results\core_tfm_submission_full_v1\multi_seed\seed_42_train_256
nursery,tabpfn3,5,raw_only,j1,0.5,,1.352799770200359,0.0365174031354322,42,256,D:\core-tfm\results\core_tfm_submission_full_v1\multi_seed\seed_42_train_256
nursery,tabpfn3,5,pool_only,geometric,1.0,,1.352799770200359,0.0365174031354322,42,256,D:\core-tfm\results\core_tfm_submission_full_v1\multi_seed\seed_42_train_256
nursery,tabpfn3,5,repair_only,soft,1.0,0.03,1.3529776904494617,0.0362713160672547,42,256,D:\core-tfm\results\core_tfm_submission_full_v1\multi_seed\seed_42_train_256
nursery,tabpfn3,5,full,j1,0.5,,1.352799770200359,0.0365174031354322,42,256,D:\core-tfm\results\core_tfm_submission_full_v1\multi_seed\seed_42_train_256
nursery,catboost,1,raw_only,j2,0.5,,1.659021502747338,0.0350936616548419,42,256,D:\core-tfm\results\core_tfm_submission_full_v1\multi_seed\seed_42_train_256
nursery,catboost,1,pool_only,geometric,0.25,,1.6514690750569798,0.0345701303354541,42,256,D:\core-tfm\results\core_tfm_submission_full_v1\multi_seed\seed_42_train_256
nursery,catboost,1,repair_only,soft,1.0,3.0,1.6520050312078072,0.0241605249404501,42,256,D:\core-tfm\results\core_tfm_submission_full_v1\multi_seed\seed_42_train_256
nursery,catboost,1,full,soft,1.0,3.0,1.6520050312078072,0.0241605249404501,42,256,D:\core-tfm\results\core_tfm_submission_full_v1\multi_seed\seed_42_train_256
nursery,catboost,2,raw_only,j1,0.5,,1.5210735409616634,0.0310746426957664,42,256,D:\core-tfm\results\core_tfm_submission_full_v1\multi_seed\seed_42_train_256
nursery,catboost,2,pool_only,geometric,0.75,,1.5232381573486524,0.0321944951745705,42,256,D:\core-tfm\results\core_tfm_submission_full_v1\multi_seed\seed_42_train_256
nursery,catboost,2,repair_only,soft,1.0,1.0,1.5305499532048046,0.0259302379847497,42,256,D:\core-tfm\results\core_tfm_submission_full_v1\multi_seed\seed_42_train_256
nursery,catboost,2,full,soft,1.0,1.0,1.5305499532048046,0.0259302379847497,42,256,D:\core-tfm\results\core_tfm_submission_full_v1\multi_seed\seed_42_train_256
nursery,catboost,3,raw_only,j2,0.5,,1.7081680559957817,0.0364437548218009,42,256,D:\core-tfm\results\core_tfm_submission_full_v1\multi_seed\seed_42_train_256
nursery,catboost,3,pool_only,geometric,0.0,,1.7081680559957817,0.0364437548218009,42,256,D:\core-tfm\results\core_tfm_submission_full_v1\multi_seed\seed_42_train_256
nursery,catboost,3,repair_only,soft,0.0,0.03,1.7075089968414892,0.0362772848981899,42,256,D:\core-tfm\results\core_tfm_submission_full_v1\multi_seed\seed_42_train_256
nursery,catboost,3,full,soft,0.0,0.03,1.7075089968414892,0.0362772848981899,42,256,D:\core-tfm\results\core_tfm_submission_full_v1\multi_seed\seed_42_train_256
nursery,catboost,4,raw_only,j1,0.5,,1.5104105290862784,0.035242412066634,42,256,D:\core-tfm\results\core_tfm_submission_full_v1\multi_seed\seed_42_train_256
nursery,catboost,4,pool_only,geometric,0.75,,1.508063618671006,0.0346240920542901,42,256,D:\core-tfm\results\core_tfm_submission_full_v1\multi_seed\seed_42_train_256
nursery,catboost,4,repair_only,soft,0.75,1.0,1.5157416103599977,0.0261191634538641,42,256,D:\core-tfm\results\core_tfm_submission_full_v1\multi_seed\seed_42_train_256
nursery,catboost,4,full,soft,0.75,1.0,1.5157416103599977,0.0261191634538641,42,256,D:\core-tfm\results\core_tfm_submission_full_v1\multi_seed\seed_42_train_256
nursery,catboost,5,raw_only,j2,0.5,,1.5556861498234098,0.0259534808818257,42,256,D:\core-tfm\results\core_tfm_submission_full_v1\multi_seed\seed_42_train_256
nursery,catboost,5,pool_only,geometric,0.25,,1.5505098422640873,0.0270437004228544,42,256,D:\core-tfm\results\core_tfm_submission_full_v1\multi_seed\seed_42_train_256
nursery,catboost,5,repair_only,soft,0.5,3.0,1.555613321898138,0.0202357388268285,42,256,D:\core-tfm\results\core_tfm_submission_full_v1\multi_seed\seed_42_train_256
nursery,catboost,5,full,soft,0.5,3.0,1.555613321898138,0.0202357388268285,42,256,D:\core-tfm\results\core_tfm_submission_full_v1\multi_seed\seed_42_train_256
wine,tabiclv2,1,raw_only,j2,0.5,,1.0666887044753612,0.001746651362536,42,256,D:\core-tfm\results\core_tfm_submission_full_v1\multi_seed\seed_42_train_256
wine,tabiclv2,1,pool_only,geometric,0.0,,1.0666887044753612,0.0017466513625361,42,256,D:\core-tfm\results\core_tfm_submission_full_v1\multi_seed\seed_42_train_256
wine,tabiclv2,1,repair_only,soft,0.0,1.0,1.062565222473447,0.0012257999782454,42,256,D:\core-tfm\results\core_tfm_submission_full_v1\multi_seed\seed_42_train_256
wine,tabiclv2,1,full,soft,0.0,1.0,1.062565222473447,0.0012257999782454,42,256,D:\core-tfm\results\core_tfm_submission_full_v1\multi_seed\seed_42_train_256
wine,tabiclv2,2,raw_only,j1,0.5,,1.0931945677844217,0.0276431776350232,42,256,D:\core-tfm\results\core_tfm_submission_full_v1\multi_seed\seed_42_train_256
wine,tabiclv2,2,pool_only,geometric,0.75,,1.0834132140264934,0.0212519845003288,42,256,D:\core-tfm\results\core_tfm_submission_full_v1\multi_seed\seed_42_train_256
wine,tabiclv2,2,repair_only,soft,0.75,0.03,1.0827224307263887,0.020669814268807,42,256,D:\core-tfm\results\core_tfm_submission_full_v1\multi_seed\seed_42_train_256
wine,tabiclv2,2,full,geometric,0.75,,1.0834132140264934,0.0212519845003288,42,256,D:\core-tfm\results\core_tfm_submission_full_v1\multi_seed\seed_42_train_256
wine,tabiclv2,3,raw_only,j1,0.5,,1.197671442123911,0.029420897979415,42,256,D:\core-tfm\results\core_tfm_submission_full_v1\multi_seed\seed_42_train_256
wine,tabiclv2,3,pool_only,geometric,1.0,,1.197671442123911,0.029420897979415,42,256,D:\core-tfm\results\core_tfm_submission_full_v1\multi_seed\seed_42_train_256
wine,tabiclv2,3,repair_only,soft,1.0,0.03,1.1974380612140454,0.0284855553607607,42,256,D:\core-tfm\results\core_tfm_submission_full_v1\multi_seed\seed_42_train_256
wine,tabiclv2,3,full,geometric,1.0,,1.197671442123911,0.029420897979415,42,256,D:\core-tfm\results\core_tfm_submission_full_v1\multi_seed\seed_42_train_256
wine,tabiclv2,4,raw_only,j1,0.5,,1.0469193482264707,0.030638482160981,42,256,D:\core-tfm\results\core_tfm_submission_full_v1\multi_seed\seed_42_train_256
wine,tabiclv2,4,pool_only,geometric,0.5,,1.0523701849593297,0.0162915559953226,42,256,D:\core-tfm\results\core_tfm_submission_full_v1\multi_seed\seed_42_train_256
wine,tabiclv2,4,repair_only,soft,0.5,0.3,1.0551070579231654,0.0128019407728075,42,256,D:\core-tfm\results\core_tfm_submission_full_v1\multi_seed\seed_42_train_256
wine,tabiclv2,4,full,soft,0.5,0.3,1.0551070579231654,0.0128019407728075,42,256,D:\core-tfm\results\core_tfm_submission_full_v1\multi_seed\seed_42_train_256
wine,tabiclv2,5,raw_only,j1,0.5,,1.1238151089202244,0.0220494260792697,42,256,D:\core-tfm\results\core_tfm_submission_full_v1\multi_seed\seed_42_train_256
wine,tabiclv2,5,pool_only,geometric,1.0,,1.1238151089202244,0.0220494260792697,42,256,D:\core-tfm\results\core_tfm_submission_full_v1\multi_seed\seed_42_train_256
wine,tabiclv2,5,repair_only,soft,1.0,0.03,1.1241784403333506,0.0214287940253125,42,256,D:\core-tfm\results\core_tfm_submission_full_v1\multi_seed\seed_42_train_256
wine,tabiclv2,5,full,j1,0.5,,1.1238151089202244,0.0220494260792697,42,256,D:\core-tfm\results\core_tfm_submission_full_v1\multi_seed\seed_42_train_256
wine,tabpfn3,1,raw_only,j2,0.5,,1.0585471763066183,0.001347824562472,42,256,D:\core-tfm\results\core_tfm_submission_full_v1\multi_seed\seed_42_train_256
wine,tabpfn3,1,pool_only,arithmetic,0.5,,1.04644200948391,0.0099726765854031,42,256,D:\core-tfm\results\core_tfm_submission_full_v1\multi_seed\seed_42_train_256
wine,tabpfn3,1,repair_only,soft,0.75,1.0,1.0465015567635838,0.0077568527004242,42,256,D:\core-tfm\results\core_tfm_submission_full_v1\multi_seed\seed_42_train_256
wine,tabpfn3,1,full,arithmetic,0.5,,1.04644200948391,0.0099726765854031,42,256,D:\core-tfm\results\core_tfm_submission_full_v1\multi_seed\seed_42_train_256
wine,tabpfn3,2,raw_only,j2,0.5,,1.0576845352963449,0.0016124267297287,42,256,D:\core-tfm\results\core_tfm_submission_full_v1\multi_seed\seed_42_train_256
wine,tabpfn3,2,pool_only,geometric,0.25,,1.0590285291521804,0.0059033108834815,42,256,D:\core-tfm\results\core_tfm_submission_full_v1\multi_seed\seed_42_train_256
wine,tabpfn3,2,repair_only,soft,0.25,0.1,1.058904444222446,0.0054429617373753,42,256,D:\core-tfm\results\core_tfm_submission_full_v1\multi_seed\seed_42_train_256
wine,tabpfn3,2,full,soft,0.25,0.1,1.058904444222446,0.0054429617373753,42,256,D:\core-tfm\results\core_tfm_submission_full_v1\multi_seed\seed_42_train_256
wine,tabpfn3,3,raw_only,j2,0.5,,1.212825887536621,0.0007142098562925,42,256,D:\core-tfm\results\core_tfm_submission_full_v1\multi_seed\seed_42_train_256
wine,tabpfn3,3,pool_only,geometric,0.25,,1.202720318960686,0.0049008548315626,42,256,D:\core-tfm\results\core_tfm_submission_full_v1\multi_seed\seed_42_train_256
wine,tabpfn3,3,repair_only,soft,0.25,0.3,1.2025894182200343,0.0038772344029946,42,256,D:\core-tfm\results\core_tfm_submission_full_v1\multi_seed\seed_42_train_256
wine,tabpfn3,3,full,soft,0.25,0.3,1.2025894182200343,0.0038772344029946,42,256,D:\core-tfm\results\core_tfm_submission_full_v1\multi_seed\seed_42_train_256
wine,tabpfn3,4,raw_only,j2,0.5,,1.0423222738291895,0.0008891365672544,42,256,D:\core-tfm\results\core_tfm_submission_full_v1\multi_seed\seed_42_train_256
wine,tabpfn3,4,pool_only,geometric,0.5,,1.0346780685067491,0.0089100327920026,42,256,D:\core-tfm\results\core_tfm_submission_full_v1\multi_seed\seed_42_train_256
wine,tabpfn3,4,repair_only,soft,0.5,0.03,1.0348513478464176,0.0086671877163785,42,256,D:\core-tfm\results\core_tfm_submission_full_v1\multi_seed\seed_42_train_256
wine,tabpfn3,4,full,geometric,0.5,,1.0346780685067491,0.0089100327920026,42,256,D:\core-tfm\results\core_tfm_submission_full_v1\multi_seed\seed_42_train_256
wine,tabpfn3,5,raw_only,j1,0.5,,1.1289350095711197,0.0162748056056901,42,256,D:\core-tfm\results\core_tfm_submission_full_v1\multi_seed\seed_42_train_256
wine,tabpfn3,5,pool_only,geometric,1.0,,1.1289350095711197,0.0162748056056901,42,256,D:\core-tfm\results\core_tfm_submission_full_v1\multi_seed\seed_42_train_256
wine,tabpfn3,5,repair_only,soft,1.0,0.03,1.1290066286112703,0.0157394166042762,42,256,D:\core-tfm\results\core_tfm_submission_full_v1\multi_seed\seed_42_train_256
wine,tabpfn3,5,full,j1,0.5,,1.1289350095711197,0.0162748056056901,42,256,D:\core-tfm\results\core_tfm_submission_full_v1\multi_seed\seed_42_train_256
wine,catboost,1,raw_only,j1,0.5,,1.241099498165059,0.0318066041212255,42,256,D:\core-tfm\results\core_tfm_submission_full_v1\multi_seed\seed_42_train_256
wine,catboost,1,pool_only,geometric,1.0,,1.2410994981650592,0.0318066041212255,42,256,D:\core-tfm\results\core_tfm_submission_full_v1\multi_seed\seed_42_train_256
wine,catboost,1,repair_only,soft,1.0,0.1,1.2402429392780203,0.0291375540872175,42,256,D:\core-tfm\results\core_tfm_submission_full_v1\multi_seed\seed_42_train_256
wine,catboost,1,full,soft,1.0,0.1,1.2402429392780203,0.0291375540872175,42,256,D:\core-tfm\results\core_tfm_submission_full_v1\multi_seed\seed_42_train_256
wine,catboost,2,raw_only,j1,0.5,,1.2431520755051106,0.0307773384040586,42,256,D:\core-tfm\results\core_tfm_submission_full_v1\multi_seed\seed_42_train_256
wine,catboost,2,pool_only,geometric,1.0,,1.2431520755051106,0.0307773384040586,42,256,D:\core-tfm\results\core_tfm_submission_full_v1\multi_seed\seed_42_train_256
wine,catboost,2,repair_only,soft,1.0,0.03,1.242984136068571,0.0299581456882073,42,256,D:\core-tfm\results\core_tfm_submission_full_v1\multi_seed\seed_42_train_256
wine,catboost,2,full,j1,0.5,,1.2431520755051106,0.0307773384040586,42,256,D:\core-tfm\results\core_tfm_submission_full_v1\multi_seed\seed_42_train_256
wine,catboost,3,raw_only,j1,0.5,,1.370627749329604,0.0287228960996174,42,256,D:\core-tfm\results\core_tfm_submission_full_v1\multi_seed\seed_42_train_256
wine,catboost,3,pool_only,geometric,1.0,,1.3706277493296035,0.0287228960996174,42,256,D:\core-tfm\results\core_tfm_submission_full_v1\multi_seed\seed_42_train_256
wine,catboost,3,repair_only,soft,1.0,0.03,1.370435093827845,0.0279537008671319,42,256,D:\core-tfm\results\core_tfm_submission_full_v1\multi_seed\seed_42_train_256
wine,catboost,3,full,j1,0.5,,1.370627749329604,0.0287228960996174,42,256,D:\core-tfm\results\core_tfm_submission_full_v1\multi_seed\seed_42_train_256
wine,catboost,4,raw_only,j1,0.5,,1.2150043323358868,0.0280635140620834,42,256,D:\core-tfm\results\core_tfm_submission_full_v1\multi_seed\seed_42_train_256
wine,catboost,4,pool_only,geometric,1.0,,1.2150043323358868,0.0280635140620834,42,256,D:\core-tfm\results\core_tfm_submission_full_v1\multi_seed\seed_42_train_256
wine,catboost,4,repair_only,soft,1.0,0.03,1.2148879999321454,0.0273111296955851,42,256,D:\core-tfm\results\core_tfm_submission_full_v1\multi_seed\seed_42_train_256
wine,catboost,4,full,j1,0.5,,1.2150043323358868,0.0280635140620834,42,256,D:\core-tfm\results\core_tfm_submission_full_v1\multi_seed\seed_42_train_256
wine,catboost,5,raw_only,j1,0.5,,1.2740897147460415,0.0263971109864178,42,256,D:\core-tfm\results\core_tfm_submission_full_v1\multi_seed\seed_42_train_256
wine,catboost,5,pool_only,geometric,0.75,,1.274095430884361,0.02194484081209,42,256,D:\core-tfm\results\core_tfm_submission_full_v1\multi_seed\seed_42_train_256
wine,catboost,5,repair_only,soft,1.0,3.0,1.2737433687286766,0.0071294810485567,42,256,D:\core-tfm\results\core_tfm_submission_full_v1\multi_seed\seed_42_train_256
wine,catboost,5,full,soft,1.0,3.0,1.2737433687286766,0.0071294810485567,42,256,D:\core-tfm\results\core_tfm_submission_full_v1\multi_seed\seed_42_train_256
credit,tabiclv2,1,raw_only,j1,0.5,,1.7766415115663836,0.0137861299655209,42,256,D:\core-tfm\results\core_tfm_submission_full_v1\multi_seed\seed_42_train_256
credit,tabiclv2,1,pool_only,geometric,1.0,,1.7766415115663838,0.0137861299655209,42,256,D:\core-tfm\results\core_tfm_submission_full_v1\multi_seed\seed_42_train_256
credit,tabiclv2,1,repair_only,soft,1.0,0.03,1.776205893549668,0.0134589977806647,42,256,D:\core-tfm\results\core_tfm_submission_full_v1\multi_seed\seed_42_train_256
credit,tabiclv2,1,full,j1,0.5,,1.7766415115663836,0.0137861299655209,42,256,D:\core-tfm\results\core_tfm_submission_full_v1\multi_seed\seed_42_train_256
credit,tabiclv2,2,raw_only,j2,0.5,,1.811588167662837,0.0257440533191978,42,256,D:\core-tfm\results\core_tfm_submission_full_v1\multi_seed\seed_42_train_256
credit,tabiclv2,2,pool_only,geometric,0.5,,1.796269179694149,0.0224904036449802,42,256,D:\core-tfm\results\core_tfm_submission_full_v1\multi_seed\seed_42_train_256
credit,tabiclv2,2,repair_only,soft,0.25,1.0,1.8086975313931088,0.0128235686136899,42,256,D:\core-tfm\results\core_tfm_submission_full_v1\multi_seed\seed_42_train_256
credit,tabiclv2,2,full,soft,0.25,1.0,1.8086975313931088,0.0128235686136899,42,256,D:\core-tfm\results\core_tfm_submission_full_v1\multi_seed\seed_42_train_256
credit,tabiclv2,3,raw_only,j1,0.5,,1.696673074051982,0.0245420926921354,42,256,D:\core-tfm\results\core_tfm_submission_full_v1\multi_seed\seed_42_train_256
credit,tabiclv2,3,pool_only,geometric,1.0,,1.696673074051982,0.0245420926921354,42,256,D:\core-tfm\results\core_tfm_submission_full_v1\multi_seed\seed_42_train_256
credit,tabiclv2,3,repair_only,soft,1.0,0.3,1.6979727686426778,0.0199500582110338,42,256,D:\core-tfm\results\core_tfm_submission_full_v1\multi_seed\seed_42_train_256
credit,tabiclv2,3,full,soft,1.0,0.3,1.6979727686426778,0.0199500582110338,42,256,D:\core-tfm\results\core_tfm_submission_full_v1\multi_seed\seed_42_train_256
credit,tabiclv2,4,raw_only,j2,0.5,,1.6545526772227923,0.028095688570431,42,256,D:\core-tfm\results\core_tfm_submission_full_v1\multi_seed\seed_42_train_256
credit,tabiclv2,4,pool_only,geometric,0.0,,1.6545526772227923,0.028095688570431,42,256,D:\core-tfm\results\core_tfm_submission_full_v1\multi_seed\seed_42_train_256
credit,tabiclv2,4,repair_only,soft,0.0,0.03,1.6547349878992916,0.0274424628259883,42,256,D:\core-tfm\results\core_tfm_submission_full_v1\multi_seed\seed_42_train_256
credit,tabiclv2,4,full,j2,0.5,,1.6545526772227923,0.028095688570431,42,256,D:\core-tfm\results\core_tfm_submission_full_v1\multi_seed\seed_42_train_256
credit,tabiclv2,5,raw_only,j1,0.5,,1.747769253698454,0.0153811418134777,42,256,D:\core-tfm\results\core_tfm_submission_full_v1\multi_seed\seed_42_train_256
credit,tabiclv2,5,pool_only,geometric,0.5,,1.740110169447834,0.0183621937153679,42,256,D:\core-tfm\results\core_tfm_submission_full_v1\multi_seed\seed_42_train_256
credit,tabiclv2,5,repair_only,hard,1.0,,1.743071054002229,9.616491766306981e-14,42,256,D:\core-tfm\results\core_tfm_submission_full_v1\multi_seed\seed_42_train_256
credit,tabiclv2,5,full,hard,1.0,,1.743071054002229,9.616491766306981e-14,42,256,D:\core-tfm\results\core_tfm_submission_full_v1\multi_seed\seed_42_train_256
credit,tabpfn3,1,raw_only,j1,0.5,,1.7485569867566495,0.0109850650116406,42,256,D:\core-tfm\results\core_tfm_submission_full_v1\multi_seed\seed_42_train_256
credit,tabpfn3,1,pool_only,geometric,1.0,,1.7485569867566495,0.0109850650116406,42,256,D:\core-tfm\results\core_tfm_submission_full_v1\multi_seed\seed_42_train_256
credit,tabpfn3,1,repair_only,soft,1.0,0.03,1.748563844550671,0.010722709101745,42,256,D:\core-tfm\results\core_tfm_submission_full_v1\multi_seed\seed_42_train_256
credit,tabpfn3,1,full,j1,0.5,,1.7485569867566495,0.0109850650116406,42,256,D:\core-tfm\results\core_tfm_submission_full_v1\multi_seed\seed_42_train_256
credit,tabpfn3,2,raw_only,j1,0.5,,1.7639373308350517,0.0127924972762774,42,256,D:\core-tfm\results\core_tfm_submission_full_v1\multi_seed\seed_42_train_256
credit,tabpfn3,2,pool_only,geometric,0.5,,1.758263108332187,0.0158468506320751,42,256,D:\core-tfm\results\core_tfm_submission_full_v1\multi_seed\seed_42_train_256
credit,tabpfn3,2,repair_only,soft,0.5,0.03,1.7585493248511463,0.015457345905722,42,256,D:\core-tfm\results\core_tfm_submission_full_v1\multi_seed\seed_42_train_256
credit,tabpfn3,2,full,geometric,0.5,,1.758263108332187,0.0158468506320751,42,256,D:\core-tfm\results\core_tfm_submission_full_v1\multi_seed\seed_42_train_256
credit,tabpfn3,3,raw_only,j1,0.5,,1.6501523688724489,0.0144982402332702,42,256,D:\core-tfm\results\core_tfm_submission_full_v1\multi_seed\seed_42_train_256
credit,tabpfn3,3,pool_only,geometric,0.75,,1.6451089608494982,0.016221865748464,42,256,D:\core-tfm\results\core_tfm_submission_full_v1\multi_seed\seed_42_train_256
credit,tabpfn3,3,repair_only,soft,0.75,0.03,1.6451437054186515,0.0158445118016553,42,256,D:\core-tfm\results\core_tfm_submission_full_v1\multi_seed\seed_42_train_256
credit,tabpfn3,3,full,geometric,0.75,,1.6451089608494982,0.016221865748464,42,256,D:\core-tfm\results\core_tfm_submission_full_v1\multi_seed\seed_42_train_256
credit,tabpfn3,4,raw_only,j2,0.5,,1.7026431869640564,0.0277006048961469,42,256,D:\core-tfm\results\core_tfm_submission_full_v1\multi_seed\seed_42_train_256
credit,tabpfn3,4,pool_only,geometric,0.0,,1.7026431869640564,0.0277006048961469,42,256,D:\core-tfm\results\core_tfm_submission_full_v1\multi_seed\seed_42_train_256
credit,tabpfn3,4,repair_only,soft,0.0,0.03,1.702948739966421,0.0271537052079624,42,256,D:\core-tfm\results\core_tfm_submission_full_v1\multi_seed\seed_42_train_256
credit,tabpfn3,4,full,j2,0.5,,1.7026431869640564,0.0277006048961469,42,256,D:\core-tfm\results\core_tfm_submission_full_v1\multi_seed\seed_42_train_256
credit,tabpfn3,5,raw_only,j2,0.5,,1.7386051257098052,0.0115002656553332,42,256,D:\core-tfm\results\core_tfm_submission_full_v1\multi_seed\seed_42_train_256
credit,tabpfn3,5,pool_only,geometric,0.0,,1.7386051257098052,0.0115002656553332,42,256,D:\core-tfm\results\core_tfm_submission_full_v1\multi_seed\seed_42_train_256
credit,tabpfn3,5,repair_only,soft,0.0,0.03,1.7386386553041695,0.0112356310857202,42,256,D:\core-tfm\results\core_tfm_submission_full_v1\multi_seed\seed_42_train_256
credit,tabpfn3,5,full,j2,0.5,,1.7386051257098052,0.0115002656553332,42,256,D:\core-tfm\results\core_tfm_submission_full_v1\multi_seed\seed_42_train_256
credit,catboost,1,raw_only,j2,0.5,,1.725384152406083,0.0240297433860799,42,256,D:\core-tfm\results\core_tfm_submission_full_v1\multi_seed\seed_42_train_256
credit,catboost,1,pool_only,geometric,0.0,,1.725384152406083,0.0240297433860799,42,256,D:\core-tfm\results\core_tfm_submission_full_v1\multi_seed\seed_42_train_256
credit,catboost,1,repair_only,soft,0.0,0.03,1.7255084839323227,0.02337835220721,42,256,D:\core-tfm\results\core_tfm_submission_full_v1\multi_seed\seed_42_train_256
credit,catboost,1,full,j2,0.5,,1.725384152406083,0.0240297433860799,42,256,D:\core-tfm\results\core_tfm_submission_full_v1\multi_seed\seed_42_train_256
credit,catboost,2,raw_only,j2,0.5,,1.7799260034612745,0.0230167060384688,42,256,D:\core-tfm\results\core_tfm_submission_full_v1\multi_seed\seed_42_train_256
credit,catboost,2,pool_only,geometric,0.25,,1.7785580804101062,0.0216477357131142,42,256,D:\core-tfm\results\core_tfm_submission_full_v1\multi_seed\seed_42_train_256
credit,catboost,2,repair_only,hard,1.0,,1.769729805712403,3.6644380021697016e-14,42,256,D:\core-tfm\results\core_tfm_submission_full_v1\multi_seed\seed_42_train_256
credit,catboost,2,full,hard,1.0,,1.769729805712403,3.6644380021697016e-14,42,256,D:\core-tfm\results\core_tfm_submission_full_v1\multi_seed\seed_42_train_256
credit,catboost,3,raw_only,j1,0.5,,1.6751646980897403,0.0231390271325532,42,256,D:\core-tfm\results\core_tfm_submission_full_v1\multi_seed\seed_42_train_256
credit,catboost,3,pool_only,geometric,1.0,,1.6751646980897403,0.0231390271325532,42,256,D:\core-tfm\results\core_tfm_submission_full_v1\multi_seed\seed_42_train_256
credit,catboost,3,repair_only,soft,1.0,0.03,1.6742642500475533,0.0226079363747134,42,256,D:\core-tfm\results\core_tfm_submission_full_v1\multi_seed\seed_42_train_256
credit,catboost,3,full,j1,0.5,,1.6751646980897403,0.0231390271325532,42,256,D:\core-tfm\results\core_tfm_submission_full_v1\multi_seed\seed_42_train_256
credit,catboost,4,raw_only,j1,0.5,,1.7695031949900293,0.014186740716096,42,256,D:\core-tfm\results\core_tfm_submission_full_v1\multi_seed\seed_42_train_256
credit,catboost,4,pool_only,geometric,0.5,,1.764824960592031,0.0196820991994289,42,256,D:\core-tfm\results\core_tfm_submission_full_v1\multi_seed\seed_42_train_256
credit,catboost,4,repair_only,soft,0.5,0.03,1.7648937645589828,0.0191499737236224,42,256,D:\core-tfm\results\core_tfm_submission_full_v1\multi_seed\seed_42_train_256
credit,catboost,4,full,geometric,0.5,,1.764824960592031,0.0196820991994289,42,256,D:\core-tfm\results\core_tfm_submission_full_v1\multi_seed\seed_42_train_256
credit,catboost,5,raw_only,j1,0.5,,1.7810781796360826,0.0192970221586549,42,256,D:\core-tfm\results\core_tfm_submission_full_v1\multi_seed\seed_42_train_256
credit,catboost,5,pool_only,geometric,0.75,,1.7731378447632613,0.019784466167197,42,256,D:\core-tfm\results\core_tfm_submission_full_v1\multi_seed\seed_42_train_256
credit,catboost,5,repair_only,soft,1.0,3.0,1.7649907391083344,0.0055024914433608,42,256,D:\core-tfm\results\core_tfm_submission_full_v1\multi_seed\seed_42_train_256
credit,catboost,5,full,soft,1.0,3.0,1.7649907391083344,0.0055024914433608,42,256,D:\core-tfm\results\core_tfm_submission_full_v1\multi_seed\seed_42_train_256
mic,tabiclv2,1,raw_only,j2,0.5,,0.998327273898314,0.0096043459332174,42,256,D:\core-tfm\results\core_tfm_submission_full_v1\multi_seed\seed_42_train_256
mic,tabiclv2,1,pool_only,geometric,0.0,,0.998327273898314,0.0096043459332174,42,256,D:\core-tfm\results\core_tfm_submission_full_v1\multi_seed\seed_42_train_256
mic,tabiclv2,1,repair_only,soft,0.0,3.0,0.999734524403866,0.0024289544201775,42,256,D:\core-tfm\results\core_tfm_submission_full_v1\multi_seed\seed_42_train_256
mic,tabiclv2,1,full,soft,0.0,3.0,0.999734524403866,0.0024289544201775,42,256,D:\core-tfm\results\core_tfm_submission_full_v1\multi_seed\seed_42_train_256
mic,tabiclv2,2,raw_only,j2,0.5,,0.9361267732385226,0.0116060741783916,42,256,D:\core-tfm\results\core_tfm_submission_full_v1\multi_seed\seed_42_train_256
mic,tabiclv2,2,pool_only,geometric,0.0,,0.9361267732385228,0.0116060741783916,42,256,D:\core-tfm\results\core_tfm_submission_full_v1\multi_seed\seed_42_train_256
mic,tabiclv2,2,repair_only,soft,0.0,0.03,0.936340620267643,0.0112612895769532,42,256,D:\core-tfm\results\core_tfm_submission_full_v1\multi_seed\seed_42_train_256
mic,tabiclv2,2,full,j2,0.5,,0.9361267732385226,0.0116060741783916,42,256,D:\core-tfm\results\core_tfm_submission_full_v1\multi_seed\seed_42_train_256
mic,tabiclv2,3,raw_only,j2,0.5,,0.9956036640880248,0.0155317636691619,42,256,D:\core-tfm\results\core_tfm_submission_full_v1\multi_seed\seed_42_train_256
mic,tabiclv2,3,pool_only,geometric,0.25,,0.999709206208721,0.0153015712658193,42,256,D:\core-tfm\results\core_tfm_submission_full_v1\multi_seed\seed_42_train_256
mic,tabiclv2,3,repair_only,hard,1.0,,1.0145071432742063,2.115080734676584e-13,42,256,D:\core-tfm\results\core_tfm_submission_full_v1\multi_seed\seed_42_train_256
mic,tabiclv2,3,full,hard,1.0,,1.0145071432742063,2.115080734676584e-13,42,256,D:\core-tfm\results\core_tfm_submission_full_v1\multi_seed\seed_42_train_256
mic,tabiclv2,4,raw_only,j2,0.5,,1.1097488855371882,0.0112448974219904,42,256,D:\core-tfm\results\core_tfm_submission_full_v1\multi_seed\seed_42_train_256
mic,tabiclv2,4,pool_only,geometric,0.0,,1.1097488855371882,0.0112448974219905,42,256,D:\core-tfm\results\core_tfm_submission_full_v1\multi_seed\seed_42_train_256
mic,tabiclv2,4,repair_only,soft,0.0,0.1,1.1107215470481366,0.0102192099208087,42,256,D:\core-tfm\results\core_tfm_submission_full_v1\multi_seed\seed_42_train_256
mic,tabiclv2,4,full,soft,0.0,0.1,1.1107215470481366,0.0102192099208087,42,256,D:\core-tfm\results\core_tfm_submission_full_v1\multi_seed\seed_42_train_256
mic,tabiclv2,5,raw_only,j2,0.5,,0.9403867302296978,0.0096354969152901,42,256,D:\core-tfm\results\core_tfm_submission_full_v1\multi_seed\seed_42_train_256
mic,tabiclv2,5,pool_only,geometric,0.0,,0.9403867302296978,0.0096354969152901,42,256,D:\core-tfm\results\core_tfm_submission_full_v1\multi_seed\seed_42_train_256
mic,tabiclv2,5,repair_only,soft,0.0,0.03,0.9402337320412012,0.0093651185057926,42,256,D:\core-tfm\results\core_tfm_submission_full_v1\multi_seed\seed_42_train_256
mic,tabiclv2,5,full,geometric,0.0,,0.9403867302296978,0.0096354969152901,42,256,D:\core-tfm\results\core_tfm_submission_full_v1\multi_seed\seed_42_train_256
mic,tabpfn3,1,raw_only,j2,0.5,,0.9909414459185096,0.005141338772164,42,256,D:\core-tfm\results\core_tfm_submission_full_v1\multi_seed\seed_42_train_256
mic,tabpfn3,1,pool_only,geometric,0.0,,0.9909414459185096,0.005141338772164,42,256,D:\core-tfm\results\core_tfm_submission_full_v1\multi_seed\seed_42_train_256
mic,tabpfn3,1,repair_only,hard,1.0,,0.9909483636769556,1.4154775992339081e-13,42,256,D:\core-tfm\results\core_tfm_submission_full_v1\multi_seed\seed_42_train_256
mic,tabpfn3,1,full,hard,1.0,,0.9909483636769556,1.4154775992339081e-13,42,256,D:\core-tfm\results\core_tfm_submission_full_v1\multi_seed\seed_42_train_256
mic,tabpfn3,2,raw_only,j1,0.5,,0.9092167070712502,0.003974625727846,42,256,D:\core-tfm\results\core_tfm_submission_full_v1\multi_seed\seed_42_train_256
mic,tabpfn3,2,pool_only,geometric,1.0,,0.9092167070712502,0.003974625727846,42,256,D:\core-tfm\results\core_tfm_submission_full_v1\multi_seed\seed_42_train_256
mic,tabpfn3,2,repair_only,soft,1.0,0.03,0.9092036942784656,0.0038630696033991,42,256,D:\core-tfm\results\core_tfm_submission_full_v1\multi_seed\seed_42_train_256
mic,tabpfn3,2,full,j1,0.5,,0.9092167070712502,0.003974625727846,42,256,D:\core-tfm\results\core_tfm_submission_full_v1\multi_seed\seed_42_train_256
mic,tabpfn3,3,raw_only,j2,0.5,,0.9634243999087624,0.0071892752828122,42,256,D:\core-tfm\results\core_tfm_submission_full_v1\multi_seed\seed_42_train_256
mic,tabpfn3,3,pool_only,geometric,0.0,,0.9634243999087624,0.0071892752828122,42,256,D:\core-tfm\results\core_tfm_submission_full_v1\multi_seed\seed_42_train_256
mic,tabpfn3,3,repair_only,soft,0.0,0.03,0.9632072097814276,0.0069875815886307,42,256,D:\core-tfm\results\core_tfm_submission_full_v1\multi_seed\seed_42_train_256
mic,tabpfn3,3,full,j2,0.5,,0.9634243999087624,0.0071892752828122,42,256,D:\core-tfm\results\core_tfm_submission_full_v1\multi_seed\seed_42_train_256
mic,tabpfn3,4,raw_only,j1,0.5,,1.1324700842513062,0.0039748097228763,42,256,D:\core-tfm\results\core_tfm_submission_full_v1\multi_seed\seed_42_train_256
mic,tabpfn3,4,pool_only,geometric,1.0,,1.1324700842513062,0.0039748097228763,42,256,D:\core-tfm\results\core_tfm_submission_full_v1\multi_seed\seed_42_train_256
mic,tabpfn3,4,repair_only,soft,1.0,0.03,1.1324784593156365,0.0038637719175649,42,256,D:\core-tfm\results\core_tfm_submission_full_v1\multi_seed\seed_42_train_256
mic,tabpfn3,4,full,geometric,1.0,,1.1324700842513062,0.0039748097228763,42,256,D:\core-tfm\results\core_tfm_submission_full_v1\multi_seed\seed_42_train_256
mic,tabpfn3,5,raw_only,j1,0.5,,0.9224257644128736,0.004942353303486,42,256,D:\core-tfm\results\core_tfm_submission_full_v1\multi_seed\seed_42_train_256
mic,tabpfn3,5,pool_only,geometric,1.0,,0.9224257644128736,0.004942353303486,42,256,D:\core-tfm\results\core_tfm_submission_full_v1\multi_seed\seed_42_train_256
mic,tabpfn3,5,repair_only,soft,1.0,1.0,0.9271471655953324,0.0025071374268455,42,256,D:\core-tfm\results\core_tfm_submission_full_v1\multi_seed\seed_42_train_256
mic,tabpfn3,5,full,soft,1.0,1.0,0.9271471655953324,0.0025071374268455,42,256,D:\core-tfm\results\core_tfm_submission_full_v1\multi_seed\seed_42_train_256
mic,catboost,1,raw_only,j1,0.5,,1.0230435181188164,0.0120438094537384,42,256,D:\core-tfm\results\core_tfm_submission_full_v1\multi_seed\seed_42_train_256
mic,catboost,1,pool_only,geometric,1.0,,1.0230435181188164,0.0120438094537384,42,256,D:\core-tfm\results\core_tfm_submission_full_v1\multi_seed\seed_42_train_256
mic,catboost,1,repair_only,soft,1.0,0.03,1.0228473066019717,0.0117333881760917,42,256,D:\core-tfm\results\core_tfm_submission_full_v1\multi_seed\seed_42_train_256
mic,catboost,1,full,j1,0.5,,1.0230435181188164,0.0120438094537384,42,256,D:\core-tfm\results\core_tfm_submission_full_v1\multi_seed\seed_42_train_256
mic,catboost,2,raw_only,j1,0.5,,0.959444872799605,0.0125742570225964,42,256,D:\core-tfm\results\core_tfm_submission_full_v1\multi_seed\seed_42_train_256
mic,catboost,2,pool_only,geometric,1.0,,0.959444872799605,0.0125742570225964,42,256,D:\core-tfm\results\core_tfm_submission_full_v1\multi_seed\seed_42_train_256
mic,catboost,2,repair_only,soft,1.0,0.03,0.9590099634375662,0.0122017546055496,42,256,D:\core-tfm\results\core_tfm_submission_full_v1\multi_seed\seed_42_train_256
mic,catboost,2,full,j1,0.5,,0.959444872799605,0.0125742570225964,42,256,D:\core-tfm\results\core_tfm_submission_full_v1\multi_seed\seed_42_train_256
mic,catboost,3,raw_only,j2,0.5,,0.9493162850198654,0.0105262206208553,42,256,D:\core-tfm\results\core_tfm_submission_full_v1\multi_seed\seed_42_train_256
mic,catboost,3,pool_only,geometric,0.0,,0.9493162850198656,0.0105262206208553,42,256,D:\core-tfm\results\core_tfm_submission_full_v1\multi_seed\seed_42_train_256
mic,catboost,3,repair_only,soft,0.0,0.03,0.9494595757688284,0.0102217933535835,42,256,D:\core-tfm\results\core_tfm_submission_full_v1\multi_seed\seed_42_train_256
mic,catboost,3,full,j2,0.5,,0.9493162850198654,0.0105262206208553,42,256,D:\core-tfm\results\core_tfm_submission_full_v1\multi_seed\seed_42_train_256
mic,catboost,4,raw_only,j1,0.5,,1.1584880709350087,0.0135317842625004,42,256,D:\core-tfm\results\core_tfm_submission_full_v1\multi_seed\seed_42_train_256
mic,catboost,4,pool_only,geometric,1.0,,1.1584880709350087,0.0135317842625004,42,256,D:\core-tfm\results\core_tfm_submission_full_v1\multi_seed\seed_42_train_256
mic,catboost,4,repair_only,soft,1.0,0.03,1.1581865268562148,0.0131142949182524,42,256,D:\core-tfm\results\core_tfm_submission_full_v1\multi_seed\seed_42_train_256
mic,catboost,4,full,geometric,1.0,,1.1584880709350087,0.0135317842625004,42,256,D:\core-tfm\results\core_tfm_submission_full_v1\multi_seed\seed_42_train_256
mic,catboost,5,raw_only,j1,0.5,,0.9826021567957904,0.0153670054336334,42,256,D:\core-tfm\results\core_tfm_submission_full_v1\multi_seed\seed_42_train_256
mic,catboost,5,pool_only,geometric,1.0,,0.9826021567957904,0.0153670054336334,42,256,D:\core-tfm\results\core_tfm_submission_full_v1\multi_seed\seed_42_train_256
mic,catboost,5,repair_only,soft,1.0,0.03,0.9823229654716789,0.0149135543660481,42,256,D:\core-tfm\results\core_tfm_submission_full_v1\multi_seed\seed_42_train_256
mic,catboost,5,full,j1,0.5,,0.9826021567957904,0.0153670054336334,42,256,D:\core-tfm\results\core_tfm_submission_full_v1\multi_seed\seed_42_train_256
customer,tabiclv2,1,raw_only,j1,0.5,,1.4129132948702467,0.0069919830108538,42,256,D:\core-tfm\results\core_tfm_submission_full_v1\multi_seed\seed_42_train_256
customer,tabiclv2,1,pool_only,geometric,1.0,,1.4129132948702463,0.0069919830108538,42,256,D:\core-tfm\results\core_tfm_submission_full_v1\multi_seed\seed_42_train_256
customer,tabiclv2,1,repair_only,hard,0.0,,1.4206184812233995,5.073170006373966e-15,42,256,D:\core-tfm\results\core_tfm_submission_full_v1\multi_seed\seed_42_train_256
customer,tabiclv2,1,full,hard,0.0,,1.4206184812233995,5.073170006373966e-15,42,256,D:\core-tfm\results\core_tfm_submission_full_v1\multi_seed\seed_42_train_256
customer,tabiclv2,2,raw_only,j1,0.5,,1.465852704857816,0.0084154564922117,42,256,D:\core-tfm\results\core_tfm_submission_full_v1\multi_seed\seed_42_train_256
customer,tabiclv2,2,pool_only,geometric,1.0,,1.465852704857816,0.0084154564922117,42,256,D:\core-tfm\results\core_tfm_submission_full_v1\multi_seed\seed_42_train_256
customer,tabiclv2,2,repair_only,soft,1.0,0.03,1.4659198414965382,0.0082045302989319,42,256,D:\core-tfm\results\core_tfm_submission_full_v1\multi_seed\seed_42_train_256
customer,tabiclv2,2,full,j1,0.5,,1.465852704857816,0.0084154564922117,42,256,D:\core-tfm\results\core_tfm_submission_full_v1\multi_seed\seed_42_train_256
customer,tabiclv2,3,raw_only,j1,0.5,,1.35541014473665,0.0108748079504006,42,256,D:\core-tfm\results\core_tfm_submission_full_v1\multi_seed\seed_42_train_256
customer,tabiclv2,3,pool_only,geometric,1.0,,1.3554101447366498,0.0108748079504006,42,256,D:\core-tfm\results\core_tfm_submission_full_v1\multi_seed\seed_42_train_256
customer,tabiclv2,3,repair_only,hard,0.0,,1.3610949646792585,1.5836789938114678e-13,42,256,D:\core-tfm\results\core_tfm_submission_full_v1\multi_seed\seed_42_train_256
customer,tabiclv2,3,full,hard,0.0,,1.3610949646792585,1.5836789938114678e-13,42,256,D:\core-tfm\results\core_tfm_submission_full_v1\multi_seed\seed_42_train_256
customer,tabiclv2,4,raw_only,j2,0.5,,1.5219741924957686,0.0245259007412279,42,256,D:\core-tfm\results\core_tfm_submission_full_v1\multi_seed\seed_42_train_256
customer,tabiclv2,4,pool_only,geometric,0.5,,1.519685530427728,0.0164527690721777,42,256,D:\core-tfm\results\core_tfm_submission_full_v1\multi_seed\seed_42_train_256
customer,tabiclv2,4,repair_only,soft,0.25,0.3,1.51667926008632,0.0159661686121244,42,256,D:\core-tfm\results\core_tfm_submission_full_v1\multi_seed\seed_42_train_256
customer,tabiclv2,4,full,soft,0.25,0.3,1.51667926008632,0.0159661686121244,42,256,D:\core-tfm\results\core_tfm_submission_full_v1\multi_seed\seed_42_train_256
customer,tabiclv2,5,raw_only,j2,0.5,,1.4083191219721225,0.027963357974958,42,256,D:\core-tfm\results\core_tfm_submission_full_v1\multi_seed\seed_42_train_256
customer,tabiclv2,5,pool_only,geometric,0.0,,1.4083191219721225,0.027963357974958,42,256,D:\core-tfm\results\core_tfm_submission_full_v1\multi_seed\seed_42_train_256
customer,tabiclv2,5,repair_only,soft,0.0,1.0,1.4121773797103243,0.0140242831843149,42,256,D:\core-tfm\results\core_tfm_submission_full_v1\multi_seed\seed_42_train_256
customer,tabiclv2,5,full,soft,0.0,1.0,1.4121773797103243,0.0140242831843149,42,256,D:\core-tfm\results\core_tfm_submission_full_v1\multi_seed\seed_42_train_256
customer,tabpfn3,1,raw_only,j2,0.5,,1.4027862924757222,0.0035456039236848,42,256,D:\core-tfm\results\core_tfm_submission_full_v1\multi_seed\seed_42_train_256
customer,tabpfn3,1,pool_only,geometric,0.0,,1.4027862924757224,0.0035456039236848,42,256,D:\core-tfm\results\core_tfm_submission_full_v1\multi_seed\seed_42_train_256
customer,tabpfn3,1,repair_only,hard,0.0,,1.4048889553762338,3.943734876900719e-14,42,256,D:\core-tfm\results\core_tfm_submission_full_v1\multi_seed\seed_42_train_256
customer,tabpfn3,1,full,hard,0.0,,1.4048889553762338,3.943734876900719e-14,42,256,D:\core-tfm\results\core_tfm_submission_full_v1\multi_seed\seed_42_train_256
customer,tabpfn3,2,raw_only,j1,0.5,,1.453128033201445,0.0017288492188587,42,256,D:\core-tfm\results\core_tfm_submission_full_v1\multi_seed\seed_42_train_256
customer,tabpfn3,2,pool_only,geometric,1.0,,1.453128033201445,0.0017288492188587,42,256,D:\core-tfm\results\core_tfm_submission_full_v1\multi_seed\seed_42_train_256
customer,tabpfn3,2,repair_only,soft,1.0,0.03,1.4531059502591108,0.0016805985747974,42,256,D:\core-tfm\results\core_tfm_submission_full_v1\multi_seed\seed_42_train_256
customer,tabpfn3,2,full,j1,0.5,,1.453128033201445,0.0017288492188587,42,256,D:\core-tfm\results\core_tfm_submission_full_v1\multi_seed\seed_42_train_256
customer,tabpfn3,3,raw_only,j1,0.5,,1.3287666659944075,0.0019082633305419,42,256,D:\core-tfm\results\core_tfm_submission_full_v1\multi_seed\seed_42_train_256
customer,tabpfn3,3,pool_only,geometric,1.0,,1.3287666659944075,0.0019082633305419,42,256,D:\core-tfm\results\core_tfm_submission_full_v1\multi_seed\seed_42_train_256
customer,tabpfn3,3,repair_only,soft,1.0,0.03,1.3287994951716169,0.0018537578794398,42,256,D:\core-tfm\results\core_tfm_submission_full_v1\multi_seed\seed_42_train_256
customer,tabpfn3,3,full,j1,0.5,,1.3287666659944075,0.0019082633305419,42,256,D:\core-tfm\results\core_tfm_submission_full_v1\multi_seed\seed_42_train_256
customer,tabpfn3,4,raw_only,j1,0.5,,1.5015363808689215,0.0028103394036739,42,256,D:\core-tfm\results\core_tfm_submission_full_v1\multi_seed\seed_42_train_256
customer,tabpfn3,4,pool_only,geometric,0.75,,1.5007373172724945,0.0035323440867196,42,256,D:\core-tfm\results\core_tfm_submission_full_v1\multi_seed\seed_42_train_256
customer,tabpfn3,4,repair_only,hard,1.0,,1.4998782237580444,8.15774277996954e-13,42,256,D:\core-tfm\results\core_tfm_submission_full_v1\multi_seed\seed_42_train_256
customer,tabpfn3,4,full,hard,1.0,,1.4998782237580444,8.15774277996954e-13,42,256,D:\core-tfm\results\core_tfm_submission_full_v1\multi_seed\seed_42_train_256
customer,tabpfn3,5,raw_only,j1,0.5,,1.419835123320205,0.0021920254306167,42,256,D:\core-tfm\results\core_tfm_submission_full_v1\multi_seed\seed_42_train_256
customer,tabpfn3,5,pool_only,geometric,1.0,,1.419835123320205,0.0021920254306168,42,256,D:\core-tfm\results\core_tfm_submission_full_v1\multi_seed\seed_42_train_256
customer,tabpfn3,5,repair_only,hard,1.0,,1.4191889953932666,1.2632605329637378e-14,42,256,D:\core-tfm\results\core_tfm_submission_full_v1\multi_seed\seed_42_train_256
customer,tabpfn3,5,full,hard,1.0,,1.4191889953932666,1.2632605329637378e-14,42,256,D:\core-tfm\results\core_tfm_submission_full_v1\multi_seed\seed_42_train_256
customer,catboost,1,raw_only,j2,0.5,,1.4466603777767182,0.0197382499721184,42,256,D:\core-tfm\results\core_tfm_submission_full_v1\multi_seed\seed_42_train_256
customer,catboost,1,pool_only,geometric,0.0,,1.4466603777767184,0.0197382499721184,42,256,D:\core-tfm\results\core_tfm_submission_full_v1\multi_seed\seed_42_train_256
customer,catboost,1,repair_only,soft,0.0,0.03,1.4465346227524345,0.0191591277400245,42,256,D:\core-tfm\results\core_tfm_submission_full_v1\multi_seed\seed_42_train_256
customer,catboost,1,full,j2,0.5,,1.4466603777767182,0.0197382499721184,42,256,D:\core-tfm\results\core_tfm_submission_full_v1\multi_seed\seed_42_train_256
customer,catboost,2,raw_only,j1,0.5,,1.4722417189558497,0.008302360625184,42,256,D:\core-tfm\results\core_tfm_submission_full_v1\multi_seed\seed_42_train_256
customer,catboost,2,pool_only,geometric,0.75,,1.4704043584090094,0.0116463850535284,42,256,D:\core-tfm\results\core_tfm_submission_full_v1\multi_seed\seed_42_train_256
customer,catboost,2,repair_only,soft,0.75,0.03,1.4703577964501533,0.011308615375741,42,256,D:\core-tfm\results\core_tfm_submission_full_v1\multi_seed\seed_42_train_256
customer,catboost,2,full,geometric,0.75,,1.4704043584090094,0.0116463850535284,42,256,D:\core-tfm\results\core_tfm_submission_full_v1\multi_seed\seed_42_train_256
customer,catboost,3,raw_only,j1,0.5,,1.3527297360407693,0.0072021708326589,42,256,D:\core-tfm\results\core_tfm_submission_full_v1\multi_seed\seed_42_train_256
customer,catboost,3,pool_only,geometric,1.0,,1.352729736040769,0.0072021708326589,42,256,D:\core-tfm\results\core_tfm_submission_full_v1\multi_seed\seed_42_train_256
customer,catboost,3,repair_only,soft,1.0,0.03,1.352599943992165,0.0070039306454901,42,256,D:\core-tfm\results\core_tfm_submission_full_v1\multi_seed\seed_42_train_256
customer,catboost,3,full,j1,0.5,,1.3527297360407693,0.0072021708326589,42,256,D:\core-tfm\results\core_tfm_submission_full_v1\multi_seed\seed_42_train_256
customer,catboost,4,raw_only,j2,0.5,,1.4918977765197603,0.0173888506297504,42,256,D:\core-tfm\results\core_tfm_submission_full_v1\multi_seed\seed_42_train_256
customer,catboost,4,pool_only,geometric,0.25,,1.4922513387330176,0.0149864398883973,42,256,D:\core-tfm\results\core_tfm_submission_full_v1\multi_seed\seed_42_train_256
customer,catboost,4,repair_only,soft,0.0,10.0,1.50160979692446,0.0015866604189557,42,256,D:\core-tfm\results\core_tfm_submission_full_v1\multi_seed\seed_42_train_256
customer,catboost,4,full,soft,0.0,10.0,1.50160979692446,0.0015866604189557,42,256,D:\core-tfm\results\core_tfm_submission_full_v1\multi_seed\seed_42_train_256
customer,catboost,5,raw_only,j1,0.5,,1.4483781968699652,0.009615637780913,42,256,D:\core-tfm\results\core_tfm_submission_full_v1\multi_seed\seed_42_train_256
customer,catboost,5,pool_only,geometric,1.0,,1.4483781968699652,0.009615637780913,42,256,D:\core-tfm\results\core_tfm_submission_full_v1\multi_seed\seed_42_train_256
customer,catboost,5,repair_only,hard,0.0,,1.451996608441942,1.0891700410499416e-12,42,256,D:\core-tfm\results\core_tfm_submission_full_v1\multi_seed\seed_42_train_256
customer,catboost,5,full,hard,0.0,,1.451996608441942,1.0891700410499416e-12,42,256,D:\core-tfm\results\core_tfm_submission_full_v1\multi_seed\seed_42_train_256
marketing,tabiclv2,1,raw_only,j1,0.5,,1.7514416145750262,0.017043910123701,42,256,D:\core-tfm\results\core_tfm_submission_full_v1\multi_seed\seed_42_train_256
marketing,tabiclv2,1,pool_only,geometric,1.0,,1.7514416145750262,0.0170439101237011,42,256,D:\core-tfm\results\core_tfm_submission_full_v1\multi_seed\seed_42_train_256
marketing,tabiclv2,1,repair_only,soft,1.0,0.03,1.7522559906003736,0.0166413356237355,42,256,D:\core-tfm\results\core_tfm_submission_full_v1\multi_seed\seed_42_train_256
marketing,tabiclv2,1,full,j1,0.5,,1.7514416145750262,0.017043910123701,42,256,D:\core-tfm\results\core_tfm_submission_full_v1\multi_seed\seed_42_train_256
marketing,tabiclv2,2,raw_only,j1,0.5,,1.903271038276376,0.0089115630644267,42,256,D:\core-tfm\results\core_tfm_submission_full_v1\multi_seed\seed_42_train_256
marketing,tabiclv2,2,pool_only,geometric,1.0,,1.903271038276376,0.0089115630644267,42,256,D:\core-tfm\results\core_tfm_submission_full_v1\multi_seed\seed_42_train_256
marketing,tabiclv2,2,repair_only,soft,1.0,3.0,1.9054025724116328,0.0024075185431567,42,256,D:\core-tfm\results\core_tfm_submission_full_v1\multi_seed\seed_42_train_256
marketing,tabiclv2,2,full,soft,1.0,3.0,1.9054025724116328,0.0024075185431567,42,256,D:\core-tfm\results\core_tfm_submission_full_v1\multi_seed\seed_42_train_256
marketing,tabiclv2,3,raw_only,j1,0.5,,1.7437869133451755,0.015789796737631,42,256,D:\core-tfm\results\core_tfm_submission_full_v1\multi_seed\seed_42_train_256
marketing,tabiclv2,3,pool_only,geometric,1.0,,1.7437869133451755,0.015789796737631,42,256,D:\core-tfm\results\core_tfm_submission_full_v1\multi_seed\seed_42_train_256
marketing,tabiclv2,3,repair_only,hard,0.0,,1.728107794723282,2.400090399826951e-13,42,256,D:\core-tfm\results\core_tfm_submission_full_v1\multi_seed\seed_42_train_256
marketing,tabiclv2,3,full,hard,0.0,,1.728107794723282,2.400090399826951e-13,42,256,D:\core-tfm\results\core_tfm_submission_full_v1\multi_seed\seed_42_train_256
marketing,tabiclv2,4,raw_only,j1,0.5,,1.6278744401467409,0.0142853297396061,42,256,D:\core-tfm\results\core_tfm_submission_full_v1\multi_seed\seed_42_train_256
marketing,tabiclv2,4,pool_only,geometric,0.5,,1.6182911056570086,0.0168615447305767,42,256,D:\core-tfm\results\core_tfm_submission_full_v1\multi_seed\seed_42_train_256
marketing,tabiclv2,4,repair_only,hard,1.0,,1.616656311647399,2.4424310155119705e-13,42,256,D:\core-tfm\results\core_tfm_submission_full_v1\multi_seed\seed_42_train_256
marketing,tabiclv2,4,full,hard,1.0,,1.616656311647399,2.4424310155119705e-13,42,256,D:\core-tfm\results\core_tfm_submission_full_v1\multi_seed\seed_42_train_256
marketing,tabiclv2,5,raw_only,j1,0.5,,1.793662242490205,0.0098168577569667,42,256,D:\core-tfm\results\core_tfm_submission_full_v1\multi_seed\seed_42_train_256
marketing,tabiclv2,5,pool_only,geometric,0.75,,1.786791250069212,0.0141734292601597,42,256,D:\core-tfm\results\core_tfm_submission_full_v1\multi_seed\seed_42_train_256
marketing,tabiclv2,5,repair_only,hard,1.0,,1.7869554223653452,1.8669315716984694e-13,42,256,D:\core-tfm\results\core_tfm_submission_full_v1\multi_seed\seed_42_train_256
marketing,tabiclv2,5,full,hard,1.0,,1.7869554223653452,1.8669315716984694e-13,42,256,D:\core-tfm\results\core_tfm_submission_full_v1\multi_seed\seed_42_train_256
marketing,tabpfn3,1,raw_only,j1,0.5,,1.7699670010555444,0.0088431842053948,42,256,D:\core-tfm\results\core_tfm_submission_full_v1\multi_seed\seed_42_train_256
marketing,tabpfn3,1,pool_only,geometric,1.0,,1.7699670010555444,0.0088431842053948,42,256,D:\core-tfm\results\core_tfm_submission_full_v1\multi_seed\seed_42_train_256
marketing,tabpfn3,1,repair_only,soft,1.0,0.03,1.7698899226452416,0.0086015925023763,42,256,D:\core-tfm\results\core_tfm_submission_full_v1\multi_seed\seed_42_train_256
marketing,tabpfn3,1,full,j1,0.5,,1.7699670010555444,0.0088431842053948,42,256,D:\core-tfm\results\core_tfm_submission_full_v1\multi_seed\seed_42_train_256
marketing,tabpfn3,2,raw_only,j1,0.5,,1.8173706033328032,0.0091171119553232,42,256,D:\core-tfm\results\core_tfm_submission_full_v1\multi_seed\seed_42_train_256
marketing,tabpfn3,2,pool_only,geometric,0.75,,1.8192885617104824,0.0077383745100641,42,256,D:\core-tfm\results\core_tfm_submission_full_v1\multi_seed\seed_42_train_256
marketing,tabpfn3,2,repair_only,soft,1.0,10.0,1.8259723998146804,0.0008849225697342,42,256,D:\core-tfm\results\core_tfm_submission_full_v1\multi_seed\seed_42_train_256
marketing,tabpfn3,2,full,soft,1.0,10.0,1.8259723998146804,0.0008849225697342,42,256,D:\core-tfm\results\core_tfm_submission_full_v1\multi_seed\seed_42_train_256
marketing,tabpfn3,3,raw_only,j2,0.5,,1.705877161354758,0.0039254020107312,42,256,D:\core-tfm\results\core_tfm_submission_full_v1\multi_seed\seed_42_train_256
marketing,tabpfn3,3,pool_only,geometric,0.0,,1.705877161354758,0.0039254020107312,42,256,D:\core-tfm\results\core_tfm_submission_full_v1\multi_seed\seed_42_train_256
marketing,tabpfn3,3,repair_only,soft,0.0,0.3,1.7042413517710164,0.0028800060976631,42,256,D:\core-tfm\results\core_tfm_submission_full_v1\multi_seed\seed_42_train_256
marketing,tabpfn3,3,full,soft,0.0,0.3,1.7042413517710164,0.0028800060976631,42,256,D:\core-tfm\results\core_tfm_submission_full_v1\multi_seed\seed_42_train_256
marketing,tabpfn3,4,raw_only,j1,0.5,,1.5855821142176652,0.0037130123112946,42,256,D:\core-tfm\results\core_tfm_submission_full_v1\multi_seed\seed_42_train_256
marketing,tabpfn3,4,pool_only,geometric,1.0,,1.5855821142176652,0.0037130123112946,42,256,D:\core-tfm\results\core_tfm_submission_full_v1\multi_seed\seed_42_train_256
marketing,tabpfn3,4,repair_only,soft,1.0,0.03,1.5855014433246029,0.0036114871561836,42,256,D:\core-tfm\results\core_tfm_submission_full_v1\multi_seed\seed_42_train_256
marketing,tabpfn3,4,full,j1,0.5,,1.5855821142176652,0.0037130123112946,42,256,D:\core-tfm\results\core_tfm_submission_full_v1\multi_seed\seed_42_train_256
marketing,tabpfn3,5,raw_only,j2,0.5,,1.7350768008694626,0.0084569885185822,42,256,D:\core-tfm\results\core_tfm_submission_full_v1\multi_seed\seed_42_train_256
marketing,tabpfn3,5,pool_only,geometric,0.0,,1.7350768008694626,0.0084569885185822,42,256,D:\core-tfm\results\core_tfm_submission_full_v1\multi_seed\seed_42_train_256
marketing,tabpfn3,5,repair_only,soft,0.0,0.03,1.735062081532491,0.0082282911597902,42,256,D:\core-tfm\results\core_tfm_submission_full_v1\multi_seed\seed_42_train_256
marketing,tabpfn3,5,full,j2,0.5,,1.7350768008694626,0.0084569885185822,42,256,D:\core-tfm\results\core_tfm_submission_full_v1\multi_seed\seed_42_train_256
marketing,catboost,1,raw_only,j1,0.5,,1.8444115978402384,0.0082336882726112,42,256,D:\core-tfm\results\core_tfm_submission_full_v1\multi_seed\seed_42_train_256
marketing,catboost,1,pool_only,geometric,0.5,,1.82786903234604,0.0190606825999654,42,256,D:\core-tfm\results\core_tfm_submission_full_v1\multi_seed\seed_42_train_256
marketing,catboost,1,repair_only,hard,1.0,,1.837938188808549,4.740636729743189e-15,42,256,D:\core-tfm\results\core_tfm_submission_full_v1\multi_seed\seed_42_train_256
marketing,catboost,1,full,hard,1.0,,1.837938188808549,4.740636729743189e-15,42,256,D:\core-tfm\results\core_tfm_submission_full_v1\multi_seed\seed_42_train_256
marketing,catboost,2,raw_only,j2,0.5,,1.8788151705315597,0.0240447746355061,42,256,D:\core-tfm\results\core_tfm_submission_full_v1\multi_seed\seed_42_train_256
marketing,catboost,2,pool_only,geometric,0.0,,1.8788151705315592,0.0240447746355061,42,256,D:\core-tfm\results\core_tfm_submission_full_v1\multi_seed\seed_42_train_256
marketing,catboost,2,repair_only,soft,0.0,0.03,1.878476648875436,0.0233511744070978,42,256,D:\core-tfm\results\core_tfm_submission_full_v1\multi_seed\seed_42_train_256
marketing,catboost,2,full,j2,0.5,,1.8788151705315597,0.0240447746355061,42,256,D:\core-tfm\results\core_tfm_submission_full_v1\multi_seed\seed_42_train_256
marketing,catboost,3,raw_only,j2,0.5,,1.734598365401375,0.0237402190211248,42,256,D:\core-tfm\results\core_tfm_submission_full_v1\multi_seed\seed_42_train_256
marketing,catboost,3,pool_only,geometric,0.0,,1.734598365401375,0.0237402190211248,42,256,D:\core-tfm\results\core_tfm_submission_full_v1\multi_seed\seed_42_train_256
marketing,catboost,3,repair_only,hard,0.0,,1.74521486270358,6.550044794745302e-15,42,256,D:\core-tfm\results\core_tfm_submission_full_v1\multi_seed\seed_42_train_256
marketing,catboost,3,full,hard,0.0,,1.74521486270358,6.550044794745302e-15,42,256,D:\core-tfm\results\core_tfm_submission_full_v1\multi_seed\seed_42_train_256
marketing,catboost,4,raw_only,j2,0.5,,1.7097606138415389,0.0233108233992537,42,256,D:\core-tfm\results\core_tfm_submission_full_v1\multi_seed\seed_42_train_256
marketing,catboost,4,pool_only,geometric,0.0,,1.7097606138415389,0.0233108233992537,42,256,D:\core-tfm\results\core_tfm_submission_full_v1\multi_seed\seed_42_train_256
marketing,catboost,4,repair_only,hard,0.0,,1.722597174757562,9.119554137998649e-14,42,256,D:\core-tfm\results\core_tfm_submission_full_v1\multi_seed\seed_42_train_256
marketing,catboost,4,full,hard,0.0,,1.722597174757562,9.119554137998649e-14,42,256,D:\core-tfm\results\core_tfm_submission_full_v1\multi_seed\seed_42_train_256
marketing,catboost,5,raw_only,j1,0.5,,1.8394642150485223,0.0068948477458501,42,256,D:\core-tfm\results\core_tfm_submission_full_v1\multi_seed\seed_42_train_256
marketing,catboost,5,pool_only,geometric,0.75,,1.842209524980336,0.0106538481876345,42,256,D:\core-tfm\results\core_tfm_submission_full_v1\multi_seed\seed_42_train_256
marketing,catboost,5,repair_only,hard,1.0,,1.8383907505464416,4.1271989013771763e-13,42,256,D:\core-tfm\results\core_tfm_submission_full_v1\multi_seed\seed_42_train_256
marketing,catboost,5,full,hard,1.0,,1.8383907505464416,4.1271989013771763e-13,42,256,D:\core-tfm\results\core_tfm_submission_full_v1\multi_seed\seed_42_train_256
phishing,tabiclv2,1,raw_only,j1,0.5,,0.718714339895253,0.0283456350928528,42,256,D:\core-tfm\results\core_tfm_submission_full_v1\multi_seed\seed_42_train_256
phishing,tabiclv2,1,pool_only,geometric,0.5,,0.7249594131948169,0.029594751578463,42,256,D:\core-tfm\results\core_tfm_submission_full_v1\multi_seed\seed_42_train_256
phishing,tabiclv2,1,repair_only,soft,0.5,0.03,0.7256375536170281,0.0290638434505862,42,256,D:\core-tfm\results\core_tfm_submission_full_v1\multi_seed\seed_42_train_256
phishing,tabiclv2,1,full,geometric,0.5,,0.7249594131948169,0.029594751578463,42,256,D:\core-tfm\results\core_tfm_submission_full_v1\multi_seed\seed_42_train_256
phishing,tabiclv2,2,raw_only,j1,0.5,,0.7876986677554452,0.0235016676941243,42,256,D:\core-tfm\results\core_tfm_submission_full_v1\multi_seed\seed_42_train_256
phishing,tabiclv2,2,pool_only,geometric,0.75,,0.7855723809329764,0.0257916368400266,42,256,D:\core-tfm\results\core_tfm_submission_full_v1\multi_seed\seed_42_train_256
phishing,tabiclv2,2,repair_only,soft,0.75,0.03,0.7860463644973297,0.0253763080306913,42,256,D:\core-tfm\results\core_tfm_submission_full_v1\multi_seed\seed_42_train_256
phishing,tabiclv2,2,full,geometric,0.75,,0.7855723809329764,0.0257916368400266,42,256,D:\core-tfm\results\core_tfm_submission_full_v1\multi_seed\seed_42_train_256
phishing,tabiclv2,3,raw_only,j1,0.5,,0.7789936509327722,0.0257910986283545,42,256,D:\core-tfm\results\core_tfm_submission_full_v1\multi_seed\seed_42_train_256
phishing,tabiclv2,3,pool_only,arithmetic,0.5,,0.7780279214504852,0.027448662799427,42,256,D:\core-tfm\results\core_tfm_submission_full_v1\multi_seed\seed_42_train_256
phishing,tabiclv2,3,repair_only,soft,0.0,1.0,0.7968182333415115,0.0202075929648103,42,256,D:\core-tfm\results\core_tfm_submission_full_v1\multi_seed\seed_42_train_256
phishing,tabiclv2,3,full,soft,0.0,1.0,0.7968182333415115,0.0202075929648103,42,256,D:\core-tfm\results\core_tfm_submission_full_v1\multi_seed\seed_42_train_256
phishing,tabiclv2,4,raw_only,j1,0.5,,0.8553921650863587,0.0245732789307893,42,256,D:\core-tfm\results\core_tfm_submission_full_v1\multi_seed\seed_42_train_256
phishing,tabiclv2,4,pool_only,geometric,0.5,,0.8418526303207361,0.0254064554493268,42,256,D:\core-tfm\results\core_tfm_submission_full_v1\multi_seed\seed_42_train_256
phishing,tabiclv2,4,repair_only,soft,0.5,0.03,0.8419646471777573,0.025080377757869,42,256,D:\core-tfm\results\core_tfm_submission_full_v1\multi_seed\seed_42_train_256
phishing,tabiclv2,4,full,geometric,0.5,,0.8418526303207361,0.0254064554493268,42,256,D:\core-tfm\results\core_tfm_submission_full_v1\multi_seed\seed_42_train_256
phishing,tabiclv2,5,raw_only,j1,0.5,,1.0625861124666702,0.0246366872899571,42,256,D:\core-tfm\results\core_tfm_submission_full_v1\multi_seed\seed_42_train_256
phishing,tabiclv2,5,pool_only,geometric,1.0,,1.0625861124666702,0.0246366872899571,42,256,D:\core-tfm\results\core_tfm_submission_full_v1\multi_seed\seed_42_train_256
phishing,tabiclv2,5,repair_only,soft,1.0,0.03,1.0623015696039635,0.0242345805438931,42,256,D:\core-tfm\results\core_tfm_submission_full_v1\multi_seed\seed_42_train_256
phishing,tabiclv2,5,full,j1,0.5,,1.0625861124666702,0.0246366872899571,42,256,D:\core-tfm\results\core_tfm_submission_full_v1\multi_seed\seed_42_train_256
phishing,tabpfn3,1,raw_only,j1,0.5,,0.723219740990651,0.0207526010547709,42,256,D:\core-tfm\results\core_tfm_submission_full_v1\multi_seed\seed_42_train_256
phishing,tabpfn3,1,pool_only,geometric,1.0,,0.7232197409906511,0.0207526010547709,42,256,D:\core-tfm\results\core_tfm_submission_full_v1\multi_seed\seed_42_train_256
phishing,tabpfn3,1,repair_only,soft,1.0,0.03,0.7233877362992355,0.0204681960303624,42,256,D:\core-tfm\results\core_tfm_submission_full_v1\multi_seed\seed_42_train_256
phishing,tabpfn3,1,full,j1,0.5,,0.723219740990651,0.0207526010547709,42,256,D:\core-tfm\results\core_tfm_submission_full_v1\multi_seed\seed_42_train_256
phishing,tabpfn3,2,raw_only,j2,0.5,,0.7775120212581386,0.0261961932022761,42,256,D:\core-tfm\results\core_tfm_submission_full_v1\multi_seed\seed_42_train_256
phishing,tabpfn3,2,pool_only,geometric,0.0,,0.7775120212581386,0.0261961932022761,42,256,D:\core-tfm\results\core_tfm_submission_full_v1\multi_seed\seed_42_train_256
phishing,tabpfn3,2,repair_only,soft,0.0,0.03,0.7779262335157697,0.0258273764402293,42,256,D:\core-tfm\results\core_tfm_submission_full_v1\multi_seed\seed_42_train_256
phishing,tabpfn3,2,full,j2,0.5,,0.7775120212581386,0.0261961932022761,42,256,D:\core-tfm\results\core_tfm_submission_full_v1\multi_seed\seed_42_train_256
phishing,tabpfn3,3,raw_only,j1,0.5,,0.7970347713916454,0.0205020251657757,42,256,D:\core-tfm\results\core_tfm_submission_full_v1\multi_seed\seed_42_train_256
phishing,tabpfn3,3,pool_only,geometric,0.75,,0.7941573377111635,0.0222396739068472,42,256,D:\core-tfm\results\core_tfm_submission_full_v1\multi_seed\seed_42_train_256
phishing,tabpfn3,3,repair_only,soft,0.75,0.03,0.7946230217213933,0.0218872183670837,42,256,D:\core-tfm\results\core_tfm_submission_full_v1\multi_seed\seed_42_train_256
phishing,tabpfn3,3,full,geometric,0.75,,0.7941573377111635,0.0222396739068472,42,256,D:\core-tfm\results\core_tfm_submission_full_v1\multi_seed\seed_42_train_256
phishing,tabpfn3,4,raw_only,j2,0.5,,0.8511614388115809,0.0242024511933388,42,256,D:\core-tfm\results\core_tfm_submission_full_v1\multi_seed\seed_42_train_256
phishing,tabpfn3,4,pool_only,geometric,0.0,,0.8511614388115809,0.0242024511933388,42,256,D:\core-tfm\results\core_tfm_submission_full_v1\multi_seed\seed_42_train_256
phishing,tabpfn3,4,repair_only,soft,0.0,0.03,0.8512017802040067,0.0239028965733564,42,256,D:\core-tfm\results\core_tfm_submission_full_v1\multi_seed\seed_42_train_256
phishing,tabpfn3,4,full,j2,0.5,,0.8511614388115809,0.0242024511933388,42,256,D:\core-tfm\results\core_tfm_submission_full_v1\multi_seed\seed_42_train_256
phishing,tabpfn3,5,raw_only,j1,0.5,,1.0189048970896186,0.0153382958990908,42,256,D:\core-tfm\results\core_tfm_submission_full_v1\multi_seed\seed_42_train_256
phishing,tabpfn3,5,pool_only,geometric,1.0,,1.0189048970896186,0.0153382958990909,42,256,D:\core-tfm\results\core_tfm_submission_full_v1\multi_seed\seed_42_train_256
phishing,tabpfn3,5,repair_only,soft,0.0,10.0,1.034439010350004,0.0030214301946162,42,256,D:\core-tfm\results\core_tfm_submission_full_v1\multi_seed\seed_42_train_256
phishing,tabpfn3,5,full,soft,0.0,10.0,1.034439010350004,0.0030214301946162,42,256,D:\core-tfm\results\core_tfm_submission_full_v1\multi_seed\seed_42_train_256
phishing,catboost,1,raw_only,j2,0.5,,0.9614053926637164,0.0308962785385984,42,256,D:\core-tfm\results\core_tfm_submission_full_v1\multi_seed\seed_42_train_256
phishing,catboost,1,pool_only,geometric,0.25,,0.955669479748482,0.0286705920739572,42,256,D:\core-tfm\results\core_tfm_submission_full_v1\multi_seed\seed_42_train_256
phishing,catboost,1,repair_only,soft,0.25,1.0,0.9588336522605312,0.0174286264189945,42,256,D:\core-tfm\results\core_tfm_submission_full_v1\multi_seed\seed_42_train_256
phishing,catboost,1,full,soft,0.25,1.0,0.9588336522605312,0.0174286264189945,42,256,D:\core-tfm\results\core_tfm_submission_full_v1\multi_seed\seed_42_train_256
phishing,catboost,2,raw_only,j2,0.5,,1.0294975251695342,0.0416329761137495,42,256,D:\core-tfm\results\core_tfm_submission_full_v1\multi_seed\seed_42_train_256
phishing,catboost,2,pool_only,geometric,0.25,,1.0320877826790906,0.0401742404928377,42,256,D:\core-tfm\results\core_tfm_submission_full_v1\multi_seed\seed_42_train_256
phishing,catboost,2,repair_only,soft,0.0,1.0,1.0264408289957196,0.0288180335764947,42,256,D:\core-tfm\results\core_tfm_submission_full_v1\multi_seed\seed_42_train_256
phishing,catboost,2,full,soft,0.0,1.0,1.0264408289957196,0.0288180335764947,42,256,D:\core-tfm\results\core_tfm_submission_full_v1\multi_seed\seed_42_train_256
phishing,catboost,3,raw_only,j2,0.5,,0.9883682946944226,0.0370356635219807,42,256,D:\core-tfm\results\core_tfm_submission_full_v1\multi_seed\seed_42_train_256
phishing,catboost,3,pool_only,geometric,0.0,,0.9883682946944226,0.0370356635219808,42,256,D:\core-tfm\results\core_tfm_submission_full_v1\multi_seed\seed_42_train_256
phishing,catboost,3,repair_only,soft,0.0,3.0,0.9801301303792398,0.015464319675964,42,256,D:\core-tfm\results\core_tfm_submission_full_v1\multi_seed\seed_42_train_256
phishing,catboost,3,full,soft,0.0,3.0,0.9801301303792398,0.015464319675964,42,256,D:\core-tfm\results\core_tfm_submission_full_v1\multi_seed\seed_42_train_256
phishing,catboost,4,raw_only,j2,0.5,,1.0780682443081433,0.0359229181319351,42,256,D:\core-tfm\results\core_tfm_submission_full_v1\multi_seed\seed_42_train_256
phishing,catboost,4,pool_only,geometric,0.5,,1.06862639327439,0.033367038302962,42,256,D:\core-tfm\results\core_tfm_submission_full_v1\multi_seed\seed_42_train_256
phishing,catboost,4,repair_only,soft,0.5,0.3,1.068791875374727,0.0269961627495077,42,256,D:\core-tfm\results\core_tfm_submission_full_v1\multi_seed\seed_42_train_256
phishing,catboost,4,full,soft,0.5,0.3,1.068791875374727,0.0269961627495077,42,256,D:\core-tfm\results\core_tfm_submission_full_v1\multi_seed\seed_42_train_256
phishing,catboost,5,raw_only,j2,0.5,,1.1771632427259724,0.0339374987995426,42,256,D:\core-tfm\results\core_tfm_submission_full_v1\multi_seed\seed_42_train_256
phishing,catboost,5,pool_only,geometric,0.0,,1.1771632427259728,0.0339374987995426,42,256,D:\core-tfm\results\core_tfm_submission_full_v1\multi_seed\seed_42_train_256
phishing,catboost,5,repair_only,soft,0.0,0.1,1.1749435153841876,0.0320697067329086,42,256,D:\core-tfm\results\core_tfm_submission_full_v1\multi_seed\seed_42_train_256
phishing,catboost,5,full,soft,0.0,0.1,1.1749435153841876,0.0320697067329086,42,256,D:\core-tfm\results\core_tfm_submission_full_v1\multi_seed\seed_42_train_256
anneal,tabiclv2,1,raw_only,j1,0.5,,0.3246449311351949,0.0045806684029847,71,256,D:\core-tfm\results\core_tfm_submission_full_v1\multi_seed\seed_71_train_256
anneal,tabiclv2,1,pool_only,arithmetic,0.5,,0.3056391234582203,0.0116395809539393,71,256,D:\core-tfm\results\core_tfm_submission_full_v1\multi_seed\seed_71_train_256
anneal,tabiclv2,1,repair_only,soft,1.0,0.03,0.3241087913658643,0.0044634014612759,71,256,D:\core-tfm\results\core_tfm_submission_full_v1\multi_seed\seed_71_train_256
anneal,tabiclv2,1,full,arithmetic,0.5,,0.3056391234582203,0.0116395809539393,71,256,D:\core-tfm\results\core_tfm_submission_full_v1\multi_seed\seed_71_train_256
anneal,tabiclv2,2,raw_only,j2,0.5,,0.3888663764023975,0.0141866608527194,71,256,D:\core-tfm\results\core_tfm_submission_full_v1\multi_seed\seed_71_train_256
anneal,tabiclv2,2,pool_only,geometric,0.0,,0.3888663764023975,0.0141866608527194,71,256,D:\core-tfm\results\core_tfm_submission_full_v1\multi_seed\seed_71_train_256
anneal,tabiclv2,2,repair_only,soft,0.0,0.03,0.3878913255057357,0.0138431005036025,71,256,D:\core-tfm\results\core_tfm_submission_full_v1\multi_seed\seed_71_train_256
anneal,tabiclv2,2,full,j2,0.5,,0.3888663764023975,0.0141866608527194,71,256,D:\core-tfm\results\core_tfm_submission_full_v1\multi_seed\seed_71_train_256
anneal,tabiclv2,3,raw_only,j1,0.5,,0.276060532320168,0.0041965125121552,71,256,D:\core-tfm\results\core_tfm_submission_full_v1\multi_seed\seed_71_train_256
anneal,tabiclv2,3,pool_only,geometric,1.0,,0.2760605323201681,0.0041965125121552,71,256,D:\core-tfm\results\core_tfm_submission_full_v1\multi_seed\seed_71_train_256
anneal,tabiclv2,3,repair_only,hard,1.0,,0.2774447699900062,1.7645622311497668e-13,71,256,D:\core-tfm\results\core_tfm_submission_full_v1\multi_seed\seed_71_train_256
anneal,tabiclv2,3,full,hard,1.0,,0.2774447699900062,1.7645622311497668e-13,71,256,D:\core-tfm\results\core_tfm_submission_full_v1\multi_seed\seed_71_train_256
anneal,tabiclv2,4,raw_only,j1,0.5,,0.2973998435920271,0.0020963386936146,71,256,D:\core-tfm\results\core_tfm_submission_full_v1\multi_seed\seed_71_train_256
anneal,tabiclv2,4,pool_only,geometric,0.75,,0.2874951322490606,0.0047408389808645,71,256,D:\core-tfm\results\core_tfm_submission_full_v1\multi_seed\seed_71_train_256
anneal,tabiclv2,4,repair_only,hard,0.5,,0.2933098437738543,9.391017353152424e-14,71,256,D:\core-tfm\results\core_tfm_submission_full_v1\multi_seed\seed_71_train_256
anneal,tabiclv2,4,full,hard,0.5,,0.2933098437738543,9.391017353152424e-14,71,256,D:\core-tfm\results\core_tfm_submission_full_v1\multi_seed\seed_71_train_256
anneal,tabiclv2,5,raw_only,j1,0.5,,0.3453018606963719,0.0039672054717537,71,256,D:\core-tfm\results\core_tfm_submission_full_v1\multi_seed\seed_71_train_256
anneal,tabiclv2,5,pool_only,geometric,1.0,,0.3453018606963719,0.0039672054717537,71,256,D:\core-tfm\results\core_tfm_submission_full_v1\multi_seed\seed_71_train_256
anneal,tabiclv2,5,repair_only,hard,1.0,,0.35255597069771,1.6547538323537865e-13,71,256,D:\core-tfm\results\core_tfm_submission_full_v1\multi_seed\seed_71_train_256
anneal,tabiclv2,5,full,hard,1.0,,0.35255597069771,1.6547538323537865e-13,71,256,D:\core-tfm\results\core_tfm_submission_full_v1\multi_seed\seed_71_train_256
anneal,tabpfn3,1,raw_only,j2,0.5,,0.3418239938812289,0.0120289391740391,71,256,D:\core-tfm\results\core_tfm_submission_full_v1\multi_seed\seed_71_train_256
anneal,tabpfn3,1,pool_only,geometric,0.0,,0.3418239938812289,0.0120289391740391,71,256,D:\core-tfm\results\core_tfm_submission_full_v1\multi_seed\seed_71_train_256
anneal,tabpfn3,1,repair_only,soft,0.0,0.3,0.3478057611028283,0.00998735992374,71,256,D:\core-tfm\results\core_tfm_submission_full_v1\multi_seed\seed_71_train_256
anneal,tabpfn3,1,full,soft,0.0,0.3,0.3478057611028283,0.00998735992374,71,256,D:\core-tfm\results\core_tfm_submission_full_v1\multi_seed\seed_71_train_256
anneal,tabpfn3,2,raw_only,j2,0.5,,0.3554711169890745,0.0066704647422331,71,256,D:\core-tfm\results\core_tfm_submission_full_v1\multi_seed\seed_71_train_256
anneal,tabpfn3,2,pool_only,geometric,0.5,,0.3509184848156818,0.0052298162214362,71,256,D:\core-tfm\results\core_tfm_submission_full_v1\multi_seed\seed_71_train_256
anneal,tabpfn3,2,repair_only,soft,0.5,0.03,0.3511022608117983,0.0050956309184911,71,256,D:\core-tfm\results\core_tfm_submission_full_v1\multi_seed\seed_71_train_256
anneal,tabpfn3,2,full,geometric,0.5,,0.3509184848156818,0.0052298162214362,71,256,D:\core-tfm\results\core_tfm_submission_full_v1\multi_seed\seed_71_train_256
anneal,tabpfn3,3,raw_only,j1,0.5,,0.2916719679973936,0.004650571428592,71,256,D:\core-tfm\results\core_tfm_submission_full_v1\multi_seed\seed_71_train_256
anneal,tabpfn3,3,pool_only,geometric,1.0,,0.2916719679973937,0.004650571428592,71,256,D:\core-tfm\results\core_tfm_submission_full_v1\multi_seed\seed_71_train_256
anneal,tabpfn3,3,repair_only,soft,1.0,1.0,0.28765772762804,0.002300714965932,71,256,D:\core-tfm\results\core_tfm_submission_full_v1\multi_seed\seed_71_train_256
anneal,tabpfn3,3,full,soft,1.0,1.0,0.28765772762804,0.002300714965932,71,256,D:\core-tfm\results\core_tfm_submission_full_v1\multi_seed\seed_71_train_256
anneal,tabpfn3,4,raw_only,j2,0.5,,0.2657159760013668,0.0102250846812607,71,256,D:\core-tfm\results\core_tfm_submission_full_v1\multi_seed\seed_71_train_256
anneal,tabpfn3,4,pool_only,geometric,0.0,,0.2657159760013668,0.0102250846812607,71,256,D:\core-tfm\results\core_tfm_submission_full_v1\multi_seed\seed_71_train_256
anneal,tabpfn3,4,repair_only,soft,0.0,0.03,0.265748037731352,0.0100513690005542,71,256,D:\core-tfm\results\core_tfm_submission_full_v1\multi_seed\seed_71_train_256
anneal,tabpfn3,4,full,j2,0.5,,0.2657159760013668,0.0102250846812607,71,256,D:\core-tfm\results\core_tfm_submission_full_v1\multi_seed\seed_71_train_256
anneal,tabpfn3,5,raw_only,j2,0.5,,0.3678294755052186,0.0135227280723595,71,256,D:\core-tfm\results\core_tfm_submission_full_v1\multi_seed\seed_71_train_256
anneal,tabpfn3,5,pool_only,geometric,0.0,,0.3678294755052186,0.0135227280723596,71,256,D:\core-tfm\results\core_tfm_submission_full_v1\multi_seed\seed_71_train_256
anneal,tabpfn3,5,repair_only,soft,0.0,0.03,0.3678635328515315,0.0132604161233308,71,256,D:\core-tfm\results\core_tfm_submission_full_v1\multi_seed\seed_71_train_256
anneal,tabpfn3,5,full,j2,0.5,,0.3678294755052186,0.0135227280723595,71,256,D:\core-tfm\results\core_tfm_submission_full_v1\multi_seed\seed_71_train_256
anneal,catboost,1,raw_only,j2,0.5,,0.8520610572766345,0.0245526433276939,71,256,D:\core-tfm\results\core_tfm_submission_full_v1\multi_seed\seed_71_train_256
anneal,catboost,1,pool_only,geometric,0.0,,0.8520610572766345,0.0245526433276939,71,256,D:\core-tfm\results\core_tfm_submission_full_v1\multi_seed\seed_71_train_256
anneal,catboost,1,repair_only,soft,0.0,0.03,0.8521725002439228,0.0238335661005932,71,256,D:\core-tfm\results\core_tfm_submission_full_v1\multi_seed\seed_71_train_256
anneal,catboost,1,full,j2,0.5,,0.8520610572766345,0.0245526433276939,71,256,D:\core-tfm\results\core_tfm_submission_full_v1\multi_seed\seed_71_train_256
anneal,catboost,2,raw_only,j1,0.5,,0.8816167085733102,0.0083294416079377,71,256,D:\core-tfm\results\core_tfm_submission_full_v1\multi_seed\seed_71_train_256
anneal,catboost,2,pool_only,geometric,1.0,,0.8816167085733102,0.0083294416079377,71,256,D:\core-tfm\results\core_tfm_submission_full_v1\multi_seed\seed_71_train_256
anneal,catboost,2,repair_only,soft,1.0,3.0,0.8714720287824582,0.0019282326730968,71,256,D:\core-tfm\results\core_tfm_submission_full_v1\multi_seed\seed_71_train_256
anneal,catboost,2,full,soft,1.0,3.0,0.8714720287824582,0.0019282326730968,71,256,D:\core-tfm\results\core_tfm_submission_full_v1\multi_seed\seed_71_train_256
anneal,catboost,3,raw_only,j1,0.5,,0.8753836645757236,0.0088265228973278,71,256,D:\core-tfm\results\core_tfm_submission_full_v1\multi_seed\seed_71_train_256
anneal,catboost,3,pool_only,geometric,0.75,,0.8633649512734318,0.0131546575404237,71,256,D:\core-tfm\results\core_tfm_submission_full_v1\multi_seed\seed_71_train_256
anneal,catboost,3,repair_only,soft,0.75,0.03,0.8636119050744258,0.0127703896733529,71,256,D:\core-tfm\results\core_tfm_submission_full_v1\multi_seed\seed_71_train_256
anneal,catboost,3,full,geometric,0.75,,0.8633649512734318,0.0131546575404237,71,256,D:\core-tfm\results\core_tfm_submission_full_v1\multi_seed\seed_71_train_256
anneal,catboost,4,raw_only,j1,0.5,,0.8746584751291899,0.0115255858337646,71,256,D:\core-tfm\results\core_tfm_submission_full_v1\multi_seed\seed_71_train_256
anneal,catboost,4,pool_only,geometric,0.75,,0.8691101911738188,0.0150097970251951,71,256,D:\core-tfm\results\core_tfm_submission_full_v1\multi_seed\seed_71_train_256
anneal,catboost,4,repair_only,soft,0.75,0.03,0.8685542966326387,0.0145616645985725,71,256,D:\core-tfm\results\core_tfm_submission_full_v1\multi_seed\seed_71_train_256
anneal,catboost,4,full,geometric,0.75,,0.8691101911738188,0.0150097970251951,71,256,D:\core-tfm\results\core_tfm_submission_full_v1\multi_seed\seed_71_train_256
anneal,catboost,5,raw_only,j2,0.5,,0.8956957333234866,0.0362817590441973,71,256,D:\core-tfm\results\core_tfm_submission_full_v1\multi_seed\seed_71_train_256
anneal,catboost,5,pool_only,geometric,0.0,,0.8956957333234867,0.0362817590441973,71,256,D:\core-tfm\results\core_tfm_submission_full_v1\multi_seed\seed_71_train_256
anneal,catboost,5,repair_only,soft,0.0,0.03,0.8948119860398993,0.0352164620803667,71,256,D:\core-tfm\results\core_tfm_submission_full_v1\multi_seed\seed_71_train_256
anneal,catboost,5,full,j2,0.5,,0.8956957333234866,0.0362817590441973,71,256,D:\core-tfm\results\core_tfm_submission_full_v1\multi_seed\seed_71_train_256
diamonds,tabiclv2,1,raw_only,j1,0.5,,2.0661225352210684,0.0214524112961644,71,256,D:\core-tfm\results\core_tfm_submission_full_v1\multi_seed\seed_71_train_256
diamonds,tabiclv2,1,pool_only,geometric,0.75,,2.05000746757671,0.027831289734851,71,256,D:\core-tfm\results\core_tfm_submission_full_v1\multi_seed\seed_71_train_256
diamonds,tabiclv2,1,repair_only,soft,0.0,10.0,2.0464002749142605,0.0046234144565948,71,256,D:\core-tfm\results\core_tfm_submission_full_v1\multi_seed\seed_71_train_256
diamonds,tabiclv2,1,full,soft,0.0,10.0,2.0464002749142605,0.0046234144565948,71,256,D:\core-tfm\results\core_tfm_submission_full_v1\multi_seed\seed_71_train_256
diamonds,tabiclv2,2,raw_only,j2,0.5,,2.081092145639158,0.0614867743768653,71,256,D:\core-tfm\results\core_tfm_submission_full_v1\multi_seed\seed_71_train_256
diamonds,tabiclv2,2,pool_only,arithmetic,0.5,,2.057862883807848,0.04186482956182,71,256,D:\core-tfm\results\core_tfm_submission_full_v1\multi_seed\seed_71_train_256
diamonds,tabiclv2,2,repair_only,soft,0.5,0.03,2.0633426834229884,0.0397192850642655,71,256,D:\core-tfm\results\core_tfm_submission_full_v1\multi_seed\seed_71_train_256
diamonds,tabiclv2,2,full,arithmetic,0.5,,2.057862883807848,0.04186482956182,71,256,D:\core-tfm\results\core_tfm_submission_full_v1\multi_seed\seed_71_train_256
diamonds,tabiclv2,3,raw_only,j2,0.5,,1.9786575241739777,0.0424546486711059,71,256,D:\core-tfm\results\core_tfm_submission_full_v1\multi_seed\seed_71_train_256
diamonds,tabiclv2,3,pool_only,geometric,0.5,,1.9486966722839536,0.0322126202307977,71,256,D:\core-tfm\results\core_tfm_submission_full_v1\multi_seed\seed_71_train_256
diamonds,tabiclv2,3,repair_only,soft,0.5,0.03,1.948579534989613,0.0312795639231367,71,256,D:\core-tfm\results\core_tfm_submission_full_v1\multi_seed\seed_71_train_256
diamonds,tabiclv2,3,full,geometric,0.5,,1.9486966722839536,0.0322126202307977,71,256,D:\core-tfm\results\core_tfm_submission_full_v1\multi_seed\seed_71_train_256
diamonds,tabiclv2,4,raw_only,j1,0.5,,2.242662099672534,0.0277899551383095,71,256,D:\core-tfm\results\core_tfm_submission_full_v1\multi_seed\seed_71_train_256
diamonds,tabiclv2,4,pool_only,arithmetic,0.5,,2.208107190606284,0.044719499011142,71,256,D:\core-tfm\results\core_tfm_submission_full_v1\multi_seed\seed_71_train_256
diamonds,tabiclv2,4,repair_only,soft,0.75,0.03,2.2197623116161576,0.0341514087077702,71,256,D:\core-tfm\results\core_tfm_submission_full_v1\multi_seed\seed_71_train_256
diamonds,tabiclv2,4,full,arithmetic,0.5,,2.208107190606284,0.044719499011142,71,256,D:\core-tfm\results\core_tfm_submission_full_v1\multi_seed\seed_71_train_256
diamonds,tabiclv2,5,raw_only,j2,0.5,,2.1649225658129585,0.0565188782336776,71,256,D:\core-tfm\results\core_tfm_submission_full_v1\multi_seed\seed_71_train_256
diamonds,tabiclv2,5,pool_only,geometric,0.0,,2.1649225658129585,0.0565188782336776,71,256,D:\core-tfm\results\core_tfm_submission_full_v1\multi_seed\seed_71_train_256
diamonds,tabiclv2,5,repair_only,soft,0.0,0.1,2.1634082393180845,0.0517652118854068,71,256,D:\core-tfm\results\core_tfm_submission_full_v1\multi_seed\seed_71_train_256
diamonds,tabiclv2,5,full,soft,0.0,0.1,2.1634082393180845,0.0517652118854068,71,256,D:\core-tfm\results\core_tfm_submission_full_v1\multi_seed\seed_71_train_256
diamonds,tabpfn3,1,raw_only,j2,0.5,,2.2433716909350423,0.0205276193875679,71,256,D:\core-tfm\results\core_tfm_submission_full_v1\multi_seed\seed_71_train_256
diamonds,tabpfn3,1,pool_only,geometric,0.0,,2.2433716909350423,0.0205276193875679,71,256,D:\core-tfm\results\core_tfm_submission_full_v1\multi_seed\seed_71_train_256
diamonds,tabpfn3,1,repair_only,hard,1.0,,2.271973669770082,1.2044692068733938e-13,71,256,D:\core-tfm\results\core_tfm_submission_full_v1\multi_seed\seed_71_train_256
diamonds,tabpfn3,1,full,hard,1.0,,2.271973669770082,1.2044692068733938e-13,71,256,D:\core-tfm\results\core_tfm_submission_full_v1\multi_seed\seed_71_train_256
diamonds,tabpfn3,2,raw_only,j2,0.5,,2.240013560252046,0.0228814335267067,71,256,D:\core-tfm\results\core_tfm_submission_full_v1\multi_seed\seed_71_train_256
diamonds,tabpfn3,2,pool_only,geometric,0.0,,2.240013560252046,0.0228814335267067,71,256,D:\core-tfm\results\core_tfm_submission_full_v1\multi_seed\seed_71_train_256
diamonds,tabpfn3,2,repair_only,soft,0.0,0.03,2.239874804800702,0.0222269134937483,71,256,D:\core-tfm\results\core_tfm_submission_full_v1\multi_seed\seed_71_train_256
diamonds,tabpfn3,2,full,soft,0.0,0.03,2.239874804800702,0.0222269134937483,71,256,D:\core-tfm\results\core_tfm_submission_full_v1\multi_seed\seed_71_train_256
diamonds,tabpfn3,3,raw_only,j1,0.5,,2.166392668313884,0.0125370827029718,71,256,D:\core-tfm\results\core_tfm_submission_full_v1\multi_seed\seed_71_train_256
diamonds,tabpfn3,3,pool_only,geometric,0.5,,2.17153804237825,0.0182556207997971,71,256,D:\core-tfm\results\core_tfm_submission_full_v1\multi_seed\seed_71_train_256
diamonds,tabpfn3,3,repair_only,hard,1.0,,2.15793315769265,3.9212357442337776e-15,71,256,D:\core-tfm\results\core_tfm_submission_full_v1\multi_seed\seed_71_train_256
diamonds,tabpfn3,3,full,hard,1.0,,2.15793315769265,3.9212357442337776e-15,71,256,D:\core-tfm\results\core_tfm_submission_full_v1\multi_seed\seed_71_train_256
diamonds,tabpfn3,4,raw_only,j2,0.5,,2.2851313759276684,0.0208461383199626,71,256,D:\core-tfm\results\core_tfm_submission_full_v1\multi_seed\seed_71_train_256
diamonds,tabpfn3,4,pool_only,geometric,0.0,,2.2851313759276684,0.0208461383199626,71,256,D:\core-tfm\results\core_tfm_submission_full_v1\multi_seed\seed_71_train_256
diamonds,tabpfn3,4,repair_only,soft,0.0,0.03,2.285060626363448,0.0202726210244258,71,256,D:\core-tfm\results\core_tfm_submission_full_v1\multi_seed\seed_71_train_256
diamonds,tabpfn3,4,full,j2,0.5,,2.2851313759276684,0.0208461383199626,71,256,D:\core-tfm\results\core_tfm_submission_full_v1\multi_seed\seed_71_train_256
diamonds,tabpfn3,5,raw_only,j2,0.5,,2.336622606333544,0.0181186500440237,71,256,D:\core-tfm\results\core_tfm_submission_full_v1\multi_seed\seed_71_train_256
diamonds,tabpfn3,5,pool_only,geometric,0.0,,2.336622606333544,0.0181186500440237,71,256,D:\core-tfm\results\core_tfm_submission_full_v1\multi_seed\seed_71_train_256
diamonds,tabpfn3,5,repair_only,hard,1.0,,2.34948956873047,2.7355409537486742e-14,71,256,D:\core-tfm\results\core_tfm_submission_full_v1\multi_seed\seed_71_train_256
diamonds,tabpfn3,5,full,hard,1.0,,2.34948956873047,2.7355409537486742e-14,71,256,D:\core-tfm\results\core_tfm_submission_full_v1\multi_seed\seed_71_train_256
diamonds,catboost,1,raw_only,j2,0.5,,2.8146547534030057,0.0308947861716187,71,256,D:\core-tfm\results\core_tfm_submission_full_v1\multi_seed\seed_71_train_256
diamonds,catboost,1,pool_only,geometric,0.0,,2.8146547534030057,0.0308947861716187,71,256,D:\core-tfm\results\core_tfm_submission_full_v1\multi_seed\seed_71_train_256
diamonds,catboost,1,repair_only,hard,0.25,,2.819139511515966,1.0560262313588125e-13,71,256,D:\core-tfm\results\core_tfm_submission_full_v1\multi_seed\seed_71_train_256
diamonds,catboost,1,full,hard,0.25,,2.819139511515966,1.0560262313588125e-13,71,256,D:\core-tfm\results\core_tfm_submission_full_v1\multi_seed\seed_71_train_256
diamonds,catboost,2,raw_only,j1,0.5,,2.8766222093430347,0.0242770883209147,71,256,D:\core-tfm\results\core_tfm_submission_full_v1\multi_seed\seed_71_train_256
diamonds,catboost,2,pool_only,geometric,0.75,,2.860829852214649,0.0248830043477455,71,256,D:\core-tfm\results\core_tfm_submission_full_v1\multi_seed\seed_71_train_256
diamonds,catboost,2,repair_only,soft,0.25,30.0,2.8495655253706893,0.0008540370617463,71,256,D:\core-tfm\results\core_tfm_submission_full_v1\multi_seed\seed_71_train_256
diamonds,catboost,2,full,soft,0.25,30.0,2.8495655253706893,0.0008540370617463,71,256,D:\core-tfm\results\core_tfm_submission_full_v1\multi_seed\seed_71_train_256
diamonds,catboost,3,raw_only,j1,0.5,,2.799300908565648,0.0205058229838167,71,256,D:\core-tfm\results\core_tfm_submission_full_v1\multi_seed\seed_71_train_256
diamonds,catboost,3,pool_only,geometric,0.5,,2.781296863342516,0.0262490644477295,71,256,D:\core-tfm\results\core_tfm_submission_full_v1\multi_seed\seed_71_train_256
diamonds,catboost,3,repair_only,soft,0.5,0.03,2.7813414281518645,0.0254870255913041,71,256,D:\core-tfm\results\core_tfm_submission_full_v1\multi_seed\seed_71_train_256
diamonds,catboost,3,full,geometric,0.5,,2.781296863342516,0.0262490644477295,71,256,D:\core-tfm\results\core_tfm_submission_full_v1\multi_seed\seed_71_train_256
diamonds,catboost,4,raw_only,j1,0.5,,2.8081341362896746,0.0185152638405618,71,256,D:\core-tfm\results\core_tfm_submission_full_v1\multi_seed\seed_71_train_256
diamonds,catboost,4,pool_only,arithmetic,0.5,,2.7887977690105257,0.0230462956723078,71,256,D:\core-tfm\results\core_tfm_submission_full_v1\multi_seed\seed_71_train_256
diamonds,catboost,4,repair_only,soft,0.75,0.03,2.7975332247760427,0.0201624286408139,71,256,D:\core-tfm\results\core_tfm_submission_full_v1\multi_seed\seed_71_train_256
diamonds,catboost,4,full,arithmetic,0.5,,2.7887977690105257,0.0230462956723078,71,256,D:\core-tfm\results\core_tfm_submission_full_v1\multi_seed\seed_71_train_256
diamonds,catboost,5,raw_only,j1,0.5,,2.7707915168574493,0.0204578762479,71,256,D:\core-tfm\results\core_tfm_submission_full_v1\multi_seed\seed_71_train_256
diamonds,catboost,5,pool_only,arithmetic,0.5,,2.7582021079219103,0.0255840166365175,71,256,D:\core-tfm\results\core_tfm_submission_full_v1\multi_seed\seed_71_train_256
diamonds,catboost,5,repair_only,hard,1.0,,2.7479031885215903,8.409783218660087e-14,71,256,D:\core-tfm\results\core_tfm_submission_full_v1\multi_seed\seed_71_train_256
diamonds,catboost,5,full,hard,1.0,,2.7479031885215903,8.409783218660087e-14,71,256,D:\core-tfm\results\core_tfm_submission_full_v1\multi_seed\seed_71_train_256
car,tabiclv2,1,raw_only,j1,0.5,,1.2344634475833491,0.0275125095403577,71,256,D:\core-tfm\results\core_tfm_submission_full_v1\multi_seed\seed_71_train_256
car,tabiclv2,1,pool_only,geometric,0.5,,1.234665260640603,0.029888555628564,71,256,D:\core-tfm\results\core_tfm_submission_full_v1\multi_seed\seed_71_train_256
car,tabiclv2,1,repair_only,soft,1.0,3.0,1.2260160125646236,0.0200673104669829,71,256,D:\core-tfm\results\core_tfm_submission_full_v1\multi_seed\seed_71_train_256
car,tabiclv2,1,full,soft,1.0,3.0,1.2260160125646236,0.0200673104669829,71,256,D:\core-tfm\results\core_tfm_submission_full_v1\multi_seed\seed_71_train_256
car,tabiclv2,2,raw_only,j1,0.5,,1.329681077776521,0.0293290515056985,71,256,D:\core-tfm\results\core_tfm_submission_full_v1\multi_seed\seed_71_train_256
car,tabiclv2,2,pool_only,geometric,1.0,,1.329681077776521,0.0293290515056985,71,256,D:\core-tfm\results\core_tfm_submission_full_v1\multi_seed\seed_71_train_256
car,tabiclv2,2,repair_only,soft,1.0,1.0,1.3218206986600864,0.0245019146164772,71,256,D:\core-tfm\results\core_tfm_submission_full_v1\multi_seed\seed_71_train_256
car,tabiclv2,2,full,soft,1.0,1.0,1.3218206986600864,0.0245019146164772,71,256,D:\core-tfm\results\core_tfm_submission_full_v1\multi_seed\seed_71_train_256
car,tabiclv2,3,raw_only,j1,0.5,,1.21329926263425,0.0215055672949006,71,256,D:\core-tfm\results\core_tfm_submission_full_v1\multi_seed\seed_71_train_256
car,tabiclv2,3,pool_only,geometric,1.0,,1.21329926263425,0.0215055672949006,71,256,D:\core-tfm\results\core_tfm_submission_full_v1\multi_seed\seed_71_train_256
car,tabiclv2,3,repair_only,soft,0.75,3.0,1.2175868041626563,0.0120451001428597,71,256,D:\core-tfm\results\core_tfm_submission_full_v1\multi_seed\seed_71_train_256
car,tabiclv2,3,full,soft,0.75,3.0,1.2175868041626563,0.0120451001428597,71,256,D:\core-tfm\results\core_tfm_submission_full_v1\multi_seed\seed_71_train_256
car,tabiclv2,4,raw_only,j1,0.5,,1.341133734670078,0.0405502248521649,71,256,D:\core-tfm\results\core_tfm_submission_full_v1\multi_seed\seed_71_train_256
car,tabiclv2,4,pool_only,geometric,1.0,,1.341133734670078,0.0405502248521649,71,256,D:\core-tfm\results\core_tfm_submission_full_v1\multi_seed\seed_71_train_256
car,tabiclv2,4,repair_only,soft,1.0,0.3,1.3388552326838243,0.038944716194968,71,256,D:\core-tfm\results\core_tfm_submission_full_v1\multi_seed\seed_71_train_256
car,tabiclv2,4,full,soft,1.0,0.3,1.3388552326838243,0.038944716194968,71,256,D:\core-tfm\results\core_tfm_submission_full_v1\multi_seed\seed_71_train_256
car,tabiclv2,5,raw_only,j1,0.5,,1.2961642483380316,0.0228959896141142,71,256,D:\core-tfm\results\core_tfm_submission_full_v1\multi_seed\seed_71_train_256
car,tabiclv2,5,pool_only,geometric,1.0,,1.2961642483380316,0.0228959896141142,71,256,D:\core-tfm\results\core_tfm_submission_full_v1\multi_seed\seed_71_train_256
car,tabiclv2,5,repair_only,soft,1.0,1.0,1.3219195501184478,0.018846326144539,71,256,D:\core-tfm\results\core_tfm_submission_full_v1\multi_seed\seed_71_train_256
car,tabiclv2,5,full,soft,1.0,1.0,1.3219195501184478,0.018846326144539,71,256,D:\core-tfm\results\core_tfm_submission_full_v1\multi_seed\seed_71_train_256
car,tabpfn3,1,raw_only,j1,0.5,,1.2339654914055616,0.0333954958269496,71,256,D:\core-tfm\results\core_tfm_submission_full_v1\multi_seed\seed_71_train_256
car,tabpfn3,1,pool_only,geometric,1.0,,1.2339654914055616,0.0333954958269496,71,256,D:\core-tfm\results\core_tfm_submission_full_v1\multi_seed\seed_71_train_256
car,tabpfn3,1,repair_only,soft,1.0,0.03,1.2335100098545015,0.0332076886465186,71,256,D:\core-tfm\results\core_tfm_submission_full_v1\multi_seed\seed_71_train_256
car,tabpfn3,1,full,j1,0.5,,1.2339654914055616,0.0333954958269496,71,256,D:\core-tfm\results\core_tfm_submission_full_v1\multi_seed\seed_71_train_256
car,tabpfn3,2,raw_only,j1,0.5,,1.3337015803837822,0.0400334850603961,71,256,D:\core-tfm\results\core_tfm_submission_full_v1\multi_seed\seed_71_train_256
car,tabpfn3,2,pool_only,geometric,1.0,,1.3337015803837824,0.0400334850603961,71,256,D:\core-tfm\results\core_tfm_submission_full_v1\multi_seed\seed_71_train_256
car,tabpfn3,2,repair_only,soft,1.0,0.1,1.3317007433918886,0.0391786537281957,71,256,D:\core-tfm\results\core_tfm_submission_full_v1\multi_seed\seed_71_train_256
car,tabpfn3,2,full,soft,1.0,0.1,1.3317007433918886,0.0391786537281957,71,256,D:\core-tfm\results\core_tfm_submission_full_v1\multi_seed\seed_71_train_256
car,tabpfn3,3,raw_only,j1,0.5,,1.224162637692358,0.0272219779084555,71,256,D:\core-tfm\results\core_tfm_submission_full_v1\multi_seed\seed_71_train_256
car,tabpfn3,3,pool_only,geometric,0.75,,1.2324874580561056,0.0285982492207239,71,256,D:\core-tfm\results\core_tfm_submission_full_v1\multi_seed\seed_71_train_256
car,tabpfn3,3,repair_only,soft,1.0,3.0,1.2368122374628918,0.0161365448288817,71,256,D:\core-tfm\results\core_tfm_submission_full_v1\multi_seed\seed_71_train_256
car,tabpfn3,3,full,soft,1.0,3.0,1.2368122374628918,0.0161365448288817,71,256,D:\core-tfm\results\core_tfm_submission_full_v1\multi_seed\seed_71_train_256
car,tabpfn3,4,raw_only,j1,0.5,,1.3243107564383882,0.0401567970383384,71,256,D:\core-tfm\results\core_tfm_submission_full_v1\multi_seed\seed_71_train_256
car,tabpfn3,4,pool_only,geometric,1.0,,1.3243107564383885,0.0401567970383384,71,256,D:\core-tfm\results\core_tfm_submission_full_v1\multi_seed\seed_71_train_256
car,tabpfn3,4,repair_only,soft,1.0,0.03,1.3243951597274175,0.0400823136414012,71,256,D:\core-tfm\results\core_tfm_submission_full_v1\multi_seed\seed_71_train_256
car,tabpfn3,4,full,j1,0.5,,1.3243107564383882,0.0401567970383384,71,256,D:\core-tfm\results\core_tfm_submission_full_v1\multi_seed\seed_71_train_256
car,tabpfn3,5,raw_only,j1,0.5,,1.2827995683359612,0.0278494319411908,71,256,D:\core-tfm\results\core_tfm_submission_full_v1\multi_seed\seed_71_train_256
car,tabpfn3,5,pool_only,geometric,1.0,,1.2827995683359612,0.0278494319411908,71,256,D:\core-tfm\results\core_tfm_submission_full_v1\multi_seed\seed_71_train_256
car,tabpfn3,5,repair_only,soft,1.0,0.3,1.2938981494575574,0.0261829195237855,71,256,D:\core-tfm\results\core_tfm_submission_full_v1\multi_seed\seed_71_train_256
car,tabpfn3,5,full,soft,1.0,0.3,1.2938981494575574,0.0261829195237855,71,256,D:\core-tfm\results\core_tfm_submission_full_v1\multi_seed\seed_71_train_256
car,catboost,1,raw_only,j1,0.5,,1.527784532757407,0.0162970544884443,71,256,D:\core-tfm\results\core_tfm_submission_full_v1\multi_seed\seed_71_train_256
car,catboost,1,pool_only,geometric,0.5,,1.5279298000378467,0.0259342718361816,71,256,D:\core-tfm\results\core_tfm_submission_full_v1\multi_seed\seed_71_train_256
car,catboost,1,repair_only,hard,1.0,,1.5229584870927435,3.2651723528729845e-13,71,256,D:\core-tfm\results\core_tfm_submission_full_v1\multi_seed\seed_71_train_256
car,catboost,1,full,hard,1.0,,1.5229584870927435,3.2651723528729845e-13,71,256,D:\core-tfm\results\core_tfm_submission_full_v1\multi_seed\seed_71_train_256
car,catboost,2,raw_only,j2,0.5,,1.6743570169525392,0.0475236061648439,71,256,D:\core-tfm\results\core_tfm_submission_full_v1\multi_seed\seed_71_train_256
car,catboost,2,pool_only,geometric,0.0,,1.6743570169525392,0.0475236061648439,71,256,D:\core-tfm\results\core_tfm_submission_full_v1\multi_seed\seed_71_train_256
car,catboost,2,repair_only,soft,0.0,3.0,1.65746805304581,0.0140548043255547,71,256,D:\core-tfm\results\core_tfm_submission_full_v1\multi_seed\seed_71_train_256
car,catboost,2,full,soft,0.0,3.0,1.65746805304581,0.0140548043255547,71,256,D:\core-tfm\results\core_tfm_submission_full_v1\multi_seed\seed_71_train_256
car,catboost,3,raw_only,j2,0.5,,1.6061827634670969,0.0466543201645966,71,256,D:\core-tfm\results\core_tfm_submission_full_v1\multi_seed\seed_71_train_256
car,catboost,3,pool_only,geometric,0.25,,1.5782018529096382,0.0396940790405185,71,256,D:\core-tfm\results\core_tfm_submission_full_v1\multi_seed\seed_71_train_256
car,catboost,3,repair_only,hard,1.0,,1.538001524818553,9.713647868372399e-13,71,256,D:\core-tfm\results\core_tfm_submission_full_v1\multi_seed\seed_71_train_256
car,catboost,3,full,hard,1.0,,1.538001524818553,9.713647868372399e-13,71,256,D:\core-tfm\results\core_tfm_submission_full_v1\multi_seed\seed_71_train_256
car,catboost,4,raw_only,j2,0.5,,1.6567680094044457,0.0336130203185036,71,256,D:\core-tfm\results\core_tfm_submission_full_v1\multi_seed\seed_71_train_256
car,catboost,4,pool_only,geometric,0.25,,1.644131838486767,0.028078220007215,71,256,D:\core-tfm\results\core_tfm_submission_full_v1\multi_seed\seed_71_train_256
car,catboost,4,repair_only,soft,0.5,3.0,1.6388859708267127,0.0064791856986081,71,256,D:\core-tfm\results\core_tfm_submission_full_v1\multi_seed\seed_71_train_256
car,catboost,4,full,soft,0.5,3.0,1.6388859708267127,0.0064791856986081,71,256,D:\core-tfm\results\core_tfm_submission_full_v1\multi_seed\seed_71_train_256
car,catboost,5,raw_only,j1,0.5,,1.6827428540367233,0.0236775795625056,71,256,D:\core-tfm\results\core_tfm_submission_full_v1\multi_seed\seed_71_train_256
car,catboost,5,pool_only,geometric,1.0,,1.6827428540367233,0.0236775795625056,71,256,D:\core-tfm\results\core_tfm_submission_full_v1\multi_seed\seed_71_train_256
car,catboost,5,repair_only,soft,1.0,0.03,1.6816474302749258,0.0233020809830941,71,256,D:\core-tfm\results\core_tfm_submission_full_v1\multi_seed\seed_71_train_256
car,catboost,5,full,j1,0.5,,1.6827428540367233,0.0236775795625056,71,256,D:\core-tfm\results\core_tfm_submission_full_v1\multi_seed\seed_71_train_256
nursery,tabiclv2,1,raw_only,j1,0.5,,1.3360286567924369,0.0556747815165923,71,256,D:\core-tfm\results\core_tfm_submission_full_v1\multi_seed\seed_71_train_256
nursery,tabiclv2,1,pool_only,geometric,1.0,,1.3360286567924369,0.0556747815165923,71,256,D:\core-tfm\results\core_tfm_submission_full_v1\multi_seed\seed_71_train_256
nursery,tabiclv2,1,repair_only,soft,1.0,0.03,1.336524979385886,0.0554036185929613,71,256,D:\core-tfm\results\core_tfm_submission_full_v1\multi_seed\seed_71_train_256
nursery,tabiclv2,1,full,j1,0.5,,1.3360286567924369,0.0556747815165923,71,256,D:\core-tfm\results\core_tfm_submission_full_v1\multi_seed\seed_71_train_256
nursery,tabiclv2,2,raw_only,j2,0.5,,1.459855738960916,0.0521935817923513,71,256,D:\core-tfm\results\core_tfm_submission_full_v1\multi_seed\seed_71_train_256
nursery,tabiclv2,2,pool_only,geometric,0.0,,1.459855738960916,0.0521935817923514,71,256,D:\core-tfm\results\core_tfm_submission_full_v1\multi_seed\seed_71_train_256
nursery,tabiclv2,2,repair_only,soft,0.0,0.03,1.457665535685349,0.0518779671210118,71,256,D:\core-tfm\results\core_tfm_submission_full_v1\multi_seed\seed_71_train_256
nursery,tabiclv2,2,full,j2,0.5,,1.459855738960916,0.0521935817923513,71,256,D:\core-tfm\results\core_tfm_submission_full_v1\multi_seed\seed_71_train_256
nursery,tabiclv2,3,raw_only,j1,0.5,,1.3369663167031869,0.0413547499140971,71,256,D:\core-tfm\results\core_tfm_submission_full_v1\multi_seed\seed_71_train_256
nursery,tabiclv2,3,pool_only,geometric,1.0,,1.3369663167031869,0.0413547499140972,71,256,D:\core-tfm\results\core_tfm_submission_full_v1\multi_seed\seed_71_train_256
nursery,tabiclv2,3,repair_only,soft,1.0,3.0,1.3434991591336118,0.0330446608870715,71,256,D:\core-tfm\results\core_tfm_submission_full_v1\multi_seed\seed_71_train_256
nursery,tabiclv2,3,full,soft,1.0,3.0,1.3434991591336118,0.0330446608870715,71,256,D:\core-tfm\results\core_tfm_submission_full_v1\multi_seed\seed_71_train_256
nursery,tabiclv2,4,raw_only,j1,0.5,,1.244467607442231,0.0600114086144501,71,256,D:\core-tfm\results\core_tfm_submission_full_v1\multi_seed\seed_71_train_256
nursery,tabiclv2,4,pool_only,geometric,0.75,,1.2576727819568814,0.0621828303021422,71,256,D:\core-tfm\results\core_tfm_submission_full_v1\multi_seed\seed_71_train_256
nursery,tabiclv2,4,repair_only,soft,0.75,0.3,1.2661287196367002,0.0571699388431976,71,256,D:\core-tfm\results\core_tfm_submission_full_v1\multi_seed\seed_71_train_256
nursery,tabiclv2,4,full,soft,0.75,0.3,1.2661287196367002,0.0571699388431976,71,256,D:\core-tfm\results\core_tfm_submission_full_v1\multi_seed\seed_71_train_256
nursery,tabiclv2,5,raw_only,j2,0.5,,1.3770048615962116,0.046293250247165,71,256,D:\core-tfm\results\core_tfm_submission_full_v1\multi_seed\seed_71_train_256
nursery,tabiclv2,5,pool_only,arithmetic,0.5,,1.375241993749334,0.0470500186598167,71,256,D:\core-tfm\results\core_tfm_submission_full_v1\multi_seed\seed_71_train_256
nursery,tabiclv2,5,repair_only,soft,0.5,0.03,1.3893108017151845,0.0480472165132657,71,256,D:\core-tfm\results\core_tfm_submission_full_v1\multi_seed\seed_71_train_256
nursery,tabiclv2,5,full,arithmetic,0.5,,1.375241993749334,0.0470500186598167,71,256,D:\core-tfm\results\core_tfm_submission_full_v1\multi_seed\seed_71_train_256
nursery,tabpfn3,1,raw_only,j1,0.5,,1.3467703951004244,0.0410583156368331,71,256,D:\core-tfm\results\core_tfm_submission_full_v1\multi_seed\seed_71_train_256
nursery,tabpfn3,1,pool_only,geometric,1.0,,1.3467703951004244,0.0410583156368331,71,256,D:\core-tfm\results\core_tfm_submission_full_v1\multi_seed\seed_71_train_256
nursery,tabpfn3,1,repair_only,soft,1.0,0.03,1.347459530470903,0.0408402980113406,71,256,D:\core-tfm\results\core_tfm_submission_full_v1\multi_seed\seed_71_train_256
nursery,tabpfn3,1,full,j1,0.5,,1.3467703951004244,0.0410583156368331,71,256,D:\core-tfm\results\core_tfm_submission_full_v1\multi_seed\seed_71_train_256
nursery,tabpfn3,2,raw_only,j2,0.5,,1.4337056254263818,0.0492192471799038,71,256,D:\core-tfm\results\core_tfm_submission_full_v1\multi_seed\seed_71_train_256
nursery,tabpfn3,2,pool_only,geometric,0.25,,1.4194796340175673,0.0478444232555006,71,256,D:\core-tfm\results\core_tfm_submission_full_v1\multi_seed\seed_71_train_256
nursery,tabpfn3,2,repair_only,soft,0.25,0.03,1.418390620726217,0.0474723203735302,71,256,D:\core-tfm\results\core_tfm_submission_full_v1\multi_seed\seed_71_train_256
nursery,tabpfn3,2,full,geometric,0.25,,1.4194796340175673,0.0478444232555006,71,256,D:\core-tfm\results\core_tfm_submission_full_v1\multi_seed\seed_71_train_256
nursery,tabpfn3,3,raw_only,j1,0.5,,1.3511014079692605,0.0358978578878611,71,256,D:\core-tfm\results\core_tfm_submission_full_v1\multi_seed\seed_71_train_256
nursery,tabpfn3,3,pool_only,geometric,1.0,,1.3511014079692605,0.0358978578878611,71,256,D:\core-tfm\results\core_tfm_submission_full_v1\multi_seed\seed_71_train_256
nursery,tabpfn3,3,repair_only,soft,1.0,0.03,1.351914261489631,0.0357367308331402,71,256,D:\core-tfm\results\core_tfm_submission_full_v1\multi_seed\seed_71_train_256
nursery,tabpfn3,3,full,j1,0.5,,1.3511014079692605,0.0358978578878611,71,256,D:\core-tfm\results\core_tfm_submission_full_v1\multi_seed\seed_71_train_256
nursery,tabpfn3,4,raw_only,j1,0.5,,1.2923172760803303,0.0330851770447449,71,256,D:\core-tfm\results\core_tfm_submission_full_v1\multi_seed\seed_71_train_256
nursery,tabpfn3,4,pool_only,geometric,1.0,,1.2923172760803303,0.0330851770447449,71,256,D:\core-tfm\results\core_tfm_submission_full_v1\multi_seed\seed_71_train_256
nursery,tabpfn3,4,repair_only,soft,1.0,0.03,1.29340619350486,0.032873812258208,71,256,D:\core-tfm\results\core_tfm_submission_full_v1\multi_seed\seed_71_train_256
nursery,tabpfn3,4,full,j1,0.5,,1.2923172760803303,0.0330851770447449,71,256,D:\core-tfm\results\core_tfm_submission_full_v1\multi_seed\seed_71_train_256
nursery,tabpfn3,5,raw_only,j1,0.5,,1.4060709472669584,0.0315472930372613,71,256,D:\core-tfm\results\core_tfm_submission_full_v1\multi_seed\seed_71_train_256
nursery,tabpfn3,5,pool_only,geometric,1.0,,1.4060709472669584,0.0315472930372613,71,256,D:\core-tfm\results\core_tfm_submission_full_v1\multi_seed\seed_71_train_256
nursery,tabpfn3,5,repair_only,soft,1.0,0.03,1.4051798745527375,0.0314116757731894,71,256,D:\core-tfm\results\core_tfm_submission_full_v1\multi_seed\seed_71_train_256
nursery,tabpfn3,5,full,j1,0.5,,1.4060709472669584,0.0315472930372613,71,256,D:\core-tfm\results\core_tfm_submission_full_v1\multi_seed\seed_71_train_256
nursery,catboost,1,raw_only,j2,0.5,,1.5984528658418615,0.0275266673298476,71,256,D:\core-tfm\results\core_tfm_submission_full_v1\multi_seed\seed_71_train_256
nursery,catboost,1,pool_only,geometric,0.0,,1.5984528658418615,0.0275266673298476,71,256,D:\core-tfm\results\core_tfm_submission_full_v1\multi_seed\seed_71_train_256
nursery,catboost,1,repair_only,soft,0.0,0.03,1.5981415175730893,0.0274012766400985,71,256,D:\core-tfm\results\core_tfm_submission_full_v1\multi_seed\seed_71_train_256
nursery,catboost,1,full,soft,0.0,0.03,1.5981415175730893,0.0274012766400985,71,256,D:\core-tfm\results\core_tfm_submission_full_v1\multi_seed\seed_71_train_256
nursery,catboost,2,raw_only,j1,0.5,,1.5204260955459064,0.0331155543173288,71,256,D:\core-tfm\results\core_tfm_submission_full_v1\multi_seed\seed_71_train_256
nursery,catboost,2,pool_only,geometric,1.0,,1.5204260955459064,0.0331155543173288,71,256,D:\core-tfm\results\core_tfm_submission_full_v1\multi_seed\seed_71_train_256
nursery,catboost,2,repair_only,soft,1.0,0.03,1.5200894869501549,0.0328422989422284,71,256,D:\core-tfm\results\core_tfm_submission_full_v1\multi_seed\seed_71_train_256
nursery,catboost,2,full,j1,0.5,,1.5204260955459064,0.0331155543173288,71,256,D:\core-tfm\results\core_tfm_submission_full_v1\multi_seed\seed_71_train_256
nursery,catboost,3,raw_only,j1,0.5,,1.5443601812939964,0.0276952392727054,71,256,D:\core-tfm\results\core_tfm_submission_full_v1\multi_seed\seed_71_train_256
nursery,catboost,3,pool_only,geometric,1.0,,1.5443601812939964,0.0276952392727054,71,256,D:\core-tfm\results\core_tfm_submission_full_v1\multi_seed\seed_71_train_256
nursery,catboost,3,repair_only,soft,1.0,0.03,1.5439005912184462,0.0274933613513963,71,256,D:\core-tfm\results\core_tfm_submission_full_v1\multi_seed\seed_71_train_256
nursery,catboost,3,full,j1,0.5,,1.5443601812939964,0.0276952392727054,71,256,D:\core-tfm\results\core_tfm_submission_full_v1\multi_seed\seed_71_train_256
nursery,catboost,4,raw_only,j1,0.5,,1.573963226047001,0.0346631987302973,71,256,D:\core-tfm\results\core_tfm_submission_full_v1\multi_seed\seed_71_train_256
nursery,catboost,4,pool_only,geometric,0.75,,1.5788790833820063,0.0347983560114927,71,256,D:\core-tfm\results\core_tfm_submission_full_v1\multi_seed\seed_71_train_256
nursery,catboost,4,repair_only,soft,0.75,0.03,1.5793377538998956,0.0342604856053951,71,256,D:\core-tfm\results\core_tfm_submission_full_v1\multi_seed\seed_71_train_256
nursery,catboost,4,full,geometric,0.75,,1.5788790833820063,0.0347983560114927,71,256,D:\core-tfm\results\core_tfm_submission_full_v1\multi_seed\seed_71_train_256
nursery,catboost,5,raw_only,j1,0.5,,1.5601970514255972,0.0414606284316723,71,256,D:\core-tfm\results\core_tfm_submission_full_v1\multi_seed\seed_71_train_256
nursery,catboost,5,pool_only,geometric,0.75,,1.5443992611117556,0.0410336069256773,71,256,D:\core-tfm\results\core_tfm_submission_full_v1\multi_seed\seed_71_train_256
nursery,catboost,5,repair_only,soft,0.75,0.03,1.5444306989454994,0.0406203756671953,71,256,D:\core-tfm\results\core_tfm_submission_full_v1\multi_seed\seed_71_train_256
nursery,catboost,5,full,geometric,0.75,,1.5443992611117556,0.0410336069256773,71,256,D:\core-tfm\results\core_tfm_submission_full_v1\multi_seed\seed_71_train_256
wine,tabiclv2,1,raw_only,j2,0.5,,1.3238731081607855,0.002982001132013,71,256,D:\core-tfm\results\core_tfm_submission_full_v1\multi_seed\seed_71_train_256
wine,tabiclv2,1,pool_only,geometric,0.0,,1.3238731081607855,0.002982001132013,71,256,D:\core-tfm\results\core_tfm_submission_full_v1\multi_seed\seed_71_train_256
wine,tabiclv2,1,repair_only,soft,0.0,0.3,1.321690723415356,0.0027864782117121,71,256,D:\core-tfm\results\core_tfm_submission_full_v1\multi_seed\seed_71_train_256
wine,tabiclv2,1,full,soft,0.0,0.3,1.321690723415356,0.0027864782117121,71,256,D:\core-tfm\results\core_tfm_submission_full_v1\multi_seed\seed_71_train_256
wine,tabiclv2,2,raw_only,j1,0.5,,1.0897521317686452,0.0261624946517374,71,256,D:\core-tfm\results\core_tfm_submission_full_v1\multi_seed\seed_71_train_256
wine,tabiclv2,2,pool_only,geometric,0.75,,1.0841374389347984,0.020055154905607,71,256,D:\core-tfm\results\core_tfm_submission_full_v1\multi_seed\seed_71_train_256
wine,tabiclv2,2,repair_only,soft,0.75,0.03,1.0837920975327655,0.0195070618993428,71,256,D:\core-tfm\results\core_tfm_submission_full_v1\multi_seed\seed_71_train_256
wine,tabiclv2,2,full,soft,0.75,0.03,1.0837920975327655,0.0195070618993428,71,256,D:\core-tfm\results\core_tfm_submission_full_v1\multi_seed\seed_71_train_256
wine,tabiclv2,3,raw_only,j1,0.5,,1.0149954415374285,0.0314148831896532,71,256,D:\core-tfm\results\core_tfm_submission_full_v1\multi_seed\seed_71_train_256
wine,tabiclv2,3,pool_only,geometric,0.5,,1.0124676499370386,0.0164782431650972,71,256,D:\core-tfm\results\core_tfm_submission_full_v1\multi_seed\seed_71_train_256
wine,tabiclv2,3,repair_only,soft,0.5,0.1,1.0127749508348138,0.0150919708215214,71,256,D:\core-tfm\results\core_tfm_submission_full_v1\multi_seed\seed_71_train_256
wine,tabiclv2,3,full,soft,0.5,0.1,1.0127749508348138,0.0150919708215214,71,256,D:\core-tfm\results\core_tfm_submission_full_v1\multi_seed\seed_71_train_256
wine,tabiclv2,4,raw_only,j1,0.5,,1.1688172787781452,0.0270045040721654,71,256,D:\core-tfm\results\core_tfm_submission_full_v1\multi_seed\seed_71_train_256
wine,tabiclv2,4,pool_only,geometric,1.0,,1.1688172787781452,0.0270045040721654,71,256,D:\core-tfm\results\core_tfm_submission_full_v1\multi_seed\seed_71_train_256
wine,tabiclv2,4,repair_only,soft,1.0,0.03,1.1687109893927063,0.0262147649076902,71,256,D:\core-tfm\results\core_tfm_submission_full_v1\multi_seed\seed_71_train_256
wine,tabiclv2,4,full,j1,0.5,,1.1688172787781452,0.0270045040721654,71,256,D:\core-tfm\results\core_tfm_submission_full_v1\multi_seed\seed_71_train_256
wine,tabiclv2,5,raw_only,j2,0.5,,1.0394868479947934,0.0039030137317953,71,256,D:\core-tfm\results\core_tfm_submission_full_v1\multi_seed\seed_71_train_256
wine,tabiclv2,5,pool_only,geometric,0.0,,1.0394868479947934,0.0039030137317953,71,256,D:\core-tfm\results\core_tfm_submission_full_v1\multi_seed\seed_71_train_256
wine,tabiclv2,5,repair_only,soft,0.0,0.03,1.0392677576506997,0.0038600808836925,71,256,D:\core-tfm\results\core_tfm_submission_full_v1\multi_seed\seed_71_train_256
wine,tabiclv2,5,full,j2,0.5,,1.0394868479947934,0.0039030137317953,71,256,D:\core-tfm\results\core_tfm_submission_full_v1\multi_seed\seed_71_train_256
wine,tabpfn3,1,raw_only,j2,0.5,,1.245744299193433,0.0010353110420121,71,256,D:\core-tfm\results\core_tfm_submission_full_v1\multi_seed\seed_71_train_256
wine,tabpfn3,1,pool_only,geometric,0.25,,1.238808060311852,0.0045814604024447,71,256,D:\core-tfm\results\core_tfm_submission_full_v1\multi_seed\seed_71_train_256
wine,tabpfn3,1,repair_only,soft,0.5,1.0,1.2385452461174429,0.0043449064275946,71,256,D:\core-tfm\results\core_tfm_submission_full_v1\multi_seed\seed_71_train_256
wine,tabpfn3,1,full,soft,0.5,1.0,1.2385452461174429,0.0043449064275946,71,256,D:\core-tfm\results\core_tfm_submission_full_v1\multi_seed\seed_71_train_256
wine,tabpfn3,2,raw_only,j1,0.5,,1.0892478939275334,0.0149789902886012,71,256,D:\core-tfm\results\core_tfm_submission_full_v1\multi_seed\seed_71_train_256
wine,tabpfn3,2,pool_only,geometric,1.0,,1.0892478939275334,0.0149789902886012,71,256,D:\core-tfm\results\core_tfm_submission_full_v1\multi_seed\seed_71_train_256
wine,tabpfn3,2,repair_only,soft,1.0,0.03,1.0889205727352955,0.0146035667623521,71,256,D:\core-tfm\results\core_tfm_submission_full_v1\multi_seed\seed_71_train_256
wine,tabpfn3,2,full,j1,0.5,,1.0892478939275334,0.0149789902886012,71,256,D:\core-tfm\results\core_tfm_submission_full_v1\multi_seed\seed_71_train_256
wine,tabpfn3,3,raw_only,j1,0.5,,1.0239790430900353,0.013680217925844,71,256,D:\core-tfm\results\core_tfm_submission_full_v1\multi_seed\seed_71_train_256
wine,tabpfn3,3,pool_only,geometric,1.0,,1.0239790430900353,0.013680217925844,71,256,D:\core-tfm\results\core_tfm_submission_full_v1\multi_seed\seed_71_train_256
wine,tabpfn3,3,repair_only,soft,1.0,0.03,1.0239993930274902,0.0132857514066371,71,256,D:\core-tfm\results\core_tfm_submission_full_v1\multi_seed\seed_71_train_256
wine,tabpfn3,3,full,j1,0.5,,1.0239790430900353,0.013680217925844,71,256,D:\core-tfm\results\core_tfm_submission_full_v1\multi_seed\seed_71_train_256
wine,tabpfn3,4,raw_only,j1,0.5,,1.164232523040964,0.0136508205886154,71,256,D:\core-tfm\results\core_tfm_submission_full_v1\multi_seed\seed_71_train_256
wine,tabpfn3,4,pool_only,geometric,1.0,,1.164232523040964,0.0136508205886154,71,256,D:\core-tfm\results\core_tfm_submission_full_v1\multi_seed\seed_71_train_256
wine,tabpfn3,4,repair_only,soft,1.0,0.03,1.1634937435197754,0.0132886438682074,71,256,D:\core-tfm\results\core_tfm_submission_full_v1\multi_seed\seed_71_train_256
wine,tabpfn3,4,full,j1,0.5,,1.164232523040964,0.0136508205886154,71,256,D:\core-tfm\results\core_tfm_submission_full_v1\multi_seed\seed_71_train_256
wine,tabpfn3,5,raw_only,j1,0.5,,1.010740597428933,0.0179765615845916,71,256,D:\core-tfm\results\core_tfm_submission_full_v1\multi_seed\seed_71_train_256
wine,tabpfn3,5,pool_only,geometric,1.0,,1.0107405974289327,0.0179765615845916,71,256,D:\core-tfm\results\core_tfm_submission_full_v1\multi_seed\seed_71_train_256
wine,tabpfn3,5,repair_only,soft,1.0,0.3,1.010330802313153,0.0141618478001445,71,256,D:\core-tfm\results\core_tfm_submission_full_v1\multi_seed\seed_71_train_256
wine,tabpfn3,5,full,soft,1.0,0.3,1.010330802313153,0.0141618478001445,71,256,D:\core-tfm\results\core_tfm_submission_full_v1\multi_seed\seed_71_train_256
wine,catboost,1,raw_only,j1,0.5,,1.3905162856520166,0.0278438967154334,71,256,D:\core-tfm\results\core_tfm_submission_full_v1\multi_seed\seed_71_train_256
wine,catboost,1,pool_only,geometric,1.0,,1.3905162856520166,0.0278438967154334,71,256,D:\core-tfm\results\core_tfm_submission_full_v1\multi_seed\seed_71_train_256
wine,catboost,1,repair_only,soft,1.0,0.03,1.391378274301746,0.0270952836457466,71,256,D:\core-tfm\results\core_tfm_submission_full_v1\multi_seed\seed_71_train_256
wine,catboost,1,full,j1,0.5,,1.3905162856520166,0.0278438967154334,71,256,D:\core-tfm\results\core_tfm_submission_full_v1\multi_seed\seed_71_train_256
wine,catboost,2,raw_only,j1,0.5,,1.322271312461729,0.0275860131113631,71,256,D:\core-tfm\results\core_tfm_submission_full_v1\multi_seed\seed_71_train_256
wine,catboost,2,pool_only,geometric,1.0,,1.322271312461729,0.0275860131113632,71,256,D:\core-tfm\results\core_tfm_submission_full_v1\multi_seed\seed_71_train_256
wine,catboost,2,repair_only,soft,1.0,0.03,1.3218956189969329,0.0268342714144855,71,256,D:\core-tfm\results\core_tfm_submission_full_v1\multi_seed\seed_71_train_256
wine,catboost,2,full,j1,0.5,,1.322271312461729,0.0275860131113631,71,256,D:\core-tfm\results\core_tfm_submission_full_v1\multi_seed\seed_71_train_256
wine,catboost,3,raw_only,j1,0.5,,1.218361361496612,0.0289418820677645,71,256,D:\core-tfm\results\core_tfm_submission_full_v1\multi_seed\seed_71_train_256
wine,catboost,3,pool_only,geometric,1.0,,1.218361361496612,0.0289418820677645,71,256,D:\core-tfm\results\core_tfm_submission_full_v1\multi_seed\seed_71_train_256
wine,catboost,3,repair_only,soft,1.0,0.03,1.2186030649448027,0.0281343399037688,71,256,D:\core-tfm\results\core_tfm_submission_full_v1\multi_seed\seed_71_train_256
wine,catboost,3,full,j1,0.5,,1.218361361496612,0.0289418820677645,71,256,D:\core-tfm\results\core_tfm_submission_full_v1\multi_seed\seed_71_train_256
wine,catboost,4,raw_only,j1,0.5,,1.327750700673509,0.0298481533482246,71,256,D:\core-tfm\results\core_tfm_submission_full_v1\multi_seed\seed_71_train_256
wine,catboost,4,pool_only,geometric,1.0,,1.327750700673509,0.0298481533482246,71,256,D:\core-tfm\results\core_tfm_submission_full_v1\multi_seed\seed_71_train_256
wine,catboost,4,repair_only,soft,1.0,0.03,1.327208011686607,0.0290190942013338,71,256,D:\core-tfm\results\core_tfm_submission_full_v1\multi_seed\seed_71_train_256
wine,catboost,4,full,j1,0.5,,1.327750700673509,0.0298481533482246,71,256,D:\core-tfm\results\core_tfm_submission_full_v1\multi_seed\seed_71_train_256
wine,catboost,5,raw_only,j1,0.5,,1.2180227221091142,0.0297069719426149,71,256,D:\core-tfm\results\core_tfm_submission_full_v1\multi_seed\seed_71_train_256
wine,catboost,5,pool_only,geometric,1.0,,1.2180227221091142,0.029706971942615,71,256,D:\core-tfm\results\core_tfm_submission_full_v1\multi_seed\seed_71_train_256
wine,catboost,5,repair_only,soft,1.0,0.3,1.2180738004978608,0.023386035361353,71,256,D:\core-tfm\results\core_tfm_submission_full_v1\multi_seed\seed_71_train_256
wine,catboost,5,full,soft,1.0,0.3,1.2180738004978608,0.023386035361353,71,256,D:\core-tfm\results\core_tfm_submission_full_v1\multi_seed\seed_71_train_256
credit,tabiclv2,1,raw_only,j1,0.5,,1.7419686583994425,0.0248520258657434,71,256,D:\core-tfm\results\core_tfm_submission_full_v1\multi_seed\seed_71_train_256
credit,tabiclv2,1,pool_only,geometric,1.0,,1.7419686583994425,0.0248520258657434,71,256,D:\core-tfm\results\core_tfm_submission_full_v1\multi_seed\seed_71_train_256
credit,tabiclv2,1,repair_only,soft,1.0,0.03,1.742276016331618,0.0243371473419443,71,256,D:\core-tfm\results\core_tfm_submission_full_v1\multi_seed\seed_71_train_256
credit,tabiclv2,1,full,j1,0.5,,1.7419686583994425,0.0248520258657434,71,256,D:\core-tfm\results\core_tfm_submission_full_v1\multi_seed\seed_71_train_256
credit,tabiclv2,2,raw_only,j2,0.5,,1.6049543226705814,0.0255738268065552,71,256,D:\core-tfm\results\core_tfm_submission_full_v1\multi_seed\seed_71_train_256
credit,tabiclv2,2,pool_only,geometric,0.0,,1.6049543226705814,0.0255738268065552,71,256,D:\core-tfm\results\core_tfm_submission_full_v1\multi_seed\seed_71_train_256
credit,tabiclv2,2,repair_only,soft,0.0,0.3,1.6045428831196915,0.0206063833579662,71,256,D:\core-tfm\results\core_tfm_submission_full_v1\multi_seed\seed_71_train_256
credit,tabiclv2,2,full,soft,0.0,0.3,1.6045428831196915,0.0206063833579662,71,256,D:\core-tfm\results\core_tfm_submission_full_v1\multi_seed\seed_71_train_256
credit,tabiclv2,3,raw_only,j2,0.5,,1.7131876271600766,0.0230487168240956,71,256,D:\core-tfm\results\core_tfm_submission_full_v1\multi_seed\seed_71_train_256
credit,tabiclv2,3,pool_only,arithmetic,0.5,,1.7023057817995355,0.0224357681846347,71,256,D:\core-tfm\results\core_tfm_submission_full_v1\multi_seed\seed_71_train_256
credit,tabiclv2,3,repair_only,soft,0.5,1.0,1.713922409552736,0.0119108987068583,71,256,D:\core-tfm\results\core_tfm_submission_full_v1\multi_seed\seed_71_train_256
credit,tabiclv2,3,full,arithmetic,0.5,,1.7023057817995355,0.0224357681846347,71,256,D:\core-tfm\results\core_tfm_submission_full_v1\multi_seed\seed_71_train_256
credit,tabiclv2,4,raw_only,j1,0.5,,1.716233888210978,0.014474589692478,71,256,D:\core-tfm\results\core_tfm_submission_full_v1\multi_seed\seed_71_train_256
credit,tabiclv2,4,pool_only,arithmetic,0.5,,1.7024697880307724,0.0188686282286891,71,256,D:\core-tfm\results\core_tfm_submission_full_v1\multi_seed\seed_71_train_256
credit,tabiclv2,4,repair_only,soft,0.0,1.0,1.7038859594764475,0.0126603831637794,71,256,D:\core-tfm\results\core_tfm_submission_full_v1\multi_seed\seed_71_train_256
credit,tabiclv2,4,full,arithmetic,0.5,,1.7024697880307724,0.0188686282286891,71,256,D:\core-tfm\results\core_tfm_submission_full_v1\multi_seed\seed_71_train_256
credit,tabiclv2,5,raw_only,j2,0.5,,1.74803293566637,0.0252840234227087,71,256,D:\core-tfm\results\core_tfm_submission_full_v1\multi_seed\seed_71_train_256
credit,tabiclv2,5,pool_only,geometric,0.0,,1.74803293566637,0.0252840234227087,71,256,D:\core-tfm\results\core_tfm_submission_full_v1\multi_seed\seed_71_train_256
credit,tabiclv2,5,repair_only,soft,0.0,1.0,1.7479349127100623,0.0146572567235857,71,256,D:\core-tfm\results\core_tfm_submission_full_v1\multi_seed\seed_71_train_256
credit,tabiclv2,5,full,soft,0.0,1.0,1.7479349127100623,0.0146572567235857,71,256,D:\core-tfm\results\core_tfm_submission_full_v1\multi_seed\seed_71_train_256
credit,tabpfn3,1,raw_only,j1,0.5,,1.6951861508696195,0.0112078381903742,71,256,D:\core-tfm\results\core_tfm_submission_full_v1\multi_seed\seed_71_train_256
credit,tabpfn3,1,pool_only,geometric,1.0,,1.6951861508696195,0.0112078381903742,71,256,D:\core-tfm\results\core_tfm_submission_full_v1\multi_seed\seed_71_train_256
credit,tabpfn3,1,repair_only,soft,1.0,0.03,1.6954467112134992,0.0109831513206854,71,256,D:\core-tfm\results\core_tfm_submission_full_v1\multi_seed\seed_71_train_256
credit,tabpfn3,1,full,j1,0.5,,1.6951861508696195,0.0112078381903742,71,256,D:\core-tfm\results\core_tfm_submission_full_v1\multi_seed\seed_71_train_256
credit,tabpfn3,2,raw_only,j2,0.5,,1.6454498636906043,0.0170394714973408,71,256,D:\core-tfm\results\core_tfm_submission_full_v1\multi_seed\seed_71_train_256
credit,tabpfn3,2,pool_only,geometric,0.0,,1.6454498636906043,0.0170394714973408,71,256,D:\core-tfm\results\core_tfm_submission_full_v1\multi_seed\seed_71_train_256
credit,tabpfn3,2,repair_only,soft,0.0,0.1,1.646157833145495,0.0157942213504069,71,256,D:\core-tfm\results\core_tfm_submission_full_v1\multi_seed\seed_71_train_256
credit,tabpfn3,2,full,soft,0.0,0.1,1.646157833145495,0.0157942213504069,71,256,D:\core-tfm\results\core_tfm_submission_full_v1\multi_seed\seed_71_train_256
credit,tabpfn3,3,raw_only,j1,0.5,,1.6734165783125263,0.0162451859241322,71,256,D:\core-tfm\results\core_tfm_submission_full_v1\multi_seed\seed_71_train_256
credit,tabpfn3,3,pool_only,arithmetic,0.5,,1.671490861843222,0.0201110589752375,71,256,D:\core-tfm\results\core_tfm_submission_full_v1\multi_seed\seed_71_train_256
credit,tabpfn3,3,repair_only,soft,0.75,1.0,1.6753110579989494,0.0101192750584771,71,256,D:\core-tfm\results\core_tfm_submission_full_v1\multi_seed\seed_71_train_256
credit,tabpfn3,3,full,soft,0.75,1.0,1.6753110579989494,0.0101192750584771,71,256,D:\core-tfm\results\core_tfm_submission_full_v1\multi_seed\seed_71_train_256
credit,tabpfn3,4,raw_only,j1,0.5,,1.6915432722887744,0.0099751783838042,71,256,D:\core-tfm\results\core_tfm_submission_full_v1\multi_seed\seed_71_train_256
credit,tabpfn3,4,pool_only,geometric,1.0,,1.6915432722887744,0.0099751783838042,71,256,D:\core-tfm\results\core_tfm_submission_full_v1\multi_seed\seed_71_train_256
credit,tabpfn3,4,repair_only,hard,1.0,,1.6921421260099812,6.902937694109462e-14,71,256,D:\core-tfm\results\core_tfm_submission_full_v1\multi_seed\seed_71_train_256
credit,tabpfn3,4,full,hard,1.0,,1.6921421260099812,6.902937694109462e-14,71,256,D:\core-tfm\results\core_tfm_submission_full_v1\multi_seed\seed_71_train_256
credit,tabpfn3,5,raw_only,j1,0.5,,1.7600744038856928,0.014178313304417,71,256,D:\core-tfm\results\core_tfm_submission_full_v1\multi_seed\seed_71_train_256
credit,tabpfn3,5,pool_only,geometric,1.0,,1.760074403885693,0.014178313304417,71,256,D:\core-tfm\results\core_tfm_submission_full_v1\multi_seed\seed_71_train_256
credit,tabpfn3,5,repair_only,soft,1.0,0.03,1.7598982302509922,0.0139222693437812,71,256,D:\core-tfm\results\core_tfm_submission_full_v1\multi_seed\seed_71_train_256
credit,tabpfn3,5,full,j1,0.5,,1.7600744038856928,0.014178313304417,71,256,D:\core-tfm\results\core_tfm_submission_full_v1\multi_seed\seed_71_train_256
credit,catboost,1,raw_only,j2,0.5,,1.7026776503755938,0.0199857237168989,71,256,D:\core-tfm\results\core_tfm_submission_full_v1\multi_seed\seed_71_train_256
credit,catboost,1,pool_only,geometric,0.0,,1.7026776503755938,0.0199857237168989,71,256,D:\core-tfm\results\core_tfm_submission_full_v1\multi_seed\seed_71_train_256
credit,catboost,1,repair_only,soft,0.0,0.03,1.702672604080372,0.0194674580174797,71,256,D:\core-tfm\results\core_tfm_submission_full_v1\multi_seed\seed_71_train_256
credit,catboost,1,full,j2,0.5,,1.7026776503755938,0.0199857237168989,71,256,D:\core-tfm\results\core_tfm_submission_full_v1\multi_seed\seed_71_train_256
credit,catboost,2,raw_only,j1,0.5,,1.6933318055870192,0.0199384390824821,71,256,D:\core-tfm\results\core_tfm_submission_full_v1\multi_seed\seed_71_train_256
credit,catboost,2,pool_only,geometric,0.75,,1.6939910854721347,0.0199042104841171,71,256,D:\core-tfm\results\core_tfm_submission_full_v1\multi_seed\seed_71_train_256
credit,catboost,2,repair_only,hard,1.0,,1.687667383347066,5.827475546386909e-14,71,256,D:\core-tfm\results\core_tfm_submission_full_v1\multi_seed\seed_71_train_256
credit,catboost,2,full,hard,1.0,,1.687667383347066,5.827475546386909e-14,71,256,D:\core-tfm\results\core_tfm_submission_full_v1\multi_seed\seed_71_train_256
credit,catboost,3,raw_only,j2,0.5,,1.7479297285416548,0.0264431833832248,71,256,D:\core-tfm\results\core_tfm_submission_full_v1\multi_seed\seed_71_train_256
credit,catboost,3,pool_only,geometric,0.25,,1.7409406842335111,0.025031205309452,71,256,D:\core-tfm\results\core_tfm_submission_full_v1\multi_seed\seed_71_train_256
credit,catboost,3,repair_only,hard,1.0,,1.7593281763529731,6.435379708508507e-13,71,256,D:\core-tfm\results\core_tfm_submission_full_v1\multi_seed\seed_71_train_256
credit,catboost,3,full,hard,1.0,,1.7593281763529731,6.435379708508507e-13,71,256,D:\core-tfm\results\core_tfm_submission_full_v1\multi_seed\seed_71_train_256
credit,catboost,4,raw_only,j1,0.5,,1.6958704057510163,0.0175343589082552,71,256,D:\core-tfm\results\core_tfm_submission_full_v1\multi_seed\seed_71_train_256
credit,catboost,4,pool_only,geometric,1.0,,1.6958704057510163,0.0175343589082552,71,256,D:\core-tfm\results\core_tfm_submission_full_v1\multi_seed\seed_71_train_256
credit,catboost,4,repair_only,soft,1.0,1.0,1.6955822680412638,0.0097281589345551,71,256,D:\core-tfm\results\core_tfm_submission_full_v1\multi_seed\seed_71_train_256
credit,catboost,4,full,soft,1.0,1.0,1.6955822680412638,0.0097281589345551,71,256,D:\core-tfm\results\core_tfm_submission_full_v1\multi_seed\seed_71_train_256
credit,catboost,5,raw_only,j2,0.5,,1.7676206703122015,0.031366272198156,71,256,D:\core-tfm\results\core_tfm_submission_full_v1\multi_seed\seed_71_train_256
credit,catboost,5,pool_only,arithmetic,0.5,,1.7542195258611235,0.0242092671015519,71,256,D:\core-tfm\results\core_tfm_submission_full_v1\multi_seed\seed_71_train_256
credit,catboost,5,repair_only,soft,0.5,0.03,1.752428455269211,0.023397421309322,71,256,D:\core-tfm\results\core_tfm_submission_full_v1\multi_seed\seed_71_train_256
credit,catboost,5,full,arithmetic,0.5,,1.7542195258611235,0.0242092671015519,71,256,D:\core-tfm\results\core_tfm_submission_full_v1\multi_seed\seed_71_train_256
mic,tabiclv2,1,raw_only,j1,0.5,,0.8959988492795827,0.0137473203347719,71,256,D:\core-tfm\results\core_tfm_submission_full_v1\multi_seed\seed_71_train_256
mic,tabiclv2,1,pool_only,geometric,0.75,,0.8974370830689947,0.0144662040219786,71,256,D:\core-tfm\results\core_tfm_submission_full_v1\multi_seed\seed_71_train_256
mic,tabiclv2,1,repair_only,hard,0.0,,0.9053865037501528,4.9396922675566774e-14,71,256,D:\core-tfm\results\core_tfm_submission_full_v1\multi_seed\seed_71_train_256
mic,tabiclv2,1,full,hard,0.0,,0.9053865037501528,4.9396922675566774e-14,71,256,D:\core-tfm\results\core_tfm_submission_full_v1\multi_seed\seed_71_train_256
mic,tabiclv2,2,raw_only,j1,0.5,,0.9524040415331292,0.0132489425897768,71,256,D:\core-tfm\results\core_tfm_submission_full_v1\multi_seed\seed_71_train_256
mic,tabiclv2,2,pool_only,geometric,1.0,,0.9524040415331292,0.0132489425897768,71,256,D:\core-tfm\results\core_tfm_submission_full_v1\multi_seed\seed_71_train_256
mic,tabiclv2,2,repair_only,soft,1.0,0.03,0.9518483777980132,0.0128394323252744,71,256,D:\core-tfm\results\core_tfm_submission_full_v1\multi_seed\seed_71_train_256
mic,tabiclv2,2,full,j1,0.5,,0.9524040415331292,0.0132489425897768,71,256,D:\core-tfm\results\core_tfm_submission_full_v1\multi_seed\seed_71_train_256
mic,tabiclv2,3,raw_only,j1,0.5,,1.010055344843511,0.0164156524103054,71,256,D:\core-tfm\results\core_tfm_submission_full_v1\multi_seed\seed_71_train_256
mic,tabiclv2,3,pool_only,geometric,0.5,,1.0069694008727306,0.0136236569625811,71,256,D:\core-tfm\results\core_tfm_submission_full_v1\multi_seed\seed_71_train_256
mic,tabiclv2,3,repair_only,hard,1.0,,1.0153628185216732,1.5985994722952096e-13,71,256,D:\core-tfm\results\core_tfm_submission_full_v1\multi_seed\seed_71_train_256
mic,tabiclv2,3,full,hard,1.0,,1.0153628185216732,1.5985994722952096e-13,71,256,D:\core-tfm\results\core_tfm_submission_full_v1\multi_seed\seed_71_train_256
mic,tabiclv2,4,raw_only,j2,0.5,,1.1459261613875515,0.0185406689347448,71,256,D:\core-tfm\results\core_tfm_submission_full_v1\multi_seed\seed_71_train_256
mic,tabiclv2,4,pool_only,arithmetic,0.5,,1.1128459757416325,0.0203367456831067,71,256,D:\core-tfm\results\core_tfm_submission_full_v1\multi_seed\seed_71_train_256
mic,tabiclv2,4,repair_only,soft,0.5,0.03,1.114134406650794,0.019832610281498,71,256,D:\core-tfm\results\core_tfm_submission_full_v1\multi_seed\seed_71_train_256
mic,tabiclv2,4,full,arithmetic,0.5,,1.1128459757416325,0.0203367456831067,71,256,D:\core-tfm\results\core_tfm_submission_full_v1\multi_seed\seed_71_train_256
mic,tabiclv2,5,raw_only,j2,0.5,,1.16636705196819,0.0111785216204991,71,256,D:\core-tfm\results\core_tfm_submission_full_v1\multi_seed\seed_71_train_256
mic,tabiclv2,5,pool_only,geometric,0.0,,1.16636705196819,0.0111785216204991,71,256,D:\core-tfm\results\core_tfm_submission_full_v1\multi_seed\seed_71_train_256
mic,tabiclv2,5,repair_only,soft,0.0,0.03,1.1666415682413382,0.0108722427034662,71,256,D:\core-tfm\results\core_tfm_submission_full_v1\multi_seed\seed_71_train_256
mic,tabiclv2,5,full,j2,0.5,,1.16636705196819,0.0111785216204991,71,256,D:\core-tfm\results\core_tfm_submission_full_v1\multi_seed\seed_71_train_256
mic,tabpfn3,1,raw_only,j2,0.5,,0.9088202448191052,0.0078758994115961,71,256,D:\core-tfm\results\core_tfm_submission_full_v1\multi_seed\seed_71_train_256
mic,tabpfn3,1,pool_only,geometric,0.0,,0.9088202448191052,0.0078758994115961,71,256,D:\core-tfm\results\core_tfm_submission_full_v1\multi_seed\seed_71_train_256
mic,tabpfn3,1,repair_only,hard,0.0,,0.90314327610384,6.675388052653637e-14,71,256,D:\core-tfm\results\core_tfm_submission_full_v1\multi_seed\seed_71_train_256
mic,tabpfn3,1,full,hard,0.0,,0.90314327610384,6.675388052653637e-14,71,256,D:\core-tfm\results\core_tfm_submission_full_v1\multi_seed\seed_71_train_256
mic,tabpfn3,2,raw_only,j1,0.5,,0.975955770667618,0.0040081676245992,71,256,D:\core-tfm\results\core_tfm_submission_full_v1\multi_seed\seed_71_train_256
mic,tabpfn3,2,pool_only,geometric,1.0,,0.975955770667618,0.0040081676245993,71,256,D:\core-tfm\results\core_tfm_submission_full_v1\multi_seed\seed_71_train_256
mic,tabpfn3,2,repair_only,soft,1.0,0.03,0.9760069672559256,0.0038945891845703,71,256,D:\core-tfm\results\core_tfm_submission_full_v1\multi_seed\seed_71_train_256
mic,tabpfn3,2,full,j1,0.5,,0.975955770667618,0.0040081676245992,71,256,D:\core-tfm\results\core_tfm_submission_full_v1\multi_seed\seed_71_train_256
mic,tabpfn3,3,raw_only,j1,0.5,,0.995327284198026,0.005983738434038,71,256,D:\core-tfm\results\core_tfm_submission_full_v1\multi_seed\seed_71_train_256
mic,tabpfn3,3,pool_only,geometric,1.0,,0.995327284198026,0.005983738434038,71,256,D:\core-tfm\results\core_tfm_submission_full_v1\multi_seed\seed_71_train_256
mic,tabpfn3,3,repair_only,soft,1.0,0.03,0.9953940727540492,0.005820560219887,71,256,D:\core-tfm\results\core_tfm_submission_full_v1\multi_seed\seed_71_train_256
mic,tabpfn3,3,full,j1,0.5,,0.995327284198026,0.005983738434038,71,256,D:\core-tfm\results\core_tfm_submission_full_v1\multi_seed\seed_71_train_256
mic,tabpfn3,4,raw_only,j1,0.5,,1.0947202128689086,0.006580147163767,71,256,D:\core-tfm\results\core_tfm_submission_full_v1\multi_seed\seed_71_train_256
mic,tabpfn3,4,pool_only,geometric,1.0,,1.0947202128689084,0.006580147163767,71,256,D:\core-tfm\results\core_tfm_submission_full_v1\multi_seed\seed_71_train_256
mic,tabpfn3,4,repair_only,hard,0.0,,1.109012767469035,7.272006836947548e-14,71,256,D:\core-tfm\results\core_tfm_submission_full_v1\multi_seed\seed_71_train_256
mic,tabpfn3,4,full,hard,0.0,,1.109012767469035,7.272006836947548e-14,71,256,D:\core-tfm\results\core_tfm_submission_full_v1\multi_seed\seed_71_train_256
mic,tabpfn3,5,raw_only,j1,0.5,,1.148429242858523,0.0067569407692154,71,256,D:\core-tfm\results\core_tfm_submission_full_v1\multi_seed\seed_71_train_256
mic,tabpfn3,5,pool_only,geometric,1.0,,1.1484292428585228,0.0067569407692154,71,256,D:\core-tfm\results\core_tfm_submission_full_v1\multi_seed\seed_71_train_256
mic,tabpfn3,5,repair_only,soft,1.0,0.03,1.1482736094444754,0.0065731850693393,71,256,D:\core-tfm\results\core_tfm_submission_full_v1\multi_seed\seed_71_train_256
mic,tabpfn3,5,full,j1,0.5,,1.148429242858523,0.0067569407692154,71,256,D:\core-tfm\results\core_tfm_submission_full_v1\multi_seed\seed_71_train_256
mic,catboost,1,raw_only,j2,0.5,,0.986251300921806,0.0162664035336751,71,256,D:\core-tfm\results\core_tfm_submission_full_v1\multi_seed\seed_71_train_256
mic,catboost,1,pool_only,geometric,0.0,,0.986251300921806,0.0162664035336751,71,256,D:\core-tfm\results\core_tfm_submission_full_v1\multi_seed\seed_71_train_256
mic,catboost,1,repair_only,soft,0.0,0.03,0.9855968037560332,0.0157866507313622,71,256,D:\core-tfm\results\core_tfm_submission_full_v1\multi_seed\seed_71_train_256
mic,catboost,1,full,j2,0.5,,0.986251300921806,0.0162664035336751,71,256,D:\core-tfm\results\core_tfm_submission_full_v1\multi_seed\seed_71_train_256
mic,catboost,2,raw_only,j2,0.5,,0.9857167080323924,0.0132539255228821,71,256,D:\core-tfm\results\core_tfm_submission_full_v1\multi_seed\seed_71_train_256
mic,catboost,2,pool_only,geometric,0.0,,0.9857167080323924,0.0132539255228821,71,256,D:\core-tfm\results\core_tfm_submission_full_v1\multi_seed\seed_71_train_256
mic,catboost,2,repair_only,soft,0.0,0.03,0.985735790151093,0.0128777987239505,71,256,D:\core-tfm\results\core_tfm_submission_full_v1\multi_seed\seed_71_train_256
mic,catboost,2,full,j2,0.5,,0.9857167080323924,0.0132539255228821,71,256,D:\core-tfm\results\core_tfm_submission_full_v1\multi_seed\seed_71_train_256
mic,catboost,3,raw_only,j2,0.5,,1.0474102057440908,0.0127961557377993,71,256,D:\core-tfm\results\core_tfm_submission_full_v1\multi_seed\seed_71_train_256
mic,catboost,3,pool_only,geometric,0.0,,1.0474102057440908,0.0127961557377993,71,256,D:\core-tfm\results\core_tfm_submission_full_v1\multi_seed\seed_71_train_256
mic,catboost,3,repair_only,soft,0.0,0.1,1.047247512510839,0.0116392167590168,71,256,D:\core-tfm\results\core_tfm_submission_full_v1\multi_seed\seed_71_train_256
mic,catboost,3,full,soft,0.0,0.1,1.047247512510839,0.0116392167590168,71,256,D:\core-tfm\results\core_tfm_submission_full_v1\multi_seed\seed_71_train_256
mic,catboost,4,raw_only,j2,0.5,,1.197806225177542,0.0122410220011048,71,256,D:\core-tfm\results\core_tfm_submission_full_v1\multi_seed\seed_71_train_256
mic,catboost,4,pool_only,geometric,0.0,,1.1978062251775423,0.0122410220011048,71,256,D:\core-tfm\results\core_tfm_submission_full_v1\multi_seed\seed_71_train_256
mic,catboost,4,repair_only,soft,0.0,0.03,1.1976239607319332,0.011885492194288,71,256,D:\core-tfm\results\core_tfm_submission_full_v1\multi_seed\seed_71_train_256
mic,catboost,4,full,j2,0.5,,1.197806225177542,0.0122410220011048,71,256,D:\core-tfm\results\core_tfm_submission_full_v1\multi_seed\seed_71_train_256
mic,catboost,5,raw_only,j1,0.5,,1.1314182050442383,0.016936584932833,71,256,D:\core-tfm\results\core_tfm_submission_full_v1\multi_seed\seed_71_train_256
mic,catboost,5,pool_only,geometric,0.75,,1.1267876270830963,0.0157766983227997,71,256,D:\core-tfm\results\core_tfm_submission_full_v1\multi_seed\seed_71_train_256
mic,catboost,5,repair_only,soft,0.75,0.03,1.1267480264897234,0.0153230302952253,71,256,D:\core-tfm\results\core_tfm_submission_full_v1\multi_seed\seed_71_train_256
mic,catboost,5,full,geometric,0.75,,1.1267876270830963,0.0157766983227997,71,256,D:\core-tfm\results\core_tfm_submission_full_v1\multi_seed\seed_71_train_256
customer,tabiclv2,1,raw_only,j2,0.5,,1.414608279598927,0.0205608818165611,71,256,D:\core-tfm\results\core_tfm_submission_full_v1\multi_seed\seed_71_train_256
customer,tabiclv2,1,pool_only,arithmetic,0.5,,1.4166072870431965,0.0123346082606996,71,256,D:\core-tfm\results\core_tfm_submission_full_v1\multi_seed\seed_71_train_256
customer,tabiclv2,1,repair_only,soft,0.0,1.0,1.4184210233143428,0.0104018103000186,71,256,D:\core-tfm\results\core_tfm_submission_full_v1\multi_seed\seed_71_train_256
customer,tabiclv2,1,full,arithmetic,0.5,,1.4166072870431965,0.0123346082606996,71,256,D:\core-tfm\results\core_tfm_submission_full_v1\multi_seed\seed_71_train_256
customer,tabiclv2,2,raw_only,j2,0.5,,1.427577427390849,0.0202180971277551,71,256,D:\core-tfm\results\core_tfm_submission_full_v1\multi_seed\seed_71_train_256
customer,tabiclv2,2,pool_only,geometric,0.0,,1.4275774273908493,0.0202180971277551,71,256,D:\core-tfm\results\core_tfm_submission_full_v1\multi_seed\seed_71_train_256
customer,tabiclv2,2,repair_only,soft,0.0,0.03,1.4274368617225663,0.019690706935263,71,256,D:\core-tfm\results\core_tfm_submission_full_v1\multi_seed\seed_71_train_256
customer,tabiclv2,2,full,j2,0.5,,1.427577427390849,0.0202180971277551,71,256,D:\core-tfm\results\core_tfm_submission_full_v1\multi_seed\seed_71_train_256
customer,tabiclv2,3,raw_only,j2,0.5,,1.298455722957466,0.0209129734517605,71,256,D:\core-tfm\results\core_tfm_submission_full_v1\multi_seed\seed_71_train_256
customer,tabiclv2,3,pool_only,geometric,0.0,,1.298455722957466,0.0209129734517605,71,256,D:\core-tfm\results\core_tfm_submission_full_v1\multi_seed\seed_71_train_256
customer,tabiclv2,3,repair_only,soft,0.0,0.03,1.2989869765407072,0.0203399603233694,71,256,D:\core-tfm\results\core_tfm_submission_full_v1\multi_seed\seed_71_train_256
customer,tabiclv2,3,full,j2,0.5,,1.298455722957466,0.0209129734517605,71,256,D:\core-tfm\results\core_tfm_submission_full_v1\multi_seed\seed_71_train_256
customer,tabiclv2,4,raw_only,j1,0.5,,1.4836666607079256,0.0083106325202291,71,256,D:\core-tfm\results\core_tfm_submission_full_v1\multi_seed\seed_71_train_256
customer,tabiclv2,4,pool_only,geometric,0.75,,1.4842426571667522,0.0116437205184422,71,256,D:\core-tfm\results\core_tfm_submission_full_v1\multi_seed\seed_71_train_256
customer,tabiclv2,4,repair_only,soft,0.75,0.03,1.4839570268737878,0.0113054194182969,71,256,D:\core-tfm\results\core_tfm_submission_full_v1\multi_seed\seed_71_train_256
customer,tabiclv2,4,full,geometric,0.75,,1.4842426571667522,0.0116437205184422,71,256,D:\core-tfm\results\core_tfm_submission_full_v1\multi_seed\seed_71_train_256
customer,tabiclv2,5,raw_only,j2,0.5,,1.2814171434697914,0.0142713626298176,71,256,D:\core-tfm\results\core_tfm_submission_full_v1\multi_seed\seed_71_train_256
customer,tabiclv2,5,pool_only,geometric,0.0,,1.2814171434697914,0.0142713626298176,71,256,D:\core-tfm\results\core_tfm_submission_full_v1\multi_seed\seed_71_train_256
customer,tabiclv2,5,repair_only,soft,0.0,1.0,1.2830557570226715,0.0071463836640206,71,256,D:\core-tfm\results\core_tfm_submission_full_v1\multi_seed\seed_71_train_256
customer,tabiclv2,5,full,soft,0.0,1.0,1.2830557570226715,0.0071463836640206,71,256,D:\core-tfm\results\core_tfm_submission_full_v1\multi_seed\seed_71_train_256
customer,tabpfn3,1,raw_only,j1,0.5,,1.3793776321955844,0.0018162940338139,71,256,D:\core-tfm\results\core_tfm_submission_full_v1\multi_seed\seed_71_train_256
customer,tabpfn3,1,pool_only,geometric,1.0,,1.3793776321955844,0.0018162940338139,71,256,D:\core-tfm\results\core_tfm_submission_full_v1\multi_seed\seed_71_train_256
customer,tabpfn3,1,repair_only,soft,1.0,0.03,1.379326173296855,0.0017637651208811,71,256,D:\core-tfm\results\core_tfm_submission_full_v1\multi_seed\seed_71_train_256
customer,tabpfn3,1,full,j1,0.5,,1.3793776321955844,0.0018162940338139,71,256,D:\core-tfm\results\core_tfm_submission_full_v1\multi_seed\seed_71_train_256
customer,tabpfn3,2,raw_only,j1,0.5,,1.3951277706742709,0.007927972588224,71,256,D:\core-tfm\results\core_tfm_submission_full_v1\multi_seed\seed_71_train_256
customer,tabpfn3,2,pool_only,geometric,0.75,,1.3918705143857937,0.0087621523403696,71,256,D:\core-tfm\results\core_tfm_submission_full_v1\multi_seed\seed_71_train_256
customer,tabpfn3,2,repair_only,soft,0.75,0.03,1.391948381458075,0.0085147258812748,71,256,D:\core-tfm\results\core_tfm_submission_full_v1\multi_seed\seed_71_train_256
customer,tabpfn3,2,full,geometric,0.75,,1.3918705143857937,0.0087621523403696,71,256,D:\core-tfm\results\core_tfm_submission_full_v1\multi_seed\seed_71_train_256
customer,tabpfn3,3,raw_only,j1,0.5,,1.3483040455342468,0.0012944347204945,71,256,D:\core-tfm\results\core_tfm_submission_full_v1\multi_seed\seed_71_train_256
customer,tabpfn3,3,pool_only,geometric,1.0,,1.3483040455342468,0.0012944347204945,71,256,D:\core-tfm\results\core_tfm_submission_full_v1\multi_seed\seed_71_train_256
customer,tabpfn3,3,repair_only,hard,1.0,,1.347161624196235,3.644632245810199e-13,71,256,D:\core-tfm\results\core_tfm_submission_full_v1\multi_seed\seed_71_train_256
customer,tabpfn3,3,full,hard,1.0,,1.347161624196235,3.644632245810199e-13,71,256,D:\core-tfm\results\core_tfm_submission_full_v1\multi_seed\seed_71_train_256
customer,tabpfn3,4,raw_only,j2,0.5,,1.4599813318094117,0.0033898006112595,71,256,D:\core-tfm\results\core_tfm_submission_full_v1\multi_seed\seed_71_train_256
customer,tabpfn3,4,pool_only,geometric,0.0,,1.4599813318094117,0.0033898006112595,71,256,D:\core-tfm\results\core_tfm_submission_full_v1\multi_seed\seed_71_train_256
customer,tabpfn3,4,repair_only,soft,0.0,0.03,1.4599215970976085,0.0032914859302404,71,256,D:\core-tfm\results\core_tfm_submission_full_v1\multi_seed\seed_71_train_256
customer,tabpfn3,4,full,j2,0.5,,1.4599813318094117,0.0033898006112595,71,256,D:\core-tfm\results\core_tfm_submission_full_v1\multi_seed\seed_71_train_256
customer,tabpfn3,5,raw_only,j1,0.5,,1.297690651341163,0.0014796828799798,71,256,D:\core-tfm\results\core_tfm_submission_full_v1\multi_seed\seed_71_train_256
customer,tabpfn3,5,pool_only,geometric,1.0,,1.2976906513411628,0.0014796828799798,71,256,D:\core-tfm\results\core_tfm_submission_full_v1\multi_seed\seed_71_train_256
customer,tabpfn3,5,repair_only,soft,1.0,0.03,1.297716553945806,0.0014367979658025,71,256,D:\core-tfm\results\core_tfm_submission_full_v1\multi_seed\seed_71_train_256
customer,tabpfn3,5,full,j1,0.5,,1.297690651341163,0.0014796828799798,71,256,D:\core-tfm\results\core_tfm_submission_full_v1\multi_seed\seed_71_train_256
customer,catboost,1,raw_only,j1,0.5,,1.4412270564631164,0.0058597175149924,71,256,D:\core-tfm\results\core_tfm_submission_full_v1\multi_seed\seed_71_train_256
customer,catboost,1,pool_only,geometric,1.0,,1.4412270564631164,0.0058597175149925,71,256,D:\core-tfm\results\core_tfm_submission_full_v1\multi_seed\seed_71_train_256
customer,catboost,1,repair_only,soft,1.0,0.03,1.4410406665768232,0.0057008489946689,71,256,D:\core-tfm\results\core_tfm_submission_full_v1\multi_seed\seed_71_train_256
customer,catboost,1,full,geometric,1.0,,1.4412270564631164,0.0058597175149925,71,256,D:\core-tfm\results\core_tfm_submission_full_v1\multi_seed\seed_71_train_256
customer,catboost,2,raw_only,j2,0.5,,1.4402180764005104,0.042174588436501,71,256,D:\core-tfm\results\core_tfm_submission_full_v1\multi_seed\seed_71_train_256
customer,catboost,2,pool_only,arithmetic,0.5,,1.4287054317553032,0.0262223096019584,71,256,D:\core-tfm\results\core_tfm_submission_full_v1\multi_seed\seed_71_train_256
customer,catboost,2,repair_only,soft,0.25,0.03,1.4328340731633442,0.0332880368672209,71,256,D:\core-tfm\results\core_tfm_submission_full_v1\multi_seed\seed_71_train_256
customer,catboost,2,full,arithmetic,0.5,,1.4287054317553032,0.0262223096019584,71,256,D:\core-tfm\results\core_tfm_submission_full_v1\multi_seed\seed_71_train_256
customer,catboost,3,raw_only,j1,0.5,,1.3648264508533088,0.0082762379702284,71,256,D:\core-tfm\results\core_tfm_submission_full_v1\multi_seed\seed_71_train_256
customer,catboost,3,pool_only,geometric,1.0,,1.3648264508533088,0.0082762379702284,71,256,D:\core-tfm\results\core_tfm_submission_full_v1\multi_seed\seed_71_train_256
customer,catboost,3,repair_only,soft,1.0,0.03,1.3648111024804992,0.0080462000429186,71,256,D:\core-tfm\results\core_tfm_submission_full_v1\multi_seed\seed_71_train_256
customer,catboost,3,full,j1,0.5,,1.3648264508533088,0.0082762379702284,71,256,D:\core-tfm\results\core_tfm_submission_full_v1\multi_seed\seed_71_train_256
customer,catboost,4,raw_only,j1,0.5,,1.4933014157040336,0.009407830219356,71,256,D:\core-tfm\results\core_tfm_submission_full_v1\multi_seed\seed_71_train_256
customer,catboost,4,pool_only,geometric,1.0,,1.4933014157040336,0.0094078302193561,71,256,D:\core-tfm\results\core_tfm_submission_full_v1\multi_seed\seed_71_train_256
customer,catboost,4,repair_only,soft,1.0,0.03,1.4929904845764574,0.0091406737966193,71,256,D:\core-tfm\results\core_tfm_submission_full_v1\multi_seed\seed_71_train_256
customer,catboost,4,full,j1,0.5,,1.4933014157040336,0.009407830219356,71,256,D:\core-tfm\results\core_tfm_submission_full_v1\multi_seed\seed_71_train_256
customer,catboost,5,raw_only,j2,0.5,,1.3458216866082022,0.0219874467076116,71,256,D:\core-tfm\results\core_tfm_submission_full_v1\multi_seed\seed_71_train_256
customer,catboost,5,pool_only,geometric,0.0,,1.3458216866082022,0.0219874467076116,71,256,D:\core-tfm\results\core_tfm_submission_full_v1\multi_seed\seed_71_train_256
customer,catboost,5,repair_only,soft,0.0,0.03,1.3457423382415432,0.0213503533031261,71,256,D:\core-tfm\results\core_tfm_submission_full_v1\multi_seed\seed_71_train_256
customer,catboost,5,full,j2,0.5,,1.3458216866082022,0.0219874467076116,71,256,D:\core-tfm\results\core_tfm_submission_full_v1\multi_seed\seed_71_train_256
marketing,tabiclv2,1,raw_only,j2,0.5,,1.8977177007440045,0.0404285225689601,71,256,D:\core-tfm\results\core_tfm_submission_full_v1\multi_seed\seed_71_train_256
marketing,tabiclv2,1,pool_only,geometric,0.0,,1.8977177007440045,0.0404285225689601,71,256,D:\core-tfm\results\core_tfm_submission_full_v1\multi_seed\seed_71_train_256
marketing,tabiclv2,1,repair_only,soft,0.0,0.03,1.896673847508068,0.0393257778917398,71,256,D:\core-tfm\results\core_tfm_submission_full_v1\multi_seed\seed_71_train_256
marketing,tabiclv2,1,full,j2,0.5,,1.8977177007440045,0.0404285225689601,71,256,D:\core-tfm\results\core_tfm_submission_full_v1\multi_seed\seed_71_train_256
marketing,tabiclv2,2,raw_only,j1,0.5,,1.7031172962103474,0.0123163317129598,71,256,D:\core-tfm\results\core_tfm_submission_full_v1\multi_seed\seed_71_train_256
marketing,tabiclv2,2,pool_only,geometric,1.0,,1.7031172962103474,0.0123163317129598,71,256,D:\core-tfm\results\core_tfm_submission_full_v1\multi_seed\seed_71_train_256
marketing,tabiclv2,2,repair_only,soft,1.0,0.03,1.7032398761270295,0.0120108801385852,71,256,D:\core-tfm\results\core_tfm_submission_full_v1\multi_seed\seed_71_train_256
marketing,tabiclv2,2,full,j1,0.5,,1.7031172962103474,0.0123163317129598,71,256,D:\core-tfm\results\core_tfm_submission_full_v1\multi_seed\seed_71_train_256
marketing,tabiclv2,3,raw_only,j1,0.5,,1.731184150240323,0.0198035110624112,71,256,D:\core-tfm\results\core_tfm_submission_full_v1\multi_seed\seed_71_train_256
marketing,tabiclv2,3,pool_only,geometric,0.75,,1.727434263305037,0.0207026041523608,71,256,D:\core-tfm\results\core_tfm_submission_full_v1\multi_seed\seed_71_train_256
marketing,tabiclv2,3,repair_only,soft,0.75,0.03,1.7269426394273468,0.0201137279451604,71,256,D:\core-tfm\results\core_tfm_submission_full_v1\multi_seed\seed_71_train_256
marketing,tabiclv2,3,full,geometric,0.75,,1.727434263305037,0.0207026041523608,71,256,D:\core-tfm\results\core_tfm_submission_full_v1\multi_seed\seed_71_train_256
marketing,tabiclv2,4,raw_only,j2,0.5,,1.9321162457664136,0.0269978163756515,71,256,D:\core-tfm\results\core_tfm_submission_full_v1\multi_seed\seed_71_train_256
marketing,tabiclv2,4,pool_only,geometric,0.0,,1.9321162457664136,0.0269978163756515,71,256,D:\core-tfm\results\core_tfm_submission_full_v1\multi_seed\seed_71_train_256
marketing,tabiclv2,4,repair_only,soft,0.0,0.03,1.9321515746265967,0.0262345268250384,71,256,D:\core-tfm\results\core_tfm_submission_full_v1\multi_seed\seed_71_train_256
marketing,tabiclv2,4,full,j2,0.5,,1.9321162457664136,0.0269978163756515,71,256,D:\core-tfm\results\core_tfm_submission_full_v1\multi_seed\seed_71_train_256
marketing,tabiclv2,5,raw_only,j2,0.5,,1.9576359669452168,0.0131765253954749,71,256,D:\core-tfm\results\core_tfm_submission_full_v1\multi_seed\seed_71_train_256
marketing,tabiclv2,5,pool_only,geometric,0.0,,1.9576359669452168,0.0131765253954749,71,256,D:\core-tfm\results\core_tfm_submission_full_v1\multi_seed\seed_71_train_256
marketing,tabiclv2,5,repair_only,soft,0.0,1.0,1.9592612755866223,0.0066260062629262,71,256,D:\core-tfm\results\core_tfm_submission_full_v1\multi_seed\seed_71_train_256
marketing,tabiclv2,5,full,soft,0.0,1.0,1.9592612755866223,0.0066260062629262,71,256,D:\core-tfm\results\core_tfm_submission_full_v1\multi_seed\seed_71_train_256
marketing,tabpfn3,1,raw_only,j1,0.5,,1.7924280526833218,0.0080468890477122,71,256,D:\core-tfm\results\core_tfm_submission_full_v1\multi_seed\seed_71_train_256
marketing,tabpfn3,1,pool_only,geometric,1.0,,1.7924280526833218,0.0080468890477122,71,256,D:\core-tfm\results\core_tfm_submission_full_v1\multi_seed\seed_71_train_256
marketing,tabpfn3,1,repair_only,soft,1.0,0.03,1.7933680816908046,0.007835633686506,71,256,D:\core-tfm\results\core_tfm_submission_full_v1\multi_seed\seed_71_train_256
marketing,tabpfn3,1,full,geometric,1.0,,1.7924280526833218,0.0080468890477122,71,256,D:\core-tfm\results\core_tfm_submission_full_v1\multi_seed\seed_71_train_256
marketing,tabpfn3,2,raw_only,j2,0.5,,1.7022887674446137,0.0041547204107365,71,256,D:\core-tfm\results\core_tfm_submission_full_v1\multi_seed\seed_71_train_256
marketing,tabpfn3,2,pool_only,geometric,0.25,,1.7015886639131146,0.0043725328805767,71,256,D:\core-tfm\results\core_tfm_submission_full_v1\multi_seed\seed_71_train_256
marketing,tabpfn3,2,repair_only,soft,0.25,0.03,1.701637784280258,0.0042444306510536,71,256,D:\core-tfm\results\core_tfm_submission_full_v1\multi_seed\seed_71_train_256
marketing,tabpfn3,2,full,geometric,0.25,,1.7015886639131146,0.0043725328805767,71,256,D:\core-tfm\results\core_tfm_submission_full_v1\multi_seed\seed_71_train_256
marketing,tabpfn3,3,raw_only,j1,0.5,,1.7107979282500407,0.005725852012375,71,256,D:\core-tfm\results\core_tfm_submission_full_v1\multi_seed\seed_71_train_256
marketing,tabpfn3,3,pool_only,geometric,1.0,,1.7107979282500407,0.005725852012375,71,256,D:\core-tfm\results\core_tfm_submission_full_v1\multi_seed\seed_71_train_256
marketing,tabpfn3,3,repair_only,soft,1.0,0.03,1.7110446569276088,0.0055678307040521,71,256,D:\core-tfm\results\core_tfm_submission_full_v1\multi_seed\seed_71_train_256
marketing,tabpfn3,3,full,j1,0.5,,1.7107979282500407,0.005725852012375,71,256,D:\core-tfm\results\core_tfm_submission_full_v1\multi_seed\seed_71_train_256
marketing,tabpfn3,4,raw_only,j2,0.5,,1.976397647089956,0.0016128044740727,71,256,D:\core-tfm\results\core_tfm_submission_full_v1\multi_seed\seed_71_train_256
marketing,tabpfn3,4,pool_only,geometric,0.0,,1.976397647089956,0.0016128044740728,71,256,D:\core-tfm\results\core_tfm_submission_full_v1\multi_seed\seed_71_train_256
marketing,tabpfn3,4,repair_only,hard,0.0,,1.9767412525620969,1.6306036824231176e-13,71,256,D:\core-tfm\results\core_tfm_submission_full_v1\multi_seed\seed_71_train_256
marketing,tabpfn3,4,full,hard,0.0,,1.9767412525620969,1.6306036824231176e-13,71,256,D:\core-tfm\results\core_tfm_submission_full_v1\multi_seed\seed_71_train_256
marketing,tabpfn3,5,raw_only,j2,0.5,,1.7760809634884134,0.0061936735736656,71,256,D:\core-tfm\results\core_tfm_submission_full_v1\multi_seed\seed_71_train_256
marketing,tabpfn3,5,pool_only,geometric,0.0,,1.7760809634884134,0.0061936735736656,71,256,D:\core-tfm\results\core_tfm_submission_full_v1\multi_seed\seed_71_train_256
marketing,tabpfn3,5,repair_only,hard,1.0,,1.7779283504445489,1.3673123445464355e-14,71,256,D:\core-tfm\results\core_tfm_submission_full_v1\multi_seed\seed_71_train_256
marketing,tabpfn3,5,full,hard,1.0,,1.7779283504445489,1.3673123445464355e-14,71,256,D:\core-tfm\results\core_tfm_submission_full_v1\multi_seed\seed_71_train_256
marketing,catboost,1,raw_only,j1,0.5,,1.7753474345954556,0.0123691976752603,71,256,D:\core-tfm\results\core_tfm_submission_full_v1\multi_seed\seed_71_train_256
marketing,catboost,1,pool_only,arithmetic,0.5,,1.7833809107315384,0.0173220341531926,71,256,D:\core-tfm\results\core_tfm_submission_full_v1\multi_seed\seed_71_train_256
marketing,catboost,1,repair_only,hard,0.0,,1.7808403483884243,1.0315314615395693e-13,71,256,D:\core-tfm\results\core_tfm_submission_full_v1\multi_seed\seed_71_train_256
marketing,catboost,1,full,hard,0.0,,1.7808403483884243,1.0315314615395693e-13,71,256,D:\core-tfm\results\core_tfm_submission_full_v1\multi_seed\seed_71_train_256
marketing,catboost,2,raw_only,j2,0.5,,1.7684367822290523,0.0256782980870677,71,256,D:\core-tfm\results\core_tfm_submission_full_v1\multi_seed\seed_71_train_256
marketing,catboost,2,pool_only,geometric,0.0,,1.7684367822290523,0.0256782980870677,71,256,D:\core-tfm\results\core_tfm_submission_full_v1\multi_seed\seed_71_train_256
marketing,catboost,2,repair_only,soft,0.0,0.03,1.767660005734539,0.0249538866451649,71,256,D:\core-tfm\results\core_tfm_submission_full_v1\multi_seed\seed_71_train_256
marketing,catboost,2,full,j2,0.5,,1.7684367822290523,0.0256782980870677,71,256,D:\core-tfm\results\core_tfm_submission_full_v1\multi_seed\seed_71_train_256
marketing,catboost,3,raw_only,j1,0.5,,1.7779002954874137,0.0097894238949792,71,256,D:\core-tfm\results\core_tfm_submission_full_v1\multi_seed\seed_71_train_256
marketing,catboost,3,pool_only,geometric,0.5,,1.780506118740385,0.0197745598702564,71,256,D:\core-tfm\results\core_tfm_submission_full_v1\multi_seed\seed_71_train_256
marketing,catboost,3,repair_only,hard,1.0,,1.782711607601064,1.4058334574587604e-14,71,256,D:\core-tfm\results\core_tfm_submission_full_v1\multi_seed\seed_71_train_256
marketing,catboost,3,full,hard,1.0,,1.782711607601064,1.4058334574587604e-14,71,256,D:\core-tfm\results\core_tfm_submission_full_v1\multi_seed\seed_71_train_256
marketing,catboost,4,raw_only,j2,0.5,,1.8490204677524804,0.0256628251297183,71,256,D:\core-tfm\results\core_tfm_submission_full_v1\multi_seed\seed_71_train_256
marketing,catboost,4,pool_only,geometric,0.0,,1.8490204677524804,0.0256628251297183,71,256,D:\core-tfm\results\core_tfm_submission_full_v1\multi_seed\seed_71_train_256
marketing,catboost,4,repair_only,soft,0.0,0.03,1.8489857960151976,0.0249379466302297,71,256,D:\core-tfm\results\core_tfm_submission_full_v1\multi_seed\seed_71_train_256
marketing,catboost,4,full,j2,0.5,,1.8490204677524804,0.0256628251297183,71,256,D:\core-tfm\results\core_tfm_submission_full_v1\multi_seed\seed_71_train_256
marketing,catboost,5,raw_only,j1,0.5,,1.8167490488306988,0.0096464187376589,71,256,D:\core-tfm\results\core_tfm_submission_full_v1\multi_seed\seed_71_train_256
marketing,catboost,5,pool_only,arithmetic,0.5,,1.811538351164875,0.0162430675379086,71,256,D:\core-tfm\results\core_tfm_submission_full_v1\multi_seed\seed_71_train_256
marketing,catboost,5,repair_only,hard,0.75,,1.814880443700417,7.930020708016641e-15,71,256,D:\core-tfm\results\core_tfm_submission_full_v1\multi_seed\seed_71_train_256
marketing,catboost,5,full,hard,0.75,,1.814880443700417,7.930020708016641e-15,71,256,D:\core-tfm\results\core_tfm_submission_full_v1\multi_seed\seed_71_train_256
phishing,tabiclv2,1,raw_only,j1,0.5,,0.7054531707120062,0.0208355943973782,71,256,D:\core-tfm\results\core_tfm_submission_full_v1\multi_seed\seed_71_train_256
phishing,tabiclv2,1,pool_only,geometric,1.0,,0.7054531707120061,0.0208355943973782,71,256,D:\core-tfm\results\core_tfm_submission_full_v1\multi_seed\seed_71_train_256
phishing,tabiclv2,1,repair_only,soft,1.0,0.03,0.7053744837509591,0.0205663237100131,71,256,D:\core-tfm\results\core_tfm_submission_full_v1\multi_seed\seed_71_train_256
phishing,tabiclv2,1,full,j1,0.5,,0.7054531707120062,0.0208355943973782,71,256,D:\core-tfm\results\core_tfm_submission_full_v1\multi_seed\seed_71_train_256
phishing,tabiclv2,2,raw_only,j2,0.5,,0.8774288128669664,0.017820386753165,71,256,D:\core-tfm\results\core_tfm_submission_full_v1\multi_seed\seed_71_train_256
phishing,tabiclv2,2,pool_only,geometric,0.25,,0.8664690745858905,0.0195634300735502,71,256,D:\core-tfm\results\core_tfm_submission_full_v1\multi_seed\seed_71_train_256
phishing,tabiclv2,2,repair_only,soft,0.25,0.03,0.8661932399551647,0.0191627660589021,71,256,D:\core-tfm\results\core_tfm_submission_full_v1\multi_seed\seed_71_train_256
phishing,tabiclv2,2,full,geometric,0.25,,0.8664690745858905,0.0195634300735502,71,256,D:\core-tfm\results\core_tfm_submission_full_v1\multi_seed\seed_71_train_256
phishing,tabiclv2,3,raw_only,j1,0.5,,0.9037047165924093,0.0250127775281551,71,256,D:\core-tfm\results\core_tfm_submission_full_v1\multi_seed\seed_71_train_256
phishing,tabiclv2,3,pool_only,geometric,0.5,,0.9112196436462991,0.0280880083299689,71,256,D:\core-tfm\results\core_tfm_submission_full_v1\multi_seed\seed_71_train_256
phishing,tabiclv2,3,repair_only,soft,0.75,0.1,0.9056004314281972,0.0256369814036738,71,256,D:\core-tfm\results\core_tfm_submission_full_v1\multi_seed\seed_71_train_256
phishing,tabiclv2,3,full,soft,0.75,0.1,0.9056004314281972,0.0256369814036738,71,256,D:\core-tfm\results\core_tfm_submission_full_v1\multi_seed\seed_71_train_256
phishing,tabiclv2,4,raw_only,j1,0.5,,0.9411772324882236,0.0231967205065008,71,256,D:\core-tfm\results\core_tfm_submission_full_v1\multi_seed\seed_71_train_256
phishing,tabiclv2,4,pool_only,geometric,1.0,,0.9411772324882236,0.0231967205065009,71,256,D:\core-tfm\results\core_tfm_submission_full_v1\multi_seed\seed_71_train_256
phishing,tabiclv2,4,repair_only,hard,0.0,,0.9354717980910294,2.731305623311582e-13,71,256,D:\core-tfm\results\core_tfm_submission_full_v1\multi_seed\seed_71_train_256
phishing,tabiclv2,4,full,hard,0.0,,0.9354717980910294,2.731305623311582e-13,71,256,D:\core-tfm\results\core_tfm_submission_full_v1\multi_seed\seed_71_train_256
phishing,tabiclv2,5,raw_only,j2,0.5,,0.8264526745401108,0.0204403803708987,71,256,D:\core-tfm\results\core_tfm_submission_full_v1\multi_seed\seed_71_train_256
phishing,tabiclv2,5,pool_only,geometric,0.0,,0.8264526745401108,0.0204403803708987,71,256,D:\core-tfm\results\core_tfm_submission_full_v1\multi_seed\seed_71_train_256
phishing,tabiclv2,5,repair_only,soft,0.0,0.03,0.826562952270101,0.0201453714066117,71,256,D:\core-tfm\results\core_tfm_submission_full_v1\multi_seed\seed_71_train_256
phishing,tabiclv2,5,full,j2,0.5,,0.8264526745401108,0.0204403803708987,71,256,D:\core-tfm\results\core_tfm_submission_full_v1\multi_seed\seed_71_train_256
phishing,tabpfn3,1,raw_only,j1,0.5,,0.705579383848851,0.0165664691801624,71,256,D:\core-tfm\results\core_tfm_submission_full_v1\multi_seed\seed_71_train_256
phishing,tabpfn3,1,pool_only,geometric,0.5,,0.6956423695713727,0.0196353242384158,71,256,D:\core-tfm\results\core_tfm_submission_full_v1\multi_seed\seed_71_train_256
phishing,tabpfn3,1,repair_only,soft,0.75,0.03,0.698977586367547,0.01789853946397,71,256,D:\core-tfm\results\core_tfm_submission_full_v1\multi_seed\seed_71_train_256
phishing,tabpfn3,1,full,geometric,0.5,,0.6956423695713727,0.0196353242384158,71,256,D:\core-tfm\results\core_tfm_submission_full_v1\multi_seed\seed_71_train_256
phishing,tabpfn3,2,raw_only,j2,0.5,,0.9036936935457044,0.0217439283593661,71,256,D:\core-tfm\results\core_tfm_submission_full_v1\multi_seed\seed_71_train_256
phishing,tabpfn3,2,pool_only,geometric,0.0,,0.9036936935457044,0.0217439283593661,71,256,D:\core-tfm\results\core_tfm_submission_full_v1\multi_seed\seed_71_train_256
phishing,tabpfn3,2,repair_only,soft,0.0,0.03,0.9023454292537676,0.0214131632469553,71,256,D:\core-tfm\results\core_tfm_submission_full_v1\multi_seed\seed_71_train_256
phishing,tabpfn3,2,full,j2,0.5,,0.9036936935457044,0.0217439283593661,71,256,D:\core-tfm\results\core_tfm_submission_full_v1\multi_seed\seed_71_train_256
phishing,tabpfn3,3,raw_only,j2,0.5,,0.9319602340529772,0.0305579374744238,71,256,D:\core-tfm\results\core_tfm_submission_full_v1\multi_seed\seed_71_train_256
phishing,tabpfn3,3,pool_only,geometric,0.0,,0.9319602340529772,0.0305579374744238,71,256,D:\core-tfm\results\core_tfm_submission_full_v1\multi_seed\seed_71_train_256
phishing,tabpfn3,3,repair_only,soft,0.0,0.03,0.9307043387859876,0.030216790817949,71,256,D:\core-tfm\results\core_tfm_submission_full_v1\multi_seed\seed_71_train_256
phishing,tabpfn3,3,full,j2,0.5,,0.9319602340529772,0.0305579374744238,71,256,D:\core-tfm\results\core_tfm_submission_full_v1\multi_seed\seed_71_train_256
phishing,tabpfn3,4,raw_only,j1,0.5,,0.9129734327915562,0.0182297915469817,71,256,D:\core-tfm\results\core_tfm_submission_full_v1\multi_seed\seed_71_train_256
phishing,tabpfn3,4,pool_only,geometric,1.0,,0.9129734327915562,0.0182297915469817,71,256,D:\core-tfm\results\core_tfm_submission_full_v1\multi_seed\seed_71_train_256
phishing,tabpfn3,4,repair_only,hard,0.0,,0.9196203543048824,1.5702327618787414e-13,71,256,D:\core-tfm\results\core_tfm_submission_full_v1\multi_seed\seed_71_train_256
phishing,tabpfn3,4,full,hard,0.0,,0.9196203543048824,1.5702327618787414e-13,71,256,D:\core-tfm\results\core_tfm_submission_full_v1\multi_seed\seed_71_train_256
phishing,tabpfn3,5,raw_only,j1,0.5,,0.7897005023893455,0.0214004538048325,71,256,D:\core-tfm\results\core_tfm_submission_full_v1\multi_seed\seed_71_train_256
phishing,tabpfn3,5,pool_only,geometric,1.0,,0.7897005023893455,0.0214004538048325,71,256,D:\core-tfm\results\core_tfm_submission_full_v1\multi_seed\seed_71_train_256
phishing,tabpfn3,5,repair_only,soft,1.0,0.03,0.7898254181916329,0.0210888053995925,71,256,D:\core-tfm\results\core_tfm_submission_full_v1\multi_seed\seed_71_train_256
phishing,tabpfn3,5,full,j1,0.5,,0.7897005023893455,0.0214004538048325,71,256,D:\core-tfm\results\core_tfm_submission_full_v1\multi_seed\seed_71_train_256
phishing,catboost,1,raw_only,j2,0.5,,0.8719384259378913,0.0247509105232659,71,256,D:\core-tfm\results\core_tfm_submission_full_v1\multi_seed\seed_71_train_256
phishing,catboost,1,pool_only,geometric,0.5,,0.8610643083006724,0.0257334798081189,71,256,D:\core-tfm\results\core_tfm_submission_full_v1\multi_seed\seed_71_train_256
phishing,catboost,1,repair_only,soft,0.5,0.03,0.8603773521404054,0.0251058987694591,71,256,D:\core-tfm\results\core_tfm_submission_full_v1\multi_seed\seed_71_train_256
phishing,catboost,1,full,geometric,0.5,,0.8610643083006724,0.0257334798081189,71,256,D:\core-tfm\results\core_tfm_submission_full_v1\multi_seed\seed_71_train_256
phishing,catboost,2,raw_only,j2,0.5,,1.063673782546518,0.0323126142090121,71,256,D:\core-tfm\results\core_tfm_submission_full_v1\multi_seed\seed_71_train_256
phishing,catboost,2,pool_only,geometric,0.25,,1.056353114305275,0.0301177013841611,71,256,D:\core-tfm\results\core_tfm_submission_full_v1\multi_seed\seed_71_train_256
phishing,catboost,2,repair_only,soft,0.25,0.3,1.0530907541008625,0.0250525606407314,71,256,D:\core-tfm\results\core_tfm_submission_full_v1\multi_seed\seed_71_train_256
phishing,catboost,2,full,soft,0.25,0.3,1.0530907541008625,0.0250525606407314,71,256,D:\core-tfm\results\core_tfm_submission_full_v1\multi_seed\seed_71_train_256
phishing,catboost,3,raw_only,j1,0.5,,1.068875889528602,0.0357301229640081,71,256,D:\core-tfm\results\core_tfm_submission_full_v1\multi_seed\seed_71_train_256
phishing,catboost,3,pool_only,arithmetic,0.5,,1.0075362540399984,0.0387419559162889,71,256,D:\core-tfm\results\core_tfm_submission_full_v1\multi_seed\seed_71_train_256
phishing,catboost,3,repair_only,soft,0.25,1.0,0.9962603489734934,0.0237258130674134,71,256,D:\core-tfm\results\core_tfm_submission_full_v1\multi_seed\seed_71_train_256
phishing,catboost,3,full,soft,0.25,1.0,0.9962603489734934,0.0237258130674134,71,256,D:\core-tfm\results\core_tfm_submission_full_v1\multi_seed\seed_71_train_256
phishing,catboost,4,raw_only,j2,0.5,,1.1053275105517464,0.0341179180473467,71,256,D:\core-tfm\results\core_tfm_submission_full_v1\multi_seed\seed_71_train_256
phishing,catboost,4,pool_only,geometric,0.0,,1.1053275105517464,0.0341179180473467,71,256,D:\core-tfm\results\core_tfm_submission_full_v1\multi_seed\seed_71_train_256
phishing,catboost,4,repair_only,soft,0.0,0.03,1.1045361665283089,0.0335787493652903,71,256,D:\core-tfm\results\core_tfm_submission_full_v1\multi_seed\seed_71_train_256
phishing,catboost,4,full,geometric,0.0,,1.1053275105517464,0.0341179180473467,71,256,D:\core-tfm\results\core_tfm_submission_full_v1\multi_seed\seed_71_train_256
phishing,catboost,5,raw_only,j1,0.5,,1.0207673640686703,0.0401301998137406,71,256,D:\core-tfm\results\core_tfm_submission_full_v1\multi_seed\seed_71_train_256
phishing,catboost,5,pool_only,geometric,1.0,,1.0207673640686703,0.0401301998137406,71,256,D:\core-tfm\results\core_tfm_submission_full_v1\multi_seed\seed_71_train_256
phishing,catboost,5,repair_only,soft,1.0,0.03,1.019392549295845,0.0394603597578164,71,256,D:\core-tfm\results\core_tfm_submission_full_v1\multi_seed\seed_71_train_256
phishing,catboost,5,full,j1,0.5,,1.0207673640686703,0.0401301998137406,71,256,D:\core-tfm\results\core_tfm_submission_full_v1\multi_seed\seed_71_train_256
