dataset,model,fold,method,joint_nll,joint_brier,joint_ece_15,conditional_nll_a_given_b,conditional_nll_b_given_a,marginal_distortion,factorization_tv,selected_policy,selected_weight,selected_lambda,n_train,n_validation,n_test,stratification
anneal,tabiclv2,1,j1_b_then_a,0.3366377077817009,0.1453010054863817,0.0739705544921897,0.098775996392916,0.2412474229301947,0.0039155155138873,0.0283281403864652,soft,0.0,1.0,256,52,128,"joint(A,B); seed=23; train-class coverage checked"
anneal,tabiclv2,1,j2_a_then_b,0.3329348936325916,0.1487576110007516,0.0522901028402461,0.0932488386026677,0.2349852870149116,0.0114337914683435,0.0283281403864652,soft,0.0,1.0,256,52,128,"joint(A,B); seed=23; train-class coverage checked"
anneal,tabiclv2,1,independent,0.3358113180064648,0.145054820041769,0.0349584544288298,0.0979496066176799,0.2378617113887848,3.809902043012222e-17,0.0283281403864652,soft,0.0,1.0,256,52,128,"joint(A,B); seed=23; train-class coverage checked"
anneal,tabiclv2,1,arithmetic,0.3323951610857106,0.1459481753568819,0.0856592618907055,0.0952447461387311,0.2368434067620945,0.0076746534911154,0.0283281403864652,soft,0.0,1.0,256,52,128,"joint(A,B); seed=23; train-class coverage checked"
anneal,tabiclv2,1,geometric,0.3310917118907137,0.1454525153157528,0.0666988315550112,0.0940949418690408,0.2349867571010961,0.0071458323108489,0.0283281403864652,soft,0.0,1.0,256,52,128,"joint(A,B); seed=23; train-class coverage checked"
anneal,tabiclv2,1,hard_core,0.3370253098971311,0.1455145935349061,0.0349718256637343,0.0991635985083462,0.2390757032797419,1.413659060888271e-13,0.0283281403864652,soft,0.0,1.0,256,52,128,"joint(A,B); seed=23; train-class coverage checked"
anneal,tabiclv2,1,soft_core_lambda_1,0.3323515844011713,0.1452355071460719,0.0415034655700736,0.0954002602422382,0.2362024568739965,0.0036016064802525,0.0283281403864652,soft,0.0,1.0,256,52,128,"joint(A,B); seed=23; train-class coverage checked"
anneal,tabiclv2,1,selective_core,0.3313307294118786,0.1461991919845027,0.075593098045226,0.0945244527448449,0.2347328326244395,0.0057488016832032,0.0283281403864652,soft,0.0,1.0,256,52,128,"joint(A,B); seed=23; train-class coverage checked"
anneal,tabiclv2,2,j1_b_then_a,0.2886506864594205,0.1733016404729887,0.0586126286257356,0.0341647612256161,0.2551875496950673,0.0031582388546615,0.0325501043920915,soft,0.5,1.0,256,52,128,"joint(A,B); seed=23; train-class coverage checked"
anneal,tabiclv2,2,j2_a_then_b,0.2932547408431646,0.173824717829565,0.0739498168843715,0.0361960397761538,0.2658296511148444,0.0142428463775082,0.0325501043920915,soft,0.5,1.0,256,52,128,"joint(A,B); seed=23; train-class coverage checked"
anneal,tabiclv2,2,independent,0.2819110149621245,0.167906381889725,0.0621040635043004,0.0274250897283201,0.2544859252338043,3.4930024915392255e-17,0.0325501043920915,soft,0.5,1.0,256,52,128,"joint(A,B); seed=23; train-class coverage checked"
anneal,tabiclv2,2,arithmetic,0.2882897899038256,0.171952284730438,0.062636958519705,0.0338877190326993,0.2580491187161937,0.0087005426160848,0.0325501043920915,soft,0.5,1.0,256,52,128,"joint(A,B); seed=23; train-class coverage checked"
anneal,tabiclv2,2,geometric,0.2874290602021416,0.1718379395642657,0.0533245931361815,0.0338275278348438,0.2576407373935456,0.0089649825761002,0.0325501043920915,soft,0.5,1.0,256,52,128,"joint(A,B); seed=23; train-class coverage checked"
anneal,tabiclv2,2,hard_core,0.2853129285505036,0.16772031291608,0.0507638535779212,0.0308270033166992,0.25788783882187,1.5279299266424962e-13,0.0325501043920915,soft,0.5,1.0,256,52,128,"joint(A,B); seed=23; train-class coverage checked"
anneal,tabiclv2,2,soft_core_lambda_1,0.2855658601832033,0.1692335141181277,0.0587745324456286,0.0325481366889714,0.2567578781805285,0.0047333342011577,0.0325501043920915,soft,0.5,1.0,256,52,128,"joint(A,B); seed=23; train-class coverage checked"
anneal,tabiclv2,2,selective_core,0.2855658601832033,0.1692335141181277,0.0587745324456286,0.0325481366889714,0.2567578781805285,0.0047333342011577,0.0325501043920915,soft,0.5,1.0,256,52,128,"joint(A,B); seed=23; train-class coverage checked"
anneal,tabiclv2,3,j1_b_then_a,0.2639002518385407,0.1621628690511711,0.0693287812822297,0.0183935656550142,0.2420389971292497,0.0024565776068962,0.0284025181322408,geometric,0.75,,256,52,128,"joint(A,B); seed=23; train-class coverage checked"
anneal,tabiclv2,3,j2_a_then_b,0.268261328649735,0.1648787590586511,0.064397637225797,0.0158844575090192,0.249233325893889,0.0128017763940653,0.0284025181322408,geometric,0.75,,256,52,128,"joint(A,B); seed=23; train-class coverage checked"
anneal,tabiclv2,3,independent,0.2645346889393726,0.1626167175484471,0.0614170336495873,0.019028002755846,0.2455066861835265,3.59813792287654e-17,0.0284025181322408,geometric,0.75,,256,52,128,"joint(A,B); seed=23; train-class coverage checked"
anneal,tabiclv2,3,arithmetic,0.2653868901753049,0.1625902680222824,0.057596308697409,0.017120650849163,0.2449962026159098,0.0076291770004807,0.0284025181322408,geometric,0.75,,256,52,128,"joint(A,B); seed=23; train-class coverage checked"
anneal,tabiclv2,3,geometric,0.2633296350481853,0.1618409531836854,0.056383038537068,0.0167502491026245,0.2433487700451975,0.0073576226037433,0.0284025181322408,geometric,0.75,,256,52,128,"joint(A,B); seed=23; train-class coverage checked"
anneal,tabiclv2,3,hard_core,0.2614402153527673,0.1610961760929365,0.0636592636481574,0.0159335291692406,0.2424122125965595,2.0998306025823525e-13,0.0284025181322408,geometric,0.75,,256,52,128,"joint(A,B); seed=23; train-class coverage checked"
anneal,tabiclv2,3,soft_core_lambda_1,0.26166280560998,0.1610119444422872,0.0544418495819873,0.0162425807630068,0.2422016775344586,0.0037464236484797,0.0284025181322408,geometric,0.75,,256,52,128,"joint(A,B); seed=23; train-class coverage checked"
anneal,tabiclv2,3,selective_core,0.2629194021228934,0.1616129621304479,0.0561204014502497,0.0174646592138844,0.2421189277525528,0.0048666685542694,0.0284025181322408,geometric,0.75,,256,52,128,"joint(A,B); seed=23; train-class coverage checked"
anneal,tabiclv2,4,j1_b_then_a,0.2995021163943269,0.179799106385175,0.0721311119993076,0.0523406465952743,0.235965709890121,0.0079553381669712,0.0429471897939635,j2_a_then_b,,,256,52,128,"joint(A,B); seed=23; train-class coverage checked"
anneal,tabiclv2,4,j2_a_then_b,0.2845225746400369,0.1771125519597027,0.0557869381019269,0.0339529902518459,0.2319288957045963,0.018446966754414,0.0429471897939635,j2_a_then_b,,,256,52,128,"joint(A,B); seed=23; train-class coverage checked"
anneal,tabiclv2,4,independent,0.299755148734493,0.1817277727164872,0.0612936962082284,0.0525936789354405,0.2471614697990525,3.6224113828555433e-17,0.0429471897939635,j2_a_then_b,,,256,52,128,"joint(A,B); seed=23; train-class coverage checked"
anneal,tabiclv2,4,arithmetic,0.2862594809788794,0.1759366486168122,0.0969095324803381,0.041895044799672,0.2306822497866288,0.0132011524606926,0.0429471897939635,j2_a_then_b,,,256,52,128,"joint(A,B); seed=23; train-class coverage checked"
anneal,tabiclv2,4,geometric,0.2838678279389791,0.1753238498613852,0.0912393364462199,0.0402406825991868,0.2300981630958778,0.0131521152380016,0.0429471897939635,j2_a_then_b,,,256,52,128,"joint(A,B); seed=23; train-class coverage checked"
anneal,tabiclv2,4,hard_core,0.2910167215158101,0.1788630734575754,0.0656333258277897,0.0438552517167575,0.2384230425797273,2.722972830499521e-13,0.0429471897939635,j2_a_then_b,,,256,52,128,"joint(A,B); seed=23; train-class coverage checked"
anneal,tabiclv2,4,soft_core_lambda_1,0.2831000498571743,0.1746186739148277,0.0673461646700229,0.0397087165959933,0.2312951187066629,0.007583409771188,0.0429471897939635,j2_a_then_b,,,256,52,128,"joint(A,B); seed=23; train-class coverage checked"
anneal,tabiclv2,4,selective_core,0.2845225746400369,0.1771125519597027,0.0557869381019269,0.0339529902518459,0.2319288957045963,0.018446966754414,0.0429471897939635,j2_a_then_b,,,256,52,128,"joint(A,B); seed=23; train-class coverage checked"
anneal,tabiclv2,5,j1_b_then_a,0.3716108611628792,0.1843060137703224,0.0676926693496059,0.0535477167775368,0.3022167083366228,0.0055959284845673,0.0336751558725881,mpr,0.0,,256,52,128,"joint(A,B); seed=23; train-class coverage checked"
anneal,tabiclv2,5,j2_a_then_b,0.3781879086378691,0.1828100448746424,0.0429957906986427,0.057709624256037,0.3153484520746624,0.0131549626785975,0.0336751558725881,mpr,0.0,,256,52,128,"joint(A,B); seed=23; train-class coverage checked"
anneal,tabiclv2,5,independent,0.3809026009485491,0.1856063709214769,0.0549523043992891,0.0628394565632067,0.3180631443853423,3.688314144387593e-17,0.0336751558725881,mpr,0.0,,256,52,128,"joint(A,B); seed=23; train-class coverage checked"
anneal,tabiclv2,5,arithmetic,0.3700007570438949,0.1821861122319229,0.0591923107150221,0.0518293861014797,0.3042135278862847,0.0093754455815824,0.0336751558725881,mpr,0.0,,256,52,128,"joint(A,B); seed=23; train-class coverage checked"
anneal,tabiclv2,5,geometric,0.3702098225517694,0.1812588394766013,0.0652036192225149,0.0533812843733689,0.3054786316870638,0.00926138272378,0.0336751558725881,mpr,0.0,,256,52,128,"joint(A,B); seed=23; train-class coverage checked"
anneal,tabiclv2,5,hard_core,0.3690556349288877,0.1817227941839443,0.0540513380746403,0.0509924905435453,0.3062161783654227,1.259263043827853e-13,0.0336751558725881,mpr,0.0,,256,52,128,"joint(A,B); seed=23; train-class coverage checked"
anneal,tabiclv2,5,soft_core_lambda_1,0.3686207054994425,0.1808974441757288,0.0600050928611191,0.0520684526955867,0.3048871903317115,0.0049144290213228,0.0336751558725881,mpr,0.0,,256,52,128,"joint(A,B); seed=23; train-class coverage checked"
anneal,tabiclv2,5,selective_core,0.3740765906544481,0.181370547054384,0.0515745406352856,0.0560134462691057,0.3112371340905836,3.1334942928860245e-13,0.0336751558725881,mpr,0.0,,256,52,128,"joint(A,B); seed=23; train-class coverage checked"
anneal,tabpfn3,1,j1_b_then_a,0.3855905002154712,0.1678527192138765,0.0516209571567969,0.1017913868745369,0.267796700687027,0.0032510804197168,0.0205129494417855,geometric,0.25,,256,52,128,"joint(A,B); seed=23; train-class coverage checked"
anneal,tabpfn3,1,j2_a_then_b,0.3910808639845547,0.1721234409844007,0.0580395214124698,0.1019602733163116,0.2702463914660482,0.0082961780888541,0.0205129494417855,geometric,0.25,,256,52,128,"joint(A,B); seed=23; train-class coverage checked"
anneal,tabpfn3,1,independent,0.4046335858594408,0.1692488770122322,0.0567781145286083,0.1208344725185065,0.2837991133409343,3.595809709305175e-17,0.0205129494417855,geometric,0.25,,256,52,128,"joint(A,B); seed=23; train-class coverage checked"
anneal,tabpfn3,1,arithmetic,0.3865185281547628,0.1693810518395016,0.0507257033142509,0.1010386045162081,0.2677502913564773,0.0057736292542854,0.0205129494417855,geometric,0.25,,256,52,128,"joint(A,B); seed=23; train-class coverage checked"
anneal,tabpfn3,1,geometric,0.3852146542675159,0.1687237318738126,0.0479235913925516,0.100834314054679,0.2657559141625767,0.0061067270781845,0.0205129494417855,geometric,0.25,,256,52,128,"joint(A,B); seed=23; train-class coverage checked"
anneal,tabpfn3,1,hard_core,0.3912237178800185,0.1703292381656373,0.0532491334374459,0.1074246045390842,0.2703892453612789,1.1514276329078048e-13,0.0205129494417855,geometric,0.25,,256,52,128,"joint(A,B); seed=23; train-class coverage checked"
anneal,tabpfn3,1,soft_core_lambda_1,0.385781673379941,0.1685632931727305,0.0504908420460123,0.1027444878645758,0.2661484256182841,0.0035615904789057,0.0205129494417855,geometric,0.25,,256,52,128,"joint(A,B); seed=23; train-class coverage checked"
anneal,tabpfn3,1,selective_core,0.3872837706278713,0.1700968651757357,0.0527152757210651,0.1011486660536383,0.2671996737063145,0.0073071947957536,0.0205129494417855,geometric,0.25,,256,52,128,"joint(A,B); seed=23; train-class coverage checked"
anneal,tabpfn3,2,j1_b_then_a,0.2987974962076445,0.1799794150386241,0.0476506385030484,0.0320427578871763,0.2672828471496706,0.0028473167428814,0.0179299311748034,arithmetic,,,256,52,128,"joint(A,B); seed=23; train-class coverage checked"
anneal,tabpfn3,2,j2_a_then_b,0.2919733824569668,0.1771728995383717,0.02528268412142,0.0323425853905742,0.255180509571306,0.0070432272358401,0.0179299311748034,arithmetic,,,256,52,128,"joint(A,B); seed=23; train-class coverage checked"
anneal,tabpfn3,2,independent,0.303547611206129,0.1838005130231208,0.0546493870252447,0.0367928728856608,0.2667547383204682,3.7674668917666686e-17,0.0179299311748034,arithmetic,,,256,52,128,"joint(A,B); seed=23; train-class coverage checked"
anneal,tabpfn3,2,arithmetic,0.2944294964053369,0.1781719575327504,0.0353184333147094,0.0319749450774262,0.2604375157373546,0.0049452719893607,0.0179299311748034,arithmetic,,,256,52,128,"joint(A,B); seed=23; train-class coverage checked"
anneal,tabpfn3,2,geometric,0.2930595040235889,0.178112359885764,0.0308148866997461,0.0315995816606459,0.2595557722465094,0.0052059102609608,0.0179299311748034,arithmetic,,,256,52,128,"joint(A,B); seed=23; train-class coverage checked"
anneal,tabpfn3,2,hard_core,0.3004945350683868,0.1814040458992749,0.0463067877399656,0.0337397967479186,0.2637016621831595,1.958715465234113e-13,0.0179299311748034,arithmetic,,,256,52,128,"joint(A,B); seed=23; train-class coverage checked"
anneal,tabpfn3,2,soft_core_lambda_1,0.2964884630550969,0.1796952772145318,0.0440903594393927,0.0323714561262721,0.2615770876136496,0.0030593599521783,0.0179299311748034,arithmetic,,,256,52,128,"joint(A,B); seed=23; train-class coverage checked"
anneal,tabpfn3,2,selective_core,0.2944294964053369,0.1781719575327504,0.0353184333147094,0.0319749450774262,0.2604375157373546,0.0049452719893607,0.0179299311748034,arithmetic,,,256,52,128,"joint(A,B); seed=23; train-class coverage checked"
anneal,tabpfn3,3,j1_b_then_a,0.3046896790864233,0.1781272999445798,0.0437280197689022,0.021903975481031,0.2716757196401931,0.0065109323250302,0.0258796273666206,geometric,0.5,,256,52,128,"joint(A,B); seed=23; train-class coverage checked"
anneal,tabpfn3,3,j2_a_then_b,0.2947949339792886,0.17504986421091,0.061656107744536,0.0288680537927202,0.25840179069039,0.0088302760811003,0.0258796273666206,geometric,0.5,,256,52,128,"joint(A,B); seed=23; train-class coverage checked"
anneal,tabpfn3,3,independent,0.319178846894291,0.1844655231355365,0.0576741263241143,0.0363931432888986,0.2827857036053923,3.5999664573193763e-17,0.0258796273666206,geometric,0.5,,256,52,128,"joint(A,B); seed=23; train-class coverage checked"
anneal,tabpfn3,3,arithmetic,0.2985451202636887,0.1756250443228761,0.0486270371936507,0.0253331862014981,0.2642256938478788,0.0076706042030652,0.0258796273666206,geometric,0.5,,256,52,128,"joint(A,B); seed=23; train-class coverage checked"
anneal,tabpfn3,3,geometric,0.2959182025435667,0.1749850354493298,0.0593834351085688,0.0239962396349214,0.2630950910452784,0.0080487215113781,0.0258796273666206,geometric,0.5,,256,52,128,"joint(A,B); seed=23; train-class coverage checked"
anneal,tabpfn3,3,hard_core,0.3134361229430814,0.1827853490603279,0.0556921584902239,0.030650419337689,0.2770429796545252,1.915904522825341e-13,0.0258796273666206,geometric,0.5,,256,52,128,"joint(A,B); seed=23; train-class coverage checked"
anneal,tabpfn3,3,soft_core_lambda_1,0.302399477879517,0.1779046400434649,0.0464085613697944,0.0263222368560428,0.2679392412051886,0.0046569408866638,0.0258796273666206,geometric,0.5,,256,52,128,"joint(A,B); seed=23; train-class coverage checked"
anneal,tabpfn3,3,selective_core,0.2959182025435667,0.1749850354493298,0.0593834351085688,0.0239962396349214,0.2630950910452784,0.0080487215113781,0.0258796273666206,geometric,0.5,,256,52,128,"joint(A,B); seed=23; train-class coverage checked"
anneal,tabpfn3,4,j1_b_then_a,0.3439365308796884,0.1985703930961523,0.072914332610531,0.0457242828298902,0.2875607677830034,0.0029667396505335,0.0235928639532697,mpr,0.0,,256,52,128,"joint(A,B); seed=23; train-class coverage checked"
anneal,tabpfn3,4,j2_a_then_b,0.3230347309167707,0.1909866840310211,0.0630088967322748,0.0407939692137896,0.2647375799780453,0.0082874344625288,0.0235928639532697,mpr,0.0,,256,52,128,"joint(A,B); seed=23; train-class coverage checked"
anneal,tabpfn3,4,independent,0.3565093989885236,0.2015916795413151,0.0852252244619634,0.0582971509387254,0.2982122480497982,3.7732760157725066e-17,0.0235928639532697,mpr,0.0,,256,52,128,"joint(A,B); seed=23; train-class coverage checked"
anneal,tabpfn3,4,arithmetic,0.332326332902505,0.1942224410764933,0.0700781314584032,0.0431918562588176,0.2750586707051392,0.0056270870565311,0.0235928639532697,mpr,0.0,,256,52,128,"joint(A,B); seed=23; train-class coverage checked"
anneal,tabpfn3,4,geometric,0.3302754578513501,0.1938707207236642,0.0701626987184217,0.0408670119543799,0.27317542136266,0.0060912637806564,0.0235928639532697,mpr,0.0,,256,52,128,"joint(A,B); seed=23; train-class coverage checked"
anneal,tabpfn3,4,hard_core,0.3412288287547992,0.198991511162768,0.0868276242331959,0.0430165807050009,0.2829316778157353,1.5164567101597666e-13,0.0235928639532697,mpr,0.0,,256,52,128,"joint(A,B); seed=23; train-class coverage checked"
anneal,tabpfn3,4,soft_core_lambda_1,0.334922447856917,0.1961826584432872,0.0703114588514405,0.0416403551183668,0.2771989110624132,0.0032976834012251,0.0235928639532697,mpr,0.0,,256,52,128,"joint(A,B); seed=23; train-class coverage checked"
anneal,tabpfn3,4,selective_core,0.3393113252189336,0.1982874789409237,0.0782880242585827,0.0410990771691354,0.2810141742804699,2.724970000500216e-13,0.0235928639532697,mpr,0.0,,256,52,128,"joint(A,B); seed=23; train-class coverage checked"
anneal,tabpfn3,5,j1_b_then_a,0.4037097444278579,0.1993026516262752,0.0570121724148136,0.0524632394195733,0.3451417221020325,0.0052934889059913,0.0228331608998336,mpr,0.0,,256,52,128,"joint(A,B); seed=23; train-class coverage checked"
anneal,tabpfn3,5,j2_a_then_b,0.3899254789386742,0.1967170259947779,0.0715161196202976,0.0507279914240499,0.3243250921400913,0.0077612296931492,0.0228331608998336,mpr,0.0,,256,52,128,"joint(A,B); seed=23; train-class coverage checked"
anneal,tabpfn3,5,independent,0.4168468918068674,0.2036816597094172,0.0676747290796025,0.0656003867985828,0.3512465050082844,3.857749023415402e-17,0.0228331608998336,mpr,0.0,,256,52,128,"joint(A,B); seed=23; train-class coverage checked"
anneal,tabpfn3,5,arithmetic,0.395629686069876,0.1970848083769036,0.0475671637935293,0.0515417495567594,0.3345829223929656,0.0065273592995702,0.0228331608998336,mpr,0.0,,256,52,128,"joint(A,B); seed=23; train-class coverage checked"
anneal,tabpfn3,5,geometric,0.3933362935196421,0.196440837091682,0.0507593911506791,0.0504869751265411,0.3302733418879743,0.0068651834603275,0.0228331608998336,mpr,0.0,,256,52,128,"joint(A,B); seed=23; train-class coverage checked"
anneal,tabpfn3,5,hard_core,0.4013649616704614,0.1980955850515031,0.0838306059526916,0.0501184566621769,0.3357645748711584,2.832487348555065e-13,0.0228331608998336,mpr,0.0,,256,52,128,"joint(A,B); seed=23; train-class coverage checked"
anneal,tabpfn3,5,soft_core_lambda_1,0.3972576457641325,0.1971813620134099,0.0671116584716443,0.050639025360731,0.3323795997635674,0.0036400402818705,0.0228331608998336,mpr,0.0,,256,52,128,"joint(A,B); seed=23; train-class coverage checked"
anneal,tabpfn3,5,selective_core,0.3975585162354434,0.1965484376040119,0.0837363794255488,0.0463120112271589,0.3319581294367023,1.074622186044573e-13,0.0228331608998336,mpr,0.0,,256,52,128,"joint(A,B); seed=23; train-class coverage checked"
anneal,catboost,1,j1_b_then_a,0.7833694649644367,0.3560681447426242,0.3077288521732759,0.17149511873621,0.6118743462282267,0.007570909784471,0.0627712687439659,j1_b_then_a,,,256,52,128,"joint(A,B); seed=23; train-class coverage checked"
anneal,catboost,1,j2_a_then_b,0.7471951891275397,0.3323689918937839,0.3366806741823409,0.1729636924476798,0.5696269202260271,0.0284399212301473,0.0627712687439659,j1_b_then_a,,,256,52,128,"joint(A,B); seed=23; train-class coverage checked"
anneal,catboost,1,independent,0.7894426151297393,0.3580543733959213,0.3068119116329398,0.1775682689015126,0.6118743462282268,4.741521032140122e-17,0.0627712687439659,j1_b_then_a,,,256,52,128,"joint(A,B); seed=23; train-class coverage checked"
anneal,catboost,1,arithmetic,0.7634112647271545,0.3427957546573159,0.3252486176020153,0.1720264105254563,0.589056403381998,0.0180054155073091,0.0627712687439659,j1_b_then_a,,,256,52,128,"joint(A,B); seed=23; train-class coverage checked"
anneal,catboost,1,geometric,0.7612403134561356,0.3417721956869968,0.3318772085666939,0.1717078152028512,0.5871177423551707,0.0184364840037526,0.0627712687439659,j1_b_then_a,,,256,52,128,"joint(A,B); seed=23; train-class coverage checked"
anneal,catboost,1,hard_core,0.7867724866563591,0.3566155192161219,0.3016158958171597,0.1748981404281323,0.6092042177546302,6.392269661726138e-14,0.0627712687439659,j1_b_then_a,,,256,52,128,"joint(A,B); seed=23; train-class coverage checked"
anneal,catboost,1,soft_core_lambda_1,0.7730569994184123,0.3486179517681763,0.3200801352841827,0.1732156086388817,0.5973006066426917,0.0093123975813182,0.0627712687439659,j1_b_then_a,,,256,52,128,"joint(A,B); seed=23; train-class coverage checked"
anneal,catboost,1,selective_core,0.7833694649644367,0.3560681447426242,0.3077288521732759,0.17149511873621,0.6118743462282267,0.007570909784471,0.0627712687439659,j1_b_then_a,,,256,52,128,"joint(A,B); seed=23; train-class coverage checked"
anneal,catboost,2,j1_b_then_a,0.8873446542230068,0.4017916633377042,0.196830025779933,0.1653392661928256,0.722005388030181,0.0065097290970282,0.0706024912443612,soft,0.0,0.1,256,52,128,"joint(A,B); seed=23; train-class coverage checked"
anneal,catboost,2,j2_a_then_b,0.8160656634454062,0.364818051901555,0.1852481041061665,0.1603823942121226,0.6556832692332835,0.0328670947403144,0.0706024912443612,soft,0.0,0.1,256,52,128,"joint(A,B); seed=23; train-class coverage checked"
anneal,catboost,2,independent,0.8823877822423036,0.4000176445072829,0.1954819609131791,0.1603823942121226,0.7220053880301811,5.073557947463808e-17,0.0706024912443612,soft,0.0,0.1,256,52,128,"joint(A,B); seed=23; train-class coverage checked"
anneal,catboost,2,arithmetic,0.84427974540448,0.3811256244485671,0.2238716294949728,0.1627554586502732,0.6815501360965259,0.0196884119186713,0.0706024912443612,soft,0.0,0.1,256,52,128,"joint(A,B); seed=23; train-class coverage checked"
anneal,catboost,2,geometric,0.8456494118755971,0.3816418967849934,0.221661463679767,0.1623898822928881,0.6832595295827089,0.0197832435121931,0.0706024912443612,soft,0.0,0.1,256,52,128,"joint(A,B); seed=23; train-class coverage checked"
anneal,catboost,2,hard_core,0.8823877822423037,0.4000176445072828,0.195481960913179,0.1603823942121226,0.722005388030181,5.1894320546481965e-17,0.0706024912443612,soft,0.0,0.1,256,52,128,"joint(A,B); seed=23; train-class coverage checked"
anneal,catboost,2,soft_core_lambda_1,0.8625342722186021,0.3905626350785911,0.192017408911921,0.1612689624784808,0.7012653097401211,0.0098879057103658,0.0706024912443612,soft,0.0,0.1,256,52,128,"joint(A,B); seed=23; train-class coverage checked"
anneal,catboost,2,selective_core,0.8202380584650808,0.3674148800104672,0.1899479184612992,0.1603823942121226,0.6598556642529579,0.0299488186347119,0.0706024912443612,soft,0.0,0.1,256,52,128,"joint(A,B); seed=23; train-class coverage checked"
anneal,catboost,3,j1_b_then_a,0.9007579617151368,0.3991601452458047,0.288876260871782,0.2004679385611782,0.7002900231539585,0.0115723161007736,0.0851472051186335,j2_a_then_b,,,256,52,128,"joint(A,B); seed=23; train-class coverage checked"
anneal,catboost,3,j2_a_then_b,0.8929466423812458,0.3990774729226833,0.2458681612278783,0.1844680908574266,0.7084785515238189,0.039378557448149,0.0851472051186335,j2_a_then_b,,,256,52,128,"joint(A,B); seed=23; train-class coverage checked"
anneal,catboost,3,independent,0.8847581140113852,0.3931479336192649,0.2759906924675441,0.1844680908574266,0.7002900231539585,5.424907213984892e-17,0.0851472051186335,j2_a_then_b,,,256,52,128,"joint(A,B); seed=23; train-class coverage checked"
anneal,catboost,3,arithmetic,0.8920990875689472,0.396120392231964,0.2657378035685015,0.1918663842232033,0.70015754301915,0.0254754367744612,0.0851472051186335,j2_a_then_b,,,256,52,128,"joint(A,B); seed=23; train-class coverage checked"
anneal,catboost,3,geometric,0.8871049691808923,0.393300140476716,0.2609582838460307,0.1911813082689245,0.6959236609119677,0.0253873088430521,0.0851472051186335,j2_a_then_b,,,256,52,128,"joint(A,B); seed=23; train-class coverage checked"
anneal,catboost,3,hard_core,0.8847581140113852,0.3931479336192649,0.2759906924675441,0.1844680908574266,0.7002900231539585,5.5487434308734707e-17,0.0851472051186335,j2_a_then_b,,,256,52,128,"joint(A,B); seed=23; train-class coverage checked"
anneal,catboost,3,soft_core_lambda_1,0.8835135988551357,0.3916738936952644,0.2787289350716754,0.1875205812517459,0.6959930176033897,0.0126154118292124,0.0851472051186335,j2_a_then_b,,,256,52,128,"joint(A,B); seed=23; train-class coverage checked"
anneal,catboost,3,selective_core,0.8929466423812458,0.3990774729226833,0.2458681612278783,0.1844680908574266,0.7084785515238189,0.039378557448149,0.0851472051186335,j2_a_then_b,,,256,52,128,"joint(A,B); seed=23; train-class coverage checked"
anneal,catboost,4,j1_b_then_a,0.8940209540901464,0.3930443335247726,0.1814674601287117,0.161950192740483,0.7320707613496632,0.0157815480165394,0.1132295012209688,soft,0.0,1.0,256,52,128,"joint(A,B); seed=23; train-class coverage checked"
anneal,catboost,4,j2_a_then_b,0.9742350782212226,0.4122607433237689,0.2297142509936471,0.1851738887380657,0.777297176534056,0.0432779736626073,0.1132295012209688,soft,0.0,1.0,256,52,128,"joint(A,B); seed=23; train-class coverage checked"
anneal,catboost,4,independent,0.9290086630368296,0.403188461989726,0.1676389565110284,0.1969379016871664,0.7320707613496633,5.4437113454139374e-17,0.1132295012209688,soft,0.0,1.0,256,52,128,"joint(A,B); seed=23; train-class coverage checked"
anneal,catboost,4,arithmetic,0.9256275696347058,0.3988847092585735,0.191098749541731,0.1716921223853424,0.7473414192304224,0.0295297608395733,0.1132295012209688,soft,0.0,1.0,256,52,128,"joint(A,B); seed=23; train-class coverage checked"
anneal,catboost,4,geometric,0.9193636283717298,0.3965368564838789,0.1764327270702943,0.1662379858611797,0.7450369980067901,0.0301267700272554,0.1132295012209688,soft,0.0,1.0,256,52,128,"joint(A,B); seed=23; train-class coverage checked"
anneal,catboost,4,hard_core,0.9221389351733826,0.3974146164717145,0.1564995492613,0.1900681738237193,0.7252010334867356,2.1282990120437533e-13,0.1132295012209688,soft,0.0,1.0,256,52,128,"joint(A,B); seed=23; train-class coverage checked"
anneal,catboost,4,soft_core_lambda_1,0.9175487523971894,0.3960092273691827,0.1743690585292049,0.1771575569526041,0.7326996991149918,0.0151327379302464,0.1132295012209688,soft,0.0,1.0,256,52,128,"joint(A,B); seed=23; train-class coverage checked"
anneal,catboost,4,selective_core,0.9381253497152284,0.3991475908092433,0.1818416109142567,0.1852506068036445,0.741306934408754,0.021991702202508,0.1132295012209688,soft,0.0,1.0,256,52,128,"joint(A,B); seed=23; train-class coverage checked"
anneal,catboost,5,j1_b_then_a,0.8447603602645035,0.377590837393273,0.2736699030043543,0.1771483642971902,0.660308365894934,0.0123868561647386,0.0721099079148269,soft,0.75,1.0,256,52,128,"joint(A,B); seed=23; train-class coverage checked"
anneal,catboost,5,j2_a_then_b,0.803476780985469,0.352047337766785,0.267948988315909,0.1626474132584433,0.6227830963217192,0.0295565728303479,0.0721099079148269,soft,0.75,1.0,256,52,128,"joint(A,B); seed=23; train-class coverage checked"
anneal,catboost,5,independent,0.8483056806310629,0.3816193108929291,0.2762515108808808,0.1806936846637498,0.6676119959673132,5.268714338511199e-17,0.0721099079148269,soft,0.75,1.0,256,52,128,"joint(A,B); seed=23; train-class coverage checked"
anneal,catboost,5,arithmetic,0.8217645597369834,0.3631878324640319,0.2786868445693483,0.1693513362980903,0.6397675403288199,0.0209717144975432,0.0721099079148269,soft,0.75,1.0,256,52,128,"joint(A,B); seed=23; train-class coverage checked"
anneal,catboost,5,geometric,0.8183001879223323,0.3616860281842541,0.2788869173672478,0.1680242103849458,0.6376499797847933,0.0212641457917506,0.0721099079148269,soft,0.75,1.0,256,52,128,"joint(A,B); seed=23; train-class coverage checked"
anneal,catboost,5,hard_core,0.8350192255566095,0.3747243915093523,0.2793960481814792,0.1674072295892962,0.6543255408927274,4.846430467228893e-14,0.0721099079148269,soft,0.75,1.0,256,52,128,"joint(A,B); seed=23; train-class coverage checked"
anneal,catboost,5,soft_core_lambda_1,0.825576493157756,0.3676434619539237,0.2797000699531198,0.1674538695426954,0.6451506104827363,0.0107488243885563,0.0721099079148269,soft,0.75,1.0,256,52,128,"joint(A,B); seed=23; train-class coverage checked"
anneal,catboost,5,selective_core,0.8330310678584703,0.3722543386401553,0.2823601730955776,0.1704632948858623,0.6524677936026317,0.0084841131378929,0.0721099079148269,soft,0.75,1.0,256,52,128,"joint(A,B); seed=23; train-class coverage checked"
diamonds,tabiclv2,1,j1_b_then_a,2.093397093944134,0.8038247576793188,0.0683688611725011,0.7026884336161017,1.3854304251447624,0.0130034684994336,0.169712408607802,soft,0.0,3.0,256,52,128,"joint(A,B); seed=23; train-class coverage checked"
diamonds,tabiclv2,1,j2_a_then_b,2.1166354167654493,0.7998025958274912,0.0757698023417783,0.7325617817835406,1.418875194008641,0.0788443150947192,0.169712408607802,soft,0.0,3.0,256,52,128,"joint(A,B); seed=23; train-class coverage checked"
diamonds,tabiclv2,1,independent,2.088468883084841,0.8047949840547547,0.076013498314298,0.6977602227568078,1.3907086603280323,4.9801209489587976e-17,0.169712408607802,soft,0.0,3.0,256,52,128,"joint(A,B); seed=23; train-class coverage checked"
diamonds,tabiclv2,1,arithmetic,2.076466033832669,0.7940736649689005,0.0837020965083479,0.7123418318068653,1.3749508077320716,0.0459238917970764,0.169712408607802,soft,0.0,3.0,256,52,128,"joint(A,B); seed=23; train-class coverage checked"
diamonds,tabiclv2,1,geometric,2.075074388435679,0.7940674954497651,0.1144208368169987,0.7134610717270092,1.3732476570392458,0.046707951825632,0.169712408607802,soft,0.0,3.0,256,52,128,"joint(A,B); seed=23; train-class coverage checked"
diamonds,tabiclv2,1,hard_core,2.1013912181399697,0.803550192902827,0.1006734187332917,0.7106825578119371,1.4036309953835922,2.772841176995105e-13,0.169712408607802,soft,0.0,3.0,256,52,128,"joint(A,B); seed=23; train-class coverage checked"
diamonds,tabiclv2,1,soft_core_lambda_1,2.0809545924717505,0.7973744455041705,0.1056869615982704,0.7114062069037235,1.381740169369147,0.0237666539854624,0.169712408607802,soft,0.0,3.0,256,52,128,"joint(A,B); seed=23; train-class coverage checked"
diamonds,tabiclv2,1,selective_core,2.1041552304033773,0.7980548599048434,0.120306950959143,0.7346791179606564,1.4073076264046402,0.0214032076749433,0.169712408607802,soft,0.0,3.0,256,52,128,"joint(A,B); seed=23; train-class coverage checked"
diamonds,tabiclv2,2,j1_b_then_a,2.2998933526452667,0.8841247399314351,0.1315543088758397,0.808620135550912,1.4767884117108507,0.0133945832081204,0.122960086073012,soft,0.25,0.3,256,52,128,"joint(A,B); seed=23; train-class coverage checked"
diamonds,tabiclv2,2,j2_a_then_b,2.231211655167626,0.8624108913018305,0.1201429017442593,0.7799348616229373,1.4056064310105088,0.0514955527826162,0.122960086073012,soft,0.25,0.3,256,52,128,"joint(A,B); seed=23; train-class coverage checked"
diamonds,tabiclv2,2,independent,2.3168784412514727,0.8807785805123675,0.136774087337515,0.8256052241571173,1.491273217094355,4.522538861600999e-17,0.122960086073012,soft,0.25,0.3,256,52,128,"joint(A,B); seed=23; train-class coverage checked"
diamonds,tabiclv2,2,arithmetic,2.250857503882107,0.8694892035798214,0.113711566758083,0.7874518776968167,1.4289306691007997,0.0324450679953682,0.122960086073012,soft,0.25,0.3,256,52,128,"joint(A,B); seed=23; train-class coverage checked"
diamonds,tabiclv2,2,geometric,2.2487739651777585,0.8690972933781395,0.114848568206485,0.7893882172914914,1.4239470508571812,0.0327984236458106,0.122960086073012,soft,0.25,0.3,256,52,128,"joint(A,B); seed=23; train-class coverage checked"
diamonds,tabiclv2,2,hard_core,2.2831135969472327,0.8784964940855817,0.1410180678694673,0.7918403798528778,1.4575083727898517,5.0307750112729943e-14,0.122960086073012,soft,0.25,0.3,256,52,128,"joint(A,B); seed=23; train-class coverage checked"
diamonds,tabiclv2,2,soft_core_lambda_1,2.2621363987857603,0.8727488514623151,0.1240939893742017,0.7899493031488416,1.4374357947319374,0.0165417805147843,0.122960086073012,soft,0.25,0.3,256,52,128,"joint(A,B); seed=23; train-class coverage checked"
diamonds,tabiclv2,2,selective_core,2.240060245028528,0.8662068206328899,0.1283785954340475,0.7836079111409976,1.4149246166397298,0.0327379702224853,0.122960086073012,soft,0.25,0.3,256,52,128,"joint(A,B); seed=23; train-class coverage checked"
diamonds,tabiclv2,3,j1_b_then_a,2.210049508915205,0.8137956061429445,0.0850527584463129,0.6889829916449326,1.522100539472715,0.0216887891923562,0.1231952789946416,soft,0.0,10.0,256,52,128,"joint(A,B); seed=23; train-class coverage checked"
diamonds,tabiclv2,3,j2_a_then_b,2.236417559867262,0.8228678381249916,0.045657095919337,0.7035337078888431,1.5462408300304398,0.0446154086357155,0.1231952789946416,soft,0.0,10.0,256,52,128,"joint(A,B); seed=23; train-class coverage checked"
diamonds,tabiclv2,3,independent,2.211243247107095,0.8150216845655782,0.0891264497619208,0.6901767298368224,1.5210665172702726,4.407787403943968e-17,0.1231952789946416,soft,0.0,10.0,256,52,128,"joint(A,B); seed=23; train-class coverage checked"
diamonds,tabiclv2,3,arithmetic,2.2060514910029787,0.8155365094544409,0.0702305659908439,0.687215890570963,1.5206904447382956,0.0331520989140358,0.1231952789946416,soft,0.0,10.0,256,52,128,"joint(A,B); seed=23; train-class coverage checked"
diamonds,tabiclv2,3,geometric,2.2080110887516984,0.8154527524285317,0.0399129135867686,0.6889604448365525,1.521365683456505,0.0333408238192111,0.1231952789946416,soft,0.0,10.0,256,52,128,"joint(A,B); seed=23; train-class coverage checked"
diamonds,tabiclv2,3,hard_core,2.21319777560464,0.8163517638161364,0.0730538563184634,0.6921312583343678,1.5230210457678592,3.458330847241512e-14,0.1231952789946416,soft,0.0,10.0,256,52,128,"joint(A,B); seed=23; train-class coverage checked"
diamonds,tabiclv2,3,soft_core_lambda_1,2.2078885613444905,0.8153378498245971,0.0384743009245935,0.6898564405623617,1.5199472112898182,0.0170630084102337,0.1231952789946416,soft,0.0,10.0,256,52,128,"joint(A,B); seed=23; train-class coverage checked"
diamonds,tabiclv2,3,selective_core,2.2207082013439248,0.8177626947261709,0.0610974469416065,0.7012073475761195,1.5304212236551833,0.0048005899119327,0.1231952789946416,soft,0.0,10.0,256,52,128,"joint(A,B); seed=23; train-class coverage checked"
diamonds,tabiclv2,4,j1_b_then_a,2.194613710963702,0.8323592229646795,0.0836673839785201,0.7686465568021936,1.4229848695522795,0.0211254461032743,0.1304956029245434,soft,0.0,30.0,256,52,128,"joint(A,B); seed=23; train-class coverage checked"
diamonds,tabiclv2,4,j2_a_then_b,2.2096289078326627,0.832900929124234,0.0685510139248502,0.7933926373356323,1.4360024003332303,0.0519393140333405,0.1304956029245434,soft,0.0,30.0,256,52,128,"joint(A,B); seed=23; train-class coverage checked"
diamonds,tabiclv2,4,independent,2.199593661660941,0.8348003315441912,0.1274226192598455,0.7736265074994323,1.4259671541615084,4.6946807719014497e-17,0.1304956029245434,soft,0.0,30.0,256,52,128,"joint(A,B); seed=23; train-class coverage checked"
diamonds,tabiclv2,4,arithmetic,2.175197648561391,0.8287308805371367,0.0741476754615701,0.765169433987753,1.4081998390120778,0.0365323800683074,0.1304956029245434,soft,0.0,30.0,256,52,128,"joint(A,B); seed=23; train-class coverage checked"
diamonds,tabiclv2,4,geometric,2.1849934612522235,0.8291384158898043,0.0818004213991774,0.7749353350111233,1.4134245400791745,0.0367360653168753,0.1304956029245434,soft,0.0,30.0,256,52,128,"joint(A,B); seed=23; train-class coverage checked"
diamonds,tabiclv2,4,hard_core,2.2041706993048487,0.8358330847747864,0.1053597428296268,0.77820354514334,1.4305441918056587,3.3798265060651004e-14,0.1304956029245434,soft,0.0,30.0,256,52,128,"joint(A,B); seed=23; train-class coverage checked"
diamonds,tabiclv2,4,soft_core_lambda_1,2.1906952015493326,0.8316993077421317,0.1002797679632113,0.775460885600523,1.4191292092974352,0.0184870284231271,0.1304956029245434,soft,0.0,30.0,256,52,128,"joint(A,B); seed=23; train-class coverage checked"
diamonds,tabiclv2,4,selective_core,2.220416563323336,0.8374743040038708,0.0952505191543122,0.7960937629919009,1.446950535278319,0.0018575858472673,0.1304956029245434,soft,0.0,30.0,256,52,128,"joint(A,B); seed=23; train-class coverage checked"
diamonds,tabiclv2,5,j1_b_then_a,2.113413456003995,0.8295049670337966,0.0983448601379618,0.6581477453054474,1.4644972409218753,0.0334772766502191,0.1440885939025078,j1_b_then_a,,,256,52,128,"joint(A,B); seed=23; train-class coverage checked"
diamonds,tabiclv2,5,j2_a_then_b,2.1719430702665354,0.8332110663804033,0.0928069216030393,0.6996586748938041,1.4649984167207313,0.0536987357860401,0.1440885939025078,j1_b_then_a,,,256,52,128,"joint(A,B); seed=23; train-class coverage checked"
diamonds,tabiclv2,5,independent,2.162210364244352,0.8329882627083061,0.0919060296322988,0.7069446535458046,1.4552657106985478,4.7209803177330825e-17,0.1440885939025078,j1_b_then_a,,,256,52,128,"joint(A,B); seed=23; train-class coverage checked"
diamonds,tabiclv2,5,arithmetic,2.1179304672591184,0.827034362407445,0.1030806739797392,0.667202498855466,1.45152873086107,0.0435880062181295,0.1440885939025078,j1_b_then_a,,,256,52,128,"joint(A,B); seed=23; train-class coverage checked"
diamonds,tabiclv2,5,geometric,2.122007291226065,0.8279714287708324,0.1201813923769564,0.6698163700017559,1.4510427559562955,0.0424911728560857,0.1440885939025078,j1_b_then_a,,,256,52,128,"joint(A,B); seed=23; train-class coverage checked"
diamonds,tabiclv2,5,hard_core,2.161536866768298,0.8330986374478299,0.0980116066741949,0.7062711560697502,1.454592213222436,1.3624186965624048e-14,0.1440885939025078,j1_b_then_a,,,256,52,128,"joint(A,B); seed=23; train-class coverage checked"
diamonds,tabiclv2,5,soft_core_lambda_1,2.1370537810651733,0.8296950589798077,0.1501029789448739,0.6860875620918038,1.450021932705596,0.0210147333134691,0.1440885939025078,j1_b_then_a,,,256,52,128,"joint(A,B); seed=23; train-class coverage checked"
diamonds,tabiclv2,5,selective_core,2.113413456003995,0.8295049670337966,0.0983448601379618,0.6581477453054474,1.4644972409218753,0.0334772766502191,0.1440885939025078,j1_b_then_a,,,256,52,128,"joint(A,B); seed=23; train-class coverage checked"
diamonds,tabpfn3,1,j1_b_then_a,2.1917607822515084,0.8387246689824377,0.0509342064451366,0.6921977084921662,1.496513908147109,0.0126110335729441,0.0712927573212518,soft,0.0,1.0,256,52,128,"joint(A,B); seed=23; train-class coverage checked"
diamonds,tabpfn3,1,j2_a_then_b,2.1978029976264706,0.8383817282504393,0.0862263978005627,0.6920264180208016,1.5016366465419568,0.0280469831049262,0.0712927573212518,soft,0.0,1.0,256,52,128,"joint(A,B); seed=23; train-class coverage checked"
diamonds,tabpfn3,1,independent,2.195729424843856,0.8388985939850881,0.05190615349005,0.6961663510845139,1.499563073759342,4.679743213527722e-17,0.0712927573212518,soft,0.0,1.0,256,52,128,"joint(A,B); seed=23; train-class coverage checked"
diamonds,tabpfn3,1,arithmetic,2.190462326957023,0.8376917671385807,0.1169959282714261,0.6907681127431426,1.4956198928894258,0.0203290083389351,0.0712927573212518,soft,0.0,1.0,256,52,128,"joint(A,B); seed=23; train-class coverage checked"
diamonds,tabpfn3,1,geometric,2.189677024257948,0.8375470956842357,0.1104100131982778,0.6904996736498898,1.495004247669121,0.0201385622654855,0.0712927573212518,soft,0.0,1.0,256,52,128,"joint(A,B); seed=23; train-class coverage checked"
diamonds,tabpfn3,1,hard_core,2.1916880465355373,0.8382969724325682,0.0561576237869339,0.6921249727761953,1.4955216954510129,8.552403100544123e-15,0.0712927573212518,soft,0.0,1.0,256,52,128,"joint(A,B); seed=23; train-class coverage checked"
diamonds,tabpfn3,1,soft_core_lambda_1,2.189577556002956,0.8376671199737866,0.1000868422107537,0.691036530162219,1.4944258292306458,0.0100538665254811,0.0712927573212518,soft,0.0,1.0,256,52,128,"joint(A,B); seed=23; train-class coverage checked"
diamonds,tabpfn3,1,selective_core,2.191554517527012,0.8373247310112955,0.074082391604586,0.6923098794876476,1.4956901440559742,0.0142773028655599,0.0712927573212518,soft,0.0,1.0,256,52,128,"joint(A,B); seed=23; train-class coverage checked"
diamonds,tabpfn3,2,j1_b_then_a,2.2788196339843183,0.8589770584801273,0.0685413025344953,0.7883551329627166,1.4904826552588435,0.0095834151091518,0.072451636784251,mpr,0.0,,256,52,128,"joint(A,B); seed=23; train-class coverage checked"
diamonds,tabpfn3,2,j2_a_then_b,2.282321195297301,0.8598374554400495,0.0666466668054597,0.7852221410286864,1.480831675976149,0.0287576461661717,0.072451636784251,mpr,0.0,,256,52,128,"joint(A,B); seed=23; train-class coverage checked"
diamonds,tabpfn3,2,independent,2.2919540203427538,0.8608926804792463,0.0794764823155586,0.8014895193211522,1.490464501021601,3.9310087706745283e-17,0.072451636784251,mpr,0.0,,256,52,128,"joint(A,B); seed=23; train-class coverage checked"
diamonds,tabpfn3,2,arithmetic,2.27519732187864,0.85838424419785,0.0954009551287361,0.7854342276632088,1.4814408243798345,0.0191705306376617,0.072451636784251,mpr,0.0,,256,52,128,"joint(A,B); seed=23; train-class coverage checked"
diamonds,tabpfn3,2,geometric,2.275059007163347,0.8586032617399149,0.092626365915601,0.7848877797410259,1.4806124163733037,0.019109571421861,0.072451636784251,mpr,0.0,,256,52,128,"joint(A,B); seed=23; train-class coverage checked"
diamonds,tabpfn3,2,hard_core,2.2825350630947567,0.8599217259446039,0.0857137946284798,0.7920705620731554,1.4810455437738512,6.251932756642848e-14,0.072451636784251,mpr,0.0,,256,52,128,"joint(A,B); seed=23; train-class coverage checked"
diamonds,tabpfn3,2,soft_core_lambda_1,2.2777451793285657,0.8591303750770956,0.0993389275472633,0.78828101543665,1.4799833695508282,0.0095661216819259,0.072451636784251,mpr,0.0,,256,52,128,"joint(A,B); seed=23; train-class coverage checked"
diamonds,tabpfn3,2,selective_core,2.275729772274855,0.8593328745333366,0.0916776957307446,0.7852652712532533,1.4742402529537668,6.82896906795463e-14,0.072451636784251,mpr,0.0,,256,52,128,"joint(A,B); seed=23; train-class coverage checked"
diamonds,tabpfn3,3,j1_b_then_a,2.2776683130115503,0.837787421785148,0.057391356449807,0.7458211114719518,1.5310163399545298,0.0214414429083032,0.0812343239526013,mpr,0.0,,256,52,128,"joint(A,B); seed=23; train-class coverage checked"
diamonds,tabpfn3,3,j2_a_then_b,2.259194677644839,0.8387483422547799,0.0662075830356526,0.7212427648461055,1.5335851693456215,0.0270836576823875,0.0812343239526013,mpr,0.0,,256,52,128,"joint(A,B); seed=23; train-class coverage checked"
diamonds,tabpfn3,3,independent,2.257456709838816,0.8328584497267395,0.0752462417900767,0.7256095082992176,1.5318472015395983,4.222057563157232e-17,0.0812343239526013,mpr,0.0,,256,52,128,"joint(A,B); seed=23; train-class coverage checked"
diamonds,tabpfn3,3,arithmetic,2.261996184984343,0.8373070457975454,0.0801362894658307,0.7304441111796112,1.5278493972019274,0.0242625502953454,0.0812343239526013,mpr,0.0,,256,52,128,"joint(A,B); seed=23; train-class coverage checked"
diamonds,tabpfn3,3,geometric,2.261308227634155,0.8370437320747447,0.0790631200909946,0.7297721258160115,1.5277503010722806,0.0235704687183597,0.0812343239526013,mpr,0.0,,256,52,128,"joint(A,B); seed=23; train-class coverage checked"
diamonds,tabpfn3,3,hard_core,2.2541898363101662,0.8326115126539434,0.0900968570810313,0.7223426347705674,1.528580328010789,5.74447544830646e-14,0.0812343239526013,mpr,0.0,,256,52,128,"joint(A,B); seed=23; train-class coverage checked"
diamonds,tabpfn3,3,soft_core_lambda_1,2.256271762334197,0.8345876593681494,0.0684014377211461,0.7255133583809892,1.5272467757904975,0.0116743102896045,0.0812343239526013,mpr,0.0,,256,52,128,"joint(A,B); seed=23; train-class coverage checked"
diamonds,tabpfn3,3,selective_core,2.253626600548767,0.8326566510926964,0.0710753843255884,0.7217793990091684,1.5280170922494225,4.38416791337084e-14,0.0812343239526013,mpr,0.0,,256,52,128,"joint(A,B); seed=23; train-class coverage checked"
diamonds,tabpfn3,4,j1_b_then_a,2.333362200971502,0.8527187998873633,0.0686256490124119,0.8048901453152226,1.5276229421530618,0.0195188958129635,0.0637084512164644,mpr,0.0,,256,52,128,"joint(A,B); seed=23; train-class coverage checked"
diamonds,tabpfn3,4,j2_a_then_b,2.2652634440689208,0.8423425763811543,0.0634360363859797,0.7637949022960652,1.508497251807835,0.0175258197720093,0.0637084512164644,mpr,0.0,,256,52,128,"joint(A,B); seed=23; train-class coverage checked"
diamonds,tabpfn3,4,independent,2.2852382479173654,0.8452799881928956,0.0594914681833026,0.7567661922610858,1.528472055656279,4.757827408991503e-17,0.0637084512164644,mpr,0.0,,256,52,128,"joint(A,B); seed=23; train-class coverage checked"
diamonds,tabpfn3,4,arithmetic,2.2939889956383928,0.8469549080744169,0.0434532336754883,0.7803785094901842,1.515606791536435,0.0185223577924864,0.0637084512164644,mpr,0.0,,256,52,128,"joint(A,B); seed=23; train-class coverage checked"
diamonds,tabpfn3,4,geometric,2.2951314478198444,0.8470442178997544,0.0503205260206322,0.781634907974435,1.516180705831279,0.0185192292437344,0.0637084512164644,mpr,0.0,,256,52,128,"joint(A,B); seed=23; train-class coverage checked"
diamonds,tabpfn3,4,hard_core,2.288056001222664,0.845683660980224,0.0514778778335384,0.7595839455663844,1.5312898089615494,6.924693343606951e-15,0.0637084512164644,mpr,0.0,,256,52,128,"joint(A,B); seed=23; train-class coverage checked"
diamonds,tabpfn3,4,soft_core_lambda_1,2.2906360471775624,0.8462266694857963,0.0527936117977684,0.7700394911056666,1.5233529025364851,0.0092524102396856,0.0637084512164644,mpr,0.0,,256,52,128,"joint(A,B); seed=23; train-class coverage checked"
diamonds,tabpfn3,4,selective_core,2.29269475310349,0.8463233677532781,0.0494488479603005,0.764222697447211,1.5359285608422382,5.760805367379818e-14,0.0637084512164644,mpr,0.0,,256,52,128,"joint(A,B); seed=23; train-class coverage checked"
diamonds,tabpfn3,5,j1_b_then_a,2.300682005683459,0.8498137219348271,0.0716584791115923,0.7848741888823063,1.5242102535184978,0.0346400187685751,0.1274360157317872,mpr,0.25,,256,52,128,"joint(A,B); seed=23; train-class coverage checked"
diamonds,tabpfn3,5,j2_a_then_b,2.261690302723164,0.8445375211873709,0.0668451743011562,0.7083705687330347,1.551404715048844,0.0462864002578736,0.1274360157317872,mpr,0.25,,256,52,128,"joint(A,B); seed=23; train-class coverage checked"
diamonds,tabpfn3,5,independent,2.2260934044754723,0.8410568947334798,0.0552235518788361,0.7102855876743197,1.5158078168011528,4.8524783777634955e-17,0.1274360157317872,mpr,0.25,,256,52,128,"joint(A,B); seed=23; train-class coverage checked"
diamonds,tabpfn3,5,arithmetic,2.263738727881812,0.8447320579172088,0.0456271237555415,0.736810265838868,1.52776221890983,0.0404632095132243,0.1274360157317872,mpr,0.25,,256,52,128,"joint(A,B); seed=23; train-class coverage checked"
diamonds,tabpfn3,5,geometric,2.2652283914504383,0.8447749861441591,0.0507427826440261,0.7391074280218043,1.5278896013907448,0.0390430172050746,0.1274360157317872,mpr,0.25,,256,52,128,"joint(A,B); seed=23; train-class coverage checked"
diamonds,tabpfn3,5,hard_core,2.228929565414184,0.8408038061521832,0.0398512010956157,0.713121748613031,1.5186439777398455,5.974612872692587e-15,0.1274360157317872,mpr,0.25,,256,52,128,"joint(A,B); seed=23; train-class coverage checked"
diamonds,tabpfn3,5,soft_core_lambda_1,2.2432917434434385,0.8422228013957702,0.0442370680889805,0.7244153868667664,1.521179407126995,0.0192772606763066,0.1274360157317872,mpr,0.25,,256,52,128,"joint(A,B); seed=23; train-class coverage checked"
diamonds,tabpfn3,5,selective_core,2.2272100242325883,0.8406400993656518,0.0384472969180152,0.7114022074314353,1.5169244365582275,1.1148842843224606e-14,0.1274360157317872,mpr,0.25,,256,52,128,"joint(A,B); seed=23; train-class coverage checked"
diamonds,catboost,1,j1_b_then_a,2.775927267241892,0.9125315870682762,0.0380372502979653,0.9030644428166013,1.870338991172668,0.0208220151741891,0.0786482645266992,mpr,1.0,,256,52,128,"joint(A,B); seed=23; train-class coverage checked"
diamonds,catboost,1,j2_a_then_b,2.7712403876027407,0.912769038963632,0.0374646544412564,0.8935620398163917,1.8803014915140863,0.0235348398261083,0.0786482645266992,mpr,1.0,,256,52,128,"joint(A,B); seed=23; train-class coverage checked"
diamonds,catboost,1,independent,2.763801720513945,0.9121986885093648,0.0525878743645081,0.8909388960886542,1.872862824425291,4.2355035494504034e-17,0.0786482645266992,mpr,1.0,,256,52,128,"joint(A,B); seed=23; train-class coverage checked"
diamonds,catboost,1,arithmetic,2.767861686306759,0.9120733356851534,0.0312995021426621,0.8946868657170048,1.87129786925046,0.0221784275001487,0.0786482645266992,mpr,1.0,,256,52,128,"joint(A,B); seed=23; train-class coverage checked"
diamonds,catboost,1,geometric,2.76833598082393,0.9121429960187388,0.03094944432217,0.8945245076132708,1.871812438935249,0.0219565219160174,0.0786482645266992,mpr,1.0,,256,52,128,"joint(A,B); seed=23; train-class coverage checked"
diamonds,catboost,1,hard_core,2.761726169681162,0.9118068133498513,0.0376815202935625,0.8888633452558712,1.8707872735925188,3.678366273141173e-14,0.0786482645266992,mpr,1.0,,256,52,128,"joint(A,B); seed=23; train-class coverage checked"
diamonds,catboost,1,soft_core_lambda_1,2.7641587540277994,0.911889482836168,0.0372146371051857,0.8912916109425688,1.870832640286634,0.010954813633865,0.0786482645266992,mpr,1.0,,256,52,128,"joint(A,B); seed=23; train-class coverage checked"
diamonds,catboost,1,selective_core,2.7611846631198675,0.9119180060537794,0.0368061235363964,0.8883218386945768,1.8702457670309405,1.4602544434055844e-13,0.0786482645266992,mpr,1.0,,256,52,128,"joint(A,B); seed=23; train-class coverage checked"
diamonds,catboost,2,j1_b_then_a,2.8464939431061747,0.9215657041225348,0.031056316249144,0.9589291920793588,1.886069416579541,0.0165229544192128,0.0991289437709746,j2_a_then_b,,,256,52,128,"joint(A,B); seed=23; train-class coverage checked"
diamonds,catboost,2,j2_a_then_b,2.8271694991768763,0.9214137423670076,0.0563396221287125,0.9603472799471277,1.8572669781393023,0.0390135371484185,0.0991289437709746,j2_a_then_b,,,256,52,128,"joint(A,B); seed=23; train-class coverage checked"
diamonds,catboost,2,independent,2.8574672720643903,0.9225455345729552,0.0395696372526811,0.9699025210375742,1.887564751026816,4.7643909217159885e-17,0.0991289437709746,j2_a_then_b,,,256,52,128,"joint(A,B); seed=23; train-class coverage checked"
diamonds,catboost,2,arithmetic,2.829684359775123,0.9202259892882484,0.0460186316261622,0.9569786166349572,1.8658120620962872,0.0277682457838156,0.0991289437709746,j2_a_then_b,,,256,52,128,"joint(A,B); seed=23; train-class coverage checked"
diamonds,catboost,2,geometric,2.8293735094983994,0.9202136663082092,0.0482449696078451,0.9571703218681176,1.8651787704916536,0.0275219177026749,0.0991289437709746,j2_a_then_b,,,256,52,128,"joint(A,B); seed=23; train-class coverage checked"
diamonds,catboost,2,hard_core,2.849948030954764,0.92266574162106,0.0609504042313536,0.9623832799279473,1.8800455099172355,1.3496979243607637e-13,0.0991289437709746,j2_a_then_b,,,256,52,128,"joint(A,B); seed=23; train-class coverage checked"
diamonds,catboost,2,soft_core_lambda_1,2.838345206154909,0.9211758131120916,0.0489593272750677,0.9595338405262815,1.8715278638603208,0.0137221323720947,0.0991289437709746,j2_a_then_b,,,256,52,128,"joint(A,B); seed=23; train-class coverage checked"
diamonds,catboost,2,selective_core,2.8271694991768763,0.9214137423670076,0.0563396221287125,0.9603472799471277,1.8572669781393023,0.0390135371484185,0.0991289437709746,j2_a_then_b,,,256,52,128,"joint(A,B); seed=23; train-class coverage checked"
diamonds,catboost,3,j1_b_then_a,2.771537691111037,0.9070801175389864,0.0330000222340817,0.9180054072850734,1.854148271567988,0.0219826786502621,0.0844629906418972,j1_b_then_a,,,256,52,128,"joint(A,B); seed=23; train-class coverage checked"
diamonds,catboost,3,j2_a_then_b,2.8126680116537344,0.9145390339954932,0.035850394553721,0.9424539165166348,1.887341369239424,0.0284116713490709,0.0844629906418972,j1_b_then_a,,,256,52,128,"joint(A,B); seed=23; train-class coverage checked"
diamonds,catboost,3,independent,2.7788589262402743,0.9074872554442932,0.0456481084735362,0.9253266424143104,1.853532283825964,4.785397338807895e-17,0.0844629906418972,j1_b_then_a,,,256,52,128,"joint(A,B); seed=23; train-class coverage checked"
diamonds,catboost,3,arithmetic,2.7869437818688407,0.9100310812377148,0.0435488912466273,0.9276853870501354,1.8673753963603952,0.0251971749996665,0.0844629906418972,j1_b_then_a,,,256,52,128,"joint(A,B); seed=23; train-class coverage checked"
diamonds,catboost,3,geometric,2.7863002964809507,0.9100172898709524,0.0416283147427115,0.9269693803034909,1.8666385297593,0.0253064863156148,0.0844629906418972,j1_b_then_a,,,256,52,128,"joint(A,B); seed=23; train-class coverage checked"
diamonds,catboost,3,hard_core,2.7859357735215564,0.9083819537990168,0.0392158668249652,0.9324034896955932,1.8606091311069528,4.017314774026545e-13,0.0844629906418972,j1_b_then_a,,,256,52,128,"joint(A,B); seed=23; train-class coverage checked"
diamonds,catboost,3,soft_core_lambda_1,2.785072958660943,0.9090725962772692,0.028634634192737,0.9292717450196174,1.8629881165714568,0.0126290356043162,0.0844629906418972,j1_b_then_a,,,256,52,128,"joint(A,B); seed=23; train-class coverage checked"
diamonds,catboost,3,selective_core,2.771537691111037,0.9070801175389864,0.0330000222340817,0.9180054072850734,1.854148271567988,0.0219826786502621,0.0844629906418972,j1_b_then_a,,,256,52,128,"joint(A,B); seed=23; train-class coverage checked"
diamonds,catboost,4,j1_b_then_a,2.795163039759016,0.9152983202032812,0.0197368061057475,0.942093662582038,1.8527648489350708,0.0204928478151079,0.0814075654037068,soft,0.0,3.0,256,52,128,"joint(A,B); seed=23; train-class coverage checked"
diamonds,catboost,4,j2_a_then_b,2.757768459527421,0.9114078504283404,0.0570089712930386,0.9411358151104218,1.833704279476328,0.0311516407881028,0.0814075654037068,soft,0.0,3.0,256,52,128,"joint(A,B); seed=23; train-class coverage checked"
diamonds,catboost,4,independent,2.777133557228072,0.9143963141119312,0.0352878003335783,0.9240641800510933,1.8530693771769784,5.2146736364763746e-17,0.0814075654037068,soft,0.0,3.0,256,52,128,"joint(A,B); seed=23; train-class coverage checked"
diamonds,catboost,4,arithmetic,2.7710004901219136,0.9127183265187908,0.0353820456532884,0.9390942336811996,1.8390576559723089,0.0258222443016053,0.0814075654037068,soft,0.0,3.0,256,52,128,"joint(A,B); seed=23; train-class coverage checked"
diamonds,catboost,4,geometric,2.7709977458217283,0.9126993223300024,0.0354233042562636,0.9388306725738462,1.8394025264393976,0.0256675015849568,0.0814075654037068,soft,0.0,3.0,256,52,128,"joint(A,B); seed=23; train-class coverage checked"
diamonds,catboost,4,hard_core,2.784290895236732,0.9144468807507103,0.0392067420051139,0.9312215180597532,1.8602267151855088,1.1714243737894793e-13,0.0814075654037068,soft,0.0,3.0,256,52,128,"joint(A,B); seed=23; train-class coverage checked"
diamonds,catboost,4,soft_core_lambda_1,2.776533233379709,0.9134209328158708,0.0388685196577717,0.9346856235299908,1.849037366901047,0.0128137640534913,0.0814075654037068,soft,0.0,3.0,256,52,128,"joint(A,B); seed=23; train-class coverage checked"
diamonds,catboost,4,selective_core,2.782557750068341,0.91366026894502,0.0394315662923075,0.9408259622534072,1.8583720034338524,0.0080063345497771,0.0814075654037068,soft,0.0,3.0,256,52,128,"joint(A,B); seed=23; train-class coverage checked"
diamonds,catboost,5,j1_b_then_a,2.8239428957561508,0.9159087939057652,0.0631103445077956,0.9039533343373856,1.9177389288810047,0.0201869208373387,0.083185161554291,geometric,0.75,,256,52,128,"joint(A,B); seed=23; train-class coverage checked"
diamonds,catboost,5,j2_a_then_b,2.8338633502331305,0.9206323649176282,0.0819733021067978,0.90281376260653,1.947821645105606,0.028757234165298,0.083185161554291,geometric,0.75,,256,52,128,"joint(A,B); seed=23; train-class coverage checked"
diamonds,catboost,5,independent,2.806031266546289,0.9152136906616324,0.0697474085302101,0.8860417051275242,1.9199895614187648,5.101171221544298e-17,0.083185161554291,geometric,0.75,,256,52,128,"joint(A,B); seed=23; train-class coverage checked"
diamonds,catboost,5,arithmetic,2.8237717652758225,0.9175507211614587,0.0749527992012125,0.9006696738061168,1.9290045688794928,0.0244720775013183,0.083185161554291,geometric,0.75,,256,52,128,"joint(A,B); seed=23; train-class coverage checked"
diamonds,catboost,5,geometric,2.823209480454533,0.9175218715445936,0.0718537991061207,0.9004622245856106,1.9287986106637995,0.0242486725111735,0.083185161554291,geometric,0.75,,256,52,128,"joint(A,B); seed=23; train-class coverage checked"
diamonds,catboost,5,hard_core,2.8120208624104057,0.9155450212741888,0.045343302626565,0.8920313009916402,1.9259791572842984,4.560450121379213e-13,0.083185161554291,geometric,0.75,,256,52,128,"joint(A,B); seed=23; train-class coverage checked"
diamonds,catboost,5,soft_core_lambda_1,2.816585031690269,0.9164195064090024,0.0598532853348707,0.8958984826605837,1.9266992285191884,0.0121700046432211,0.083185161554291,geometric,0.75,,256,52,128,"joint(A,B); seed=23; train-class coverage checked"
diamonds,catboost,5,selective_core,2.8221263622134,0.9165259979392318,0.0671405672391914,0.901447627001903,1.922259171299044,0.0221582001237239,0.083185161554291,geometric,0.75,,256,52,128,"joint(A,B); seed=23; train-class coverage checked"
car,tabiclv2,1,j1_b_then_a,1.243467142891141,0.6910767580723416,0.0292277919344499,0.1389481442233311,0.7861963937491617,0.0345624440921332,0.1018473487223218,geometric,1.0,,256,52,128,"joint(A,B); seed=23; train-class coverage checked"
car,tabiclv2,1,j2_a_then_b,1.305807840236139,0.7247312558607648,0.0994394417955847,0.153379439193821,0.799273124707212,0.0359504401913923,0.1018473487223218,geometric,1.0,,256,52,128,"joint(A,B); seed=23; train-class coverage checked"
car,tabiclv2,1,independent,1.6110537141967365,0.7759299080243609,0.0426105460598615,0.5065347155289267,1.1045189986678097,2.326072414349129e-17,0.1018473487223218,geometric,1.0,,256,52,128,"joint(A,B); seed=23; train-class coverage checked"
car,tabiclv2,1,arithmetic,1.2570927891850063,0.703664841837503,0.0653307266718423,0.1346354692848628,0.7817759602676551,0.0352564421417627,0.1018473487223218,geometric,1.0,,256,52,128,"joint(A,B); seed=23; train-class coverage checked"
car,tabiclv2,1,geometric,1.2598497400605857,0.7052081068861277,0.0692124771738686,0.1338498915820765,0.7872908504184781,0.036740181298133,0.1018473487223218,geometric,1.0,,256,52,128,"joint(A,B); seed=23; train-class coverage checked"
car,tabiclv2,1,hard_core,1.3091050808281408,0.7073026356378059,0.0278485356931398,0.204586082160331,0.8025703653004133,1.9342205440656333e-13,0.1018473487223218,geometric,1.0,,256,52,128,"joint(A,B); seed=23; train-class coverage checked"
car,tabiclv2,1,soft_core_lambda_1,1.259373580938241,0.7039504054078688,0.061688687885029,0.139859689438797,0.7778361958453334,0.0275928843473529,0.1018473487223218,geometric,1.0,,256,52,128,"joint(A,B); seed=23; train-class coverage checked"
car,tabiclv2,1,selective_core,1.243467142891141,0.6910767580723417,0.0292277919344499,0.1389481442233311,0.7861963937491617,0.0345624440921332,0.1018473487223218,geometric,1.0,,256,52,128,"joint(A,B); seed=23; train-class coverage checked"
car,tabiclv2,2,j1_b_then_a,1.295344206459239,0.7123271627759891,0.0583563021585918,0.1881828926886477,0.738232243532688,0.0250023875998658,0.1093699223718794,geometric,0.75,,256,52,128,"joint(A,B); seed=23; train-class coverage checked"
car,tabiclv2,2,j2_a_then_b,1.3366585541249596,0.7275386624519742,0.1501016465699795,0.2115901887915924,0.7610912232570818,0.0437383056515795,0.1093699223718794,geometric,0.75,,256,52,128,"joint(A,B); seed=23; train-class coverage checked"
car,tabiclv2,2,independent,1.6827286446384695,0.7808890913888833,0.0364623593037073,0.575567330867878,1.1071613137705911,2.6843808340816826e-17,0.1093699223718794,geometric,0.75,,256,52,128,"joint(A,B); seed=23; train-class coverage checked"
car,tabiclv2,2,arithmetic,1.2956996263439529,0.7141904485007622,0.1224984324834554,0.1880324797815763,0.7385465803861654,0.0343703466257226,0.1093699223718794,geometric,0.75,,256,52,128,"joint(A,B); seed=23; train-class coverage checked"
car,tabiclv2,2,geometric,1.299166313914386,0.7149582840302362,0.1422405241312407,0.1904652856049045,0.7392388996966187,0.0358970378372354,0.1093699223718794,geometric,0.75,,256,52,128,"joint(A,B); seed=23; train-class coverage checked"
car,tabiclv2,2,hard_core,1.3274438987243693,0.7184870765208309,0.0610585011840229,0.220282584953778,0.751876567857877,1.924405476848539e-13,0.1093699223718794,geometric,0.75,,256,52,128,"joint(A,B); seed=23; train-class coverage checked"
car,tabiclv2,2,soft_core_lambda_1,1.3032386071178617,0.7126538794136765,0.0796017533749791,0.1997570709283163,0.7386641104616727,0.0243799626789865,0.1093699223718794,geometric,0.75,,256,52,128,"joint(A,B); seed=23; train-class coverage checked"
car,tabiclv2,2,selective_core,1.2928423806959153,0.7121851392791714,0.087982762717643,0.1871610950099346,0.7362709501657283,0.0307236423812631,0.1093699223718794,geometric,0.75,,256,52,128,"joint(A,B); seed=23; train-class coverage checked"
car,tabiclv2,3,j1_b_then_a,1.30821667268474,0.7147560709164584,0.1003050206439954,0.1760049158610983,0.8346220313077253,0.0333625850920078,0.1122620133840225,j2_a_then_b,,,256,52,128,"joint(A,B); seed=23; train-class coverage checked"
car,tabiclv2,3,j2_a_then_b,1.3899926645319367,0.7323812370900602,0.1083882414139633,0.2226261425335215,0.9010004763842026,0.0396240595125571,0.1122620133840225,j2_a_then_b,,,256,52,128,"joint(A,B); seed=23; train-class coverage checked"
car,tabiclv2,3,independent,1.6212039449713758,0.7754595219205567,0.0910188955348261,0.4889921881477341,1.1322117568236414,2.6389097231929082e-17,0.1122620133840225,j2_a_then_b,,,256,52,128,"joint(A,B); seed=23; train-class coverage checked"
car,tabiclv2,3,arithmetic,1.32551661298234,0.7190237102862295,0.0781390507539971,0.1820106947392366,0.8523236628285595,0.0364933223022824,0.1122620133840225,j2_a_then_b,,,256,52,128,"joint(A,B); seed=23; train-class coverage checked"
car,tabiclv2,3,geometric,1.3311794068817937,0.7210136371631659,0.0828866169317879,0.180638598471573,0.858703161849836,0.0384532504121641,0.1122620133840225,j2_a_then_b,,,256,52,128,"joint(A,B); seed=23; train-class coverage checked"
car,tabiclv2,3,hard_core,1.3372014930349816,0.712300246016295,0.0830792303456197,0.2049897362113399,0.8482093048885905,1.9364567105335332e-13,0.1122620133840225,j2_a_then_b,,,256,52,128,"joint(A,B); seed=23; train-class coverage checked"
car,tabiclv2,3,soft_core_lambda_1,1.3244248570153596,0.7172697512665573,0.0546067302688443,0.1833458544306696,0.8478632938768114,0.0290069987053893,0.1122620133840225,j2_a_then_b,,,256,52,128,"joint(A,B); seed=23; train-class coverage checked"
car,tabiclv2,3,selective_core,1.3899926645319367,0.7323812370900602,0.1083882414139633,0.2226261425335215,0.9010004763842026,0.0396240595125571,0.1122620133840225,j2_a_then_b,,,256,52,128,"joint(A,B); seed=23; train-class coverage checked"
car,tabiclv2,4,j1_b_then_a,1.2412639730514328,0.6992534766622105,0.0565283623286282,0.1271610383682901,0.7843891705394952,0.0335909430680244,0.1042205479675695,j1_b_then_a,,,256,52,128,"joint(A,B); seed=23; train-class coverage checked"
car,tabiclv2,4,j2_a_then_b,1.2742467309287338,0.7057042774929148,0.1042499129653777,0.1540749298928662,0.7637997185461943,0.0400436454859593,0.1042205479675695,j1_b_then_a,,,256,52,128,"joint(A,B); seed=23; train-class coverage checked"
car,tabiclv2,4,independent,1.6245499470656823,0.775805604027556,0.0505739556483891,0.5104470123825395,1.1141029346831428,2.3012670875760112e-17,0.1042205479675695,j1_b_then_a,,,256,52,128,"joint(A,B); seed=23; train-class coverage checked"
car,tabiclv2,4,arithmetic,1.244728825557516,0.6982284302550378,0.0799432373429651,0.1354809328948955,0.7685196277458621,0.0368172942769918,0.1042205479675695,j1_b_then_a,,,256,52,128,"joint(A,B); seed=23; train-class coverage checked"
car,tabiclv2,4,geometric,1.2435036337079248,0.6991742582315882,0.0816963744846313,0.1313799870885791,0.7681064415720829,0.0382207624659032,0.1042205479675695,j1_b_then_a,,,256,52,128,"joint(A,B); seed=23; train-class coverage checked"
car,tabiclv2,4,hard_core,1.3608944690914708,0.7206967757723312,0.0762349736926082,0.2467915344083281,0.8504474567095087,1.9299725797185441e-13,0.1042205479675695,j1_b_then_a,,,256,52,128,"joint(A,B); seed=23; train-class coverage checked"
car,tabiclv2,4,soft_core_lambda_1,1.2577618336211056,0.7039270027589739,0.1296532488364235,0.1425694866641228,0.7740724603643561,0.0288164790375311,0.1042205479675695,j1_b_then_a,,,256,52,128,"joint(A,B); seed=23; train-class coverage checked"
car,tabiclv2,4,selective_core,1.2412639730514328,0.6992534766622105,0.0565283623286282,0.1271610383682901,0.7843891705394952,0.0335909430680244,0.1042205479675695,j1_b_then_a,,,256,52,128,"joint(A,B); seed=23; train-class coverage checked"
car,tabiclv2,5,j1_b_then_a,1.246954707583269,0.7026627934934293,0.098208004814812,0.1299287685722719,0.7933063665072887,0.031728650678757,0.1120614157400504,soft,1.0,0.3,256,52,128,"joint(A,B); seed=23; train-class coverage checked"
car,tabiclv2,5,j2_a_then_b,1.3150026828435952,0.7262582100324189,0.1040460963929679,0.1745110535085276,0.8134917002507985,0.0396381394514606,0.1120614157400504,soft,1.0,0.3,256,52,128,"joint(A,B); seed=23; train-class coverage checked"
car,tabiclv2,5,independent,1.618536921603794,0.7822800017772706,0.0959389048811703,0.5015109825927968,1.1170259390109971,2.5478633180172065e-17,0.1120614157400504,soft,1.0,0.3,256,52,128,"joint(A,B); seed=23; train-class coverage checked"
car,tabiclv2,5,arithmetic,1.2714671918849338,0.7101429995444888,0.0964882855992825,0.1480788607260168,0.7978626864966584,0.0356833950651088,0.1120614157400504,soft,1.0,0.3,256,52,128,"joint(A,B); seed=23; train-class coverage checked"
car,tabiclv2,5,geometric,1.2647757416719236,0.7097105302228814,0.0928321815926209,0.1418232980719909,0.7974024638715652,0.0373503781860857,0.1120614157400504,soft,1.0,0.3,256,52,128,"joint(A,B); seed=23; train-class coverage checked"
car,tabiclv2,5,hard_core,1.316597309142797,0.720104232272794,0.1113688246919908,0.1995713701317997,0.8150863265510484,2.347671928389886e-13,0.1120614157400504,soft,1.0,0.3,256,52,128,"joint(A,B); seed=23; train-class coverage checked"
car,tabiclv2,5,soft_core_lambda_1,1.2748393458206562,0.7114149955950562,0.0797365434926546,0.1520237391774086,0.7991415007492648,0.025615363339958,0.1120614157400504,soft,1.0,0.3,256,52,128,"joint(A,B); seed=23; train-class coverage checked"
car,tabiclv2,5,selective_core,1.251947031983494,0.7045761276257845,0.0925137126673623,0.133170565238997,0.7935339637380132,0.0297218677456601,0.1120614157400504,soft,1.0,0.3,256,52,128,"joint(A,B); seed=23; train-class coverage checked"
car,tabpfn3,1,j1_b_then_a,1.2780438089033668,0.7010467911336107,0.0707975246743746,0.1703047936894522,0.8076087900641928,0.0376941742756963,0.1128835532191212,j1_b_then_a,,,256,52,128,"joint(A,B); seed=23; train-class coverage checked"
car,tabpfn3,1,j2_a_then_b,1.339095579936883,0.7324404020620514,0.0980581779224076,0.1839402441634685,0.8340763143342764,0.0391820607673401,0.1128835532191212,j1_b_then_a,,,256,52,128,"joint(A,B); seed=23; train-class coverage checked"
car,tabpfn3,1,independent,1.6127582808165213,0.7762430111142027,0.0899035923105202,0.5050192656026068,1.1077390152139146,2.3032059989318358e-17,0.1128835532191212,j1_b_then_a,,,256,52,128,"joint(A,B); seed=23; train-class coverage checked"
car,tabpfn3,1,arithmetic,1.290671202450813,0.7125401654022958,0.0862560935054315,0.1650591883948651,0.8087773823998636,0.0384381175215182,0.1128835532191212,j1_b_then_a,,,256,52,128,"joint(A,B); seed=23; train-class coverage checked"
car,tabpfn3,1,geometric,1.292046744013117,0.7135484363550344,0.0903924425199368,0.1633135676530632,0.8138364038270073,0.0404920226186225,0.1128835532191212,j1_b_then_a,,,256,52,128,"joint(A,B); seed=23; train-class coverage checked"
car,tabpfn3,1,hard_core,1.341786817006669,0.7134467413623629,0.0599188881703231,0.2340478017927543,0.8367675514053106,2.1597848722863065e-13,0.1128835532191212,j1_b_then_a,,,256,52,128,"joint(A,B); seed=23; train-class coverage checked"
car,tabpfn3,1,soft_core_lambda_1,1.2880502111597956,0.7098645550574885,0.077985947643968,0.1673338621337433,0.8028655235560953,0.0309383058219375,0.1128835532191212,j1_b_then_a,,,256,52,128,"joint(A,B); seed=23; train-class coverage checked"
car,tabpfn3,1,selective_core,1.2780438089033668,0.7010467911336107,0.0707975246743746,0.1703047936894522,0.8076087900641928,0.0376941742756963,0.1128835532191212,j1_b_then_a,,,256,52,128,"joint(A,B); seed=23; train-class coverage checked"
car,tabpfn3,2,j1_b_then_a,1.3135257468051202,0.71180351700204,0.0343842642948827,0.2116492404802072,0.7497510347428028,0.0212609148247663,0.0981733057074853,j1_b_then_a,,,256,52,128,"joint(A,B); seed=23; train-class coverage checked"
car,tabpfn3,2,j2_a_then_b,1.3554647439416398,0.7242807971669223,0.037312545459078,0.2383484576502063,0.794022124130963,0.0327199466147544,0.0981733057074853,j1_b_then_a,,,256,52,128,"joint(A,B); seed=23; train-class coverage checked"
car,tabpfn3,2,independent,1.66331912613559,0.7803610798371393,0.0573563093601581,0.561442619810677,1.101876506324913,2.2488201971454537e-17,0.0981733057074853,j1_b_then_a,,,256,52,128,"joint(A,B); seed=23; train-class coverage checked"
car,tabpfn3,2,arithmetic,1.3189567144710643,0.7146231031287389,0.0372183198956412,0.2141476623184212,0.762803155637678,0.0269904307197603,0.0981733057074853,j1_b_then_a,,,256,52,128,"joint(A,B); seed=23; train-class coverage checked"
car,tabpfn3,2,geometric,1.3206553818651368,0.7152768751648539,0.051632012712978,0.2143822026628776,0.7604158937074723,0.0280232962906701,0.0981733057074853,j1_b_then_a,,,256,52,128,"joint(A,B); seed=23; train-class coverage checked"
car,tabpfn3,2,hard_core,1.327101264096781,0.7170291125805545,0.042603918796842,0.2252247577718679,0.7656586442856099,2.0161625048400162e-13,0.0981733057074853,j1_b_then_a,,,256,52,128,"joint(A,B); seed=23; train-class coverage checked"
car,tabpfn3,2,soft_core_lambda_1,1.3179695161479923,0.7140398417867443,0.034165530913393,0.2165921812074027,0.7590946956095262,0.0174759318301936,0.0981733057074853,j1_b_then_a,,,256,52,128,"joint(A,B); seed=23; train-class coverage checked"
car,tabpfn3,2,selective_core,1.3135257468051202,0.71180351700204,0.0343842642948827,0.2116492404802072,0.7497510347428028,0.0212609148247663,0.0981733057074853,j1_b_then_a,,,256,52,128,"joint(A,B); seed=23; train-class coverage checked"
car,tabpfn3,3,j1_b_then_a,1.291433584450273,0.7050613628785971,0.1020603751794538,0.1773774844328308,0.8342473388335111,0.0368441245761301,0.1222898686785672,geometric,0.75,,256,52,128,"joint(A,B); seed=23; train-class coverage checked"
car,tabpfn3,3,j2_a_then_b,1.4032350174999977,0.7383342713479469,0.1090233911215285,0.2384772918344242,0.901988949315174,0.04163770232527,0.1222898686785672,geometric,0.75,,256,52,128,"joint(A,B); seed=23; train-class coverage checked"
car,tabpfn3,3,independent,1.6153021682022652,0.7714688267347787,0.0700382052640577,0.5012460681848234,1.114056100017442,2.956904006847587e-17,0.1222898686785672,geometric,0.75,,256,52,128,"joint(A,B); seed=23; train-class coverage checked"
car,tabpfn3,3,arithmetic,1.3212119235830868,0.7165043938654398,0.089706684311272,0.1887789652716439,0.8564756106952998,0.0392409134507,0.1222898686785672,geometric,0.75,,256,52,128,"joint(A,B); seed=23; train-class coverage checked"
car,tabpfn3,3,geometric,1.324737847873153,0.71735304536319,0.092771862045581,0.1866118167860619,0.8561106935833239,0.0418518357220174,0.1222898686785672,geometric,0.75,,256,52,128,"joint(A,B); seed=23; train-class coverage checked"
car,tabpfn3,3,hard_core,1.350398896448632,0.7108650649083335,0.0885829250418295,0.2363427964311901,0.8491528282625664,1.9401159933763882e-13,0.1222898686785672,geometric,0.75,,256,52,128,"joint(A,B); seed=23; train-class coverage checked"
car,tabpfn3,3,soft_core_lambda_1,1.32294215950476,0.7123312371766664,0.0602529618221902,0.1972430781709517,0.8433885537305928,0.0304346225937815,0.1222898686785672,geometric,0.75,,256,52,128,"joint(A,B); seed=23; train-class coverage checked"
car,tabpfn3,3,selective_core,1.3023557234312753,0.7101361103038649,0.0906087594458721,0.1762776200094229,0.8427298075015279,0.0398435641458212,0.1222898686785672,geometric,0.75,,256,52,128,"joint(A,B); seed=23; train-class coverage checked"
car,tabpfn3,4,j1_b_then_a,1.2359604556738653,0.693956136919453,0.017756439819917,0.1316850478454828,0.7800684451687567,0.046448935634892,0.1394956157621769,j1_b_then_a,,,256,52,128,"joint(A,B); seed=23; train-class coverage checked"
car,tabpfn3,4,j2_a_then_b,1.3260425828852338,0.7178660965893671,0.0791537483930546,0.209385571521131,0.799922901738459,0.0344058014144109,0.1394956157621769,j1_b_then_a,,,256,52,128,"joint(A,B); seed=23; train-class coverage checked"
car,tabpfn3,4,independent,1.630395088975157,0.7747757363626826,0.0941360762655927,0.5261196811467749,1.104275407828382,2.443193413588881e-17,0.1394956157621769,j1_b_then_a,,,256,52,128,"joint(A,B); seed=23; train-class coverage checked"
car,tabpfn3,4,arithmetic,1.2586721672698735,0.6997376614350745,0.0563979158771084,0.1518750660835147,0.7766940426143555,0.0404273685246514,0.1394956157621769,j1_b_then_a,,,256,52,128,"joint(A,B); seed=23; train-class coverage checked"
car,tabpfn3,4,geometric,1.2491999590726288,0.7004009752912904,0.0724613714565605,0.1386447177072253,0.772023071576117,0.0453419756794844,0.1394956157621769,j1_b_then_a,,,256,52,128,"joint(A,B); seed=23; train-class coverage checked"
car,tabpfn3,4,hard_core,1.3683361885622087,0.7180131216839968,0.0174401422544858,0.2640607807338265,0.8422165074160288,1.9479888642552932e-13,0.1394956157621769,j1_b_then_a,,,256,52,128,"joint(A,B); seed=23; train-class coverage checked"
car,tabpfn3,4,soft_core_lambda_1,1.2656068014339157,0.7037109465110168,0.0443591305203721,0.1552101275560038,0.777928652646062,0.0332667906610208,0.1394956157621769,j1_b_then_a,,,256,52,128,"joint(A,B); seed=23; train-class coverage checked"
car,tabpfn3,4,selective_core,1.2359604556738653,0.693956136919453,0.017756439819917,0.1316850478454828,0.7800684451687567,0.046448935634892,0.1394956157621769,j1_b_then_a,,,256,52,128,"joint(A,B); seed=23; train-class coverage checked"
car,tabpfn3,5,j1_b_then_a,1.242915081698824,0.6964064307476362,0.0595780823340598,0.1351191280725709,0.7922999443946943,0.0321657020394436,0.1078935746065825,soft,1.0,0.3,256,52,128,"joint(A,B); seed=23; train-class coverage checked"
car,tabpfn3,5,j2_a_then_b,1.3355898718045764,0.7272007264049463,0.1003573922238421,0.2103459295089296,0.8242378400890069,0.0268395725304818,0.1078935746065825,soft,1.0,0.3,256,52,128,"joint(A,B); seed=23; train-class coverage checked"
car,tabpfn3,5,independent,1.6191479853418227,0.7765112333963576,0.1073806387858867,0.5113520317155695,1.107795953626253,2.329570892031861e-17,0.1078935746065825,soft,1.0,0.3,256,52,128,"joint(A,B); seed=23; train-class coverage checked"
car,tabpfn3,5,arithmetic,1.2811475754865085,0.7083697686429924,0.0792777361076626,0.1667764390615512,0.8039729646593194,0.0295026372849627,0.1078935746065825,soft,1.0,0.3,256,52,128,"joint(A,B); seed=23; train-class coverage checked"
car,tabpfn3,5,geometric,1.269714042395342,0.7072432864306124,0.084464521959742,0.1553155842207306,0.8012040063021935,0.0329322108539446,0.1078935746065825,soft,1.0,0.3,256,52,128,"joint(A,B); seed=23; train-class coverage checked"
car,tabpfn3,5,hard_core,1.320154456131943,0.7171187190717969,0.0739516978907881,0.2123585025056897,0.8088024244174561,1.9406781440964522e-13,0.1078935746065825,soft,1.0,0.3,256,52,128,"joint(A,B); seed=23; train-class coverage checked"
car,tabpfn3,5,soft_core_lambda_1,1.2827807956732014,0.7093253499730034,0.0858715368890824,0.1679632456713218,0.8002834994472081,0.0215150196329748,0.1078935746065825,soft,1.0,0.3,256,52,128,"joint(A,B); seed=23; train-class coverage checked"
car,tabpfn3,5,selective_core,1.2502644524319808,0.6992732880321484,0.0636103780430036,0.1395365951481118,0.792406881885741,0.0300848743740857,0.1078935746065825,soft,1.0,0.3,256,52,128,"joint(A,B); seed=23; train-class coverage checked"
car,catboost,1,j1_b_then_a,1.613351794049105,0.7576392238019493,0.0546234968968582,0.5117515501025047,0.9093553761711248,0.0201140718287946,0.1286911430508771,soft,1.0,0.1,256,52,128,"joint(A,B); seed=23; train-class coverage checked"
car,catboost,1,j2_a_then_b,1.6256099096842098,0.7686446837041854,0.0675887055136477,0.5117638953274641,0.9445701569266468,0.0390283271027959,0.1286911430508771,soft,1.0,0.1,256,52,128,"joint(A,B); seed=23; train-class coverage checked"
car,catboost,1,independent,1.7826399967041628,0.7932948305505944,0.0684840253941125,0.6810397527575629,1.1016002439466002,3.717797012088575e-17,0.1286911430508771,soft,1.0,0.1,256,52,128,"joint(A,B); seed=23; train-class coverage checked"
car,catboost,1,arithmetic,1.6098849783793128,0.75867903722285,0.0554095644920548,0.5070261776077862,0.9188450094323236,0.0295711994657953,0.1286911430508771,soft,1.0,0.1,256,52,128,"joint(A,B); seed=23; train-class coverage checked"
car,catboost,1,geometric,1.605640148497344,0.7579196029184878,0.0608315320620612,0.5041531728217001,0.9161558201768528,0.0305494673442849,0.1286911430508771,soft,1.0,0.1,256,52,128,"joint(A,B); seed=23; train-class coverage checked"
car,catboost,1,hard_core,1.5970302222387045,0.753334062218169,0.0612498924351886,0.4954299782921044,0.9159904694797524,5.08707788079207e-13,0.1286911430508771,soft,1.0,0.1,256,52,128,"joint(A,B); seed=23; train-class coverage checked"
car,catboost,1,soft_core_lambda_1,1.599972555331821,0.754624184469058,0.0594831827396495,0.5010303588262945,0.9140409349424614,0.0156033803629031,0.1286911430508771,soft,1.0,0.1,256,52,128,"joint(A,B); seed=23; train-class coverage checked"
car,catboost,1,selective_core,1.6107778258677294,0.7566906594516416,0.0615144217405974,0.5101640130082796,0.90938480026278,0.0190355119725582,0.1286911430508771,soft,1.0,0.1,256,52,128,"joint(A,B); seed=23; train-class coverage checked"
car,catboost,2,j1_b_then_a,1.5700329553711063,0.751534884076575,0.0516515751941204,0.4836501228233619,0.8987587184508126,0.0140506366109126,0.10521828150939,soft,1.0,0.1,256,52,128,"joint(A,B); seed=23; train-class coverage checked"
car,catboost,2,j2_a_then_b,1.5663525294088112,0.7546189296284995,0.0812018337215615,0.4738404970961489,0.9121120991265128,0.0364509664883677,0.10521828150939,soft,1.0,0.1,256,52,128,"joint(A,B); seed=23; train-class coverage checked"
car,catboost,2,independent,1.7406232628300429,0.7887054524577025,0.0917356541571385,0.6542404302822985,1.0863828325477445,3.5866763118536094e-17,0.10521828150939,soft,1.0,0.1,256,52,128,"joint(A,B); seed=23; train-class coverage checked"
car,catboost,2,arithmetic,1.5609276122976912,0.7500182514000712,0.0352214078552436,0.4759064010550442,0.8988952463558184,0.0252508015496401,0.10521828150939,soft,1.0,0.1,256,52,128,"joint(A,B); seed=23; train-class coverage checked"
car,catboost,2,geometric,1.5590125863871638,0.7500452181125182,0.0313500993326294,0.4734547834663521,0.8981188098166922,0.0245321495536769,0.10521828150939,soft,1.0,0.1,256,52,128,"joint(A,B); seed=23; train-class coverage checked"
car,catboost,2,hard_core,1.551487714523097,0.7503366365188473,0.0617750905386872,0.4651048819753525,0.8972472842404597,4.4467913780463924e-13,0.10521828150939,soft,1.0,0.1,256,52,128,"joint(A,B); seed=23; train-class coverage checked"
car,catboost,2,soft_core_lambda_1,1.5543337819280807,0.7496622180276892,0.0327875053013315,0.4693210358034023,0.8967116390057969,0.0132637837350043,0.10521828150939,soft,1.0,0.1,256,52,128,"joint(A,B); seed=23; train-class coverage checked"
car,catboost,2,selective_core,1.568134860809625,0.7513813237030509,0.0489262773154671,0.4817436584891689,0.8987526965162479,0.0132052799414612,0.10521828150939,soft,1.0,0.1,256,52,128,"joint(A,B); seed=23; train-class coverage checked"
car,catboost,3,j1_b_then_a,1.5710013813072228,0.760073226343169,0.0638182999013077,0.4491974994369151,0.9657498169073084,0.0161910817897074,0.0876580696328122,geometric,0.75,,256,52,128,"joint(A,B); seed=23; train-class coverage checked"
car,catboost,3,j2_a_then_b,1.596626058606518,0.7660806485898572,0.0860223356196999,0.4818175195801606,0.9805474718024824,0.0244337684159504,0.0876580696328122,geometric,0.75,,256,52,128,"joint(A,B); seed=23; train-class coverage checked"
car,catboost,3,independent,1.7378824686743428,0.795594732384747,0.0719978758711068,0.6160785868040353,1.121803881870307,3.85264465729146e-17,0.0876580696328122,geometric,0.75,,256,52,128,"joint(A,B); seed=23; train-class coverage checked"
car,catboost,3,arithmetic,1.5780193874857875,0.7612264380935699,0.0672418048632558,0.4618331894362208,0.9687908411097246,0.0203124251028288,0.0876580696328122,geometric,0.75,,256,52,128,"joint(A,B); seed=23; train-class coverage checked"
car,catboost,3,geometric,1.5770163426385544,0.761325238821746,0.0630979122865031,0.4605053706659147,0.9685419226111438,0.0200087796466371,0.0876580696328122,geometric,0.75,,256,52,128,"joint(A,B); seed=23; train-class coverage checked"
car,catboost,3,hard_core,1.5942577876061452,0.7648802683646637,0.0624502323512871,0.4724539057358377,0.9781792008012846,2.877978447733947e-13,0.0876580696328122,geometric,0.75,,256,52,128,"joint(A,B); seed=23; train-class coverage checked"
car,catboost,3,soft_core_lambda_1,1.583221608368834,0.7624110778483018,0.0705181940732588,0.4648755573195413,0.9715214757904548,0.0108262277092922,0.0876580696328122,geometric,0.75,,256,52,128,"joint(A,B); seed=23; train-class coverage checked"
car,catboost,3,selective_core,1.5722531083730291,0.7602621987207501,0.06977658174157,0.4535436885253488,0.9660011491780676,0.017977863843089,0.0876580696328122,geometric,0.75,,256,52,128,"joint(A,B); seed=23; train-class coverage checked"
car,catboost,4,j1_b_then_a,1.5845357563476166,0.753462110606766,0.0753566413738755,0.4707624420201653,0.8959036083980987,0.0173930179259741,0.0984827063041888,j1_b_then_a,,,256,52,128,"joint(A,B); seed=23; train-class coverage checked"
car,catboost,4,j2_a_then_b,1.6358702521351698,0.7683954214135842,0.0749091206251988,0.5147640146637322,0.9392203337100506,0.0262922342890858,0.0984827063041888,j1_b_then_a,,,256,52,128,"joint(A,B); seed=23; train-class coverage checked"
car,catboost,4,independent,1.8104232327525704,0.802531541199687,0.0861370621367339,0.6966499184251189,1.1137733143274513,3.9010949418744056e-17,0.0984827063041888,j1_b_then_a,,,256,52,128,"joint(A,B); seed=23; train-class coverage checked"
car,catboost,4,arithmetic,1.6046780110340757,0.7587066148446928,0.0644361128153389,0.4893396752789822,0.9130838691452984,0.0218426261075299,0.0984827063041888,j1_b_then_a,,,256,52,128,"joint(A,B); seed=23; train-class coverage checked"
car,catboost,4,geometric,1.6020716429166264,0.7584136345304533,0.0633208961902748,0.4867986545230348,0.912020485233122,0.0227601422112871,0.0984827063041888,j1_b_then_a,,,256,52,128,"joint(A,B); seed=23; train-class coverage checked"
car,catboost,4,hard_core,1.6097073580018666,0.7589771771646358,0.0844075702980205,0.4959340436744152,0.913057439576229,2.142057012452167e-13,0.0984827063041888,j1_b_then_a,,,256,52,128,"joint(A,B); seed=23; train-class coverage checked"
car,catboost,4,soft_core_lambda_1,1.6040147646244614,0.758094010889584,0.109197304880997,0.4902329868341839,0.911091297239966,0.0110487904841994,0.0984827063041888,j1_b_then_a,,,256,52,128,"joint(A,B); seed=23; train-class coverage checked"
car,catboost,4,selective_core,1.5845357563476166,0.753462110606766,0.0753566413738755,0.4707624420201653,0.8959036083980987,0.0173930179259741,0.0984827063041888,j1_b_then_a,,,256,52,128,"joint(A,B); seed=23; train-class coverage checked"
car,catboost,5,j1_b_then_a,1.6145923163528415,0.7651606498509853,0.0838207349880582,0.4940815532925891,0.9203821843695784,0.0136844334526572,0.1051580524502104,mpr,0.0,,256,52,128,"joint(A,B); seed=23; train-class coverage checked"
car,catboost,5,j2_a_then_b,1.6206870430585785,0.7744431847413862,0.1033042309060245,0.4973353999314256,0.9472620138512384,0.0390460328938821,0.1051580524502104,mpr,0.0,,256,52,128,"joint(A,B); seed=23; train-class coverage checked"
car,catboost,5,independent,1.7939357922675927,0.7953416954066885,0.0264626672494797,0.67342502920734,1.1205107630602529,3.4582661170498574e-17,0.1051580524502104,mpr,0.0,,256,52,128,"joint(A,B); seed=23; train-class coverage checked"
car,catboost,5,arithmetic,1.6108837709695625,0.7670941464303577,0.0768952870690808,0.4933431712410101,0.9280372442819128,0.0263652331732696,0.1051580524502104,mpr,0.0,,256,52,128,"joint(A,B); seed=23; train-class coverage checked"
car,catboost,5,geometric,1.6087486321279458,0.7669974342878887,0.0773025302364539,0.4910683669582705,0.9278845992906064,0.0258254447934966,0.1051580524502104,mpr,0.0,,256,52,128,"joint(A,B); seed=23; train-class coverage checked"
car,catboost,5,hard_core,1.6003435470732976,0.7623307124054347,0.1185198901193669,0.4798327840130451,0.926918517865487,8.346108533289785e-13,0.1051580524502104,mpr,0.0,,256,52,128,"joint(A,B); seed=23; train-class coverage checked"
car,catboost,5,soft_core_lambda_1,1.6040922671758906,0.7644691855640195,0.0566975463745392,0.4870226404847073,0.925402478880922,0.0150002445446601,0.1051580524502104,mpr,0.0,,256,52,128,"joint(A,B); seed=23; train-class coverage checked"
car,catboost,5,selective_core,1.6065390193866418,0.7641097560043631,0.1003863903247821,0.4860282563263892,0.9331139901784692,7.02675819006654e-13,0.1051580524502104,mpr,0.0,,256,52,128,"joint(A,B); seed=23; train-class coverage checked"
nursery,tabiclv2,1,j1_b_then_a,1.3445119009676003,0.7333273947624954,0.1220844927682719,0.2014728986841075,0.3933889823771838,0.0571487616592646,0.1306326185426924,soft,1.0,10.0,256,52,128,"joint(A,B); seed=23; train-class coverage checked"
nursery,tabiclv2,1,j2_a_then_b,1.3475871979522864,0.7194029179861288,0.1496596279465646,0.2266394980886411,0.405399643972205,0.0459374977290684,0.1306326185426924,soft,1.0,10.0,256,52,128,"joint(A,B); seed=23; train-class coverage checked"
nursery,tabiclv2,1,independent,2.0852265562635743,0.8659416924346093,0.0984116201766542,0.9421875539800812,1.1430390022834929,3.889236480612845e-17,0.1306326185426924,soft,1.0,10.0,256,52,128,"joint(A,B); seed=23; train-class coverage checked"
nursery,tabiclv2,1,arithmetic,1.3311480186464149,0.7205445489944924,0.1001972122925786,0.2067528920746257,0.3955448439396043,0.0515431296941664,0.1306326185426924,soft,1.0,10.0,256,52,128,"joint(A,B); seed=23; train-class coverage checked"
nursery,tabiclv2,1,geometric,1.329652075461703,0.7213196655365526,0.1186320522966913,0.2040894637026813,0.3943138690727424,0.0524995936065778,0.1306326185426924,soft,1.0,10.0,256,52,128,"joint(A,B); seed=23; train-class coverage checked"
nursery,tabiclv2,1,hard_core,1.44101631699958,0.7330355526113663,0.0469485261002048,0.2979773147160874,0.4988287630180136,1.952507537999676e-13,0.1306326185426924,soft,1.0,10.0,256,52,128,"joint(A,B); seed=23; train-class coverage checked"
nursery,tabiclv2,1,soft_core_lambda_1,1.3353837720197923,0.7216872460894768,0.1196583270728016,0.211892534627199,0.395434708935239,0.0459114641008281,0.1306326185426924,soft,1.0,10.0,256,52,128,"joint(A,B); seed=23; train-class coverage checked"
nursery,tabiclv2,1,selective_core,1.344811968178363,0.7226336623208349,0.0894900810236016,0.2215147442150769,0.3970013400332756,0.0407693820737517,0.1306326185426924,soft,1.0,10.0,256,52,128,"joint(A,B); seed=23; train-class coverage checked"
nursery,tabiclv2,2,j1_b_then_a,1.298010489055034,0.7170844920133436,0.1446860641675196,0.1653908439971229,0.4246600825632042,0.0340469504749818,0.0989566210651748,soft,1.0,0.03,256,52,128,"joint(A,B); seed=23; train-class coverage checked"
nursery,tabiclv2,2,j2_a_then_b,1.314890208868702,0.7141702293698315,0.069650740306644,0.1747663395593754,0.4245196994043285,0.0300951697039207,0.0989566210651748,soft,1.0,0.03,256,52,128,"joint(A,B); seed=23; train-class coverage checked"
nursery,tabiclv2,2,independent,2.022990154522285,0.8637836579554414,0.0263342644108923,0.8903705094643737,1.1326196450579111,3.502483883874492e-17,0.0989566210651748,soft,1.0,0.03,256,52,128,"joint(A,B); seed=23; train-class coverage checked"
nursery,tabiclv2,2,arithmetic,1.2978109236201885,0.7120033684042584,0.0772167877880866,0.1655535735278391,0.4199929386433172,0.0320710600894512,0.0989566210651748,soft,1.0,0.03,256,52,128,"joint(A,B); seed=23; train-class coverage checked"
nursery,tabiclv2,2,geometric,1.2907358358797694,0.711528905546798,0.0706961996254925,0.1634710237742539,0.4173111943085221,0.0333752953152631,0.0989566210651748,soft,1.0,0.03,256,52,128,"joint(A,B); seed=23; train-class coverage checked"
nursery,tabiclv2,2,hard_core,1.3554467785939015,0.718954480558445,0.0872227183189097,0.2228271335359903,0.4650762691283285,1.9505671289837218e-13,0.0989566210651748,soft,1.0,0.03,256,52,128,"joint(A,B); seed=23; train-class coverage checked"
nursery,tabiclv2,2,soft_core_lambda_1,1.3007098478075416,0.7129867287457903,0.1185101505272708,0.1738955921983223,0.4219349867327334,0.0238132360766754,0.0989566210651748,soft,1.0,0.03,256,52,128,"joint(A,B); seed=23; train-class coverage checked"
nursery,tabiclv2,2,selective_core,1.297717829115108,0.7167734954119317,0.1484835204889971,0.1659377006559605,0.4246791015831687,0.0337688627904858,0.0989566210651748,soft,1.0,0.03,256,52,128,"joint(A,B); seed=23; train-class coverage checked"
nursery,tabiclv2,3,j1_b_then_a,1.2730608209980208,0.6958468717883486,0.1106051762811144,0.1807170015224204,0.4100650221091084,0.0506807681041868,0.1250438189008233,geometric,0.25,,256,52,128,"joint(A,B); seed=23; train-class coverage checked"
nursery,tabiclv2,3,j2_a_then_b,1.3705683281625876,0.7321506484261759,0.1205097280053203,0.2060403223705276,0.4322278872738984,0.0485869650588139,0.1250438189008233,geometric,0.25,,256,52,128,"joint(A,B); seed=23; train-class coverage checked"
nursery,tabiclv2,3,independent,2.030684260364289,0.8548066824825877,0.0772136076858819,0.9383404408886892,1.0923438194756,3.2924805934485095e-17,0.1250438189008233,geometric,0.25,,256,52,128,"joint(A,B); seed=23; train-class coverage checked"
nursery,tabiclv2,3,arithmetic,1.3022620266346396,0.7084193569842118,0.0098636556658924,0.1841512763924937,0.4115915368948176,0.0496338665815004,0.1250438189008233,geometric,0.25,,256,52,128,"joint(A,B); seed=23; train-class coverage checked"
nursery,tabiclv2,3,geometric,1.3040483719109974,0.7093930040534933,0.0263463513574779,0.183400711138935,0.409780072495399,0.0500640771486705,0.1250438189008233,geometric,0.25,,256,52,128,"joint(A,B); seed=23; train-class coverage checked"
nursery,tabiclv2,3,hard_core,1.4076192928485116,0.7177779187264304,0.0521251459595432,0.3152754733729113,0.469278851959261,1.9525957861272857e-13,0.1250438189008233,geometric,0.25,,256,52,128,"joint(A,B); seed=23; train-class coverage checked"
nursery,tabiclv2,3,soft_core_lambda_1,1.3076372780090175,0.7078335603856006,0.0215444805669485,0.1966089817330335,0.4056040419432191,0.042659643107146,0.1250438189008233,geometric,0.25,,256,52,128,"joint(A,B); seed=23; train-class coverage checked"
nursery,tabiclv2,3,selective_core,1.3327295164847253,0.7196423588993902,0.0585891129259743,0.1922896918358171,0.4173722459601066,0.0494629086719368,0.1250438189008233,geometric,0.25,,256,52,128,"joint(A,B); seed=23; train-class coverage checked"
nursery,tabiclv2,4,j1_b_then_a,1.338843425953034,0.7338489381893358,0.1313786017795369,0.1805997840178942,0.4338820840973299,0.043425430897374,0.1191236109117445,soft,0.0,10.0,256,52,128,"joint(A,B); seed=23; train-class coverage checked"
nursery,tabiclv2,4,j2_a_then_b,1.3872173953987068,0.7233247183112372,0.0669001530651976,0.2375201996720986,0.4549334812045091,0.0489861672368812,0.1191236109117445,soft,0.0,10.0,256,52,128,"joint(A,B); seed=23; train-class coverage checked"
nursery,tabiclv2,4,independent,2.090527556129337,0.8721512480597601,0.0929426778493954,0.9322839141941976,1.1582436419351398,3.7094868247826223e-17,0.1191236109117445,soft,0.0,10.0,256,52,128,"joint(A,B); seed=23; train-class coverage checked"
nursery,tabiclv2,4,arithmetic,1.347016753019183,0.723335624085568,0.1171979150844541,0.2002463845101459,0.4401373693294736,0.0462057990671276,0.1191236109117445,soft,0.0,10.0,256,52,128,"joint(A,B); seed=23; train-class coverage checked"
nursery,tabiclv2,4,geometric,1.3480183768534082,0.7231438111407742,0.1254611067821775,0.2013752034169213,0.4395581241071555,0.0469252972404953,0.1191236109117445,soft,0.0,10.0,256,52,128,"joint(A,B); seed=23; train-class coverage checked"
nursery,tabiclv2,4,hard_core,1.474521765952724,0.7342210041141951,0.1228563336358,0.3162781240175843,0.5422378517579776,1.9520809446788682e-13,0.1191236109117445,soft,0.0,10.0,256,52,128,"joint(A,B); seed=23; train-class coverage checked"
nursery,tabiclv2,4,soft_core_lambda_1,1.3592882926487913,0.724775513573878,0.1369912865484789,0.2139066132369988,0.4380215711770115,0.0396327734026684,0.1191236109117445,soft,0.0,10.0,256,52,128,"joint(A,B); seed=23; train-class coverage checked"
nursery,tabiclv2,4,selective_core,1.3831367842718154,0.728284556127355,0.1036198454787717,0.2387256635456156,0.44613425937767,0.0346387704100294,0.1191236109117445,soft,0.0,10.0,256,52,128,"joint(A,B); seed=23; train-class coverage checked"
nursery,tabiclv2,5,j1_b_then_a,1.281961796786217,0.7047970727622385,0.0586030292855117,0.1793473991795073,0.3602178558752293,0.0426372944471688,0.1026140984976325,soft,1.0,1.0,256,52,128,"joint(A,B); seed=23; train-class coverage checked"
nursery,tabiclv2,5,j2_a_then_b,1.3412400319381446,0.7194697249585829,0.0740181227137691,0.22077088869597,0.3943164835890583,0.0291078869006583,0.1026140984976325,soft,1.0,1.0,256,52,128,"joint(A,B); seed=23; train-class coverage checked"
nursery,tabiclv2,5,independent,2.049537945955796,0.8519511851541385,0.0300036804940753,0.9469235483490864,1.1026143976067095,3.310082996883638e-17,0.1026140984976325,soft,1.0,1.0,256,52,128,"joint(A,B); seed=23; train-class coverage checked"
nursery,tabiclv2,5,arithmetic,1.3004816515955495,0.7079061414297454,0.0673831464989681,0.1923989017514368,0.3749178807914526,0.0358725906739135,0.1026140984976325,soft,1.0,1.0,256,52,128,"joint(A,B); seed=23; train-class coverage checked"
nursery,tabiclv2,5,geometric,1.293892762616256,0.7073207316838743,0.0541846910427125,0.1857507187755812,0.3697776726847087,0.0368131259972057,0.1026140984976325,soft,1.0,1.0,256,52,128,"joint(A,B); seed=23; train-class coverage checked"
nursery,tabiclv2,5,hard_core,1.3468922439439033,0.7153390984086248,0.0486216483429291,0.2442778463371939,0.3999686955935069,2.400212466274376e-13,0.1026140984976325,soft,1.0,1.0,256,52,128,"joint(A,B); seed=23; train-class coverage checked"
nursery,tabiclv2,5,soft_core_lambda_1,1.2987051553554791,0.7084971244210199,0.0483691926257766,0.1922180759356519,0.3701203763407373,0.0274815282939336,0.1026140984976325,soft,1.0,1.0,256,52,128,"joint(A,B); seed=23; train-class coverage checked"
nursery,tabiclv2,5,selective_core,1.28148360190707,0.7052652272160665,0.0832405591722676,0.176846795950506,0.3595971729965451,0.0345463300316978,0.1026140984976325,soft,1.0,1.0,256,52,128,"joint(A,B); seed=23; train-class coverage checked"
nursery,tabpfn3,1,j1_b_then_a,1.306016933469647,0.7078485660868523,0.057056221665359,0.2083197716917033,0.3913369858387536,0.0365534434561607,0.0860098559164803,soft,1.0,3.0,256,52,128,"joint(A,B); seed=23; train-class coverage checked"
nursery,tabpfn3,1,j2_a_then_b,1.338980771452965,0.717295475680472,0.0971535394713002,0.2311285958803968,0.4156604152149277,0.0331995791940167,0.0860098559164803,soft,1.0,3.0,256,52,128,"joint(A,B); seed=23; train-class coverage checked"
nursery,tabpfn3,1,independent,2.0210175180159804,0.8545600602390337,0.0529462137922087,0.9233203562380368,1.0976971617779434,4.049411734427614e-17,0.0860098559164803,soft,1.0,3.0,256,52,128,"joint(A,B); seed=23; train-class coverage checked"
nursery,tabpfn3,1,arithmetic,1.317494964800204,0.7098001901978643,0.0685065589074467,0.2183911525964032,0.4019102043052003,0.0348765113250887,0.0860098559164803,soft,1.0,3.0,256,52,128,"joint(A,B); seed=23; train-class coverage checked"
nursery,tabpfn3,1,geometric,1.3151592938453829,0.7096118896252631,0.074216104324272,0.2161115254780702,0.4002607896661991,0.0350198802831587,0.0860098559164803,soft,1.0,3.0,256,52,128,"joint(A,B); seed=23; train-class coverage checked"
nursery,tabpfn3,1,hard_core,1.3802410915647128,0.7139153744962083,0.0079020906063419,0.2825439297867692,0.4569207353255616,1.9484108238426578e-13,0.0860098559164803,soft,1.0,3.0,256,52,128,"joint(A,B); seed=23; train-class coverage checked"
nursery,tabpfn3,1,soft_core_lambda_1,1.3154036830478506,0.709504179472652,0.0562796346538886,0.2174266058129671,0.3998256673932396,0.0320448208670812,0.0860098559164803,soft,1.0,3.0,256,52,128,"joint(A,B); seed=23; train-class coverage checked"
nursery,tabpfn3,1,selective_core,1.3074933525518075,0.707256981533561,0.0371708463746767,0.2106938539917848,0.3921394631465102,0.0315983388171048,0.0860098559164803,soft,1.0,3.0,256,52,128,"joint(A,B); seed=23; train-class coverage checked"
nursery,tabpfn3,2,j1_b_then_a,1.301936811164936,0.7146510068977631,0.1265700377172904,0.163233333237585,0.437300128178224,0.0243516642791401,0.0823502047956295,j1_b_then_a,,,256,52,128,"joint(A,B); seed=23; train-class coverage checked"
nursery,tabpfn3,2,j2_a_then_b,1.3005677013115498,0.7086634439460027,0.0575345342800128,0.1620445260720128,0.424404825814434,0.0198782217660687,0.0823502047956295,j1_b_then_a,,,256,52,128,"joint(A,B); seed=23; train-class coverage checked"
nursery,tabpfn3,2,independent,2.014866353424467,0.8647044241314992,0.0532713952244317,0.8761628754971158,1.1387034779273508,3.521546095654654e-17,0.0823502047956295,j1_b_then_a,,,256,52,128,"joint(A,B); seed=23; train-class coverage checked"
nursery,tabpfn3,2,arithmetic,1.2949806600231055,0.7092199383714626,0.082392656165011,0.1578764206453824,0.4269063730239646,0.0221149430226044,0.0823502047956295,j1_b_then_a,,,256,52,128,"joint(A,B); seed=23; train-class coverage checked"
nursery,tabpfn3,2,geometric,1.2897954794328614,0.70865992964741,0.0777163719120622,0.1543190205388124,0.4242039736954433,0.0231785350249673,0.0823502047956295,j1_b_then_a,,,256,52,128,"joint(A,B); seed=23; train-class coverage checked"
nursery,tabpfn3,2,hard_core,1.3281288007230951,0.7141099408384917,0.0796765597218644,0.1894253227957442,0.4519659252094138,3.2160240522213032e-12,0.0823502047956295,j1_b_then_a,,,256,52,128,"joint(A,B); seed=23; train-class coverage checked"
nursery,tabpfn3,2,soft_core_lambda_1,1.2951796539432283,0.7104420478288903,0.0719418310778928,0.1571180079998135,0.4270828738712595,0.0166816585357283,0.0823502047956295,j1_b_then_a,,,256,52,128,"joint(A,B); seed=23; train-class coverage checked"
nursery,tabpfn3,2,selective_core,1.301936811164936,0.7146510068977631,0.1265700377172904,0.163233333237585,0.437300128178224,0.0243516642791401,0.0823502047956295,j1_b_then_a,,,256,52,128,"joint(A,B); seed=23; train-class coverage checked"
nursery,tabpfn3,3,j1_b_then_a,1.2529660163549132,0.6930866800782581,0.0328413668943134,0.1548152247023546,0.4095567240679151,0.0451074674821172,0.11338402726987,geometric,0.5,,256,52,128,"joint(A,B); seed=23; train-class coverage checked"
nursery,tabpfn3,3,j2_a_then_b,1.3252597654989693,0.7172546579819321,0.066919391994168,0.1902112973562489,0.4419884420787838,0.0410244356790296,0.11338402726987,geometric,0.5,,256,52,128,"joint(A,B); seed=23; train-class coverage checked"
nursery,tabpfn3,3,independent,1.981422115072744,0.8494089886933969,0.0885230457573385,0.8832713234201854,1.0981507916525586,2.9608784442547816e-17,0.11338402726987,geometric,0.5,,256,52,128,"joint(A,B); seed=23; train-class coverage checked"
nursery,tabpfn3,3,arithmetic,1.2743963262256943,0.7001908627158345,0.0179964169644696,0.1668067188538714,0.4186231264461582,0.0430659515805734,0.11338402726987,geometric,0.5,,256,52,128,"joint(A,B); seed=23; train-class coverage checked"
nursery,tabpfn3,3,geometric,1.274449384922967,0.7018210673822812,0.014788106885721,0.1626883848938491,0.4185233504274512,0.0444658313202524,0.11338402726987,geometric,0.5,,256,52,128,"joint(A,B); seed=23; train-class coverage checked"
nursery,tabpfn3,3,hard_core,1.3662822216502222,0.711695359137597,0.0588306308457196,0.2681314299976634,0.4830108981800142,1.6560561032449416e-11,0.11338402726987,geometric,0.5,,256,52,128,"joint(A,B); seed=23; train-class coverage checked"
nursery,tabpfn3,3,soft_core_lambda_1,1.2777623974139736,0.7017446427400005,0.027560664961133,0.1737902238427821,0.4152579424133228,0.0372636526370668,0.11338402726987,geometric,0.5,,256,52,128,"joint(A,B); seed=23; train-class coverage checked"
nursery,tabpfn3,3,selective_core,1.274449384922967,0.7018210673822812,0.014788106885721,0.1626883848938491,0.4185233504274512,0.0444658313202524,0.11338402726987,geometric,0.5,,256,52,128,"joint(A,B); seed=23; train-class coverage checked"
nursery,tabpfn3,4,j1_b_then_a,1.3303404995630177,0.707139603482219,0.0049273794583419,0.225733011319073,0.4113218679829118,0.0377995438287122,0.0992438787542267,soft,0.0,10.0,256,52,128,"joint(A,B); seed=23; train-class coverage checked"
nursery,tabpfn3,4,j2_a_then_b,1.375974062043812,0.7231708842512251,0.0599855830288204,0.2470150189178964,0.4182674953797761,0.035482740799475,0.0992438787542267,soft,0.0,10.0,256,52,128,"joint(A,B); seed=23; train-class coverage checked"
nursery,tabpfn3,4,independent,2.06231405490798,0.8608813904943426,0.027194512796946,0.9577065666640356,1.1046074882439445,3.320209672814757e-17,0.0992438787542267,soft,0.0,10.0,256,52,128,"joint(A,B); seed=23; train-class coverage checked"
nursery,tabpfn3,4,arithmetic,1.3420862888118998,0.7118736198565907,0.0304793835491125,0.2294387260755829,0.4088972418575151,0.0366411423140936,0.0992438787542267,soft,0.0,10.0,256,52,128,"joint(A,B); seed=23; train-class coverage checked"
nursery,tabpfn3,4,geometric,1.341114846032496,0.7120835017717317,0.0342886480718974,0.2285718317776515,0.408737607171761,0.0380199579357112,0.0992438787542267,soft,0.0,10.0,256,52,128,"joint(A,B); seed=23; train-class coverage checked"
nursery,tabpfn3,4,hard_core,1.4189616511032526,0.7177344781813417,0.0447930565512846,0.314354162859308,0.4612550844380468,1.9494558217569242e-13,0.0992438787542267,soft,0.0,10.0,256,52,128,"joint(A,B); seed=23; train-class coverage checked"
nursery,tabpfn3,4,soft_core_lambda_1,1.345905880090752,0.7124179106789623,0.041564947761476,0.2359296181083779,0.406514699840368,0.0307678070208283,0.0992438787542267,soft,0.0,10.0,256,52,128,"joint(A,B); seed=23; train-class coverage checked"
nursery,tabpfn3,4,selective_core,1.3575472562380853,0.7130680022254874,0.0382803075200731,0.2496524056350599,0.4068779407231996,0.0262574990022034,0.0992438787542267,soft,0.0,10.0,256,52,128,"joint(A,B); seed=23; train-class coverage checked"
nursery,tabpfn3,5,j1_b_then_a,1.3343561092849,0.7115894064117816,0.0617733359047806,0.2330300140741898,0.3773415503111409,0.0337636944379678,0.100446422084396,j1_b_then_a,,,256,52,128,"joint(A,B); seed=23; train-class coverage checked"
nursery,tabpfn3,5,j2_a_then_b,1.3733099361642087,0.7222193159370278,0.0572409907147381,0.2680675461083043,0.4312285903083449,0.0220736682106528,0.100446422084396,j1_b_then_a,,,256,52,128,"joint(A,B); seed=23; train-class coverage checked"
nursery,tabpfn3,5,independent,2.0434074410665737,0.8503584830406787,0.0497485222150916,0.9420813458558636,1.1013260952107102,3.70289717315078e-17,0.100446422084396,j1_b_then_a,,,256,52,128,"joint(A,B); seed=23; train-class coverage checked"
nursery,tabpfn3,5,arithmetic,1.3468225679517285,0.7134590913119914,0.0236710567398297,0.2453056484621731,0.4026914891979606,0.0279186813243103,0.100446422084396,j1_b_then_a,,,256,52,128,"joint(A,B); seed=23; train-class coverage checked"
nursery,tabpfn3,5,geometric,1.3395049076797616,0.7120110287131745,0.0251046701538438,0.239098563537137,0.3956828161224047,0.0294788036608709,0.100446422084396,j1_b_then_a,,,256,52,128,"joint(A,B); seed=23; train-class coverage checked"
nursery,tabpfn3,5,hard_core,1.3735189483053951,0.7157172349541916,0.0288768246186124,0.2721928530946852,0.431437603368885,3.1613174207131084e-10,0.100446422084396,j1_b_then_a,,,256,52,128,"joint(A,B); seed=23; train-class coverage checked"
nursery,tabpfn3,5,soft_core_lambda_1,1.3367170737308045,0.7124047697281461,0.0399511223739997,0.2365669757037543,0.3963042994714805,0.0227516467916361,0.100446422084396,j1_b_then_a,,,256,52,128,"joint(A,B); seed=23; train-class coverage checked"
nursery,tabpfn3,5,selective_core,1.3343561092849,0.7115894064117816,0.0617733359047806,0.2330300140741898,0.3773415503111409,0.0337636944379678,0.100446422084396,j1_b_then_a,,,256,52,128,"joint(A,B); seed=23; train-class coverage checked"
nursery,catboost,1,j1_b_then_a,1.508934080339721,0.749877497475928,0.0994335591936916,0.3962109109879049,0.4720677309376686,0.0352593824449783,0.0898321723942063,j1_b_then_a,,,256,52,128,"joint(A,B); seed=23; train-class coverage checked"
nursery,catboost,1,j2_a_then_b,1.521134210619016,0.7494912899757569,0.1292622071414342,0.4133988511852875,0.4691251732051046,0.0333061517697672,0.0898321723942063,j1_b_then_a,,,256,52,128,"joint(A,B); seed=23; train-class coverage checked"
nursery,catboost,1,independent,2.1647322067657275,0.8723868467993776,0.0576867763853585,1.0520090374139115,1.1127231693518165,4.262947416941443e-17,0.0898321723942063,j1_b_then_a,,,256,52,128,"joint(A,B); seed=23; train-class coverage checked"
nursery,catboost,1,arithmetic,1.5083759336672895,0.7473763985061459,0.074795126637627,0.4017549726768924,0.4689407776962536,0.0342827671073727,0.0898321723942063,j1_b_then_a,,,256,52,128,"joint(A,B); seed=23; train-class coverage checked"
nursery,catboost,1,geometric,1.5063812412958038,0.7473570190379691,0.0564203911532299,0.399889167042906,0.4685915739072208,0.0350341861298938,0.0898321723942063,j1_b_then_a,,,256,52,128,"joint(A,B); seed=23; train-class coverage checked"
nursery,catboost,1,hard_core,1.5580754963831225,0.7529120306794679,0.119379453571047,0.445352327031306,0.5060664589701176,4.769934040848092e-13,0.0898321723942063,j1_b_then_a,,,256,52,128,"joint(A,B); seed=23; train-class coverage checked"
nursery,catboost,1,soft_core_lambda_1,1.5128140213492958,0.7488792280144458,0.070722433046205,0.4059776172679975,0.4687331729418836,0.0294803075947119,0.0898321723942063,j1_b_then_a,,,256,52,128,"joint(A,B); seed=23; train-class coverage checked"
nursery,catboost,1,selective_core,1.508934080339721,0.749877497475928,0.0994335591936916,0.3962109109879049,0.4720677309376686,0.0352593824449783,0.0898321723942063,j1_b_then_a,,,256,52,128,"joint(A,B); seed=23; train-class coverage checked"
nursery,catboost,2,j1_b_then_a,1.4389954416149262,0.7233046353686059,0.0970663151408322,0.3044676565009909,0.457234317570012,0.0356111008443537,0.0900940983258981,soft,1.0,0.03,256,52,128,"joint(A,B); seed=23; train-class coverage checked"
nursery,catboost,2,j2_a_then_b,1.4503876913437854,0.7254589888120979,0.051123646380603,0.306945533290727,0.4430571267942726,0.0336292267030888,0.0900940983258981,soft,1.0,0.03,256,52,128,"joint(A,B); seed=23; train-class coverage checked"
nursery,catboost,2,independent,2.1418583496634485,0.8709104694978014,0.0408271854732863,1.0073305645495128,1.1345277851139357,4.2114478137483807e-17,0.0900940983258981,soft,1.0,0.03,256,52,128,"joint(A,B); seed=23; train-class coverage checked"
nursery,catboost,2,arithmetic,1.438916329225732,0.7222591152364964,0.0550558056521925,0.3042710279138662,0.4487999990101935,0.0346201637737212,0.0900940983258981,soft,1.0,0.03,256,52,128,"joint(A,B); seed=23; train-class coverage checked"
nursery,catboost,2,geometric,1.4369509535189546,0.7223784846741332,0.0615485863292215,0.3015667421715547,0.4488312248769701,0.0354093462821921,0.0900940983258981,soft,1.0,0.03,256,52,128,"joint(A,B); seed=23; train-class coverage checked"
nursery,catboost,2,hard_core,1.4938108509453656,0.732825514956289,0.0603846014896272,0.3592830658314299,0.4864802863944811,6.132724096076774e-13,0.0900940983258981,soft,1.0,0.03,256,52,128,"joint(A,B); seed=23; train-class coverage checked"
nursery,catboost,2,soft_core_lambda_1,1.4432618311838414,0.7239050301751042,0.0763080893182059,0.3057042137995135,0.4518283766584553,0.0296264567445565,0.0900940983258981,soft,1.0,0.03,256,52,128,"joint(A,B); seed=23; train-class coverage checked"
nursery,catboost,2,selective_core,1.4392759778015876,0.72341331469982,0.0891924451942643,0.304580073499767,0.4572344134705914,0.0353838835837234,0.0900940983258981,soft,1.0,0.03,256,52,128,"joint(A,B); seed=23; train-class coverage checked"
nursery,catboost,3,j1_b_then_a,1.4778816692895869,0.7293926619497473,0.0578603937153306,0.3793237843861681,0.4708244376040357,0.0303129902918695,0.0830382424397415,geometric,0.75,,256,52,128,"joint(A,B); seed=23; train-class coverage checked"
nursery,catboost,3,j2_a_then_b,1.5112197250478234,0.7416630533928452,0.0358580927318846,0.395930327434977,0.4795600109262501,0.0276818283316374,0.0830382424397415,geometric,0.75,,256,52,128,"joint(A,B); seed=23; train-class coverage checked"
nursery,catboost,3,independent,2.1302175990249923,0.8614659631743677,0.0560302219159297,1.0316597141215735,1.0985578849034188,4.6183624416093466e-17,0.0830382424397415,geometric,0.75,,256,52,128,"joint(A,B); seed=23; train-class coverage checked"
nursery,catboost,3,arithmetic,1.4901791371507191,0.7338426547451694,0.0630210389049819,0.3858988588894402,0.4739566944442832,0.0289974093117535,0.0830382424397415,geometric,0.75,,256,52,128,"joint(A,B); seed=23; train-class coverage checked"
nursery,catboost,3,geometric,1.4875945960090355,0.7337222660729111,0.074111889344582,0.3828934681011183,0.4737636715162922,0.0296632457735422,0.0830382424397415,geometric,0.75,,256,52,128,"joint(A,B); seed=23; train-class coverage checked"
nursery,catboost,3,hard_core,1.5247330797618577,0.7391875682901412,0.0339697746284938,0.4261751948584385,0.4930733656401546,7.567158535795159e-13,0.0830382424397415,geometric,0.75,,256,52,128,"joint(A,B); seed=23; train-class coverage checked"
nursery,catboost,3,soft_core_lambda_1,1.4913480055749,0.734301545588306,0.0570216265370431,0.387149386839027,0.4736471318674201,0.0234943156120185,0.0830382424397415,geometric,0.75,,256,52,128,"joint(A,B); seed=23; train-class coverage checked"
nursery,catboost,3,selective_core,1.480956753650455,0.7310816059657664,0.0380504317267076,0.3799156977106642,0.4719532950618789,0.030162611941961,0.0830382424397415,geometric,0.75,,256,52,128,"joint(A,B); seed=23; train-class coverage checked"
nursery,catboost,4,j1_b_then_a,1.5114976692790556,0.7417035030917513,0.1050612925267556,0.3915082062285684,0.4622423750860887,0.0315523687180392,0.0872253782568521,j1_b_then_a,,,256,52,128,"joint(A,B); seed=23; train-class coverage checked"
nursery,catboost,4,j2_a_then_b,1.5292244321037387,0.7488052575601206,0.0555331400804841,0.3989270081982259,0.4564913703538733,0.0257731399715681,0.0872253782568521,j1_b_then_a,,,256,52,128,"joint(A,B); seed=23; train-class coverage checked"
nursery,catboost,4,independent,2.1927225248003523,0.8775793903122988,0.0164652814258489,1.0727330617498656,1.1199894630504874,4.568218091131893e-17,0.0872253782568521,j1_b_then_a,,,256,52,128,"joint(A,B); seed=23; train-class coverage checked"
nursery,catboost,4,arithmetic,1.5159344486639104,0.7434362221021087,0.0516183271461937,0.3931729618950885,0.4585014717739344,0.0286627543448037,0.0872253782568521,j1_b_then_a,,,256,52,128,"joint(A,B); seed=23; train-class coverage checked"
nursery,catboost,4,geometric,1.5126372922276106,0.7432076905367232,0.0570352865410313,0.3895379776801166,0.4575847065545403,0.0293921398593461,0.0872253782568521,j1_b_then_a,,,256,52,128,"joint(A,B); seed=23; train-class coverage checked"
nursery,catboost,4,hard_core,1.555899533837177,0.7500636074388676,0.1025124147352979,0.4359100707866896,0.48316647208836,1.5589615610532485e-12,0.0872253782568521,j1_b_then_a,,,256,52,128,"joint(A,B); seed=23; train-class coverage checked"
nursery,catboost,4,soft_core_lambda_1,1.517986069108428,0.74398623953034,0.0726776140735556,0.3946598246689184,0.4586710755641828,0.0228598153455937,0.0872253782568521,j1_b_then_a,,,256,52,128,"joint(A,B); seed=23; train-class coverage checked"
nursery,catboost,4,selective_core,1.5114976692790556,0.7417035030917513,0.1050612925267556,0.3915082062285684,0.4622423750860887,0.0315523687180392,0.0872253782568521,j1_b_then_a,,,256,52,128,"joint(A,B); seed=23; train-class coverage checked"
nursery,catboost,5,j1_b_then_a,1.5349949810075465,0.7481337746487527,0.0429765672626836,0.4355089699209521,0.4992479872054224,0.0428431085019627,0.1013690826753782,soft,0.5,1.0,256,52,128,"joint(A,B); seed=23; train-class coverage checked"
nursery,catboost,5,j2_a_then_b,1.5479593874685655,0.7530137291998071,0.0500531165183172,0.4331546715181981,0.5011728691617908,0.0342431055469628,0.1013690826753782,soft,0.5,1.0,256,52,128,"joint(A,B); seed=23; train-class coverage checked"
nursery,catboost,5,independent,2.146272529393369,0.8630080439274934,0.0555464275232026,1.0467865183067748,1.099486011086594,3.9959626319668867e-17,0.1013690826753782,soft,0.5,1.0,256,52,128,"joint(A,B); seed=23; train-class coverage checked"
nursery,catboost,5,arithmetic,1.53519800195676,0.7480734671439402,0.0306149759354468,0.4316475991220063,0.4986571407842788,0.0385431070244627,0.1013690826753782,soft,0.5,1.0,256,52,128,"joint(A,B); seed=23; train-class coverage checked"
nursery,catboost,5,geometric,1.5324523446683531,0.7478335870119743,0.0192405189357473,0.4291295623171626,0.4980217183727307,0.0389365771436054,0.1013690826753782,soft,0.5,1.0,256,52,128,"joint(A,B); seed=23; train-class coverage checked"
nursery,catboost,5,hard_core,1.5805059599235318,0.7506664727980756,0.0287383726017066,0.4810199488369375,0.5337194416169215,4.202733369380441e-13,0.1013690826753782,soft,0.5,1.0,256,52,128,"joint(A,B); seed=23; train-class coverage checked"
nursery,catboost,5,soft_core_lambda_1,1.5333251386509383,0.7469454905044204,0.0255263312921534,0.4308074359475338,0.497883776725769,0.0320348428294339,0.1013690826753782,soft,0.5,1.0,256,52,128,"joint(A,B); seed=23; train-class coverage checked"
nursery,catboost,5,selective_core,1.5333251386509383,0.7469454905044204,0.0255263312921534,0.4308074359475338,0.497883776725769,0.0320348428294339,0.1013690826753782,soft,0.5,1.0,256,52,128,"joint(A,B); seed=23; train-class coverage checked"
wine,tabiclv2,1,j1_b_then_a,1.001082289780751,0.5559865966956614,0.1158493352222876,0.994901112159905,0.000467272312513,0.0207958862557184,0.0429082912248164,soft,1.0,0.3,256,52,128,"joint(A,B); seed=23; train-class coverage checked"
wine,tabiclv2,1,j2_a_then_b,1.0143971246046637,0.5580071797449235,0.1435072347070445,1.0032959567353052,0.0007852101331309,0.0023765554813935,0.0429082912248164,soft,1.0,0.3,256,52,128,"joint(A,B); seed=23; train-class coverage checked"
wine,tabiclv2,1,independent,1.019793092092379,0.5596052644919453,0.1339488355648133,1.0136119144715328,0.006181177620846,3.059113090312599e-17,0.0429082912248164,soft,1.0,0.3,256,52,128,"joint(A,B); seed=23; train-class coverage checked"
wine,tabiclv2,1,arithmetic,1.0060657890508913,0.5561891480553387,0.127322695904924,0.9974787589056684,0.0006193790425854,0.0115862208685559,0.0429082912248164,soft,1.0,0.3,256,52,128,"joint(A,B); seed=23; train-class coverage checked"
wine,tabiclv2,1,geometric,1.0041359523374074,0.555908892214934,0.1362022908259416,0.996785119560736,0.0005581096248582,0.0115842107070456,0.0429082912248164,soft,1.0,0.3,256,52,128,"joint(A,B); seed=23; train-class coverage checked"
wine,tabiclv2,1,hard_core,1.0140312064516692,0.558074879077641,0.1436325003640189,1.007850028830823,0.0004192919797019,1.2742415326120306e-13,0.0429082912248164,soft,1.0,0.3,256,52,128,"joint(A,B); seed=23; train-class coverage checked"
wine,tabiclv2,1,soft_core_lambda_1,1.0076842519498437,0.556619343711655,0.141256555664913,1.0006554183988543,0.0004914581265708,0.006246867315001,0.0429082912248164,soft,1.0,0.3,256,52,128,"joint(A,B); seed=23; train-class coverage checked"
wine,tabiclv2,1,selective_core,1.002190950535336,0.5558113062099648,0.1217972083450161,0.9959155350145786,0.0004625792818892,0.0163047809778996,0.0429082912248164,soft,1.0,0.3,256,52,128,"joint(A,B); seed=23; train-class coverage checked"
wine,tabiclv2,2,j1_b_then_a,1.0969318861493336,0.5814114354685536,0.0714241699197667,1.0900214231523704,0.008411867517083,0.0199632012697332,0.0417724571160591,j1_b_then_a,,,256,52,128,"joint(A,B); seed=23; train-class coverage checked"
wine,tabiclv2,2,j2_a_then_b,1.1028818334946344,0.5865521291747022,0.0432525778616382,1.090823303713289,0.0094981056662325,0.0028102890526454,0.0417724571160591,j1_b_then_a,,,256,52,128,"joint(A,B); seed=23; train-class coverage checked"
wine,tabiclv2,2,independent,1.1002941908253652,0.5868470883132773,0.0499030715941547,1.0933837278284018,0.0069104629969633,3.1758441566115923e-17,0.0417724571160591,j1_b_then_a,,,256,52,128,"joint(A,B); seed=23; train-class coverage checked"
wine,tabiclv2,2,arithmetic,1.096733663661425,0.5832777907371086,0.0688767979944451,1.0872983420144902,0.0090805236235118,0.0113867451611893,0.0417724571160591,j1_b_then_a,,,256,52,128,"joint(A,B); seed=23; train-class coverage checked"
wine,tabiclv2,2,geometric,1.096683471093041,0.5833144403892605,0.0618083301167535,1.088477379122839,0.0087462995440753,0.0114733686410439,0.0417724571160591,j1_b_then_a,,,256,52,128,"joint(A,B); seed=23; train-class coverage checked"
wine,tabiclv2,2,hard_core,1.0969316525479067,0.586541586572267,0.0430742241144706,1.0900211895509435,0.0035479247189925,1.7116549312344258e-13,0.0417724571160591,j1_b_then_a,,,256,52,128,"joint(A,B); seed=23; train-class coverage checked"
wine,tabiclv2,2,soft_core_lambda_1,1.096927959751959,0.5846691205667587,0.0595239240461837,1.0890479735015577,0.0066956966478181,0.0063372409705331,0.0417724571160591,j1_b_then_a,,,256,52,128,"joint(A,B); seed=23; train-class coverage checked"
wine,tabiclv2,2,selective_core,1.0969318861493336,0.5814114354685536,0.0714241699197667,1.0900214231523704,0.008411867517083,0.0199632012697332,0.0417724571160591,j1_b_then_a,,,256,52,128,"joint(A,B); seed=23; train-class coverage checked"
wine,tabiclv2,3,j1_b_then_a,1.1275967479685312,0.6031023454663655,0.0997725479447959,1.1105737919994834,0.0053912675777356,0.018310388004636,0.0384677992368137,soft,0.0,0.3,256,52,128,"joint(A,B); seed=23; train-class coverage checked"
wine,tabiclv2,3,j2_a_then_b,1.125497650975311,0.6004848221643495,0.1089569055659589,1.1014282150103816,0.0030750812870032,0.0020271181424084,0.0384677992368137,soft,0.0,0.3,256,52,128,"joint(A,B); seed=23; train-class coverage checked"
wine,tabiclv2,3,independent,1.1394455256573552,0.6013386001562925,0.1075803121739803,1.1224225696883074,0.0170229559690478,3.003281790405781e-17,0.0384677992368137,soft,0.0,0.3,256,52,128,"joint(A,B); seed=23; train-class coverage checked"
wine,tabiclv2,3,arithmetic,1.125222908105442,0.6011372979274496,0.0649254414554614,1.10484896718458,0.0041553217705626,0.0101687530735222,0.0384677992368137,soft,0.0,0.3,256,52,128,"joint(A,B); seed=23; train-class coverage checked"
wine,tabiclv2,3,geometric,1.1230998787780695,0.6009607596341144,0.0835509762748537,1.102896101878453,0.0040892891909034,0.0103496338480002,0.0384677992368137,soft,0.0,0.3,256,52,128,"joint(A,B); seed=23; train-class coverage checked"
wine,tabiclv2,3,hard_core,1.1242736586801922,0.600084816273345,0.1095976089136679,1.107250702711145,0.0018510889924162,1.2874849273019573e-13,0.0384677992368137,soft,0.0,0.3,256,52,128,"joint(A,B); seed=23; train-class coverage checked"
wine,tabiclv2,3,soft_core_lambda_1,1.1222501375567977,0.6001915620229952,0.0986646465150995,1.102759746700272,0.003375479958797,0.0056218508010289,0.0384677992368137,soft,0.0,0.3,256,52,128,"joint(A,B); seed=23; train-class coverage checked"
wine,tabiclv2,3,selective_core,1.1235607973855792,0.6001640523451255,0.1016216065098735,1.1015993249566818,0.002817641368789,0.0018872618521894,0.0384677992368137,soft,0.0,0.3,256,52,128,"joint(A,B); seed=23; train-class coverage checked"
wine,tabiclv2,4,j1_b_then_a,1.0515310995054503,0.5884684840976266,0.0950792903269183,1.04441255073137,0.0042530280470384,0.0189831849922137,0.039386754255052,soft,0.5,0.1,256,52,128,"joint(A,B); seed=23; train-class coverage checked"
wine,tabiclv2,4,j2_a_then_b,1.0743370263900287,0.5984291795826371,0.0938317136105254,1.06229314166669,0.0076509987935235,0.0022947528266772,0.039386754255052,soft,0.5,0.1,256,52,128,"joint(A,B); seed=23; train-class coverage checked"
wine,tabiclv2,4,independent,1.0738045763705857,0.5982129582972953,0.0983234718506723,1.066686027596505,0.0071185487740805,2.622811299547523e-17,0.039386754255052,soft,0.5,0.1,256,52,128,"joint(A,B); seed=23; train-class coverage checked"
wine,tabiclv2,4,arithmetic,1.0613062016924637,0.5926504842062791,0.0725856403951249,1.051789338000468,0.0060820393708932,0.0106389689094454,0.039386754255052,soft,0.5,0.1,256,52,128,"joint(A,B); seed=23; train-class coverage checked"
wine,tabiclv2,4,geometric,1.0591621284596475,0.5923181798942233,0.0721583924220961,1.0510630284450586,0.005737357945023,0.0105350138649461,0.039386754255052,soft,0.5,0.1,256,52,128,"joint(A,B); seed=23; train-class coverage checked"
wine,tabiclv2,4,hard_core,1.0733651706778111,0.5984033008642624,0.0937746089180256,1.0662466219037308,0.0066791430817116,1.6511466465877157e-13,0.039386754255052,soft,0.5,0.1,256,52,128,"joint(A,B); seed=23; train-class coverage checked"
wine,tabiclv2,4,soft_core_lambda_1,1.0645694680326163,0.5947097717197078,0.1131644831037998,1.0569319292712476,0.0058692844189279,0.0056805941385983,0.039386754255052,soft,0.5,0.1,256,52,128,"joint(A,B); seed=23; train-class coverage checked"
wine,tabiclv2,4,selective_core,1.0599868334242404,0.5926991244625504,0.0889758921901709,1.0519766936291632,0.0057382874729579,0.00967052536941,0.039386754255052,soft,0.5,0.1,256,52,128,"joint(A,B); seed=23; train-class coverage checked"
wine,tabiclv2,5,j1_b_then_a,1.056580884099117,0.580275141791357,0.1103043018789316,1.038785136019728,0.0023543471258245,0.0163581658820965,0.0338780301234896,j1_b_then_a,,,256,52,128,"joint(A,B); seed=23; train-class coverage checked"
wine,tabiclv2,5,j2_a_then_b,1.0686294840478845,0.5883535537504216,0.138699624168485,1.057613485870042,0.001906214720906,0.0022491612617144,0.0338780301234896,j1_b_then_a,,,256,52,128,"joint(A,B); seed=23; train-class coverage checked"
wine,tabiclv2,5,independent,1.0845190174063677,0.59008829092734,0.1395690293445461,1.0667232693269784,0.0177957480793892,3.2580870853230446e-17,0.0338780301234896,j1_b_then_a,,,256,52,128,"joint(A,B); seed=23; train-class coverage checked"
wine,tabiclv2,5,arithmetic,1.0613584343461293,0.5837074439108634,0.1064097978330685,1.0481251514333532,0.0020232924952154,0.0093036635719054,0.0338780301234896,j1_b_then_a,,,256,52,128,"joint(A,B); seed=23; train-class coverage checked"
wine,tabiclv2,5,geometric,1.0603185492229237,0.5836217566288657,0.1022030676330415,1.046934001756339,0.0017503169355045,0.0091848289706144,0.0338780301234896,j1_b_then_a,,,256,52,128,"joint(A,B); seed=23; train-class coverage checked"
wine,tabiclv2,5,hard_core,1.0713436233016065,0.5888415910956502,0.1387635637135233,1.053547875222217,0.0046203539740338,1.7981084993725577e-13,0.0338780301234896,j1_b_then_a,,,256,52,128,"joint(A,B); seed=23; train-class coverage checked"
wine,tabiclv2,5,soft_core_lambda_1,1.0655869523016273,0.5862012433498798,0.1538157867581969,1.0514736674302396,0.0019072830308098,0.0049566323745961,0.0338780301234896,j1_b_then_a,,,256,52,128,"joint(A,B); seed=23; train-class coverage checked"
wine,tabiclv2,5,selective_core,1.056580884099117,0.580275141791357,0.1103043018789316,1.038785136019728,0.0023543471258245,0.0163581658820965,0.0338780301234896,j1_b_then_a,,,256,52,128,"joint(A,B); seed=23; train-class coverage checked"
wine,tabpfn3,1,j1_b_then_a,0.9989759427234012,0.5416218308452031,0.0977992081176334,0.9949865178706028,0.000295466599379,0.0159312962940812,0.032414373139441,j1_b_then_a,,,256,52,128,"joint(A,B); seed=23; train-class coverage checked"
wine,tabpfn3,1,j2_a_then_b,1.0018558316809554,0.5454708475023282,0.0942539466781233,0.997630401565114,0.0002889480924,0.0008854138726733,0.032414373139441,j1_b_then_a,,,256,52,128,"joint(A,B); seed=23; train-class coverage checked"
wine,tabpfn3,1,independent,1.005556308441354,0.5459611362905891,0.0980383753538909,1.0015668835885552,0.0039894248527986,3.193636811587608e-17,0.032414373139441,j1_b_then_a,,,256,52,128,"joint(A,B); seed=23; train-class coverage checked"
wine,tabpfn3,1,arithmetic,0.9987494126146236,0.5426764173132359,0.0867807866803015,0.9946480454104488,0.0002916805817777,0.0084083550833772,0.032414373139441,j1_b_then_a,,,256,52,128,"joint(A,B); seed=23; train-class coverage checked"
wine,tabpfn3,1,geometric,0.9979715448787712,0.5426616545306318,0.0902464137462813,0.9942739851765314,0.0002766693790134,0.0082613550994057,0.032414373139441,j1_b_then_a,,,256,52,128,"joint(A,B); seed=23; train-class coverage checked"
wine,tabpfn3,1,hard_core,1.0018648870957565,0.5453699839408965,0.0943937354049717,0.9978754622429578,0.0002980035063468,2.696726354706561e-13,0.032414373139441,j1_b_then_a,,,256,52,128,"joint(A,B); seed=23; train-class coverage checked"
wine,tabpfn3,1,soft_core_lambda_1,0.999421902857874,0.5439476272864098,0.0870773765456296,0.9956771595822144,0.0002711512070541,0.0042677319933093,0.032414373139441,j1_b_then_a,,,256,52,128,"joint(A,B); seed=23; train-class coverage checked"
wine,tabpfn3,1,selective_core,0.9989759427234012,0.5416218308452031,0.0977992081176334,0.9949865178706028,0.000295466599379,0.0159312962940812,0.032414373139441,j1_b_then_a,,,256,52,128,"joint(A,B); seed=23; train-class coverage checked"
wine,tabpfn3,2,j1_b_then_a,1.0736032325487446,0.5765037365718181,0.0244960458647113,1.0678067511352325,0.0135699172721467,0.015409467929248,0.0318564700271961,j2_a_then_b,,,256,52,128,"joint(A,B); seed=23; train-class coverage checked"
wine,tabpfn3,2,j2_a_then_b,1.0573573279842283,0.5726876393212472,0.0367100990458249,1.0502928330216172,0.0086958064855331,0.0016640417259621,0.0318564700271961,j2_a_then_b,,,256,52,128,"joint(A,B); seed=23; train-class coverage checked"
wine,tabpfn3,2,independent,1.0544580029122073,0.5724230480773762,0.0556911416403637,1.0486615214986954,0.0057964814135119,3.1570506130943875e-17,0.0318564700271961,j2_a_then_b,,,256,52,128,"joint(A,B); seed=23; train-class coverage checked"
wine,tabpfn3,2,arithmetic,1.0609583912049048,0.574026386324009,0.0595446138462924,1.0545347716816391,0.0102913206585292,0.0085367548276051,0.0318564700271961,j2_a_then_b,,,256,52,128,"joint(A,B); seed=23; train-class coverage checked"
wine,tabpfn3,2,geometric,1.063130838880788,0.57442668810832,0.0735950376960063,1.0571711169496454,0.010589909141,0.008673392169116,0.0318564700271961,j2_a_then_b,,,256,52,128,"joint(A,B); seed=23; train-class coverage checked"
wine,tabpfn3,2,hard_core,1.0560217901935134,0.5725503105567457,0.0366657765777245,1.0502253087800013,0.007360268694439,1.771834862955292e-13,0.0318564700271961,j2_a_then_b,,,256,52,128,"joint(A,B); seed=23; train-class coverage checked"
wine,tabpfn3,2,soft_core_lambda_1,1.059704206476532,0.5735656549094448,0.0667676496135071,1.0536477878775234,0.0092436002573236,0.0047422130141145,0.0318564700271961,j2_a_then_b,,,256,52,128,"joint(A,B); seed=23; train-class coverage checked"
wine,tabpfn3,2,selective_core,1.0573573279842283,0.5726876393212472,0.0367100990458249,1.0502928330216172,0.0086958064855331,0.0016640417259621,0.0318564700271961,j2_a_then_b,,,256,52,128,"joint(A,B); seed=23; train-class coverage checked"
wine,tabpfn3,3,j1_b_then_a,1.0786041008105671,0.5795686070707591,0.107217588451755,1.0644399959433164,0.0038959473074158,0.0226118527903751,0.0455252788228302,soft,0.25,1.0,256,52,128,"joint(A,B); seed=23; train-class coverage checked"
wine,tabpfn3,3,j2_a_then_b,1.0942487322872367,0.5827410342807009,0.0672481607263755,1.072341883208238,0.0036528933643824,0.0030553255503268,0.0455252788228302,soft,0.25,1.0,256,52,128,"joint(A,B); seed=23; train-class coverage checked"
wine,tabpfn3,3,independent,1.1047599437901052,0.5839403616748334,0.0670061923338199,1.0905958389228545,0.0141641048672508,2.985971464444945e-17,0.0455252788228302,soft,0.25,1.0,256,52,128,"joint(A,B); seed=23; train-class coverage checked"
wine,tabpfn3,3,arithmetic,1.0848535172977372,0.5800762754355864,0.0658134623327088,1.0670625308037216,0.0037533040113605,0.012833589170351,0.0455252788228302,soft,0.25,1.0,256,52,128,"joint(A,B); seed=23; train-class coverage checked"
wine,tabpfn3,3,geometric,1.0816380472024094,0.5793537228071071,0.064181129961658,1.0652385175510757,0.0037564439482174,0.0129511199693792,0.0455252788228302,soft,0.25,1.0,256,52,128,"joint(A,B); seed=23; train-class coverage checked"
wine,tabpfn3,3,hard_core,1.094333763921688,0.5827247119514268,0.0671830486938576,1.080169659054437,0.0037379249980652,1.520445639274985e-13,0.0455252788228302,soft,0.25,1.0,256,52,128,"joint(A,B); seed=23; train-class coverage checked"
wine,tabpfn3,3,soft_core_lambda_1,1.084867337595982,0.5799670064561118,0.0692052133584166,1.0689402512911808,0.0036843663569138,0.0075310244812129,0.0455252788228302,soft,0.25,1.0,256,52,128,"joint(A,B); seed=23; train-class coverage checked"
wine,tabpfn3,3,selective_core,1.0873891925690329,0.5806885337809466,0.0652855383458802,1.070889203422118,0.0036068157113588,0.0049699370514564,0.0455252788228302,soft,0.25,1.0,256,52,128,"joint(A,B); seed=23; train-class coverage checked"
wine,tabpfn3,4,j1_b_then_a,1.0447135086783683,0.5815806931929692,0.0751746268668012,1.0437011374492675,0.0002507559965363,0.0171974635166835,0.0346047524405944,soft,0.75,0.3,256,52,128,"joint(A,B); seed=23; train-class coverage checked"
wine,tabpfn3,4,j2_a_then_b,1.053021374901781,0.5841921310766643,0.0534734652805596,1.0499247239840956,0.0001703287871516,0.0009433066564797,0.0346047524405944,soft,0.75,0.3,256,52,128,"joint(A,B); seed=23; train-class coverage checked"
wine,tabpfn3,4,independent,1.05386341734373,0.5845738138946879,0.0536663663997394,1.0528510461146294,0.0010123712291007,2.4764986829004697e-17,0.0346047524405944,soft,0.75,0.3,256,52,128,"joint(A,B); seed=23; train-class coverage checked"
wine,tabpfn3,4,arithmetic,1.0475201608538474,0.5822458969575365,0.0482495036479285,1.0455033109615357,0.0002059002158019,0.0090703850865816,0.0346047524405944,soft,0.75,0.3,256,52,128,"joint(A,B); seed=23; train-class coverage checked"
wine,tabpfn3,4,geometric,1.046770416582571,0.582139756629366,0.0545570061722078,1.045112811435159,0.0001967008798894,0.0090990914047141,0.0346047524405944,soft,0.75,0.3,256,52,128,"joint(A,B); seed=23; train-class coverage checked"
wine,tabpfn3,4,hard_core,1.0530021301075212,0.5844124711325104,0.0534636667896395,1.0519897588784206,0.0001510839934097,1.7961742366394268e-13,0.0346047524405944,soft,0.75,0.3,256,52,128,"joint(A,B); seed=23; train-class coverage checked"
wine,tabpfn3,4,soft_core_lambda_1,1.0488933161240637,0.5828568176548408,0.0368189097127051,1.047331863928345,0.0001788596353163,0.0048691236936522,0.0346047524405944,soft,0.75,0.3,256,52,128,"joint(A,B); seed=23; train-class coverage checked"
wine,tabpfn3,4,selective_core,1.046159126239256,0.5819302755071607,0.0480009206079389,1.0447654110817388,0.0002158506273573,0.0103126303602584,0.0346047524405944,soft,0.75,0.3,256,52,128,"joint(A,B); seed=23; train-class coverage checked"
wine,tabpfn3,5,j1_b_then_a,1.0421059331090217,0.5707476691170521,0.0987047607602826,1.032989256926515,0.0008490465222543,0.0170546824729132,0.0345850870700579,j1_b_then_a,,,256,52,128,"joint(A,B); seed=23; train-class coverage checked"
wine,tabpfn3,5,j2_a_then_b,1.036160635301627,0.5690730605753812,0.1415136672763354,1.0299930387758969,0.0013972246970844,0.0012151718799836,0.0345850870700579,j1_b_then_a,,,256,52,128,"joint(A,B); seed=23; train-class coverage checked"
wine,tabpfn3,5,independent,1.0438800867870488,0.5707963436355779,0.1314700945868881,1.034763410604543,0.0091166761825061,2.6817939921520455e-17,0.0345850870700579,j1_b_then_a,,,256,52,128,"joint(A,B); seed=23; train-class coverage checked"
wine,tabpfn3,5,arithmetic,1.0378950568211005,0.5692404710814282,0.1293258878459725,1.0303893645228257,0.0011261736005921,0.0091349271764484,0.0345850870700579,j1_b_then_a,,,256,52,128,"joint(A,B); seed=23; train-class coverage checked"
wine,tabpfn3,5,geometric,1.0368200325648518,0.5689924176400045,0.1291178139656136,1.0297315986270377,0.0009642793591903,0.009243515767269,0.0345850870700579,j1_b_then_a,,,256,52,128,"joint(A,B); seed=23; train-class coverage checked"
wine,tabpfn3,5,hard_core,1.036421671138477,0.5691383332844252,0.140707796714412,1.027304994955971,0.0016582605333945,1.5221037960348753e-13,0.0345850870700579,j1_b_then_a,,,256,52,128,"joint(A,B); seed=23; train-class coverage checked"
wine,tabpfn3,5,soft_core_lambda_1,1.0364090938951362,0.5690271568691649,0.1124019533096472,1.0289775798387777,0.000921107802184,0.0049474730241538,0.0345850870700579,j1_b_then_a,,,256,52,128,"joint(A,B); seed=23; train-class coverage checked"
wine,tabpfn3,5,selective_core,1.0421059331090217,0.5707476691170521,0.0987047607602826,1.032989256926515,0.0008490465222543,0.0170546824729132,0.0345850870700579,j1_b_then_a,,,256,52,128,"joint(A,B); seed=23; train-class coverage checked"
wine,catboost,1,j1_b_then_a,1.2264966945880529,0.6019975573980747,0.0580232100011964,1.1372937382650574,0.0475791948710203,0.0277521448199463,0.0760421787374057,j1_b_then_a,,,256,52,128,"joint(A,B); seed=23; train-class coverage checked"
wine,catboost,1,j2_a_then_b,1.2570547099004012,0.6077064609987037,0.1003285599485768,1.1660191084804763,0.0726670903773154,0.0057408900925824,0.0760421787374057,j1_b_then_a,,,256,52,128,"joint(A,B); seed=23; train-class coverage checked"
wine,catboost,1,independent,1.273590575846081,0.612605139425841,0.111421040156702,1.1843876195230858,0.0892029563229952,4.503165960782762e-17,0.0760421787374057,j1_b_then_a,,,256,52,128,"joint(A,B); seed=23; train-class coverage checked"
wine,catboost,1,arithmetic,1.239311708374229,0.6033808416304971,0.1268033145887268,1.1495281323340492,0.0600134596577871,0.0167465174562644,0.0760421787374057,j1_b_then_a,,,256,52,128,"joint(A,B); seed=23; train-class coverage checked"
wine,catboost,1,geometric,1.2353084276754538,0.6026554637413366,0.109018732793934,1.148051813483344,0.0572068226315105,0.0163080863683597,0.0760421787374057,j1_b_then_a,,,256,52,128,"joint(A,B); seed=23; train-class coverage checked"
wine,catboost,1,hard_core,1.2433256170375282,0.6049556765972577,0.1077560134532933,1.154122660714533,0.058937997514455,8.084753298689269e-14,0.0760421787374057,j1_b_then_a,,,256,52,128,"joint(A,B); seed=23; train-class coverage checked"
wine,catboost,1,soft_core_lambda_1,1.2385294119913643,0.6034879340180327,0.1152046217006603,1.1504162845083377,0.057845818079528,0.0083781725969168,0.0760421787374057,j1_b_then_a,,,256,52,128,"joint(A,B); seed=23; train-class coverage checked"
wine,catboost,1,selective_core,1.2264966945880529,0.6019975573980747,0.0580232100011964,1.1372937382650574,0.0475791948710203,0.0277521448199463,0.0760421787374057,j1_b_then_a,,,256,52,128,"joint(A,B); seed=23; train-class coverage checked"
wine,catboost,2,j1_b_then_a,1.2737553583861827,0.6208138688055699,0.0693281196353414,1.2038013616636154,0.0487642380612608,0.0277878425436417,0.0749314617034954,j1_b_then_a,,,256,52,128,"joint(A,B); seed=23; train-class coverage checked"
wine,catboost,2,j2_a_then_b,1.2995982376343165,0.626395833658028,0.1236804640920155,1.2227846785960592,0.0652163659854112,0.0042953056614023,0.0749314617034954,j1_b_then_a,,,256,52,128,"joint(A,B); seed=23; train-class coverage checked"
wine,catboost,2,independent,1.3043358683714723,0.628161201164774,0.1127083338233708,1.234381871648905,0.0699539967225672,4.123695200412836e-17,0.0749314617034954,j1_b_then_a,,,256,52,128,"joint(A,B); seed=23; train-class coverage checked"
wine,catboost,2,arithmetic,1.2840545257771487,0.6221233381118265,0.116816401346033,1.2107088227168452,0.0564238467743354,0.016041574102522,0.0749314617034954,j1_b_then_a,,,256,52,128,"joint(A,B); seed=23; train-class coverage checked"
wine,catboost,2,geometric,1.2803439318797876,0.6214254437781576,0.1155366803268441,1.2096152033962344,0.0534736088343228,0.0158772648138192,0.0749314617034954,j1_b_then_a,,,256,52,128,"joint(A,B); seed=23; train-class coverage checked"
wine,catboost,2,hard_core,1.2872926838072376,0.6225142207885592,0.1321316607194556,1.2173386870846703,0.0529108121580753,2.73826117623598e-13,0.0749314617034954,j1_b_then_a,,,256,52,128,"joint(A,B); seed=23; train-class coverage checked"
wine,catboost,2,soft_core_lambda_1,1.2829475249688778,0.6215456107223717,0.124930936269372,1.2123758574864123,0.05329493987919,0.0081438407618102,0.0749314617034954,j1_b_then_a,,,256,52,128,"joint(A,B); seed=23; train-class coverage checked"
wine,catboost,2,selective_core,1.2737553583861827,0.6208138688055699,0.0693281196353414,1.2038013616636154,0.0487642380612608,0.0277878425436417,0.0749314617034954,j1_b_then_a,,,256,52,128,"joint(A,B); seed=23; train-class coverage checked"
wine,catboost,3,j1_b_then_a,1.293356669614882,0.6181838221525343,0.1654913354084978,1.1898641800214835,0.0686569138316537,0.0281297520570364,0.0821238358148045,mpr,1.0,,256,52,128,"joint(A,B); seed=23; train-class coverage checked"
wine,catboost,3,j2_a_then_b,1.3574524499825462,0.6412817586207573,0.1636344925956398,1.253945026912057,0.1035074230704893,0.0061529695437286,0.0821238358148045,mpr,1.0,,256,52,128,"joint(A,B); seed=23; train-class coverage checked"
wine,catboost,3,independent,1.357437516505455,0.6407553585062923,0.1681446911205116,1.253945026912057,0.1034924895933984,4.015274983164285e-17,0.0821238358148045,mpr,1.0,,256,52,128,"joint(A,B); seed=23; train-class coverage checked"
wine,catboost,3,arithmetic,1.3217263720315289,0.6282451449198552,0.150776173883344,1.218399670454997,0.084831813384131,0.0171413608003825,0.0821238358148045,mpr,1.0,,256,52,128,"joint(A,B); seed=23; train-class coverage checked"
wine,catboost,3,geometric,1.317800013948983,0.6275280294470512,0.1611758164476749,1.2175502095748914,0.0825834129368983,0.0171943245407715,0.0821238358148045,mpr,1.0,,256,52,128,"joint(A,B); seed=23; train-class coverage checked"
wine,catboost,3,hard_core,1.339299467789851,0.6363668701147032,0.1534419170141933,1.235806978196453,0.0853544408775818,9.530325476275053e-14,0.0821238358148045,mpr,1.0,,256,52,128,"joint(A,B); seed=23; train-class coverage checked"
wine,catboost,3,soft_core_lambda_1,1.3278502356534942,0.6316835366618775,0.1516171895968891,1.2260700432271885,0.0838397623212681,0.0086888118080616,0.0821238358148045,mpr,1.0,,256,52,128,"joint(A,B); seed=23; train-class coverage checked"
wine,catboost,3,selective_core,1.3227421043158534,0.6327091089734476,0.1533823676139423,1.2192496147224552,0.0687970774035377,9.475433675534829e-14,0.0821238358148045,mpr,1.0,,256,52,128,"joint(A,B); seed=23; train-class coverage checked"
wine,catboost,4,j1_b_then_a,1.2764166799932812,0.6352802772812548,0.0861487174189258,1.1931604916108831,0.0470038301586274,0.0293006812273007,0.0871078276619024,geometric,0.5,,256,52,128,"joint(A,B); seed=23; train-class coverage checked"
wine,catboost,4,j2_a_then_b,1.3296390187071196,0.6429901190510974,0.1059298128022365,1.2427125183333207,0.0869265003737989,0.0050063916279322,0.0871078276619024,geometric,0.5,,256,52,128,"joint(A,B); seed=23; train-class coverage checked"
wine,catboost,4,independent,1.3259687067157186,0.6418917600259966,0.0952674661686601,1.2427125183333207,0.0832561883823977,4.646145122279288e-17,0.0871078276619024,geometric,0.5,,256,52,128,"joint(A,B); seed=23; train-class coverage checked"
wine,catboost,4,arithmetic,1.2974033476265576,0.6373389141577632,0.1400782008610095,1.2125234049501867,0.0640947117047677,0.0171535364276164,0.0871078276619024,geometric,0.5,,256,52,128,"joint(A,B); seed=23; train-class coverage checked"
wine,catboost,4,geometric,1.294623282324414,0.6368195145927426,0.1358924090109166,1.2123321547929478,0.0625222463650048,0.0181125688758821,0.0871078276619024,geometric,0.5,,256,52,128,"joint(A,B); seed=23; train-class coverage checked"
wine,catboost,4,hard_core,1.3052858208680205,0.6364280843501835,0.1110640110413494,1.2220296324856226,0.0625733025361584,3.379613991818294e-13,0.0871078276619024,geometric,0.5,,256,52,128,"joint(A,B); seed=23; train-class coverage checked"
wine,catboost,4,soft_core_lambda_1,1.29930844619829,0.6363005528318871,0.1201643338967711,1.2163958488707944,0.0626765111716694,0.0090012001367424,0.0871078276619024,geometric,0.5,,256,52,128,"joint(A,B); seed=23; train-class coverage checked"
wine,catboost,4,selective_core,1.294623282324414,0.6368195145927426,0.1358924090109166,1.2123321547929478,0.0625222463650048,0.0181125688758821,0.0871078276619024,geometric,0.5,,256,52,128,"joint(A,B); seed=23; train-class coverage checked"
wine,catboost,5,j1_b_then_a,1.2670109012112776,0.6367226155604324,0.101146351361992,1.196409730827487,0.0444295859728731,0.0288568250356504,0.0791723963025137,j1_b_then_a,,,256,52,128,"joint(A,B); seed=23; train-class coverage checked"
wine,catboost,5,j2_a_then_b,1.2843015338667807,0.638188096176775,0.1453903262160892,1.2176018726011804,0.0666996612656005,0.0050285590057813,0.0791723963025137,j1_b_then_a,,,256,52,128,"joint(A,B); seed=23; train-class coverage checked"
wine,catboost,5,independent,1.2882030429849711,0.6389868900748362,0.1518582326685987,1.2176018726011804,0.0706011703837906,4.030182763035961e-17,0.0791723963025137,j1_b_then_a,,,256,52,128,"joint(A,B); seed=23; train-class coverage checked"
wine,catboost,5,arithmetic,1.2721564451598346,0.6358258696104158,0.1592563318134806,1.2036473826968612,0.0548860031451388,0.0169426920207159,0.0791723963025137,j1_b_then_a,,,256,52,128,"joint(A,B); seed=23; train-class coverage checked"
wine,catboost,5,geometric,1.2682720150800386,0.63508902441002,0.1515497100465402,1.202992836647914,0.0531618519357485,0.0177519797725208,0.0791723963025137,j1_b_then_a,,,256,52,128,"joint(A,B); seed=23; train-class coverage checked"
wine,catboost,5,hard_core,1.275016804307337,0.6352621455248668,0.1445529699355918,1.204415633923546,0.0574149317061318,2.1719554458990772e-14,0.0791723963025137,j1_b_then_a,,,256,52,128,"joint(A,B); seed=23; train-class coverage checked"
wine,catboost,5,soft_core_lambda_1,1.271015480266653,0.6349334085056011,0.1326069418781967,1.2031862833509397,0.05511779545908,0.0088915698694604,0.0791723963025137,j1_b_then_a,,,256,52,128,"joint(A,B); seed=23; train-class coverage checked"
wine,catboost,5,selective_core,1.2670109012112776,0.6367226155604324,0.101146351361992,1.196409730827487,0.0444295859728731,0.0288568250356504,0.0791723963025137,j1_b_then_a,,,256,52,128,"joint(A,B); seed=23; train-class coverage checked"
credit,tabiclv2,1,j1_b_then_a,1.8644598336323768,0.8048436683690836,0.1546387111104603,0.6168683106670365,1.2032355899424425,0.014216447562266,0.0518067251224671,mpr,1.0,,256,52,128,"joint(A,B); seed=23; train-class coverage checked"
credit,tabiclv2,1,j2_a_then_b,1.86694713483836,0.8026325313559837,0.1592814728243758,0.6213089212351779,1.203545412840211,0.0187840184230305,0.0518067251224671,mpr,1.0,,256,52,128,"joint(A,B); seed=23; train-class coverage checked"
credit,tabiclv2,1,independent,1.9109932449634883,0.8139502037936914,0.1331115548771831,0.6634017219981487,1.24759152296534,1.6049580284574486e-17,0.0518067251224671,mpr,1.0,,256,52,128,"joint(A,B); seed=23; train-class coverage checked"
credit,tabiclv2,1,arithmetic,1.86268125223726,0.8028853807383736,0.1456817654897409,0.6176385774760498,1.2014779901040005,0.0165002329926482,0.0518067251224671,mpr,1.0,,256,52,128,"joint(A,B); seed=23; train-class coverage checked"
credit,tabiclv2,1,geometric,1.863224590087717,0.8029243488578572,0.1459011138483064,0.6178662031415436,1.2017941180984058,0.0165068179967216,0.0518067251224671,mpr,1.0,,256,52,128,"joint(A,B); seed=23; train-class coverage checked"
credit,tabiclv2,1,hard_core,1.8687264824855323,0.8036159635721295,0.1179768926564985,0.6211349595201924,1.2053247604872883,8.954529758203705e-14,0.0518067251224671,mpr,1.0,,256,52,128,"joint(A,B); seed=23; train-class coverage checked"
credit,tabiclv2,1,soft_core_lambda_1,1.8649651675035817,0.8030063521983972,0.1061494687382986,0.6189588181929083,1.2029454103294783,0.0087532020712847,0.0518067251224671,mpr,1.0,,256,52,128,"joint(A,B); seed=23; train-class coverage checked"
credit,tabiclv2,1,selective_core,1.867512926353608,0.8033599389233803,0.113229417292743,0.6199214033882681,1.2041112043550908,3.594837271012497e-13,0.0518067251224671,mpr,1.0,,256,52,128,"joint(A,B); seed=23; train-class coverage checked"
credit,tabiclv2,2,j1_b_then_a,1.7798441135609346,0.7785242500392101,0.1080679488359748,0.5594338314376431,1.2113855449812618,0.0183554642033979,0.091606276098568,arithmetic,,,256,52,128,"joint(A,B); seed=23; train-class coverage checked"
credit,tabiclv2,2,j2_a_then_b,1.7741879042799351,0.7796184567006735,0.1061700420012614,0.5729421012492661,1.1785928108269617,0.0410300486710023,0.091606276098568,arithmetic,,,256,52,128,"joint(A,B); seed=23; train-class coverage checked"
credit,tabiclv2,2,independent,1.8160053755762648,0.7960739442673279,0.0955423921775128,0.5955950934529735,1.2204102821232916,1.3325522326204653e-17,0.091606276098568,arithmetic,,,256,52,128,"joint(A,B); seed=23; train-class coverage checked"
credit,tabiclv2,2,arithmetic,1.7688607503369045,0.7763953891366104,0.0556217411395229,0.5652673724947759,1.1888842303940477,0.0296927564372001,0.091606276098568,arithmetic,,,256,52,128,"joint(A,B); seed=23; train-class coverage checked"
credit,tabiclv2,2,geometric,1.769329871150704,0.7766277172417173,0.0549354810227416,0.5650390501895027,1.188838639804481,0.0294142709765784,0.091606276098568,arithmetic,,,256,52,128,"joint(A,B); seed=23; train-class coverage checked"
credit,tabiclv2,2,hard_core,1.811833008417406,0.7843476796369784,0.0940452103645081,0.5914227262941146,1.2162379149647855,9.148849619512386e-14,0.091606276098568,arithmetic,,,256,52,128,"joint(A,B); seed=23; train-class coverage checked"
credit,tabiclv2,2,soft_core_lambda_1,1.784955400387149,0.7792272399906346,0.0918305714770364,0.5751331394606971,1.1986593622574675,0.0162367363025389,0.091606276098568,arithmetic,,,256,52,128,"joint(A,B); seed=23; train-class coverage checked"
credit,tabiclv2,2,selective_core,1.7688607503369045,0.7763953891366104,0.0556217411395229,0.5652673724947759,1.1888842303940477,0.0296927564372001,0.091606276098568,arithmetic,,,256,52,128,"joint(A,B); seed=23; train-class coverage checked"
credit,tabiclv2,3,j1_b_then_a,1.6779869552098463,0.7476658854723182,0.0596594215993642,0.5149660299188616,1.1313373582690671,0.0174439190730344,0.0927879249296457,geometric,0.5,,256,52,128,"joint(A,B); seed=23; train-class coverage checked"
credit,tabiclv2,3,j2_a_then_b,1.6700987615779992,0.7334347159972603,0.0643380243428824,0.5286596383100537,1.1133389149216304,0.0386868341748826,0.0927879249296457,geometric,0.5,,256,52,128,"joint(A,B); seed=23; train-class coverage checked"
credit,tabiclv2,3,independent,1.719780771947354,0.7565583342527002,0.079657050203872,0.5567598466563688,1.1630209252909849,1.5531196120854848e-17,0.0927879249296457,geometric,0.5,,256,52,128,"joint(A,B); seed=23; train-class coverage checked"
credit,tabiclv2,3,arithmetic,1.6654745147018817,0.7377899363246088,0.0917845783400175,0.5175168154196355,1.1157679922840873,0.0280653766239585,0.0927879249296457,geometric,0.5,,256,52,128,"joint(A,B); seed=23; train-class coverage checked"
credit,tabiclv2,3,geometric,1.6669014141153662,0.737871568987102,0.0705539517876424,0.5198041051898223,1.1158896668521163,0.0279638371567418,0.0927879249296457,geometric,0.5,,256,52,128,"joint(A,B); seed=23; train-class coverage checked"
credit,tabiclv2,3,hard_core,1.6925098789416395,0.7490972462067846,0.0726119721284455,0.5294889536506547,1.1357500322870095,1.4798583094621093e-13,0.0927879249296457,geometric,0.5,,256,52,128,"joint(A,B); seed=23; train-class coverage checked"
credit,tabiclv2,3,soft_core_lambda_1,1.6766042376061692,0.7424334493069153,0.1011029325447947,0.5231104344632064,1.1234380579910752,0.01525945131161,0.0927879249296457,geometric,0.5,,256,52,128,"joint(A,B); seed=23; train-class coverage checked"
credit,tabiclv2,3,selective_core,1.6669014141153662,0.737871568987102,0.0705539517876424,0.5198041051898223,1.1158896668521163,0.0279638371567418,0.0927879249296457,geometric,0.5,,256,52,128,"joint(A,B); seed=23; train-class coverage checked"
credit,tabiclv2,4,j1_b_then_a,1.67029612848467,0.7491951105422012,0.0846591037953554,0.4885751717099263,1.1469261491847274,0.0223933075716007,0.0869916010507545,j2_a_then_b,,,256,52,128,"joint(A,B); seed=23; train-class coverage checked"
credit,tabiclv2,4,j2_a_then_b,1.6628643863417136,0.7478767901889768,0.1316224724871363,0.4940701136640143,1.1461331345304209,0.0342274827531825,0.0869916010507545,j2_a_then_b,,,256,52,128,"joint(A,B); seed=23; train-class coverage checked"
credit,tabiclv2,4,independent,1.6984522085860363,0.7577266069418136,0.0578906969983386,0.5167312518112931,1.1817209567747438,1.2942663434045709e-17,0.0869916010507545,j2_a_then_b,,,256,52,128,"joint(A,B); seed=23; train-class coverage checked"
credit,tabiclv2,4,arithmetic,1.6595288534232653,0.7461356610368002,0.0861454722481074,0.4878684988436279,1.1414740036969468,0.0283103951623916,0.0869916010507545,j2_a_then_b,,,256,52,128,"joint(A,B); seed=23; train-class coverage checked"
credit,tabiclv2,4,geometric,1.6599415547312693,0.7464424490708889,0.0854318862436179,0.4882524637831166,1.141869085715658,0.028183785000044,0.0869916010507545,j2_a_then_b,,,256,52,128,"joint(A,B); seed=23; train-class coverage checked"
credit,tabiclv2,4,hard_core,1.674449386311203,0.752128774470275,0.1115841138893039,0.4927284295364593,1.1577181345002583,1.1449412110672158e-13,0.0869916010507545,j2_a_then_b,,,256,52,128,"joint(A,B); seed=23; train-class coverage checked"
credit,tabiclv2,4,soft_core_lambda_1,1.6633758787711286,0.7479831687809168,0.0629359067791228,0.4885987254761229,1.1465126776050156,0.016049021118485,0.0869916010507545,j2_a_then_b,,,256,52,128,"joint(A,B); seed=23; train-class coverage checked"
credit,tabiclv2,4,selective_core,1.6628643863417136,0.7478767901889768,0.1316224724871363,0.4940701136640143,1.1461331345304209,0.0342274827531825,0.0869916010507545,j2_a_then_b,,,256,52,128,"joint(A,B); seed=23; train-class coverage checked"
credit,tabiclv2,5,j1_b_then_a,1.7691306745157362,0.7818994729015185,0.0954685359356408,0.5201925779166452,1.2109597060099666,0.0143164976373841,0.0578246534488625,j1_b_then_a,,,256,52,128,"joint(A,B); seed=23; train-class coverage checked"
credit,tabiclv2,5,j2_a_then_b,1.7818786251324363,0.7798064795652704,0.0945155770809536,0.5344418549352423,1.2144870209392016,0.0221235198327823,0.0578246534488625,j1_b_then_a,,,256,52,128,"joint(A,B); seed=23; train-class coverage checked"
credit,tabiclv2,5,independent,1.8163297007923256,0.789648240195651,0.1144405103775934,0.5673916041932348,1.248938096599091,1.7984203536103305e-17,0.0578246534488625,j1_b_then_a,,,256,52,128,"joint(A,B); seed=23; train-class coverage checked"
credit,tabiclv2,5,arithmetic,1.7718581025425326,0.7799328500628517,0.1006110999354578,0.5258150860432618,1.2103317012510746,0.0182200087350832,0.0578246534488625,j1_b_then_a,,,256,52,128,"joint(A,B); seed=23; train-class coverage checked"
credit,tabiclv2,5,geometric,1.7725531363324374,0.780130015355693,0.090525159385822,0.5258530224181293,1.2108209809016484,0.0182902571619088,0.0578246534488625,j1_b_then_a,,,256,52,128,"joint(A,B); seed=23; train-class coverage checked"
credit,tabiclv2,5,hard_core,1.7823904460082864,0.7816210096423606,0.0869041184533949,0.5334523494091954,1.2149988418147146,1.523743018696719e-13,0.0578246534488625,j1_b_then_a,,,256,52,128,"joint(A,B); seed=23; train-class coverage checked"
credit,tabiclv2,5,soft_core_lambda_1,1.7762330244604096,0.7805411198785787,0.0876478808971652,0.5291508493102848,1.2120945165775978,0.0094939282125891,0.0578246534488625,j1_b_then_a,,,256,52,128,"joint(A,B); seed=23; train-class coverage checked"
credit,tabiclv2,5,selective_core,1.7691306745157362,0.7818994729015185,0.0954685359356408,0.5201925779166452,1.2109597060099666,0.0143164976373841,0.0578246534488625,j1_b_then_a,,,256,52,128,"joint(A,B); seed=23; train-class coverage checked"
credit,tabpfn3,1,j1_b_then_a,1.8203462969707336,0.793877726229917,0.0587397706977218,0.6093972847175811,1.1696229026119562,0.0085519648661405,0.0367536519057686,mpr,0.75,,256,52,128,"joint(A,B); seed=23; train-class coverage checked"
credit,tabpfn3,1,j2_a_then_b,1.8228687088691355,0.7921743234793759,0.0910212901825743,0.6236754038089625,1.1632994655212143,0.0148856547580396,0.0367536519057686,mpr,0.75,,256,52,128,"joint(A,B); seed=23; train-class coverage checked"
credit,tabpfn3,1,independent,1.870518255601073,0.8090453962233737,0.0995564458905879,0.6595692433479212,1.2109490122531523,1.2298918394132441e-17,0.0367536519057686,mpr,0.75,,256,52,128,"joint(A,B); seed=23; train-class coverage checked"
credit,tabpfn3,1,arithmetic,1.8202534660256149,0.792629901586068,0.0698792093920229,0.6157718419528031,1.1655824087326452,0.0117188098120901,0.0367536519057686,mpr,0.75,,256,52,128,"joint(A,B); seed=23; train-class coverage checked"
credit,tabpfn3,1,geometric,1.8204495830409813,0.7926597316561407,0.0699001704853748,0.6160546926995621,1.1655261883318544,0.011722348887252,0.0367536519057686,mpr,0.75,,256,52,128,"joint(A,B); seed=23; train-class coverage checked"
credit,tabpfn3,1,hard_core,1.8328332474692823,0.7965326501887569,0.0611724246930484,0.6218842352161301,1.1732640041210052,1.0937080166767249e-13,0.0367536519057686,mpr,0.75,,256,52,128,"joint(A,B); seed=23; train-class coverage checked"
credit,tabpfn3,1,soft_core_lambda_1,1.8259697400323345,0.7943867250702277,0.0283283988102445,0.6185941873500105,1.1689169187069388,0.0063318323096959,0.0367536519057686,mpr,0.75,,256,52,128,"joint(A,B); seed=23; train-class coverage checked"
credit,tabpfn3,1,selective_core,1.8314817795343248,0.796226525716943,0.0615516564522581,0.6205327672811732,1.1719125361861047,9.186125506641977e-14,0.0367536519057686,mpr,0.75,,256,52,128,"joint(A,B); seed=23; train-class coverage checked"
credit,tabpfn3,2,j1_b_then_a,1.790567680896431,0.7879702664646381,0.0518970665437514,0.5501467616453162,1.2260152378253002,0.0251700323190314,0.0768936216854179,soft,0.0,0.03,256,52,128,"joint(A,B); seed=23; train-class coverage checked"
credit,tabpfn3,2,j2_a_then_b,1.7810385099144352,0.7839560286073681,0.0925052412579647,0.5650595033955447,1.2058390600594948,0.030544012269853,0.0768936216854179,soft,0.0,0.03,256,52,128,"joint(A,B); seed=23; train-class coverage checked"
credit,tabpfn3,2,independent,1.8156203691060555,0.8016265479128665,0.0738504120572759,0.5751994498549403,1.240420919251115,1.191267137018448e-17,0.0768936216854179,soft,0.0,0.03,256,52,128,"joint(A,B); seed=23; train-class coverage checked"
credit,tabpfn3,2,arithmetic,1.781172638253849,0.7842177903594969,0.0727524417428705,0.5562554569877414,1.214344700344565,0.0278570222944422,0.0768936216854179,soft,0.0,0.03,256,52,128,"joint(A,B); seed=23; train-class coverage checked"
credit,tabpfn3,2,geometric,1.7807512024359478,0.7841252706515037,0.0728549723336967,0.5556670560411885,1.2138307296582949,0.0277702596445876,0.0768936216854179,soft,0.0,0.03,256,52,128,"joint(A,B); seed=23; train-class coverage checked"
credit,tabpfn3,2,hard_core,1.818490581903193,0.7897586195955104,0.0424872789950566,0.5780696626520776,1.24329113204871,1.2969044105781357e-13,0.0768936216854179,soft,0.0,0.03,256,52,128,"joint(A,B); seed=23; train-class coverage checked"
credit,tabpfn3,2,soft_core_lambda_1,1.7934121928984683,0.7855678243434314,0.070165193340352,0.5632280227680388,1.2240494375469804,0.0164465775500969,0.0768936216854179,soft,0.0,0.03,256,52,128,"joint(A,B); seed=23; train-class coverage checked"
credit,tabpfn3,2,selective_core,1.7813941872443884,0.7839226762331226,0.0873350236893715,0.5650705749170213,1.2064859306730202,0.0299444483211825,0.0768936216854179,soft,0.0,0.03,256,52,128,"joint(A,B); seed=23; train-class coverage checked"
credit,tabpfn3,3,j1_b_then_a,1.7118958548109957,0.7559079580333825,0.1035173555782345,0.5205751076472097,1.1526623702212708,0.0116759259254194,0.0483606661091457,arithmetic,,,256,52,128,"joint(A,B); seed=23; train-class coverage checked"
credit,tabpfn3,3,j2_a_then_b,1.709573081506675,0.7512153497070603,0.0540299101344835,0.5338889439197657,1.140843680833699,0.0197185680145155,0.0483606661091457,arithmetic,,,256,52,128,"joint(A,B); seed=23; train-class coverage checked"
credit,tabpfn3,3,independent,1.7600501478367616,0.7712569107802254,0.1025513920400884,0.5687294006729758,1.1913207471637857,1.1736488517155584e-17,0.0483606661091457,arithmetic,,,256,52,128,"joint(A,B); seed=23; train-class coverage checked"
credit,tabpfn3,3,arithmetic,1.708626156604883,0.7527786327598716,0.09249924011292,0.5262124470668705,1.145552963148953,0.0156972469699674,0.0483606661091457,arithmetic,,,256,52,128,"joint(A,B); seed=23; train-class coverage checked"
credit,tabpfn3,3,geometric,1.7087499571432148,0.752742084110157,0.0870955939547436,0.5266407995744813,1.1453878551058894,0.015748748335758,0.0483606661091457,arithmetic,,,256,52,128,"joint(A,B); seed=23; train-class coverage checked"
credit,tabpfn3,3,hard_core,1.7248787218868515,0.7581244537042973,0.0913238477320467,0.5335579747230659,1.156149321213768,1.4186208089315977e-13,0.0483606661091457,arithmetic,,,256,52,128,"joint(A,B); seed=23; train-class coverage checked"
credit,tabpfn3,3,soft_core_lambda_1,1.715635873858608,0.7551390454213026,0.0814875650999569,0.5293744833753828,1.1498636486528526,0.0087536562323119,0.0483606661091457,arithmetic,,,256,52,128,"joint(A,B); seed=23; train-class coverage checked"
credit,tabpfn3,3,selective_core,1.708626156604883,0.7527786327598716,0.09249924011292,0.5262124470668705,1.145552963148953,0.0156972469699674,0.0483606661091457,arithmetic,,,256,52,128,"joint(A,B); seed=23; train-class coverage checked"
credit,tabpfn3,4,j1_b_then_a,1.7139735369761138,0.7690434707416944,0.0593190924372961,0.4858081177583161,1.1836031374472773,0.0176198743131563,0.057478566849665,j2_a_then_b,,,256,52,128,"joint(A,B); seed=23; train-class coverage checked"
credit,tabpfn3,4,j2_a_then_b,1.681798318466715,0.7548128286823959,0.1018144445463942,0.4854954607498674,1.165310444334517,0.0252099112573056,0.057478566849665,j2_a_then_b,,,256,52,128,"joint(A,B); seed=23; train-class coverage checked"
credit,tabpfn3,4,independent,1.744653293349995,0.7786550866610016,0.1372088239021995,0.5164878741321974,1.2281654192177975,1.1492543028346349e-17,0.057478566849665,j2_a_then_b,,,256,52,128,"joint(A,B); seed=23; train-class coverage checked"
credit,tabpfn3,4,arithmetic,1.6952129517208694,0.7608125509078356,0.1089272040077475,0.4848661296252383,1.172871707035509,0.0214148927852309,0.057478566849665,j2_a_then_b,,,256,52,128,"joint(A,B); seed=23; train-class coverage checked"
credit,tabpfn3,4,geometric,1.6951856010202098,0.7608245741279356,0.1088774185240526,0.485002135488903,1.1729121601319998,0.0213968942730322,0.057478566849665,j2_a_then_b,,,256,52,128,"joint(A,B); seed=23; train-class coverage checked"
credit,tabpfn3,4,hard_core,1.7154539634060857,0.7674887400214213,0.0761104009281897,0.4872885441882879,1.198966089274303,2.740626329393939e-13,0.057478566849665,j2_a_then_b,,,256,52,128,"joint(A,B); seed=23; train-class coverage checked"
credit,tabpfn3,4,soft_core_lambda_1,1.701635897057474,0.7630041838985337,0.1302240241040708,0.4851613273715468,1.1818851400724892,0.0129485097491668,0.057478566849665,j2_a_then_b,,,256,52,128,"joint(A,B); seed=23; train-class coverage checked"
credit,tabpfn3,4,selective_core,1.681798318466715,0.7548128286823959,0.1018144445463942,0.4854954607498674,1.165310444334517,0.0252099112573056,0.057478566849665,j2_a_then_b,,,256,52,128,"joint(A,B); seed=23; train-class coverage checked"
credit,tabpfn3,5,j1_b_then_a,1.7330922569950271,0.7780013453689143,0.0519387810225428,0.5226290909764864,1.1729371805112871,0.0115841804408607,0.0525853964639068,j2_a_then_b,,,256,52,128,"joint(A,B); seed=23; train-class coverage checked"
credit,tabpfn3,5,j2_a_then_b,1.7415216688148627,0.7733491933766363,0.0435762109814194,0.5313484302848104,1.1758761329717011,0.0195417512528784,0.0525853964639068,j2_a_then_b,,,256,52,128,"joint(A,B); seed=23; train-class coverage checked"
credit,tabpfn3,5,independent,1.7761087018617023,0.7867925867075901,0.0768839900473098,0.5656455358431616,1.2104631660185408,1.2007539060276965e-17,0.0525853964639068,j2_a_then_b,,,256,52,128,"joint(A,B); seed=23; train-class coverage checked"
credit,tabpfn3,5,arithmetic,1.7353780140921735,0.774817278436181,0.0513091430353253,0.5261740587519061,1.1732140252297591,0.0155629658468696,0.0525853964639068,j2_a_then_b,,,256,52,128,"joint(A,B); seed=23; train-class coverage checked"
credit,tabpfn3,5,geometric,1.7348746834886672,0.7746406428158605,0.0616372946808374,0.5259142849647847,1.172635014004613,0.0157341549965034,0.0525853964639068,j2_a_then_b,,,256,52,128,"joint(A,B); seed=23; train-class coverage checked"
credit,tabpfn3,5,hard_core,1.7411547622670616,0.7771072157284493,0.059445575084748,0.5306915962485208,1.1755092264236082,8.897684021860752e-14,0.0525853964639068,j2_a_then_b,,,256,52,128,"joint(A,B); seed=23; train-class coverage checked"
credit,tabpfn3,5,soft_core_lambda_1,1.737047814516146,0.7755583767014123,0.050912720276235,0.5280017926912063,1.173311668414502,0.0085710029323382,0.0525853964639068,j2_a_then_b,,,256,52,128,"joint(A,B); seed=23; train-class coverage checked"
credit,tabpfn3,5,selective_core,1.7415216688148627,0.7733491933766363,0.0435762109814194,0.5313484302848104,1.1758761329717011,0.0195417512528784,0.0525853964639068,j2_a_then_b,,,256,52,128,"joint(A,B); seed=23; train-class coverage checked"
credit,catboost,1,j1_b_then_a,1.840162934213632,0.8112042690243677,0.1173351920257252,0.6178259356214315,1.188591358279928,0.0229664952641682,0.0707342920840874,mpr,1.0,,256,52,128,"joint(A,B); seed=23; train-class coverage checked"
credit,catboost,1,j2_a_then_b,1.847903764865532,0.8084414785748266,0.0825989771095914,0.6109214743394895,1.2060617818236006,0.0243765192444251,0.0707342920840874,mpr,1.0,,256,52,128,"joint(A,B); seed=23; train-class coverage checked"
credit,catboost,1,independent,1.864178981634132,0.8183258376170643,0.0924525476629546,0.6418419830419312,1.2223369985922006,2.6955976513420854e-17,0.0707342920840874,mpr,1.0,,256,52,128,"joint(A,B); seed=23; train-class coverage checked"
credit,catboost,1,arithmetic,1.8396145101879104,0.808681724186701,0.0983018309153578,0.6115061552830869,1.1957507057313437,0.0236715072542966,0.0707342920840874,mpr,1.0,,256,52,128,"joint(A,B); seed=23; train-class coverage checked"
credit,catboost,1,geometric,1.8395625111293668,0.808709098766806,0.0853996811352685,0.6117943983396281,1.194690369182537,0.0234200864194388,0.0707342920840874,mpr,1.0,,256,52,128,"joint(A,B); seed=23; train-class coverage checked"
credit,catboost,1,hard_core,1.832704363531909,0.8087116335857064,0.074135615641301,0.6103673649397086,1.190862380490413,3.373877647530264e-13,0.0707342920840874,mpr,1.0,,256,52,128,"joint(A,B); seed=23; train-class coverage checked"
credit,catboost,1,soft_core_lambda_1,1.834677369817592,0.8083250602246481,0.0915434959585096,0.6101343739934215,1.192233967715035,0.0119507772464837,0.0707342920840874,mpr,1.0,,256,52,128,"joint(A,B); seed=23; train-class coverage checked"
credit,catboost,1,selective_core,1.83113771630098,0.807774472016666,0.0827240105137335,0.6088007177087794,1.1892957332588734,1.1522056366734118e-13,0.0707342920840874,mpr,1.0,,256,52,128,"joint(A,B); seed=23; train-class coverage checked"
credit,catboost,2,j1_b_then_a,1.756645149636383,0.7816960370891484,0.0462910177462858,0.5373561931840147,1.1962218973786167,0.0210817456159737,0.0693786361842261,j1_b_then_a,,,256,52,128,"joint(A,B); seed=23; train-class coverage checked"
credit,catboost,2,j2_a_then_b,1.7646450636233495,0.7874361838205055,0.0620212263009432,0.5460495424160803,1.191917541356114,0.0216173815185412,0.0693786361842261,j1_b_then_a,,,256,52,128,"joint(A,B); seed=23; train-class coverage checked"
credit,catboost,2,independent,1.792016478719604,0.7946157069100952,0.0421744187123113,0.5727275222672357,1.2192889564523686,2.465204689688916e-17,0.0693786361842261,j1_b_then_a,,,256,52,128,"joint(A,B); seed=23; train-class coverage checked"
credit,catboost,2,arithmetic,1.7562114800614823,0.7834841512236785,0.0403730088096649,0.5388301113410936,1.1912351807452397,0.0213495635672574,0.0693786361842261,j1_b_then_a,,,256,52,128,"joint(A,B); seed=23; train-class coverage checked"
credit,catboost,2,geometric,1.7561763656755736,0.7834163046770937,0.0470196874866824,0.5388457673882661,1.1916066557739176,0.0212868312653744,0.0693786361842261,j1_b_then_a,,,256,52,128,"joint(A,B); seed=23; train-class coverage checked"
credit,catboost,2,hard_core,1.767367340786866,0.7852854288454487,0.0497386319715367,0.5480783843344975,1.1946398185197131,1.785354497704436e-13,0.0693786361842261,j1_b_then_a,,,256,52,128,"joint(A,B); seed=23; train-class coverage checked"
credit,catboost,2,soft_core_lambda_1,1.7604954434833324,0.7840180704250135,0.0661848737494052,0.542778575538925,1.1921967840496643,0.0113623126001271,0.0693786361842261,j1_b_then_a,,,256,52,128,"joint(A,B); seed=23; train-class coverage checked"
credit,catboost,2,selective_core,1.756645149636383,0.7816960370891484,0.0462910177462858,0.5373561931840147,1.1962218973786167,0.0210817456159737,0.0693786361842261,j1_b_then_a,,,256,52,128,"joint(A,B); seed=23; train-class coverage checked"
credit,catboost,3,j1_b_then_a,1.6891596849279669,0.7524412970019048,0.0814852233472025,0.5309746833396198,1.1217257050103702,0.0168612115115904,0.0553787846655076,j2_a_then_b,,,256,52,128,"joint(A,B); seed=23; train-class coverage checked"
credit,catboost,3,j2_a_then_b,1.6947174516958847,0.7513080659311211,0.0958296724601199,0.5282987829290409,1.1297559107979152,0.0180804166615984,0.0553787846655076,j2_a_then_b,,,256,52,128,"joint(A,B); seed=23; train-class coverage checked"
credit,catboost,3,independent,1.7231465424863166,0.7640704979682518,0.0732117939956165,0.5649615408979695,1.158185001588347,2.8324781756183803e-17,0.0553787846655076,j2_a_then_b,,,256,52,128,"joint(A,B); seed=23; train-class coverage checked"
credit,catboost,3,arithmetic,1.6897527130781067,0.7511089568805591,0.0907145175099606,0.528222894403742,1.124849814543837,0.0174708140865944,0.0553787846655076,j2_a_then_b,,,256,52,128,"joint(A,B); seed=23; train-class coverage checked"
credit,catboost,3,geometric,1.6891722372822875,0.7510162514022458,0.0879953814894356,0.527992623177542,1.1241795278894406,0.0175717767886985,0.0553787846655076,j2_a_then_b,,,256,52,128,"joint(A,B); seed=23; train-class coverage checked"
credit,catboost,3,hard_core,1.6855827058561523,0.7519448261371444,0.0983243412756566,0.5273977042678054,1.1206211649587068,2.291742777537145e-13,0.0553787846655076,j2_a_then_b,,,256,52,128,"joint(A,B); seed=23; train-class coverage checked"
credit,catboost,3,soft_core_lambda_1,1.6868958064176494,0.7512950835950976,0.1074593148384828,0.5273797172602411,1.122189253794093,0.0091546040312305,0.0553787846655076,j2_a_then_b,,,256,52,128,"joint(A,B); seed=23; train-class coverage checked"
credit,catboost,3,selective_core,1.6947174516958847,0.7513080659311211,0.0958296724601199,0.5282987829290409,1.1297559107979152,0.0180804166615984,0.0553787846655076,j2_a_then_b,,,256,52,128,"joint(A,B); seed=23; train-class coverage checked"
credit,catboost,4,j1_b_then_a,1.7293023012818136,0.7689316252599784,0.061249343342227,0.5044617739367152,1.1743946675805477,0.0164997852320746,0.0703372316544579,j2_a_then_b,,,256,52,128,"joint(A,B); seed=23; train-class coverage checked"
credit,catboost,4,j2_a_then_b,1.7114549831168355,0.7644911172488353,0.0871980445533753,0.5032774690430953,1.1608046351602752,0.0227074309993626,0.0703372316544579,j2_a_then_b,,,256,52,128,"joint(A,B); seed=23; train-class coverage checked"
credit,catboost,4,independent,1.7754908753016587,0.7833239664140761,0.1022386822943664,0.5506503479565601,1.2248405273450984,2.495020249432267e-17,0.0703372316544579,j2_a_then_b,,,256,52,128,"joint(A,B); seed=23; train-class coverage checked"
credit,catboost,4,arithmetic,1.7171543070078563,0.7655433819558359,0.1035279311101158,0.5024465691414262,1.165146394747992,0.0196036081157186,0.0703372316544579,j2_a_then_b,,,256,52,128,"joint(A,B); seed=23; train-class coverage checked"
credit,catboost,4,geometric,1.7161227121123308,0.7653175811014044,0.1051000131894684,0.5013577884429927,1.1646116534068969,0.019546562422728,0.0703372316544579,j2_a_then_b,,,256,52,128,"joint(A,B); seed=23; train-class coverage checked"
credit,catboost,4,hard_core,1.7261013567396624,0.7684855455288759,0.0838675169096467,0.501260829394564,1.1754510087838952,2.8320144081390997e-13,0.0703372316544579,j2_a_then_b,,,256,52,128,"joint(A,B); seed=23; train-class coverage checked"
credit,catboost,4,soft_core_lambda_1,1.7201144916014344,0.7667180805514329,0.0717967966092638,0.5010411058746754,1.1690545047959149,0.0104902318181229,0.0703372316544579,j2_a_then_b,,,256,52,128,"joint(A,B); seed=23; train-class coverage checked"
credit,catboost,4,selective_core,1.7114549831168355,0.7644911172488353,0.0871980445533753,0.5032774690430953,1.1608046351602752,0.0227074309993626,0.0703372316544579,j2_a_then_b,,,256,52,128,"joint(A,B); seed=23; train-class coverage checked"
credit,catboost,5,j1_b_then_a,1.758621076660862,0.7871069591038065,0.1074768278656962,0.5279533160091122,1.1987630076362223,0.0229327043817304,0.07319504164526,geometric,0.75,,256,52,128,"joint(A,B); seed=23; train-class coverage checked"
credit,catboost,5,j2_a_then_b,1.7709220955601317,0.7823542406146804,0.1560997155025968,0.546711640543865,1.199217236747833,0.0243968323865549,0.07319504164526,geometric,0.75,,256,52,128,"joint(A,B); seed=23; train-class coverage checked"
credit,catboost,5,independent,1.8023726194640484,0.7977142675009881,0.0478076162217544,0.5717048588122984,1.23066776065175,2.648163806295845e-17,0.07319504164526,geometric,0.75,,256,52,128,"joint(A,B); seed=23; train-class coverage checked"
credit,catboost,5,arithmetic,1.7617545841985949,0.7833222707930442,0.1263959252866,0.5360856531404602,1.197644643250007,0.0236647683841426,0.07319504164526,geometric,0.75,,256,52,128,"joint(A,B); seed=23; train-class coverage checked"
credit,catboost,5,geometric,1.7601027967434968,0.7828084865403295,0.1336980386079679,0.5345647262941429,1.1965750277066205,0.0240709320317077,0.07319504164526,geometric,0.75,,256,52,128,"joint(A,B); seed=23; train-class coverage checked"
credit,catboost,5,hard_core,1.7755689262419443,0.7886413313426428,0.0888401776202852,0.5449011655901946,1.20386406742933,2.2534529580883763e-13,0.07319504164526,geometric,0.75,,256,52,128,"joint(A,B); seed=23; train-class coverage checked"
credit,catboost,5,soft_core_lambda_1,1.766163263119545,0.7852364367611491,0.0871181702323122,0.5389226358158936,1.1991862759352827,0.0123456081485633,0.07319504164526,geometric,0.75,,256,52,128,"joint(A,B); seed=23; train-class coverage checked"
credit,catboost,5,selective_core,1.7582276984656569,0.7844927584088764,0.1281367442791426,0.5306057062518768,1.19707441799391,0.0236072164220956,0.07319504164526,geometric,0.75,,256,52,128,"joint(A,B); seed=23; train-class coverage checked"
mic,tabiclv2,1,j1_b_then_a,1.1822697955843342,0.5056855816259929,0.0853933812756708,0.6869913920827828,0.494001555441125,0.0171543763872729,0.0584767449218227,soft,1.0,1.0,256,52,128,"joint(A,B); seed=23; train-class coverage checked"
mic,tabiclv2,1,j2_a_then_b,1.1979947970211449,0.5055110164351337,0.102509837510955,0.709052821584307,0.4901328081942978,0.018674068675618,0.0584767449218227,soft,1.0,1.0,256,52,128,"joint(A,B); seed=23; train-class coverage checked"
mic,tabiclv2,1,independent,1.2031403923283983,0.5151318368594373,0.112303317805693,0.7078619888268471,0.4952784035015513,3.026596951305385e-17,0.0584767449218227,soft,1.0,1.0,256,52,128,"joint(A,B); seed=23; train-class coverage checked"
mic,tabiclv2,1,arithmetic,1.1849585529731113,0.5041465870680972,0.0791352706020231,0.6945833781274438,0.490058420081746,0.0179142225314454,0.0584767449218227,soft,1.0,1.0,256,52,128,"joint(A,B); seed=23; train-class coverage checked"
mic,tabiclv2,1,geometric,1.1858782405000348,0.5042854977290736,0.0785148551384633,0.6955707427327884,0.4902243085583346,0.0181171829110898,0.0584767449218227,soft,1.0,1.0,256,52,128,"joint(A,B); seed=23; train-class coverage checked"
mic,tabiclv2,1,hard_core,1.2031965336960015,0.5144585903937335,0.0994934450769139,0.7079181301944504,0.4953345448691284,7.524543706825403e-15,0.0584767449218227,soft,1.0,1.0,256,52,128,"joint(A,B); seed=23; train-class coverage checked"
mic,tabiclv2,1,soft_core_lambda_1,1.1934381225059425,0.5090073833689261,0.0726928775972987,0.7011580076288466,0.4922681845900116,0.0091123359995102,0.0584767449218227,soft,1.0,1.0,256,52,128,"joint(A,B); seed=23; train-class coverage checked"
mic,tabiclv2,1,selective_core,1.1897606366331763,0.5094064842309327,0.0891288084441473,0.694618454307229,0.4941310897447677,0.0086973987491878,0.0584767449218227,soft,1.0,1.0,256,52,128,"joint(A,B); seed=23; train-class coverage checked"
mic,tabiclv2,2,j1_b_then_a,1.0405639059399372,0.4465248464176434,0.1055070819064437,0.5688453817255288,0.4732723633778184,0.0175066896262056,0.0467085292975824,j1_b_then_a,,,256,52,128,"joint(A,B); seed=23; train-class coverage checked"
mic,tabiclv2,2,j2_a_then_b,1.014261256709951,0.4454100130107552,0.1216959783978377,0.532865184342218,0.4812568831859232,0.0099055202112472,0.0467085292975824,j1_b_then_a,,,256,52,128,"joint(A,B); seed=23; train-class coverage checked"
mic,tabiclv2,2,independent,1.004722897738436,0.4412235499252255,0.1161584142842848,0.5330043735240276,0.4717185242144084,3.561455905849113e-17,0.0467085292975824,j1_b_then_a,,,256,52,128,"joint(A,B); seed=23; train-class coverage checked"
mic,tabiclv2,2,arithmetic,1.0230406084639676,0.4451327287084614,0.1005453761448363,0.5472054440072263,0.476327753544844,0.0137061049187264,0.0467085292975824,j1_b_then_a,,,256,52,128,"joint(A,B); seed=23; train-class coverage checked"
mic,tabiclv2,2,geometric,1.0239138633709384,0.4451472634357458,0.0843841045991514,0.5479585049047342,0.476622621623864,0.0138252149257614,0.0467085292975824,j1_b_then_a,,,256,52,128,"joint(A,B); seed=23; train-class coverage checked"
mic,tabiclv2,2,hard_core,1.0052723832034662,0.440986878192073,0.1142680614561127,0.533553858989058,0.4722680096794635,7.734488922554939e-15,0.0467085292975824,j1_b_then_a,,,256,52,128,"joint(A,B); seed=23; train-class coverage checked"
mic,tabiclv2,2,soft_core_lambda_1,1.0137571734349495,0.4427929041236375,0.1366896158288686,0.5400379245406626,0.4743411469532608,0.0069271786977592,0.0467085292975824,j1_b_then_a,,,256,52,128,"joint(A,B); seed=23; train-class coverage checked"
mic,tabiclv2,2,selective_core,1.0405639059399372,0.4465248464176434,0.1055070819064437,0.5688453817255288,0.4732723633778184,0.0175066896262056,0.0467085292975824,j1_b_then_a,,,256,52,128,"joint(A,B); seed=23; train-class coverage checked"
mic,tabiclv2,3,j1_b_then_a,0.9799599820128888,0.4582538379213069,0.0809233072586509,0.4683600107830989,0.5143566041283224,0.0181668513862669,0.0463033919947538,mpr,1.0,,256,52,128,"joint(A,B); seed=23; train-class coverage checked"
mic,tabiclv2,3,j2_a_then_b,0.9636438081214675,0.4597193696571075,0.0869924094743609,0.4411628118677291,0.52256587412625,0.0082419363881606,0.0463033919947538,mpr,1.0,,256,52,128,"joint(A,B); seed=23; train-class coverage checked"
mic,tabiclv2,3,independent,0.9526779052250078,0.4525844234060099,0.077002891032368,0.4410779339952178,0.51159997122979,3.2968957526860725e-17,0.0463033919947538,mpr,1.0,,256,52,128,"joint(A,B); seed=23; train-class coverage checked"
mic,tabiclv2,3,arithmetic,0.9647989784843638,0.4577445472492043,0.1026553500677678,0.4483024190635792,0.5172196555132293,0.0132043938872138,0.0463033919947538,mpr,1.0,,256,52,128,"joint(A,B); seed=23; train-class coverage checked"
mic,tabiclv2,3,geometric,0.9673631065836024,0.4580068992398393,0.1067024788536413,0.4507413420886278,0.5179985794371051,0.013513397233933,0.0463033919947538,mpr,1.0,,256,52,128,"joint(A,B); seed=23; train-class coverage checked"
mic,tabiclv2,3,hard_core,0.9540883004274524,0.4534465741762941,0.0760007627387519,0.4424883291976625,0.5130103664312885,4.16380625028309e-13,0.0463033919947538,mpr,1.0,,256,52,128,"joint(A,B); seed=23; train-class coverage checked"
mic,tabiclv2,3,soft_core_lambda_1,0.9595558593819078,0.4554131802979054,0.0913918447625343,0.4455403740142475,0.5154095462057682,0.0068553695842442,0.0463033919947538,mpr,1.0,,256,52,128,"joint(A,B); seed=23; train-class coverage checked"
mic,tabiclv2,3,selective_core,0.9556363727926124,0.4540429990383887,0.073550348964678,0.4440364015628227,0.5145584387974993,5.2754776424851404e-14,0.0463033919947538,mpr,1.0,,256,52,128,"joint(A,B); seed=23; train-class coverage checked"
mic,tabiclv2,4,j1_b_then_a,0.868794173128228,0.4036144432382031,0.0821883053124968,0.3860282749694222,0.4826310838271867,0.0172020599007736,0.0480689793420884,j2_a_then_b,,,256,52,128,"joint(A,B); seed=23; train-class coverage checked"
mic,tabiclv2,4,j2_a_then_b,0.8680255755719222,0.403495366341816,0.1287149240102434,0.3840987026562776,0.4832817820720007,0.0124459913413162,0.0480689793420884,j2_a_then_b,,,256,52,128,"joint(A,B); seed=23; train-class coverage checked"
mic,tabiclv2,4,independent,0.867509691658727,0.4039988856753898,0.0886959944985015,0.3847437934999214,0.4827658981588056,3.1449909815078544e-17,0.0480689793420884,j2_a_then_b,,,256,52,128,"joint(A,B); seed=23; train-class coverage checked"
mic,tabiclv2,4,arithmetic,0.8652528588209684,0.4026966585412345,0.10034181511576,0.3827158766291242,0.4821946139610292,0.0148240256210449,0.0480689793420884,j2_a_then_b,,,256,52,128,"joint(A,B); seed=23; train-class coverage checked"
mic,tabiclv2,4,geometric,0.8648172967660873,0.4025770593848541,0.1003225291282405,0.382350165563993,0.48214262432325,0.0149073818840063,0.0480689793420884,j2_a_then_b,,,256,52,128,"joint(A,B); seed=23; train-class coverage checked"
mic,tabiclv2,4,hard_core,0.8672804404102596,0.4031651936073252,0.0870164243783662,0.3845145422514539,0.4825366469104882,2.8433114834917905e-14,0.0480689793420884,j2_a_then_b,,,256,52,128,"joint(A,B); seed=23; train-class coverage checked"
mic,tabiclv2,4,soft_core_lambda_1,0.8651528949016929,0.4025866376268527,0.0992993585543221,0.3827480750240083,0.4821405416243372,0.0074614678145682,0.0480689793420884,j2_a_then_b,,,256,52,128,"joint(A,B); seed=23; train-class coverage checked"
mic,tabiclv2,4,selective_core,0.8680255755719222,0.403495366341816,0.1287149240102434,0.3840987026562776,0.4832817820720007,0.0124459913413162,0.0480689793420884,j2_a_then_b,,,256,52,128,"joint(A,B); seed=23; train-class coverage checked"
mic,tabiclv2,5,j1_b_then_a,0.8951298919565983,0.3837490603349582,0.0978997335740572,0.4774439636514396,0.416666385924874,0.0130277313166655,0.0311536618808177,soft,0.0,10.0,256,52,128,"joint(A,B); seed=23; train-class coverage checked"
mic,tabiclv2,5,j2_a_then_b,0.904404404497524,0.3897184910628536,0.0747770922575776,0.479179611355118,0.4241119699086694,0.0057017503572664,0.0311536618808177,soft,0.0,10.0,256,52,128,"joint(A,B); seed=23; train-class coverage checked"
mic,tabiclv2,5,independent,0.8979783628940132,0.3847515994051457,0.0834462772860694,0.4802924345888546,0.4176859283051586,3.207798474546761e-17,0.0311536618808177,soft,0.0,10.0,256,52,128,"joint(A,B); seed=23; train-class coverage checked"
mic,tabiclv2,5,arithmetic,0.8983702976007366,0.3862989059895585,0.0759746625814596,0.4771251879354893,0.4200885446096936,0.0093647408369659,0.0311536618808177,soft,0.0,10.0,256,52,128,"joint(A,B); seed=23; train-class coverage checked"
mic,tabiclv2,5,geometric,0.8977050983589574,0.3862307005987446,0.0694390194110791,0.4765125320480883,0.4201615581249305,0.0091523720817734,0.0311536618808177,soft,0.0,10.0,256,52,128,"joint(A,B); seed=23; train-class coverage checked"
mic,tabiclv2,5,hard_core,0.8969531512098258,0.3848687248777747,0.0667808971794606,0.4792672229046671,0.4166607166209817,2.6178958250795413e-14,0.0311536618808177,soft,0.0,10.0,256,52,128,"joint(A,B); seed=23; train-class coverage checked"
mic,tabiclv2,5,soft_core_lambda_1,0.8968263332796675,0.3853978629865365,0.0770042985659349,0.4774502458972908,0.4183428128181757,0.0045283659731053,0.0311536618808177,soft,0.0,10.0,256,52,128,"joint(A,B); seed=23; train-class coverage checked"
mic,tabiclv2,5,selective_core,0.897452002221536,0.38527765522083,0.0666592183930092,0.4791575937278343,0.4171575598505719,0.0005201303577749,0.0311536618808177,soft,0.0,10.0,256,52,128,"joint(A,B); seed=23; train-class coverage checked"
mic,tabpfn3,1,j1_b_then_a,1.1531915496993903,0.4910254676900593,0.1326780621889518,0.6801745398607508,0.4718632602965258,0.0048737457150216,0.0169951689726734,j2_a_then_b,,,256,52,128,"joint(A,B); seed=23; train-class coverage checked"
mic,tabpfn3,1,j2_a_then_b,1.1655815388763933,0.4948299554156626,0.1289398143661386,0.6889994339126586,0.4762569356720765,0.0055298852743481,0.0169951689726734,j2_a_then_b,,,256,52,128,"joint(A,B); seed=23; train-class coverage checked"
mic,tabpfn3,1,independent,1.1623416130429562,0.4925953338893079,0.1307349565343887,0.6893246032043167,0.4730170098386396,3.4998871984955656e-17,0.0169951689726734,j2_a_then_b,,,256,52,128,"joint(A,B); seed=23; train-class coverage checked"
mic,tabpfn3,1,arithmetic,1.15883591575962,0.4928054753866747,0.1389346859725468,0.6842008538463287,0.4738529565448166,0.0052018154946849,0.0169951689726734,j2_a_then_b,,,256,52,128,"joint(A,B); seed=23; train-class coverage checked"
mic,tabpfn3,1,geometric,1.1590145535703842,0.492808509566581,0.138905670751011,0.6843606038175691,0.4738890653411254,0.0051853677954438,0.0169951689726734,j2_a_then_b,,,256,52,128,"joint(A,B); seed=23; train-class coverage checked"
mic,tabpfn3,1,hard_core,1.1615339780381229,0.492061526012536,0.1231814851601903,0.6885169681994832,0.4722093748334567,1.624056219020836e-13,0.0169951689726734,j2_a_then_b,,,256,52,128,"joint(A,B); seed=23; train-class coverage checked"
mic,tabpfn3,1,soft_core_lambda_1,1.1601982736818373,0.4924142440014876,0.1232459414927703,0.6863907492345966,0.4730209195409087,0.0025864603732871,0.0169951689726734,j2_a_then_b,,,256,52,128,"joint(A,B); seed=23; train-class coverage checked"
mic,tabpfn3,1,selective_core,1.1655815388763933,0.4948299554156626,0.1289398143661386,0.6889994339126586,0.4762569356720765,0.0055298852743481,0.0169951689726734,j2_a_then_b,,,256,52,128,"joint(A,B); seed=23; train-class coverage checked"
mic,tabpfn3,2,j1_b_then_a,1.0421388527056197,0.4586409290221857,0.0795381133987658,0.5389581785091822,0.5034731384667469,0.0037740247166907,0.0112458162152298,mpr,0.25,,256,52,128,"joint(A,B); seed=23; train-class coverage checked"
mic,tabpfn3,2,j2_a_then_b,1.03585061275206,0.4562965147840075,0.0562961604295191,0.5333392983113043,0.5025231533352301,0.0028998342842163,0.0112458162152298,mpr,0.25,,256,52,128,"joint(A,B); seed=23; train-class coverage checked"
mic,tabpfn3,2,independent,1.0365081336132675,0.4564381381581389,0.0612529143657763,0.5333274594168301,0.5031806741964377,3.176320612644423e-17,0.0112458162152298,mpr,0.25,,256,52,128,"joint(A,B); seed=23; train-class coverage checked"
mic,tabpfn3,2,arithmetic,1.0386878082757556,0.457411532108298,0.0642412202875821,0.5358928350891337,0.5028914415402697,0.0033369295004535,0.0112458162152298,mpr,0.25,,256,52,128,"joint(A,B); seed=23; train-class coverage checked"
mic,tabpfn3,2,geometric,1.038788764030184,0.457422237441591,0.0642790171534502,0.5359880465224063,0.5029383504785259,0.0033475105044406,0.0112458162152298,mpr,0.25,,256,52,128,"joint(A,B); seed=23; train-class coverage checked"
mic,tabpfn3,2,hard_core,1.036690637764809,0.4564951527868544,0.0586229730591673,0.5335099635683713,0.5033631783481831,8.848827754386187e-14,0.0112458162152298,mpr,0.25,,256,52,128,"joint(A,B); seed=23; train-class coverage checked"
mic,tabpfn3,2,soft_core_lambda_1,1.0376814784383,0.4569459502062071,0.0691118274638138,0.5347054924148842,0.5031357174474678,0.0016784446911216,0.0112458162152298,mpr,0.25,,256,52,128,"joint(A,B); seed=23; train-class coverage checked"
mic,tabpfn3,2,selective_core,1.0366442858070797,0.4563844662909726,0.0721674572684456,0.5334636116106419,0.5033168263906607,1.6882591125488624e-13,0.0112458162152298,mpr,0.25,,256,52,128,"joint(A,B); seed=23; train-class coverage checked"
mic,tabpfn3,3,j1_b_then_a,0.9708372481408234,0.4641187744966728,0.1278150476537273,0.4389215934956714,0.5352935622696732,0.004252461522748,0.0144466224201105,j1_b_then_a,,,256,52,128,"joint(A,B); seed=23; train-class coverage checked"
mic,tabpfn3,3,j2_a_then_b,0.9691066624830408,0.4641030663494797,0.1024700282705493,0.4342919259508686,0.535222816931745,0.0044048101806466,0.0144466224201105,j1_b_then_a,,,256,52,128,"joint(A,B); seed=23; train-class coverage checked"
mic,tabpfn3,3,independent,0.9657995001964474,0.4618794449541641,0.1199637665707145,0.4338838455512958,0.5319156546451518,3.412161054939622e-17,0.0144466224201105,j1_b_then_a,,,256,52,128,"joint(A,B); seed=23; train-class coverage checked"
mic,tabpfn3,3,arithmetic,0.9697085829147216,0.4640197381229053,0.11814335498066,0.43646256071607,0.535132165273599,0.0043286358516973,0.0144466224201105,j1_b_then_a,,,256,52,128,"joint(A,B); seed=23; train-class coverage checked"
mic,tabpfn3,3,geometric,0.969627365679968,0.4640501354177535,0.1182137278855894,0.4363689258999771,0.5351241182898255,0.004348380960271,0.0144466224201105,j1_b_then_a,,,256,52,128,"joint(A,B); seed=23; train-class coverage checked"
mic,tabpfn3,3,hard_core,0.9677253050324292,0.4626301115230011,0.1213065423874782,0.4358096503872776,0.5338414594812751,6.325534423971254e-14,0.0144466224201105,j1_b_then_a,,,256,52,128,"joint(A,B); seed=23; train-class coverage checked"
mic,tabpfn3,3,soft_core_lambda_1,0.968578873540386,0.4633130622592511,0.128288793181669,0.4360321345537924,0.5344405165208646,0.0021825967334524,0.0144466224201105,j1_b_then_a,,,256,52,128,"joint(A,B); seed=23; train-class coverage checked"
mic,tabpfn3,3,selective_core,0.9708372481408234,0.4641187744966728,0.1278150476537273,0.4389215934956714,0.5352935622696732,0.004252461522748,0.0144466224201105,j1_b_then_a,,,256,52,128,"joint(A,B); seed=23; train-class coverage checked"
mic,tabpfn3,4,j1_b_then_a,0.8760621042894219,0.4082204016804837,0.0918565937656825,0.3999462469610193,0.4741962031506291,0.0046616901138196,0.0165657477847622,j1_b_then_a,,,256,52,128,"joint(A,B); seed=23; train-class coverage checked"
mic,tabpfn3,4,j2_a_then_b,0.8672104146193729,0.4063022002523533,0.0772771497695501,0.3908045992357168,0.4740127049807784,0.0048090276734466,0.0165657477847622,j1_b_then_a,,,256,52,128,"joint(A,B); seed=23; train-class coverage checked"
mic,tabpfn3,4,independent,0.8693135669669967,0.40673370740312,0.097824608130389,0.3931977096385943,0.4761158573284024,3.396644470137107e-17,0.0165657477847622,j1_b_then_a,,,256,52,128,"joint(A,B); seed=23; train-class coverage checked"
mic,tabpfn3,4,arithmetic,0.8712522876231893,0.4071587535220648,0.0730014228920115,0.3951009508559483,0.4739893285944232,0.0047353588936331,0.0165657477847622,j1_b_then_a,,,256,52,128,"joint(A,B); seed=23; train-class coverage checked"
mic,tabpfn3,4,geometric,0.8712303804943045,0.4071510717743019,0.0730760263945763,0.3951203156151932,0.4739130817575676,0.0047349984981262,0.0165657477847622,j1_b_then_a,,,256,52,128,"joint(A,B); seed=23; train-class coverage checked"
mic,tabpfn3,4,hard_core,0.8671762243683431,0.4059939742865834,0.0816084785806985,0.3910603670399406,0.4739785147297446,1.0925778672020156e-14,0.0165657477847622,j1_b_then_a,,,256,52,128,"joint(A,B); seed=23; train-class coverage checked"
mic,tabpfn3,4,soft_core_lambda_1,0.8691087687988348,0.406544468952013,0.078935871636541,0.3930454631691754,0.4738967569039607,0.0023733319040887,0.0165657477847622,j1_b_then_a,,,256,52,128,"joint(A,B); seed=23; train-class coverage checked"
mic,tabpfn3,4,selective_core,0.8760621042894219,0.4082204016804837,0.0918565937656825,0.3999462469610193,0.4741962031506291,0.0046616901138196,0.0165657477847622,j1_b_then_a,,,256,52,128,"joint(A,B); seed=23; train-class coverage checked"
mic,tabpfn3,5,j1_b_then_a,0.8929509971468733,0.3853619015983669,0.0914657943012497,0.4742131733112595,0.4191033795445498,0.0052370097868753,0.0152494745964627,mpr,1.0,,256,52,128,"joint(A,B); seed=23; train-class coverage checked"
mic,tabpfn3,5,j2_a_then_b,0.8906435444563116,0.3850492469000577,0.0934885014217929,0.4687093881573406,0.4210252943997334,0.0040212745599346,0.0152494745964627,mpr,1.0,,256,52,128,"joint(A,B); seed=23; train-class coverage checked"
mic,tabpfn3,5,independent,0.8883560738921918,0.3837719959560824,0.0899491800424451,0.4696182500565781,0.4187378238356137,3.25271239657492e-17,0.0152494745964627,mpr,1.0,,256,52,128,"joint(A,B); seed=23; train-class coverage checked"
mic,tabpfn3,5,arithmetic,0.8914429763433563,0.3851050052185535,0.0946373411356495,0.4712554594751018,0.4200054503150977,0.0046291421734049,0.0152494745964627,mpr,1.0,,256,52,128,"joint(A,B); seed=23; train-class coverage checked"
mic,tabpfn3,5,geometric,0.891390218911896,0.3850754359174831,0.094649781430549,0.4711760247960456,0.4199513469392557,0.0046110294577026,0.0152494745964627,mpr,1.0,,256,52,128,"joint(A,B); seed=23; train-class coverage checked"
mic,tabpfn3,5,hard_core,0.8880741800061407,0.383780009058129,0.0836507063051015,0.4693363561705269,0.4184559299495599,6.266864316302771e-16,0.0152494745964627,mpr,1.0,,256,52,128,"joint(A,B); seed=23; train-class coverage checked"
mic,tabpfn3,5,soft_core_lambda_1,0.889638842379991,0.384398462829513,0.0766572457917409,0.4701866257287655,0.4191798761986435,0.0022994474032074,0.0152494745964627,mpr,1.0,,256,52,128,"joint(A,B); seed=23; train-class coverage checked"
mic,tabpfn3,5,selective_core,0.8887159685720588,0.383864518518851,0.0711784285219554,0.469978144736445,0.4190977185150553,1.2055596067462497e-13,0.0152494745964627,mpr,1.0,,256,52,128,"joint(A,B); seed=23; train-class coverage checked"
mic,catboost,1,j1_b_then_a,1.2150730383772386,0.511363084172484,0.1190763424603145,0.6890545393216185,0.5254219573161469,0.0136703198639856,0.045502704586593,j1_b_then_a,,,256,52,128,"joint(A,B); seed=23; train-class coverage checked"
mic,catboost,1,j2_a_then_b,1.2157172657697233,0.5127241064295156,0.1722759890606895,0.7068773524142983,0.5088399133554247,0.0163929583623079,0.045502704586593,j1_b_then_a,,,256,52,128,"joint(A,B); seed=23; train-class coverage checked"
mic,catboost,1,independent,1.2328958514699184,0.5177929879052512,0.1244698340743795,0.7068773524142982,0.5260184990556203,5.084061156009762e-17,0.045502704586593,j1_b_then_a,,,256,52,128,"joint(A,B); seed=23; train-class coverage checked"
mic,catboost,1,arithmetic,1.21366202555418,0.5113363994527749,0.1192211055637728,0.6970078620472822,0.5166051076193063,0.0150316391131468,0.045502704586593,j1_b_then_a,,,256,52,128,"joint(A,B); seed=23; train-class coverage checked"
mic,catboost,1,geometric,1.213170357440017,0.5109920588751179,0.1185269889210816,0.6967714547890027,0.51608751868617,0.0153853714791481,0.045502704586593,j1_b_then_a,,,256,52,128,"joint(A,B); seed=23; train-class coverage checked"
mic,catboost,1,hard_core,1.232533932781542,0.5176659873110552,0.1242868399455469,0.7065154337259218,0.5256565803672353,1.6973252772896352e-15,0.045502704586593,j1_b_then_a,,,256,52,128,"joint(A,B); seed=23; train-class coverage checked"
mic,catboost,1,soft_core_lambda_1,1.2222925427127322,0.514100144394346,0.1232356893390528,0.7013459133660312,0.5206102363313444,0.007777605969883,0.045502704586593,j1_b_then_a,,,256,52,128,"joint(A,B); seed=23; train-class coverage checked"
mic,catboost,1,selective_core,1.2150730383772386,0.511363084172484,0.1190763424603145,0.6890545393216185,0.5254219573161469,0.0136703198639856,0.045502704586593,j1_b_then_a,,,256,52,128,"joint(A,B); seed=23; train-class coverage checked"
mic,catboost,2,j1_b_then_a,1.1023469026742054,0.4816660958185049,0.0668292431334833,0.595890724133279,0.5062805055733979,0.0122587322934357,0.0396872217952473,mpr,0.5,,256,52,128,"joint(A,B); seed=23; train-class coverage checked"
mic,catboost,2,j2_a_then_b,1.1021139208541748,0.4863256603848691,0.0541354128557998,0.5949640048957567,0.5071499159584181,0.0112814360641745,0.0396872217952473,mpr,0.5,,256,52,128,"joint(A,B); seed=23; train-class coverage checked"
mic,catboost,2,independent,1.101420183436683,0.4847572512418416,0.0690445610260172,0.5949640048957567,0.5064561785409263,4.770150745757318e-17,0.0396872217952473,mpr,0.5,,256,52,128,"joint(A,B); seed=23; train-class coverage checked"
mic,catboost,2,arithmetic,1.0996299781875922,0.4831705662647701,0.0901267245693892,0.5935554364632545,0.5058337958961812,0.0117700841788051,0.0396872217952473,mpr,0.5,,256,52,128,"joint(A,B); seed=23; train-class coverage checked"
mic,catboost,2,geometric,1.0997805738304574,0.4831970406087769,0.0899567328777633,0.5935924458884926,0.5060390072456737,0.0116575792918167,0.0396872217952473,mpr,0.5,,256,52,128,"joint(A,B); seed=23; train-class coverage checked"
mic,catboost,2,hard_core,1.1012781789770172,0.4848067526516255,0.0672663085734891,0.594822000436091,0.5063141740813772,1.1460994269786324e-13,0.0396872217952473,mpr,0.5,,256,52,128,"joint(A,B); seed=23; train-class coverage checked"
mic,catboost,2,soft_core_lambda_1,1.0999228312493834,0.4838114889063332,0.0761256501284381,0.5937497654930202,0.5060281488977372,0.0057824749191472,0.0396872217952473,mpr,0.5,,256,52,128,"joint(A,B); seed=23; train-class coverage checked"
mic,catboost,2,selective_core,1.1012781789770172,0.4848067526516255,0.0672663085734891,0.594822000436091,0.5063141740813772,1.1460994269786324e-13,0.0396872217952473,mpr,0.5,,256,52,128,"joint(A,B); seed=23; train-class coverage checked"
mic,catboost,3,j1_b_then_a,1.0303114184148665,0.4773968285330994,0.0993535054584075,0.4822896650404082,0.5478014257199737,0.0099131403515705,0.0347718240957677,mpr,1.0,,256,52,128,"joint(A,B); seed=23; train-class coverage checked"
mic,catboost,3,j2_a_then_b,1.0294312487313122,0.477672622975084,0.0730974296912262,0.4891455861607257,0.5402856625705865,0.0116726305009849,0.0347718240957677,mpr,1.0,,256,52,128,"joint(A,B); seed=23; train-class coverage checked"
mic,catboost,3,independent,1.0371673395351837,0.48016027785015,0.0765369131309052,0.4891455861607256,0.5480217533744578,4.4985919828675885e-17,0.0347718240957677,mpr,1.0,,256,52,128,"joint(A,B); seed=23; train-class coverage checked"
mic,catboost,3,arithmetic,1.02884170259992,0.4769649776847766,0.0855009965158333,0.4852503033689178,0.543737562493492,0.0107928854262777,0.0347718240957677,mpr,1.0,,256,52,128,"joint(A,B); seed=23; train-class coverage checked"
mic,catboost,3,geometric,1.028239102936729,0.4768190889806583,0.0857533650506408,0.4846962898346679,0.5434513819871043,0.0108796748120682,0.0347718240957677,mpr,1.0,,256,52,128,"joint(A,B); seed=23; train-class coverage checked"
mic,catboost,3,hard_core,1.0370514899811325,0.4802205366791417,0.076333420765054,0.4890297366066745,0.5479059038201748,8.166770990752133e-14,0.0347718240957677,mpr,1.0,,256,52,128,"joint(A,B); seed=23; train-class coverage checked"
mic,catboost,3,soft_core_lambda_1,1.0322372542022524,0.4783576313753563,0.0877668686879613,0.486610677261282,0.5455225627174735,0.0054624151241828,0.0347718240957677,mpr,1.0,,256,52,128,"joint(A,B); seed=23; train-class coverage checked"
mic,catboost,3,selective_core,1.0369497529814675,0.480283080293356,0.0761273114690479,0.4889279996070098,0.5478041668205077,7.168020043084486e-14,0.0347718240957677,mpr,1.0,,256,52,128,"joint(A,B); seed=23; train-class coverage checked"
mic,catboost,4,j1_b_then_a,0.9624272751133413,0.4308096068388165,0.1253464604410121,0.460905955062465,0.5009155781730116,0.0112339475763412,0.0415654558579512,j1_b_then_a,,,256,52,128,"joint(A,B); seed=23; train-class coverage checked"
mic,catboost,4,j2_a_then_b,0.953609957852098,0.424085043738108,0.1410607131968667,0.4524424995561773,0.5011674582959207,0.0148681847687769,0.0415654558579512,j1_b_then_a,,,256,52,128,"joint(A,B); seed=23; train-class coverage checked"
mic,catboost,4,independent,0.9539638196070536,0.4278828834675275,0.1480621338411354,0.4524424995561773,0.5015213200508761,4.191796649372082e-17,0.0415654558579512,j1_b_then_a,,,256,52,128,"joint(A,B); seed=23; train-class coverage checked"
mic,catboost,4,arithmetic,0.9562767719465708,0.4266751022023238,0.1160429202604048,0.4558355915290535,0.5001360238316492,0.013051066172559,0.0415654558579512,j1_b_then_a,,,256,52,128,"joint(A,B); seed=23; train-class coverage checked"
mic,catboost,4,geometric,0.9559210423426788,0.4264028570315855,0.1155436034212464,0.455640951451101,0.5000131189258843,0.0132574957158269,0.0415654558579512,j1_b_then_a,,,256,52,128,"joint(A,B); seed=23; train-class coverage checked"
mic,catboost,4,hard_core,0.9536752691773176,0.4277897018997763,0.1477509739140682,0.4521539491264417,0.5012327696211674,9.479594301371741e-14,0.0415654558579512,j1_b_then_a,,,256,52,128,"joint(A,B); seed=23; train-class coverage checked"
mic,catboost,4,soft_core_lambda_1,0.954270379462452,0.4268291385349128,0.1364042381971702,0.4536453658069448,0.5003466849104173,0.0066793158766228,0.0415654558579512,j1_b_then_a,,,256,52,128,"joint(A,B); seed=23; train-class coverage checked"
mic,catboost,4,selective_core,0.9624272751133413,0.4308096068388165,0.1253464604410121,0.460905955062465,0.5009155781730116,0.0112339475763412,0.0415654558579512,j1_b_then_a,,,256,52,128,"joint(A,B); seed=23; train-class coverage checked"
mic,catboost,5,j1_b_then_a,0.975291864145856,0.4195921717999183,0.1024910286496575,0.525978834463009,0.4490930186121434,0.0147308284370431,0.0451754359636025,j2_a_then_b,,,256,52,128,"joint(A,B); seed=23; train-class coverage checked"
mic,catboost,5,j2_a_then_b,0.9849644334329976,0.4221022794283428,0.1161213766817907,0.5306505778501237,0.4543138555828738,0.0139814565556343,0.0451754359636025,j2_a_then_b,,,256,52,128,"joint(A,B); seed=23; train-class coverage checked"
mic,catboost,5,independent,0.9799636075329708,0.4183285290595507,0.126990607803952,0.5306505778501238,0.4493130296828468,4.535014399599524e-17,0.0451754359636025,j2_a_then_b,,,256,52,128,"joint(A,B); seed=23; train-class coverage checked"
mic,catboost,5,arithmetic,0.9750386351049533,0.4198643076825562,0.1392971236117653,0.5240626094544458,0.4502462307644447,0.0143561424963387,0.0451754359636025,j2_a_then_b,,,256,52,128,"joint(A,B); seed=23; train-class coverage checked"
mic,catboost,5,geometric,0.9769006801971716,0.4202567880672097,0.1360164297356407,0.5260999291459371,0.4506968199995281,0.014356682882645,0.0451754359636025,j2_a_then_b,,,256,52,128,"joint(A,B); seed=23; train-class coverage checked"
mic,catboost,5,hard_core,0.9798570795818644,0.4183323539072049,0.1165472315039101,0.5305440498990177,0.4492065017317411,2.9457942433020606e-16,0.0451754359636025,j2_a_then_b,,,256,52,128,"joint(A,B); seed=23; train-class coverage checked"
mic,catboost,5,soft_core_lambda_1,0.9775841998645474,0.4190622506440927,0.1248816285438872,0.5277816460004257,0.4496976038938279,0.0071836814278434,0.0451754359636025,j2_a_then_b,,,256,52,128,"joint(A,B); seed=23; train-class coverage checked"
mic,catboost,5,selective_core,0.9849644334329976,0.4221022794283428,0.1161213766817907,0.5306505778501237,0.4543138555828738,0.0139814565556343,0.0451754359636025,j2_a_then_b,,,256,52,128,"joint(A,B); seed=23; train-class coverage checked"
customer,tabiclv2,1,j1_b_then_a,1.2882160316584867,0.6061867455476484,0.0618883707122028,0.28114520814737,1.0063712420364863,0.0056887372286552,0.0475543569979633,geometric,0.75,,256,52,128,"joint(A,B); seed=23; train-class coverage checked"
customer,tabiclv2,1,j2_a_then_b,1.2618473465995883,0.5965874003669627,0.046327064978691,0.2687719598696416,0.9887262288011908,0.0215380084762591,0.0475543569979633,geometric,0.75,,256,52,128,"joint(A,B); seed=23; train-class coverage checked"
customer,tabiclv2,1,independent,1.2801919413095146,0.6053525302009912,0.054008434015738,0.2731211177983977,1.0070708235111168,1.6352818079691522e-17,0.0475543569979633,geometric,0.75,,256,52,128,"joint(A,B); seed=23; train-class coverage checked"
customer,tabiclv2,1,arithmetic,1.272786034933867,0.6006798415528127,0.0484802847580369,0.2744305002095432,0.9956102677840668,0.0136133728524571,0.0475543569979633,geometric,0.75,,256,52,128,"joint(A,B); seed=23; train-class coverage checked"
customer,tabiclv2,1,geometric,1.2726239582644745,0.6006447049831186,0.0477665558033964,0.2745850515978315,0.99541029441466,0.0137245646008844,0.0475543569979633,geometric,0.75,,256,52,128,"joint(A,B); seed=23; train-class coverage checked"
customer,tabiclv2,1,hard_core,1.2775354740641842,0.6045236160125254,0.0539896562348705,0.2704646505530673,1.0044143562657832,1.3171040457284414e-15,0.0475543569979633,geometric,0.75,,256,52,128,"joint(A,B); seed=23; train-class coverage checked"
customer,tabiclv2,1,soft_core_lambda_1,1.274487997130039,0.6023995535870368,0.039525770966234,0.2724716788063616,0.9993732154772044,0.0068956002131453,0.0475543569979633,geometric,0.75,,256,52,128,"joint(A,B); seed=23; train-class coverage checked"
customer,tabiclv2,1,selective_core,1.2798012646785633,0.6032307992195052,0.0619660033473865,0.2777718055591669,1.000340386286216,0.0097391074086619,0.0475543569979633,geometric,0.75,,256,52,128,"joint(A,B); seed=23; train-class coverage checked"
customer,tabiclv2,2,j1_b_then_a,1.4908791805131805,0.7012498331642321,0.109166612983995,0.4500457654697588,1.038604005417347,0.0064394450254578,0.0533339784079613,j2_a_then_b,,,256,52,128,"joint(A,B); seed=23; train-class coverage checked"
customer,tabiclv2,2,j2_a_then_b,1.4763513150830494,0.6941879618982189,0.0777490501522762,0.4518162453348008,1.0191503348101512,0.0238708173872459,0.0533339784079613,j2_a_then_b,,,256,52,128,"joint(A,B); seed=23; train-class coverage checked"
customer,tabiclv2,2,independent,1.4980343953163198,0.7020232085420058,0.1186365222261293,0.4572009802728982,1.0408334150434218,1.403787703484552e-17,0.0533339784079613,j2_a_then_b,,,256,52,128,"joint(A,B); seed=23; train-class coverage checked"
customer,tabiclv2,2,arithmetic,1.4809104154473047,0.6967671287646016,0.1189937105449676,0.4503042948625632,1.0264944765205328,0.0151551312063518,0.0533339784079613,j2_a_then_b,,,256,52,128,"joint(A,B); seed=23; train-class coverage checked"
customer,tabiclv2,2,geometric,1.4806477157198938,0.6969044533929953,0.125544479370802,0.4504392570613188,1.026156734187056,0.0150338507580998,0.0533339784079613,j2_a_then_b,,,256,52,128,"joint(A,B); seed=23; train-class coverage checked"
customer,tabiclv2,2,hard_core,1.493820365167931,0.7015819562492481,0.118758793204399,0.4529869501245091,1.0366193848949976,1.2203213835488072e-14,0.0533339784079613,j2_a_then_b,,,256,52,128,"joint(A,B); seed=23; train-class coverage checked"
customer,tabiclv2,2,soft_core_lambda_1,1.4865626560332703,0.6990690549500764,0.0928965321804758,0.4516726994531118,1.030755218557165,0.0074818078367382,0.0533339784079613,j2_a_then_b,,,256,52,128,"joint(A,B); seed=23; train-class coverage checked"
customer,tabiclv2,2,selective_core,1.4763513150830494,0.6941879618982189,0.0777490501522762,0.4518162453348008,1.0191503348101512,0.0238708173872459,0.0533339784079613,j2_a_then_b,,,256,52,128,"joint(A,B); seed=23; train-class coverage checked"
customer,tabiclv2,3,j1_b_then_a,1.4819323906658872,0.679977379437535,0.0794157653149295,0.3255970281968425,1.1562191187702715,0.0059827606669403,0.0507438436960675,j1_b_then_a,,,256,52,128,"joint(A,B); seed=23; train-class coverage checked"
customer,tabiclv2,3,j2_a_then_b,1.4738513948235117,0.672401525733706,0.0990956001287181,0.3230619489828683,1.151793124633317,0.0215802403407772,0.0507438436960675,j1_b_then_a,,,256,52,128,"joint(A,B); seed=23; train-class coverage checked"
customer,tabiclv2,3,independent,1.478393632659239,0.6781532428231667,0.0848149459672396,0.3220582701901943,1.156335362469045,1.8859612087090624e-17,0.0507438436960675,j1_b_then_a,,,256,52,128,"joint(A,B); seed=23; train-class coverage checked"
customer,tabiclv2,3,arithmetic,1.47534729278168,0.6752180591239169,0.0650805746679129,0.3236148025083263,1.1518957774346392,0.0137815005038587,0.0507438436960675,j1_b_then_a,,,256,52,128,"joint(A,B); seed=23; train-class coverage checked"
customer,tabiclv2,3,geometric,1.4754561866826896,0.6752002034134768,0.0655368422726762,0.3235676911368575,1.151930529659448,0.0136830662594471,0.0507438436960675,j1_b_then_a,,,256,52,128,"joint(A,B); seed=23; train-class coverage checked"
customer,tabiclv2,3,hard_core,1.4786952332505423,0.6782621755159925,0.092837810527999,0.3223598707814977,1.1566369630604982,1.0559524209077885e-13,0.0507438436960675,j1_b_then_a,,,256,52,128,"joint(A,B); seed=23; train-class coverage checked"
customer,tabiclv2,3,soft_core_lambda_1,1.476473498650222,0.6765075279329589,0.0844091120721386,0.3228356496384704,1.1538081353067309,0.0068161031543986,0.0507438436960675,j1_b_then_a,,,256,52,128,"joint(A,B); seed=23; train-class coverage checked"
customer,tabiclv2,3,selective_core,1.4819323906658872,0.679977379437535,0.0794157653149295,0.3255970281968425,1.1562191187702715,0.0059827606669403,0.0507438436960675,j1_b_then_a,,,256,52,128,"joint(A,B); seed=23; train-class coverage checked"
customer,tabiclv2,4,j1_b_then_a,1.48679793794396,0.6695480697383145,0.0678286852001513,0.3579107481258882,1.122471840996508,0.0081945979818202,0.0460533807408141,j1_b_then_a,,,256,52,128,"joint(A,B); seed=23; train-class coverage checked"
customer,tabiclv2,4,j2_a_then_b,1.503152281987099,0.672064394068876,0.1426144799388155,0.3601729439514959,1.1344930736844765,0.0184720039479399,0.0460533807408141,j1_b_then_a,,,256,52,128,"joint(A,B); seed=23; train-class coverage checked"
customer,tabiclv2,4,independent,1.4975463981206945,0.6732830606259019,0.0764567452324495,0.3686592083026228,1.1288871898180717,1.737433981408021e-17,0.0460533807408141,j1_b_then_a,,,256,52,128,"joint(A,B); seed=23; train-class coverage checked"
customer,tabiclv2,4,arithmetic,1.4928390541362773,0.6700509765820313,0.0576794048481241,0.358433830900487,1.1271050840132562,0.01333330096488,0.0460533807408141,j1_b_then_a,,,256,52,128,"joint(A,B); seed=23; train-class coverage checked"
customer,tabiclv2,4,geometric,1.4927334694246157,0.6701961707059916,0.0579350080805122,0.3583739959893959,1.1269162208532628,0.0134143160758852,0.0460533807408141,j1_b_then_a,,,256,52,128,"joint(A,B); seed=23; train-class coverage checked"
customer,tabiclv2,4,hard_core,1.4900563290730393,0.6701865924311228,0.0742855961874927,0.3611691392549676,1.1213971207705775,6.53680787206538e-14,0.0460533807408141,j1_b_then_a,,,256,52,128,"joint(A,B); seed=23; train-class coverage checked"
customer,tabiclv2,4,soft_core_lambda_1,1.4909031913836963,0.6700565196942708,0.0725419933286924,0.3595131526104685,1.123916574814846,0.0067303532531856,0.0460533807408141,j1_b_then_a,,,256,52,128,"joint(A,B); seed=23; train-class coverage checked"
customer,tabiclv2,4,selective_core,1.48679793794396,0.6695480697383145,0.0678286852001513,0.3579107481258882,1.122471840996508,0.0081945979818202,0.0460533807408141,j1_b_then_a,,,256,52,128,"joint(A,B); seed=23; train-class coverage checked"
customer,tabiclv2,5,j1_b_then_a,1.4301276811628232,0.6635391310465522,0.1378195433546184,0.4125140236933732,1.0017454817729177,0.0090492501697864,0.0601038797906777,j1_b_then_a,,,256,52,128,"joint(A,B); seed=23; train-class coverage checked"
customer,tabiclv2,5,j2_a_then_b,1.41043156197607,0.6569502834085916,0.1241870520796962,0.4069606649097635,0.9848097971942056,0.0225829655708354,0.0601038797906777,j1_b_then_a,,,256,52,128,"joint(A,B); seed=23; train-class coverage checked"
customer,tabiclv2,5,independent,1.4432354222513144,0.6627051661643832,0.1257333380493676,0.4256217647818643,1.01761365746945,1.6014004900789802e-17,0.0601038797906777,j1_b_then_a,,,256,52,128,"joint(A,B); seed=23; train-class coverage checked"
customer,tabiclv2,5,arithmetic,1.4166434892174238,0.6592212862615954,0.0860139786998398,0.4075416081827284,0.991233977665982,0.0158161078703109,0.0601038797906777,j1_b_then_a,,,256,52,128,"joint(A,B); seed=23; train-class coverage checked"
customer,tabiclv2,5,geometric,1.4161962961445038,0.65920973674041,0.1048331218788171,0.4083128745843751,0.9897186461962372,0.0156758974551616,0.0601038797906777,j1_b_then_a,,,256,52,128,"joint(A,B); seed=23; train-class coverage checked"
customer,tabiclv2,5,hard_core,1.4264036661091897,0.6615751600268533,0.1455026502548561,0.4087900086397398,1.0007819013276522,7.773190186140255e-14,0.0601038797906777,j1_b_then_a,,,256,52,128,"joint(A,B); seed=23; train-class coverage checked"
customer,tabiclv2,5,soft_core_lambda_1,1.4201733979075897,0.6600677264058545,0.126142671845542,0.4081338647286379,0.9943829479318996,0.0080444734630014,0.0601038797906777,j1_b_then_a,,,256,52,128,"joint(A,B); seed=23; train-class coverage checked"
customer,tabiclv2,5,selective_core,1.4301276811628232,0.6635391310465522,0.1378195433546184,0.4125140236933732,1.0017454817729177,0.0090492501697864,0.0601038797906777,j1_b_then_a,,,256,52,128,"joint(A,B); seed=23; train-class coverage checked"
customer,tabpfn3,1,j1_b_then_a,1.3036396381846558,0.6175105430300223,0.0677802770603663,0.2766115179635244,1.0267498511144186,0.0016596312736528,0.0091220764054897,j1_b_then_a,,,256,52,128,"joint(A,B); seed=23; train-class coverage checked"
customer,tabpfn3,1,j2_a_then_b,1.308642677807665,0.619065461518538,0.1152406000170964,0.2776027870844865,1.0307039903544295,0.0035365804382368,0.0091220764054897,j1_b_then_a,,,256,52,128,"joint(A,B); seed=23; train-class coverage checked"
customer,tabpfn3,1,independent,1.3049668076743668,0.6180198568708978,0.0666955948477018,0.2779386874532352,1.027028120221131,2.0680309407213746e-17,0.0091220764054897,j1_b_then_a,,,256,52,128,"joint(A,B); seed=23; train-class coverage checked"
customer,tabpfn3,1,arithmetic,1.306062264019737,0.6182591282732086,0.0912689231744624,0.2770899320275233,1.0286642511020316,0.0025981058559447,0.0091220764054897,j1_b_then_a,,,256,52,128,"joint(A,B); seed=23; train-class coverage checked"
customer,tabpfn3,1,geometric,1.3060393555518726,0.6182518926079628,0.091253315001665,0.2770682690663663,1.028659788927841,0.0025943461963892,0.0091220764054897,j1_b_then_a,,,256,52,128,"joint(A,B); seed=23; train-class coverage checked"
customer,tabpfn3,1,hard_core,1.3046596685747995,0.6176189174702315,0.0829095127742989,0.2776315483536684,1.0267209811213378,3.308782229562363e-13,0.0091220764054897,j1_b_then_a,,,256,52,128,"joint(A,B); seed=23; train-class coverage checked"
customer,tabpfn3,1,soft_core_lambda_1,1.3053290697473283,0.6179279258262467,0.0909768924632325,0.277344996383734,1.0276748481871658,0.0012967741706,0.0091220764054897,j1_b_then_a,,,256,52,128,"joint(A,B); seed=23; train-class coverage checked"
customer,tabpfn3,1,selective_core,1.3036396381846558,0.6175105430300223,0.0677802770603663,0.2766115179635244,1.0267498511144186,0.0016596312736528,0.0091220764054897,j1_b_then_a,,,256,52,128,"joint(A,B); seed=23; train-class coverage checked"
customer,tabpfn3,2,j1_b_then_a,1.4856179310403046,0.7046831605550702,0.0914446255746254,0.4471340818829838,1.038440820128097,0.0032373899180454,0.0388905327887983,mpr,0.0,,256,52,128,"joint(A,B); seed=23; train-class coverage checked"
customer,tabpfn3,2,j2_a_then_b,1.476094238726116,0.698409984115702,0.0699839157222128,0.4442393804165113,1.0295706941712517,0.0182573214782605,0.0388905327887983,mpr,0.0,,256,52,128,"joint(A,B); seed=23; train-class coverage checked"
customer,tabpfn3,2,independent,1.4850073937121857,0.7042517162066801,0.0932345993616366,0.4465235445548646,1.0384838491573207,1.6929224000298074e-17,0.0388905327887983,mpr,0.0,,256,52,128,"joint(A,B); seed=23; train-class coverage checked"
customer,tabpfn3,2,arithmetic,1.4795758858462418,0.7008909024516751,0.0736806771801116,0.4455186489406789,1.0328345878684355,0.0107473556981529,0.0388905327887983,mpr,0.0,,256,52,128,"joint(A,B); seed=23; train-class coverage checked"
customer,tabpfn3,2,geometric,1.4796056615178206,0.7009391099422917,0.0739226860732181,0.4455563692294311,1.032781701340958,0.0106876431308299,0.0388905327887983,mpr,0.0,,256,52,128,"joint(A,B); seed=23; train-class coverage checked"
customer,tabpfn3,2,hard_core,1.4837632822728697,0.7041236456178885,0.0982352538440406,0.4452794331155489,1.037239737718005,1.2925167968520172e-15,0.0388905327887983,mpr,0.0,,256,52,128,"joint(A,B); seed=23; train-class coverage checked"
customer,tabpfn3,2,soft_core_lambda_1,1.4813790002071836,0.7023835990836813,0.0678303529167674,0.4453948153078716,1.0347289957295986,0.0053220393325497,0.0388905327887983,mpr,0.0,,256,52,128,"joint(A,B); seed=23; train-class coverage checked"
customer,tabpfn3,2,selective_core,1.4826525137466149,0.7040588508273982,0.0890057453162227,0.4441686645892941,1.036128969191726,1.1763571972127568e-14,0.0388905327887983,mpr,0.0,,256,52,128,"joint(A,B); seed=23; train-class coverage checked"
customer,tabpfn3,3,j1_b_then_a,1.4519234018190774,0.6650171425924671,0.0675612229907929,0.3133182923781408,1.137833644538406,0.0013249982286629,0.0117138808094539,j1_b_then_a,,,256,52,128,"joint(A,B); seed=23; train-class coverage checked"
customer,tabpfn3,3,j2_a_then_b,1.4596938867929934,0.6680493237981826,0.0734386060219621,0.3133364297954679,1.146502128130689,0.0046962835695655,0.0117138808094539,j1_b_then_a,,,256,52,128,"joint(A,B); seed=23; train-class coverage checked"
customer,tabpfn3,3,independent,1.4517968681032407,0.6651333962328407,0.0574701186144762,0.3131917586623043,1.1386051094409366,1.8001567711522018e-17,0.0117138808094539,j1_b_then_a,,,256,52,128,"joint(A,B); seed=23; train-class coverage checked"
customer,tabpfn3,3,arithmetic,1.4555833845380506,0.6664789131663776,0.051942110602391,0.313205734477767,1.141982902083161,0.0030106408991142,0.0117138808094539,j1_b_then_a,,,256,52,128,"joint(A,B); seed=23; train-class coverage checked"
customer,tabpfn3,3,geometric,1.455655135285487,0.6664828623307294,0.0519129062359047,0.3132775915580305,1.1420285673878037,0.0030074629484822,0.0117138808094539,j1_b_then_a,,,256,52,128,"joint(A,B); seed=23; train-class coverage checked"
customer,tabpfn3,3,hard_core,1.4514472201880642,0.6650509958236513,0.0617195929975407,0.3128421107471278,1.1382554615254987,2.5077969282899693e-13,0.0117138808094539,j1_b_then_a,,,256,52,128,"joint(A,B); seed=23; train-class coverage checked"
customer,tabpfn3,3,soft_core_lambda_1,1.4535217733480923,0.6657570237293307,0.0514261373053506,0.3130554913712063,1.1401170628560244,0.0015027074953038,0.0117138808094539,j1_b_then_a,,,256,52,128,"joint(A,B); seed=23; train-class coverage checked"
customer,tabpfn3,3,selective_core,1.4519234018190774,0.6650171425924671,0.0675612229907929,0.3133182923781408,1.137833644538406,0.0013249982286629,0.0117138808094539,j1_b_then_a,,,256,52,128,"joint(A,B); seed=23; train-class coverage checked"
customer,tabpfn3,4,j1_b_then_a,1.4913839888391314,0.6762028254358478,0.0479470723353029,0.3645327114841671,1.121506202087723,0.0027004346251488,0.009890149813883,geometric,1.0,,256,52,128,"joint(A,B); seed=23; train-class coverage checked"
customer,tabpfn3,4,j2_a_then_b,1.4842940597969267,0.6753805417125558,0.0549675316377079,0.3583043376431656,1.1205137431994596,0.0030219886295196,0.009890149813883,geometric,1.0,,256,52,128,"joint(A,B); seed=23; train-class coverage checked"
customer,tabpfn3,4,independent,1.4906315939524315,0.6780771874625907,0.0590717376989561,0.3637803165974672,1.1268512773549642,1.90074193363865e-17,0.009890149813883,geometric,1.0,,256,52,128,"joint(A,B); seed=23; train-class coverage checked"
customer,tabpfn3,4,arithmetic,1.487608940771342,0.6757557416913814,0.0608183772549615,0.3612148449560086,1.1208982814715496,0.0028612116273342,0.009890149813883,geometric,1.0,,256,52,128,"joint(A,B); seed=23; train-class coverage checked"
customer,tabpfn3,4,geometric,1.487696158445439,0.6757636088097378,0.0608238402313876,0.3613167005083779,1.1209364831987916,0.0028676782434535,0.009890149813883,geometric,1.0,,256,52,128,"joint(A,B); seed=23; train-class coverage checked"
customer,tabpfn3,4,hard_core,1.4851993867652338,0.6754730174777028,0.0609020359530988,0.3583481094102695,1.1214190701677822,1.433864318782247e-14,0.009890149813883,geometric,1.0,,256,52,128,"joint(A,B); seed=23; train-class coverage checked"
customer,tabpfn3,4,soft_core_lambda_1,1.486418533612475,0.6756116962867993,0.0614765058736936,0.3598232797672149,1.1211581084752045,0.001450590082217,0.009890149813883,geometric,1.0,,256,52,128,"joint(A,B); seed=23; train-class coverage checked"
customer,tabpfn3,4,selective_core,1.4913839888391314,0.6762028254358478,0.0479470723353029,0.3645327114841671,1.1215062020877224,0.0027004346251488,0.009890149813883,geometric,1.0,,256,52,128,"joint(A,B); seed=23; train-class coverage checked"
customer,tabpfn3,5,j1_b_then_a,1.450794472556745,0.672858034479882,0.1289351216249839,0.4148842769181407,1.0137610609972652,0.0047905886720128,0.0244486871721058,soft,0.0,3.0,256,52,128,"joint(A,B); seed=23; train-class coverage checked"
customer,tabpfn3,5,j2_a_then_b,1.4466936499275969,0.6697877215195309,0.1173926495360656,0.4182051478726923,1.0059950026020958,0.0081058438131007,0.0244486871721058,soft,0.0,3.0,256,52,128,"joint(A,B); seed=23; train-class coverage checked"
customer,tabpfn3,5,independent,1.4766088429641049,0.6737655675258059,0.1017539949477591,0.4406986473255007,1.0359101956386043,1.615545940298127e-17,0.0244486871721058,soft,0.0,3.0,256,52,128,"joint(A,B); seed=23; train-class coverage checked"
customer,tabpfn3,5,arithmetic,1.4478263834341725,0.6711712802142114,0.1190572275495297,0.4158507984277032,1.0093850840193035,0.0064482162425567,0.0244486871721058,soft,0.0,3.0,256,52,128,"joint(A,B); seed=23; train-class coverage checked"
customer,tabpfn3,5,geometric,1.4477652651277335,0.6711922387704992,0.1115196731834351,0.4160623427825123,1.0089290639986277,0.0063856975325551,0.0244486871721058,soft,0.0,3.0,256,52,128,"joint(A,B); seed=23; train-class coverage checked"
customer,tabpfn3,5,hard_core,1.4542368702668047,0.6730394941366978,0.127442280861436,0.4183266746282007,1.013538222941095,4.243961918817731e-13,0.0244486871721058,soft,0.0,3.0,256,52,128,"joint(A,B); seed=23; train-class coverage checked"
customer,tabpfn3,5,soft_core_lambda_1,1.450761731191324,0.6720231336626805,0.103885519260982,0.4171075470710145,1.0110467148507256,0.0032929525265726,0.0244486871721058,soft,0.0,3.0,256,52,128,"joint(A,B); seed=23; train-class coverage checked"
customer,tabpfn3,5,selective_core,1.4521284921452582,0.6718503638667492,0.101967149493127,0.4182623049182119,1.01143704744033,0.0021207564764969,0.0244486871721058,soft,0.0,3.0,256,52,128,"joint(A,B); seed=23; train-class coverage checked"
customer,catboost,1,j1_b_then_a,1.3543183820308269,0.6363174632753663,0.0903113428622868,0.275871049775488,1.0797242859463616,0.0060637900885653,0.0452321066016439,j1_b_then_a,,,256,52,128,"joint(A,B); seed=23; train-class coverage checked"
customer,catboost,1,j2_a_then_b,1.328545303068474,0.6220645054735757,0.0782583480353995,0.2697244189485531,1.0585638355834386,0.0206707286603999,0.0452321066016439,j1_b_then_a,,,256,52,128,"joint(A,B); seed=23; train-class coverage checked"
customer,catboost,1,independent,1.348428799740374,0.6339712212264292,0.1059833973297379,0.2699814674850356,1.0784473322553385,2.86398780125624e-17,0.0452321066016439,j1_b_then_a,,,256,52,128,"joint(A,B); seed=23; train-class coverage checked"
customer,catboost,1,arithmetic,1.3397864525827323,0.6283806200364176,0.0904912831911519,0.272616210617984,1.067668365086063,0.0133672593744826,0.0452321066016439,j1_b_then_a,,,256,52,128,"joint(A,B); seed=23; train-class coverage checked"
customer,catboost,1,geometric,1.3394652587317486,0.6283153063819431,0.0903374406072319,0.2724208169505407,1.0674100828565116,0.013300190150919,0.0452321066016439,j1_b_then_a,,,256,52,128,"joint(A,B); seed=23; train-class coverage checked"
customer,catboost,1,hard_core,1.3488776669885978,0.633884142038528,0.1059369970141798,0.2704303347332593,1.078896199503562,3.259043967855646e-16,0.0452321066016439,j1_b_then_a,,,256,52,128,"joint(A,B); seed=23; train-class coverage checked"
customer,catboost,1,soft_core_lambda_1,1.3436769896262812,0.6308694168248368,0.0916933944019526,0.2713354758283187,1.0727490862274478,0.0066291899399551,0.0452321066016439,j1_b_then_a,,,256,52,128,"joint(A,B); seed=23; train-class coverage checked"
customer,catboost,1,selective_core,1.3543183820308269,0.6363174632753663,0.0903113428622868,0.275871049775488,1.0797242859463616,0.0060637900885653,0.0452321066016439,j1_b_then_a,,,256,52,128,"joint(A,B); seed=23; train-class coverage checked"
customer,catboost,2,j1_b_then_a,1.5221347018320546,0.6969723413930123,0.1014041017818329,0.446413999668976,1.0749315202431111,0.006114619159157,0.0512625225571048,mpr,1.0,,256,52,128,"joint(A,B); seed=23; train-class coverage checked"
customer,catboost,2,j2_a_then_b,1.5041778615953434,0.6894409506251369,0.0459274356818986,0.4414543137861634,1.0614176642552222,0.0239844599936897,0.0512625225571048,mpr,1.0,,256,52,128,"joint(A,B); seed=23; train-class coverage checked"
customer,catboost,2,independent,1.5184808995031993,0.6963980277250859,0.0827175019770636,0.442760197340121,1.0757207021630784,2.6911930800163627e-17,0.0512625225571048,mpr,1.0,,256,52,128,"joint(A,B); seed=23; train-class coverage checked"
customer,catboost,2,arithmetic,1.5105534777035627,0.6922248943063121,0.0793168779863665,0.4432841232176928,1.0660924039201904,0.0150495395764233,0.0512625225571048,mpr,1.0,,256,52,128,"joint(A,B); seed=23; train-class coverage checked"
customer,catboost,2,geometric,1.5108721299668304,0.6922775502071634,0.0793330126035342,0.4436094783780294,1.0661893824104336,0.0149787816672915,0.0512625225571048,mpr,1.0,,256,52,128,"joint(A,B); seed=23; train-class coverage checked"
customer,catboost,2,hard_core,1.517431152974761,0.6963898442714886,0.0826125847933076,0.4417104508116827,1.0746709556346417,6.596252136083919e-16,0.0512625225571048,mpr,1.0,,256,52,128,"joint(A,B); seed=23; train-class coverage checked"
customer,catboost,2,soft_core_lambda_1,1.5135885128201232,0.6941302078602616,0.1006026299009099,0.4425795117863124,1.0699481663074657,0.0074676909371344,0.0512625225571048,mpr,1.0,,256,52,128,"joint(A,B); seed=23; train-class coverage checked"
customer,catboost,2,selective_core,1.5175888492239211,0.6964305218953469,0.0897890186746503,0.4418681470608426,1.074828651883798,1.0036832205195106e-15,0.0512625225571048,mpr,1.0,,256,52,128,"joint(A,B); seed=23; train-class coverage checked"
customer,catboost,3,j1_b_then_a,1.4365215138199854,0.6695040977645139,0.0635139736441173,0.2885112589353656,1.1496861813565,0.0069906221547351,0.0511894741477709,soft,1.0,30.0,256,52,128,"joint(A,B); seed=23; train-class coverage checked"
customer,catboost,3,j2_a_then_b,1.4290688674649727,0.6672959355808871,0.0461047639539905,0.2846781702557882,1.1442442009765093,0.0224387533767062,0.0511894741477709,soft,1.0,30.0,256,52,128,"joint(A,B); seed=23; train-class coverage checked"
customer,catboost,3,independent,1.432834921373083,0.6703730213862471,0.0407300733072982,0.2848246664884633,1.1480102548846196,3.065581642702764e-17,0.0511894741477709,soft,1.0,30.0,256,52,128,"joint(A,B); seed=23; train-class coverage checked"
customer,catboost,3,arithmetic,1.4300397812585564,0.6675036795209062,0.0788224617597407,0.2856409678730319,1.1447924040692588,0.0147146877657206,0.0511894741477709,soft,1.0,30.0,256,52,128,"joint(A,B); seed=23; train-class coverage checked"
customer,catboost,3,geometric,1.430395058781735,0.6675252712649065,0.0791260017094372,0.2859770717009074,1.1450300950182704,0.0146652377975821,0.0511894741477709,soft,1.0,30.0,256,52,128,"joint(A,B); seed=23; train-class coverage checked"
customer,catboost,3,hard_core,1.4335160829200548,0.6700838159207072,0.0406424528734695,0.2855058280354352,1.1486914164327195,4.9252919451237e-13,0.0511894741477709,soft,1.0,30.0,256,52,128,"joint(A,B); seed=23; train-class coverage checked"
customer,catboost,3,soft_core_lambda_1,1.4313767914602642,0.6685965027280625,0.0472370714610621,0.2855949291288353,1.1464297502436294,0.007320893558309,0.0511894741477709,soft,1.0,30.0,256,52,128,"joint(A,B); seed=23; train-class coverage checked"
customer,catboost,3,selective_core,1.4344420754956149,0.6698236152178756,0.0362783128398232,0.2864293912221726,1.1496125937301915,0.0002367039210755,0.0511894741477709,soft,1.0,30.0,256,52,128,"joint(A,B); seed=23; train-class coverage checked"
customer,catboost,4,j1_b_then_a,1.5362222855764616,0.6995377421391731,0.1174493933326656,0.3696471950751573,1.158033055262908,0.0091426821123014,0.0501055922899517,geometric,0.5,,256,52,128,"joint(A,B); seed=23; train-class coverage checked"
customer,catboost,4,j2_a_then_b,1.5136420970057014,0.6917154284236926,0.0559996682587626,0.3587464234374763,1.1499798951583748,0.0210449617395437,0.0501055922899517,geometric,0.5,,256,52,128,"joint(A,B); seed=23; train-class coverage checked"
customer,catboost,4,independent,1.5302372923486305,0.6978422476941166,0.0952458896903935,0.3636622018473263,1.1665750905013044,2.3699981864175327e-17,0.0501055922899517,geometric,0.5,,256,52,128,"joint(A,B); seed=23; train-class coverage checked"
customer,catboost,4,arithmetic,1.522097607019287,0.6947175186088685,0.0755463250316926,0.3634561973818593,1.1520176576290222,0.0150938219259225,0.0501055922899517,geometric,0.5,,256,52,128,"joint(A,B); seed=23; train-class coverage checked"
customer,catboost,4,geometric,1.5225959231877773,0.6948848865535281,0.0760929859451519,0.363569937561644,1.1523339490253446,0.0149929924058509,0.0501055922899517,geometric,0.5,,256,52,128,"joint(A,B); seed=23; train-class coverage checked"
customer,catboost,4,hard_core,1.5234722524135949,0.6958450361315317,0.0972409902248647,0.3568971619122907,1.1598100505662623,4.377662783053987e-15,0.0501055922899517,geometric,0.5,,256,52,128,"joint(A,B); seed=23; train-class coverage checked"
customer,catboost,4,soft_core_lambda_1,1.522498014563746,0.6951524853047756,0.0937905100482438,0.3601103139021532,1.1556599389978557,0.0074763727800202,0.0501055922899517,geometric,0.5,,256,52,128,"joint(A,B); seed=23; train-class coverage checked"
customer,catboost,4,selective_core,1.5225959231877773,0.6948848865535281,0.0760929859451519,0.363569937561644,1.1523339490253446,0.0149929924058509,0.0501055922899517,geometric,0.5,,256,52,128,"joint(A,B); seed=23; train-class coverage checked"
customer,catboost,5,j1_b_then_a,1.464244594383096,0.6688168164746415,0.0508818234977842,0.4193082138955617,1.0298553265824009,0.0061948679792378,0.0522799102508863,soft,0.0,10.0,256,52,128,"joint(A,B); seed=23; train-class coverage checked"
customer,catboost,5,j2_a_then_b,1.5045682110825076,0.6803779502744426,0.0748420840440527,0.4324187728241699,1.0661940887564212,0.0228684688487398,0.0522799102508863,soft,0.0,10.0,256,52,128,"joint(A,B); seed=23; train-class coverage checked"
customer,catboost,5,independent,1.4833105028136209,0.6714196485291231,0.0553320868728526,0.4383741223260864,1.0449363804875342,2.639693476823302e-17,0.0522799102508863,soft,0.0,10.0,256,52,128,"joint(A,B); seed=23; train-class coverage checked"
customer,catboost,5,arithmetic,1.48225830681216,0.6736435733297471,0.1133819701589178,0.42546400574511,1.04602053018844,0.0145316684139888,0.0522799102508863,soft,0.0,10.0,256,52,128,"joint(A,B); seed=23; train-class coverage checked"
customer,catboost,5,geometric,1.481994260356808,0.6735141222350375,0.1127764551793042,0.4253084422003938,1.045982936805259,0.0146157063443398,0.0522799102508863,soft,0.0,10.0,256,52,128,"joint(A,B); seed=23; train-class coverage checked"
customer,catboost,5,hard_core,1.472623953301321,0.670982755362552,0.0411320826690405,0.4276875728137868,1.0342498309752703,4.9914235342608116e-14,0.0522799102508863,soft,0.0,10.0,256,52,128,"joint(A,B); seed=23; train-class coverage checked"
customer,catboost,5,soft_core_lambda_1,1.47678257686102,0.6719808015079974,0.0759756666512103,0.4264352307938608,1.0396545961733692,0.0073249364367057,0.0522799102508863,soft,0.0,10.0,256,52,128,"joint(A,B); seed=23; train-class coverage checked"
customer,catboost,5,selective_core,1.479217753701791,0.6717008485694905,0.0443106557064845,0.4323977387235489,1.040842689707908,0.0021104204380518,0.0522799102508863,soft,0.0,10.0,256,52,128,"joint(A,B); seed=23; train-class coverage checked"
marketing,tabiclv2,1,j1_b_then_a,1.846682051458487,0.7896713431341977,0.044188254379513035,0.38025193035067983,1.4592728118581382,0.010217855994943709,0.029299798191945028,j1_b_then_a,,,256,52,128,"joint(A,B); seed=23; train-class coverage checked"
marketing,tabiclv2,1,j2_a_then_b,1.8513717285919138,0.7894062966844557,0.03832997492845079,0.3857853672226101,1.4614760041957253,0.006004301978085746,0.029299798191945028,j1_b_then_a,,,256,52,128,"joint(A,B); seed=23; train-class coverage checked"
marketing,tabiclv2,1,independent,1.8563258455039953,0.7906185092521186,0.03204928696578272,0.3898957243961881,1.4664301211078072,1.7338764430295528e-17,0.029299798191945028,j1_b_then_a,,,256,52,128,"joint(A,B); seed=23; train-class coverage checked"
marketing,tabiclv2,1,arithmetic,1.8480358738630454,0.7893503983700676,0.053438148417802714,0.3821113815318326,1.459933693555064,0.008111078986514718,0.029299798191945028,j1_b_then_a,,,256,52,128,"joint(A,B); seed=23; train-class coverage checked"
marketing,tabiclv2,1,geometric,1.8478457915967765,0.7893753956264558,0.06298374590855745,0.3820474900132471,1.4597452815132668,0.008156062677419602,0.029299798191945028,j1_b_then_a,,,256,52,128,"joint(A,B); seed=23; train-class coverage checked"
marketing,tabiclv2,1,hard_core,1.8503564036661135,0.7895555045802696,0.052243702871784516,0.38392628255830663,1.4604606792737278,1.3905846485699931e-12,0.029299798191945028,j1_b_then_a,,,256,52,128,"joint(A,B); seed=23; train-class coverage checked"
marketing,tabiclv2,1,soft_core_lambda_1,1.8488629431939898,0.7894268932748528,0.03192822713526577,0.3827782991129841,1.460073831453058,0.004100593124000498,0.029299798191945028,j1_b_then_a,,,256,52,128,"joint(A,B); seed=23; train-class coverage checked"
marketing,tabiclv2,1,selective_core,1.846682051458487,0.7896713431341977,0.044188254379513035,0.38025193035067983,1.4592728118581382,0.010217855994943709,0.029299798191945028,j1_b_then_a,,,256,52,128,"joint(A,B); seed=23; train-class coverage checked"
marketing,tabiclv2,2,j1_b_then_a,1.816870429221999,0.7827084210889899,0.07519631150746482,0.3943298129003637,1.4093058024469935,0.010998830995624598,0.06706523664742964,j1_b_then_a,,,256,52,128,"joint(A,B); seed=23; train-class coverage checked"
marketing,tabiclv2,2,j2_a_then_b,1.8225817751935474,0.7841616608076087,0.06840213259449525,0.3867396985449945,1.427566858478798,0.025793037494248054,0.06706523664742964,j1_b_then_a,,,256,52,128,"joint(A,B); seed=23; train-class coverage checked"
marketing,tabiclv2,2,independent,1.8175555330363844,0.7874250910832041,0.07217542405784198,0.39501491671474936,1.4225406163216352,1.873742758444919e-17,0.06706523664742964,j1_b_then_a,,,256,52,128,"joint(A,B); seed=23; train-class coverage checked"
marketing,tabiclv2,2,arithmetic,1.8157526125526708,0.7823560371003683,0.05331809045384499,0.3881022159305809,1.4157443440255493,0.018395934244936313,0.06706523664742964,j1_b_then_a,,,256,52,128,"joint(A,B); seed=23; train-class coverage checked"
marketing,tabiclv2,2,geometric,1.8153015984002354,0.7822547268393574,0.05278751105880258,0.38846854327484803,1.4142684251814355,0.018183671474124655,0.06706523664742964,j1_b_then_a,,,256,52,128,"joint(A,B); seed=23; train-class coverage checked"
marketing,tabiclv2,2,hard_core,1.8063935261345039,0.7831118934272897,0.06168648225844056,0.3838529098128684,1.4113786094198746,5.251756934783537e-14,0.06706523664742964,j1_b_then_a,,,256,52,128,"joint(A,B); seed=23; train-class coverage checked"
marketing,tabiclv2,2,soft_core_lambda_1,1.8096653467796882,0.7823949530393799,0.06628512013851966,0.3855586842867394,1.4122354200654543,0.009129635383903285,0.06706523664742964,j1_b_then_a,,,256,52,128,"joint(A,B); seed=23; train-class coverage checked"
marketing,tabiclv2,2,selective_core,1.816870429221999,0.7827084210889899,0.07519631150746482,0.3943298129003637,1.4093058024469935,0.010998830995624598,0.06706523664742964,j1_b_then_a,,,256,52,128,"joint(A,B); seed=23; train-class coverage checked"
marketing,tabiclv2,3,j1_b_then_a,1.877599714405502,0.8017944420333629,0.09586813760417949,0.39307005568509906,1.4850292326463266,0.02087444581942234,0.04691829497530892,mpr,0.0,,256,52,128,"joint(A,B); seed=23; train-class coverage checked"
marketing,tabiclv2,3,j2_a_then_b,1.849459484916582,0.794759419495449,0.09790166557954622,0.36883922749117015,1.4810450417290346,0.007766942151838008,0.04691829497530892,mpr,0.0,,256,52,128,"joint(A,B); seed=23; train-class coverage checked"
marketing,tabiclv2,3,independent,1.8529441019079504,0.7962440478456091,0.09277203374292553,0.36841444318754746,1.4845296587204029,1.9012501534070025e-17,0.04691829497530892,mpr,0.0,,256,52,128,"joint(A,B); seed=23; train-class coverage checked"
marketing,tabiclv2,3,arithmetic,1.8615074186088338,0.7977951206797231,0.10852792446390637,0.37919766753001205,1.4826688555646665,0.014320693985630161,0.04691829497530892,mpr,0.0,,256,52,128,"joint(A,B); seed=23; train-class coverage checked"
marketing,tabiclv2,3,geometric,1.8610081689178233,0.7977475344048366,0.10870093597215362,0.3787396536865563,1.4827861867576995,0.013900682042153339,0.04691829497530892,mpr,0.0,,256,52,128,"joint(A,B); seed=23; train-class coverage checked"
marketing,tabiclv2,3,hard_core,1.8535105247506003,0.7964471843823205,0.10948046654398765,0.36898086603019703,1.485096081562929,3.442247771105213e-14,0.04691829497530892,mpr,0.0,,256,52,128,"joint(A,B); seed=23; train-class coverage checked"
marketing,tabiclv2,3,soft_core_lambda_1,1.8566575942642243,0.7969627213522373,0.11493679561629877,0.37333367966878894,1.483867469964429,0.006853409112604713,0.04691829497530892,mpr,0.0,,256,52,128,"joint(A,B); seed=23; train-class coverage checked"
marketing,tabiclv2,3,selective_core,1.8533285848095602,0.7963557609570797,0.08718987833171556,0.3687989260891572,1.4849141416217622,6.91130227151854e-14,0.04691829497530892,mpr,0.0,,256,52,128,"joint(A,B); seed=23; train-class coverage checked"
marketing,tabiclv2,4,j1_b_then_a,1.6511845506252742,0.747394462033117,0.03254696643069255,0.2820525945862796,1.3612149138634362,0.011324121861448946,0.05424227488112518,j1_b_then_a,,,256,52,128,"joint(A,B); seed=23; train-class coverage checked"
marketing,tabiclv2,4,j2_a_then_b,1.650177565353599,0.7472207627637144,0.04879386829633271,0.27932091225792144,1.363748455736185,0.019542066636356333,0.05424227488112518,j1_b_then_a,,,256,52,128,"joint(A,B); seed=23; train-class coverage checked"
marketing,tabiclv2,4,independent,1.6555610656564088,0.7501536088072367,0.06418732676077815,0.28642910961741386,1.3691319560389945,1.6769558289740638e-17,0.05424227488112518,j1_b_then_a,,,256,52,128,"joint(A,B); seed=23; train-class coverage checked"
marketing,tabiclv2,4,arithmetic,1.6480396817832523,0.7465866188470414,0.028898694871559067,0.27941602490085227,1.3608371741076601,0.015433094248902629,0.05424227488112518,j1_b_then_a,,,256,52,128,"joint(A,B); seed=23; train-class coverage checked"
marketing,tabiclv2,4,geometric,1.6473525158568523,0.7464773938099971,0.016134575975816443,0.27913058878970587,1.3603099901009696,0.01566893163541159,0.05424227488112518,j1_b_then_a,,,256,52,128,"joint(A,B); seed=23; train-class coverage checked"
marketing,tabiclv2,4,hard_core,1.647049820571067,0.7467570741444036,0.02393687019052921,0.27791786453207246,1.3606207109531074,2.209740865698087e-13,0.05424227488112518,j1_b_then_a,,,256,52,128,"joint(A,B); seed=23; train-class coverage checked"
marketing,tabiclv2,4,soft_core_lambda_1,1.6466634904802415,0.7465140420559423,0.03682351751719924,0.2782759673046473,1.360192771711935,0.008056049957528434,0.05424227488112518,j1_b_then_a,,,256,52,128,"joint(A,B); seed=23; train-class coverage checked"
marketing,tabiclv2,4,selective_core,1.6511845506252742,0.747394462033117,0.03254696643069255,0.2820525945862796,1.3612149138634362,0.011324121861448946,0.05424227488112518,j1_b_then_a,,,256,52,128,"joint(A,B); seed=23; train-class coverage checked"
marketing,tabiclv2,5,j1_b_then_a,1.7580627601254761,0.7780639673244778,0.08573261968862218,0.2978977353699407,1.4522129835294206,0.012886122072372348,0.05214270203650691,j2_a_then_b,,,256,52,128,"joint(A,B); seed=23; train-class coverage checked"
marketing,tabiclv2,5,j2_a_then_b,1.7617248688794975,0.7796061693820363,0.12884058171749593,0.3081314750714728,1.4486819165271394,0.019623168813375034,0.05214270203650691,j2_a_then_b,,,256,52,128,"joint(A,B); seed=23; train-class coverage checked"
marketing,tabiclv2,5,independent,1.773207977107894,0.7825504930094048,0.05798270158844317,0.3130429523523581,1.4601650247555356,1.7514656115748804e-17,0.05214270203650691,j2_a_then_b,,,256,52,128,"joint(A,B); seed=23; train-class coverage checked"
marketing,tabiclv2,5,arithmetic,1.7569802997844797,0.778174342107304,0.07737300587240215,0.3017423130957188,1.4485145249761158,0.01625464544287368,0.05214270203650691,j2_a_then_b,,,256,52,128,"joint(A,B); seed=23; train-class coverage checked"
marketing,tabiclv2,5,geometric,1.757276218783705,0.7783161118219664,0.0824278114121569,0.3018561537551512,1.4489126071684861,0.016086712048438943,0.05214270203650691,j2_a_then_b,,,256,52,128,"joint(A,B); seed=23; train-class coverage checked"
marketing,tabiclv2,5,hard_core,1.7667228063125962,0.7809369222026636,0.08212831231638157,0.3065577815570604,1.4536798539602298,9.261460276834104e-15,0.05214270203650691,j2_a_then_b,,,256,52,128,"joint(A,B); seed=23; train-class coverage checked"
marketing,tabiclv2,5,soft_core_lambda_1,1.761386282093528,0.7794758804141457,0.08244175103907492,0.30393868942306584,1.4509462791722727,0.008033520190901172,0.05214270203650691,j2_a_then_b,,,256,52,128,"joint(A,B); seed=23; train-class coverage checked"
marketing,tabiclv2,5,selective_core,1.7617248688794975,0.7796061693820363,0.12884058171749593,0.3081314750714728,1.4486819165271394,0.019623168813375034,0.05214270203650691,j2_a_then_b,,,256,52,128,"joint(A,B); seed=23; train-class coverage checked"
marketing,tabpfn3,1,j1_b_then_a,1.8378644697559594,0.7871843586827338,0.06251309492656167,0.3917212267249106,1.4442358589287827,0.004987115223948213,0.015509802331600623,j1_b_then_a,,,256,52,128,"joint(A,B); seed=23; train-class coverage checked"
marketing,tabpfn3,1,j2_a_then_b,1.8347292877199584,0.7869937859243878,0.050283909433496206,0.38594563654435243,1.4417679671913288,0.0026538372131750345,0.015509802331600623,j1_b_then_a,,,256,52,128,"joint(A,B); seed=23; train-class coverage checked"
marketing,tabpfn3,1,independent,1.8391045635596786,0.7871259532997836,0.03904993627463394,0.39296132052862964,1.4461432430310488,1.8155304191448673e-17,0.015509802331600623,j1_b_then_a,,,256,52,128,"joint(A,B); seed=23; train-class coverage checked"
marketing,tabpfn3,1,arithmetic,1.8358843397309732,0.7867732191651914,0.05248332887559819,0.38870872212459534,1.4430296561476514,0.0038204762185616147,0.015509802331600623,j1_b_then_a,,,256,52,128,"joint(A,B); seed=23; train-class coverage checked"
marketing,tabpfn3,1,geometric,1.8354389968851403,0.7866860879016184,0.052242741360870114,0.3886037819455836,1.4426493700175014,0.0037422894836636883,0.015509802331600623,j1_b_then_a,,,256,52,128,"joint(A,B); seed=23; train-class coverage checked"
marketing,tabpfn3,1,hard_core,1.8362257815379925,0.7865751213548096,0.045053774941977286,0.39008253850694347,1.443264461010828,2.6035121256681552e-14,0.015509802331600623,j1_b_then_a,,,256,52,128,"joint(A,B); seed=23; train-class coverage checked"
marketing,tabpfn3,1,soft_core_lambda_1,1.8353766232439075,0.7865537232673765,0.0527993326318185,0.3890003704099803,1.442934625795591,0.0018603467784917918,0.015509802331600623,j1_b_then_a,,,256,52,128,"joint(A,B); seed=23; train-class coverage checked"
marketing,tabpfn3,1,selective_core,1.8378644697559594,0.7871843586827338,0.06251309492656167,0.3917212267249106,1.4442358589287827,0.004987115223948213,0.015509802331600623,j1_b_then_a,,,256,52,128,"joint(A,B); seed=23; train-class coverage checked"
marketing,tabpfn3,2,j1_b_then_a,1.7885226135068466,0.7727432820350171,0.09404474797222034,0.4148006461290434,1.3628662385780737,0.010600813830181705,0.03187120236075936,j1_b_then_a,,,256,52,128,"joint(A,B); seed=23; train-class coverage checked"
marketing,tabpfn3,2,j2_a_then_b,1.798208204134268,0.7767688275426765,0.09925953587646609,0.41746419309332033,1.3751875172425072,0.0056377683400714385,0.03187120236075936,j1_b_then_a,,,256,52,128,"joint(A,B); seed=23; train-class coverage checked"
marketing,tabpfn3,2,independent,1.7967426542695641,0.7778082365668003,0.13519132828921107,0.423020686891761,1.373721967377803,1.6603592771638e-17,0.03187120236075936,j1_b_then_a,,,256,52,128,"joint(A,B); seed=23; train-class coverage checked"
marketing,tabpfn3,2,arithmetic,1.7912969892070814,0.7743882541217406,0.11407273552849317,0.4142161572756642,1.3681612311672762,0.008119291085126563,0.03187120236075936,j1_b_then_a,,,256,52,128,"joint(A,B); seed=23; train-class coverage checked"
marketing,tabpfn3,2,geometric,1.791614050776242,0.7742904689699084,0.10448934525311578,0.41472309310033806,1.3679896821803963,0.008068145391238369,0.03187120236075936,j1_b_then_a,,,256,52,128,"joint(A,B); seed=23; train-class coverage checked"
marketing,tabpfn3,2,hard_core,1.7878707569400198,0.7747168068525203,0.09608932784213586,0.41414878956221673,1.3648500700492652,9.374093664284962e-13,0.03187120236075936,j1_b_then_a,,,256,52,128,"joint(A,B); seed=23; train-class coverage checked"
marketing,tabpfn3,2,soft_core_lambda_1,1.7894479039298066,0.7744409842716353,0.10065093739152943,0.4141671338117747,1.3663941120592988,0.004038811236184188,0.03187120236075936,j1_b_then_a,,,256,52,128,"joint(A,B); seed=23; train-class coverage checked"
marketing,tabpfn3,2,selective_core,1.7885226135068466,0.7727432820350171,0.09404474797222034,0.4148006461290434,1.3628662385780737,0.010600813830181705,0.03187120236075936,j1_b_then_a,,,256,52,128,"joint(A,B); seed=23; train-class coverage checked"
marketing,tabpfn3,3,j1_b_then_a,1.7807419944795466,0.7783327531180195,0.09461275216239985,0.3363792655135691,1.452281907037182,0.016031015867327303,0.03552463870780288,mpr,0.0,,256,52,128,"joint(A,B); seed=23; train-class coverage checked"
marketing,tabpfn3,3,j2_a_then_b,1.7827721601453181,0.7791235834447132,0.07549496009759696,0.33940621853119846,1.4483896681787822,0.0018366405317148712,0.03552463870780288,mpr,0.0,,256,52,128,"joint(A,B); seed=23; train-class coverage checked"
marketing,tabpfn3,3,independent,1.7787452209325136,0.7775683867828986,0.07675512051618413,0.334382491966536,1.4443627289659777,1.6515448405564348e-17,0.03552463870780288,mpr,0.0,,256,52,128,"joint(A,B); seed=23; train-class coverage checked"
marketing,tabpfn3,3,arithmetic,1.7803578895277001,0.778390810642621,0.0749351992896518,0.3365083645993948,1.4501456728903728,0.008933828199521075,0.03552463870780288,mpr,0.0,,256,52,128,"joint(A,B); seed=23; train-class coverage checked"
marketing,tabpfn3,3,geometric,1.779960857982143,0.7784546002001268,0.07500625232922684,0.33623395820297197,1.4499826394037623,0.008815538889602034,0.03552463870780288,mpr,0.0,,256,52,128,"joint(A,B); seed=23; train-class coverage checked"
marketing,tabpfn3,3,hard_core,1.7870324063789726,0.7796058355626805,0.0688820813147704,0.3426696774129949,1.4526499144134957,9.743628192964652e-14,0.03552463870780288,mpr,0.0,,256,52,128,"joint(A,B); seed=23; train-class coverage checked"
marketing,tabpfn3,3,soft_core_lambda_1,1.7823998018794853,0.7789286520386157,0.07412437980721033,0.33842658826010646,1.4508238766542492,0.0044345160267100555,0.03552463870780288,mpr,0.0,,256,52,128,"joint(A,B); seed=23; train-class coverage checked"
marketing,tabpfn3,3,selective_core,1.7850939544791227,0.7792312189715362,0.07788946253220781,0.34073122551314516,1.4507114625131639,5.311633053256277e-14,0.03552463870780288,mpr,0.0,,256,52,128,"joint(A,B); seed=23; train-class coverage checked"
marketing,tabpfn3,4,j1_b_then_a,1.6853689001039602,0.7555637289042854,0.05583021953703403,0.31530933891849594,1.364255174384078,0.00665426016439088,0.023350881547109882,j1_b_then_a,,,256,52,128,"joint(A,B); seed=23; train-class coverage checked"
marketing,tabpfn3,4,j2_a_then_b,1.7032880128050545,0.7599780680341135,0.06568471428431345,0.3275112487147996,1.3732231489522104,0.004218791658511955,0.023350881547109882,j1_b_then_a,,,256,52,128,"joint(A,B); seed=23; train-class coverage checked"
marketing,tabpfn3,4,independent,1.7001244250383087,0.7589885369832896,0.078289436215046,0.33006486385284406,1.3700595611854645,1.7683506839828028e-17,0.023350881547109882,j1_b_then_a,,,256,52,128,"joint(A,B); seed=23; train-class coverage checked"
marketing,tabpfn3,4,arithmetic,1.6934929230684543,0.7572374457747957,0.06840229563170397,0.3208440597215577,1.3682225501719876,0.005436525911451405,0.023350881547109882,j1_b_then_a,,,256,52,128,"joint(A,B); seed=23; train-class coverage checked"
marketing,tabpfn3,4,geometric,1.6916181580477576,0.7567501303344573,0.06677169303079368,0.3208086467466157,1.3664568747096224,0.004662845344013712,0.023350881547109882,j1_b_then_a,,,256,52,128,"joint(A,B); seed=23; train-class coverage checked"
marketing,tabpfn3,4,hard_core,1.6956930765247908,0.7575480322913868,0.07597127017217539,0.32563351533932605,1.3656282126719377,4.4441049441003985e-15,0.023350881547109882,j1_b_then_a,,,256,52,128,"joint(A,B); seed=23; train-class coverage checked"
marketing,tabpfn3,4,soft_core_lambda_1,1.6934149326828085,0.7571181256653483,0.07116997648290549,0.3231106698612801,1.3659133282841867,0.0022885666743582478,0.023350881547109882,j1_b_then_a,,,256,52,128,"joint(A,B); seed=23; train-class coverage checked"
marketing,tabpfn3,4,selective_core,1.6853689001039602,0.7555637289042854,0.05583021953703403,0.31530933891849594,1.364255174384078,0.00665426016439088,0.023350881547109882,j1_b_then_a,,,256,52,128,"joint(A,B); seed=23; train-class coverage checked"
marketing,tabpfn3,5,j1_b_then_a,1.7296411804897613,0.7767612442612871,0.05861619880020465,0.2993179299357541,1.4268573143300045,0.006291447172352499,0.016124921877549502,geometric,0.75,,256,52,128,"joint(A,B); seed=23; train-class coverage checked"
marketing,tabpfn3,5,j2_a_then_b,1.7370669280318838,0.7780309142404299,0.0215358305893581,0.30641343549745126,1.4292956853827925,0.0013685922051418532,0.016124921877549502,geometric,0.75,,256,52,128,"joint(A,B); seed=23; train-class coverage checked"
marketing,tabpfn3,5,independent,1.7380944932030986,0.7786053136626063,0.02997865415460034,0.3077712426490915,1.430323250554007,1.6101523918320363e-17,0.016124921877549502,geometric,0.75,,256,52,128,"joint(A,B); seed=23; train-class coverage checked"
marketing,tabpfn3,5,arithmetic,1.7330680627118737,0.7773227569766978,0.054926948959851646,0.3025890367188911,1.4280094082019632,0.003830019688747165,0.016124921877549502,geometric,0.75,,256,52,128,"joint(A,B); seed=23; train-class coverage checked"
marketing,tabpfn3,5,geometric,1.7328821475531158,0.7773098493439459,0.054856043595551116,0.3024740120403846,1.4279174184478174,0.0038499015975065297,0.016124921877549502,geometric,0.75,,256,52,128,"joint(A,B); seed=23; train-class coverage checked"
marketing,tabpfn3,5,hard_core,1.7355942948929397,0.7779958472146262,0.025803540272460145,0.3052710443389327,1.427823052243842,3.0927898894506786e-15,0.016124921877549502,geometric,0.75,,256,52,128,"joint(A,B); seed=23; train-class coverage checked"
marketing,tabpfn3,5,soft_core_lambda_1,1.734160683596917,0.7776379762599612,0.03617340287472589,0.3037997866509801,1.4278654969056082,0.0019331009954918535,0.016124921877549502,geometric,0.75,,256,52,128,"joint(A,B); seed=23; train-class coverage checked"
marketing,tabpfn3,5,selective_core,1.7311430497420925,0.777014771148,0.05957113739757835,0.30079930119796305,1.42734885547078,0.005075614535054074,0.016124921877549502,geometric,0.75,,256,52,128,"joint(A,B); seed=23; train-class coverage checked"
marketing,catboost,1,j1_b_then_a,1.8115213313928507,0.7773132066182034,0.059136536553359265,0.36244442119165754,1.447369899329681,0.011685247862059558,0.05904777656601242,soft,1.0,3.0,256,52,128,"joint(A,B); seed=23; train-class coverage checked"
marketing,catboost,1,j2_a_then_b,1.815078855159141,0.7790020800262685,0.10017522743907634,0.356983364868799,1.453740710521184,0.024522443186698488,0.05904777656601242,soft,1.0,3.0,256,52,128,"joint(A,B); seed=23; train-class coverage checked"
marketing,catboost,1,independent,1.8104150548391504,0.7777345546926697,0.06436912079664803,0.36133814463795716,1.4490769102011933,4.2863255262856614e-17,0.05904777656601242,soft,1.0,3.0,256,52,128,"joint(A,B); seed=23; train-class coverage checked"
marketing,catboost,1,arithmetic,1.8106456428086064,0.7773532148499082,0.0652025186983317,0.358946472104821,1.4486672126329538,0.018103845524379006,0.05904777656601242,soft,1.0,3.0,256,52,128,"joint(A,B); seed=23; train-class coverage checked"
marketing,catboost,1,geometric,1.8104017526727816,0.7773504576308196,0.06508341835813482,0.3586732201379723,1.4485659898282184,0.018150670044685537,0.05904777656601242,soft,1.0,3.0,256,52,128,"joint(A,B); seed=23; train-class coverage checked"
marketing,catboost,1,hard_core,1.807159507429937,0.7771531594132055,0.0702825908765414,0.3580825972287437,1.4458213627920031,1.565058033257266e-14,0.05904777656601242,soft,1.0,3.0,256,52,128,"joint(A,B); seed=23; train-class coverage checked"
marketing,catboost,1,soft_core_lambda_1,1.8081258594069505,0.7770714326683429,0.05547538602882589,0.3581699749574918,1.4467441898171316,0.009110345036156164,0.05904777656601242,soft,1.0,3.0,256,52,128,"joint(A,B); seed=23; train-class coverage checked"
marketing,catboost,1,selective_core,1.8086305227061623,0.7772599474122266,0.0531875071215369,0.359498776518316,1.4471976851204758,0.003066638999215633,0.05904777656601242,soft,1.0,3.0,256,52,128,"joint(A,B); seed=23; train-class coverage checked"
marketing,catboost,2,j1_b_then_a,1.775733083297859,0.7753965231750165,0.04388768613358642,0.3370599494507762,1.4309463468374108,0.009653030736362674,0.06538015723486501,j1_b_then_a,,,256,52,128,"joint(A,B); seed=23; train-class coverage checked"
marketing,catboost,2,j2_a_then_b,1.791525953288105,0.7820868624629687,0.04378558891891815,0.33902471338342344,1.4498099839891,0.027803691579954073,0.06538015723486501,j1_b_then_a,,,256,52,128,"joint(A,B); seed=23; train-class coverage checked"
marketing,catboost,2,independent,1.7803891031460881,0.7771938584480589,0.038915599257393484,0.3417159692990053,1.4386731338470828,4.267690801446067e-17,0.06538015723486501,j1_b_then_a,,,256,52,128,"joint(A,B); seed=23; train-class coverage checked"
marketing,catboost,2,arithmetic,1.779338599329038,0.7776507015168667,0.0673414451355912,0.33738066498023056,1.4366713859521845,0.01872836115815835,0.06538015723486501,j1_b_then_a,,,256,52,128,"joint(A,B); seed=23; train-class coverage checked"
marketing,catboost,2,geometric,1.779731002458276,0.7778373012466597,0.06700913074991897,0.337123967870955,1.4371017259723065,0.018735960837649827,0.06538015723486501,j1_b_then_a,,,256,52,128,"joint(A,B); seed=23; train-class coverage checked"
marketing,catboost,2,hard_core,1.7747513594177076,0.7758713235740562,0.04179209368769061,0.3360782255706247,1.4330353901187285,5.661379500507095e-14,0.06538015723486501,j1_b_then_a,,,256,52,128,"joint(A,B); seed=23; train-class coverage checked"
marketing,catboost,2,soft_core_lambda_1,1.776405252619924,0.7766616264445962,0.013436305077371508,0.336433849734304,1.4344038019106429,0.009390126026013346,0.06538015723486501,j1_b_then_a,,,256,52,128,"joint(A,B); seed=23; train-class coverage checked"
marketing,catboost,2,selective_core,1.775733083297859,0.7753965231750165,0.04388768613358642,0.3370599494507762,1.4309463468374108,0.009653030736362674,0.06538015723486501,j1_b_then_a,,,256,52,128,"joint(A,B); seed=23; train-class coverage checked"
marketing,catboost,3,j1_b_then_a,1.792171801417417,0.7756777619312831,0.06951466930803926,0.2965716106217246,1.498007112812667,0.009503447033277258,0.058401979816494864,j2_a_then_b,,,256,52,128,"joint(A,B); seed=23; train-class coverage checked"
marketing,catboost,3,j2_a_then_b,1.8054552190158903,0.780659043451603,0.06980857139737384,0.2987707148686595,1.5053467108176273,0.026009863742772095,0.058401979816494864,j2_a_then_b,,,256,52,128,"joint(A,B); seed=23; train-class coverage checked"
marketing,catboost,3,independent,1.7957086989939557,0.7756167776703811,0.0928191422590085,0.30010850819826307,1.4956001907956926,4.181293440826128e-17,0.058401979816494864,j2_a_then_b,,,256,52,128,"joint(A,B); seed=23; train-class coverage checked"
marketing,catboost,3,arithmetic,1.795366185996054,0.7773006269018424,0.09101044727217913,0.2964333554154466,1.4989291779760272,0.01775665538802465,0.058401979816494864,j2_a_then_b,,,256,52,128,"joint(A,B); seed=23; train-class coverage checked"
marketing,catboost,3,geometric,1.7960136420154016,0.7775249530490707,0.09093704735131125,0.29691066347126976,1.4995190425382803,0.01767292730313728,0.058401979816494864,j2_a_then_b,,,256,52,128,"joint(A,B); seed=23; train-class coverage checked"
marketing,catboost,3,hard_core,1.7962721987542891,0.7758598927422112,0.09561641501857747,0.30067200795859633,1.49616369055585,7.197904720716332e-14,0.058401979816494864,j2_a_then_b,,,256,52,128,"joint(A,B); seed=23; train-class coverage checked"
marketing,catboost,3,soft_core_lambda_1,1.7954574521926665,0.776492500489582,0.07459590812995823,0.2986325451132802,1.4973136950555812,0.00882433610913901,0.058401979816494864,j2_a_then_b,,,256,52,128,"joint(A,B); seed=23; train-class coverage checked"
marketing,catboost,3,selective_core,1.8054552190158903,0.780659043451603,0.06980857139737384,0.2987707148686595,1.5053467108176273,0.026009863742772095,0.058401979816494864,j2_a_then_b,,,256,52,128,"joint(A,B); seed=23; train-class coverage checked"
marketing,catboost,4,j1_b_then_a,1.7003783499016274,0.7594281251703648,0.06478895852712326,0.2820130887883423,1.414718237300332,0.00869163460703458,0.05578157909359531,j2_a_then_b,,,256,52,128,"joint(A,B); seed=23; train-class coverage checked"
marketing,catboost,4,j2_a_then_b,1.6986494972889683,0.7566796603498931,0.035598904873567136,0.28705622121210284,1.4101358223183222,0.02428446408325438,0.05578157909359531,j2_a_then_b,,,256,52,128,"joint(A,B); seed=23; train-class coverage checked"
marketing,catboost,4,independent,1.7068789360839314,0.7616603190445961,0.08266144934753057,0.28851367497064623,1.4183652611132853,4.46725176381918e-17,0.05578157909359531,j2_a_then_b,,,256,52,128,"joint(A,B); seed=23; train-class coverage checked"
marketing,catboost,4,arithmetic,1.6972986612972139,0.7573362866130843,0.04661565417344614,0.28386481128941776,1.4108609214387078,0.016488049345144456,0.05578157909359531,j2_a_then_b,,,256,52,128,"joint(A,B); seed=23; train-class coverage checked"
marketing,catboost,4,geometric,1.6966733884548146,0.7572209244340742,0.04227029037132308,0.2837936387409738,1.410301081847905,0.01643983690539241,0.05578157909359531,j2_a_then_b,,,256,52,128,"joint(A,B); seed=23; train-class coverage checked"
marketing,catboost,4,hard_core,1.7041675101715987,0.7610216329547609,0.05776510226011089,0.2858022490583134,1.4156538352008041,7.017032354478259e-14,0.05578157909359531,j2_a_then_b,,,256,52,128,"joint(A,B); seed=23; train-class coverage checked"
marketing,catboost,4,soft_core_lambda_1,1.6998111408532568,0.7589393159231326,0.0436060950028235,0.2846921415173255,1.412472317109262,0.008230438135377634,0.05578157909359531,j2_a_then_b,,,256,52,128,"joint(A,B); seed=23; train-class coverage checked"
marketing,catboost,4,selective_core,1.6986494972889683,0.7566796603498931,0.035598904873567136,0.28705622121210284,1.4101358223183222,0.02428446408325438,0.05578157909359531,j2_a_then_b,,,256,52,128,"joint(A,B); seed=23; train-class coverage checked"
marketing,catboost,5,j1_b_then_a,1.822318879432399,0.798067661295082,0.06288470049050382,0.30874710434986397,1.5119822504434173,0.011442233076971332,0.06321962394475503,soft,0.0,30.0,256,52,128,"joint(A,B); seed=23; train-class coverage checked"
marketing,catboost,5,j2_a_then_b,1.8198252899146619,0.7965316466561607,0.06650679357690993,0.30421609128641586,1.513683922935808,0.026550642434015018,0.06321962394475503,soft,0.0,30.0,256,52,128,"joint(A,B); seed=23; train-class coverage checked"
marketing,catboost,5,independent,1.819713142061389,0.7977689395429121,0.06872438296207588,0.30614136697885397,1.513571775082535,4.339858008552133e-17,0.06321962394475503,soft,0.0,30.0,256,52,128,"joint(A,B); seed=23; train-class coverage checked"
marketing,catboost,5,arithmetic,1.8187748517229445,0.7964599911119437,0.07884702054801791,0.306096535743136,1.5111587145314331,0.018996437755493156,0.06321962394475503,soft,0.0,30.0,256,52,128,"joint(A,B); seed=23; train-class coverage checked"
marketing,catboost,5,geometric,1.8176068367029028,0.7962735802393355,0.08348786522666027,0.3055858721241481,1.5102684608426122,0.018859117887922626,0.06321962394475503,soft,0.0,30.0,256,52,128,"joint(A,B); seed=23; train-class coverage checked"
marketing,catboost,5,hard_core,1.8180546401371842,0.797444020008105,0.054653107398257544,0.304482865054649,1.511913273158291,1.2809127334658353e-13,0.06321962394475503,soft,0.0,30.0,256,52,128,"joint(A,B); seed=23; train-class coverage checked"
marketing,catboost,5,soft_core_lambda_1,1.8170328346904032,0.796637703058274,0.10186647068607307,0.3048108335554469,1.5105220271548208,0.00939138586115031,0.06321962394475503,soft,0.0,30.0,256,52,128,"joint(A,B); seed=23; train-class coverage checked"
marketing,catboost,5,selective_core,1.8175916964709655,0.7973119330978915,0.06871517899237613,0.3042408127950572,1.5114511293881554,0.0008465685363780786,0.06321962394475503,soft,0.0,30.0,256,52,128,"joint(A,B); seed=23; train-class coverage checked"
phishing,tabiclv2,1,j1_b_then_a,0.8303844555730493,0.3954630382007205,0.06247536587396099,0.37344285447038006,0.33030083391082776,0.02436699389186367,0.0751485382726921,geometric,0.25,,256,52,128,"joint(A,B); seed=23; train-class coverage checked"
phishing,tabiclv2,1,j2_a_then_b,0.8838493701885943,0.4199085221140413,0.0722675364792276,0.3900742401891397,0.3566352388465634,0.02842970195856588,0.0751485382726921,geometric,0.25,,256,52,128,"joint(A,B); seed=23; train-class coverage checked"
phishing,tabiclv2,1,independent,0.9841557324447,0.434727979970622,0.124788942209937,0.5272141313420309,0.45694160110266924,2.4935802934219348e-17,0.0751485382726921,geometric,0.25,,256,52,128,"joint(A,B); seed=23; train-class coverage checked"
phishing,tabiclv2,1,arithmetic,0.846516273964368,0.40450204816603874,0.09464951238679173,0.37549918684150674,0.33987662233818283,0.02639834792521476,0.0751485382726921,geometric,0.25,,256,52,128,"joint(A,B); seed=23; train-class coverage checked"
phishing,tabiclv2,1,geometric,0.8464616271781221,0.40438602814576385,0.08491286982540067,0.3779131633876245,0.33747296543407634,0.026757386314491483,0.0751485382726921,geometric,0.25,,256,52,128,"joint(A,B); seed=23; train-class coverage checked"
phishing,tabiclv2,1,hard_core,0.8590677194659563,0.41077192199835977,0.07326617858075989,0.40212611836328715,0.33185358812434507,1.7207702429443807e-13,0.0751485382726921,geometric,0.25,,256,52,128,"joint(A,B); seed=23; train-class coverage checked"
phishing,tabiclv2,1,soft_core_lambda_1,0.8454380215604246,0.4047834331181915,0.09987889148115553,0.3814519086119589,0.3326855844424097,0.017759081121984138,0.0751485382726921,geometric,0.25,,256,52,128,"joint(A,B); seed=23; train-class coverage checked"
phishing,tabiclv2,1,selective_core,0.862170225934479,0.4109822514253128,0.07073240323011587,0.38303717810705473,0.3456061363671824,0.027630756594316706,0.0751485382726921,geometric,0.25,,256,52,128,"joint(A,B); seed=23; train-class coverage checked"
phishing,tabiclv2,2,j1_b_then_a,0.9157719376326956,0.44714537738847604,0.12548676892828428,0.38476581286272826,0.4536682662100803,0.02447937478523475,0.07082513418408157,j1_b_then_a,,,256,52,128,"joint(A,B); seed=23; train-class coverage checked"
phishing,tabiclv2,2,j2_a_then_b,0.956827402440987,0.4721251531619236,0.09533350134705125,0.4143536382406482,0.47597387832308735,0.024995946287655044,0.07082513418408157,j1_b_then_a,,,256,52,128,"joint(A,B); seed=23; train-class coverage checked"
phishing,tabiclv2,2,independent,1.0118596488878668,0.4787868325222069,0.07982913955379918,0.48085352411789983,0.5310061247699672,2.9600731012104e-17,0.07082513418408157,j1_b_then_a,,,256,52,128,"joint(A,B); seed=23; train-class coverage checked"
phishing,tabiclv2,2,arithmetic,0.9267885493440692,0.45639843883215836,0.13353320824804388,0.39486460723411765,0.4584813429672032,0.024737660536444883,0.07082513418408157,j1_b_then_a,,,256,52,128,"joint(A,B); seed=23; train-class coverage checked"
phishing,tabiclv2,2,geometric,0.927330451035979,0.45667952155423575,0.12428105116602803,0.395065295473646,0.46182767514897766,0.025620867799710696,0.07082513418408157,j1_b_then_a,,,256,52,128,"joint(A,B); seed=23; train-class coverage checked"
phishing,tabiclv2,2,hard_core,0.9690719460002701,0.46265217872037456,0.11402990200736166,0.438065821230303,0.4882184218837835,5.822474558516594e-13,0.07082513418408157,j1_b_then_a,,,256,52,128,"joint(A,B); seed=23; train-class coverage checked"
phishing,tabiclv2,2,soft_core_lambda_1,0.932856941255122,0.45772088950625034,0.10174532098242532,0.40546949307852964,0.46058268219259857,0.018022827250903695,0.07082513418408157,j1_b_then_a,,,256,52,128,"joint(A,B); seed=23; train-class coverage checked"
phishing,tabiclv2,2,selective_core,0.9157719376326956,0.44714537738847604,0.12548676892828428,0.38476581286272826,0.4536682662100803,0.02447937478523475,0.07082513418408157,j1_b_then_a,,,256,52,128,"joint(A,B); seed=23; train-class coverage checked"
phishing,tabiclv2,3,j1_b_then_a,0.8366412118727342,0.3590399320159716,0.12879085189031858,0.3352119213215524,0.3712363219945524,0.018888767657994368,0.06306991490759403,arithmetic,,,256,52,128,"joint(A,B); seed=23; train-class coverage checked"
phishing,tabiclv2,3,j2_a_then_b,0.8437513108672294,0.3600796484155316,0.10029580836972056,0.358143881074425,0.3616705328615007,0.022378433966445833,0.06306991490759403,arithmetic,,,256,52,128,"joint(A,B); seed=23; train-class coverage checked"
phishing,tabiclv2,3,independent,0.9835100685569107,0.400820715599683,0.1251660545240452,0.4820807780057288,0.5014292905511819,2.9545885628769284e-17,0.06306991490759403,arithmetic,,,256,52,128,"joint(A,B); seed=23; train-class coverage checked"
phishing,tabiclv2,3,arithmetic,0.8351267995356177,0.35755876854093094,0.11763973108894014,0.3446645311113604,0.364140258608719,0.020633600812220078,0.06306991490759403,arithmetic,,,256,52,128,"joint(A,B); seed=23; train-class coverage checked"
phishing,tabiclv2,3,geometric,0.8336811702206277,0.35705413160847743,0.12623502791701466,0.34374510948564485,0.36251837331836323,0.020958659801435874,0.06306991490759403,arithmetic,,,256,52,128,"joint(A,B); seed=23; train-class coverage checked"
phishing,tabiclv2,3,hard_core,0.8659751058100149,0.36864167203654663,0.13806760392027784,0.3645458152588331,0.38389432780573757,1.8166286561238933e-13,0.06306991490759403,arithmetic,,,256,52,128,"joint(A,B); seed=23; train-class coverage checked"
phishing,tabiclv2,3,soft_core_lambda_1,0.8439310394865178,0.36110538174087314,0.11582467790357838,0.34966069012665335,0.3688017990634126,0.013443468590683013,0.06306991490759403,arithmetic,,,256,52,128,"joint(A,B); seed=23; train-class coverage checked"
phishing,tabiclv2,3,selective_core,0.8351267995356177,0.35755876854093094,0.11763973108894014,0.3446645311113604,0.364140258608719,0.020633600812220078,0.06306991490759403,arithmetic,,,256,52,128,"joint(A,B); seed=23; train-class coverage checked"
phishing,tabiclv2,4,j1_b_then_a,0.8424827723663814,0.3540083292960293,0.10888757237345842,0.35011582249600054,0.4035838259771335,0.01996016964551456,0.05572840745450401,j1_b_then_a,,,256,52,128,"joint(A,B); seed=23; train-class coverage checked"
phishing,tabiclv2,4,j2_a_then_b,0.8203586688212814,0.34684936805812144,0.08838446570857007,0.3572961766626999,0.38024570660113055,0.019603692795218466,0.05572840745450401,j1_b_then_a,,,256,52,128,"joint(A,B); seed=23; train-class coverage checked"
phishing,tabiclv2,4,independent,0.9324799120905317,0.3803462849287907,0.11005960766443726,0.44011296222015095,0.4923669498703808,2.7260590737077182e-17,0.05572840745450401,j1_b_then_a,,,256,52,128,"joint(A,B); seed=23; train-class coverage checked"
phishing,tabiclv2,4,arithmetic,0.8255219816010146,0.34836849684679566,0.12277448397041929,0.35082818372375824,0.38826401991854087,0.0197819312203665,0.05572840745450401,j1_b_then_a,,,256,52,128,"joint(A,B); seed=23; train-class coverage checked"
phishing,tabiclv2,4,geometric,0.8255649666906024,0.3478212928250225,0.10797191442726428,0.3510572266368459,0.38976432640449654,0.02015805915979549,0.05572840745450401,j1_b_then_a,,,256,52,128,"joint(A,B); seed=23; train-class coverage checked"
phishing,tabiclv2,4,hard_core,0.8631474628833502,0.3590095809119307,0.1454504067322382,0.3707805130129694,0.4230345006637858,2.0151650516791724e-13,0.05572840745450401,j1_b_then_a,,,256,52,128,"joint(A,B); seed=23; train-class coverage checked"
phishing,tabiclv2,4,soft_core_lambda_1,0.8351462755208579,0.3508429627981746,0.145025897351433,0.3552851498017843,0.39721133828054567,0.014647000501513225,0.05572840745450401,j1_b_then_a,,,256,52,128,"joint(A,B); seed=23; train-class coverage checked"
phishing,tabiclv2,4,selective_core,0.8424827723663814,0.3540083292960293,0.10888757237345842,0.35011582249600054,0.4035838259771335,0.01996016964551456,0.05572840745450401,j1_b_then_a,,,256,52,128,"joint(A,B); seed=23; train-class coverage checked"
phishing,tabiclv2,5,j1_b_then_a,0.7520711075321721,0.3400917071275986,0.09440120993536241,0.24270462356755815,0.33163648580226535,0.01738655647283477,0.05035381303922233,mpr,1.0,,256,52,128,"joint(A,B); seed=23; train-class coverage checked"
phishing,tabiclv2,5,j2_a_then_b,0.7411980511804805,0.34774108668703574,0.09319004504454548,0.24664287466963342,0.32461125630871346,0.016853212311293365,0.05035381303922233,mpr,1.0,,256,52,128,"joint(A,B); seed=23; train-class coverage checked"
phishing,tabiclv2,5,independent,0.925953278836381,0.37204439665602923,0.07365650441719485,0.4165867948717671,0.5093664839646139,2.5984217964683358e-17,0.05035381303922233,mpr,1.0,,256,52,128,"joint(A,B); seed=23; train-class coverage checked"
phishing,tabiclv2,5,arithmetic,0.7385854798019016,0.3421721319259212,0.06507078802222752,0.24155358991035084,0.3251553289918845,0.017119884392064043,0.05035381303922233,mpr,1.0,,256,52,128,"joint(A,B); seed=23; train-class coverage checked"
phishing,tabiclv2,5,geometric,0.741118245149178,0.3424749170168017,0.05539843276627945,0.24146582751150547,0.32381187114848825,0.017363863647222384,0.05035381303922233,mpr,1.0,,256,52,128,"joint(A,B); seed=23; train-class coverage checked"
phishing,tabiclv2,5,hard_core,0.7629906483130454,0.34810673839862954,0.06798579860604631,0.2536241643484313,0.3464038534405725,1.8372812278490624e-13,0.05035381303922233,mpr,1.0,,256,52,128,"joint(A,B); seed=23; train-class coverage checked"
phishing,tabiclv2,5,soft_core_lambda_1,0.7451668693024862,0.34453649135623376,0.0702272068381781,0.24383233622794487,0.32802782766836014,0.01111034592128668,0.05035381303922233,mpr,1.0,,256,52,128,"joint(A,B); seed=23; train-class coverage checked"
phishing,tabiclv2,5,selective_core,0.7689174700839687,0.34867934378608234,0.06186898507408501,0.25955098611935484,0.35233067521152933,1.6239825070373925e-13,0.05035381303922233,mpr,1.0,,256,52,128,"joint(A,B); seed=23; train-class coverage checked"
phishing,tabpfn3,1,j1_b_then_a,0.8013867181861009,0.38458892525822375,0.05282734579148554,0.3551523718865647,0.3243624636602114,0.02142374961194933,0.07181077895049827,geometric,0.75,,256,52,128,"joint(A,B); seed=23; train-class coverage checked"
phishing,tabpfn3,1,j2_a_then_b,0.8610127890076813,0.4177250113322531,0.06309147732105422,0.38301394335620176,0.3460098871945603,0.026491571817940485,0.07181077895049827,geometric,0.75,,256,52,128,"joint(A,B); seed=23; train-class coverage checked"
phishing,tabpfn3,1,independent,0.961237248112657,0.43210530660041446,0.09461126195875605,0.5150029018131208,0.4462343462995362,3.1953894418694853e-17,0.07181077895049827,geometric,0.75,,256,52,128,"joint(A,B); seed=23; train-class coverage checked"
phishing,tabpfn3,1,arithmetic,0.8233887249298831,0.3984904832423717,0.07304131282976202,0.36439590019226253,0.3325459977215127,0.023957660714944894,0.07181077895049827,geometric,0.75,,256,52,128,"joint(A,B); seed=23; train-class coverage checked"
phishing,tabpfn3,1,geometric,0.8220285611825904,0.39836099096170297,0.05083938853445936,0.3659124128835776,0.32997166937195566,0.024036821416439362,0.07181077895049827,geometric,0.75,,256,52,128,"joint(A,B); seed=23; train-class coverage checked"
phishing,tabpfn3,1,hard_core,0.8337443810763423,0.4071680636917908,0.0732128819666516,0.3875100347768061,0.31874147926179514,4.3634756376380117e-13,0.07181077895049827,geometric,0.75,,256,52,128,"joint(A,B); seed=23; train-class coverage checked"
phishing,tabpfn3,1,soft_core_lambda_1,0.8247885706819074,0.40059144801472774,0.07927939729145957,0.3719143176947851,0.32516549445928833,0.016093745108251557,0.07181077895049827,geometric,0.75,,256,52,128,"joint(A,B); seed=23; train-class coverage checked"
phishing,tabpfn3,1,selective_core,0.809445862237438,0.3908148928022823,0.06869620123933583,0.35971368104240664,0.32582991311979903,0.022797378584661063,0.07181077895049827,geometric,0.75,,256,52,128,"joint(A,B); seed=23; train-class coverage checked"
phishing,tabpfn3,2,j1_b_then_a,0.8901498833668967,0.43108215174661424,0.10759631902753836,0.3508553038674801,0.4393044105126893,0.028643085305638395,0.08293562688763002,j1_b_then_a,,,256,52,128,"joint(A,B); seed=23; train-class coverage checked"
phishing,tabpfn3,2,j2_a_then_b,0.9732503846311651,0.47596136997359895,0.08390863220728112,0.41246130066135367,0.48962447686959343,0.02721835100226533,0.08293562688763002,j1_b_then_a,,,256,52,128,"joint(A,B); seed=23; train-class coverage checked"
phishing,tabpfn3,2,independent,1.022920487260988,0.48200140635001637,0.077706658999445,0.4836259077615715,0.5392945794994165,2.3441795633940372e-17,0.08293562688763002,j1_b_then_a,,,256,52,128,"joint(A,B); seed=23; train-class coverage checked"
phishing,tabpfn3,2,arithmetic,0.9191263268331766,0.44930190898639616,0.08802662864741763,0.3740348565896232,0.4575075374491736,0.027930718153951838,0.08293562688763002,j1_b_then_a,,,256,52,128,"joint(A,B); seed=23; train-class coverage checked"
phishing,tabpfn3,2,geometric,0.9201260302293297,0.44998826555410826,0.08889637742472979,0.37489019786231315,0.45953354234395183,0.028570196322123438,0.08293562688763002,j1_b_then_a,,,256,52,128,"joint(A,B); seed=23; train-class coverage checked"
phishing,tabpfn3,2,hard_core,0.9489717535597639,0.45535656454543433,0.0694741275445091,0.4096771740603474,0.4653458457965661,1.8503130700881686e-13,0.08293562688763002,j1_b_then_a,,,256,52,128,"joint(A,B); seed=23; train-class coverage checked"
phishing,tabpfn3,2,soft_core_lambda_1,0.925515133980437,0.450783745764992,0.07138434740923481,0.3864931545863972,0.45494107863857225,0.018607305076811624,0.08293562688763002,j1_b_then_a,,,256,52,128,"joint(A,B); seed=23; train-class coverage checked"
phishing,tabpfn3,2,selective_core,0.8901498833668967,0.43108215174661424,0.10759631902753836,0.3508553038674801,0.4393044105126893,0.028643085305638395,0.08293562688763002,j1_b_then_a,,,256,52,128,"joint(A,B); seed=23; train-class coverage checked"
phishing,tabpfn3,3,j1_b_then_a,0.8402892297489482,0.3647181302782797,0.14059200708766548,0.3351219449486118,0.3718717230786683,0.0175593037100286,0.06892856322528179,j1_b_then_a,,,256,52,128,"joint(A,B); seed=23; train-class coverage checked"
phishing,tabpfn3,3,j2_a_then_b,0.8642910820118817,0.36694410485858886,0.12745685943255777,0.3548361928903139,0.38337306135603577,0.024096170038755464,0.06892856322528179,j1_b_then_a,,,256,52,128,"joint(A,B); seed=23; train-class coverage checked"
phishing,tabpfn3,3,independent,0.9860853054561822,0.4068524781121987,0.1501017859484329,0.4809180206558459,0.5051672848003365,2.9442335850967446e-17,0.06892856322528179,j1_b_then_a,,,256,52,128,"joint(A,B); seed=23; train-class coverage checked"
phishing,tabpfn3,3,arithmetic,0.8439858918192659,0.36356311036592853,0.11580999407798373,0.33978712657759436,0.37361243697101765,0.020827736874392017,0.06892856322528179,j1_b_then_a,,,256,52,128,"joint(A,B); seed=23; train-class coverage checked"
phishing,tabpfn3,3,geometric,0.8452397178790954,0.3635075967471062,0.11231225204139607,0.3412860366279412,0.3727576016725088,0.020872703384560844,0.06892856322528179,j1_b_then_a,,,256,52,128,"joint(A,B); seed=23; train-class coverage checked"
phishing,tabpfn3,3,hard_core,0.8536419869271658,0.37110446365246463,0.12181562886311018,0.3484747021268293,0.3727239662740625,3.467555442282054e-13,0.06892856322528179,j1_b_then_a,,,256,52,128,"joint(A,B); seed=23; train-class coverage checked"
phishing,tabpfn3,3,soft_core_lambda_1,0.8472348307019659,0.3663278749093546,0.11707354472484884,0.3420892766506418,0.3717300783995416,0.01262352028823777,0.06892856322528179,j1_b_then_a,,,256,52,128,"joint(A,B); seed=23; train-class coverage checked"
phishing,tabpfn3,3,selective_core,0.8402892297489482,0.3647181302782797,0.14059200708766548,0.3351219449486118,0.3718717230786683,0.0175593037100286,0.06892856322528179,j1_b_then_a,,,256,52,128,"joint(A,B); seed=23; train-class coverage checked"
phishing,tabpfn3,4,j1_b_then_a,0.8377218314918593,0.3490523641691998,0.07155384141634853,0.3612464422983044,0.4056842118149474,0.023223690302245747,0.062314092887227134,geometric,0.75,,256,52,128,"joint(A,B); seed=23; train-class coverage checked"
phishing,tabpfn3,4,j2_a_then_b,0.8350397016697427,0.33660261122693286,0.08597450306359913,0.38246480803387073,0.39278892082060324,0.020938988741356662,0.062314092887227134,geometric,0.75,,256,52,128,"joint(A,B); seed=23; train-class coverage checked"
phishing,tabpfn3,4,independent,0.9187261700426943,0.37458642099828593,0.1329175888722913,0.44225078084913955,0.4764753891935548,2.6750571023711686e-17,0.062314092887227134,geometric,0.75,,256,52,128,"joint(A,B); seed=23; train-class coverage checked"
phishing,tabpfn3,4,arithmetic,0.8313659302801272,0.34026643515448673,0.10209412501726162,0.37006971905331665,0.3974394253539245,0.02208133952180119,0.062314092887227134,geometric,0.75,,256,52,128,"joint(A,B); seed=23; train-class coverage checked"
phishing,tabpfn3,4,geometric,0.8292617815884137,0.3393801759452528,0.0939559664616876,0.3695403812201782,0.39694997662449844,0.022081520203813938,0.062314092887227134,geometric,0.75,,256,52,128,"joint(A,B); seed=23; train-class coverage checked"
phishing,tabpfn3,4,hard_core,0.8682768353921526,0.3505842239028971,0.07106055626320165,0.39180144619859775,0.42602605454364617,1.9408856559519597e-13,0.062314092887227134,geometric,0.75,,256,52,128,"joint(A,B); seed=23; train-class coverage checked"
phishing,tabpfn3,4,soft_core_lambda_1,0.8401147241934721,0.3417104852293552,0.08362519385829026,0.3761484803949584,0.40225175717046346,0.015357320376812526,0.062314092887227134,geometric,0.75,,256,52,128,"joint(A,B); seed=23; train-class coverage checked"
phishing,tabpfn3,4,selective_core,0.8316485083431753,0.34325976885401505,0.0693626289496046,0.3648285254170986,0.4007519050389542,0.02267112978175012,0.062314092887227134,geometric,0.75,,256,52,128,"joint(A,B); seed=23; train-class coverage checked"
phishing,tabpfn3,5,j1_b_then_a,0.7365790369184371,0.3408100687381731,0.10110092787603794,0.24335933607422397,0.3263945269827443,0.021954239957572584,0.057260293242976226,soft,0.0,10.0,256,52,128,"joint(A,B); seed=23; train-class coverage checked"
phishing,tabpfn3,5,j2_a_then_b,0.7438282806337464,0.35713368072066815,0.06490026789502748,0.2515998192420795,0.3252984058781001,0.016149760006427004,0.057260293242976226,soft,0.0,10.0,256,52,128,"joint(A,B); seed=23; train-class coverage checked"
phishing,tabpfn3,5,independent,0.9117495755998595,0.37798026551807656,0.07596143959449764,0.41852987475564624,0.4932197008442132,2.3678011947105915e-17,0.057260293242976226,soft,0.0,10.0,256,52,128,"joint(A,B); seed=23; train-class coverage checked"
phishing,tabpfn3,5,arithmetic,0.7322152901044603,0.3464880372235518,0.07126679049511249,0.243140730090957,0.32345634873919304,0.019051999981999784,0.057260293242976226,soft,0.0,10.0,256,52,128,"joint(A,B); seed=23; train-class coverage checked"
phishing,tabpfn3,5,geometric,0.7335344651884445,0.34686187998882967,0.07192637211079493,0.24250845994507225,0.32263291066441246,0.019196173490329572,0.057260293242976226,soft,0.0,10.0,256,52,128,"joint(A,B); seed=23; train-class coverage checked"
phishing,tabpfn3,5,hard_core,0.7539966990929529,0.35580845759092483,0.059961679828501244,0.2607769982487397,0.3354668243361263,5.941052473748562e-13,0.057260293242976226,soft,0.0,10.0,256,52,128,"joint(A,B); seed=23; train-class coverage checked"
phishing,tabpfn3,5,soft_core_lambda_1,0.7377124467877052,0.3500033947825999,0.08899059422185762,0.24704009900753238,0.32501567734775344,0.01211674814773979,0.057260293242976226,soft,0.0,10.0,256,52,128,"joint(A,B); seed=23; train-class coverage checked"
phishing,tabpfn3,5,selective_core,0.7478992848566643,0.3551386342550284,0.05671840155400361,0.25534209180428946,0.33024214795800677,0.0030948743918719516,0.057260293242976226,soft,0.0,10.0,256,52,128,"joint(A,B); seed=23; train-class coverage checked"
phishing,catboost,1,j1_b_then_a,1.0325842950053066,0.46329609608671163,0.1719546117556465,0.46149736128357444,0.43068028467325764,0.023913426836572105,0.09457550973520011,soft,1.0,3.0,256,52,128,"joint(A,B); seed=23; train-class coverage checked"
phishing,catboost,1,j2_a_then_b,1.0478248807183133,0.47736057632866924,0.1650091026777965,0.46620672817183706,0.437042558247065,0.03489987421120787,0.09457550973520011,soft,1.0,3.0,256,52,128,"joint(A,B); seed=23; train-class coverage checked"
phishing,catboost,1,independent,1.1818692561929804,0.5155719398915077,0.17428431411019363,0.6107823224712482,0.5710869337217321,3.474190336458238e-17,0.09457550973520011,soft,1.0,3.0,256,52,128,"joint(A,B); seed=23; train-class coverage checked"
phishing,catboost,1,arithmetic,1.0311136778981618,0.4672444113602208,0.13542880236689786,0.45851193197596,0.42775164286845535,0.029406650523889966,0.09457550973520011,soft,1.0,3.0,256,52,128,"joint(A,B); seed=23; train-class coverage checked"
phishing,catboost,1,geometric,1.027556214347284,0.46577473641934525,0.13730462570476884,0.4572947113178518,0.4272457168654483,0.029413013113714297,0.09457550973520011,soft,1.0,3.0,256,52,128,"joint(A,B); seed=23; train-class coverage checked"
phishing,catboost,1,hard_core,1.0461448838195557,0.47083387598579307,0.1870100342512682,0.47505795009782353,0.43536256134946344,3.8229860358125756e-13,0.09457550973520011,soft,1.0,3.0,256,52,128,"joint(A,B); seed=23; train-class coverage checked"
phishing,catboost,1,soft_core_lambda_1,1.031694376803938,0.46623499206436103,0.1571579797142215,0.46180848224145316,0.42921213364696065,0.01745972674081033,0.09457550973520011,soft,1.0,3.0,256,52,128,"joint(A,B); seed=23; train-class coverage checked"
phishing,catboost,1,selective_core,1.0390377318550605,0.4678179426190132,0.15198476147790216,0.46842265888655843,0.4340926720255218,0.008686105238755685,0.09457550973520011,soft,1.0,3.0,256,52,128,"joint(A,B); seed=23; train-class coverage checked"
phishing,catboost,2,j1_b_then_a,1.0485634651987086,0.4816730572826943,0.12076516703719517,0.49733263479527945,0.45599559109914445,0.032673533008164724,0.1149023253884002,soft,0.0,1.0,256,52,128,"joint(A,B); seed=23; train-class coverage checked"
phishing,catboost,2,j2_a_then_b,1.1037278720667119,0.48994507783646896,0.1451037577331122,0.5402322962067682,0.5232616458516486,0.03094328853318682,0.1149023253884002,soft,0.0,1.0,256,52,128,"joint(A,B); seed=23; train-class coverage checked"
phishing,catboost,2,independent,1.1316970566184923,0.5156776233271786,0.12740141663160273,0.5804662262150632,0.551230830403429,3.6944189027443564e-17,0.1149023253884002,soft,0.0,1.0,256,52,128,"joint(A,B); seed=23; train-class coverage checked"
phishing,catboost,2,arithmetic,1.0593791583383687,0.4820218341246602,0.09124542675945192,0.5045439722284893,0.4771708513537323,0.03180841077067575,0.1149023253884002,soft,0.0,1.0,256,52,128,"joint(A,B); seed=23; train-class coverage checked"
phishing,catboost,2,geometric,1.0584492997847055,0.4805151240483031,0.08652915757138838,0.5075706968415552,0.479097063610332,0.03107158917758195,0.1149023253884002,soft,0.0,1.0,256,52,128,"joint(A,B); seed=23; train-class coverage checked"
phishing,catboost,2,hard_core,1.0622403121248243,0.48201272632279835,0.08556717589193293,0.5110094817213953,0.4817740859108811,2.9630434255278545e-13,0.1149023253884002,soft,0.0,1.0,256,52,128,"joint(A,B); seed=23; train-class coverage checked"
phishing,catboost,2,soft_core_lambda_1,1.0567754794353355,0.4793618695022568,0.09029343675491272,0.5072619257516876,0.47819675773815296,0.01832951304902004,0.1149023253884002,soft,0.0,1.0,256,52,128,"joint(A,B); seed=23; train-class coverage checked"
phishing,catboost,2,selective_core,1.0923120311638224,0.48417525704806585,0.10547773747904036,0.5383568456913098,0.5122896973802065,0.020925071316431558,0.1149023253884002,soft,0.0,1.0,256,52,128,"joint(A,B); seed=23; train-class coverage checked"
phishing,catboost,3,j1_b_then_a,0.9755184846305502,0.43215028862558946,0.22611732558825673,0.424148368867305,0.43458383578916815,0.022780006641166722,0.09169729003277344,soft,0.75,1.0,256,52,128,"joint(A,B); seed=23; train-class coverage checked"
phishing,catboost,3,j2_a_then_b,0.9755862210528135,0.4373633108617347,0.15822070882871672,0.40559414563467844,0.42771800242211877,0.029414451224738413,0.09169729003277344,soft,0.75,1.0,256,52,128,"joint(A,B); seed=23; train-class coverage checked"
phishing,catboost,3,independent,1.09923833439394,0.47951803918668373,0.244474957343325,0.5478682186306947,0.5513701157632451,3.522979434220086e-17,0.09169729003277344,soft,0.75,1.0,256,52,128,"joint(A,B); seed=23; train-class coverage checked"
phishing,catboost,3,arithmetic,0.9669478340066808,0.43203962514537103,0.17978834626103093,0.4092787325134697,0.4248578097590342,0.02609722893295254,0.09169729003277344,soft,0.75,1.0,256,52,128,"joint(A,B); seed=23; train-class coverage checked"
phishing,catboost,3,geometric,0.964162576433504,0.43050567425581354,0.18254822497487427,0.4081016067627778,0.4246555520371077,0.025321939644432655,0.09169729003277344,soft,0.75,1.0,256,52,128,"joint(A,B); seed=23; train-class coverage checked"
phishing,catboost,3,hard_core,0.9689807642192128,0.43148772505857835,0.20033932613910954,0.41761064845596746,0.4211125455888794,1.715275125169398e-13,0.09169729003277344,soft,0.75,1.0,256,52,128,"joint(A,B); seed=23; train-class coverage checked"
phishing,catboost,3,soft_core_lambda_1,0.9646361743217533,0.4301211729854477,0.19966545956943207,0.411323985101146,0.42241982766506153,0.014041074236440222,0.09169729003277344,soft,0.75,1.0,256,52,128,"joint(A,B); seed=23; train-class coverage checked"
phishing,catboost,3,selective_core,0.969178364653901,0.43092272563139344,0.21091771653857402,0.41720484743330377,0.4275457237186161,0.012898587557481571,0.09169729003277344,soft,0.75,1.0,256,52,128,"joint(A,B); seed=23; train-class coverage checked"
phishing,catboost,4,j1_b_then_a,1.0084947802247686,0.43310878088710547,0.16139810160151496,0.4394056487464706,0.46023588336367444,0.032944743582984576,0.10869645280272786,j1_b_then_a,,,256,52,128,"joint(A,B); seed=23; train-class coverage checked"
phishing,catboost,4,j2_a_then_b,1.0064558011459315,0.439247653521554,0.14966917872460977,0.45059837398657415,0.42874917730482665,0.0396456770515733,0.10869645280272786,j1_b_then_a,,,256,52,128,"joint(A,B); seed=23; train-class coverage checked"
phishing,catboost,4,independent,1.146795755319403,0.492417093965692,0.20473709926235406,0.577706623841105,0.569089131478298,4.4110087761214944e-17,0.10869645280272786,j1_b_then_a,,,256,52,128,"joint(A,B); seed=23; train-class coverage checked"
phishing,catboost,4,arithmetic,0.9968329402624188,0.4325286651787741,0.1587291633498111,0.440827037478851,0.437406585670132,0.03629521031727891,0.10869645280272786,j1_b_then_a,,,256,52,128,"joint(A,B); seed=23; train-class coverage checked"
phishing,catboost,4,geometric,0.9933871842719192,0.4311866473270116,0.1522896413858565,0.4386628710524167,0.43739448857446883,0.035542275736794623,0.10869645280272786,j1_b_then_a,,,256,52,128,"joint(A,B); seed=23; train-class coverage checked"
phishing,catboost,4,hard_core,1.0531652908361637,0.44713151511921234,0.12220357989220686,0.48407615935786596,0.4754586669967808,3.677183713502851e-13,0.10869645280272786,j1_b_then_a,,,256,52,128,"joint(A,B); seed=23; train-class coverage checked"
phishing,catboost,4,soft_core_lambda_1,1.0117307570527743,0.43579795075985905,0.15287263535939952,0.45267654172380145,0.44918257202742046,0.022083550094760065,0.10869645280272786,j1_b_then_a,,,256,52,128,"joint(A,B); seed=23; train-class coverage checked"
phishing,catboost,4,selective_core,1.0084947802247686,0.43310878088710547,0.16139810160151496,0.4394056487464706,0.46023588336367444,0.032944743582984576,0.10869645280272786,j1_b_then_a,,,256,52,128,"joint(A,B); seed=23; train-class coverage checked"
phishing,catboost,5,j1_b_then_a,0.903938941564695,0.4045673994950597,0.1195629739058917,0.35757555398793356,0.39587452237144616,0.0241080815304271,0.09395682959523328,soft,0.0,0.3,256,52,128,"joint(A,B); seed=23; train-class coverage checked"
phishing,catboost,5,j2_a_then_b,0.8790295068379076,0.3935876305030591,0.13880343454822153,0.32677975342512056,0.380580850501264,0.038007969982039216,0.09395682959523328,soft,0.0,0.3,256,52,128,"joint(A,B); seed=23; train-class coverage checked"
phishing,catboost,5,independent,1.044812043913405,0.4439843885205893,0.1521259308670693,0.49844865633664354,0.5463633875767614,3.4037171952466805e-17,0.09395682959523328,soft,0.0,0.3,256,52,128,"joint(A,B); seed=23; train-class coverage checked"
phishing,catboost,5,arithmetic,0.8813982233053606,0.3959490763625414,0.11103191486632616,0.33792879742368975,0.38072285062876293,0.03105802575623313,0.09395682959523328,soft,0.0,0.3,256,52,128,"joint(A,B); seed=23; train-class coverage checked"
phishing,catboost,5,geometric,0.8801703012945238,0.39545713427414564,0.1288243828193093,0.33756734236647057,0.3815992921043091,0.03095299449383728,0.09395682959523328,soft,0.0,0.3,256,52,128,"joint(A,B); seed=23; train-class coverage checked"
phishing,catboost,5,hard_core,0.8958072120485898,0.4006071287962868,0.11351457098772036,0.34944382447182853,0.3973585557106327,3.457792964445521e-13,0.09395682959523328,soft,0.0,0.3,256,52,128,"joint(A,B); seed=23; train-class coverage checked"
phishing,catboost,5,soft_core_lambda_1,0.8803536557856421,0.39551107399939917,0.11244400016777391,0.3383224493482188,0.3838655202476978,0.02027881788019927,0.09395682959523328,soft,0.0,0.3,256,52,128,"joint(A,B); seed=23; train-class coverage checked"
phishing,catboost,5,selective_core,0.8739478819362849,0.39193955727016905,0.13076995401240865,0.32727879316220143,0.37832244240099533,0.03310581468725955,0.09395682959523328,soft,0.0,0.3,256,52,128,"joint(A,B); seed=23; train-class coverage checked"
