dataset,model,fold,method,joint_nll,joint_brier,joint_ece_15,conditional_nll_a_given_b,conditional_nll_b_given_a,marginal_distortion,factorization_tv,selected_policy,selected_weight,selected_lambda,n_train,n_validation,n_test,stratification
anneal,tabiclv2,1,j1_b_then_a,0.3068208273911932,0.1752356525108047,0.0590117930022211,0.0482329529667089,0.2554600211937012,0.0023241352527764,0.0239253859153925,mpr,1.0,,256,52,128,"joint(A,B); seed=11; train-class coverage checked"
anneal,tabiclv2,1,j2_a_then_b,0.3123147947951634,0.1794457682095852,0.0681960628506131,0.0491806026434389,0.2649523160183636,0.0104308354082489,0.0239253859153925,mpr,1.0,,256,52,128,"joint(A,B); seed=11; train-class coverage checked"
anneal,tabiclv2,1,independent,0.3059503532012839,0.1732199920749148,0.0632264700965837,0.0473624787767997,0.2585878744244841,3.6205426164156635e-17,0.0239253859153925,mpr,1.0,,256,52,128,"joint(A,B); seed=11; train-class coverage checked"
anneal,tabiclv2,1,arithmetic,0.3075232954866662,0.176731352018775,0.0793190057897232,0.0489994458509501,0.2584136305090699,0.0063774853305126,0.0239253859153925,mpr,1.0,,256,52,128,"joint(A,B); seed=11; train-class coverage checked"
anneal,tabiclv2,1,geometric,0.3065371921869866,0.1770477518725583,0.0728764189862602,0.0482345887543455,0.2568122009871298,0.0069178835711187,0.0239253859153925,mpr,1.0,,256,52,128,"joint(A,B); seed=11; train-class coverage checked"
anneal,tabiclv2,1,hard_core,0.3033807922166172,0.1743878468673165,0.0598346341126936,0.0447929177921329,0.2560183134402691,1.8152541872064962e-13,0.0239253859153925,mpr,1.0,,256,52,128,"joint(A,B); seed=11; train-class coverage checked"
anneal,tabiclv2,1,soft_core_lambda_1,0.3044075938167979,0.1756154442344947,0.0776946377125115,0.0465008338919308,0.2557609328017748,0.0036706914206827,0.0239253859153925,mpr,1.0,,256,52,128,"joint(A,B); seed=11; train-class coverage checked"
anneal,tabiclv2,1,selective_core,0.3020623663960333,0.17400547738356,0.0636243603746754,0.0434744919715491,0.2546998876194984,1.0663579660772265e-13,0.0239253859153925,mpr,1.0,,256,52,128,"joint(A,B); seed=11; train-class coverage checked"
anneal,tabiclv2,2,j1_b_then_a,0.2302604268256055,0.1291654188940117,0.0802504999491244,0.0223278165433169,0.213460215483146,0.0042576372391216,0.0311262722187924,j2_a_then_b,,,256,52,128,"joint(A,B); seed=11; train-class coverage checked"
anneal,tabiclv2,2,j2_a_then_b,0.2391058366141003,0.125299128488772,0.0625686248428261,0.038393829756067,0.2192188419672185,0.0124866088685021,0.0311262722187924,j2_a_then_b,,,256,52,128,"joint(A,B); seed=11; train-class coverage checked"
anneal,tabiclv2,2,independent,0.2278196049291703,0.130164981295437,0.0752967105260399,0.0198869946468817,0.2079326102822885,3.3937130247642804e-17,0.0311262722187924,j2_a_then_b,,,256,52,128,"joint(A,B); seed=11; train-class coverage checked"
anneal,tabiclv2,2,arithmetic,0.230295013435108,0.1262479818721542,0.0668014958923661,0.0264454646977304,0.2120993881044428,0.0083721230538118,0.0311262722187924,j2_a_then_b,,,256,52,128,"joint(A,B); seed=11; train-class coverage checked"
anneal,tabiclv2,2,geometric,0.2299711615708023,0.1254741352485638,0.0670089043264208,0.0289954713764026,0.2133569208377089,0.0086806035695749,0.0311262722187924,j2_a_then_b,,,256,52,128,"joint(A,B); seed=11; train-class coverage checked"
anneal,tabiclv2,2,hard_core,0.2414154911902662,0.1306811962700266,0.0742131241140596,0.0334828809079777,0.221528496543704,8.921263632236755e-14,0.0311262722187924,j2_a_then_b,,,256,52,128,"joint(A,B); seed=11; train-class coverage checked"
anneal,tabiclv2,2,soft_core_lambda_1,0.2340976515605207,0.1275113553224449,0.0725631128258664,0.0305306900169884,0.2161023514226945,0.0046156313798946,0.0311262722187924,j2_a_then_b,,,256,52,128,"joint(A,B); seed=11; train-class coverage checked"
anneal,tabiclv2,2,selective_core,0.2391058366141003,0.125299128488772,0.0625686248428261,0.038393829756067,0.2192188419672185,0.0124866088685021,0.0311262722187924,j2_a_then_b,,,256,52,128,"joint(A,B); seed=11; train-class coverage checked"
anneal,tabiclv2,3,j1_b_then_a,0.4411067173182831,0.2491184922360468,0.0904212029125747,0.0538543878800801,0.38739866341469,0.0062597248523512,0.0460150665734272,soft,0.0,1.0,256,52,128,"joint(A,B); seed=11; train-class coverage checked"
anneal,tabiclv2,3,j2_a_then_b,0.4509822456876737,0.2533276087297383,0.0682690935690774,0.0539803252706427,0.3921707295496818,0.0191929934028823,0.0460150665734272,soft,0.0,1.0,256,52,128,"joint(A,B); seed=11; train-class coverage checked"
anneal,tabiclv2,3,independent,0.4460638455761949,0.2467846823274896,0.0919536366711019,0.0588115161379919,0.3872523294382029,3.91153561556605e-17,0.0460150665734272,soft,0.0,1.0,256,52,128,"joint(A,B); seed=11; train-class coverage checked"
anneal,tabiclv2,3,arithmetic,0.4393828286520088,0.2483335918623632,0.0811594501324354,0.0533346747488094,0.3846756892257644,0.0127263591276167,0.0460150665734272,soft,0.0,1.0,256,52,128,"joint(A,B); seed=11; train-class coverage checked"
anneal,tabiclv2,3,geometric,0.4386432937665085,0.24899754161583,0.0889303573498951,0.0516671075311888,0.3840882087722147,0.0128390140071808,0.0460150665734272,soft,0.0,1.0,256,52,128,"joint(A,B); seed=11; train-class coverage checked"
anneal,tabiclv2,3,hard_core,0.4495475784180946,0.2480165881674237,0.0962239476052478,0.0622952489798916,0.3907360622803065,9.312508424773549e-14,0.0460150665734272,soft,0.0,1.0,256,52,128,"joint(A,B); seed=11; train-class coverage checked"
anneal,tabiclv2,3,soft_core_lambda_1,0.4393243265728651,0.2485312040668239,0.0885188200193913,0.0530373826267032,0.3844088844333068,0.0070953948579672,0.0460150665734272,soft,0.0,1.0,256,52,128,"joint(A,B); seed=11; train-class coverage checked"
anneal,tabiclv2,3,selective_core,0.4428334815856359,0.2493532785989072,0.0890272796682423,0.0551949599792451,0.3862531537643914,0.0106842347541248,0.0460150665734272,soft,0.0,1.0,256,52,128,"joint(A,B); seed=11; train-class coverage checked"
anneal,tabiclv2,4,j1_b_then_a,0.2631236724964004,0.1289771135165955,0.0459839396667392,0.0145445523773523,0.2487591421114058,0.0016241483247158,0.024019066168239,soft,0.0,3.0,256,52,128,"joint(A,B); seed=11; train-class coverage checked"
anneal,tabiclv2,4,j2_a_then_b,0.2675786027023309,0.1334230596300963,0.0488649017356218,0.0264691063328356,0.2506690835385223,0.0109631134626907,0.024019066168239,soft,0.0,3.0,256,52,128,"joint(A,B); seed=11; train-class coverage checked"
anneal,tabiclv2,4,independent,0.2654886392828567,0.1298464302627779,0.0397039061940036,0.0169095191638086,0.2485791201190481,3.4695709359876776e-17,0.024019066168239,soft,0.0,3.0,256,52,128,"joint(A,B); seed=11; train-class coverage checked"
anneal,tabiclv2,4,arithmetic,0.2643463782544767,0.1302942901249689,0.0603575516833339,0.0230780332064843,0.2487312779128239,0.0062936308937032,0.024019066168239,soft,0.0,3.0,256,52,128,"joint(A,B); seed=11; train-class coverage checked"
anneal,tabiclv2,4,geometric,0.2627533585688874,0.1300169890109432,0.065794050222431,0.0172331663120469,0.247683908575594,0.0064476343394401,0.024019066168239,soft,0.0,3.0,256,52,128,"joint(A,B); seed=11; train-class coverage checked"
anneal,tabiclv2,4,hard_core,0.269637247943811,0.129799322434835,0.0352651484981088,0.0210581278247628,0.252727728780218,1.0440639694769297e-13,0.024019066168239,soft,0.0,3.0,256,52,128,"joint(A,B); seed=11; train-class coverage checked"
anneal,tabiclv2,4,soft_core_lambda_1,0.2649358955120325,0.129623320479326,0.0741810473858827,0.0188930997013101,0.2490500354864744,0.0033692306841802,0.024019066168239,soft,0.0,3.0,256,52,128,"joint(A,B); seed=11; train-class coverage checked"
anneal,tabiclv2,4,selective_core,0.2718426944373567,0.1298487836758423,0.0741666945195447,0.0267813557317743,0.2550281266489317,0.0029563272323152,0.024019066168239,soft,0.0,3.0,256,52,128,"joint(A,B); seed=11; train-class coverage checked"
anneal,tabiclv2,5,j1_b_then_a,0.2930811054691931,0.188646059198487,0.0581929992771173,0.0156214429921867,0.2739504821473414,0.0039337790667766,0.0273063840844681,soft,0.0,1.0,256,52,128,"joint(A,B); seed=11; train-class coverage checked"
anneal,tabiclv2,5,j2_a_then_b,0.2838484095048289,0.1862927462298984,0.0909906640758917,0.0162180615018626,0.2593914486434263,0.0107308823332378,0.0273063840844681,soft,0.0,1.0,256,52,128,"joint(A,B); seed=11; train-class coverage checked"
anneal,tabiclv2,5,independent,0.3019166233384089,0.1939152941098053,0.0559919444042568,0.0244569608614025,0.2774596624770064,3.774468065753257e-17,0.0273063840844681,soft,0.0,1.0,256,52,128,"joint(A,B); seed=11; train-class coverage checked"
anneal,tabiclv2,5,arithmetic,0.2856617678598369,0.1864421324036316,0.0740621238961549,0.0157528102034709,0.264184967959763,0.0073323307000072,0.0273063840844681,soft,0.0,1.0,256,52,128,"joint(A,B); seed=11; train-class coverage checked"
anneal,tabiclv2,5,geometric,0.2849158345022378,0.1862828825583179,0.0585915126106419,0.0145835653166115,0.2647463063847635,0.0071447364459587,0.0273063840844681,soft,0.0,1.0,256,52,128,"joint(A,B); seed=11; train-class coverage checked"
anneal,tabiclv2,5,hard_core,0.2962303769395348,0.191528714333315,0.0447833099241371,0.0187707144625284,0.2717734160778369,7.164638806507617e-14,0.0273063840844681,soft,0.0,1.0,256,52,128,"joint(A,B); seed=11; train-class coverage checked"
anneal,tabiclv2,5,soft_core_lambda_1,0.2898573714747248,0.1886214942133733,0.0425652132108371,0.0163356142431268,0.2678944389419106,0.0036037547693161,0.0273063840844681,soft,0.0,1.0,256,52,128,"joint(A,B); seed=11; train-class coverage checked"
anneal,tabiclv2,5,selective_core,0.2872614562961905,0.1879665586160127,0.0698794766294588,0.0166102945995779,0.2632505160091805,0.0053789251623264,0.0273063840844681,soft,0.0,1.0,256,52,128,"joint(A,B); seed=11; train-class coverage checked"
anneal,tabpfn3,1,j1_b_then_a,0.3456803989490856,0.1887523269791376,0.0764833645959731,0.0400082942731121,0.2897640099298849,0.0039806008667068,0.0223462825069496,mpr,1.0,,256,52,128,"joint(A,B); seed=11; train-class coverage checked"
anneal,tabpfn3,1,j2_a_then_b,0.3366535446223542,0.189260261021653,0.0839406315793902,0.0407934735236274,0.2869690253608612,0.0082735956622224,0.0223462825069496,mpr,1.0,,256,52,128,"joint(A,B); seed=11; train-class coverage checked"
anneal,tabpfn3,1,independent,0.3553566239374663,0.1905101376687407,0.0649579434408138,0.0496845192614929,0.3056721046759734,3.51493394471015e-17,0.0223462825069496,mpr,1.0,,256,52,128,"joint(A,B); seed=11; train-class coverage checked"
anneal,tabpfn3,1,arithmetic,0.3399602612400736,0.1882702912174159,0.0594916723976148,0.0403575783984124,0.2877653275454941,0.0061270982644646,0.0223462825069496,mpr,1.0,,256,52,128,"joint(A,B); seed=11; train-class coverage checked"
anneal,tabpfn3,1,geometric,0.3372008702312261,0.1875689177956471,0.0583564595282359,0.0380180351755004,0.2850997152921274,0.0066598311394751,0.0223462825069496,mpr,1.0,,256,52,128,"joint(A,B); seed=11; train-class coverage checked"
anneal,tabpfn3,1,hard_core,0.3436367064800644,0.1887864041061813,0.0656104034199214,0.037964601804091,0.2939521872189163,1.0606833235216669e-13,0.0223462825069496,mpr,1.0,,256,52,128,"joint(A,B); seed=11; train-class coverage checked"
anneal,tabpfn3,1,soft_core_lambda_1,0.338371597982298,0.1875513525188053,0.0638428410820722,0.0373609492899923,0.2874894928991363,0.0040897446583629,0.0223462825069496,mpr,1.0,,256,52,128,"joint(A,B); seed=11; train-class coverage checked"
anneal,tabpfn3,1,selective_core,0.3424299942539189,0.1889534179659896,0.0633440978659879,0.0367578895779454,0.2927454749923104,5.5395025280664153e-14,0.0223462825069496,mpr,1.0,,256,52,128,"joint(A,B); seed=11; train-class coverage checked"
anneal,tabpfn3,2,j1_b_then_a,0.2613224705018511,0.1566419971432444,0.0756158913111819,0.0281855852006335,0.2317422598602352,0.0024088227084489,0.0201961556297864,j2_a_then_b,,,256,52,128,"joint(A,B); seed=11; train-class coverage checked"
anneal,tabpfn3,2,j2_a_then_b,0.2553986994983612,0.1504674385148066,0.0638370067471365,0.0309588412237968,0.2246502192196627,0.0069327793649313,0.0201961556297864,j2_a_then_b,,,256,52,128,"joint(A,B); seed=11; train-class coverage checked"
anneal,tabpfn3,2,independent,0.263885365579916,0.1586030545697674,0.0710640199153641,0.0307484802786985,0.2331368853012175,4.167147990606981e-17,0.0201961556297864,j2_a_then_b,,,256,52,128,"joint(A,B); seed=11; train-class coverage checked"
anneal,tabpfn3,2,arithmetic,0.2573303825501574,0.1531232436640389,0.065584207437082,0.0288466584040824,0.2272057853816739,0.0046708010366901,0.0201961556297864,j2_a_then_b,,,256,52,128,"joint(A,B); seed=11; train-class coverage checked"
anneal,tabpfn3,2,geometric,0.2555937041279321,0.1526934876630888,0.0641940033408381,0.0288379577544871,0.2261207071317784,0.0050051386794135,0.0201961556297864,j2_a_then_b,,,256,52,128,"joint(A,B); seed=11; train-class coverage checked"
anneal,tabpfn3,2,hard_core,0.2621591887518563,0.1564990414714103,0.0661073645266667,0.0290223034506388,0.2314107084728405,9.838515120631205e-14,0.0201961556297864,j2_a_then_b,,,256,52,128,"joint(A,B); seed=11; train-class coverage checked"
anneal,tabpfn3,2,soft_core_lambda_1,0.2587097371500396,0.1544843708697097,0.0666311296148478,0.0290695619892985,0.2284188769186353,0.0026871606831257,0.0201961556297864,j2_a_then_b,,,256,52,128,"joint(A,B); seed=11; train-class coverage checked"
anneal,tabpfn3,2,selective_core,0.2553986994983612,0.1504674385148066,0.0638370067471365,0.0309588412237968,0.2246502192196627,0.0069327793649313,0.0201961556297864,j2_a_then_b,,,256,52,128,"joint(A,B); seed=11; train-class coverage checked"
anneal,tabpfn3,3,j1_b_then_a,0.4842472209039808,0.2601891763345868,0.0811216001054367,0.0669781267221979,0.4123676209712308,0.0044295213659541,0.0342260523507659,geometric,0.5,,256,52,128,"joint(A,B); seed=11; train-class coverage checked"
anneal,tabpfn3,3,j2_a_then_b,0.4546971545834631,0.2510220708418128,0.0700118813317288,0.0536266543185329,0.3916743950063411,0.0140964306059129,0.0342260523507659,geometric,0.5,,256,52,128,"joint(A,B); seed=11; train-class coverage checked"
anneal,tabpfn3,3,independent,0.4802918537589048,0.2583147779671921,0.0949066849180291,0.0630227595771219,0.4172690941817829,3.7845511492660944e-17,0.0342260523507659,geometric,0.5,,256,52,128,"joint(A,B); seed=11; train-class coverage checked"
anneal,tabpfn3,3,arithmetic,0.4650773561069549,0.2545378970034954,0.0721196277457652,0.057449641964462,0.397914675210407,0.0092629759859335,0.0342260523507659,geometric,0.5,,256,52,128,"joint(A,B); seed=11; train-class coverage checked"
anneal,tabpfn3,3,geometric,0.464517514902165,0.2546312387175726,0.0766586228790417,0.0586850766724603,0.3986390322403768,0.0093987247136316,0.0342260523507659,geometric,0.5,,256,52,128,"joint(A,B); seed=11; train-class coverage checked"
anneal,tabpfn3,3,hard_core,0.4748352136072123,0.2604711526046579,0.0847502999548785,0.0575661194254293,0.4118124540299949,4.55705285850885e-14,0.0342260523507659,geometric,0.5,,256,52,128,"joint(A,B); seed=11; train-class coverage checked"
anneal,tabpfn3,3,soft_core_lambda_1,0.4679573734069167,0.2569444714596363,0.0790589782934385,0.0579591058776398,0.4034636769563708,0.005155446232079,0.0342260523507659,geometric,0.5,,256,52,128,"joint(A,B); seed=11; train-class coverage checked"
anneal,tabpfn3,3,selective_core,0.464517514902165,0.2546312387175726,0.0766586228790417,0.0586850766724603,0.3986390322403768,0.0093987247136316,0.0342260523507659,geometric,0.5,,256,52,128,"joint(A,B); seed=11; train-class coverage checked"
anneal,tabpfn3,4,j1_b_then_a,0.2904446128027035,0.1481815905175723,0.075449632956266,0.0202797735384558,0.268805062882311,0.0030791163595702,0.0176677693177808,geometric,0.5,,256,52,128,"joint(A,B); seed=11; train-class coverage checked"
anneal,tabpfn3,4,j2_a_then_b,0.2788501081456526,0.1439717452621298,0.0439267218661819,0.0175670659862948,0.2611638009355346,0.006417129269774,0.0176677693177808,geometric,0.5,,256,52,128,"joint(A,B); seed=11; train-class coverage checked"
anneal,tabpfn3,4,independent,0.2878511464743656,0.1460565551216731,0.0614198732820621,0.0176863072101179,0.2701648392642476,4.699162105588017e-17,0.0176677693177808,geometric,0.5,,256,52,128,"joint(A,B); seed=11; train-class coverage checked"
anneal,tabpfn3,4,arithmetic,0.2840032092973265,0.145504124747063,0.0666798508202157,0.0188602197846605,0.2644467118380978,0.0047481228146721,0.0176677693177808,geometric,0.5,,256,52,128,"joint(A,B); seed=11; train-class coverage checked"
anneal,tabpfn3,4,geometric,0.2826387202926308,0.1451814610478163,0.0593564366260794,0.0181869189642684,0.2637840950534389,0.0050021643175634,0.0176677693177808,geometric,0.5,,256,52,128,"joint(A,B); seed=11; train-class coverage checked"
anneal,tabpfn3,4,hard_core,0.2874159604390782,0.1457708034169916,0.0599153716798101,0.0172511211748305,0.2697296532283669,2.653627395883257e-13,0.0176677693177808,geometric,0.5,,256,52,128,"joint(A,B); seed=11; train-class coverage checked"
anneal,tabpfn3,4,soft_core_lambda_1,0.2843291465969691,0.1451113639142352,0.0676256573183534,0.0177140902334567,0.2658982730765215,0.0028173528238768,0.0176677693177808,geometric,0.5,,256,52,128,"joint(A,B); seed=11; train-class coverage checked"
anneal,tabpfn3,4,selective_core,0.2826387202926308,0.1451814610478163,0.0593564366260794,0.0181869189642684,0.2637840950534389,0.0050021643175634,0.0176677693177808,geometric,0.5,,256,52,128,"joint(A,B); seed=11; train-class coverage checked"
anneal,tabpfn3,5,j1_b_then_a,0.3016009489046418,0.1913164222192094,0.0565045400726105,0.0163863488460394,0.2705787301674506,0.0024490217851486,0.0185031623753142,soft,0.0,1.0,256,52,128,"joint(A,B); seed=11; train-class coverage checked"
anneal,tabpfn3,5,j2_a_then_b,0.2964073468417557,0.19122603657325,0.0761772741731419,0.0127301147555574,0.2665377020465801,0.0069286895092224,0.0185031623753142,soft,0.0,1.0,256,52,128,"joint(A,B); seed=11; train-class coverage checked"
anneal,tabpfn3,5,independent,0.3150842448537778,0.1968671910848319,0.0726688974249764,0.0298696447951755,0.2852146000586023,3.846194633747016e-17,0.0185031623753142,soft,0.0,1.0,256,52,128,"joint(A,B); seed=11; train-class coverage checked"
anneal,tabpfn3,5,arithmetic,0.2984849960856807,0.1909015018817318,0.0784055708623579,0.0144497684158675,0.2680920554958587,0.0046888556471855,0.0185031623753142,soft,0.0,1.0,256,52,128,"joint(A,B); seed=11; train-class coverage checked"
anneal,tabpfn3,5,geometric,0.2972415119806011,0.1906315786163832,0.0760519111621584,0.014014541079259,0.2673845443042336,0.004702292501895,0.0185031623753142,soft,0.0,1.0,256,52,128,"joint(A,B); seed=11; train-class coverage checked"
anneal,tabpfn3,5,hard_core,0.2995966667658724,0.1908929504688551,0.0572550108339726,0.01438206670727,0.2697270219715215,1.374296357480076e-13,0.0185031623753142,soft,0.0,1.0,256,52,128,"joint(A,B); seed=11; train-class coverage checked"
anneal,tabpfn3,5,soft_core_lambda_1,0.2979470165199412,0.1905474811023355,0.0644973042394015,0.0140908577899211,0.2681219270748317,0.0025348836492252,0.0185031623753142,soft,0.0,1.0,256,52,128,"joint(A,B); seed=11; train-class coverage checked"
anneal,tabpfn3,5,selective_core,0.2963374405353352,0.1904321618078903,0.0764770771213967,0.0127331486982368,0.266532697861467,0.003814844841589,0.0185031623753142,soft,0.0,1.0,256,52,128,"joint(A,B); seed=11; train-class coverage checked"
anneal,catboost,1,j1_b_then_a,0.8114728800571451,0.3444246386426273,0.2262528467717781,0.1935024825652004,0.6169605464069468,0.0161948377835518,0.0741042924586587,j2_a_then_b,,,256,52,128,"joint(A,B); seed=11; train-class coverage checked"
anneal,catboost,1,j2_a_then_b,0.832276330297715,0.3580202735725906,0.2252379640946668,0.19479045046052,0.637485879837195,0.0301318554950856,0.0741042924586587,j2_a_then_b,,,256,52,128,"joint(A,B); seed=11; train-class coverage checked"
anneal,catboost,1,independent,0.8127608479524646,0.3523231477438031,0.2572158482267665,0.19479045046052,0.6179703974919447,4.7218698677638227e-17,0.0741042924586587,j2_a_then_b,,,256,52,128,"joint(A,B); seed=11; train-class coverage checked"
anneal,catboost,1,arithmetic,0.8145717263861786,0.3492045775835407,0.2319515797643015,0.1904770220747194,0.6237373250025005,0.0231633466393187,0.0741042924586587,j2_a_then_b,,,256,52,128,"joint(A,B); seed=11; train-class coverage checked"
anneal,catboost,1,geometric,0.8141082222782274,0.3487109063977346,0.2302323414583668,0.1906903242496936,0.6229318161362303,0.0231376071545296,0.0741042924586587,j2_a_then_b,,,256,52,128,"joint(A,B); seed=11; train-class coverage checked"
anneal,catboost,1,hard_core,0.8123046937385896,0.3523054553160541,0.2572069525827261,0.1943342962466449,0.6175142432780707,1.688018079265205e-16,0.0741042924586587,j2_a_then_b,,,256,52,128,"joint(A,B); seed=11; train-class coverage checked"
anneal,catboost,1,soft_core_lambda_1,0.8112624934051462,0.3499169549483302,0.2320903835428607,0.1916544647633951,0.6191366597899721,0.0115466626318805,0.0741042924586587,j2_a_then_b,,,256,52,128,"joint(A,B); seed=11; train-class coverage checked"
anneal,catboost,1,selective_core,0.832276330297715,0.3580202735725906,0.2252379640946668,0.19479045046052,0.637485879837195,0.0301318554950856,0.0741042924586587,j2_a_then_b,,,256,52,128,"joint(A,B); seed=11; train-class coverage checked"
anneal,catboost,2,j1_b_then_a,0.9638180241517216,0.431256672401388,0.2509119606333957,0.2062033087013564,0.757614715450365,0.0117680559372319,0.085456315209919,j1_b_then_a,,,256,52,128,"joint(A,B); seed=11; train-class coverage checked"
anneal,catboost,2,j2_a_then_b,1.00025637841857,0.4542487935876798,0.2248750737230659,0.1819210710934125,0.7982617765328135,0.0350790398869926,0.085456315209919,j1_b_then_a,,,256,52,128,"joint(A,B); seed=11; train-class coverage checked"
anneal,catboost,2,independent,0.9596093173361216,0.4311851797947552,0.2457648243676358,0.2019946018857566,0.757614715450365,5.2583805365546965e-17,0.085456315209919,j1_b_then_a,,,256,52,128,"joint(A,B); seed=11; train-class coverage checked"
anneal,catboost,2,arithmetic,0.9784295991938792,0.4403779027289646,0.2502701266774956,0.1942012185651084,0.7746313970061756,0.0234235479121122,0.085456315209919,j1_b_then_a,,,256,52,128,"joint(A,B); seed=11; train-class coverage checked"
anneal,catboost,2,geometric,0.974726254237706,0.4386792501270845,0.2482628103941348,0.1919849907706727,0.7726037888807359,0.023204878560722,0.085456315209919,j1_b_then_a,,,256,52,128,"joint(A,B); seed=11; train-class coverage checked"
anneal,catboost,2,hard_core,0.9487926385613392,0.4262656327502918,0.2447667700047307,0.1911779231109741,0.7467980366754926,3.382506473807896e-14,0.085456315209919,j1_b_then_a,,,256,52,128,"joint(A,B); seed=11; train-class coverage checked"
anneal,catboost,2,soft_core_lambda_1,0.9604777609907384,0.4317914722877637,0.2337014218610224,0.1913139909626338,0.7586938679058832,0.0114751802119934,0.085456315209919,j1_b_then_a,,,256,52,128,"joint(A,B); seed=11; train-class coverage checked"
anneal,catboost,2,selective_core,0.9638180241517216,0.431256672401388,0.2509119606333957,0.2062033087013564,0.757614715450365,0.0117680559372319,0.085456315209919,j1_b_then_a,,,256,52,128,"joint(A,B); seed=11; train-class coverage checked"
anneal,catboost,3,j1_b_then_a,0.9685160538128392,0.4477695631096351,0.1643197333224625,0.1806166790876077,0.7878993747252314,0.0082612392408069,0.0514088410522999,j2_a_then_b,,,256,52,128,"joint(A,B); seed=11; train-class coverage checked"
anneal,catboost,3,j2_a_then_b,0.970756955012948,0.4490036612381513,0.1434113300638551,0.1760723056020995,0.7946846494108486,0.0219861285118376,0.0514088410522999,j2_a_then_b,,,256,52,128,"joint(A,B); seed=11; train-class coverage checked"
anneal,catboost,3,independent,0.963971680327331,0.4459031287745654,0.1626484266901071,0.1760723056020995,0.7878993747252314,5.2680367121533955e-17,0.0514088410522999,j2_a_then_b,,,256,52,128,"joint(A,B); seed=11; train-class coverage checked"
anneal,catboost,3,arithmetic,0.9685012858758854,0.4475015721183077,0.1327653271988062,0.1783254647203643,0.7904071997637635,0.0151236838763222,0.0514088410522999,j2_a_then_b,,,256,52,128,"joint(A,B); seed=11; train-class coverage checked"
anneal,catboost,3,geometric,0.9668132695668578,0.4468229718896868,0.1402894901017247,0.1773733085051894,0.7894399610616682,0.0149159511360238,0.0514088410522999,j2_a_then_b,,,256,52,128,"joint(A,B); seed=11; train-class coverage checked"
anneal,catboost,3,hard_core,0.9639716803273308,0.4459031287745654,0.1626484266901071,0.1760723056020995,0.7878993747252313,5.505036530795149e-17,0.0514088410522999,j2_a_then_b,,,256,52,128,"joint(A,B); seed=11; train-class coverage checked"
anneal,catboost,3,soft_core_lambda_1,0.9647122154532578,0.4460280366785401,0.1720523558285011,0.1765034813468416,0.7882087341064161,0.007408472019215,0.0514088410522999,j2_a_then_b,,,256,52,128,"joint(A,B); seed=11; train-class coverage checked"
anneal,catboost,3,selective_core,0.970756955012948,0.4490036612381513,0.1434113300638551,0.1760723056020995,0.7946846494108486,0.0219861285118376,0.0514088410522999,j2_a_then_b,,,256,52,128,"joint(A,B); seed=11; train-class coverage checked"
anneal,catboost,4,j1_b_then_a,0.821748452076893,0.3681610019735863,0.2295410155850556,0.1678490801023814,0.6538993719745112,0.0078376989302839,0.0667283488580974,j2_a_then_b,,,256,52,128,"joint(A,B); seed=11; train-class coverage checked"
anneal,catboost,4,j2_a_then_b,0.8598193171011009,0.3906185995673411,0.1956181416722353,0.1517742812549198,0.695176590981281,0.0273650682439347,0.0667283488580974,j2_a_then_b,,,256,52,128,"joint(A,B); seed=11; train-class coverage checked"
anneal,catboost,4,independent,0.8185420980943312,0.3668582091194838,0.2256281207971271,0.1646427261198199,0.6538993719745112,4.5101116309502476e-17,0.0667283488580974,j2_a_then_b,,,256,52,128,"joint(A,B); seed=11; train-class coverage checked"
anneal,catboost,4,arithmetic,0.836150831396764,0.3775042596227594,0.1965354864940918,0.1597592743040413,0.6701147150481104,0.0176013835871093,0.0667283488580974,j2_a_then_b,,,256,52,128,"joint(A,B); seed=11; train-class coverage checked"
anneal,catboost,4,geometric,0.8354324511473439,0.3772371349912048,0.1950022336152307,0.1587783427837498,0.6701230499369271,0.0175470153382923,0.0667283488580974,j2_a_then_b,,,256,52,128,"joint(A,B); seed=11; train-class coverage checked"
anneal,catboost,4,hard_core,0.8116160062742612,0.3635002692542337,0.2205264338453894,0.1577166342997499,0.6469732801540216,1.6728684714870884e-13,0.0667283488580974,j2_a_then_b,,,256,52,128,"joint(A,B); seed=11; train-class coverage checked"
anneal,catboost,4,soft_core_lambda_1,0.8225136841705022,0.3699122599475192,0.1928215744973115,0.1581657257606459,0.6576226042293463,0.0087015986842602,0.0667283488580974,j2_a_then_b,,,256,52,128,"joint(A,B); seed=11; train-class coverage checked"
anneal,catboost,4,selective_core,0.8598193171011009,0.3906185995673411,0.1956181416722353,0.1517742812549198,0.695176590981281,0.0273650682439347,0.0667283488580974,j2_a_then_b,,,256,52,128,"joint(A,B); seed=11; train-class coverage checked"
anneal,catboost,5,j1_b_then_a,0.8259075852444475,0.376240677527118,0.2633931176298048,0.1524125403077072,0.6734950449367403,0.0121327610318129,0.0692695063884012,j2_a_then_b,,,256,52,128,"joint(A,B); seed=11; train-class coverage checked"
anneal,catboost,5,j2_a_then_b,0.8369321441028624,0.3932696838199803,0.2308777734700293,0.1425392750167292,0.6897534853154659,0.0284279192700929,0.0692695063884012,j2_a_then_b,,,256,52,128,"joint(A,B); seed=11; train-class coverage checked"
anneal,catboost,5,independent,0.820673703724137,0.3747089630971341,0.2769381405586342,0.1471786587873965,0.6734950449367403,5.405594862787494e-17,0.0692695063884012,j2_a_then_b,,,256,52,128,"joint(A,B); seed=11; train-class coverage checked"
anneal,catboost,5,arithmetic,0.8278449699084476,0.3830750798225769,0.222718039522477,0.1469062428228387,0.6782516978833406,0.0202803401509529,0.0692695063884012,j2_a_then_b,,,256,52,128,"joint(A,B); seed=11; train-class coverage checked"
anneal,catboost,5,geometric,0.8264919236617825,0.382489460434319,0.2211980380090409,0.1457930755749357,0.678343752435235,0.0203313222366866,0.0692695063884012,j2_a_then_b,,,256,52,128,"joint(A,B); seed=11; train-class coverage checked"
anneal,catboost,5,hard_core,0.818318083933092,0.3735339548615889,0.2535570530058811,0.1448230389963517,0.6711394251456978,3.1599914267839604e-14,0.0692695063884012,j2_a_then_b,,,256,52,128,"joint(A,B); seed=11; train-class coverage checked"
anneal,catboost,5,soft_core_lambda_1,0.821181807676385,0.3773819564641942,0.2416647612873035,0.1448968968399237,0.6739368998435,0.0101882827170903,0.0692695063884012,j2_a_then_b,,,256,52,128,"joint(A,B); seed=11; train-class coverage checked"
anneal,catboost,5,selective_core,0.8369321441028624,0.3932696838199803,0.2308777734700293,0.1425392750167292,0.6897534853154659,0.0284279192700929,0.0692695063884012,j2_a_then_b,,,256,52,128,"joint(A,B); seed=11; train-class coverage checked"
diamonds,tabiclv2,1,j1_b_then_a,2.33743727886508,0.8301120586423874,0.0667011721491434,0.7571698125271233,1.5910130968122238,0.027794908503285,0.1478518409398886,mpr,0.0,,256,52,128,"joint(A,B); seed=11; train-class coverage checked"
diamonds,tabiclv2,1,j2_a_then_b,2.286155444134364,0.8218563740859447,0.054760444625353,0.7769587979835468,1.526699056746183,0.0613620166007854,0.1478518409398886,mpr,0.0,,256,52,128,"joint(A,B); seed=11; train-class coverage checked"
diamonds,tabiclv2,1,independent,2.339723853726137,0.8272643338404337,0.0534599651292233,0.7594563873881808,1.580267466337956,4.3143049105052676e-17,0.1478518409398886,mpr,0.0,,256,52,128,"joint(A,B); seed=11; train-class coverage checked"
diamonds,tabiclv2,1,arithmetic,2.2930361722514374,0.8209744220206583,0.0568884416885085,0.764261588449642,1.5456943477195857,0.0445784625520351,0.1478518409398886,mpr,0.0,,256,52,128,"joint(A,B); seed=11; train-class coverage checked"
diamonds,tabiclv2,1,geometric,2.289333521982714,0.8209454513208219,0.0506436730522931,0.7611987036954398,1.5414225956653935,0.0439098002747285,0.1478518409398886,mpr,0.0,,256,52,128,"joint(A,B); seed=11; train-class coverage checked"
diamonds,tabiclv2,1,hard_core,2.352476325287494,0.8275038695055679,0.0686697289895035,0.7722088589495377,1.593019937898976,2.1437263105077282e-13,0.1478518409398886,mpr,0.0,,256,52,128,"joint(A,B); seed=11; train-class coverage checked"
diamonds,tabiclv2,1,soft_core_lambda_1,2.315898133976253,0.8230383035902806,0.0503215895739555,0.7653786918047207,1.56345970589529,0.0217616713580128,0.1478518409398886,mpr,0.0,,256,52,128,"joint(A,B); seed=11; train-class coverage checked"
diamonds,tabiclv2,1,selective_core,2.357420626337393,0.8276512861825658,0.0695779205307016,0.7771531599994363,1.5979642389488224,1.9380344124893138e-13,0.1478518409398886,mpr,0.0,,256,52,128,"joint(A,B); seed=11; train-class coverage checked"
diamonds,tabiclv2,2,j1_b_then_a,2.1027495057269583,0.8444810461627551,0.0992774099950554,0.6321650547107789,1.4750238905074249,0.0263597901394424,0.137944520291354,soft,1.0,10.0,256,52,128,"joint(A,B); seed=11; train-class coverage checked"
diamonds,tabiclv2,2,j2_a_then_b,2.122296300434364,0.8411565996675172,0.0916801082707857,0.6946398970322134,1.4313006260654024,0.0564589155731434,0.137944520291354,soft,1.0,10.0,256,52,128,"joint(A,B); seed=11; train-class coverage checked"
diamonds,tabiclv2,2,independent,2.161580125385141,0.8518976737950892,0.1162152773846748,0.6909956743689613,1.4705844510161796,4.954316222569594e-17,0.137944520291354,soft,1.0,10.0,256,52,128,"joint(A,B); seed=11; train-class coverage checked"
diamonds,tabiclv2,2,arithmetic,2.090317356901332,0.8392607768933695,0.089268997975372,0.6547340734449152,1.4403497269978245,0.0414093528562929,0.137944520291354,soft,1.0,10.0,256,52,128,"joint(A,B); seed=11; train-class coverage checked"
diamonds,tabiclv2,2,geometric,2.093461540610491,0.8403447145617859,0.0954986329561856,0.6571635320924146,1.4389682001529085,0.0397389342017426,0.137944520291354,soft,1.0,10.0,256,52,128,"joint(A,B); seed=11; train-class coverage checked"
diamonds,tabiclv2,2,hard_core,2.1631641065295644,0.8513515793654645,0.1048525208064624,0.6925796555133844,1.472168432160338,7.509620747527742e-14,0.137944520291354,soft,1.0,10.0,256,52,128,"joint(A,B); seed=11; train-class coverage checked"
diamonds,tabiclv2,2,soft_core_lambda_1,2.1245673216363112,0.8452402841644073,0.1060111977141979,0.6739571024555311,1.452731666995748,0.019626065140542,0.137944520291354,soft,1.0,10.0,256,52,128,"joint(A,B); seed=11; train-class coverage checked"
diamonds,tabiclv2,2,selective_core,2.158642795945084,0.8510924218572404,0.1029397032584396,0.6880387206211687,1.4748911788707224,0.0022513782199828,0.137944520291354,soft,1.0,10.0,256,52,128,"joint(A,B); seed=11; train-class coverage checked"
diamonds,tabiclv2,3,j1_b_then_a,2.304065085102968,0.8344342832599791,0.0837471193443785,0.7224918782047632,1.5856704548024312,0.0266646612330878,0.1283498117013774,soft,0.75,0.03,256,52,128,"joint(A,B); seed=11; train-class coverage checked"
diamonds,tabiclv2,3,j2_a_then_b,2.249617975527125,0.8419463469046871,0.0799151428793693,0.7027888703118197,1.54927243833265,0.0533654806696417,0.1283498117013774,soft,0.75,0.03,256,52,128,"joint(A,B); seed=11; train-class coverage checked"
diamonds,tabiclv2,3,independent,2.28191874409268,0.8330659532176194,0.0420695988934193,0.7003455371944753,1.5815732068982045,4.0897952709588813e-17,0.1283498117013774,soft,0.75,0.03,256,52,128,"joint(A,B); seed=11; train-class coverage checked"
diamonds,tabiclv2,3,arithmetic,2.251110065730096,0.8349034961697651,0.0704784521547468,0.7061600843747016,1.5486255103253468,0.0400150709513648,0.1283498117013774,soft,0.75,0.03,256,52,128,"joint(A,B); seed=11; train-class coverage checked"
diamonds,tabiclv2,3,geometric,2.2588278164108377,0.8350262543979995,0.048433311758172,0.7076155184558187,1.5545663609180511,0.0384121568382547,0.1283498117013774,soft,0.75,0.03,256,52,128,"joint(A,B); seed=11; train-class coverage checked"
diamonds,tabiclv2,3,hard_core,2.285111002046744,0.8329258714207151,0.0355989320442437,0.7035377951485389,1.5847654648520733,4.0995326451707684e-14,0.1283498117013774,soft,0.75,0.03,256,52,128,"joint(A,B); seed=11; train-class coverage checked"
diamonds,tabiclv2,3,soft_core_lambda_1,2.2680793698278143,0.833431961758826,0.0568831663676289,0.7043432507693173,1.5670205914527588,0.0188098552279187,0.1283498117013774,soft,0.75,0.03,256,52,128,"joint(A,B); seed=11; train-class coverage checked"
diamonds,tabiclv2,3,selective_core,2.2770958131778047,0.8339350023145531,0.0473694633776423,0.7131210199251408,1.567666389627072,0.0311833012507699,0.1283498117013774,soft,0.75,0.03,256,52,128,"joint(A,B); seed=11; train-class coverage checked"
diamonds,tabiclv2,4,j1_b_then_a,2.2696421512558844,0.8548006004432142,0.1472132896371588,0.7188039876939682,1.5502711897051868,0.0292668791489549,0.1381220710372844,arithmetic,,,256,52,128,"joint(A,B); seed=11; train-class coverage checked"
diamonds,tabiclv2,4,j2_a_then_b,2.279856228574995,0.863363305193981,0.1273379267005848,0.7084921909059811,1.5648419626651646,0.0547549481120147,0.1381220710372844,arithmetic,,,256,52,128,"joint(A,B); seed=11; train-class coverage checked"
diamonds,tabiclv2,4,independent,2.265852429471747,0.851002109112504,0.1399386620847367,0.7150142659098301,1.5508381635619162,4.4250940903101087e-17,0.1381220710372844,arithmetic,,,256,52,128,"joint(A,B); seed=11; train-class coverage checked"
diamonds,tabiclv2,4,arithmetic,2.254020370883409,0.855438510496549,0.1124841959482427,0.7084158501761875,1.542605151663358,0.0420109136304848,0.1381220710372844,arithmetic,,,256,52,128,"joint(A,B); seed=11; train-class coverage checked"
diamonds,tabiclv2,4,geometric,2.2547946274668167,0.8566148783103165,0.1141609202399763,0.7074404955773247,1.5419537456948635,0.0405651295316507,0.1381220710372844,arithmetic,,,256,52,128,"joint(A,B); seed=11; train-class coverage checked"
diamonds,tabiclv2,4,hard_core,2.259347185808249,0.8511815659321333,0.1410606945698976,0.7085090222463326,1.5443329198983595,2.2712400621696293e-14,0.1381220710372844,arithmetic,,,256,52,128,"joint(A,B); seed=11; train-class coverage checked"
diamonds,tabiclv2,4,soft_core_lambda_1,2.252843580456957,0.8533692253458859,0.1276780870777588,0.7068885913324644,1.5399625421687742,0.0199391053100843,0.1381220710372844,arithmetic,,,256,52,128,"joint(A,B); seed=11; train-class coverage checked"
diamonds,tabiclv2,4,selective_core,2.254020370883409,0.855438510496549,0.1124841959482427,0.7084158501761875,1.542605151663358,0.0420109136304848,0.1381220710372844,arithmetic,,,256,52,128,"joint(A,B); seed=11; train-class coverage checked"
diamonds,tabiclv2,5,j1_b_then_a,2.201785612995269,0.8293481494447084,0.0683581285637779,0.7215245280337328,1.4789621228132304,0.0295590523577384,0.1126954537766422,soft,0.5,1.0,256,52,128,"joint(A,B); seed=11; train-class coverage checked"
diamonds,tabiclv2,5,j2_a_then_b,2.173642008061932,0.8231156077948476,0.0482776184393832,0.7041102670836176,1.4807585189174974,0.0406731391656425,0.1126954537766422,soft,0.5,1.0,256,52,128,"joint(A,B); seed=11; train-class coverage checked"
diamonds,tabiclv2,5,independent,2.1731445741059696,0.8268276495132811,0.0713346312174821,0.6928834891444342,1.480261084961536,4.345367693176226e-17,0.1126954537766422,soft,0.5,1.0,256,52,128,"joint(A,B); seed=11; train-class coverage checked"
diamonds,tabiclv2,5,arithmetic,2.1750098137169926,0.8240234394023733,0.090321297566099,0.7072466172889642,1.472596118597682,0.0351160957616904,0.1126954537766422,soft,0.5,1.0,256,52,128,"joint(A,B); seed=11; train-class coverage checked"
diamonds,tabiclv2,5,geometric,2.1749845275120663,0.8240740678835343,0.0706581492058858,0.7066796187430355,1.4721467487217683,0.0350205775557928,0.1126954537766422,soft,0.5,1.0,256,52,128,"joint(A,B); seed=11; train-class coverage checked"
diamonds,tabiclv2,5,hard_core,2.176606191472832,0.827068265576242,0.0617241928675006,0.6963451065112958,1.4837227023283623,6.4658953272184785e-15,0.1126954537766422,soft,0.5,1.0,256,52,128,"joint(A,B); seed=11; train-class coverage checked"
diamonds,tabiclv2,5,soft_core_lambda_1,2.1730139493573324,0.8251357584400821,0.0542184153030522,0.7002477390885278,1.476399089565569,0.01753140710034,0.1126954537766422,soft,0.5,1.0,256,52,128,"joint(A,B); seed=11; train-class coverage checked"
diamonds,tabiclv2,5,selective_core,2.1730139493573324,0.8251357584400821,0.0542184153030522,0.7002477390885278,1.476399089565569,0.01753140710034,0.1126954537766422,soft,0.5,1.0,256,52,128,"joint(A,B); seed=11; train-class coverage checked"
diamonds,tabpfn3,1,j1_b_then_a,2.33362425175738,0.8705144655585445,0.0806287758301954,0.6654998772397311,1.6746792497709055,0.0175373249528969,0.0717916054152925,mpr,1.0,,256,52,128,"joint(A,B); seed=11; train-class coverage checked"
diamonds,tabpfn3,1,j2_a_then_b,2.322948958006594,0.8722989646242226,0.0654626079717285,0.6440405689362939,1.6885066970103983,0.0254846559513737,0.0717916054152925,mpr,1.0,,256,52,128,"joint(A,B); seed=11; train-class coverage checked"
diamonds,tabpfn3,1,independent,2.3025666355138443,0.8708028790285004,0.0886111653584026,0.6344422609961955,1.668124374517649,4.315942562682e-17,0.0717916054152925,mpr,1.0,,256,52,128,"joint(A,B); seed=11; train-class coverage checked"
diamonds,tabpfn3,1,arithmetic,2.3234758800028885,0.8705773180919005,0.0949285887686571,0.6527719829666832,1.6781850081899523,0.0215109904521353,0.0717916054152925,mpr,1.0,,256,52,128,"joint(A,B); seed=11; train-class coverage checked"
diamonds,tabpfn3,1,geometric,2.3229442152756192,0.8708067192484977,0.0965387068029821,0.65217350586378,1.6775836060873497,0.0210468181776079,0.0717916054152925,mpr,1.0,,256,52,128,"joint(A,B); seed=11; train-class coverage checked"
diamonds,tabpfn3,1,hard_core,2.3085765712188304,0.8713901855460857,0.0814177612570003,0.6404521967011814,1.6741343102225843,9.927781808668687e-15,0.0717916054152925,mpr,1.0,,256,52,128,"joint(A,B); seed=11; train-class coverage checked"
diamonds,tabpfn3,1,soft_core_lambda_1,2.314848461541981,0.8709378792122171,0.0808442194828513,0.645952037952999,1.6753014092224945,0.0104675753335254,0.0717916054152925,mpr,1.0,,256,52,128,"joint(A,B); seed=11; train-class coverage checked"
diamonds,tabpfn3,1,selective_core,2.3087764807311952,0.871209684607442,0.0733908984321628,0.640652106213546,1.6743342197360735,4.347867353180976e-13,0.0717916054152925,mpr,1.0,,256,52,128,"joint(A,B); seed=11; train-class coverage checked"
diamonds,tabpfn3,2,j1_b_then_a,2.139236923378224,0.8420807283647078,0.0705734092885615,0.6841033526356024,1.457350862549547,0.0312382316617735,0.093590623576993,soft,0.0,3.0,256,52,128,"joint(A,B); seed=11; train-class coverage checked"
diamonds,tabpfn3,2,j2_a_then_b,2.0858528623889425,0.8314762492056094,0.0584940235835201,0.6303769891954232,1.4626305275990696,0.0259412196615812,0.093590623576993,soft,0.0,3.0,256,52,128,"joint(A,B); seed=11; train-class coverage checked"
diamonds,tabpfn3,2,independent,2.078355905532495,0.8341617752166794,0.0767690981438259,0.6232223347898727,1.455133570742622,3.9725679790104175e-17,0.093590623576993,soft,0.0,3.0,256,52,128,"joint(A,B); seed=11; train-class coverage checked"
diamonds,tabpfn3,2,arithmetic,2.1054170937841583,0.8354654107785969,0.0561724079910257,0.6530876105468058,1.4564536005044202,0.0285897256616773,0.093590623576993,soft,0.0,3.0,256,52,128,"joint(A,B); seed=11; train-class coverage checked"
diamonds,tabpfn3,2,geometric,2.1042056167810004,0.8355152480898171,0.0560666912734132,0.6516723986532158,1.4566390648261849,0.0278390057381568,0.093590623576993,soft,0.0,3.0,256,52,128,"joint(A,B); seed=11; train-class coverage checked"
diamonds,tabpfn3,2,hard_core,2.082287436028737,0.8345813579826804,0.057337828132145,0.627153865286115,1.4590651012387648,3.8107615389243296e-14,0.093590623576993,soft,0.0,3.0,256,52,128,"joint(A,B); seed=11; train-class coverage checked"
diamonds,tabpfn3,2,soft_core_lambda_1,2.0915156725796606,0.8347574558934987,0.0728746367371525,0.6382999816256589,1.4572385763504696,0.0137356613305171,0.093590623576993,soft,0.0,3.0,256,52,128,"joint(A,B); seed=11; train-class coverage checked"
diamonds,tabpfn3,2,selective_core,2.0836630744627005,0.8334717484212968,0.050861540804198,0.6305121542062848,1.4605028005850074,0.0066505663346627,0.093590623576993,soft,0.0,3.0,256,52,128,"joint(A,B); seed=11; train-class coverage checked"
diamonds,tabpfn3,3,j1_b_then_a,2.352689873542479,0.8619644319259541,0.0312241516126952,0.735163736218085,1.6121215371484374,0.0201147129682843,0.0703477683838054,mpr,1.0,,256,52,128,"joint(A,B); seed=11; train-class coverage checked"
diamonds,tabpfn3,3,j2_a_then_b,2.36956815292828,0.8627667852881217,0.0476327420923001,0.7320803262908289,1.633946152580687,0.0220270011389562,0.0703477683838054,mpr,1.0,,256,52,128,"joint(A,B); seed=11; train-class coverage checked"
diamonds,tabpfn3,3,independent,2.353148137671988,0.8601258824701854,0.0468353389539803,0.7356220003475935,1.6175261373243943,4.756284551712969e-17,0.0703477683838054,mpr,1.0,,256,52,128,"joint(A,B); seed=11; train-class coverage checked"
diamonds,tabpfn3,3,arithmetic,2.3554595923173154,0.8616232600458246,0.0374556892044155,0.730898978174928,1.6197844294261814,0.0210708570536202,0.0703477683838054,mpr,1.0,,256,52,128,"joint(A,B); seed=11; train-class coverage checked"
diamonds,tabpfn3,3,geometric,2.355652644134995,0.8616377616820403,0.0495007844220487,0.730495216494746,1.6203294607601426,0.0205450236942429,0.0703477683838054,mpr,1.0,,256,52,128,"joint(A,B); seed=11; train-class coverage checked"
diamonds,tabpfn3,3,hard_core,2.348794993605486,0.8599169683775931,0.058187911124006,0.7312688562810922,1.613172993258557,1.6221082475226753e-13,0.0703477683838054,mpr,1.0,,256,52,128,"joint(A,B); seed=11; train-class coverage checked"
diamonds,tabpfn3,3,soft_core_lambda_1,2.35094434376396,0.8606404890960944,0.024185756465774,0.730253029502991,1.6161003896985346,0.010177935580302,0.0703477683838054,mpr,1.0,,256,52,128,"joint(A,B); seed=11; train-class coverage checked"
diamonds,tabpfn3,3,selective_core,2.3485427119172284,0.8602799108798661,0.0491490708228038,0.7310165745928341,1.6129207115706168,4.4248174879623284e-13,0.0703477683838054,mpr,1.0,,256,52,128,"joint(A,B); seed=11; train-class coverage checked"
diamonds,tabpfn3,4,j1_b_then_a,2.2253990287503607,0.8464146765507097,0.0455424849010729,0.6814854481709737,1.5421327866339174,0.0281843904785719,0.0873317501948852,soft,0.75,1.0,256,52,128,"joint(A,B); seed=11; train-class coverage checked"
diamonds,tabpfn3,4,j2_a_then_b,2.291664904407224,0.8600866045090159,0.0492662620442465,0.7046079094171407,1.5961915058140663,0.026266183038192,0.0873317501948852,soft,0.75,1.0,256,52,128,"joint(A,B); seed=11; train-class coverage checked"
diamonds,tabpfn3,4,independent,2.239386979172544,0.8472092889858365,0.0555966055926399,0.6954733985931572,1.5439135805793869,4.766974703077359e-17,0.0873317501948852,soft,0.75,1.0,256,52,128,"joint(A,B); seed=11; train-class coverage checked"
diamonds,tabpfn3,4,arithmetic,2.24891014772924,0.8522245470931515,0.0588365108409764,0.6871225538335167,1.5639097698780149,0.0272252867583819,0.0873317501948852,soft,0.75,1.0,256,52,128,"joint(A,B); seed=11; train-class coverage checked"
diamonds,tabpfn3,4,geometric,2.2503333712148264,0.8524701534605678,0.0744566050827416,0.6878804094956119,1.565497653285555,0.0263783602231309,0.0873317501948852,soft,0.75,1.0,256,52,128,"joint(A,B); seed=11; train-class coverage checked"
diamonds,tabpfn3,4,hard_core,2.243127146752503,0.8484940675694347,0.0559827746173847,0.6992135661731158,1.5476537481597297,1.0343557061909809e-13,0.0873317501948852,soft,0.75,1.0,256,52,128,"joint(A,B); seed=11; train-class coverage checked"
diamonds,tabpfn3,4,soft_core_lambda_1,2.244780615338401,0.8502468944980826,0.0527349774370414,0.6924345250091299,1.555722806428192,0.0130565819069979,0.0873317501948852,soft,0.75,1.0,256,52,128,"joint(A,B); seed=11; train-class coverage checked"
diamonds,tabpfn3,4,selective_core,2.235409778425488,0.8482226759093456,0.0507621354561462,0.6875266985086464,1.548652103210589,0.0132585378089756,0.0873317501948852,soft,0.75,1.0,256,52,128,"joint(A,B); seed=11; train-class coverage checked"
diamonds,tabpfn3,5,j1_b_then_a,2.2306695999186,0.8371513732929361,0.1156832248554619,0.757084773881439,1.4723681985821004,0.0266012524715334,0.0861551186946036,mpr,0.0,,256,52,128,"joint(A,B); seed=11; train-class coverage checked"
diamonds,tabpfn3,5,j2_a_then_b,2.1961631713054146,0.8329605873851409,0.1190337684890226,0.7114367892457081,1.4920719459584395,0.0263873879017184,0.0861551186946036,mpr,0.0,,256,52,128,"joint(A,B); seed=11; train-class coverage checked"
diamonds,tabpfn3,5,independent,2.1776760513841364,0.8291564520840491,0.0995295245436152,0.7040912253469757,1.473584826037161,4.242390986102765e-17,0.0861551186946036,mpr,0.0,,256,52,128,"joint(A,B); seed=11; train-class coverage checked"
diamonds,tabpfn3,5,arithmetic,2.208795665742737,0.8340262544847781,0.1043345055451414,0.7315595990211989,1.4802570020713466,0.0264943201866259,0.0861551186946036,mpr,0.0,,256,52,128,"joint(A,B); seed=11; train-class coverage checked"
diamonds,tabpfn3,5,geometric,2.2057413950754725,0.8336816150038868,0.1113892796397779,0.7300009587431642,1.4784520819568252,0.0258756185286204,0.0861551186946036,mpr,0.0,,256,52,128,"joint(A,B); seed=11; train-class coverage checked"
diamonds,tabpfn3,5,hard_core,2.18079052616923,0.8293808418302406,0.1025072611064943,0.7072057001320694,1.4766993008219351,1.1170549657963965e-13,0.0861551186946036,mpr,0.0,,256,52,128,"joint(A,B); seed=11; train-class coverage checked"
diamonds,tabpfn3,5,soft_core_lambda_1,2.191542164037413,0.8312367128539769,0.1119834154938913,0.717647972452573,1.47681361793554,0.0128044220963272,0.0861551186946036,mpr,0.0,,256,52,128,"joint(A,B); seed=11; train-class coverage checked"
diamonds,tabpfn3,5,selective_core,2.186172413157335,0.8298282865036466,0.100531553282565,0.7125875871201743,1.482081187810222,4.462415581561228e-14,0.0861551186946036,mpr,0.0,,256,52,128,"joint(A,B); seed=11; train-class coverage checked"
diamonds,catboost,1,j1_b_then_a,2.792793852538317,0.915847182613332,0.0665120802565707,0.8551520689743656,1.94393394280302,0.0169662570884097,0.0832281544811726,mpr,0.0,,256,52,128,"joint(A,B); seed=11; train-class coverage checked"
diamonds,catboost,1,j2_a_then_b,2.7611816463696,0.9118053524534162,0.0271272802279482,0.8334647284949072,1.9250756927089585,0.0285358275968008,0.0832281544811726,mpr,0.0,,256,52,128,"joint(A,B); seed=11; train-class coverage checked"
diamonds,catboost,1,independent,2.7737477372245927,0.9149365418488482,0.0611201708793041,0.8361059536606417,1.9376417835639512,4.6976447254723497e-17,0.0832281544811726,mpr,0.0,,256,52,128,"joint(A,B); seed=11; train-class coverage checked"
diamonds,catboost,1,arithmetic,2.769919236343064,0.9131277124073852,0.0477205776429689,0.840171138586785,1.9282209184589048,0.0227510423426052,0.0832281544811726,mpr,0.0,,256,52,128,"joint(A,B); seed=11; train-class coverage checked"
diamonds,catboost,1,geometric,2.770991820120916,0.913237286157298,0.0480039683616449,0.8407644804966663,1.929399890090322,0.0227500920704552,0.0832281544811726,mpr,0.0,,256,52,128,"joint(A,B); seed=11; train-class coverage checked"
diamonds,catboost,1,hard_core,2.7726422281968173,0.9143986443732112,0.0529149533226591,0.835000444632866,1.936536274535252,3.761489207674933e-13,0.0832281544811726,mpr,0.0,,256,52,128,"joint(A,B); seed=11; train-class coverage checked"
diamonds,catboost,1,soft_core_lambda_1,2.7708994154616287,0.9136809707724473,0.0422888248655918,0.8377265529874451,1.932204617825408,0.0114344950976304,0.0832281544811726,mpr,0.0,,256,52,128,"joint(A,B); seed=11; train-class coverage checked"
diamonds,catboost,1,selective_core,2.769056208445698,0.9140408217776462,0.0464649629460541,0.8314144248817465,1.932950254784404,2.660972977337403e-13,0.0832281544811726,mpr,0.0,,256,52,128,"joint(A,B); seed=11; train-class coverage checked"
diamonds,catboost,2,j1_b_then_a,2.839293718008021,0.9270246821241216,0.063478301445038,0.9081773229986349,1.9424565846709168,0.0210523706804179,0.0800422541762983,j2_a_then_b,,,256,52,128,"joint(A,B); seed=11; train-class coverage checked"
diamonds,catboost,2,j2_a_then_b,2.778732504241163,0.920381156888298,0.0772122777853305,0.8723448602850262,1.9067541420465768,0.0264731343351512,0.0800422541762983,j2_a_then_b,,,256,52,128,"joint(A,B); seed=11; train-class coverage checked"
diamonds,catboost,2,independent,2.803094757203973,0.9227806043299616,0.0623178290332886,0.8719783621945864,1.931116395009387,4.9422678406393916e-17,0.0800422541762983,j2_a_then_b,,,256,52,128,"joint(A,B); seed=11; train-class coverage checked"
diamonds,catboost,2,arithmetic,2.80366884806808,0.9231256228540756,0.0603399604861482,0.8875814184128986,1.920861842662304,0.0237627525077845,0.0800422541762983,j2_a_then_b,,,256,52,128,"joint(A,B); seed=11; train-class coverage checked"
diamonds,catboost,2,geometric,2.8038628118318094,0.9232420343851048,0.0605123575026368,0.8876485809172552,1.9211304584150404,0.023673457772236,0.0800422541762983,j2_a_then_b,,,256,52,128,"joint(A,B); seed=11; train-class coverage checked"
diamonds,catboost,2,hard_core,2.807127288972313,0.9244766227977148,0.0906046156504774,0.8760108939629262,1.935148926777143,1.8924560879420202e-13,0.0800422541762983,j2_a_then_b,,,256,52,128,"joint(A,B); seed=11; train-class coverage checked"
diamonds,catboost,2,soft_core_lambda_1,2.804767820623668,0.9238013725508472,0.0622959717565439,0.8815412978261559,1.9277111482322984,0.0118441142196895,0.0800422541762983,j2_a_then_b,,,256,52,128,"joint(A,B); seed=11; train-class coverage checked"
diamonds,catboost,2,selective_core,2.778732504241163,0.920381156888298,0.0772122777853305,0.8723448602850262,1.9067541420465768,0.0264731343351512,0.0800422541762983,j2_a_then_b,,,256,52,128,"joint(A,B); seed=11; train-class coverage checked"
diamonds,catboost,3,j1_b_then_a,2.827851437862934,0.9222033107741424,0.0502825366358526,0.9234375826002448,1.9019713368428013,0.0263905853639683,0.0851423655909951,mpr,0.0,,256,52,128,"joint(A,B); seed=11; train-class coverage checked"
diamonds,catboost,3,j2_a_then_b,2.8289076414747463,0.920172791284448,0.0458525727549534,0.9346708422443072,1.8897017639749472,0.0265072740511275,0.0851423655909951,mpr,0.0,,256,52,128,"joint(A,B); seed=11; train-class coverage checked"
diamonds,catboost,3,independent,2.8436197327624884,0.9230085455288366,0.0506192193339891,0.9392058774997992,1.904413855262689,4.682736945600674e-17,0.0851423655909951,mpr,0.0,,256,52,128,"joint(A,B); seed=11; train-class coverage checked"
diamonds,catboost,3,arithmetic,2.8209922059079675,0.9204591121006857,0.0392287097905291,0.9242264126381456,1.8914806162590423,0.0264489297075479,0.0851423655909951,mpr,0.0,,256,52,128,"joint(A,B); seed=11; train-class coverage checked"
diamonds,catboost,3,geometric,2.822320363159421,0.9205231352354404,0.0393297004502573,0.925410250454988,1.892338718590722,0.026426696735125,0.0851423655909951,mpr,0.0,,256,52,128,"joint(A,B); seed=11; train-class coverage checked"
diamonds,catboost,3,hard_core,2.8388620844225336,0.9229037564893534,0.0594145618685296,0.9344482291598448,1.8996562069227745,2.2522284194971893e-14,0.0851423655909951,mpr,0.0,,256,52,128,"joint(A,B); seed=11; train-class coverage checked"
diamonds,catboost,3,soft_core_lambda_1,2.8294491220533544,0.921592987761588,0.0492571870358788,0.9293237647676112,1.895455515980709,0.0132223673596163,0.0851423655909951,mpr,0.0,,256,52,128,"joint(A,B); seed=11; train-class coverage checked"
diamonds,catboost,3,selective_core,2.838591503648164,0.9229187855274243,0.0532454247759275,0.9341776483854756,1.899385626148372,1.0837376596172302e-14,0.0851423655909951,mpr,0.0,,256,52,128,"joint(A,B); seed=11; train-class coverage checked"
diamonds,catboost,4,j1_b_then_a,2.7849303715175173,0.916013774024466,0.0576695333595512,0.8629649310879629,1.9216694358646147,0.0207006907608705,0.0936078280132747,geometric,0.25,,256,52,128,"joint(A,B); seed=11; train-class coverage checked"
diamonds,catboost,4,j2_a_then_b,2.784972155507238,0.9135792925081004,0.0402945978252141,0.8663931951805539,1.9313111417530584,0.035134644572308,0.0936078280132747,geometric,0.25,,256,52,128,"joint(A,B); seed=11; train-class coverage checked"
diamonds,catboost,4,independent,2.775626454183734,0.9155433474990066,0.0775789139778567,0.8536610137541796,1.9219654404295543,4.775910569798647e-17,0.0936078280132747,geometric,0.25,,256,52,128,"joint(A,B); seed=11; train-class coverage checked"
diamonds,catboost,4,arithmetic,2.778688967228547,0.913936117639502,0.0661629493672409,0.8629538125937782,1.921400085392993,0.0279176676665892,0.0936078280132747,geometric,0.25,,256,52,128,"joint(A,B); seed=11; train-class coverage checked"
diamonds,catboost,4,geometric,2.778026443053041,0.9140067661351764,0.0665492485706275,0.861524670695841,1.9214843777282264,0.0280342917190679,0.0936078280132747,geometric,0.25,,256,52,128,"joint(A,B); seed=11; train-class coverage checked"
diamonds,catboost,4,hard_core,2.780507999160976,0.916224871090234,0.0783472634230306,0.8585425587314209,1.926846985406818,1.2210961137636841e-13,0.0936078280132747,geometric,0.25,,256,52,128,"joint(A,B); seed=11; train-class coverage checked"
diamonds,catboost,4,soft_core_lambda_1,2.777918991568445,0.9149824960586928,0.0659787802905959,0.8597226512700847,1.9231184267920272,0.0140481363724311,0.0936078280132747,geometric,0.25,,256,52,128,"joint(A,B); seed=11; train-class coverage checked"
diamonds,catboost,4,selective_core,2.779778317596325,0.913590057302914,0.0532406500192482,0.8631574489586153,1.9251531407142848,0.0316290833926674,0.0936078280132747,geometric,0.25,,256,52,128,"joint(A,B); seed=11; train-class coverage checked"
diamonds,catboost,5,j1_b_then_a,2.8450320924648884,0.9211818734977504,0.0313111700821356,0.974181720795673,1.8710237795999167,0.0187356053363539,0.0899301023828955,geometric,0.75,,256,52,128,"joint(A,B); seed=11; train-class coverage checked"
diamonds,catboost,5,j2_a_then_b,2.8299208682209622,0.919454085221133,0.035997641818496,0.9686611041464032,1.8539368393687763,0.034774172159931,0.0899301023828955,geometric,0.75,,256,52,128,"joint(A,B); seed=11; train-class coverage checked"
diamonds,catboost,5,independent,2.846834400521401,0.921867026501801,0.0223821981085618,0.9759840288521856,1.8708503716692155,5.233308361315969e-17,0.0899301023828955,geometric,0.75,,256,52,128,"joint(A,B); seed=11; train-class coverage checked"
diamonds,catboost,5,arithmetic,2.8324234194135585,0.9195488366414456,0.0214814744893113,0.9695987972224094,1.858650317298144,0.0267548887481424,0.0899301023828955,geometric,0.75,,256,52,128,"joint(A,B); seed=11; train-class coverage checked"
diamonds,catboost,5,geometric,2.8310129434951943,0.9194188123703826,0.021117041719025,0.9689637899426992,1.8575205426833656,0.0267226080028361,0.0899301023828955,geometric,0.75,,256,52,128,"joint(A,B); seed=11; train-class coverage checked"
diamonds,catboost,5,hard_core,2.8414347207085164,0.9213855711107536,0.035219463468064,0.9705843490393012,1.8654506918561151,3.014577248851985e-13,0.0899301023828955,geometric,0.75,,256,52,128,"joint(A,B); seed=11; train-class coverage checked"
diamonds,catboost,5,soft_core_lambda_1,2.8351632506388613,0.920242792549977,0.0424199245410319,0.9696076011689928,1.860584758849748,0.0133716521035062,0.0899301023828955,geometric,0.75,,256,52,128,"joint(A,B); seed=11; train-class coverage checked"
diamonds,catboost,5,selective_core,2.836412206657885,0.9200741661674896,0.0411550266195762,0.9709618433696232,1.8630330795710408,0.0227110453006483,0.0899301023828955,geometric,0.75,,256,52,128,"joint(A,B); seed=11; train-class coverage checked"
car,tabiclv2,1,j1_b_then_a,1.2840014816790335,0.7003114435163195,0.0674354998599656,0.1565296059283893,0.7387591335355829,0.0303683342576612,0.1194619868245395,soft,1.0,1.0,256,52,128,"joint(A,B); seed=11; train-class coverage checked"
car,tabiclv2,1,j2_a_then_b,1.405049321477544,0.7230855345713676,0.0522004973863148,0.2391629033623687,0.8112816550017192,0.0513017570953526,0.1194619868245395,soft,1.0,1.0,256,52,128,"joint(A,B); seed=11; train-class coverage checked"
car,tabiclv2,1,independent,1.7212395422264688,0.7923417662817986,0.0922013188105398,0.5937676664758249,1.127471875750644,2.242075035558453e-17,0.1194619868245395,soft,1.0,1.0,256,52,128,"joint(A,B); seed=11; train-class coverage checked"
car,tabiclv2,1,arithmetic,1.3166613925033048,0.706110488258638,0.034523903098397,0.1796056537610274,0.7566996060986004,0.0408350456765069,0.1194619868245395,soft,1.0,1.0,256,52,128,"joint(A,B); seed=11; train-class coverage checked"
car,tabiclv2,1,geometric,1.3305541438374626,0.7070710523349836,0.0295458313793072,0.1924767093942981,0.7646231566999706,0.0418416306363404,0.1194619868245395,soft,1.0,1.0,256,52,128,"joint(A,B); seed=11; train-class coverage checked"
car,tabiclv2,1,hard_core,1.4308325472277228,0.7226971352937813,0.0602971073252674,0.303360671477079,0.8370648807532668,1.937722242955107e-13,0.1194619868245395,soft,1.0,1.0,256,52,128,"joint(A,B); seed=11; train-class coverage checked"
car,tabiclv2,1,soft_core_lambda_1,1.3340273976811878,0.7097092129206765,0.0910552624538211,0.1934734766554418,0.7681114022006141,0.0296794858696923,0.1194619868245395,soft,1.0,1.0,256,52,128,"joint(A,B); seed=11; train-class coverage checked"
car,tabiclv2,1,selective_core,1.2956218361785714,0.7073142341953527,0.0692350531133586,0.1572642898862005,0.7399278595147732,0.0251889829960207,0.1194619868245395,soft,1.0,1.0,256,52,128,"joint(A,B); seed=11; train-class coverage checked"
car,tabiclv2,2,j1_b_then_a,1.2705431799807214,0.7052604376176326,0.0453353794420156,0.152431209282403,0.764847515905337,0.0336212230461426,0.1101206541996609,soft,0.75,0.03,256,52,128,"joint(A,B); seed=11; train-class coverage checked"
car,tabiclv2,2,j2_a_then_b,1.268617656136198,0.7096925425985124,0.0984809044738306,0.1370650149236174,0.7748820572291781,0.0372710515294797,0.1101206541996609,soft,0.75,0.03,256,52,128,"joint(A,B); seed=11; train-class coverage checked"
car,tabiclv2,2,independent,1.6118475696053385,0.7753527838659582,0.1145247693795576,0.4937355989070199,1.1181119706983185,2.453368727740017e-17,0.1101206541996609,soft,0.75,0.03,256,52,128,"joint(A,B); seed=11; train-class coverage checked"
car,tabiclv2,2,arithmetic,1.2521635473791792,0.7024172104960582,0.1512180002771367,0.1333043042773873,0.761121827244623,0.0354461372878112,0.1101206541996609,soft,0.75,0.03,256,52,128,"joint(A,B); seed=11; train-class coverage checked"
car,tabiclv2,2,geometric,1.2509470948619243,0.702400755005631,0.1126314066410013,0.1336940893496142,0.761543535467833,0.0379632452713943,0.1101206541996609,soft,0.75,0.03,256,52,128,"joint(A,B); seed=11; train-class coverage checked"
car,tabiclv2,2,hard_core,1.2900594143456376,0.7043310487653346,0.0524435846846228,0.1719474436473191,0.7963238154380827,4.118627483088417e-13,0.1101206541996609,soft,0.75,0.03,256,52,128,"joint(A,B); seed=11; train-class coverage checked"
car,tabiclv2,2,soft_core_lambda_1,1.2488037024224687,0.6995852043076951,0.0876066750133891,0.1342915754463189,0.7609652045886091,0.0274376941776583,0.1101206541996609,soft,0.75,0.03,256,52,128,"joint(A,B); seed=11; train-class coverage checked"
car,tabiclv2,2,selective_core,1.2563831322246508,0.7024550955826108,0.0986208490572198,0.1408223513425603,0.761465343050191,0.0357929558643914,0.1101206541996609,soft,0.75,0.03,256,52,128,"joint(A,B); seed=11; train-class coverage checked"
car,tabiclv2,3,j1_b_then_a,1.2046068697253909,0.683868216662805,0.0523428005573573,0.109018720376854,0.7217801163387361,0.0431265333490753,0.1165207837368829,soft,1.0,0.3,256,52,128,"joint(A,B); seed=11; train-class coverage checked"
car,tabiclv2,3,j2_a_then_b,1.2689857609472264,0.686621678533965,0.1106241523764251,0.1940440005373634,0.7558167845655452,0.0310008581027242,0.1165207837368829,soft,1.0,0.3,256,52,128,"joint(A,B); seed=11; train-class coverage checked"
car,tabiclv2,3,independent,1.6087571257302176,0.764696713166106,0.1117066725546393,0.5131689763816811,1.0955881493485369,2.5412040591368178e-17,0.1165207837368829,soft,1.0,0.3,256,52,128,"joint(A,B); seed=11; train-class coverage checked"
car,tabiclv2,3,arithmetic,1.2249748252769046,0.6798019244779683,0.1105352996372261,0.14361714942927,0.7346147322230172,0.0370636957258997,0.1165207837368829,soft,1.0,0.3,256,52,128,"joint(A,B); seed=11; train-class coverage checked"
car,tabiclv2,3,geometric,1.2172175294576275,0.6784509048087048,0.1083745091781556,0.1376589057262356,0.7333208599090806,0.0398370361227805,0.1165207837368829,soft,1.0,0.3,256,52,128,"joint(A,B); seed=11; train-class coverage checked"
car,tabiclv2,3,hard_core,1.3091229034497625,0.6994667704787558,0.0837048026858088,0.2135347541012259,0.7959539270684495,2.777107584872508e-13,0.1165207837368829,soft,1.0,0.3,256,52,128,"joint(A,B); seed=11; train-class coverage checked"
car,tabiclv2,3,soft_core_lambda_1,1.23473326843206,0.6827285739641813,0.1134530884006558,0.1533407931971735,0.7371520971494028,0.0294360267992112,0.1165207837368829,soft,1.0,0.3,256,52,128,"joint(A,B); seed=11; train-class coverage checked"
car,tabiclv2,3,selective_core,1.2046755561848543,0.6810188318696306,0.0508753110384177,0.1155584219355874,0.7222691099175007,0.040436024154207,0.1165207837368829,soft,1.0,0.3,256,52,128,"joint(A,B); seed=11; train-class coverage checked"
car,tabiclv2,4,j1_b_then_a,1.3288053552075398,0.7075204707312457,0.1143524792463087,0.2124352345310818,0.8211580155714543,0.0249292768063474,0.0940793355321184,arithmetic,,,256,52,128,"joint(A,B); seed=11; train-class coverage checked"
car,tabiclv2,4,j2_a_then_b,1.3439477017877328,0.7149936071059468,0.0821539082565697,0.2072774856123799,0.8153659723739777,0.0385666626887818,0.0940793355321184,arithmetic,,,256,52,128,"joint(A,B); seed=11; train-class coverage checked"
car,tabiclv2,4,independent,1.6449518500902132,0.780285624565427,0.0522479068021933,0.528581729413755,1.116370120676458,2.846751838832473e-17,0.0940793355321184,arithmetic,,,256,52,128,"joint(A,B); seed=11; train-class coverage checked"
car,tabiclv2,4,arithmetic,1.3201080498099411,0.7073300763956083,0.0651634088694398,0.1995029060527898,0.8088247844401778,0.0317479697475646,0.0940793355321184,arithmetic,,,256,52,128,"joint(A,B); seed=11; train-class coverage checked"
car,tabiclv2,4,geometric,1.3221049957935245,0.7072491538488862,0.0801718408668571,0.2028192673822696,0.8124671746173121,0.03299971891809,0.0940793355321184,arithmetic,,,256,52,128,"joint(A,B); seed=11; train-class coverage checked"
car,tabiclv2,4,hard_core,1.4676843444299403,0.7077746757869281,0.0678977812577553,0.3513142237534823,0.9391026150149356,1.9360304415543797e-13,0.0940793355321184,arithmetic,,,256,52,128,"joint(A,B); seed=11; train-class coverage checked"
car,tabiclv2,4,soft_core_lambda_1,1.3281919136427782,0.7047253541836358,0.0572272020932421,0.2117177001024925,0.8164786870088308,0.024666336355635,0.0940793355321184,arithmetic,,,256,52,128,"joint(A,B); seed=11; train-class coverage checked"
car,tabiclv2,4,selective_core,1.3201080498099411,0.7073300763956083,0.0651634088694398,0.1995029060527898,0.8088247844401778,0.0317479697475646,0.0940793355321184,arithmetic,,,256,52,128,"joint(A,B); seed=11; train-class coverage checked"
car,tabiclv2,5,j1_b_then_a,1.28264363968837,0.7087353988158833,0.0286948110216346,0.1785742753737393,0.8399830938835988,0.0300559849662977,0.1119779810943529,j1_b_then_a,,,256,52,128,"joint(A,B); seed=11; train-class coverage checked"
car,tabiclv2,5,j2_a_then_b,1.3052774282248507,0.7113451396263106,0.0231826599145237,0.1964670613850327,0.8392981630045455,0.0377293593906469,0.1119779810943529,j1_b_then_a,,,256,52,128,"joint(A,B); seed=11; train-class coverage checked"
car,tabiclv2,5,independent,1.5700486295349358,0.7596591152404542,0.0453005055770632,0.4659792652203052,1.1040693643146304,2.570954354329839e-17,0.1119779810943529,j1_b_then_a,,,256,52,128,"joint(A,B); seed=11; train-class coverage checked"
car,tabiclv2,5,arithmetic,1.2818579252073226,0.7054489198438317,0.020600321163768,0.1805107084130941,0.8324457992160851,0.0338926721784723,0.1119779810943529,j1_b_then_a,,,256,52,128,"joint(A,B); seed=11; train-class coverage checked"
car,tabiclv2,5,geometric,1.2772270881924834,0.7058348647269658,0.0202890326897666,0.1742598299203376,0.8307309193694188,0.0357059038083083,0.1119779810943529,j1_b_then_a,,,256,52,128,"joint(A,B); seed=11; train-class coverage checked"
car,tabiclv2,5,hard_core,1.3790966453885436,0.7214378130404586,0.0214007917568013,0.2750272810739128,0.9131173801689908,4.5087902396505653e-13,0.1119779810943529,j1_b_then_a,,,256,52,128,"joint(A,B); seed=11; train-class coverage checked"
car,tabiclv2,5,soft_core_lambda_1,1.286287116877441,0.7074740356025846,0.030328599059872,0.1842998184136205,0.8364926649711657,0.0250772685288479,0.1119779810943529,j1_b_then_a,,,256,52,128,"joint(A,B); seed=11; train-class coverage checked"
car,tabiclv2,5,selective_core,1.28264363968837,0.7087353988158833,0.0286948110216346,0.1785742753737393,0.8399830938835988,0.0300559849662977,0.1119779810943529,j1_b_then_a,,,256,52,128,"joint(A,B); seed=11; train-class coverage checked"
car,tabpfn3,1,j1_b_then_a,1.2966973432628364,0.6964527571688999,0.0311322655190845,0.1818039465655456,0.7550656755409667,0.0285334250403778,0.1022208371467244,soft,1.0,0.1,256,52,128,"joint(A,B); seed=11; train-class coverage checked"
car,tabpfn3,1,j2_a_then_b,1.3918390400850704,0.7253311043342116,0.0838379233487899,0.2222773245437042,0.796822828813778,0.0390096451550124,0.1022208371467244,soft,1.0,0.1,256,52,128,"joint(A,B); seed=11; train-class coverage checked"
car,tabpfn3,1,independent,1.7099096079685832,0.785420024681628,0.0140109894310491,0.5950162112712925,1.1148933966972907,2.833844677990318e-17,0.1022208371467244,soft,1.0,0.1,256,52,128,"joint(A,B); seed=11; train-class coverage checked"
car,tabpfn3,1,arithmetic,1.3263393479031524,0.707072926498417,0.0163042582264356,0.1922169734514605,0.764873149860011,0.0337715350976951,0.1022208371467244,soft,1.0,0.1,256,52,128,"joint(A,B); seed=11; train-class coverage checked"
car,tabpfn3,1,geometric,1.3302336946167976,0.7079705188908336,0.021196764083099,0.1943557577443558,0.7689633624602377,0.0349639450153418,0.1022208371467244,soft,1.0,0.1,256,52,128,"joint(A,B); seed=11; train-class coverage checked"
car,tabpfn3,1,hard_core,1.373531789952415,0.7148745518719422,0.0173410411616574,0.2586383932551247,0.7785155786824312,1.9074978465552949e-13,0.1022208371467244,soft,1.0,0.1,256,52,128,"joint(A,B); seed=11; train-class coverage checked"
car,tabpfn3,1,soft_core_lambda_1,1.3316396902698298,0.706852905693595,0.0125725713001988,0.1979900336660595,0.7664209128731658,0.0263885963007241,0.1022208371467244,soft,1.0,0.1,256,52,128,"joint(A,B); seed=11; train-class coverage checked"
car,tabpfn3,1,selective_core,1.2991219827295852,0.6974911985493835,0.0148742371897536,0.182055428660355,0.7550594033036195,0.0280584146064244,0.1022208371467244,soft,1.0,0.1,256,52,128,"joint(A,B); seed=11; train-class coverage checked"
car,tabpfn3,2,j1_b_then_a,1.2681025615429933,0.6979167864795583,0.0583471571525925,0.1643211267185767,0.7691855548432227,0.034580440692801,0.1143548894201317,soft,0.75,0.3,256,52,128,"joint(A,B); seed=11; train-class coverage checked"
car,tabpfn3,2,j2_a_then_b,1.3090497465042348,0.7192255931282283,0.1381013874615978,0.1687944381974923,0.7799674156317109,0.0367533511907118,0.1143548894201317,soft,0.75,0.3,256,52,128,"joint(A,B); seed=11; train-class coverage checked"
car,tabpfn3,2,independent,1.6328637656969405,0.7771670935584453,0.1199405957387664,0.5290823308725237,1.1037814348244166,2.34078349067114e-17,0.1143548894201317,soft,0.75,0.3,256,52,128,"joint(A,B); seed=11; train-class coverage checked"
car,tabpfn3,2,arithmetic,1.2759128783949054,0.7041905569037337,0.1406674950628715,0.1586252754095086,0.7677890335679621,0.0356668959417564,0.1143548894201317,soft,0.75,0.3,256,52,128,"joint(A,B); seed=11; train-class coverage checked"
car,tabpfn3,2,geometric,1.270732246576006,0.7041629094752961,0.1385276674335358,0.1535049453378339,0.765638138393646,0.037619523082259,0.1143548894201317,soft,0.75,0.3,256,52,128,"joint(A,B); seed=11; train-class coverage checked"
car,tabpfn3,2,hard_core,1.3115322278522128,0.7055558819042798,0.050483298231846,0.2077507930277961,0.782449896979106,1.933639986500717e-13,0.1143548894201317,soft,0.75,0.3,256,52,128,"joint(A,B); seed=11; train-class coverage checked"
car,tabpfn3,2,soft_core_lambda_1,1.2715098112693852,0.7029235299176602,0.1003433510207571,0.1579359278327823,0.7628650155746752,0.0284134383967485,0.1143548894201317,soft,0.75,0.3,256,52,128,"joint(A,B); seed=11; train-class coverage checked"
car,tabpfn3,2,selective_core,1.2670958623997906,0.7006481282320753,0.096259393150322,0.1572745675993929,0.7649863921755664,0.0334584522167544,0.1143548894201317,soft,0.75,0.3,256,52,128,"joint(A,B); seed=11; train-class coverage checked"
car,tabpfn3,3,j1_b_then_a,1.2768579356254228,0.6999092552778675,0.0589333791956598,0.1696820295702471,0.7799563214956027,0.0574736488890004,0.1425315581811331,j1_b_then_a,,,256,52,128,"joint(A,B); seed=11; train-class coverage checked"
car,tabpfn3,3,j2_a_then_b,1.381871977655459,0.7080849326427177,0.1049485365276428,0.2966480740717829,0.792395286218248,0.0316312745208959,0.1425315581811331,j1_b_then_a,,,256,52,128,"joint(A,B); seed=11; train-class coverage checked"
car,tabpfn3,3,independent,1.6966525974923872,0.7823334858045701,0.0672280608104884,0.5894766914372115,1.1071759060551756,2.343970452135184e-17,0.1425315581811331,j1_b_then_a,,,256,52,128,"joint(A,B); seed=11; train-class coverage checked"
car,tabpfn3,3,arithmetic,1.312367319022698,0.6975686973078431,0.1227480318681155,0.2192642235457989,0.7837454423978198,0.0445524617049482,0.1425315581811331,j1_b_then_a,,,256,52,128,"joint(A,B); seed=11; train-class coverage checked"
car,tabpfn3,3,geometric,1.2942213923736543,0.6948809416918904,0.1240601761870358,0.2081016479637297,0.7790497632059846,0.0511463000476491,0.1425315581811331,j1_b_then_a,,,256,52,128,"joint(A,B); seed=11; train-class coverage checked"
car,tabpfn3,3,hard_core,1.4386308936401948,0.7253089113899863,0.1048813294855495,0.3314549875850192,0.8491542022028339,2.655799286595986e-13,0.1425315581811331,j1_b_then_a,,,256,52,128,"joint(A,B); seed=11; train-class coverage checked"
car,tabpfn3,3,soft_core_lambda_1,1.3308325159454244,0.7042945328729839,0.1372838488424485,0.2386685737414951,0.787868801853558,0.0351788390832774,0.1425315581811331,j1_b_then_a,,,256,52,128,"joint(A,B); seed=11; train-class coverage checked"
car,tabpfn3,3,selective_core,1.2768579356254228,0.6999092552778675,0.0589333791956598,0.1696820295702471,0.7799563214956027,0.0574736488890004,0.1425315581811331,j1_b_then_a,,,256,52,128,"joint(A,B); seed=11; train-class coverage checked"
car,tabpfn3,4,j1_b_then_a,1.3338083374938248,0.7086724829926314,0.1051092060215992,0.2158846372098613,0.8264609576239872,0.027118743306618,0.0898141455213757,arithmetic,,,256,52,128,"joint(A,B); seed=11; train-class coverage checked"
car,tabpfn3,4,j2_a_then_b,1.3341211312593508,0.7071690049211162,0.0358440177247092,0.2064198156163771,0.814074588162949,0.0343545181754533,0.0898141455213757,arithmetic,,,256,52,128,"joint(A,B); seed=11; train-class coverage checked"
car,tabpfn3,4,independent,1.6379702433803651,0.7787963614498326,0.0558939593101735,0.5200465430964017,1.1179237002839637,2.2473243237257128e-17,0.0898141455213757,arithmetic,,,256,52,128,"joint(A,B); seed=11; train-class coverage checked"
car,tabpfn3,4,arithmetic,1.318312007721964,0.7044293160963213,0.0577386337646963,0.1997591113488926,0.811350576299779,0.0307366307410357,0.0898141455213757,arithmetic,,,256,52,128,"joint(A,B); seed=11; train-class coverage checked"
car,tabpfn3,4,geometric,1.3201987307322112,0.7038454950854444,0.059093697026545,0.2047763296072904,0.8139557125707071,0.0320899861144219,0.0898141455213757,arithmetic,,,256,52,128,"joint(A,B); seed=11; train-class coverage checked"
car,tabpfn3,4,hard_core,1.4287021740261645,0.7063523174937665,0.0857967097587256,0.3107784737422009,0.908655630928479,1.9136919907769701e-13,0.0898141455213757,arithmetic,,,256,52,128,"joint(A,B); seed=11; train-class coverage checked"
car,tabpfn3,4,soft_core_lambda_1,1.3263248832614574,0.7020093512855731,0.0512266132485815,0.2118715784007788,0.8184777446816908,0.0239666240421099,0.0898141455213757,arithmetic,,,256,52,128,"joint(A,B); seed=11; train-class coverage checked"
car,tabpfn3,4,selective_core,1.318312007721964,0.7044293160963213,0.0577386337646963,0.1997591113488926,0.811350576299779,0.0307366307410357,0.0898141455213757,arithmetic,,,256,52,128,"joint(A,B); seed=11; train-class coverage checked"
car,tabpfn3,5,j1_b_then_a,1.2864003714064776,0.7083837764078134,0.0198759921964388,0.1848489162590785,0.8501367029298974,0.0300762295675473,0.1074565856542192,j1_b_then_a,,,256,52,128,"joint(A,B); seed=11; train-class coverage checked"
car,tabpfn3,5,j2_a_then_b,1.3582948918566091,0.7262588052682364,0.1116569055364636,0.2343837677673895,0.8893566772069186,0.0324712953370524,0.1074565856542192,j1_b_then_a,,,256,52,128,"joint(A,B); seed=11; train-class coverage checked"
car,tabpfn3,5,independent,1.5704896697970898,0.7641879795434907,0.0490729328556994,0.4689382146496909,1.1015514551473988,2.598793696871741e-17,0.1074565856542192,j1_b_then_a,,,256,52,128,"joint(A,B); seed=11; train-class coverage checked"
car,tabpfn3,5,arithmetic,1.3122663680870712,0.7130902417011719,0.0675950059688171,0.2039127266990009,0.864544470340783,0.0312737624522998,0.1074565856542192,j1_b_then_a,,,256,52,128,"joint(A,B); seed=11; train-class coverage checked"
car,tabpfn3,5,geometric,1.3051210590614142,0.7128821512674961,0.0629996204158777,0.1956386298617635,0.8592190080757444,0.032638847822715,0.1074565856542192,j1_b_then_a,,,256,52,128,"joint(A,B); seed=11; train-class coverage checked"
car,tabpfn3,5,hard_core,1.334581609044848,0.7189756664171569,0.0117322998806645,0.2330301538974492,0.8656433943940169,3.846285369041292e-13,0.1074565856542192,j1_b_then_a,,,256,52,128,"joint(A,B); seed=11; train-class coverage checked"
car,tabpfn3,5,soft_core_lambda_1,1.3090733213589971,0.7137735751151814,0.047733339197775,0.2016915149546981,0.8574282380387007,0.0232152960603539,0.1074565856542192,j1_b_then_a,,,256,52,128,"joint(A,B); seed=11; train-class coverage checked"
car,tabpfn3,5,selective_core,1.2864003714064776,0.7083837764078134,0.0198759921964388,0.1848489162590785,0.8501367029298974,0.0300762295675473,0.1074565856542192,j1_b_then_a,,,256,52,128,"joint(A,B); seed=11; train-class coverage checked"
car,catboost,1,j1_b_then_a,1.5762728735509897,0.751909870698722,0.1043595121336307,0.4474610188659789,0.880816532515226,0.0256453725898756,0.1220148562591634,mpr,1.0,,256,52,128,"joint(A,B); seed=11; train-class coverage checked"
car,catboost,1,j2_a_then_b,1.6522033102954488,0.785633408718339,0.1437497744763064,0.4812852370199508,0.9557993371832578,0.0385347962095922,0.1220148562591634,mpr,1.0,,256,52,128,"joint(A,B); seed=11; train-class coverage checked"
car,catboost,1,independent,1.8252158277972017,0.8047984125437856,0.0519252427013378,0.6964039731121909,1.128811854685011,3.560587697078177e-17,0.1220148562591634,mpr,1.0,,256,52,128,"joint(A,B); seed=11; train-class coverage checked"
car,catboost,1,arithmetic,1.6033670510007765,0.7650444390561502,0.1016929783392649,0.4585840508163903,0.9105751555118798,0.0320900843997339,0.1220148562591634,mpr,1.0,,256,52,128,"joint(A,B); seed=11; train-class coverage checked"
car,catboost,1,geometric,1.601583027537452,0.7648698475956432,0.0956237578407493,0.4564959866969288,0.909960094144134,0.0316098729117294,0.1220148562591634,mpr,1.0,,256,52,128,"joint(A,B); seed=11; train-class coverage checked"
car,catboost,1,hard_core,1.592682494361225,0.7569300194837769,0.1124367457987058,0.4638706396762139,0.8962785212487749,3.777830777157085e-13,0.1220148562591634,mpr,1.0,,256,52,128,"joint(A,B); seed=11; train-class coverage checked"
car,catboost,1,soft_core_lambda_1,1.5940850022308042,0.7597481488555027,0.113037264389857,0.4581914923594581,0.9014548968084152,0.0174719898498788,0.1220148562591634,mpr,1.0,,256,52,128,"joint(A,B); seed=11; train-class coverage checked"
car,catboost,1,selective_core,1.579121743402499,0.753648853721571,0.1181223376814109,0.450309888717488,0.8827177702901909,3.0962969547240066e-13,0.1220148562591634,mpr,1.0,,256,52,128,"joint(A,B); seed=11; train-class coverage checked"
car,catboost,2,j1_b_then_a,1.566113508190499,0.7493584253957866,0.0742925331496342,0.4486762918265944,0.8863925374380826,0.0175448810324989,0.0951057102451601,soft,1.0,10.0,256,52,128,"joint(A,B); seed=11; train-class coverage checked"
car,catboost,2,j2_a_then_b,1.6016915894292163,0.7503097645106955,0.0550727241755772,0.5026559308789915,0.8992092315353231,0.0311301715018112,0.0951057102451601,soft,1.0,10.0,256,52,128,"joint(A,B); seed=11; train-class coverage checked"
car,catboost,2,independent,1.8199195742577976,0.8013874807377857,0.0630771818398521,0.7024823578938931,1.1174372163639044,3.844513140997818e-17,0.0951057102451601,soft,1.0,10.0,256,52,128,"joint(A,B); seed=11; train-class coverage checked"
car,catboost,2,arithmetic,1.5789350525785792,0.7474600972551197,0.0329946004665077,0.4733186616422015,0.8895894894081866,0.0243375262671551,0.0951057102451601,soft,1.0,10.0,256,52,128,"joint(A,B); seed=11; train-class coverage checked"
car,catboost,2,geometric,1.576328526711984,0.7468105466362868,0.03179428683782,0.4712661047055633,0.887912193916773,0.0242358586853953,0.0951057102451601,soft,1.0,10.0,256,52,128,"joint(A,B); seed=11; train-class coverage checked"
car,catboost,2,hard_core,1.6057262635063374,0.7559081421717649,0.0654775708467882,0.488289047142433,0.9032439056112036,4.709570746081783e-13,0.0951057102451601,soft,1.0,10.0,256,52,128,"joint(A,B); seed=11; train-class coverage checked"
car,catboost,2,soft_core_lambda_1,1.5889078680061628,0.7503578053224633,0.047164643978642,0.4792487718313,0.8933938782216322,0.0126478206782132,0.0951057102451601,soft,1.0,10.0,256,52,128,"joint(A,B); seed=11; train-class coverage checked"
car,catboost,2,selective_core,1.5944119846061793,0.7541456264436374,0.0636405693403485,0.4777525096611359,0.8946136288766617,0.0026605298356237,0.0951057102451601,soft,1.0,10.0,256,52,128,"joint(A,B); seed=11; train-class coverage checked"
car,catboost,3,j1_b_then_a,1.550739376874084,0.7334680624942618,0.1486482080572655,0.4574818666443327,0.8755843925724454,0.0076434801401358,0.0717542431241016,geometric,0.5,,256,52,128,"joint(A,B); seed=11; train-class coverage checked"
car,catboost,3,j2_a_then_b,1.5624800817598667,0.7357735855331415,0.1341805381326878,0.4639593146474443,0.8909589580440898,0.0180839488833688,0.0717542431241016,geometric,0.5,,256,52,128,"joint(A,B); seed=11; train-class coverage checked"
car,catboost,3,independent,1.7647786339455276,0.7870286458173505,0.1390393029092995,0.6715211237157768,1.093257510229751,3.9234566116819186e-17,0.0717542431241016,geometric,0.5,,256,52,128,"joint(A,B); seed=11; train-class coverage checked"
car,catboost,3,arithmetic,1.5534969566956411,0.7334261196452876,0.1486594838050444,0.4587224875981612,0.8804238870731074,0.0128637145117523,0.0717542431241016,geometric,0.5,,256,52,128,"joint(A,B); seed=11; train-class coverage checked"
car,catboost,3,geometric,1.5518098380730465,0.7332433772087706,0.1477404972735753,0.4572794271400602,0.8793490386210425,0.0130600152765287,0.0717542431241016,geometric,0.5,,256,52,128,"joint(A,B); seed=11; train-class coverage checked"
car,catboost,3,hard_core,1.555792281146604,0.7343964290978653,0.1583881607776748,0.4625347709168531,0.8842711574313341,6.516432121824681e-13,0.0717542431241016,geometric,0.5,,256,52,128,"joint(A,B); seed=11; train-class coverage checked"
car,catboost,3,soft_core_lambda_1,1.5516268224912302,0.7331995387274812,0.1651736636270908,0.4583661388901681,0.8806601697657743,0.0071919190224954,0.0717542431241016,geometric,0.5,,256,52,128,"joint(A,B); seed=11; train-class coverage checked"
car,catboost,3,selective_core,1.5518098380730465,0.7332433772087706,0.1477404972735753,0.4572794271400602,0.8793490386210425,0.0130600152765287,0.0717542431241016,geometric,0.5,,256,52,128,"joint(A,B); seed=11; train-class coverage checked"
car,catboost,4,j1_b_then_a,1.540110359046322,0.7474240855891519,0.0731749838858394,0.4073001528247222,0.9063198900597828,0.028460465336834,0.1210795201509079,soft,1.0,0.1,256,52,128,"joint(A,B); seed=11; train-class coverage checked"
car,catboost,4,j2_a_then_b,1.6117588710145734,0.7735461298068088,0.0505332438579006,0.4390278144787797,0.9967026416916118,0.0333215303813839,0.1210795201509079,soft,1.0,0.1,256,52,128,"joint(A,B); seed=11; train-class coverage checked"
car,catboost,4,independent,1.7478664355445614,0.7927976864279869,0.0494507488049957,0.6150562293229616,1.1328102062216,3.458943743407661e-17,0.1210795201509079,soft,1.0,0.1,256,52,128,"joint(A,B); seed=11; train-class coverage checked"
car,catboost,4,arithmetic,1.566421546934187,0.7568608967815992,0.1104819089194214,0.418361318513728,0.9450904449303584,0.0308909978591089,0.1210795201509079,soft,1.0,0.1,256,52,128,"joint(A,B); seed=11; train-class coverage checked"
car,catboost,4,geometric,1.5639337363101875,0.7568066092927367,0.1070821954337561,0.4163179295322944,0.9432585388344727,0.0316667372720048,0.1210795201509079,soft,1.0,0.1,256,52,128,"joint(A,B); seed=11; train-class coverage checked"
car,catboost,4,hard_core,1.5495745520280786,0.747906881584231,0.1027755047609382,0.416764345806479,0.9345183227051106,2.838361598707373e-13,0.1210795201509079,soft,1.0,0.1,256,52,128,"joint(A,B); seed=11; train-class coverage checked"
car,catboost,4,soft_core_lambda_1,1.5533220910727543,0.7509053618611734,0.1077718767310488,0.4161434362803909,0.935990505068156,0.0167555877480113,0.1210795201509079,soft,1.0,0.1,256,52,128,"joint(A,B); seed=11; train-class coverage checked"
car,catboost,4,selective_core,1.5373983020853066,0.746270970837814,0.0720752307095662,0.4063396584295566,0.9064033830230114,0.026913455845744,0.1210795201509079,soft,1.0,0.1,256,52,128,"joint(A,B); seed=11; train-class coverage checked"
car,catboost,5,j1_b_then_a,1.5825386822929768,0.7485789008900402,0.0256409701011328,0.4741370265136219,0.946580372549716,0.0310369148830684,0.0935203684679435,mpr,1.0,,256,52,128,"joint(A,B); seed=11; train-class coverage checked"
car,catboost,5,j2_a_then_b,1.6063161356984024,0.7550071449289644,0.0823880435070835,0.4977003257880076,0.955351395379216,0.0275953918016733,0.0935203684679435,mpr,1.0,,256,52,128,"joint(A,B); seed=11; train-class coverage checked"
car,catboost,5,independent,1.7593663960985415,0.7867053618455979,0.0966712232711219,0.6509647403191863,1.108401655779355,3.1665479700154764e-17,0.0935203684679435,mpr,1.0,,256,52,128,"joint(A,B); seed=11; train-class coverage checked"
car,catboost,5,arithmetic,1.588638000113416,0.7495538653524898,0.0546653806271635,0.482301549245659,0.9486656685876717,0.0293161533423708,0.0935203684679435,mpr,1.0,,256,52,128,"joint(A,B); seed=11; train-class coverage checked"
car,catboost,5,geometric,1.5872630030933772,0.7495551468518522,0.0534556021817193,0.4808931164319681,0.9482793139370564,0.0280978740445614,0.0935203684679435,mpr,1.0,,256,52,128,"joint(A,B); seed=11; train-class coverage checked"
car,catboost,5,hard_core,1.60717211025252,0.7563168043369811,0.0463659398459775,0.498770454473165,0.956207369934176,4.220126106750134e-13,0.0935203684679435,mpr,1.0,,256,52,128,"joint(A,B); seed=11; train-class coverage checked"
car,catboost,5,soft_core_lambda_1,1.5931917108485778,0.7515903902804595,0.0503125632040436,0.4858764311422892,0.9502429924478036,0.0170762583622361,0.0935203684679435,mpr,1.0,,256,52,128,"joint(A,B); seed=11; train-class coverage checked"
car,catboost,5,selective_core,1.6051635252359306,0.7559818242945489,0.0848285436263191,0.4967618694565758,0.9541987849178007,4.0292948353380133e-13,0.0935203684679435,mpr,1.0,,256,52,128,"joint(A,B); seed=11; train-class coverage checked"
nursery,tabiclv2,1,j1_b_then_a,1.3381874775914602,0.721833806995319,0.1072351145481694,0.23172459960191,0.4847490036449918,0.0645123948629719,0.1572418473590327,geometric,0.75,,256,52,128,"joint(A,B); seed=11; train-class coverage checked"
nursery,tabiclv2,1,j2_a_then_b,1.332960648944942,0.7356049973635911,0.0701567699412237,0.1742667252743927,0.4230065934843332,0.0619145099200934,0.1572418473590327,geometric,0.75,,256,52,128,"joint(A,B); seed=11; train-class coverage checked"
nursery,tabiclv2,1,independent,2.0164169334501585,0.8524998525278638,0.0862248939197358,0.9099540554606088,1.10646287798955,3.4410104677275106e-17,0.1572418473590327,geometric,0.75,,256,52,128,"joint(A,B); seed=11; train-class coverage checked"
nursery,tabiclv2,1,arithmetic,1.299346012056965,0.7190274706245356,0.099448347238854,0.1833176702305567,0.4326668782514101,0.0632134523915327,0.1572418473590327,geometric,0.75,,256,52,128,"joint(A,B); seed=11; train-class coverage checked"
nursery,tabiclv2,1,geometric,1.307877325025477,0.7231103720081853,0.1066242777574867,0.1868906825793861,0.4420946877820454,0.0640869293891442,0.1572418473590327,geometric,0.75,,256,52,128,"joint(A,B); seed=11; train-class coverage checked"
nursery,tabiclv2,1,hard_core,1.4323738649095272,0.7407211938585798,0.0778745186503133,0.3259109869199771,0.5224198094498032,1.9738306575341882e-13,0.1572418473590327,geometric,0.75,,256,52,128,"joint(A,B); seed=11; train-class coverage checked"
nursery,tabiclv2,1,soft_core_lambda_1,1.3079018613576092,0.7228797057931864,0.1027894152180496,0.1841139287884203,0.4437440848125296,0.0570272434007933,0.1572418473590327,geometric,0.75,,256,52,128,"joint(A,B); seed=11; train-class coverage checked"
nursery,tabiclv2,1,selective_core,1.3167929610955666,0.7204510107547861,0.0803015240494711,0.2065553383204182,0.4611339104937931,0.0644290399064521,0.1572418473590327,geometric,0.75,,256,52,128,"joint(A,B); seed=11; train-class coverage checked"
nursery,tabiclv2,2,j1_b_then_a,1.261264928489934,0.7004099011203175,0.0428281614651139,0.1705557268957428,0.405683968603135,0.0446726034276146,0.1272567798359427,geometric,0.75,,256,52,128,"joint(A,B); seed=11; train-class coverage checked"
nursery,tabiclv2,2,j2_a_then_b,1.3333217795292782,0.7157289539880907,0.117122257523925,0.2257730548961194,0.4062077788846687,0.0393543602647422,0.1272567798359427,geometric,0.75,,256,52,128,"joint(A,B); seed=11; train-class coverage checked"
nursery,tabiclv2,2,independent,2.0178232022388007,0.84443671123724,0.0928356152169354,0.9271140006446096,1.090709201594191,2.901058727588417e-17,0.1272567798359427,geometric,0.75,,256,52,128,"joint(A,B); seed=11; train-class coverage checked"
nursery,tabiclv2,2,arithmetic,1.280713213227802,0.7024245082058642,0.0431908905531775,0.187136224330844,0.397282564805907,0.0420134818461784,0.1272567798359427,geometric,0.75,,256,52,128,"joint(A,B); seed=11; train-class coverage checked"
nursery,tabiclv2,2,geometric,1.2745116833790888,0.7021616884426983,0.0530754580265913,0.1822119391834703,0.3926639852883912,0.0447766171009973,0.1272567798359427,geometric,0.75,,256,52,128,"joint(A,B); seed=11; train-class coverage checked"
nursery,tabiclv2,2,hard_core,1.3732440520158655,0.7164212558442797,0.0404411949200764,0.2825348504216747,0.446130051296086,3.8944830706306365e-10,0.1272567798359427,geometric,0.75,,256,52,128,"joint(A,B); seed=11; train-class coverage checked"
nursery,tabiclv2,2,soft_core_lambda_1,1.293081951427301,0.7067954947707371,0.0584750291821901,0.201404140169241,0.3985415330862923,0.0338577893276479,0.1272567798359427,geometric,0.75,,256,52,128,"joint(A,B); seed=11; train-class coverage checked"
nursery,tabiclv2,2,selective_core,1.26310379548371,0.6998632657344876,0.0700799920857472,0.1734513714053275,0.3968996150554519,0.0451930215334685,0.1272567798359427,geometric,0.75,,256,52,128,"joint(A,B); seed=11; train-class coverage checked"
nursery,tabiclv2,3,j1_b_then_a,1.3863654283418887,0.7586568646455354,0.1396173268045268,0.2081455910445175,0.4296139004207533,0.0472140016424791,0.1297007904008027,j1_b_then_a,,,256,52,128,"joint(A,B); seed=11; train-class coverage checked"
nursery,tabiclv2,3,j2_a_then_b,1.4605735087328522,0.7706715777098065,0.116366888478817,0.2917173979119233,0.4459662186178111,0.0485652086783276,0.1297007904008027,j1_b_then_a,,,256,52,128,"joint(A,B); seed=11; train-class coverage checked"
nursery,tabiclv2,3,independent,2.192827127412412,0.8829207138108237,0.0810776874604868,1.0146072901150411,1.178219837297371,3.0989388589568216e-17,0.1297007904008027,j1_b_then_a,,,256,52,128,"joint(A,B); seed=11; train-class coverage checked"
nursery,tabiclv2,3,arithmetic,1.4125491208063825,0.759100501515851,0.1057429214975373,0.2467128073601778,0.4348797890734835,0.0478896051604034,0.1297007904008027,j1_b_then_a,,,256,52,128,"joint(A,B); seed=11; train-class coverage checked"
nursery,tabiclv2,3,geometric,1.406972782834123,0.7587252315093551,0.1017507304278483,0.2395335710208065,0.4314449694468598,0.0486814429156153,0.1297007904008027,j1_b_then_a,,,256,52,128,"joint(A,B); seed=11; train-class coverage checked"
nursery,tabiclv2,3,hard_core,1.5185822458529392,0.7680159619170518,0.0865177948371201,0.3403624085555684,0.5039749557384525,1.9545235500001285e-13,0.1297007904008027,j1_b_then_a,,,256,52,128,"joint(A,B); seed=11; train-class coverage checked"
nursery,tabiclv2,3,soft_core_lambda_1,1.426474144952961,0.761673678043669,0.1187697045788127,0.2560222985609582,0.4367375561679143,0.0390051582669628,0.1297007904008027,j1_b_then_a,,,256,52,128,"joint(A,B); seed=11; train-class coverage checked"
nursery,tabiclv2,3,selective_core,1.3863654283418887,0.7586568646455354,0.1396173268045268,0.2081455910445175,0.4296139004207533,0.0472140016424791,0.1297007904008027,j1_b_then_a,,,256,52,128,"joint(A,B); seed=11; train-class coverage checked"
nursery,tabiclv2,4,j1_b_then_a,1.3951146316195888,0.7363138932013673,0.0440211534948382,0.2823514506818428,0.4950868447376771,0.042838159950127,0.1137615611734136,geometric,0.75,,256,52,128,"joint(A,B); seed=11; train-class coverage checked"
nursery,tabiclv2,4,j2_a_then_b,1.391045097010554,0.7384872323096631,0.1176993888876548,0.2788064749549604,0.4720937391036963,0.040394235846707,0.1137615611734136,geometric,0.75,,256,52,128,"joint(A,B); seed=11; train-class coverage checked"
nursery,tabiclv2,4,independent,2.031714538844604,0.8573962803885632,0.0273134426998154,0.9189513579068574,1.1127631809377465,3.3580568254337534e-17,0.1137615611734136,geometric,0.75,,256,52,128,"joint(A,B); seed=11; train-class coverage checked"
nursery,tabiclv2,4,arithmetic,1.3804998653225562,0.7330408615071338,0.0807691445810001,0.2735285694375934,0.4772684513677905,0.0416161978984169,0.1137615611734136,geometric,0.75,,256,52,128,"joint(A,B); seed=11; train-class coverage checked"
nursery,tabiclv2,4,geometric,1.3789378331138535,0.7334755418110337,0.0728690843284098,0.2711781941865383,0.4769541586876152,0.0425757912911,0.1137615611734136,geometric,0.75,,256,52,128,"joint(A,B); seed=11; train-class coverage checked"
nursery,tabiclv2,4,hard_core,1.4407386461156728,0.7428635052923188,0.058181803994403,0.3279754651779267,0.521787288207784,1.951089744606409e-13,0.1137615611734136,geometric,0.75,,256,52,128,"joint(A,B); seed=11; train-class coverage checked"
nursery,tabiclv2,4,soft_core_lambda_1,1.3850284339235672,0.7365342946114335,0.0814902637053079,0.272164952946519,0.481457808095084,0.0319869777290034,0.1137615611734136,geometric,0.75,,256,52,128,"joint(A,B); seed=11; train-class coverage checked"
nursery,tabiclv2,4,selective_core,1.3837689745793114,0.7338964597210753,0.0473025578880889,0.2748336611061551,0.4843485415836837,0.0428664881178701,0.1137615611734136,geometric,0.75,,256,52,128,"joint(A,B); seed=11; train-class coverage checked"
nursery,tabiclv2,5,j1_b_then_a,1.3124008563977547,0.7245830060446126,0.1476975897634278,0.1959642430386042,0.4294174333458106,0.0610645822276819,0.1474034218546343,geometric,0.5,,256,52,128,"joint(A,B); seed=11; train-class coverage checked"
nursery,tabiclv2,5,j2_a_then_b,1.378838301044572,0.7368231112596806,0.0945266974797282,0.2107606218346072,0.4090177634893888,0.0543437117088541,0.1474034218546343,geometric,0.5,,256,52,128,"joint(A,B); seed=11; train-class coverage checked"
nursery,tabiclv2,5,independent,2.0862571509143337,0.8648897625450931,0.09784230027471,0.9698205375551832,1.1164366133591506,3.109570445933844e-17,0.1474034218546343,geometric,0.5,,256,52,128,"joint(A,B); seed=11; train-class coverage checked"
nursery,tabiclv2,5,arithmetic,1.3246800928323748,0.7227912086473098,0.0951725569715722,0.1956320816740047,0.4133404795538435,0.057704146968268,0.1474034218546343,geometric,0.5,,256,52,128,"joint(A,B); seed=11; train-class coverage checked"
nursery,tabiclv2,5,geometric,1.322430597275401,0.7236521575223951,0.1148701527946584,0.1911480719209072,0.4128186503077892,0.059493840792907,0.1474034218546343,geometric,0.5,,256,52,128,"joint(A,B); seed=11; train-class coverage checked"
nursery,tabiclv2,5,hard_core,1.4767317616932214,0.7389554453552195,0.0750854525622783,0.3602951483340711,0.5069112241373238,1.973596667726533e-13,0.1474034218546343,geometric,0.5,,256,52,128,"joint(A,B); seed=11; train-class coverage checked"
nursery,tabiclv2,5,soft_core_lambda_1,1.3328448245014723,0.7250129348339123,0.1073949616874255,0.2001624652080342,0.4111375756422117,0.0490789936489851,0.1474034218546343,geometric,0.5,,256,52,128,"joint(A,B); seed=11; train-class coverage checked"
nursery,tabiclv2,5,selective_core,1.322430597275401,0.7236521575223951,0.1148701527946584,0.1911480719209072,0.4128186503077892,0.059493840792907,0.1474034218546343,geometric,0.5,,256,52,128,"joint(A,B); seed=11; train-class coverage checked"
nursery,tabpfn3,1,j1_b_then_a,1.3141890199791135,0.7164898975963407,0.0412221680782678,0.2081132424159924,0.4416834830509283,0.0487385227125791,0.1251325170462339,geometric,1.0,,256,52,128,"joint(A,B); seed=11; train-class coverage checked"
nursery,tabpfn3,1,j2_a_then_b,1.319715316745715,0.718332211606884,0.0892506461891765,0.2029957308768131,0.4257994311633135,0.0461646977242979,0.1251325170462339,geometric,1.0,,256,52,128,"joint(A,B); seed=11; train-class coverage checked"
nursery,tabpfn3,1,independent,1.9999916631455223,0.8500492559848437,0.0371429444132207,0.8939158855824015,1.1060757775631211,3.7340408540856464e-17,0.1251325170462339,geometric,1.0,,256,52,128,"joint(A,B); seed=11; train-class coverage checked"
nursery,tabpfn3,1,arithmetic,1.3041987151198755,0.7119169845280588,0.0512760087962192,0.1995248339771946,0.4277631858595278,0.0474516102184385,0.1251325170462339,geometric,1.0,,256,52,128,"joint(A,B); seed=11; train-class coverage checked"
nursery,tabpfn3,1,geometric,1.300931417878083,0.7119346799842535,0.0470473291193327,0.1968601553752697,0.4276101002579434,0.0478051030649459,0.1251325170462339,geometric,1.0,,256,52,128,"joint(A,B); seed=11; train-class coverage checked"
nursery,tabpfn3,1,hard_core,1.4032010346102075,0.7231517827418901,0.0553480679776693,0.2971252570470866,0.5092851490266596,1.9722478021025697e-13,0.1251325170462339,geometric,1.0,,256,52,128,"joint(A,B); seed=11; train-class coverage checked"
nursery,tabpfn3,1,soft_core_lambda_1,1.3058039608673506,0.713022903392679,0.0409023792591452,0.2001155503105283,0.4298975171401187,0.0441669859404699,0.1251325170462339,geometric,1.0,,256,52,128,"joint(A,B); seed=11; train-class coverage checked"
nursery,tabpfn3,1,selective_core,1.3141890199791135,0.7164898975963409,0.0412221680782678,0.2081132424159924,0.4416834830509283,0.0487385227125791,0.1251325170462339,geometric,1.0,,256,52,128,"joint(A,B); seed=11; train-class coverage checked"
nursery,tabpfn3,2,j1_b_then_a,1.2278948758191746,0.68683169448802,0.0630271201111873,0.1332623952822992,0.3918534864486669,0.0399871975768117,0.1196866405725151,j1_b_then_a,,,256,52,128,"joint(A,B); seed=11; train-class coverage checked"
nursery,tabpfn3,2,j2_a_then_b,1.305704459889337,0.7055539613443609,0.1030009303395731,0.2033439349106859,0.4189250495406477,0.0443222162530349,0.1196866405725151,j1_b_then_a,,,256,52,128,"joint(A,B); seed=11; train-class coverage checked"
nursery,tabpfn3,2,independent,1.981411890885565,0.8410124703631672,0.1418376000437679,0.8867794103486892,1.0946324805368757,2.972007001343825e-17,0.1196866405725151,j1_b_then_a,,,256,52,128,"joint(A,B); seed=11; train-class coverage checked"
nursery,tabpfn3,2,arithmetic,1.256578204023901,0.6915725641767876,0.0230487275598023,0.1639224919233318,0.4003101239160878,0.0421547069149233,0.1196866405725151,j1_b_then_a,,,256,52,128,"joint(A,B); seed=11; train-class coverage checked"
nursery,tabpfn3,2,geometric,1.2501726807254934,0.6906946084460761,0.0247999087874137,0.1576373993555952,0.3970977397744262,0.0431365466671155,0.1196866405725151,j1_b_then_a,,,256,52,128,"joint(A,B); seed=11; train-class coverage checked"
nursery,tabpfn3,2,hard_core,1.3305341817904994,0.7040911317744456,0.0235760391593221,0.2359017012536239,0.4437547708073577,1.9683931971587807e-10,0.1196866405725151,j1_b_then_a,,,256,52,128,"joint(A,B); seed=11; train-class coverage checked"
nursery,tabpfn3,2,soft_core_lambda_1,1.2649597256266094,0.6950644441947518,0.0346278407460015,0.1725608390681532,0.4007168867076875,0.0321940065451371,0.1196866405725151,j1_b_then_a,,,256,52,128,"joint(A,B); seed=11; train-class coverage checked"
nursery,tabpfn3,2,selective_core,1.2278948758191746,0.68683169448802,0.0630271201111873,0.1332623952822992,0.3918534864486669,0.0399871975768117,0.1196866405725151,j1_b_then_a,,,256,52,128,"joint(A,B); seed=11; train-class coverage checked"
nursery,tabpfn3,3,j1_b_then_a,1.366224166845294,0.7409470045700493,0.1203733151198567,0.2389206033995992,0.4291225507056423,0.0390779196177809,0.1069096851600888,j1_b_then_a,,,256,52,128,"joint(A,B); seed=11; train-class coverage checked"
nursery,tabpfn3,3,j2_a_then_b,1.4499744656998226,0.7658425029816616,0.1080046059723739,0.2919634325287126,0.4659501135152073,0.0324871064775892,0.1069096851600888,j1_b_then_a,,,256,52,128,"joint(A,B); seed=11; train-class coverage checked"
nursery,tabpfn3,3,independent,2.1113279156303104,0.8757093217565591,0.0341111620894256,0.9840243521846151,1.1273035634456952,3.9350027295441794e-17,0.1069096851600888,j1_b_then_a,,,256,52,128,"joint(A,B); seed=11; train-class coverage checked"
nursery,tabpfn3,3,arithmetic,1.399043968681677,0.7501438135140313,0.0989942573473438,0.2614199563090342,0.4435052509441622,0.035782513047685,0.1069096851600888,j1_b_then_a,,,256,52,128,"joint(A,B); seed=11; train-class coverage checked"
nursery,tabpfn3,3,geometric,1.396153605813498,0.7508302999820414,0.1030067515236428,0.2567723915514934,0.4407357558556515,0.0364723659785022,0.1069096851600888,j1_b_then_a,,,256,52,128,"joint(A,B); seed=11; train-class coverage checked"
nursery,tabpfn3,3,hard_core,1.4714828240328446,0.754680557028933,0.0850767775956498,0.3441792605871494,0.4874584718476344,1.9471467202763306e-13,0.1069096851600888,j1_b_then_a,,,256,52,128,"joint(A,B); seed=11; train-class coverage checked"
nursery,tabpfn3,3,soft_core_lambda_1,1.4022361275869688,0.7509865845565311,0.1091363757297802,0.2664582920273347,0.4403122040508026,0.0319751691031981,0.1069096851600888,j1_b_then_a,,,256,52,128,"joint(A,B); seed=11; train-class coverage checked"
nursery,tabpfn3,3,selective_core,1.366224166845294,0.7409470045700493,0.1203733151198567,0.2389206033995992,0.4291225507056423,0.0390779196177809,0.1069096851600888,j1_b_then_a,,,256,52,128,"joint(A,B); seed=11; train-class coverage checked"
nursery,tabpfn3,4,j1_b_then_a,1.3819511174029668,0.7308435428975403,0.0731811173026407,0.2797678994701309,0.4766217163742382,0.0366500545007093,0.0987645492975492,geometric,0.75,,256,52,128,"joint(A,B); seed=11; train-class coverage checked"
nursery,tabpfn3,4,j2_a_then_b,1.427540868448288,0.7493394870040414,0.1140102199116546,0.3117812272396364,0.4790472120260382,0.0374402614897218,0.0987645492975492,geometric,0.75,,256,52,128,"joint(A,B); seed=11; train-class coverage checked"
nursery,tabpfn3,4,independent,2.0506768743550854,0.8584888626822634,0.0178283483970505,0.9484936564222496,1.1021832179328357,3.653276924309439e-17,0.0987645492975492,geometric,0.75,,256,52,128,"joint(A,B); seed=11; train-class coverage checked"
nursery,tabpfn3,4,arithmetic,1.398222595471713,0.7371126123727154,0.0908814570591885,0.2934525035276065,0.4760735380411208,0.0370451579952156,0.0987645492975492,geometric,0.75,,256,52,128,"joint(A,B); seed=11; train-class coverage checked"
nursery,tabpfn3,4,geometric,1.395517876443498,0.7371836142312997,0.0928033117427042,0.2902878863370096,0.4751725015298596,0.0372614759546642,0.0987645492975492,geometric,0.75,,256,52,128,"joint(A,B); seed=11; train-class coverage checked"
nursery,tabpfn3,4,hard_core,1.4700478346739598,0.7441670780404435,0.0865978331700886,0.3678646167411241,0.5215541782511199,1.9491886140964054e-13,0.0987645492975492,geometric,0.75,,256,52,128,"joint(A,B); seed=11; train-class coverage checked"
nursery,tabpfn3,4,soft_core_lambda_1,1.405528872786205,0.7399034217009115,0.1042115963029417,0.2984812813018075,0.4787196307205308,0.0299272410141358,0.0987645492975492,geometric,0.75,,256,52,128,"joint(A,B); seed=11; train-class coverage checked"
nursery,tabpfn3,4,selective_core,1.38660694381548,0.7332442329960691,0.0861583235172628,0.283927704847449,0.4752477313344725,0.0369803432611947,0.0987645492975492,geometric,0.75,,256,52,128,"joint(A,B); seed=11; train-class coverage checked"
nursery,tabpfn3,5,j1_b_then_a,1.3003250868754712,0.7092505041689222,0.0181384000610609,0.1956573387265779,0.3921161189711986,0.042313776284674,0.1047672991065832,soft,1.0,0.3,256,52,128,"joint(A,B); seed=11; train-class coverage checked"
nursery,tabpfn3,5,j2_a_then_b,1.3784663721539137,0.7322718978642524,0.0804505839487616,0.2110384152955185,0.4070733512684074,0.0415305629650302,0.1047672991065832,soft,1.0,0.3,256,52,128,"joint(A,B); seed=11; train-class coverage checked"
nursery,tabpfn3,5,independent,2.0760607690344,0.8596029011631642,0.0653767895303649,0.9713930208855062,1.1046677481488936,3.455152609224208e-17,0.1047672991065832,soft,1.0,0.3,256,52,128,"joint(A,B); seed=11; train-class coverage checked"
nursery,tabpfn3,5,arithmetic,1.3256710592434398,0.7166929639864407,0.0417622321979316,0.2001161461534774,0.3965182967945951,0.041922169624852,0.1047672991065832,soft,1.0,0.3,256,52,128,"joint(A,B); seed=11; train-class coverage checked"
nursery,tabpfn3,5,geometric,1.3272007149641638,0.7180081047738498,0.0578764845059024,0.1977569451773848,0.3953049912904265,0.0422085712495124,0.1047672991065832,soft,1.0,0.3,256,52,128,"joint(A,B); seed=11; train-class coverage checked"
nursery,tabpfn3,5,hard_core,1.4089583650388289,0.7237890825868275,0.0367593250510471,0.3042906168899353,0.4375653441538957,1.9521003640341494e-13,0.1047672991065832,soft,1.0,0.3,256,52,128,"joint(A,B); seed=11; train-class coverage checked"
nursery,tabpfn3,5,soft_core_lambda_1,1.3281956162003503,0.7170871609226843,0.0296635617262695,0.2027988663387376,0.390518866724676,0.035174183800969,0.1047672991065832,soft,1.0,0.3,256,52,128,"joint(A,B); seed=11; train-class coverage checked"
nursery,tabpfn3,5,selective_core,1.3071982008523946,0.7118717135723862,0.0087819554311071,0.1964287718575112,0.3915628928392289,0.0403217865516784,0.1047672991065832,soft,1.0,0.3,256,52,128,"joint(A,B); seed=11; train-class coverage checked"
nursery,catboost,1,j1_b_then_a,1.5409901661814605,0.7412417775653599,0.0767772781033343,0.4265915199423806,0.5004548424494328,0.0280779218648639,0.0747736189122496,soft,0.25,0.3,256,52,128,"joint(A,B); seed=11; train-class coverage checked"
nursery,catboost,1,j2_a_then_b,1.5477911525757884,0.7473687328751113,0.0562253727441297,0.4270720325643252,0.4840011074739659,0.0247179470061909,0.0747736189122496,soft,0.25,0.3,256,52,128,"joint(A,B); seed=11; train-class coverage checked"
nursery,catboost,1,independent,2.1781886913409028,0.8667171233734344,0.0611322682018371,1.0637900451018223,1.11439864623908,4.151477881082777e-17,0.0747736189122496,soft,0.25,0.3,256,52,128,"joint(A,B); seed=11; train-class coverage checked"
nursery,catboost,1,arithmetic,1.5408376577778649,0.7430451025163376,0.0362962087062019,0.4256403249807364,0.4912103879061118,0.0263979344355273,0.0747736189122496,soft,0.25,0.3,256,52,128,"joint(A,B); seed=11; train-class coverage checked"
nursery,catboost,1,geometric,1.538465976508654,0.7429928290926479,0.0326043320645471,0.422922191590046,0.4903993468285539,0.0267111396814054,0.0747736189122496,soft,0.25,0.3,256,52,128,"joint(A,B); seed=11; train-class coverage checked"
nursery,catboost,1,hard_core,1.5788260438550363,0.749827987076391,0.0523715132879391,0.4644273976159562,0.5150359987522861,6.639329961732974e-13,0.0747736189122496,soft,0.25,0.3,256,52,128,"joint(A,B); seed=11; train-class coverage checked"
nursery,catboost,1,soft_core_lambda_1,1.5442586225449757,0.7444068601262865,0.0230019236833033,0.4270017636771294,0.4927805506275147,0.0211091302074622,0.0747736189122496,soft,0.25,0.3,256,52,128,"joint(A,B); seed=11; train-class coverage checked"
nursery,catboost,1,selective_core,1.5423654170102257,0.7446608289235789,0.0365133020844943,0.4251505520441072,0.4880869114037224,0.0234582976186859,0.0747736189122496,soft,0.25,0.3,256,52,128,"joint(A,B); seed=11; train-class coverage checked"
nursery,catboost,2,j1_b_then_a,1.5088184321173126,0.7453730119961995,0.0343391590085092,0.39797323345099,0.4739343826139306,0.02765753973312,0.0772747304704542,geometric,0.25,,256,52,128,"joint(A,B); seed=11; train-class coverage checked"
nursery,catboost,2,j2_a_then_b,1.529549770901575,0.7455514919063873,0.052877194412019,0.43071283221664,0.474609131603618,0.0232368196807219,0.0772747304704542,geometric,0.25,,256,52,128,"joint(A,B); seed=11; train-class coverage checked"
nursery,catboost,2,independent,2.16578583796428,0.8702463435658544,0.0459977388039935,1.0549406392979572,1.1108451986663224,4.410669962942593e-17,0.0772747304704542,geometric,0.25,,256,52,128,"joint(A,B); seed=11; train-class coverage checked"
nursery,catboost,2,arithmetic,1.5159678916989217,0.7440708107035967,0.0556968743186508,0.412886471340111,0.4734404545458872,0.0254471797069209,0.0772747304704542,geometric,0.25,,256,52,128,"joint(A,B); seed=11; train-class coverage checked"
nursery,catboost,2,geometric,1.5133261595594285,0.743713718794895,0.0437604857055009,0.4100929436030469,0.4725139254451152,0.0258599938338391,0.0772747304704542,geometric,0.25,,256,52,128,"joint(A,B); seed=11; train-class coverage checked"
nursery,catboost,2,hard_core,1.5518490708446544,0.7504062194375307,0.0416302341438521,0.4410038721783321,0.4969084315471556,4.945208603506987e-13,0.0772747304704542,geometric,0.25,,256,52,128,"joint(A,B); seed=11; train-class coverage checked"
nursery,catboost,2,soft_core_lambda_1,1.5227799791709014,0.7463139447604724,0.0697889572713554,0.4179771795946332,0.4744297131334858,0.0194703814687318,0.0772747304704542,geometric,0.25,,256,52,128,"joint(A,B); seed=11; train-class coverage checked"
nursery,catboost,2,selective_core,1.520013714940919,0.7441982791100259,0.0703852760742745,0.4193616986814864,0.4731098166330139,0.02466016730397,0.0772747304704542,geometric,0.25,,256,52,128,"joint(A,B); seed=11; train-class coverage checked"
nursery,catboost,3,j1_b_then_a,1.6508938909221396,0.7826530533644055,0.0828864341364941,0.5160862536110118,0.5209638982777768,0.0308245997198942,0.0794286995422605,geometric,0.5,,256,52,128,"joint(A,B); seed=11; train-class coverage checked"
nursery,catboost,3,j2_a_then_b,1.656427239318827,0.7833945332633797,0.0917412449009643,0.5247462579991514,0.5354836312755815,0.0273379056533078,0.0794286995422605,geometric,0.5,,256,52,128,"joint(A,B); seed=11; train-class coverage checked"
nursery,catboost,3,independent,2.2557512453543733,0.8814524463241095,0.0399095676216554,1.1209436080432456,1.1348076373111278,4.533997960062819e-17,0.0794286995422605,geometric,0.5,,256,52,128,"joint(A,B); seed=11; train-class coverage checked"
nursery,catboost,3,arithmetic,1.6490673582749282,0.781497526534398,0.0834803765383842,0.5183987272086678,0.5266221509702012,0.0290812526866009,0.0794286995422605,geometric,0.5,,256,52,128,"joint(A,B); seed=11; train-class coverage checked"
nursery,catboost,3,geometric,1.647572757838567,0.7816304259848189,0.0882485909882368,0.516646549827867,0.5261885550830738,0.0295182429967781,0.0794286995422605,geometric,0.5,,256,52,128,"joint(A,B); seed=11; train-class coverage checked"
nursery,catboost,3,hard_core,1.6731222021814371,0.7825156571702918,0.1163047211276755,0.5383145648703094,0.5521785941388038,8.11578326650976e-13,0.0794286995422605,geometric,0.5,,256,52,128,"joint(A,B); seed=11; train-class coverage checked"
nursery,catboost,3,soft_core_lambda_1,1.6469277782031315,0.7810290802453289,0.0996405040550909,0.515127738848653,0.5266696288072403,0.0237930552565535,0.0794286995422605,geometric,0.5,,256,52,128,"joint(A,B); seed=11; train-class coverage checked"
nursery,catboost,3,selective_core,1.647572757838567,0.7816304259848189,0.0882485909882368,0.516646549827867,0.5261885550830738,0.0295182429967781,0.0794286995422605,geometric,0.5,,256,52,128,"joint(A,B); seed=11; train-class coverage checked"
nursery,catboost,4,j1_b_then_a,1.5600351229599267,0.7655996317535974,0.0864261443652534,0.4388738898941552,0.52563925806995,0.0263129938224727,0.0762116783307263,geometric,0.75,,256,52,128,"joint(A,B); seed=11; train-class coverage checked"
nursery,catboost,4,j2_a_then_b,1.565053477835182,0.7637046539670391,0.0610202360758333,0.446366729911865,0.535319877613319,0.0256480043866657,0.0762116783307263,geometric,0.75,,256,52,128,"joint(A,B); seed=11; train-class coverage checked"
nursery,catboost,4,independent,2.1508948332876345,0.8690619717810433,0.0417563147295027,1.0297336002218629,1.1211612330657714,4.051189180127868e-17,0.0762116783307263,geometric,0.75,,256,52,128,"joint(A,B); seed=11; train-class coverage checked"
nursery,catboost,4,arithmetic,1.5597874000253462,0.7633257156575379,0.0589261853719712,0.4418727416148347,0.5296482204831461,0.0259804991045692,0.0762116783307263,geometric,0.75,,256,52,128,"joint(A,B); seed=11; train-class coverage checked"
nursery,catboost,4,geometric,1.5560958929684985,0.7630784089814944,0.0680849267220981,0.4384808633733156,0.5276315637325424,0.0263184014938674,0.0762116783307263,geometric,0.75,,256,52,128,"joint(A,B); seed=11; train-class coverage checked"
nursery,catboost,4,hard_core,1.5778193695809613,0.7627571231890281,0.043000587972422,0.4566581365151897,0.548085769361109,6.638874495176576e-13,0.0762116783307263,geometric,0.75,,256,52,128,"joint(A,B); seed=11; train-class coverage checked"
nursery,catboost,4,soft_core_lambda_1,1.55668463139941,0.7626942160700915,0.0755029009932762,0.4379419856963298,0.5284844726434689,0.0201070907830139,0.0762116783307263,geometric,0.75,,256,52,128,"joint(A,B); seed=11; train-class coverage checked"
nursery,catboost,4,selective_core,1.5564091046642132,0.7639404909862446,0.0714462698245965,0.437628499764755,0.5260106411615849,0.0264166060119121,0.0762116783307263,geometric,0.75,,256,52,128,"joint(A,B); seed=11; train-class coverage checked"
nursery,catboost,5,j1_b_then_a,1.5082986580999926,0.7390404550791065,0.0485355245435827,0.3866976863065968,0.4665995053174507,0.0376452562970764,0.1067608096518896,j1_b_then_a,,,256,52,128,"joint(A,B); seed=11; train-class coverage checked"
nursery,catboost,5,j2_a_then_b,1.5374915951357002,0.7460360428204799,0.0928523923021171,0.4011721460998457,0.4687943674253986,0.0316500784573939,0.1067608096518896,j1_b_then_a,,,256,52,128,"joint(A,B); seed=11; train-class coverage checked"
nursery,catboost,5,independent,2.190298199503697,0.8627164987589623,0.074809644146258,1.0686972277103015,1.121600971793396,4.3337593713319016e-17,0.1067608096518896,j1_b_then_a,,,256,52,128,"joint(A,B); seed=11; train-class coverage checked"
nursery,catboost,5,arithmetic,1.5174361769586258,0.7400843055666292,0.0990493806889854,0.3916759557566805,0.4663509903085389,0.0346476673772351,0.1067608096518896,j1_b_then_a,,,256,52,128,"joint(A,B); seed=11; train-class coverage checked"
nursery,catboost,5,geometric,1.51240791903718,0.7395665361937274,0.0909670066281047,0.3863207421070985,0.4644083936991657,0.0356163867471217,0.1067608096518896,j1_b_then_a,,,256,52,128,"joint(A,B); seed=11; train-class coverage checked"
nursery,catboost,5,hard_core,1.5550809808475003,0.7458733691815469,0.0522511526001896,0.4334800090541046,0.4863837531382017,5.678923856774348e-13,0.1067608096518896,j1_b_then_a,,,256,52,128,"joint(A,B); seed=11; train-class coverage checked"
nursery,catboost,5,soft_core_lambda_1,1.5175007824263802,0.7405728450992142,0.0548967908096197,0.3907412249934261,0.4649728465176489,0.0269048306385309,0.1067608096518896,j1_b_then_a,,,256,52,128,"joint(A,B); seed=11; train-class coverage checked"
nursery,catboost,5,selective_core,1.5082986580999926,0.7390404550791065,0.0485355245435827,0.3866976863065968,0.4665995053174507,0.0376452562970764,0.1067608096518896,j1_b_then_a,,,256,52,128,"joint(A,B); seed=11; train-class coverage checked"
wine,tabiclv2,1,j1_b_then_a,1.0832161268707416,0.5802074380003022,0.1183392904873258,1.0815575373721968,0.000934331982074,0.0242996353162226,0.0501864116555761,arithmetic,,,256,52,128,"joint(A,B); seed=11; train-class coverage checked"
wine,tabiclv2,1,j2_a_then_b,1.099920431944457,0.5900074644756268,0.0947814080081212,1.0931297174765862,0.0001511155998358,0.0020464509351378,0.0501864116555761,arithmetic,,,256,52,128,"joint(A,B); seed=11; train-class coverage checked"
wine,tabiclv2,1,independent,1.101427905843166,0.5901538181944013,0.0945069546971316,1.0997693163446214,0.0016585894985445,2.6319838226420626e-17,0.0501864116555761,arithmetic,,,256,52,128,"joint(A,B); seed=11; train-class coverage checked"
wine,tabiclv2,1,arithmetic,1.0894011336505605,0.5838793126600264,0.0898777344544121,1.0853488368837,0.0005948796297831,0.0131730431256801,0.0501864116555761,arithmetic,,,256,52,128,"joint(A,B); seed=11; train-class coverage checked"
wine,tabiclv2,1,geometric,1.08730977189509,0.583710884016839,0.0892644997126907,1.0840766324414015,0.0002762309258916,0.0134529536001706,0.0501864116555761,arithmetic,,,256,52,128,"joint(A,B); seed=11; train-class coverage checked"
wine,tabiclv2,1,hard_core,1.0998109563845095,0.5901154464334184,0.0948119974479143,1.098152366885965,4.1640040098110624e-05,9.916155914985253e-14,0.0501864116555761,arithmetic,,,256,52,128,"joint(A,B); seed=11; train-class coverage checked"
wine,tabiclv2,1,soft_core_lambda_1,1.0918491770590542,0.5865462733751271,0.093274859190436,1.0891356344450152,0.0001632090023543,0.0072106564442947,0.0501864116555761,arithmetic,,,256,52,128,"joint(A,B); seed=11; train-class coverage checked"
wine,tabiclv2,1,selective_core,1.0894011336505605,0.5838793126600264,0.0898777344544121,1.0853488368837,0.0005948796297831,0.0131730431256801,0.0501864116555761,arithmetic,,,256,52,128,"joint(A,B); seed=11; train-class coverage checked"
wine,tabiclv2,2,j1_b_then_a,1.0493396974829992,0.5706306296739789,0.0971586700106469,1.034724022448037,0.0063098266543205,0.0301245933229721,0.061209245915276,soft,0.0,1.0,256,52,128,"joint(A,B); seed=11; train-class coverage checked"
wine,tabiclv2,2,j2_a_then_b,1.0845865186861126,0.5841686411919947,0.1060430002630455,1.0711309687397752,0.0027678270900493,0.001498838240509,0.061209245915276,soft,0.0,1.0,256,52,128,"joint(A,B); seed=11; train-class coverage checked"
wine,tabiclv2,2,independent,1.096434366631026,0.5858559768115021,0.0784588642652297,1.0818186915960633,0.0146156750349624,2.807095311341578e-17,0.061209245915276,soft,0.0,1.0,256,52,128,"joint(A,B); seed=11; train-class coverage checked"
wine,tabiclv2,2,arithmetic,1.062264079285762,0.5757739402404165,0.0739042393549241,1.0483188207654217,0.0042352010096349,0.0158117157817405,0.061209245915276,soft,0.0,1.0,256,52,128,"joint(A,B); seed=11; train-class coverage checked"
wine,tabiclv2,2,geometric,1.0612477347800542,0.5761017750708995,0.0879305352196271,1.0480546597032618,0.0038935105148955,0.016353953507802,0.061209245915276,soft,0.0,1.0,256,52,128,"joint(A,B); seed=11; train-class coverage checked"
wine,tabiclv2,2,hard_core,1.0891894295549749,0.586044994054254,0.1026645091929419,1.0745737545200125,0.0073707379584401,1.7522933166861165e-13,0.061209245915276,soft,0.0,1.0,256,52,128,"joint(A,B); seed=11; train-class coverage checked"
wine,tabiclv2,2,soft_core_lambda_1,1.0728763562006796,0.5802919266276556,0.089894192784912,1.0594597376902073,0.0045292612831372,0.0085756025633419,0.061209245915276,soft,0.0,1.0,256,52,128,"joint(A,B); seed=11; train-class coverage checked"
wine,tabiclv2,2,selective_core,1.0850997715407766,0.5846697704532657,0.1137181667044847,1.07147309290339,0.0033619585498042,0.0010959062504844,0.061209245915276,soft,0.0,1.0,256,52,128,"joint(A,B); seed=11; train-class coverage checked"
wine,tabiclv2,3,j1_b_then_a,1.107938128897899,0.593144190251592,0.1021882094556753,1.1001613250014268,0.0018104218840281,0.0316414445406427,0.0647875137807395,soft,1.0,0.3,256,52,128,"joint(A,B); seed=11; train-class coverage checked"
wine,tabiclv2,3,j2_a_then_b,1.1056198802227968,0.5849509144861531,0.1593040178879022,1.097639034109262,0.0019353381963514,0.0017800039693602,0.0647875137807395,soft,1.0,0.3,256,52,128,"joint(A,B); seed=11; train-class coverage checked"
wine,tabiclv2,3,independent,1.1114613459229177,0.5863821909513038,0.1588110282622368,1.1036845420264454,0.0077768038964723,2.8439895518949127e-17,0.0647875137807395,soft,1.0,0.3,256,52,128,"joint(A,B); seed=11; train-class coverage checked"
wine,tabiclv2,3,arithmetic,1.1028250094571912,0.5871585079196997,0.09410497500504,1.0950041182652492,0.0018180504192682,0.0167107242550014,0.0647875137807395,soft,1.0,0.3,256,52,128,"joint(A,B); seed=11; train-class coverage checked"
wine,tabiclv2,3,geometric,1.1012641463125346,0.5868786656404671,0.0878478632571882,1.0938682521593586,0.0017117507503997,0.0169476251089107,0.0647875137807395,soft,1.0,0.3,256,52,128,"joint(A,B); seed=11; train-class coverage checked"
wine,tabiclv2,3,hard_core,1.1059347717536587,0.5854052533601143,0.159312451019164,1.0981579678571864,0.0022502297271879,1.6144841416177008e-13,0.0647875137807395,soft,1.0,0.3,256,52,128,"joint(A,B); seed=11; train-class coverage checked"
wine,tabiclv2,3,soft_core_lambda_1,1.101943382879021,0.5854271848706056,0.1141861100623137,1.0943161968549435,0.0017910657182011,0.0087365242575134,0.0647875137807395,soft,1.0,0.3,256,52,128,"joint(A,B); seed=11; train-class coverage checked"
wine,tabiclv2,3,selective_core,1.1038554753440792,0.5898222439789443,0.0968614419256867,1.095914307276172,0.0018095464984074,0.0246713881506223,0.0647875137807395,soft,1.0,0.3,256,52,128,"joint(A,B); seed=11; train-class coverage checked"
wine,tabiclv2,4,j1_b_then_a,1.1139668052854343,0.5936414721694089,0.1400575088780472,1.0982393770715886,0.0110316539182466,0.0258840741963919,0.0532822911177795,soft,1.0,0.3,256,52,128,"joint(A,B); seed=11; train-class coverage checked"
wine,tabiclv2,4,j2_a_then_b,1.135879816135771,0.6008350538633193,0.1595654346227072,1.1184554793633903,0.0105127441510474,0.0014176123163536,0.0532822911177795,soft,1.0,0.3,256,52,128,"joint(A,B); seed=11; train-class coverage checked"
wine,tabiclv2,4,independent,1.1410945001985695,0.6011114167779381,0.1655935998444165,1.1253670719847235,0.0157274282138457,3.176808566487768e-17,0.0532822911177795,soft,1.0,0.3,256,52,128,"joint(A,B); seed=11; train-class coverage checked"
wine,tabiclv2,4,arithmetic,1.1193140932832293,0.5958769207407327,0.1729339928034196,1.1027488920891473,0.0105481624057615,0.0136508432563727,0.0532822911177795,soft,1.0,0.3,256,52,128,"joint(A,B); seed=11; train-class coverage checked"
wine,tabiclv2,4,geometric,1.1205986495171176,0.5963675336687907,0.1659551286010279,1.1038643631249945,0.0101014945385626,0.0138556087138347,0.0532822911177795,soft,1.0,0.3,256,52,128,"joint(A,B); seed=11; train-class coverage checked"
wine,tabiclv2,4,hard_core,1.1353506145092296,0.6007655443930855,0.159628343898578,1.1196231862953838,0.0099835425258484,1.7316972350026788e-13,0.0532822911177795,soft,1.0,0.3,256,52,128,"joint(A,B); seed=11; train-class coverage checked"
wine,tabiclv2,4,soft_core_lambda_1,1.1264083764055,0.5983157536669705,0.1268488883749877,1.1094300931085492,0.010174449668223,0.0072725758465466,0.0532822911177795,soft,1.0,0.3,256,52,128,"joint(A,B); seed=11; train-class coverage checked"
wine,tabiclv2,4,selective_core,1.1162767083777094,0.5946897220089145,0.1289606013978825,1.0995039678416028,0.0109726124911273,0.0202749930515448,0.0532822911177795,soft,1.0,0.3,256,52,128,"joint(A,B); seed=11; train-class coverage checked"
wine,tabiclv2,5,j1_b_then_a,1.2752937842022982,0.6114479771154309,0.1173604027877912,1.1367395071424462,0.0899679807322812,0.0305705815940613,0.0633146249150126,j1_b_then_a,,,256,52,128,"joint(A,B); seed=11; train-class coverage checked"
wine,tabiclv2,5,j2_a_then_b,1.2645944033143983,0.6084843541897853,0.0647654098679151,1.1319207658269208,0.09423741807978,0.0030712194306109,0.0633146249150126,j1_b_then_a,,,256,52,128,"joint(A,B); seed=11; train-class coverage checked"
wine,tabiclv2,5,independent,1.3089112622944707,0.6089524110514561,0.0673510722471433,1.1703569852346185,0.138554277059852,2.707372732797901e-17,0.0633146249150126,j1_b_then_a,,,256,52,128,"joint(A,B); seed=11; train-class coverage checked"
wine,tabiclv2,5,arithmetic,1.2633006487515686,0.6081953375945051,0.1002468493248728,1.1293154392922298,0.0893878813070139,0.0168209005123361,0.0633146249150126,j1_b_then_a,,,256,52,128,"joint(A,B); seed=11; train-class coverage checked"
wine,tabiclv2,5,geometric,1.2638400175600657,0.6081605443051944,0.1218847755506591,1.128020156340674,0.091453040602716,0.0164156556294042,0.0633146249150126,j1_b_then_a,,,256,52,128,"joint(A,B); seed=11; train-class coverage checked"
wine,tabiclv2,5,hard_core,1.267017184509432,0.6084361130646863,0.0622089493056585,1.1284629074495798,0.0966601992752123,1.6319440589571525e-13,0.0633146249150126,j1_b_then_a,,,256,52,128,"joint(A,B); seed=11; train-class coverage checked"
wine,tabiclv2,5,soft_core_lambda_1,1.2631036445570984,0.6079119763250281,0.066289270099583,1.126629452209922,0.0930316709315374,0.0086601454036961,0.0633146249150126,j1_b_then_a,,,256,52,128,"joint(A,B); seed=11; train-class coverage checked"
wine,tabiclv2,5,selective_core,1.2752937842022982,0.6114479771154309,0.1173604027877912,1.1367395071424462,0.0899679807322812,0.0305705815940613,0.0633146249150126,j1_b_then_a,,,256,52,128,"joint(A,B); seed=11; train-class coverage checked"
wine,tabpfn3,1,j1_b_then_a,1.108606358603499,0.6011192224950694,0.0983329689948117,1.1068143635334016,0.0017258680898816,0.015269311725263,0.0308329807638873,soft,1.0,0.03,256,52,128,"joint(A,B); seed=11; train-class coverage checked"
wine,tabpfn3,1,j2_a_then_b,1.1183367192784257,0.6072278258093236,0.0952477234060852,1.1158110049157577,0.0001072988999767,0.0003415534980829,0.0308329807638873,soft,1.0,0.03,256,52,128,"joint(A,B); seed=11; train-class coverage checked"
wine,tabpfn3,1,independent,1.1200214154485466,0.6069627696157867,0.095864635672541,1.1182294203784489,0.0017919950700976,3.248019635523784e-17,0.0308329807638873,soft,1.0,0.03,256,52,128,"joint(A,B); seed=11; train-class coverage checked"
wine,tabpfn3,1,arithmetic,1.1125549813916846,0.6036225571081507,0.0973359633162934,1.1103987425293336,0.0010247198483615,0.007805432611673,0.0308329807638873,soft,1.0,0.03,256,52,128,"joint(A,B); seed=11; train-class coverage checked"
wine,tabpfn3,1,geometric,1.1120120398633984,0.6037146099115778,0.0961048306404033,1.1099813738481172,0.0003047627337537,0.0076632985628178,0.0308329807638873,soft,1.0,0.03,256,52,128,"joint(A,B); seed=11; train-class coverage checked"
wine,tabpfn3,1,hard_core,1.11842331812499,0.6073159326077487,0.0951907908348893,1.1166313230548923,0.0001938977470583,1.5884661551294756e-13,0.0308329807638873,soft,1.0,0.03,256,52,128,"joint(A,B); seed=11; train-class coverage checked"
wine,tabpfn3,1,soft_core_lambda_1,1.114812513200261,0.6054274158687154,0.0723429408982583,1.1128181052123003,0.0002650491345061,0.0038741559276249,0.0308329807638873,soft,1.0,0.03,256,52,128,"joint(A,B); seed=11; train-class coverage checked"
wine,tabpfn3,1,selective_core,1.1087854570493614,0.6012363490730632,0.0982750084992502,1.1069794060616558,0.0017254671950497,0.0148167225180353,0.0308329807638873,soft,1.0,0.03,256,52,128,"joint(A,B); seed=11; train-class coverage checked"
wine,tabpfn3,2,j1_b_then_a,1.0661576766361345,0.5701357644885213,0.0644187235526436,1.0491248622210074,0.0049429840157584,0.0214232707763967,0.0437324581461359,soft,0.5,0.3,256,52,128,"joint(A,B); seed=11; train-class coverage checked"
wine,tabpfn3,2,j2_a_then_b,1.0720562922892505,0.5796863606085966,0.0554852025677135,1.063986333789512,0.0011134637080183,0.0023385407466065,0.0437324581461359,soft,0.5,0.3,256,52,128,"joint(A,B); seed=11; train-class coverage checked"
wine,tabpfn3,2,independent,1.087975642996359,0.5800238930059245,0.0546440540169995,1.070942828581232,0.0170328144151265,3.0074255516843656e-17,0.0437324581461359,soft,0.5,0.3,256,52,128,"joint(A,B); seed=11; train-class coverage checked"
wine,tabpfn3,2,arithmetic,1.0653920464487243,0.5739202871293612,0.0421196447805193,1.0540566463957652,0.0018133586304017,0.0118809057615016,0.0437324581461359,soft,0.5,0.3,256,52,128,"joint(A,B); seed=11; train-class coverage checked"
wine,tabpfn3,2,geometric,1.0647340482489172,0.5739815379156559,0.0427045016194521,1.0539881650651406,0.001862594243237,0.0119942350166671,0.0437324581461359,soft,0.5,0.3,256,52,128,"joint(A,B); seed=11; train-class coverage checked"
wine,tabpfn3,2,hard_core,1.08211801881474,0.5800315255092698,0.0413390221995332,1.0650852043996133,0.0111751902337521,1.5391084827298399e-13,0.0437324581461359,soft,0.5,0.3,256,52,128,"joint(A,B); seed=11; train-class coverage checked"
wine,tabpfn3,2,soft_core_lambda_1,1.070375271103441,0.5767707954099675,0.0570355581508393,1.0584177994983692,0.0031289445658613,0.0065041354723446,0.0437324581461359,soft,0.5,0.3,256,52,128,"joint(A,B); seed=11; train-class coverage checked"
wine,tabpfn3,2,selective_core,1.0670699158827217,0.5752207138877989,0.0517852281093527,1.0559754529308878,0.0022157187801266,0.0095257843075347,0.0437324581461359,soft,0.5,0.3,256,52,128,"joint(A,B); seed=11; train-class coverage checked"
wine,tabpfn3,3,j1_b_then_a,1.028345395139751,0.560367824414777,0.0791150953281157,1.0262890152497053,0.0002913373437078,0.0168120597506058,0.0340689016700471,mpr,0.0,,256,52,128,"joint(A,B); seed=11; train-class coverage checked"
wine,tabpfn3,3,j2_a_then_b,1.0178170956059982,0.5553778936655023,0.0955006999268108,1.015161382419003,0.0007403858871362,0.0005312756731679,0.0340689016700471,mpr,0.0,,256,52,128,"joint(A,B); seed=11; train-class coverage checked"
wine,tabpfn3,3,independent,1.019133089608908,0.5559597760774907,0.0961442526854276,1.017076709718862,0.0020563798900459,2.8977308145479935e-17,0.0340689016700471,mpr,0.0,,256,52,128,"joint(A,B); seed=11; train-class coverage checked"
wine,tabpfn3,3,arithmetic,1.021917993952501,0.5572267683898151,0.0522085148619223,1.0195662937348664,0.000517599309578,0.0086716677118869,0.0340689016700471,mpr,0.0,,256,52,128,"joint(A,B); seed=11; train-class coverage checked"
wine,tabpfn3,3,geometric,1.0210051107560298,0.5571490291056811,0.0527573712180596,1.0188431389966937,0.0004313193008826,0.0086894044920848,0.0340689016700471,mpr,0.0,,256,52,128,"joint(A,B); seed=11; train-class coverage checked"
wine,tabpfn3,3,hard_core,1.0174053777838077,0.5553874395900771,0.0953156911680327,1.0153489978937615,0.0003286680651786,1.1463398678024484e-13,0.0340689016700471,mpr,0.0,,256,52,128,"joint(A,B); seed=11; train-class coverage checked"
wine,tabpfn3,3,soft_core_lambda_1,1.018637966058507,0.5560480828255744,0.093780752720997,1.0164583060782155,0.0003887977669019,0.0044071099481493,0.0340689016700471,mpr,0.0,,256,52,128,"joint(A,B); seed=11; train-class coverage checked"
wine,tabpfn3,3,selective_core,1.0175955290058094,0.5554284445664311,0.0954059425222794,1.0155391491157633,0.0005188192863609,2.40770651979942e-13,0.0340689016700471,mpr,0.0,,256,52,128,"joint(A,B); seed=11; train-class coverage checked"
wine,tabpfn3,4,j1_b_then_a,1.0647130607343605,0.5768768880555595,0.0715430650441145,1.0562365035001346,0.0030624737946232,0.0208553166052697,0.0426183413931841,soft,1.0,10.0,256,52,128,"joint(A,B); seed=11; train-class coverage checked"
wine,tabpfn3,4,j2_a_then_b,1.0576515533854738,0.5700951007719464,0.0626310763566908,1.0459437749704463,0.0045536452037009,0.0027494239581202,0.0426183413931841,soft,1.0,10.0,256,52,128,"joint(A,B); seed=11; train-class coverage checked"
wine,tabpfn3,4,independent,1.0615744654159986,0.571494931416799,0.0603444487606309,1.053097908181773,0.0084765572342256,3.059609067807886e-17,0.0426183413931841,soft,1.0,10.0,256,52,128,"joint(A,B); seed=11; train-class coverage checked"
wine,tabpfn3,4,arithmetic,1.0593211089016432,0.5725954535564465,0.0668202734115636,1.0494603021847118,0.0038261404868253,0.011802370281695,0.0426183413931841,soft,1.0,10.0,256,52,128,"joint(A,B); seed=11; train-class coverage checked"
wine,tabpfn3,4,geometric,1.057538135699357,0.5720341932957335,0.0605358446236971,1.0484576872845977,0.0035737469846704,0.0118473991327831,0.0426183413931841,soft,1.0,10.0,256,52,128,"joint(A,B); seed=11; train-class coverage checked"
wine,tabpfn3,4,hard_core,1.0576093838885292,0.5697185213659695,0.0623108880727596,1.049132826654304,0.0045114757071296,1.651373128647704e-13,0.0426183413931841,soft,1.0,10.0,256,52,128,"joint(A,B); seed=11; train-class coverage checked"
wine,tabpfn3,4,soft_core_lambda_1,1.0554909651641826,0.5702690606276402,0.0495615943368281,1.0461625296692636,0.0037611253249216,0.0066133593011847,0.0426183413931841,soft,1.0,10.0,256,52,128,"joint(A,B); seed=11; train-class coverage checked"
wine,tabpfn3,4,selective_core,1.0556000821761315,0.5697231589500596,0.0629773088974842,1.046752081146261,0.0034868991621821,0.0024381517156133,0.0426183413931841,soft,1.0,10.0,256,52,128,"joint(A,B); seed=11; train-class coverage checked"
wine,tabpfn3,5,j1_b_then_a,1.2757624569912192,0.6088489834649495,0.1406087449446998,1.1323210549095573,0.0967534932749289,0.0193516750684032,0.0401498532868641,geometric,0.5,,256,52,128,"joint(A,B); seed=11; train-class coverage checked"
wine,tabpfn3,5,j2_a_then_b,1.3201997550001658,0.6094293804206052,0.0948582520989711,1.1491880763259528,0.1307834612655192,0.0020265853001677,0.0401498532868641,geometric,0.5,,256,52,128,"joint(A,B); seed=11; train-class coverage checked"
wine,tabpfn3,5,independent,1.3328576958163083,0.6102679880922494,0.1137505461924661,1.1894162937346464,0.1434414020816617,2.433298679101521e-17,0.0401498532868641,geometric,0.5,,256,52,128,"joint(A,B); seed=11; train-class coverage checked"
wine,tabpfn3,5,arithmetic,1.2850128615200038,0.6083700395970884,0.151083103736081,1.1323136208191245,0.1027747795502022,0.0106891301842855,0.0401498532868641,geometric,0.5,,256,52,128,"joint(A,B); seed=11; train-class coverage checked"
wine,tabpfn3,5,geometric,1.2949695740603653,0.6081290660831732,0.1288364377374125,1.1346160677520811,0.1130282322403173,0.0108502475820751,0.0401498532868641,geometric,0.5,,256,52,128,"joint(A,B); seed=11; train-class coverage checked"
wine,tabpfn3,5,hard_core,1.2861065021282865,0.6090533707616466,0.0944416289653683,1.1426651000466246,0.0966902083951135,3.545993239127379e-13,0.0401498532868641,geometric,0.5,,256,52,128,"joint(A,B); seed=11; train-class coverage checked"
wine,tabpfn3,5,soft_core_lambda_1,1.2894095608206428,0.6084908474339885,0.1032199351467234,1.13731811324162,0.1048896051798209,0.0058813804878317,0.0401498532868641,geometric,0.5,,256,52,128,"joint(A,B); seed=11; train-class coverage checked"
wine,tabpfn3,5,selective_core,1.2949695740603653,0.6081290660831732,0.1288364377374125,1.1346160677520811,0.1130282322403173,0.0108502475820751,0.0401498532868641,geometric,0.5,,256,52,128,"joint(A,B); seed=11; train-class coverage checked"
wine,catboost,1,j1_b_then_a,1.2848446196309922,0.6365997521724078,0.1249989359332287,1.2132264548975455,0.0496419451497396,0.0288317523936672,0.0809563511421407,j1_b_then_a,,,256,52,128,"joint(A,B); seed=11; train-class coverage checked"
wine,catboost,1,j2_a_then_b,1.3304233894786806,0.6496364315502732,0.194320022415439,1.257900260029736,0.0725231294489444,0.0058955260698343,0.0809563511421407,j1_b_then_a,,,256,52,128,"joint(A,B); seed=11; train-class coverage checked"
wine,catboost,1,independent,1.3295184247631828,0.6501458911864064,0.1790730337805415,1.257900260029736,0.0716181647334468,4.129455024454165e-17,0.0809563511421407,j1_b_then_a,,,256,52,128,"joint(A,B); seed=11; train-class coverage checked"
wine,catboost,1,arithmetic,1.304456960892689,0.6414731643418292,0.1752603492204753,1.232612837796076,0.0601657753467176,0.0173636392317507,0.0809563511421407,j1_b_then_a,,,256,52,128,"joint(A,B); seed=11; train-class coverage checked"
wine,catboost,1,geometric,1.299846350639194,0.6403691263565341,0.173893574294386,1.2310877041148134,0.0573164229985664,0.0180400815518265,0.0809563511421407,j1_b_then_a,,,256,52,128,"joint(A,B); seed=11; train-class coverage checked"
wine,catboost,1,hard_core,1.317458011716635,0.6454705203840272,0.2047527856815996,1.2458398469831884,0.0595577516867585,3.8419398549040604e-14,0.0809563511421407,j1_b_then_a,,,256,52,128,"joint(A,B); seed=11; train-class coverage checked"
wine,catboost,1,soft_core_lambda_1,1.3078741245458516,0.6426346953965436,0.1742413739798187,1.237693696714112,0.0583562639306683,0.0090477998411481,0.0809563511421407,j1_b_then_a,,,256,52,128,"joint(A,B); seed=11; train-class coverage checked"
wine,catboost,1,selective_core,1.2848446196309922,0.6365997521724078,0.1249989359332287,1.2132264548975455,0.0496419451497396,0.0288317523936672,0.0809563511421407,j1_b_then_a,,,256,52,128,"joint(A,B); seed=11; train-class coverage checked"
wine,catboost,2,j1_b_then_a,1.307907156040104,0.6396793894759745,0.1004227260782182,1.2370932368383472,0.0539485653424179,0.0295784964873577,0.0746017657615758,soft,1.0,0.3,256,52,128,"joint(A,B); seed=11; train-class coverage checked"
wine,catboost,2,j2_a_then_b,1.3183968347536816,0.6379572968713265,0.194233396839457,1.2512705844671237,0.0671262502865581,0.0035116878732035,0.0746017657615758,soft,1.0,0.3,256,52,128,"joint(A,B); seed=11; train-class coverage checked"
wine,catboost,2,independent,1.3220845036688802,0.6384504517355909,0.1914409304362729,1.2512705844671237,0.0708139192017566,3.7716683075339485e-17,0.0746017657615758,soft,1.0,0.3,256,52,128,"joint(A,B); seed=11; train-class coverage checked"
wine,catboost,2,arithmetic,1.3097223593045864,0.6373539993188686,0.156197894257955,1.240810597182095,0.0600101617530395,0.0165450921802806,0.0746017657615758,soft,1.0,0.3,256,52,128,"joint(A,B); seed=11; train-class coverage checked"
wine,catboost,2,geometric,1.3074070130218491,0.6370553692594749,0.1551857114746831,1.2402354472519903,0.0586529684701508,0.0170980675462913,0.0746017657615758,soft,1.0,0.3,256,52,128,"joint(A,B); seed=11; train-class coverage checked"
wine,catboost,2,hard_core,1.312841497514416,0.6356410431155873,0.1725938571945462,1.242027578312659,0.0615709130465145,2.701624866744204e-13,0.0746017657615758,soft,1.0,0.3,256,52,128,"joint(A,B); seed=11; train-class coverage checked"
wine,catboost,2,soft_core_lambda_1,1.3094956829323303,0.6361002230124673,0.1753385332543177,1.2404756107933113,0.0601259342213146,0.0085664090715494,0.0746017657615758,soft,1.0,0.3,256,52,128,"joint(A,B); seed=11; train-class coverage checked"
wine,catboost,2,selective_core,1.3051834490432692,0.6374562937298847,0.1497441278171124,1.2341244763164505,0.0538878008357554,0.0230055321687113,0.0746017657615758,soft,1.0,0.3,256,52,128,"joint(A,B); seed=11; train-class coverage checked"
wine,catboost,3,j1_b_then_a,1.215653216152393,0.6017875061101692,0.1801465908238108,1.1264499416240903,0.048025027002172,0.0306402699355891,0.0878298374569232,soft,1.0,3.0,256,52,128,"joint(A,B); seed=11; train-class coverage checked"
wine,catboost,3,j2_a_then_b,1.2866438962893971,0.6242194242981437,0.1706324654391407,1.2029386166260247,0.0837052796633725,0.0054050000740933,0.0878298374569232,soft,1.0,3.0,256,52,128,"joint(A,B); seed=11; train-class coverage checked"
wine,catboost,3,independent,1.292141891154327,0.6252500258656508,0.1721231083466207,1.2029386166260247,0.0892032745283023,3.8262172293371255e-17,0.0878298374569232,soft,1.0,3.0,256,52,128,"joint(A,B); seed=11; train-class coverage checked"
wine,catboost,3,arithmetic,1.246140047220022,0.6110887250201043,0.1791547624302491,1.159799174339842,0.0642562504214564,0.0180226350048412,0.0878298374569232,soft,1.0,3.0,256,52,128,"joint(A,B); seed=11; train-class coverage checked"
wine,catboost,3,geometric,1.242439122522068,0.6103406616154139,0.1772206211843195,1.1587222481723196,0.0615240637561637,0.0187284338424472,0.0878298374569232,soft,1.0,3.0,256,52,128,"joint(A,B); seed=11; train-class coverage checked"
wine,catboost,3,hard_core,1.2681276540397404,0.6188805021611462,0.1871104683294912,1.178924379511438,0.0651890374140269,1.4492911604440002e-13,0.0878298374569232,soft,1.0,3.0,256,52,128,"joint(A,B); seed=11; train-class coverage checked"
wine,catboost,3,soft_core_lambda_1,1.25475888063658,0.6143455506448581,0.1703288880576504,1.1681485572215702,0.0634475509640797,0.0093584312221615,0.0878298374569232,soft,1.0,3.0,256,52,128,"joint(A,B); seed=11; train-class coverage checked"
wine,catboost,3,selective_core,1.2383063944721235,0.6098193176792321,0.1743498469283445,1.148343883304975,0.0469182787409221,0.0082924627324302,0.0878298374569232,soft,1.0,3.0,256,52,128,"joint(A,B); seed=11; train-class coverage checked"
wine,catboost,4,j1_b_then_a,1.2752744319648643,0.6126112963609063,0.1189764315784439,1.1706167177256757,0.0682225863477013,0.0340133001341044,0.0964914186176883,j1_b_then_a,,,256,52,128,"joint(A,B); seed=11; train-class coverage checked"
wine,catboost,4,j2_a_then_b,1.3227984749236057,0.6222029701927732,0.0881271249182779,1.2203584008407968,0.1024400740828087,0.0042696369122435,0.0964914186176883,j1_b_then_a,,,256,52,128,"joint(A,B); seed=11; train-class coverage checked"
wine,catboost,4,independent,1.3250161150799855,0.6223095356848758,0.0873051667199702,1.2203584008407968,0.1046577142391887,4.2077208687804624e-17,0.0964914186176883,j1_b_then_a,,,256,52,128,"joint(A,B); seed=11; train-class coverage checked"
wine,catboost,4,arithmetic,1.2939416255359104,0.6150667486121979,0.1193687117928196,1.1906267477526278,0.0834403918193422,0.0191414685231739,0.0964914186176883,j1_b_then_a,,,256,52,128,"joint(A,B); seed=11; train-class coverage checked"
wine,catboost,4,geometric,1.2892810027463129,0.6140112536988251,0.1015484190387514,1.1891969561964442,0.0803734017277433,0.0197219393193582,0.0964914186176883,j1_b_then_a,,,256,52,128,"joint(A,B); seed=11; train-class coverage checked"
wine,catboost,4,hard_core,1.3046863983556565,0.6170948817407591,0.081342157040062,1.2000286841164678,0.0843279975149202,5.159116406652786e-13,0.0964914186176883,j1_b_then_a,,,256,52,128,"joint(A,B); seed=11; train-class coverage checked"
wine,catboost,4,soft_core_lambda_1,1.2960872505134446,0.6151628964215177,0.1163615911926997,1.193784979774242,0.0822466983886635,0.0098982071349149,0.0964914186176883,j1_b_then_a,,,256,52,128,"joint(A,B); seed=11; train-class coverage checked"
wine,catboost,4,selective_core,1.2752744319648643,0.6126112963609063,0.1189764315784439,1.1706167177256757,0.0682225863477013,0.0340133001341044,0.0964914186176883,j1_b_then_a,,,256,52,128,"joint(A,B); seed=11; train-class coverage checked"
wine,catboost,5,j1_b_then_a,1.4060789344937326,0.6399476500375066,0.1337209129109117,1.2502552602942558,0.1202461719226375,0.0325357494456406,0.0799336135260281,j1_b_then_a,,,256,52,128,"joint(A,B); seed=11; train-class coverage checked"
wine,catboost,5,j2_a_then_b,1.4461439252963912,0.6502263779307136,0.0984659235315409,1.2868799583281882,0.139251405535996,0.004283788546087,0.0799336135260281,j1_b_then_a,,,256,52,128,"joint(A,B); seed=11; train-class coverage checked"
wine,catboost,5,independent,1.4627161939598716,0.6531242146906655,0.1060144547904966,1.306892519760395,0.1558236741994767,3.96106487454001e-17,0.0799336135260281,j1_b_then_a,,,256,52,128,"joint(A,B); seed=11; train-class coverage checked"
wine,catboost,5,arithmetic,1.4227294694178627,0.6433491088163202,0.1198800867435277,1.265242234282467,0.1289922636666385,0.0184097689958638,0.0799336135260281,j1_b_then_a,,,256,52,128,"joint(A,B); seed=11; train-class coverage checked"
wine,catboost,5,geometric,1.4199839935277463,0.642818438978712,0.1288003987449107,1.2638070058427122,0.1274457615781953,0.0183655957456091,0.0799336135260281,j1_b_then_a,,,256,52,128,"joint(A,B); seed=11; train-class coverage checked"
wine,catboost,5,hard_core,1.4339196153169251,0.6474326777986199,0.0944897828484897,1.2780959411174484,0.1270270955562016,1.162238199832553e-13,0.0799336135260281,j1_b_then_a,,,256,52,128,"joint(A,B); seed=11; train-class coverage checked"
wine,catboost,5,soft_core_lambda_1,1.4259241574202086,0.6447217433436292,0.0920651166318535,1.269878423005876,0.1271637933381991,0.0093925920099817,0.0799336135260281,j1_b_then_a,,,256,52,128,"joint(A,B); seed=11; train-class coverage checked"
wine,catboost,5,selective_core,1.4060789344937326,0.6399476500375066,0.1337209129109117,1.2502552602942558,0.1202461719226375,0.0325357494456406,0.0799336135260281,j1_b_then_a,,,256,52,128,"joint(A,B); seed=11; train-class coverage checked"
credit,tabiclv2,1,j1_b_then_a,1.6186182900545236,0.7338036125274584,0.0697667147964208,0.4982408415777475,1.0760845026526331,0.0221325474971416,0.0752760571611723,soft,0.0,0.3,256,52,128,"joint(A,B); seed=11; train-class coverage checked"
credit,tabiclv2,1,j2_a_then_b,1.6395260352267162,0.74209697548027,0.0873743125790296,0.5096239927346324,1.0812873343760434,0.0279667690357837,0.0752760571611723,soft,0.0,0.3,256,52,128,"joint(A,B); seed=11; train-class coverage checked"
credit,tabiclv2,1,independent,1.678616149327449,0.7546498008692075,0.067667355309128,0.5582387008506731,1.120377448476776,1.5517643593698782e-17,0.0752760571611723,soft,0.0,0.3,256,52,128,"joint(A,B); seed=11; train-class coverage checked"
credit,tabiclv2,1,arithmetic,1.624069927255388,0.7362092255760486,0.0738739757865153,0.5017076962705531,1.0757023157609815,0.0250496582664626,0.0752760571611723,soft,0.0,0.3,256,52,128,"joint(A,B); seed=11; train-class coverage checked"
credit,tabiclv2,1,geometric,1.6241364395761149,0.736301471468663,0.0704993552714285,0.5017107863371719,1.076150134405788,0.0249266928457685,0.0752760571611723,soft,0.0,0.3,256,52,128,"joint(A,B); seed=11; train-class coverage checked"
credit,tabiclv2,1,hard_core,1.6370166108349766,0.7396842488146562,0.0664989693811223,0.5166391623582006,1.078777909984455,4.305659561526509e-14,0.0752760571611723,soft,0.0,0.3,256,52,128,"joint(A,B); seed=11; train-class coverage checked"
credit,tabiclv2,1,soft_core_lambda_1,1.6278977024232608,0.7371277746155607,0.0688871090975428,0.5073019725562585,1.0762085249648716,0.0131848994830934,0.0752760571611723,soft,0.0,0.3,256,52,128,"joint(A,B); seed=11; train-class coverage checked"
credit,tabiclv2,1,selective_core,1.635805254227329,0.7405893287124007,0.0629218557784368,0.5100112364211267,1.07896189098545,0.0223976717734935,0.0752760571611723,soft,0.0,0.3,256,52,128,"joint(A,B); seed=11; train-class coverage checked"
credit,tabiclv2,2,j1_b_then_a,1.7317278554193458,0.784243221874607,0.0302090977979031,0.4858328014392682,1.2146278477968988,0.0250186161026814,0.0971743109300863,soft,1.0,0.3,256,52,128,"joint(A,B); seed=11; train-class coverage checked"
credit,tabiclv2,2,j2_a_then_b,1.6819720473094697,0.7704408014746524,0.044297374755976,0.4668244580079278,1.1921346838100269,0.0367356878487002,0.0971743109300863,soft,1.0,0.3,256,52,128,"joint(A,B); seed=11; train-class coverage checked"
credit,tabiclv2,2,independent,1.7357324174795203,0.7928155747659098,0.0876902502466294,0.4898373634994427,1.2458950539800775,1.5504091066542713e-17,0.0971743109300863,soft,1.0,0.3,256,52,128,"joint(A,B); seed=11; train-class coverage checked"
credit,tabiclv2,2,arithmetic,1.6984306099041495,0.774601633178831,0.0360463628330689,0.4726201161187555,1.197826667825847,0.0308771519756908,0.0971743109300863,soft,1.0,0.3,256,52,128,"joint(A,B); seed=11; train-class coverage checked"
credit,tabiclv2,2,geometric,1.699078725744405,0.7750131033011576,0.0358757960230077,0.473120195391833,1.1986858916484169,0.0307512992411305,0.0971743109300863,soft,1.0,0.3,256,52,128,"joint(A,B); seed=11; train-class coverage checked"
credit,tabiclv2,2,hard_core,1.7064968249155426,0.7807821863838784,0.0294664701974346,0.4606017709354648,1.216659461416545,1.2202524689482186e-13,0.0971743109300863,soft,1.0,0.3,256,52,128,"joint(A,B); seed=11; train-class coverage checked"
credit,tabiclv2,2,soft_core_lambda_1,1.701256991120399,0.7771837749129897,0.047778177625701,0.4664502067365572,1.2064812617086744,0.017163189452481,0.0971743109300863,soft,1.0,0.3,256,52,128,"joint(A,B); seed=11; train-class coverage checked"
credit,tabiclv2,2,selective_core,1.7233954938582046,0.7824739522396479,0.0442097870445062,0.4777618310982399,1.214466862828388,0.0206731132209997,0.0971743109300863,soft,1.0,0.3,256,52,128,"joint(A,B); seed=11; train-class coverage checked"
credit,tabiclv2,3,j1_b_then_a,1.8452122961509967,0.7900789423035253,0.0925262100670442,0.6304073021004764,1.1712253038290386,0.0217047015628215,0.0908874716938704,j2_a_then_b,,,256,52,128,"joint(A,B); seed=11; train-class coverage checked"
credit,tabiclv2,3,j2_a_then_b,1.837300255557812,0.7889921283385958,0.120592773056197,0.6144038911413924,1.1598165422691666,0.0357568925280736,0.0908874716938704,j2_a_then_b,,,256,52,128,"joint(A,B); seed=11; train-class coverage checked"
credit,tabiclv2,3,independent,1.892288707339166,0.799710294429153,0.11120655476291,0.6774837132886455,1.2148049940505208,2.023392304401073e-17,0.0908874716938704,j2_a_then_b,,,256,52,128,"joint(A,B); seed=11; train-class coverage checked"
credit,tabiclv2,3,arithmetic,1.832982651531035,0.7868330940319062,0.0885111152415417,0.6198003068281142,1.1600354009949605,0.0287307970454475,0.0908874716938704,j2_a_then_b,,,256,52,128,"joint(A,B); seed=11; train-class coverage checked"
credit,tabiclv2,3,geometric,1.833913899914522,0.7873047960548594,0.0807500252526977,0.6198181353580847,1.1599242519496442,0.0287505538287505,0.0908874716938704,j2_a_then_b,,,256,52,128,"joint(A,B); seed=11; train-class coverage checked"
credit,tabiclv2,3,hard_core,1.846895087826372,0.7887300698776389,0.1153343425294093,0.632090093775851,1.1694113745353625,6.866903150704734e-13,0.0908874716938704,j2_a_then_b,,,256,52,128,"joint(A,B); seed=11; train-class coverage checked"
credit,tabiclv2,3,soft_core_lambda_1,1.836112402400757,0.7867529124760616,0.0792339687654042,0.6234821041084049,1.1623282432358806,0.0151907897674288,0.0908874716938704,j2_a_then_b,,,256,52,128,"joint(A,B); seed=11; train-class coverage checked"
credit,tabiclv2,3,selective_core,1.837300255557812,0.7889921283385958,0.120592773056197,0.6144038911413924,1.1598165422691666,0.0357568925280736,0.0908874716938704,j2_a_then_b,,,256,52,128,"joint(A,B); seed=11; train-class coverage checked"
credit,tabiclv2,4,j1_b_then_a,1.750427941805825,0.7616893092126802,0.1086066728360077,0.5040187953008518,1.196418763894492,0.0233025081813405,0.0959717096181593,soft,1.0,0.03,256,52,128,"joint(A,B); seed=11; train-class coverage checked"
credit,tabiclv2,4,j2_a_then_b,1.745513023338297,0.7580557878002897,0.132767990384196,0.5058506262437529,1.1969530192933444,0.0411414511033323,0.0959717096181593,soft,1.0,0.03,256,52,128,"joint(A,B); seed=11; train-class coverage checked"
credit,tabiclv2,4,independent,1.7949691505499263,0.7681855937021872,0.0800729444005629,0.5485600040449529,1.2464091465049734,1.611395478856581e-17,0.0959717096181593,soft,1.0,0.03,256,52,128,"joint(A,B); seed=11; train-class coverage checked"
credit,tabiclv2,4,arithmetic,1.738201594169404,0.756632850622275,0.1278038761176845,0.5018655104474764,1.1897542640898076,0.0322219796423364,0.0959717096181593,soft,1.0,0.03,256,52,128,"joint(A,B); seed=11; train-class coverage checked"
credit,tabiclv2,4,geometric,1.7396154741029148,0.7570841750529855,0.1327800703636964,0.5023111858167166,1.1905063741584947,0.0320013681286591,0.0959717096181593,soft,1.0,0.03,256,52,128,"joint(A,B); seed=11; train-class coverage checked"
credit,tabiclv2,4,hard_core,1.753809922901708,0.7586388076137107,0.1162277498634327,0.5074007763967345,1.2052499188561572,1.9572209385967584e-13,0.0959717096181593,soft,1.0,0.03,256,52,128,"joint(A,B); seed=11; train-class coverage checked"
credit,tabiclv2,4,soft_core_lambda_1,1.7424069470239656,0.7565911180333915,0.1139444463164291,0.503649440263227,1.193684522410403,0.0176845439954482,0.0959717096181593,soft,1.0,0.03,256,52,128,"joint(A,B); seed=11; train-class coverage checked"
credit,tabiclv2,4,selective_core,1.7499875542850087,0.7614120287917598,0.1160389293307475,0.5038770573015843,1.196425978670704,0.0228333170884096,0.0959717096181593,soft,1.0,0.03,256,52,128,"joint(A,B); seed=11; train-class coverage checked"
credit,tabiclv2,5,j1_b_then_a,1.6997369698831628,0.7611259955276519,0.0780699635467773,0.4882947299169097,1.1778671338233884,0.0170720636273334,0.0630937730684657,j1_b_then_a,,,256,52,128,"joint(A,B); seed=11; train-class coverage checked"
credit,tabiclv2,5,j2_a_then_b,1.6990979793470091,0.7521760959078102,0.0802287847539666,0.5057342442316328,1.1681129530299597,0.0231489393414245,0.0630937730684657,j1_b_then_a,,,256,52,128,"joint(A,B); seed=11; train-class coverage checked"
credit,tabiclv2,5,independent,1.7424272662833027,0.7693394720421178,0.070382378111254,0.5309850263170496,1.2114422399662532,1.4219989118505194e-17,0.0630937730684657,j1_b_then_a,,,256,52,128,"joint(A,B); seed=11; train-class coverage checked"
credit,tabiclv2,5,arithmetic,1.6945874279092874,0.7554636779636841,0.0692214160295832,0.4938749436902214,1.1708714977092534,0.0201105014843789,0.0630937730684657,j1_b_then_a,,,256,52,128,"joint(A,B); seed=11; train-class coverage checked"
credit,tabiclv2,5,geometric,1.6957070781882084,0.7557567468555213,0.0652646092290869,0.4950174287095681,1.1707566189149432,0.020020023650369,0.0630937730684657,j1_b_then_a,,,256,52,128,"joint(A,B); seed=11; train-class coverage checked"
credit,tabiclv2,5,hard_core,1.7134681646430194,0.7606833049587653,0.0346150926215431,0.5020259246767663,1.1824831383256609,8.624755098475546e-14,0.0630937730684657,j1_b_then_a,,,256,52,128,"joint(A,B); seed=11; train-class coverage checked"
credit,tabiclv2,5,soft_core_lambda_1,1.703421646184741,0.7578102851826345,0.0441173400369277,0.4981805176041435,1.1757082529229976,0.0104277965396523,0.0630937730684657,j1_b_then_a,,,256,52,128,"joint(A,B); seed=11; train-class coverage checked"
credit,tabiclv2,5,selective_core,1.6997369698831628,0.7611259955276519,0.0780699635467773,0.4882947299169097,1.1778671338233884,0.0170720636273334,0.0630937730684657,j1_b_then_a,,,256,52,128,"joint(A,B); seed=11; train-class coverage checked"
credit,tabpfn3,1,j1_b_then_a,1.7006720852566186,0.7669692858096405,0.0665917846199753,0.5087351481813212,1.1376310509948466,0.0134365519183585,0.0484241227967757,j2_a_then_b,,,256,52,128,"joint(A,B); seed=11; train-class coverage checked"
credit,tabpfn3,1,j2_a_then_b,1.6797488320316687,0.7579687862066034,0.116543216641409,0.5057341172371226,1.1240610423388029,0.0154272668528764,0.0484241227967757,j2_a_then_b,,,256,52,128,"joint(A,B); seed=11; train-class coverage checked"
credit,tabpfn3,1,independent,1.747624726768163,0.7814936073590713,0.1058029986506996,0.5556877896928656,1.1919369370752977,1.360673726469308e-17,0.0484241227967757,j2_a_then_b,,,256,52,128,"joint(A,B); seed=11; train-class coverage checked"
credit,tabpfn3,1,arithmetic,1.6883119663943522,0.7618671760176077,0.1000162396722421,0.5060276676927803,1.129605980622499,0.0144319093856174,0.0484241227967757,j2_a_then_b,,,256,52,128,"joint(A,B); seed=11; train-class coverage checked"
credit,tabpfn3,1,geometric,1.6881588166271952,0.761836314675777,0.0999664649665681,0.5060606174052658,1.129401469959553,0.0144735280868032,0.0484241227967757,j2_a_then_b,,,256,52,128,"joint(A,B); seed=11; train-class coverage checked"
credit,tabpfn3,1,hard_core,1.695839389955636,0.7640794520660611,0.0758972340715515,0.5039024528803386,1.1401516002637817,8.634390132131883e-13,0.0484241227967757,j2_a_then_b,,,256,52,128,"joint(A,B); seed=11; train-class coverage checked"
credit,tabpfn3,1,soft_core_lambda_1,1.6912707270156715,0.7627582419908889,0.0909052341015733,0.5048241378993424,1.1340470407595604,0.007681936722062,0.0484241227967757,j2_a_then_b,,,256,52,128,"joint(A,B); seed=11; train-class coverage checked"
credit,tabpfn3,1,selective_core,1.6797488320316687,0.7579687862066034,0.116543216641409,0.5057341172371226,1.1240610423388029,0.0154272668528764,0.0484241227967757,j2_a_then_b,,,256,52,128,"joint(A,B); seed=11; train-class coverage checked"
credit,tabpfn3,2,j1_b_then_a,1.719435869341683,0.780762100772894,0.0615167395999302,0.4848092973952844,1.1948501001881484,0.0161048394260108,0.0663292604266481,j2_a_then_b,,,256,52,128,"joint(A,B); seed=11; train-class coverage checked"
credit,tabpfn3,2,j2_a_then_b,1.6878877238186745,0.771794757283476,0.0237307007314605,0.4715761290903953,1.177077581944409,0.0279901221116694,0.0663292604266481,j2_a_then_b,,,256,52,128,"joint(A,B); seed=11; train-class coverage checked"
credit,tabpfn3,2,independent,1.745436713820664,0.7937118677724194,0.0532514652958464,0.5108101418742654,1.234626571946399,1.580224666397623e-17,0.0663292604266481,j2_a_then_b,,,256,52,128,"joint(A,B); seed=11; train-class coverage checked"
credit,tabpfn3,2,arithmetic,1.6997839193713389,0.7749179393256167,0.0472995954696391,0.476550191961811,1.1831373484280014,0.0220474807688401,0.0663292604266481,j2_a_then_b,,,256,52,128,"joint(A,B); seed=11; train-class coverage checked"
credit,tabpfn3,2,geometric,1.6998281387456329,0.7750077267698888,0.047554373830146,0.4768939264319261,1.1833768748351523,0.0221750913208886,0.0663292604266481,j2_a_then_b,,,256,52,128,"joint(A,B); seed=11; train-class coverage checked"
credit,tabpfn3,2,hard_core,1.7044593215246255,0.7779880425350105,0.069158529950298,0.4698327495782267,1.1936491796507318,4.667735653291621e-13,0.0663292604266481,j2_a_then_b,,,256,52,128,"joint(A,B); seed=11; train-class coverage checked"
credit,tabpfn3,2,soft_core_lambda_1,1.7013473160984989,0.7762055276024165,0.0439329197298458,0.4734244902941042,1.187403440756212,0.0124867792637376,0.0663292604266481,j2_a_then_b,,,256,52,128,"joint(A,B); seed=11; train-class coverage checked"
credit,tabpfn3,2,selective_core,1.6878877238186745,0.771794757283476,0.0237307007314605,0.4715761290903953,1.177077581944409,0.0279901221116694,0.0663292604266481,j2_a_then_b,,,256,52,128,"joint(A,B); seed=11; train-class coverage checked"
credit,tabpfn3,3,j1_b_then_a,1.8061545073896084,0.784721424218827,0.0546826345899793,0.6053291634134532,1.158801782234944,0.0130662988385638,0.0602575359073209,j2_a_then_b,,,256,52,128,"joint(A,B); seed=11; train-class coverage checked"
credit,tabpfn3,3,j2_a_then_b,1.7697399826005265,0.7736313393271985,0.1194055344353799,0.5867017167882798,1.127166303547415,0.0255561725765296,0.0602575359073209,j2_a_then_b,,,256,52,128,"joint(A,B); seed=11; train-class coverage checked"
credit,tabpfn3,3,independent,1.8433990230292665,0.7969661506213233,0.0794759023186678,0.6425736790531111,1.2008253439761551,9.581636699340644e-18,0.0602575359073209,j2_a_then_b,,,256,52,128,"joint(A,B); seed=11; train-class coverage checked"
credit,tabpfn3,3,arithmetic,1.78459731312586,0.7779882108391023,0.0737569900390496,0.5946704314006175,1.140755001339099,0.0193112357075467,0.0602575359073209,j2_a_then_b,,,256,52,128,"joint(A,B); seed=11; train-class coverage checked"
credit,tabpfn3,3,geometric,1.7848447476908869,0.7779830481399954,0.0821714703432068,0.5951825277397077,1.1405902474479217,0.0194385031378938,0.0602575359073209,j2_a_then_b,,,256,52,128,"joint(A,B); seed=11; train-class coverage checked"
credit,tabpfn3,3,hard_core,1.8003478328943867,0.7827580488209748,0.0501394815294339,0.5995224889182313,1.1577741538410224,1.1109423927666009e-13,0.0602575359073209,j2_a_then_b,,,256,52,128,"joint(A,B); seed=11; train-class coverage checked"
credit,tabpfn3,3,soft_core_lambda_1,1.7900495213084398,0.7794702776361428,0.0509814102094578,0.5958038987625051,1.147783569078268,0.0103999433689567,0.0602575359073209,j2_a_then_b,,,256,52,128,"joint(A,B); seed=11; train-class coverage checked"
credit,tabpfn3,3,selective_core,1.7697399826005265,0.7736313393271985,0.1194055344353799,0.5867017167882798,1.127166303547415,0.0255561725765296,0.0602575359073209,j2_a_then_b,,,256,52,128,"joint(A,B); seed=11; train-class coverage checked"
credit,tabpfn3,4,j1_b_then_a,1.7300607225548836,0.762040874359115,0.0925465778196407,0.5048222354380207,1.1714801535604633,0.0149282875121084,0.0435474192493216,j2_a_then_b,,,256,52,128,"joint(A,B); seed=11; train-class coverage checked"
credit,tabpfn3,4,j2_a_then_b,1.7339870717275112,0.7593404990290058,0.1091395308572834,0.5089211562551867,1.1783864548281726,0.0158261928937608,0.0435474192493216,j2_a_then_b,,,256,52,128,"joint(A,B); seed=11; train-class coverage checked"
credit,tabpfn3,4,independent,1.7808391040162013,0.7755914595132269,0.0935736084228338,0.5556006168993385,1.225238487116863,1.0991099523571801e-17,0.0435474192493216,j2_a_then_b,,,256,52,128,"joint(A,B); seed=11; train-class coverage checked"
credit,tabpfn3,4,arithmetic,1.730350473009961,0.7601115211289888,0.1081458889978713,0.5060078368713552,1.1740837624107383,0.0153772402029346,0.0435474192493216,j2_a_then_b,,,256,52,128,"joint(A,B); seed=11; train-class coverage checked"
credit,tabpfn3,4,geometric,1.7302483832111384,0.7599691077499411,0.108141679185172,0.5062237602393206,1.1740921756899132,0.0153632098959992,0.0435474192493216,j2_a_then_b,,,256,52,128,"joint(A,B); seed=11; train-class coverage checked"
credit,tabpfn3,4,hard_core,1.7287563059937243,0.7611780538947606,0.1105511563000628,0.5035178188768614,1.1731556890940242,4.938219700777874e-13,0.0435474192493216,j2_a_then_b,,,256,52,128,"joint(A,B); seed=11; train-class coverage checked"
credit,tabpfn3,4,soft_core_lambda_1,1.7294480723938033,0.7604918328828492,0.1078498055255338,0.5054204902507309,1.17293088815925,0.0091070141685145,0.0435474192493216,j2_a_then_b,,,256,52,128,"joint(A,B); seed=11; train-class coverage checked"
credit,tabpfn3,4,selective_core,1.7339870717275112,0.7593404990290058,0.1091395308572834,0.5089211562551867,1.1783864548281726,0.0158261928937608,0.0435474192493216,j2_a_then_b,,,256,52,128,"joint(A,B); seed=11; train-class coverage checked"
credit,tabpfn3,5,j1_b_then_a,1.7536826801486032,0.7815931478021605,0.1105085957967901,0.5036549664517435,1.207117971267245,0.0074072021598948,0.0368605689439066,j2_a_then_b,,,256,52,128,"joint(A,B); seed=11; train-class coverage checked"
credit,tabpfn3,5,j2_a_then_b,1.7320791152499124,0.7700717511455386,0.0793329625463957,0.5022135557355628,1.1875635646216969,0.0163913437381999,0.0368605689439066,j2_a_then_b,,,256,52,128,"joint(A,B); seed=11; train-class coverage checked"
credit,tabpfn3,5,independent,1.794543264325075,0.789795162306262,0.0758392019664606,0.5445155506282153,1.2500277136968596,1.2752928053860749e-17,0.0368605689439066,j2_a_then_b,,,256,52,128,"joint(A,B); seed=11; train-class coverage checked"
credit,tabpfn3,5,arithmetic,1.741716257775297,0.7753527934050379,0.0777711443451144,0.5025024518969433,1.19648932548918,0.0118992729490474,0.0368605689439066,j2_a_then_b,,,256,52,128,"joint(A,B); seed=11; train-class coverage checked"
credit,tabpfn3,5,geometric,1.741762466832066,0.7753829087719257,0.0871157975608442,0.5026849999023923,1.1964045064561797,0.0119701753302565,0.0368605689439066,j2_a_then_b,,,256,52,128,"joint(A,B); seed=11; train-class coverage checked"
credit,tabpfn3,5,hard_core,1.7519110883551958,0.7805600459192968,0.1357514382436027,0.5018833746583361,1.2073955377265648,1.3602056221813374e-13,0.0368605689439066,j2_a_then_b,,,256,52,128,"joint(A,B); seed=11; train-class coverage checked"
credit,tabpfn3,5,soft_core_lambda_1,1.7464792621057772,0.7777594397272546,0.1077873601246852,0.5024331204539486,1.201290549619824,0.0065277177791754,0.0368605689439066,j2_a_then_b,,,256,52,128,"joint(A,B); seed=11; train-class coverage checked"
credit,tabpfn3,5,selective_core,1.7320791152499124,0.7700717511455386,0.0793329625463957,0.5022135557355628,1.1875635646216969,0.0163913437381999,0.0368605689439066,j2_a_then_b,,,256,52,128,"joint(A,B); seed=11; train-class coverage checked"
credit,catboost,1,j1_b_then_a,1.704664405523398,0.7602726138903423,0.1039629354177117,0.5413663543531406,1.132363850188133,0.0180555643709054,0.0647676842176189,mpr,0.0,,256,52,128,"joint(A,B); seed=11; train-class coverage checked"
credit,catboost,1,j2_a_then_b,1.7094275474730547,0.7637501522008507,0.1042780264423644,0.5370779510625205,1.1369252623990418,0.0222670164953417,0.0647676842176189,mpr,0.0,,256,52,128,"joint(A,B); seed=11; train-class coverage checked"
credit,catboost,1,independent,1.7358003362442702,0.7717483436114474,0.1316627972931401,0.572502285074013,1.163298051170257,3.3962633053108426e-17,0.0647676842176189,mpr,0.0,,256,52,128,"joint(A,B); seed=11; train-class coverage checked"
credit,catboost,1,arithmetic,1.7042528716447205,0.7610632540535885,0.0966307888024893,0.5378141290937001,1.1328677135378904,0.0201612904331235,0.0647676842176189,mpr,0.0,,256,52,128,"joint(A,B); seed=11; train-class coverage checked"
credit,catboost,1,geometric,1.7034539796813533,0.7607928516004201,0.0956465649018593,0.537491350372592,1.1324161647424735,0.0202401650589048,0.0647676842176189,mpr,0.0,,256,52,128,"joint(A,B); seed=11; train-class coverage checked"
credit,catboost,1,hard_core,1.701975138005027,0.760552033588406,0.1192289712043375,0.5386770868347698,1.1294728529310916,9.674621943411149e-14,0.0647676842176189,mpr,0.0,,256,52,128,"joint(A,B); seed=11; train-class coverage checked"
credit,catboost,1,soft_core_lambda_1,1.7020618092833804,0.7604222015904233,0.1105416370706029,0.5376715476233964,1.130706690038282,0.0102816084214755,0.0647676842176189,mpr,0.0,,256,52,128,"joint(A,B); seed=11; train-class coverage checked"
credit,catboost,1,selective_core,1.7010065830840917,0.760487694884157,0.1198791158097975,0.5377085319138346,1.1285042980103168,1.5776465691567237e-13,0.0647676842176189,mpr,0.0,,256,52,128,"joint(A,B); seed=11; train-class coverage checked"
credit,catboost,2,j1_b_then_a,1.7316814911072678,0.7815623056042794,0.0786791346720334,0.5118308058772403,1.173556371137627,0.0173315772132532,0.0636696916636695,mpr,0.0,,256,52,128,"joint(A,B); seed=11; train-class coverage checked"
credit,catboost,2,j2_a_then_b,1.7409897896952442,0.7859499052245533,0.0540679653488304,0.5212622140953476,1.1848266040479585,0.0202466189354325,0.0636696916636695,mpr,0.0,,256,52,128,"joint(A,B); seed=11; train-class coverage checked"
credit,catboost,2,independent,1.7760138708773137,0.7966097002287307,0.0563533746604153,0.5561631856472856,1.2198506852300277,2.822991406609132e-17,0.0636696916636695,mpr,0.0,,256,52,128,"joint(A,B); seed=11; train-class coverage checked"
credit,catboost,2,arithmetic,1.733466957269796,0.7827671217760486,0.070234213806972,0.5149399656414253,1.177319661473616,0.0187890980743428,0.0636696916636695,mpr,0.0,,256,52,128,"joint(A,B); seed=11; train-class coverage checked"
credit,catboost,2,geometric,1.7328949563122982,0.7826913516482216,0.0701176512612261,0.514341785520402,1.1770412040152125,0.0185932533990104,0.0636696916636695,mpr,0.0,,256,52,128,"joint(A,B); seed=11; train-class coverage checked"
credit,catboost,2,hard_core,1.7344064242790618,0.7836874695816172,0.0668238182389707,0.5145557390490341,1.1782432386329218,9.492385989653268e-13,0.0636696916636695,mpr,0.0,,256,52,128,"joint(A,B); seed=11; train-class coverage checked"
credit,catboost,2,soft_core_lambda_1,1.73298108682145,0.7829642697872933,0.0612021957023841,0.514051724694709,1.1772692365506277,0.0097995438466792,0.0636696916636695,mpr,0.0,,256,52,128,"joint(A,B); seed=11; train-class coverage checked"
credit,catboost,2,selective_core,1.7412037063893897,0.7853881705015839,0.0958096127060311,0.521353021159362,1.185040520743391,1.423439071148759e-12,0.0636696916636695,mpr,0.0,,256,52,128,"joint(A,B); seed=11; train-class coverage checked"
credit,catboost,3,j1_b_then_a,1.7873391437785506,0.7831412750278215,0.0629660511868883,0.5576387686525834,1.18481028571943,0.0194695457844821,0.074806525012731,j2_a_then_b,,,256,52,128,"joint(A,B); seed=11; train-class coverage checked"
credit,catboost,3,j2_a_then_b,1.8020284288035195,0.7863429553984622,0.0954943228904305,0.5812306616304468,1.1867056208081717,0.0256221692168078,0.074806525012731,j2_a_then_b,,,256,52,128,"joint(A,B); seed=11; train-class coverage checked"
credit,catboost,3,independent,1.8450231831213144,0.8007466444986382,0.128535045945966,0.6153228079953474,1.229700375125967,3.118436498611432e-17,0.074806525012731,j2_a_then_b,,,256,52,128,"joint(A,B); seed=11; train-class coverage checked"
credit,catboost,3,arithmetic,1.7894205769836535,0.7832934528648439,0.095081275323321,0.5662088387832716,1.182220771830254,0.0225458575006449,0.074806525012731,j2_a_then_b,,,256,52,128,"joint(A,B); seed=11; train-class coverage checked"
credit,catboost,3,geometric,1.7895874980268072,0.7833272081854081,0.0888934259437543,0.5663740184577888,1.1819782180034264,0.0223489815326298,0.074806525012731,j2_a_then_b,,,256,52,128,"joint(A,B); seed=11; train-class coverage checked"
credit,catboost,3,hard_core,1.8046051160623349,0.7865353299214336,0.0998933011109592,0.5749047409363679,1.1892823080671708,2.938572508156406e-13,0.074806525012731,j2_a_then_b,,,256,52,128,"joint(A,B); seed=11; train-class coverage checked"
credit,catboost,3,soft_core_lambda_1,1.7958708048717449,0.7845340888222776,0.0921334493762861,0.570014448372201,1.184924602545495,0.011467092959577,0.074806525012731,j2_a_then_b,,,256,52,128,"joint(A,B); seed=11; train-class coverage checked"
credit,catboost,3,selective_core,1.8020284288035195,0.7863429553984622,0.0954943228904305,0.5812306616304468,1.1867056208081717,0.0256221692168078,0.074806525012731,j2_a_then_b,,,256,52,128,"joint(A,B); seed=11; train-class coverage checked"
credit,catboost,4,j1_b_then_a,1.7623456777176796,0.7733269414609385,0.0646099705847172,0.5231986370352348,1.1938497301852973,0.022781223842774,0.0789861731538534,soft,1.0,3.0,256,52,128,"joint(A,B); seed=11; train-class coverage checked"
credit,catboost,4,j2_a_then_b,1.7314924649485692,0.7637702669253167,0.0502852132544458,0.5065626465840529,1.1738026914332704,0.0271620699784061,0.0789861731538534,soft,1.0,3.0,256,52,128,"joint(A,B); seed=11; train-class coverage checked"
credit,catboost,4,independent,1.7968368141977435,0.7845880070308322,0.087875940430345,0.5576897735152986,1.239147040682445,2.4475864043860266e-17,0.0789861731538534,soft,1.0,3.0,256,52,128,"joint(A,B); seed=11; train-class coverage checked"
credit,catboost,4,arithmetic,1.742300465853241,0.7669146157872367,0.0689764921616426,0.5126877408392132,1.1812983847276826,0.02497164691059,0.0789861731538534,soft,1.0,3.0,256,52,128,"joint(A,B); seed=11; train-class coverage checked"
credit,catboost,4,geometric,1.741472578592263,0.7666942067334925,0.0692298883794659,0.5116749961056353,1.1806883702461737,0.0249121376625108,0.0789861731538534,soft,1.0,3.0,256,52,128,"joint(A,B); seed=11; train-class coverage checked"
credit,catboost,4,hard_core,1.7450922589068287,0.7686516212225356,0.0683611275012889,0.5059452182243838,1.1874024853918432,1.1107201313212413e-13,0.0789861731538534,soft,1.0,3.0,256,52,128,"joint(A,B); seed=11; train-class coverage checked"
credit,catboost,4,soft_core_lambda_1,1.742596370605866,0.7675021462988791,0.0732214076672527,0.5086522330757682,1.1833628625336114,0.0136212096854028,0.0789861731538534,soft,1.0,3.0,256,52,128,"joint(A,B); seed=11; train-class coverage checked"
credit,catboost,4,selective_core,1.7520072475572417,0.7697575565384283,0.0581707050934695,0.5128212361622444,1.1932818193305563,0.007432904744998,0.0789861731538534,soft,1.0,3.0,256,52,128,"joint(A,B); seed=11; train-class coverage checked"
credit,catboost,5,j1_b_then_a,1.73500008395582,0.7746617998927736,0.0904016795422888,0.5156011213997744,1.185040354242675,0.0167131594255874,0.0686936460687579,mpr,1.0,,256,52,128,"joint(A,B); seed=11; train-class coverage checked"
credit,catboost,5,j2_a_then_b,1.7324083069167735,0.7693713084709667,0.1330119257513642,0.5197391861782621,1.1866329666282267,0.0272858748988056,0.0686936460687579,mpr,1.0,,256,52,128,"joint(A,B); seed=11; train-class coverage checked"
credit,catboost,5,independent,1.7651743028445923,0.7837753905117067,0.09234378247921,0.5457753402885468,1.2193989625560455,2.5953089503871762e-17,0.0686936460687579,mpr,1.0,,256,52,128,"joint(A,B); seed=11; train-class coverage checked"
credit,catboost,5,arithmetic,1.7293337759918956,0.7707849117482377,0.1012407156388632,0.515915514094076,1.1827705993092956,0.0219995171621965,0.0686936460687579,mpr,1.0,,256,52,128,"joint(A,B); seed=11; train-class coverage checked"
credit,catboost,5,geometric,1.7297568973653588,0.7708218672118776,0.0993287268153197,0.5161763312158665,1.1831759263906505,0.021781324494505,0.0686936460687579,mpr,1.0,,256,52,128,"joint(A,B); seed=11; train-class coverage checked"
credit,catboost,5,hard_core,1.7352998989725514,0.7740480840904573,0.0938926472466797,0.5159009364165059,1.1895245586839236,2.9234373168790524e-14,0.0686936460687579,mpr,1.0,,256,52,128,"joint(A,B); seed=11; train-class coverage checked"
credit,catboost,5,soft_core_lambda_1,1.7314751646731263,0.7720857535430812,0.1015380719770758,0.5155994174417386,1.1857249663720109,0.0110908609411786,0.0686936460687579,mpr,1.0,,256,52,128,"joint(A,B); seed=11; train-class coverage checked"
credit,catboost,5,selective_core,1.7311452025439409,0.7732946130864162,0.1003185217400087,0.5117462399878955,1.1853698622545137,2.506493547872053e-13,0.0686936460687579,mpr,1.0,,256,52,128,"joint(A,B); seed=11; train-class coverage checked"
mic,tabiclv2,1,j1_b_then_a,1.0960243202760178,0.4653306119230526,0.0910424748094857,0.5378486708341454,0.5503641816236897,0.0099471327527718,0.0381771107021541,soft,1.0,30.0,256,52,128,"joint(A,B); seed=11; train-class coverage checked"
mic,tabiclv2,1,j2_a_then_b,1.123361380762226,0.482779206878803,0.1313035020886638,0.5500781205089124,0.561180698982101,0.012464881437759,0.0381771107021541,soft,1.0,30.0,256,52,128,"joint(A,B); seed=11; train-class coverage checked"
mic,tabiclv2,1,independent,1.1203563312219975,0.4696777796593822,0.0841662834508424,0.5621806817801251,0.5581756494418724,3.1996378414955577e-17,0.0381771107021541,soft,1.0,30.0,256,52,128,"joint(A,B); seed=11; train-class coverage checked"
mic,tabiclv2,1,arithmetic,1.106467314476456,0.4731878906405848,0.1147156261073187,0.5421323702093143,0.5541387181212877,0.0112060070952654,0.0381771107021541,soft,1.0,30.0,256,52,128,"joint(A,B); seed=11; train-class coverage checked"
mic,tabiclv2,1,geometric,1.1073468297852211,0.4735728031708828,0.1173144404653291,0.542564937839503,0.554744822406142,0.0110513081144705,0.0381771107021541,soft,1.0,30.0,256,52,128,"joint(A,B); seed=11; train-class coverage checked"
mic,tabiclv2,1,hard_core,1.1103504652290213,0.4691294420983415,0.0983219029298742,0.5521748157871491,0.5481697834487127,8.609834586639882e-14,0.0381771107021541,soft,1.0,30.0,256,52,128,"joint(A,B); seed=11; train-class coverage checked"
mic,tabiclv2,1,soft_core_lambda_1,1.1082706211673885,0.4711914950787729,0.1038344787253602,0.5470185072758142,0.5512193222876274,0.0055096850761101,0.0381771107021541,soft,1.0,30.0,256,52,128,"joint(A,B); seed=11; train-class coverage checked"
mic,tabiclv2,1,selective_core,1.1115880386307588,0.4693179847223269,0.0983845447216692,0.5534031395898595,0.5500990350545525,0.0003140753501724,0.0381771107021541,soft,1.0,30.0,256,52,128,"joint(A,B); seed=11; train-class coverage checked"
mic,tabiclv2,2,j1_b_then_a,1.0581947970352137,0.47826394476343,0.1042793646678543,0.4766260833950169,0.581612695845946,0.0140885523531158,0.0535625472877396,j1_b_then_a,,,256,52,128,"joint(A,B); seed=11; train-class coverage checked"
mic,tabiclv2,2,j2_a_then_b,1.0238966650713417,0.4653830684962423,0.1045744535117055,0.4644664059797149,0.5564479689109553,0.0176115465869478,0.0535625472877396,j1_b_then_a,,,256,52,128,"joint(A,B); seed=11; train-class coverage checked"
mic,tabiclv2,2,independent,1.0490174098005831,0.4760039527731022,0.0890825457551624,0.4674486961603865,0.5815687136401966,3.808937757213138e-17,0.0535625472877396,j1_b_then_a,,,256,52,128,"joint(A,B); seed=11; train-class coverage checked"
mic,tabiclv2,2,arithmetic,1.037118921983498,0.4704710680489081,0.1152244501326287,0.468160301869193,0.5674602710273938,0.0158500494700318,0.0535625472877396,j1_b_then_a,,,256,52,128,"joint(A,B); seed=11; train-class coverage checked"
mic,tabiclv2,2,geometric,1.0376219581259247,0.4703975463083425,0.115049771809252,0.468617053911049,0.567497552747912,0.0155233907093346,0.0535625472877396,j1_b_then_a,,,256,52,128,"joint(A,B); seed=11; train-class coverage checked"
mic,tabiclv2,2,hard_core,1.047643071423646,0.4753264070219108,0.1025669845421159,0.4660743577834495,0.5801943752635036,2.2665153623350098e-13,0.0535625472877396,j1_b_then_a,,,256,52,128,"joint(A,B); seed=11; train-class coverage checked"
mic,tabiclv2,2,soft_core_lambda_1,1.041769882522005,0.472530464342047,0.1129951579533821,0.4668439302918397,0.5734836010767642,0.0076960172851276,0.0535625472877396,j1_b_then_a,,,256,52,128,"joint(A,B); seed=11; train-class coverage checked"
mic,tabiclv2,2,selective_core,1.0581947970352137,0.47826394476343,0.1042793646678543,0.4766260833950169,0.581612695845946,0.0140885523531158,0.0535625472877396,j1_b_then_a,,,256,52,128,"joint(A,B); seed=11; train-class coverage checked"
mic,tabiclv2,3,j1_b_then_a,1.0773050770525172,0.4721289430984698,0.1453820725183661,0.594686991377609,0.4845528104824946,0.0095450810693114,0.0366985931160916,soft,1.0,0.3,256,52,128,"joint(A,B); seed=11; train-class coverage checked"
mic,tabiclv2,3,j2_a_then_b,1.0699834014297864,0.4651966967569355,0.1279259527788092,0.5849379719743404,0.4890356880313325,0.0113943628354201,0.0366985931160916,soft,1.0,0.3,256,52,128,"joint(A,B); seed=11; train-class coverage checked"
mic,tabiclv2,3,independent,1.0635657990733618,0.4659488463719229,0.1533763930316357,0.5809477133984537,0.4826180856749079,2.7976810033539896e-17,0.0366985931160916,soft,1.0,0.3,256,52,128,"joint(A,B); seed=11; train-class coverage checked"
mic,tabiclv2,3,arithmetic,1.0722489412075586,0.4679715014251686,0.1364373640743219,0.5892097732946133,0.4862673591386477,0.0104697219523658,0.0366985931160916,soft,1.0,0.3,256,52,128,"joint(A,B); seed=11; train-class coverage checked"
mic,tabiclv2,3,geometric,1.0711836203718403,0.4677309129382997,0.1367013935274149,0.5880761359998116,0.4858973812657131,0.0105141213465992,0.0366985931160916,soft,1.0,0.3,256,52,128,"joint(A,B); seed=11; train-class coverage checked"
mic,tabiclv2,3,hard_core,1.06686981242634,0.4655753075761876,0.1311421779334109,0.584251726751432,0.4859220990279985,4.457099773117292e-13,0.0366985931160916,soft,1.0,0.3,256,52,128,"joint(A,B); seed=11; train-class coverage checked"
mic,tabiclv2,3,soft_core_lambda_1,1.0683717035826226,0.4664446955672142,0.1378156860292961,0.5857000454048295,0.4857163044975219,0.0052707975566214,0.0366985931160916,soft,1.0,0.3,256,52,128,"joint(A,B); seed=11; train-class coverage checked"
mic,tabiclv2,3,selective_core,1.0736668654938268,0.4704161678318965,0.1594286045798654,0.5909949833388116,0.4845343211660856,0.0074080471135478,0.0366985931160916,soft,1.0,0.3,256,52,128,"joint(A,B); seed=11; train-class coverage checked"
mic,tabiclv2,4,j1_b_then_a,1.0031763161815823,0.4451724175782625,0.0818439522227209,0.4730038853200647,0.5269576103669553,0.0085584996377463,0.0444353381464649,arithmetic,,,256,52,128,"joint(A,B); seed=11; train-class coverage checked"
mic,tabiclv2,4,j2_a_then_b,1.0020936039765496,0.4378923319651849,0.0980111952756483,0.4825298661337973,0.5163567963260223,0.0183445053099115,0.0444353381464649,arithmetic,,,256,52,128,"joint(A,B); seed=11; train-class coverage checked"
mic,tabiclv2,4,independent,1.0159092385120452,0.4464572348436431,0.0894516945084658,0.4857368076505274,0.5301724308615177,3.4445865349517005e-17,0.0444353381464649,arithmetic,,,256,52,128,"joint(A,B); seed=11; train-class coverage checked"
mic,tabiclv2,4,arithmetic,0.9992614674777524,0.4404814032844158,0.0867214337818038,0.4762793176149685,0.5191929078443378,0.0134515024738289,0.0444353381464649,arithmetic,,,256,52,128,"joint(A,B); seed=11; train-class coverage checked"
mic,tabiclv2,4,geometric,1.000092640697074,0.4403637388315299,0.080034494415711,0.4769538897282594,0.5198529806923666,0.013524995426331,0.0444353381464649,arithmetic,,,256,52,128,"joint(A,B); seed=11; train-class coverage checked"
mic,tabiclv2,4,hard_core,1.0124847985253596,0.4464035956234639,0.0776252062230701,0.482312367663842,0.5267479908748247,2.9035446634094898e-15,0.0444353381464649,arithmetic,,,256,52,128,"joint(A,B); seed=11; train-class coverage checked"
mic,tabiclv2,4,soft_core_lambda_1,1.005694878054928,0.4430839610493784,0.0793208021080066,0.4794683850043149,0.5228694962349377,0.0067803981436119,0.0444353381464649,arithmetic,,,256,52,128,"joint(A,B); seed=11; train-class coverage checked"
mic,tabiclv2,4,selective_core,0.9992614674777524,0.4404814032844158,0.0867214337818038,0.4762793176149685,0.5191929078443378,0.0134515024738289,0.0444353381464649,arithmetic,,,256,52,128,"joint(A,B); seed=11; train-class coverage checked"
mic,tabiclv2,5,j1_b_then_a,1.067108745439339,0.5050918132719466,0.076718771453215,0.4718898496135012,0.5939313231395751,0.0189817836314551,0.0589936208719841,j2_a_then_b,,,256,52,128,"joint(A,B); seed=11; train-class coverage checked"
mic,tabiclv2,5,j2_a_then_b,1.080968972553908,0.4948143136849467,0.0664080994781261,0.4940870523216239,0.5848413939844908,0.0161131499168151,0.0589936208719841,j2_a_then_b,,,256,52,128,"joint(A,B); seed=11; train-class coverage checked"
mic,tabiclv2,5,independent,1.091346474395255,0.5034121230206179,0.0851251852509337,0.4961275785694171,0.5952188958258379,3.337690977008208e-17,0.0589936208719841,j2_a_then_b,,,256,52,128,"joint(A,B); seed=11; train-class coverage checked"
mic,tabiclv2,5,arithmetic,1.070250754626676,0.4986767459096075,0.0716454735090294,0.4802503729865452,0.5881850263978022,0.0175474667741351,0.0589936208719841,j2_a_then_b,,,256,52,128,"joint(A,B); seed=11; train-class coverage checked"
mic,tabiclv2,5,geometric,1.0693807880513932,0.4985932314990567,0.0627806207281618,0.4788080684629875,0.5879367639453809,0.0177936003500099,0.0589936208719841,j2_a_then_b,,,256,52,128,"joint(A,B); seed=11; train-class coverage checked"
mic,tabiclv2,5,hard_core,1.0902023685040714,0.5045597776908987,0.0638848565003331,0.4949834726782335,0.5940747899346415,8.081799694802192e-15,0.0589936208719841,j2_a_then_b,,,256,52,128,"joint(A,B); seed=11; train-class coverage checked"
mic,tabiclv2,5,soft_core_lambda_1,1.0784161183297138,0.5011835645765844,0.0622870258848784,0.4861049211399912,0.5904006020356682,0.0089774357662458,0.0589936208719841,j2_a_then_b,,,256,52,128,"joint(A,B); seed=11; train-class coverage checked"
mic,tabiclv2,5,selective_core,1.080968972553908,0.4948143136849467,0.0664080994781261,0.4940870523216239,0.5848413939844908,0.0161131499168151,0.0589936208719841,j2_a_then_b,,,256,52,128,"joint(A,B); seed=11; train-class coverage checked"
mic,tabpfn3,1,j1_b_then_a,1.078102087710195,0.4709144951182186,0.1214659933375239,0.5343609936775082,0.5363936507881428,0.004654487393503,0.0162815671169029,soft,1.0,3.0,256,52,128,"joint(A,B); seed=11; train-class coverage checked"
mic,tabpfn3,1,j2_a_then_b,1.077723082115733,0.4702004808839556,0.1080752884661266,0.5383946848044172,0.5347724748602696,0.0053550956905516,0.0162815671169029,soft,1.0,3.0,256,52,128,"joint(A,B); seed=11; train-class coverage checked"
mic,tabpfn3,1,independent,1.0866917012881507,0.4723516064966073,0.0998465603903736,0.5429506072554636,0.543741094032687,3.449957253232885e-17,0.0162815671169029,soft,1.0,3.0,256,52,128,"joint(A,B); seed=11; train-class coverage checked"
mic,tabpfn3,1,arithmetic,1.07735819444208,0.4704252580377493,0.1019932516575917,0.5359795669584716,0.535328621178258,0.0050047915420273,0.0162815671169029,soft,1.0,3.0,256,52,128,"joint(A,B); seed=11; train-class coverage checked"
mic,tabpfn3,1,geometric,1.0774581327263015,0.4704570906063857,0.1021388072339408,0.5360344730016542,0.5353888364235891,0.0049558478702304,0.0162815671169029,soft,1.0,3.0,256,52,128,"joint(A,B); seed=11; train-class coverage checked"
mic,tabpfn3,1,hard_core,1.0805692805077176,0.472273436883192,0.1152875662603028,0.5368281864750308,0.5376186732522732,6.481304947641623e-15,0.0162815671169029,soft,1.0,3.0,256,52,128,"joint(A,B); seed=11; train-class coverage checked"
mic,tabpfn3,1,soft_core_lambda_1,1.078927763699124,0.4713364947926568,0.1165814335167813,0.536348233220694,0.5364981557391165,0.0024656775728967,0.0162815671169029,soft,1.0,3.0,256,52,128,"joint(A,B); seed=11; train-class coverage checked"
mic,tabpfn3,1,selective_core,1.0786056837679632,0.4719382472836012,0.1260232102716085,0.5347868581351016,0.5361652068891783,0.0011833939900886,0.0162815671169029,soft,1.0,3.0,256,52,128,"joint(A,B); seed=11; train-class coverage checked"
mic,tabpfn3,2,j1_b_then_a,0.9790402009821756,0.4393628136702129,0.1286827437643873,0.4585001132359299,0.5191972607574291,0.0049378264192247,0.0204734755129343,j1_b_then_a,,,256,52,128,"joint(A,B); seed=11; train-class coverage checked"
mic,tabpfn3,2,j2_a_then_b,0.9818801767477092,0.4411922885198546,0.1188538212208916,0.4632888702773183,0.51552457881806,0.0075267798189875,0.0204734755129343,j1_b_then_a,,,256,52,128,"joint(A,B); seed=11; train-class coverage checked"
mic,tabpfn3,2,independent,0.9868956856758948,0.4422665289221208,0.1195003468910444,0.4663555979296492,0.5205400877462457,3.416465041102858e-17,0.0204734755129343,j1_b_then_a,,,256,52,128,"joint(A,B); seed=11; train-class coverage checked"
mic,tabpfn3,2,arithmetic,0.979949043022064,0.440069856868284,0.1148151975731031,0.4606402196222368,0.5171631058567856,0.006232303119106,0.0204734755129343,j1_b_then_a,,,256,52,128,"joint(A,B); seed=11; train-class coverage checked"
mic,tabpfn3,2,geometric,0.9799265251733936,0.4400729446830571,0.1148356229126163,0.4606245937249233,0.5170956633457668,0.0061912487413805,0.0204734755129343,j1_b_then_a,,,256,52,128,"joint(A,B); seed=11; train-class coverage checked"
mic,tabpfn3,2,hard_core,0.9846444592531276,0.4408843149882065,0.1231874055825947,0.4641043715068818,0.5182888613236866,4.714042643821318e-13,0.0204734755129343,j1_b_then_a,,,256,52,128,"joint(A,B); seed=11; train-class coverage checked"
mic,tabpfn3,2,soft_core_lambda_1,0.9821681885815154,0.4404258709487362,0.1166517823378069,0.4622965752962932,0.5176404883086391,0.0030948670430737,0.0204734755129343,j1_b_then_a,,,256,52,128,"joint(A,B); seed=11; train-class coverage checked"
mic,tabpfn3,2,selective_core,0.9790402009821756,0.4393628136702129,0.1286827437643873,0.4585001132359299,0.5191972607574291,0.0049378264192247,0.0204734755129343,j1_b_then_a,,,256,52,128,"joint(A,B); seed=11; train-class coverage checked"
mic,tabpfn3,3,j1_b_then_a,1.0314153968783637,0.4553076568737497,0.1018437670380495,0.5713672107888546,0.4619615647872748,0.0057746013445926,0.023697214444531,arithmetic,,,256,52,128,"joint(A,B); seed=11; train-class coverage checked"
mic,tabpfn3,3,j2_a_then_b,1.0420485817169929,0.4555507627223957,0.1242001152008467,0.5739078225180272,0.4748689183421295,0.0071328441799513,0.023697214444531,arithmetic,,,256,52,128,"joint(A,B); seed=11; train-class coverage checked"
mic,tabpfn3,3,independent,1.027227849464372,0.4535463650950644,0.1098023096226125,0.5671796633748631,0.4600481860895087,3.1633517441285715e-17,0.023697214444531,arithmetic,,,256,52,128,"joint(A,B); seed=11; train-class coverage checked"
mic,tabpfn3,3,arithmetic,1.0355420152222443,0.4552235501543399,0.1013643539455029,0.5718947125338772,0.467697471902957,0.0064537227622719,0.023697214444531,arithmetic,,,256,52,128,"joint(A,B); seed=11; train-class coverage checked"
mic,tabpfn3,3,geometric,1.0356139460339844,0.4552788192007983,0.1012864856755578,0.57195717777691,0.4676871236198146,0.0065717034161548,0.023697214444531,arithmetic,,,256,52,128,"joint(A,B); seed=11; train-class coverage checked"
mic,tabpfn3,3,hard_core,1.0312545013520844,0.4535140270329552,0.1247803791220817,0.5712063152625757,0.4640748379772315,2.3796655547625363e-14,0.023697214444531,arithmetic,,,256,52,128,"joint(A,B); seed=11; train-class coverage checked"
mic,tabpfn3,3,soft_core_lambda_1,1.0332389354707214,0.454348865130697,0.1191469911820864,0.5714731335276576,0.4658020796387027,0.0032882628455374,0.023697214444531,arithmetic,,,256,52,128,"joint(A,B); seed=11; train-class coverage checked"
mic,tabpfn3,3,selective_core,1.0355420152222443,0.4552235501543399,0.1013643539455029,0.5718947125338772,0.467697471902957,0.0064537227622719,0.023697214444531,arithmetic,,,256,52,128,"joint(A,B); seed=11; train-class coverage checked"
mic,tabpfn3,4,j1_b_then_a,1.0128972255894615,0.437145406295557,0.0886811777492558,0.4908816812020216,0.517478421580204,0.0073146466420903,0.0219255584868743,soft,1.0,0.3,256,52,128,"joint(A,B); seed=11; train-class coverage checked"
mic,tabpfn3,4,j2_a_then_b,1.0098915003728943,0.4365908387743404,0.0839052497885741,0.4858970778957176,0.5208982399155583,0.0062241679160577,0.0219255584868743,soft,1.0,0.3,256,52,128,"joint(A,B); seed=11; train-class coverage checked"
mic,tabpfn3,4,independent,1.011008804844776,0.436109447974207,0.0687179931097702,0.4889932604573362,0.5220155443874399,3.079107700079231e-17,0.0219255584868743,soft,1.0,0.3,256,52,128,"joint(A,B); seed=11; train-class coverage checked"
mic,tabpfn3,4,arithmetic,1.0102550646957915,0.4366403722820799,0.0771717266474022,0.4875055296499391,0.5189313342156968,0.006769407279074,0.0219255584868743,soft,1.0,0.3,256,52,128,"joint(A,B); seed=11; train-class coverage checked"
mic,tabpfn3,4,geometric,1.0106193924267686,0.4365828021024217,0.0770728796636491,0.4878332870326338,0.5189470162321983,0.0067899714323534,0.0219255584868743,soft,1.0,0.3,256,52,128,"joint(A,B); seed=11; train-class coverage checked"
mic,tabpfn3,4,hard_core,1.0072241915063098,0.4358442655651543,0.05966953267635,0.4852086471188698,0.5182309310489588,1.4812990399781927e-14,0.0219255584868743,soft,1.0,0.3,256,52,128,"joint(A,B); seed=11; train-class coverage checked"
mic,tabpfn3,4,soft_core_lambda_1,1.008716260894098,0.4361432447969531,0.0516812222823667,0.4863805367951973,0.5185237786176691,0.0034021821714001,0.0219255584868743,soft,1.0,0.3,256,52,128,"joint(A,B); seed=11; train-class coverage checked"
mic,tabpfn3,4,selective_core,1.011033522867555,0.436728791477759,0.079559924138408,0.4890343706624698,0.5174833707603761,0.0056629427362013,0.0219255584868743,soft,1.0,0.3,256,52,128,"joint(A,B); seed=11; train-class coverage checked"
mic,tabpfn3,5,j1_b_then_a,1.0519907245195037,0.4871086308540949,0.1046823716915949,0.476773633429447,0.5752366892397454,0.0064523689991994,0.0252002532507938,j2_a_then_b,,,256,52,128,"joint(A,B); seed=11; train-class coverage checked"
mic,tabpfn3,5,j2_a_then_b,1.043141564608753,0.487494860952502,0.1031220484032503,0.4681452072609838,0.5706249490115711,0.0057247877726365,0.0252002532507938,j2_a_then_b,,,256,52,128,"joint(A,B); seed=11; train-class coverage checked"
mic,tabpfn3,5,independent,1.047733706687238,0.486202299624443,0.0997923302518449,0.4725166155971817,0.5752170910900565,3.2665402094388465e-17,0.0252002532507938,j2_a_then_b,,,256,52,128,"joint(A,B); seed=11; train-class coverage checked"
mic,tabpfn3,5,arithmetic,1.0468073031761935,0.4870976841744568,0.1004086840871541,0.4718895031583968,0.5725931572069156,0.0060885783859179,0.0252002532507938,j2_a_then_b,,,256,52,128,"joint(A,B); seed=11; train-class coverage checked"
mic,tabpfn3,5,geometric,1.0464815373151342,0.4870788905260429,0.1004005949896402,0.4715485180539446,0.5724311410427506,0.006116175016572,0.0252002532507938,j2_a_then_b,,,256,52,128,"joint(A,B); seed=11; train-class coverage checked"
mic,tabpfn3,5,hard_core,1.0452606675935403,0.488352238160911,0.0920140163793599,0.4700435765034836,0.5727440519966089,1.2365196244683722e-13,0.0252002532507938,j2_a_then_b,,,256,52,128,"joint(A,B); seed=11; train-class coverage checked"
mic,tabpfn3,5,soft_core_lambda_1,1.045721585768264,0.4877038963119793,0.0897285059885392,0.4706509669153297,0.5725779948043683,0.0030712552730735,0.0252002532507938,j2_a_then_b,,,256,52,128,"joint(A,B); seed=11; train-class coverage checked"
mic,tabpfn3,5,selective_core,1.043141564608753,0.487494860952502,0.1031220484032503,0.4681452072609838,0.5706249490115711,0.0057247877726365,0.0252002532507938,j2_a_then_b,,,256,52,128,"joint(A,B); seed=11; train-class coverage checked"
mic,catboost,1,j1_b_then_a,1.1269441974559409,0.487071769298675,0.1033294053515105,0.5647839909341144,0.5613011791325038,0.0103220449099668,0.0338198934737914,soft,0.0,0.1,256,52,128,"joint(A,B); seed=11; train-class coverage checked"
mic,catboost,1,j2_a_then_b,1.1284472325033823,0.4850250400131727,0.0971032536016478,0.5689433987900492,0.5590165940678433,0.0099497893673189,0.0338198934737914,soft,0.0,0.1,256,52,128,"joint(A,B); seed=11; train-class coverage checked"
mic,catboost,1,independent,1.1315908449573653,0.4851921143516332,0.1296636232490206,0.5694306384355392,0.5621602065218263,4.726274439089545e-17,0.0338198934737914,soft,0.0,0.1,256,52,128,"joint(A,B); seed=11; train-class coverage checked"
mic,catboost,1,arithmetic,1.126711062184241,0.4855129483906327,0.1159480179090569,0.5663213520348973,0.5597797073208461,0.0101359171386428,0.0338198934737914,soft,0.0,0.1,256,52,128,"joint(A,B); seed=11; train-class coverage checked"
mic,catboost,1,geometric,1.125907220314201,0.4852611874829084,0.1193488816808531,0.5656263832547587,0.5595746706217615,0.0100494919467524,0.0338198934737914,soft,0.0,0.1,256,52,128,"joint(A,B); seed=11; train-class coverage checked"
mic,catboost,1,hard_core,1.1309385473204103,0.4853060181320939,0.1331193054440123,0.5687783407985842,0.5615079088848725,3.9769043906536655e-16,0.0338198934737914,soft,0.0,0.1,256,52,128,"joint(A,B); seed=11; train-class coverage checked"
mic,catboost,1,soft_core_lambda_1,1.1279790336010491,0.4851036825475993,0.120668241813497,0.566914275270163,0.5603868698674724,0.0050026001967845,0.0338198934737914,soft,0.0,0.1,256,52,128,"joint(A,B); seed=11; train-class coverage checked"
mic,catboost,1,selective_core,1.1284997780470611,0.4849282719511927,0.1083198200732686,0.5689435181510769,0.5590704612009356,0.0090566088011573,0.0338198934737914,soft,0.0,0.1,256,52,128,"joint(A,B); seed=11; train-class coverage checked"
mic,catboost,2,j1_b_then_a,1.051724409690685,0.4642884623401077,0.1263380353596395,0.5182847864238957,0.532296505046964,0.0122546462424138,0.0445743340692878,soft,1.0,1.0,256,52,128,"joint(A,B); seed=11; train-class coverage checked"
mic,catboost,2,j2_a_then_b,1.060700615600732,0.4749260148779154,0.1329037440283285,0.515156838957177,0.5442938238186856,0.0145220172762298,0.0445743340692878,soft,1.0,1.0,256,52,128,"joint(A,B); seed=11; train-class coverage checked"
mic,catboost,2,independent,1.0498464150488354,0.4659858547938609,0.147307973002112,0.5164067917820463,0.5334396232667891,4.437266797486378e-17,0.0445743340692878,soft,1.0,1.0,256,52,128,"joint(A,B); seed=11; train-class coverage checked"
mic,catboost,2,arithmetic,1.0538351593413957,0.4686775315934912,0.1415366399082665,0.514931363540198,0.5373589048216377,0.0133883317593218,0.0445743340692878,soft,1.0,1.0,256,52,128,"joint(A,B); seed=11; train-class coverage checked"
mic,catboost,2,geometric,1.0538327375853096,0.4686156786009281,0.1476240120111124,0.5150969956843703,0.5375293759294646,0.0132637449637489,0.0445743340692878,soft,1.0,1.0,256,52,128,"joint(A,B); seed=11; train-class coverage checked"
mic,catboost,2,hard_core,1.0486529159405689,0.4650443992941312,0.1179377482446617,0.5152132926737796,0.5322461241585663,2.637091052796157e-14,0.0445743340692878,soft,1.0,1.0,256,52,128,"joint(A,B); seed=11; train-class coverage checked"
mic,catboost,2,soft_core_lambda_1,1.0506580545267707,0.4665352723818627,0.1500830761555753,0.5147693066893552,0.5346896336469726,0.0066203753832885,0.0445743340692878,soft,1.0,1.0,256,52,128,"joint(A,B); seed=11; train-class coverage checked"
mic,catboost,2,selective_core,1.0486210886655527,0.4641663683692388,0.1199478345892323,0.5152033264032676,0.5323180555520337,0.0061879665498402,0.0445743340692878,soft,1.0,1.0,256,52,128,"joint(A,B); seed=11; train-class coverage checked"
mic,catboost,3,j1_b_then_a,1.0412595730968015,0.4627580610655372,0.119630719800003,0.5685694118548186,0.4723652738561492,0.0113959900814497,0.0350836594577761,geometric,0.25,,256,52,128,"joint(A,B); seed=11; train-class coverage checked"
mic,catboost,3,j2_a_then_b,1.0439206401924996,0.4663390026037728,0.1286844082353059,0.5646156896577147,0.479304950534785,0.0110915870861949,0.0350836594577761,geometric,0.25,,256,52,128,"joint(A,B); seed=11; train-class coverage checked"
mic,catboost,3,independent,1.0373058508996975,0.4620643664031575,0.0691944999061216,0.5646156896577147,0.472690161241983,5.393397588347032e-17,0.0350836594577761,geometric,0.25,,256,52,128,"joint(A,B); seed=11; train-class coverage checked"
mic,catboost,3,arithmetic,1.0408624474608774,0.4640691322387462,0.0967004332369101,0.5653525420914914,0.4754726171976412,0.0112437885838223,0.0350836594577761,geometric,0.25,,256,52,128,"joint(A,B); seed=11; train-class coverage checked"
mic,catboost,3,geometric,1.0408827592283432,0.4640308938008484,0.0967814286181116,0.5655686965477889,0.4751591265892976,0.0113161354114721,0.0350836594577761,geometric,0.25,,256,52,128,"joint(A,B); seed=11; train-class coverage checked"
mic,catboost,3,hard_core,1.0371654326640023,0.4619655940687327,0.0856606215354189,0.5644752714220193,0.4725497430061401,2.0235653362915378e-13,0.0350836594577761,geometric,0.25,,256,52,128,"joint(A,B); seed=11; train-class coverage checked"
mic,catboost,3,soft_core_lambda_1,1.0385898698384763,0.462876067576511,0.0729559050316376,0.5647595038388868,0.4736830860979418,0.0056764027771551,0.0350836594577761,geometric,0.25,,256,52,128,"joint(A,B); seed=11; train-class coverage checked"
mic,catboost,3,selective_core,1.0419705561758523,0.4650496900559039,0.1100614887860378,0.564829042307046,0.4770652970807583,0.011226192926606,0.0350836594577761,geometric,0.25,,256,52,128,"joint(A,B); seed=11; train-class coverage checked"
mic,catboost,4,j1_b_then_a,1.10715362468507,0.4579692140749013,0.0922653310860004,0.5750461553456812,0.5299654179658979,0.0104745901262072,0.0331418814955949,j1_b_then_a,,,256,52,128,"joint(A,B); seed=11; train-class coverage checked"
mic,catboost,4,j2_a_then_b,1.0967283398839436,0.4569346473173404,0.072258550628705,0.5650465878510962,0.5312757620029898,0.0107950783147192,0.0331418814955949,j1_b_then_a,,,256,52,128,"joint(A,B); seed=11; train-class coverage checked"
mic,catboost,4,independent,1.0975600472203426,0.4554658704422799,0.0933106197896552,0.5654525778809538,0.5321074693393889,4.535522619367877e-17,0.0331418814955949,j1_b_then_a,,,256,52,128,"joint(A,B); seed=11; train-class coverage checked"
mic,catboost,4,arithmetic,1.0998970506658976,0.456909284400523,0.0679620919970089,0.5685548504807092,0.5299496857969621,0.0106348342204632,0.0331418814955949,j1_b_then_a,,,256,52,128,"joint(A,B); seed=11; train-class coverage checked"
mic,catboost,4,geometric,1.1002096888678898,0.4569374987472318,0.0671452407413069,0.5689754475026676,0.5299628240359948,0.0107729647054047,0.0331418814955949,j1_b_then_a,,,256,52,128,"joint(A,B); seed=11; train-class coverage checked"
mic,catboost,4,hard_core,1.0962699526072734,0.4554139680199999,0.0929696751327343,0.5641624832678844,0.5308173747263896,2.474315342188265e-13,0.0331418814955949,j1_b_then_a,,,256,52,128,"joint(A,B); seed=11; train-class coverage checked"
mic,catboost,4,soft_core_lambda_1,1.0977999165589156,0.4560346359578652,0.065494355712694,0.5662914776094088,0.5302295153222348,0.0054129060126871,0.0331418814955949,j1_b_then_a,,,256,52,128,"joint(A,B); seed=11; train-class coverage checked"
mic,catboost,4,selective_core,1.10715362468507,0.4579692140749013,0.0922653310860004,0.5750461553456812,0.5299654179658979,0.0104745901262072,0.0331418814955949,j1_b_then_a,,,256,52,128,"joint(A,B); seed=11; train-class coverage checked"
mic,catboost,5,j1_b_then_a,1.092110518613311,0.4990050581843661,0.0748490761568194,0.5183325296554788,0.5714423108432491,0.0127090819679769,0.0454360567539705,j1_b_then_a,,,256,52,128,"joint(A,B); seed=11; train-class coverage checked"
mic,catboost,5,j2_a_then_b,1.1157589862399846,0.5092790319276774,0.1060152789394734,0.5251095557310911,0.589314937979771,0.0157103037064549,0.0454360567539705,j1_b_then_a,,,256,52,128,"joint(A,B); seed=11; train-class coverage checked"
mic,catboost,5,independent,1.1002220372180458,0.4990278339244511,0.0805878152315811,0.5264440482602136,0.5737779889578323,4.549583366292298e-17,0.0454360567539705,j1_b_then_a,,,256,52,128,"joint(A,B); seed=11; train-class coverage checked"
mic,catboost,5,arithmetic,1.1018400164416815,0.5032365239026158,0.1072115984995952,0.5205995974085251,0.579341614900728,0.0142096928372159,0.0454360567539705,j1_b_then_a,,,256,52,128,"joint(A,B); seed=11; train-class coverage checked"
mic,catboost,5,geometric,1.1013329777020515,0.5031459658073998,0.0838939793945333,0.5202308499033881,0.5792506037337543,0.0143216117077798,0.0454360567539705,j1_b_then_a,,,256,52,128,"joint(A,B); seed=11; train-class coverage checked"
mic,catboost,5,hard_core,1.0984562798173672,0.4994309385549131,0.0817740695528823,0.5246782908595348,0.5720122315578366,2.485012504338481e-13,0.0454360567539705,j1_b_then_a,,,256,52,128,"joint(A,B); seed=11; train-class coverage checked"
mic,catboost,5,soft_core_lambda_1,1.0992403875858745,0.5010011171789794,0.1093647516084805,0.5220800168588602,0.5753515683016165,0.0071735331992596,0.0454360567539705,j1_b_then_a,,,256,52,128,"joint(A,B); seed=11; train-class coverage checked"
mic,catboost,5,selective_core,1.092110518613311,0.4990050581843661,0.0748490761568194,0.5183325296554788,0.5714423108432491,0.0127090819679769,0.0454360567539705,j1_b_then_a,,,256,52,128,"joint(A,B); seed=11; train-class coverage checked"
customer,tabiclv2,1,j1_b_then_a,1.5624168788214037,0.6970005467861042,0.1364519690567141,0.4664698769684863,1.0921183060234214,0.0079442895927972,0.0503313092895788,j2_a_then_b,,,256,52,128,"joint(A,B); seed=11; train-class coverage checked"
customer,tabiclv2,1,j2_a_then_b,1.5467620195824456,0.6939695376744918,0.0730249393271025,0.4606251092499265,1.0791398121733282,0.0203192375914128,0.0503313092895788,j2_a_then_b,,,256,52,128,"joint(A,B); seed=11; train-class coverage checked"
customer,tabiclv2,1,independent,1.5635692092620348,0.6958485288083597,0.1014939165633674,0.4676222074091175,1.0959470018529172,1.5440563595498638e-17,0.0503313092895788,j2_a_then_b,,,256,52,128,"joint(A,B); seed=11; train-class coverage checked"
customer,tabiclv2,1,arithmetic,1.5505618798606988,0.6946379316435096,0.0773741508599435,0.461651734871274,1.0828406460229152,0.014131763592105,0.0503313092895788,j2_a_then_b,,,256,52,128,"joint(A,B); seed=11; train-class coverage checked"
customer,tabiclv2,1,geometric,1.5517832249826695,0.6948008680630307,0.0736415869464661,0.4626673855168361,1.083268455061463,0.0141963528332127,0.0503313092895788,j2_a_then_b,,,256,52,128,"joint(A,B); seed=11; train-class coverage checked"
customer,tabiclv2,1,hard_core,1.5577992252494508,0.694863004182892,0.0948269495697498,0.4618522233965335,1.0901770178407109,2.2173770117131853e-13,0.0503313092895788,j2_a_then_b,,,256,52,128,"joint(A,B); seed=11; train-class coverage checked"
customer,tabiclv2,1,soft_core_lambda_1,1.554134212378873,0.6946497522578869,0.0943468865806491,0.4620503844200389,1.0862595936170787,0.0071475822440467,0.0503313092895788,j2_a_then_b,,,256,52,128,"joint(A,B); seed=11; train-class coverage checked"
customer,tabiclv2,1,selective_core,1.5467620195824456,0.6939695376744918,0.0730249393271025,0.4606251092499265,1.0791398121733282,0.0203192375914128,0.0503313092895788,j2_a_then_b,,,256,52,128,"joint(A,B); seed=11; train-class coverage checked"
customer,tabiclv2,2,j1_b_then_a,1.5046582274277795,0.697860754327943,0.1451171947331584,0.4522027359545219,1.0560270218135712,0.0053103364139895,0.0321318561176604,j1_b_then_a,,,256,52,128,"joint(A,B); seed=11; train-class coverage checked"
customer,tabiclv2,2,j2_a_then_b,1.4950449884730903,0.6965162587255567,0.1286681113775631,0.4443612939591402,1.052460921987218,0.0128777938785856,0.0321318561176604,j1_b_then_a,,,256,52,128,"joint(A,B); seed=11; train-class coverage checked"
customer,tabiclv2,2,independent,1.4950395579591302,0.6970092405562439,0.1005217761345333,0.4425840664858727,1.0524554914732578,2.0894608742869078e-17,0.0321318561176604,j1_b_then_a,,,256,52,128,"joint(A,B); seed=11; train-class coverage checked"
customer,tabiclv2,2,arithmetic,1.4990175642852206,0.6968491524880007,0.1293689494380944,0.4480152088938525,1.0537030693552527,0.0090940651462875,0.0321318561176604,j1_b_then_a,,,256,52,128,"joint(A,B); seed=11; train-class coverage checked"
customer,tabiclv2,2,geometric,1.4987533602604894,0.6968292568528192,0.1346927877059748,0.4479082405270164,1.0534030242868893,0.0090412660583783,0.0321318561176604,j1_b_then_a,,,256,52,128,"joint(A,B); seed=11; train-class coverage checked"
customer,tabiclv2,2,hard_core,1.4976403402979424,0.6963705546863672,0.1071698806608183,0.4451848488246845,1.0550562738120308,5.6531632809187285e-14,0.0321318561176604,j1_b_then_a,,,256,52,128,"joint(A,B); seed=11; train-class coverage checked"
customer,tabiclv2,2,soft_core_lambda_1,1.4979411111733656,0.696511097580423,0.1300243503283133,0.4464612985993017,1.0540592096237136,0.0045275607661494,0.0321318561176604,j1_b_then_a,,,256,52,128,"joint(A,B); seed=11; train-class coverage checked"
customer,tabiclv2,2,selective_core,1.5046582274277795,0.697860754327943,0.1451171947331584,0.4522027359545219,1.0560270218135712,0.0053103364139895,0.0321318561176604,j1_b_then_a,,,256,52,128,"joint(A,B); seed=11; train-class coverage checked"
customer,tabiclv2,3,j1_b_then_a,1.4561768026451345,0.6895196179091252,0.1103554889414087,0.3840826473465459,1.060297947978292,0.0054632410890649,0.0356176303408349,soft,0.25,0.1,256,52,128,"joint(A,B); seed=11; train-class coverage checked"
customer,tabiclv2,3,j2_a_then_b,1.443901569044736,0.6883827638266797,0.1154386120234759,0.3811602033198483,1.0563375030821287,0.0145786568181759,0.0356176303408349,soft,0.25,0.1,256,52,128,"joint(A,B); seed=11; train-class coverage checked"
customer,tabiclv2,3,independent,1.459658221261196,0.6917446769345171,0.0894786158666426,0.3875640659626075,1.0720941552985883,1.8921445492240188e-17,0.0356176303408349,soft,0.25,0.1,256,52,128,"joint(A,B); seed=11; train-class coverage checked"
customer,tabiclv2,3,arithmetic,1.4486290260325745,0.6885604693843258,0.1257910412792163,0.3822345220266858,1.0573790573583453,0.0100209489536203,0.0356176303408349,soft,0.25,0.1,256,52,128,"joint(A,B); seed=11; train-class coverage checked"
customer,tabiclv2,3,geometric,1.44870114378638,0.6886498337799339,0.1194929824154866,0.3822528560823709,1.0571520782079444,0.0100078519917966,0.0356176303408349,soft,0.25,0.1,256,52,128,"joint(A,B); seed=11; train-class coverage checked"
customer,tabiclv2,3,hard_core,1.4506464848671747,0.6899805017061709,0.0822094498283002,0.3785523295685864,1.0630824189045978,8.28013754159947e-15,0.0356176303408349,soft,0.25,0.1,256,52,128,"joint(A,B); seed=11; train-class coverage checked"
customer,tabiclv2,3,soft_core_lambda_1,1.4493138074469825,0.6892370836713313,0.0966405192515886,0.3803108848691474,1.0598458764853729,0.0050126433457225,0.0356176303408349,soft,0.25,0.1,256,52,128,"joint(A,B); seed=11; train-class coverage checked"
customer,tabiclv2,3,selective_core,1.446316944707122,0.6885541929811565,0.1001411981118991,0.3814377881369587,1.0569989801763089,0.0111684621939144,0.0356176303408349,soft,0.25,0.1,256,52,128,"joint(A,B); seed=11; train-class coverage checked"
customer,tabiclv2,4,j1_b_then_a,1.514204473981673,0.7081012834261318,0.1087487948349723,0.3333924579923436,1.175082541373404,0.004569184028823,0.0371178461788223,j2_a_then_b,,,256,52,128,"joint(A,B); seed=11; train-class coverage checked"
customer,tabiclv2,4,j2_a_then_b,1.5158204360753644,0.7030833894295033,0.0989720860056195,0.3380052874697444,1.1695430718247664,0.016289369601577,0.0371178461788223,j2_a_then_b,,,256,52,128,"joint(A,B); seed=11; train-class coverage checked"
customer,tabiclv2,4,independent,1.5270893802399272,0.7080314538972463,0.1298181173413504,0.3462773642505981,1.1808120159893292,1.9356396910655268e-17,0.0371178461788223,j2_a_then_b,,,256,52,128,"joint(A,B); seed=11; train-class coverage checked"
customer,tabiclv2,4,arithmetic,1.5132388092362952,0.7051120564604865,0.1245879820052083,0.3352751821147617,1.1709912642065894,0.0104292768152,0.0371178461788223,j2_a_then_b,,,256,52,128,"joint(A,B); seed=11; train-class coverage checked"
customer,tabiclv2,4,geometric,1.513487859439414,0.7052795921959335,0.1072100447013505,0.335388769579508,1.1710429045350073,0.0104527261029745,0.0371178461788223,j2_a_then_b,,,256,52,128,"joint(A,B); seed=11; train-class coverage checked"
customer,tabiclv2,4,hard_core,1.520217036520192,0.7070899428583923,0.1226677307845784,0.3394050205308626,1.1739396722695166,5.825296892943275e-14,0.0371178461788223,j2_a_then_b,,,256,52,128,"joint(A,B); seed=11; train-class coverage checked"
customer,tabiclv2,4,soft_core_lambda_1,1.5164405416678877,0.7061218777873738,0.1306650612193128,0.3372633352938385,1.1722049297064463,0.0052387474667569,0.0371178461788223,j2_a_then_b,,,256,52,128,"joint(A,B); seed=11; train-class coverage checked"
customer,tabiclv2,4,selective_core,1.5158204360753644,0.7030833894295033,0.0989720860056195,0.3380052874697444,1.1695430718247664,0.016289369601577,0.0371178461788223,j2_a_then_b,,,256,52,128,"joint(A,B); seed=11; train-class coverage checked"
customer,tabiclv2,5,j1_b_then_a,1.4720532109156506,0.6878870699037042,0.0517556190600875,0.305198659573845,1.1592263960557232,0.0094813466986992,0.0360190654189147,geometric,0.75,,256,52,128,"joint(A,B); seed=11; train-class coverage checked"
customer,tabiclv2,5,j2_a_then_b,1.4697130017749256,0.6880101395568621,0.0969906647635582,0.3094115547255978,1.153598735248499,0.0124774809973626,0.0360190654189147,geometric,0.75,,256,52,128,"joint(A,B); seed=11; train-class coverage checked"
customer,tabiclv2,5,independent,1.482968817868232,0.6906605816634859,0.1230604515375384,0.3161142665264262,1.1668545513418056,1.4099710439995083e-17,0.0360190654189147,geometric,0.75,,256,52,128,"joint(A,B); seed=11; train-class coverage checked"
customer,tabiclv2,5,arithmetic,1.4692581024102962,0.6875284791880043,0.072347088455838,0.3062142002510337,1.1554282148701909,0.0109794138480309,0.0360190654189147,geometric,0.75,,256,52,128,"joint(A,B); seed=11; train-class coverage checked"
customer,tabiclv2,5,geometric,1.4693219757153273,0.6876051173851216,0.0731827077595884,0.3063930412259095,1.1553890136819869,0.0108832739113051,0.0360190654189147,geometric,0.75,,256,52,128,"joint(A,B); seed=11; train-class coverage checked"
customer,tabiclv2,5,hard_core,1.475416874141151,0.6894204003454112,0.1200819635773119,0.3085623227993453,1.1593026076146753,1.8826122776048441e-13,0.0360190654189147,geometric,0.75,,256,52,128,"joint(A,B); seed=11; train-class coverage checked"
customer,tabiclv2,5,soft_core_lambda_1,1.4720249687372478,0.6883754289187175,0.1061800307082796,0.307296115822748,1.1571743751610306,0.005465672297914,0.0360190654189147,geometric,0.75,,256,52,128,"joint(A,B); seed=11; train-class coverage checked"
customer,tabiclv2,5,selective_core,1.4702928665558483,0.6876583852135836,0.0946740501339984,0.3055625116383348,1.15705111387505,0.0101552251942237,0.0360190654189147,geometric,0.75,,256,52,128,"joint(A,B); seed=11; train-class coverage checked"
customer,tabpfn3,1,j1_b_then_a,1.5248467556443477,0.6916736021022477,0.0813545349193601,0.4460500091246183,1.071246524772166,0.0025714413110144,0.0119470721915371,j1_b_then_a,,,256,52,128,"joint(A,B); seed=11; train-class coverage checked"
customer,tabpfn3,1,j2_a_then_b,1.5251421404319456,0.6908338978928972,0.078368151906622,0.4492690783015591,1.0679813884879148,0.0040628740280283,0.0119470721915371,j1_b_then_a,,,256,52,128,"joint(A,B); seed=11; train-class coverage checked"
customer,tabpfn3,1,independent,1.5359574984637598,0.6929452717264447,0.0653133625930972,0.4571607519440304,1.0787967465197292,1.4363984719538425e-17,0.0119470721915371,j1_b_then_a,,,256,52,128,"joint(A,B); seed=11; train-class coverage checked"
customer,tabpfn3,1,arithmetic,1.5246395097715422,0.6912154910205534,0.0790474713659758,0.4473546871299101,1.069357722287636,0.0033171576695213,0.0119470721915371,j1_b_then_a,,,256,52,128,"joint(A,B); seed=11; train-class coverage checked"
customer,tabpfn3,1,geometric,1.524768240602583,0.6912249669416247,0.0790195406696934,0.4474941111706486,1.0693160822095589,0.0033022643673329,0.0119470721915371,j1_b_then_a,,,256,52,128,"joint(A,B); seed=11; train-class coverage checked"
customer,tabpfn3,1,hard_core,1.5281014748157855,0.6916635772404767,0.0881902990628339,0.4493047282960564,1.0709407228717978,1.746148595182552e-14,0.0119470721915371,j1_b_then_a,,,256,52,128,"joint(A,B); seed=11; train-class coverage checked"
customer,tabpfn3,1,soft_core_lambda_1,1.5263757280950945,0.6914410009723112,0.0941284099233402,0.4483519298352848,1.0701146144105118,0.0016676503368301,0.0119470721915371,j1_b_then_a,,,256,52,128,"joint(A,B); seed=11; train-class coverage checked"
customer,tabpfn3,1,selective_core,1.5248467556443477,0.6916736021022477,0.0813545349193601,0.4460500091246183,1.071246524772166,0.0025714413110144,0.0119470721915371,j1_b_then_a,,,256,52,128,"joint(A,B); seed=11; train-class coverage checked"
customer,tabpfn3,2,j1_b_then_a,1.45667549538758,0.6783241498769192,0.0561735329770548,0.4336973712725392,1.0229526100903623,0.0007774372963877,0.0127331625590628,j2_a_then_b,,,256,52,128,"joint(A,B); seed=11; train-class coverage checked"
customer,tabpfn3,2,j2_a_then_b,1.455289227062406,0.6784214960062057,0.0687153787477801,0.4322686363472023,1.022903871924497,0.0056611131438455,0.0127331625590628,j2_a_then_b,,,256,52,128,"joint(A,B); seed=11; train-class coverage checked"
customer,tabpfn3,2,independent,1.4553634792529495,0.6782586303319208,0.0697775375052316,0.4323853551379089,1.0229781241150406,1.6844097189099017e-17,0.0127331625590628,j2_a_then_b,,,256,52,128,"joint(A,B); seed=11; train-class coverage checked"
customer,tabpfn3,2,arithmetic,1.455798439605377,0.6783155300915265,0.0699562412704984,0.4329454654956991,1.0227602578152863,0.0032192752201166,0.0127331625590628,j2_a_then_b,,,256,52,128,"joint(A,B); seed=11; train-class coverage checked"
customer,tabpfn3,2,geometric,1.455824184330336,0.6783349207033968,0.0700165565348253,0.4329426529726041,1.0227734194153133,0.0032038041025628,0.0127331625590628,j2_a_then_b,,,256,52,128,"joint(A,B); seed=11; train-class coverage checked"
customer,tabpfn3,2,hard_core,1.4552813754850609,0.6778677711566958,0.0564159743590953,0.4323032513700202,1.0228960203471515,1.2180393073823149e-15,0.0127331625590628,j2_a_then_b,,,256,52,128,"joint(A,B); seed=11; train-class coverage checked"
customer,tabpfn3,2,soft_core_lambda_1,1.4555158456698962,0.6780906463626832,0.0629696019647238,0.4326150655366723,1.022805861002418,0.0015997649752128,0.0127331625590628,j2_a_then_b,,,256,52,128,"joint(A,B); seed=11; train-class coverage checked"
customer,tabpfn3,2,selective_core,1.455289227062406,0.6784214960062057,0.0687153787477801,0.4322686363472023,1.022903871924497,0.0056611131438455,0.0127331625590628,j2_a_then_b,,,256,52,128,"joint(A,B); seed=11; train-class coverage checked"
customer,tabpfn3,3,j1_b_then_a,1.4550163095460291,0.6891998613503151,0.0648171304289664,0.3882535101095794,1.0620182881286742,0.0030644746313861,0.0112878141156566,mpr,1.0,,256,52,128,"joint(A,B); seed=11; train-class coverage checked"
customer,tabpfn3,3,j2_a_then_b,1.4537851643815851,0.6893317816078426,0.0442306720691559,0.3861220236516515,1.064150407405148,0.0033845009810835,0.0112878141156566,mpr,1.0,,256,52,128,"joint(A,B); seed=11; train-class coverage checked"
customer,tabpfn3,3,independent,1.4563975564128873,0.6895124222431623,0.0744848923200269,0.3896347569764374,1.06676279943645,1.8256101112171932e-17,0.0112878141156566,mpr,1.0,,256,52,128,"joint(A,B); seed=11; train-class coverage checked"
customer,tabpfn3,3,arithmetic,1.4542560508849074,0.6892272480377828,0.0711605864779793,0.387079895404769,1.0630397529497408,0.0032244878062348,0.0112878141156566,mpr,1.0,,256,52,128,"joint(A,B); seed=11; train-class coverage checked"
customer,tabpfn3,3,geometric,1.4542393699833205,0.689230813057945,0.0711962185727742,0.3870837708954339,1.0629904535537535,0.0032081589557408,0.0112878141156566,mpr,1.0,,256,52,128,"joint(A,B); seed=11; train-class coverage checked"
customer,tabpfn3,3,hard_core,1.4522639213517674,0.688769046926941,0.0793999960392493,0.3855011219153175,1.0626291643753338,3.950738272363559e-14,0.0112878141156566,mpr,1.0,,256,52,128,"joint(A,B); seed=11; train-class coverage checked"
customer,tabpfn3,3,soft_core_lambda_1,1.4532136087983096,0.6889893457440217,0.0779369675556883,0.3862733217684414,1.0627914241173533,0.001601898443544,0.0112878141156566,mpr,1.0,,256,52,128,"joint(A,B); seed=11; train-class coverage checked"
customer,tabpfn3,3,selective_core,1.4517075293859354,0.6886806306400166,0.0885513208576269,0.3849447299494856,1.0620727724094836,3.3873375685742084e-14,0.0112878141156566,mpr,1.0,,256,52,128,"joint(A,B); seed=11; train-class coverage checked"
customer,tabpfn3,4,j1_b_then_a,1.5015760209420088,0.704869809646885,0.0901627748846884,0.3449583567515443,1.1531382203982885,0.0016358701660612,0.0122338567612256,geometric,0.0,,256,52,128,"joint(A,B); seed=11; train-class coverage checked"
customer,tabpfn3,4,j2_a_then_b,1.498930865857812,0.7045051457553452,0.0777022979406615,0.3439025677532699,1.151595332834254,0.005111757055213,0.0122338567612256,geometric,0.0,,256,52,128,"joint(A,B); seed=11; train-class coverage checked"
customer,tabpfn3,4,independent,1.503953197214022,0.7054557899975571,0.0968092869299396,0.3473355330235578,1.1566176641904644,1.7296412782932813e-17,0.0122338567612256,geometric,0.0,,256,52,128,"joint(A,B); seed=11; train-class coverage checked"
customer,tabpfn3,4,arithmetic,1.500079349739924,0.7046325595467525,0.0840267881185029,0.3443657878844771,1.1522198072613024,0.003373813610637,0.0122338567612256,geometric,0.0,,256,52,128,"joint(A,B); seed=11; train-class coverage checked"
customer,tabpfn3,4,geometric,1.500107826903876,0.7046481925548282,0.0840101215037234,0.344375760412751,1.1522283053304303,0.0033529351683675,0.0122338567612256,geometric,0.0,,256,52,128,"joint(A,B); seed=11; train-class coverage checked"
customer,tabpfn3,4,hard_core,1.5004328554120463,0.7050488165554932,0.0896866449480571,0.3438151912215819,1.15309732238886,1.72540611355701e-13,0.0122338567612256,geometric,0.0,,256,52,128,"joint(A,B); seed=11; train-class coverage checked"
customer,tabpfn3,4,soft_core_lambda_1,1.5002449477057846,0.704838737742722,0.0971439097473114,0.3440854952156841,1.1526475698355207,0.0016718565644305,0.0122338567612256,geometric,0.0,,256,52,128,"joint(A,B); seed=11; train-class coverage checked"
customer,tabpfn3,4,selective_core,1.4989308658578118,0.7045051457553452,0.0777022979406615,0.3439025677532699,1.151595332834254,0.005111757055213,0.0122338567612256,geometric,0.0,,256,52,128,"joint(A,B); seed=11; train-class coverage checked"
customer,tabpfn3,5,j1_b_then_a,1.488364427816635,0.6981096850356592,0.0561264386213058,0.3229321792730691,1.1623757759943116,0.0016914522655736,0.0146380200577101,j2_a_then_b,,,256,52,128,"joint(A,B); seed=11; train-class coverage checked"
customer,tabpfn3,5,j2_a_then_b,1.4809920566829344,0.6959273157748933,0.0638615881676776,0.3187526333005548,1.157043782155783,0.0063835052982991,0.0146380200577101,j2_a_then_b,,,256,52,128,"joint(A,B); seed=11; train-class coverage checked"
customer,tabpfn3,5,independent,1.489380523070717,0.6985567476391211,0.0555962366380112,0.3239482745271514,1.1654322485435658,1.765216662077962e-17,0.0146380200577101,j2_a_then_b,,,256,52,128,"joint(A,B); seed=11; train-class coverage checked"
customer,tabpfn3,5,arithmetic,1.4844477315561118,0.6969460201311553,0.0519813123174176,0.3207793893178723,1.159517809640418,0.0040374787819363,0.0146380200577101,j2_a_then_b,,,256,52,128,"joint(A,B); seed=11; train-class coverage checked"
customer,tabpfn3,5,geometric,1.484470010865654,0.6969625325108741,0.0520403117634169,0.3207765380089702,1.1595271563859932,0.0040230708826529,0.0146380200577101,j2_a_then_b,,,256,52,128,"joint(A,B); seed=11; train-class coverage checked"
customer,tabpfn3,5,hard_core,1.485239928194285,0.6977629986172527,0.0618170839582693,0.319807679650719,1.1612916536673097,1.01262172204266e-13,0.0146380200577101,j2_a_then_b,,,256,52,128,"joint(A,B); seed=11; train-class coverage checked"
customer,tabpfn3,5,soft_core_lambda_1,1.4848046028309605,0.6973455225182642,0.0587078123337279,0.3202823053853098,1.160368611885656,0.0020149276377489,0.0146380200577101,j2_a_then_b,,,256,52,128,"joint(A,B); seed=11; train-class coverage checked"
customer,tabpfn3,5,selective_core,1.4809920566829344,0.6959273157748933,0.0638615881676776,0.3187526333005548,1.157043782155783,0.0063835052982991,0.0146380200577101,j2_a_then_b,,,256,52,128,"joint(A,B); seed=11; train-class coverage checked"
customer,catboost,1,j1_b_then_a,1.509534913907772,0.689032075637426,0.0325528804146277,0.418874559375085,1.086736426350098,0.007561944183288,0.0549479246845908,geometric,0.5,,256,52,128,"joint(A,B); seed=11; train-class coverage checked"
customer,catboost,1,j2_a_then_b,1.4908919702960977,0.6803435134174854,0.0496455331082801,0.4127733043779164,1.0769756540412945,0.0253110160357576,0.0549479246845908,geometric,0.5,,256,52,128,"joint(A,B); seed=11; train-class coverage checked"
customer,catboost,1,independent,1.50457667078749,0.6888989465282098,0.0854210550344291,0.4139163162548031,1.0906603545326872,2.422853042326201e-17,0.0549479246845908,geometric,0.5,,256,52,128,"joint(A,B); seed=11; train-class coverage checked"
customer,catboost,1,arithmetic,1.4978541736847983,0.6836379221721852,0.0266008975786848,0.4156230982877238,1.0800890051317211,0.0164364801095228,0.0549479246845908,geometric,0.5,,256,52,128,"joint(A,B); seed=11; train-class coverage checked"
customer,catboost,1,geometric,1.4974792142864544,0.6836146573815811,0.0337542921672899,0.415361319687455,1.0796305130352324,0.01646400772571,0.0549479246845908,geometric,0.5,,256,52,128,"joint(A,B); seed=11; train-class coverage checked"
customer,catboost,1,hard_core,1.5021245594152202,0.6881927868897324,0.0764792115179506,0.411464204882533,1.0882082431602078,5.617752221525815e-14,0.0549479246845908,geometric,0.5,,256,52,128,"joint(A,B); seed=11; train-class coverage checked"
customer,catboost,1,soft_core_lambda_1,1.499125186450877,0.6856015367614513,0.087395841808967,0.4133290810471692,1.0833241235513658,0.008253814752622,0.0549479246845908,geometric,0.5,,256,52,128,"joint(A,B); seed=11; train-class coverage checked"
customer,catboost,1,selective_core,1.4974792142864544,0.6836146573815811,0.0337542921672899,0.415361319687455,1.0796305130352324,0.01646400772571,0.0549479246845908,geometric,0.5,,256,52,128,"joint(A,B); seed=11; train-class coverage checked"
customer,catboost,2,j1_b_then_a,1.4805596868362274,0.6903605021243696,0.0826929731562476,0.4231673049313957,1.0584788223200987,0.0073334676152713,0.0406783121219104,geometric,0.75,,256,52,128,"joint(A,B); seed=11; train-class coverage checked"
customer,catboost,2,j2_a_then_b,1.4763957392533396,0.6922742215588391,0.0588013700244072,0.4171814148604491,1.0586394090450324,0.017349846749227,0.0406783121219104,geometric,0.75,,256,52,128,"joint(A,B); seed=11; train-class coverage checked"
customer,catboost,2,independent,1.4751487121131386,0.6905438097846961,0.0511004870421852,0.4177563302083068,1.057392381904832,2.581078796873304e-17,0.0406783121219104,geometric,0.75,,256,52,128,"joint(A,B); seed=11; train-class coverage checked"
customer,catboost,2,arithmetic,1.4765713237287792,0.6907426156085814,0.0583319495121011,0.4192889641133066,1.0572492065879784,0.0123416571822491,0.0406783121219104,geometric,0.75,,256,52,128,"joint(A,B); seed=11; train-class coverage checked"
customer,catboost,2,geometric,1.4769070284683885,0.6908396332705575,0.0586808536355101,0.4197152802092337,1.0573999199822943,0.0125067901042218,0.0406783121219104,geometric,0.75,,256,52,128,"joint(A,B); seed=11; train-class coverage checked"
customer,catboost,2,hard_core,1.47538297313,0.6902897221153272,0.051472095300037,0.4179905912251684,1.0576266429216816,1.248008180089119e-14,0.0406783121219104,geometric,0.75,,256,52,128,"joint(A,B); seed=11; train-class coverage checked"
customer,catboost,2,soft_core_lambda_1,1.4757559185069553,0.690410177270042,0.0751556256578392,0.4187293358675107,1.057248118270632,0.0062872993113098,0.0406783121219104,geometric,0.75,,256,52,128,"joint(A,B); seed=11; train-class coverage checked"
customer,catboost,2,selective_core,1.4783442188897542,0.6904780245236046,0.075082951216141,0.421331270366116,1.0576470458146745,0.0099581586144717,0.0406783121219104,geometric,0.75,,256,52,128,"joint(A,B); seed=11; train-class coverage checked"
customer,catboost,3,j1_b_then_a,1.549013599994319,0.7179770781108017,0.1164444245406916,0.3985374758648755,1.1476477380795456,0.0076677224369367,0.0401060065370091,j2_a_then_b,,,256,52,128,"joint(A,B); seed=11; train-class coverage checked"
customer,catboost,3,j2_a_then_b,1.556130244298441,0.7202601289289143,0.1063244326450226,0.3964893066952422,1.1576318972039563,0.0166950876969992,0.0401060065370091,j2_a_then_b,,,256,52,128,"joint(A,B); seed=11; train-class coverage checked"
customer,catboost,3,independent,1.5489744712239275,0.7161817477680501,0.1085792382873651,0.3984983470944844,1.1504761241294434,2.778268066994105e-17,0.0401060065370091,j2_a_then_b,,,256,52,128,"joint(A,B); seed=11; train-class coverage checked"
customer,catboost,3,arithmetic,1.5506466556433212,0.7186490464172186,0.1095577627788857,0.396505110869057,1.1514321905696998,0.0121814050669679,0.0401060065370091,j2_a_then_b,,,256,52,128,"joint(A,B); seed=11; train-class coverage checked"
customer,catboost,3,geometric,1.5511130588662163,0.718726308094358,0.1095553180075356,0.39702435530943,1.151589458933306,0.0121687868084668,0.0401060065370091,j2_a_then_b,,,256,52,128,"joint(A,B); seed=11; train-class coverage checked"
customer,catboost,3,hard_core,1.5465855375990771,0.715593185565633,0.1137213247860548,0.3961094134696337,1.1480871905045866,1.6243652473449388e-15,0.0401060065370091,j2_a_then_b,,,256,52,128,"joint(A,B); seed=11; train-class coverage checked"
customer,catboost,3,soft_core_lambda_1,1.548475530306977,0.7170364974144021,0.1159549810516276,0.3964676717196649,1.1495643119616543,0.0060909115700605,0.0401060065370091,j2_a_then_b,,,256,52,128,"joint(A,B); seed=11; train-class coverage checked"
customer,catboost,3,selective_core,1.556130244298441,0.7202601289289143,0.1063244326450226,0.3964893066952422,1.1576318972039563,0.0166950876969992,0.0401060065370091,j2_a_then_b,,,256,52,128,"joint(A,B); seed=11; train-class coverage checked"
customer,catboost,4,j1_b_then_a,1.5375873555253896,0.705523715183323,0.1011123178586567,0.3591821681312543,1.1776783802215305,0.0094120399511478,0.0476438216856406,arithmetic,,,256,52,128,"joint(A,B); seed=11; train-class coverage checked"
customer,catboost,4,j2_a_then_b,1.528020976588904,0.7086856400340471,0.0629495424638361,0.3425169398194354,1.1844137039086453,0.0199058191653925,0.0476438216856406,arithmetic,,,256,52,128,"joint(A,B); seed=11; train-class coverage checked"
customer,catboost,4,independent,1.5220124600743945,0.7029157810770583,0.092626106942746,0.3436072726802589,1.1784051873941352,2.439116074913484e-17,0.0476438216856406,arithmetic,,,256,52,128,"joint(A,B); seed=11; train-class coverage checked"
customer,catboost,4,arithmetic,1.5303405184632353,0.7062995755034359,0.1220666721600263,0.3498247975723015,1.1794832785246414,0.0146589295582701,0.0476438216856406,arithmetic,,,256,52,128,"joint(A,B); seed=11; train-class coverage checked"
customer,catboost,4,geometric,1.530782761791714,0.7064031218358076,0.1148745205987376,0.3501894825202769,1.1796484422042428,0.0146321580388341,0.0476438216856406,arithmetic,,,256,52,128,"joint(A,B); seed=11; train-class coverage checked"
customer,catboost,4,hard_core,1.5211258453304084,0.7027689463959033,0.1079799944191051,0.3427206579362731,1.1775185726501634,1.7001624988497582e-14,0.0476438216856406,arithmetic,,,256,52,128,"joint(A,B); seed=11; train-class coverage checked"
customer,catboost,4,soft_core_lambda_1,1.5254457763795588,0.7044068831903192,0.1012582018874098,0.3462898943535731,1.1782418599857194,0.0073096344729571,0.0476438216856406,arithmetic,,,256,52,128,"joint(A,B); seed=11; train-class coverage checked"
customer,catboost,4,selective_core,1.5303405184632353,0.7062995755034359,0.1220666721600263,0.3498247975723015,1.1794832785246414,0.0146589295582701,0.0476438216856406,arithmetic,,,256,52,128,"joint(A,B); seed=11; train-class coverage checked"
customer,catboost,5,j1_b_then_a,1.5285754367139417,0.7072409227326907,0.0698673659697877,0.3310055391919111,1.19690001139913,0.0066503274187431,0.0496147922791067,mpr,1.0,,256,52,128,"joint(A,B); seed=11; train-class coverage checked"
customer,catboost,5,j2_a_then_b,1.5209275734080516,0.7003424942963618,0.0991364178579873,0.3263554296006514,1.194211137806702,0.0226409526814406,0.0496147922791067,mpr,1.0,,256,52,128,"joint(A,B); seed=11; train-class coverage checked"
customer,catboost,5,independent,1.5242863331233802,0.7054886780224259,0.0666242181293263,0.3267164356013495,1.1975698975220306,2.557023061171282e-17,0.0496147922791067,mpr,1.0,,256,52,128,"joint(A,B); seed=11; train-class coverage checked"
customer,catboost,5,arithmetic,1.521992889334017,0.7029077238236424,0.0739753655485333,0.3279571541708093,1.1931027954245992,0.0146456400500918,0.0496147922791067,mpr,1.0,,256,52,128,"joint(A,B); seed=11; train-class coverage checked"
customer,catboost,5,geometric,1.5226338097683034,0.703003792429285,0.0739396199661741,0.3282987874994031,1.1937559477657784,0.014569754345464,0.0496147922791067,mpr,1.0,,256,52,128,"joint(A,B); seed=11; train-class coverage checked"
customer,catboost,5,hard_core,1.5236673724915983,0.7054242956575799,0.0677153938531806,0.3260974749695677,1.1969509368902294,1.0879745184193962e-14,0.0496147922791067,mpr,1.0,,256,52,128,"joint(A,B); seed=11; train-class coverage checked"
customer,catboost,5,soft_core_lambda_1,1.5226557561498504,0.704025585676133,0.0530239065502172,0.327131501550837,1.194925351365462,0.0072623680931297,0.0496147922791067,mpr,1.0,,256,52,128,"joint(A,B); seed=11; train-class coverage checked"
customer,catboost,5,selective_core,1.523580653429482,0.7053307080924088,0.0639281920876235,0.3260107559074512,1.19686421782761,1.5007676565782608e-13,0.0496147922791067,mpr,1.0,,256,52,128,"joint(A,B); seed=11; train-class coverage checked"
marketing,tabiclv2,1,j1_b_then_a,1.8535034575710687,0.795561900739505,0.10338757861837622,0.37494049431447185,1.4745024072683393,0.014477943417233225,0.07803043685235603,geometric,0.5,,256,52,128,"joint(A,B); seed=11; train-class coverage checked"
marketing,tabiclv2,1,j2_a_then_b,1.8474236517976448,0.7909804558122508,0.08557853791830397,0.4174894872473369,1.4396572114083102,0.03276941158897354,0.07803043685235603,geometric,0.5,,256,52,128,"joint(A,B); seed=11; train-class coverage checked"
marketing,tabiclv2,1,independent,1.8863294036459315,0.8016089026201774,0.12904459567043347,0.4077664403893345,1.4785629632565969,1.6555536886771118e-17,0.07803043685235603,geometric,0.5,,256,52,128,"joint(A,B); seed=11; train-class coverage checked"
marketing,tabiclv2,1,arithmetic,1.8374509816365763,0.7916046865183093,0.07905016060255501,0.38959762469590553,1.4472778351715967,0.023623677503103374,0.07803043685235603,geometric,0.5,,256,52,128,"joint(A,B); seed=11; train-class coverage checked"
marketing,tabiclv2,1,geometric,1.8446370967982133,0.7918339208575658,0.08994557615238592,0.3938981303289929,1.4492428471057623,0.02362758923246945,0.07803043685235603,geometric,0.5,,256,52,128,"joint(A,B); seed=11; train-class coverage checked"
marketing,tabiclv2,1,hard_core,1.8846530624783473,0.7986425928005817,0.07667346849905103,0.40609009922175027,1.4768866220879797,1.731401818241612e-14,0.07803043685235603,geometric,0.5,,256,52,128,"joint(A,B); seed=11; train-class coverage checked"
marketing,tabiclv2,1,soft_core_lambda_1,1.8632643149256172,0.7949180376932714,0.10169482056254568,0.3996309195896298,1.4619626664741858,0.011882221628179285,0.07803043685235603,geometric,0.5,,256,52,128,"joint(A,B); seed=11; train-class coverage checked"
marketing,tabiclv2,1,selective_core,1.8446370967982133,0.7918339208575658,0.08994557615238592,0.3938981303289929,1.4492428471057623,0.02362758923246945,0.07803043685235603,geometric,0.5,,256,52,128,"joint(A,B); seed=11; train-class coverage checked"
marketing,tabiclv2,2,j1_b_then_a,1.867288636804446,0.8057544433089766,0.12815652089910837,0.3889019528956458,1.4855703837048209,0.019446756984699234,0.07018079902543747,soft,1.0,0.1,256,52,128,"joint(A,B); seed=11; train-class coverage checked"
marketing,tabiclv2,2,j2_a_then_b,1.8961805676424048,0.8136488806043168,0.1202826136045853,0.4083486717599292,1.4843536409106914,0.023979329297032052,0.07018079902543747,soft,1.0,0.1,256,52,128,"joint(A,B); seed=11; train-class coverage checked"
marketing,tabiclv2,2,independent,1.8902136106405134,0.8117379706844876,0.06984812889066234,0.4118269267317134,1.4783866839088002,1.6464709146790345e-17,0.07018079902543747,soft,1.0,0.1,256,52,128,"joint(A,B); seed=11; train-class coverage checked"
marketing,tabiclv2,2,arithmetic,1.8755589173638736,0.8085349912865478,0.14514387057157319,0.39460809618319237,1.4811370507667463,0.02171304314086563,0.07018079902543747,soft,1.0,0.1,256,52,128,"joint(A,B); seed=11; train-class coverage checked"
marketing,tabiclv2,2,geometric,1.8765029612536728,0.808888257684123,0.14469746275273454,0.3954778651403963,1.4821698723708727,0.022350052242974948,0.07018079902543747,soft,1.0,0.1,256,52,128,"joint(A,B); seed=11; train-class coverage checked"
marketing,tabiclv2,2,hard_core,1.8931204180649062,0.8106402925904999,0.12265166978114186,0.4147337341561058,1.4812934913338123,1.813833215125638e-13,0.07018079902543747,soft,1.0,0.1,256,52,128,"joint(A,B); seed=11; train-class coverage checked"
marketing,tabiclv2,2,soft_core_lambda_1,1.8830877698026538,0.8094010262278486,0.1167394536463939,0.4038987002030964,1.4810102345787,0.011564053983789471,0.07018079902543747,soft,1.0,0.1,256,52,128,"joint(A,B); seed=11; train-class coverage checked"
marketing,tabiclv2,2,selective_core,1.869256485716888,0.8060903334954127,0.1279193201995748,0.3908548534607691,1.485576203826934,0.018101451665177543,0.07018079902543747,soft,1.0,0.1,256,52,128,"joint(A,B); seed=11; train-class coverage checked"
marketing,tabiclv2,3,j1_b_then_a,1.9017074814041899,0.7837865542011994,0.058416488130639425,0.4791485120943647,1.3923410670418224,0.014595369660057452,0.06229764366443816,geometric,0.25,,256,52,128,"joint(A,B); seed=11; train-class coverage checked"
marketing,tabiclv2,3,j2_a_then_b,1.9114905761030232,0.7903291024084308,0.05724216300930961,0.4651013642480062,1.4174858254130065,0.023275865801579698,0.06229764366443816,geometric,0.25,,256,52,128,"joint(A,B); seed=11; train-class coverage checked"
marketing,tabiclv2,3,independent,1.916563719999842,0.7886549137162822,0.06262036218128117,0.4940047506900167,1.4225589693098253,1.8101216505555056e-17,0.06229764366443816,geometric,0.25,,256,52,128,"joint(A,B); seed=11; train-class coverage checked"
marketing,tabiclv2,3,arithmetic,1.9019083253212306,0.7859709903027453,0.06375073637802257,0.46891435595481623,1.4028631736258315,0.01893561773081856,0.06229764366443816,geometric,0.25,,256,52,128,"joint(A,B); seed=11; train-class coverage checked"
marketing,tabiclv2,3,geometric,1.9011036196213242,0.7857273781748955,0.062217679004110016,0.47004834325638134,1.4006828118114483,0.018152615298810407,0.06229764366443816,geometric,0.25,,256,52,128,"joint(A,B); seed=11; train-class coverage checked"
marketing,tabiclv2,3,hard_core,1.8873682107069207,0.7834785936246296,0.07356719937563547,0.46480924139709556,1.3933634600170284,3.913767962957605e-14,0.06229764366443816,geometric,0.25,,256,52,128,"joint(A,B); seed=11; train-class coverage checked"
marketing,tabiclv2,3,soft_core_lambda_1,1.893078411307488,0.7843247955625884,0.06119213283538035,0.46676981839737514,1.396551963242361,0.009165980481945727,0.06229764366443816,geometric,0.25,,256,52,128,"joint(A,B); seed=11; train-class coverage checked"
marketing,tabiclv2,3,selective_core,1.904285259912883,0.7873933015918134,0.06458237709551745,0.4670452064710551,1.4074140111664268,0.020313573564208313,0.06229764366443816,geometric,0.25,,256,52,128,"joint(A,B); seed=11; train-class coverage checked"
marketing,tabiclv2,4,j1_b_then_a,1.9312258484151787,0.8145358701131906,0.04801387925859754,0.38832189403586903,1.5426612886473205,0.016335792932854344,0.08324215969313459,arithmetic,,,256,52,128,"joint(A,B); seed=11; train-class coverage checked"
marketing,tabiclv2,4,j2_a_then_b,1.9430657987974698,0.8205576063081619,0.11219991564827866,0.3939393637003399,1.5566357358917577,0.03563771952498403,0.08324215969313459,arithmetic,,,256,52,128,"joint(A,B); seed=11; train-class coverage checked"
marketing,tabiclv2,4,independent,1.9293340172850217,0.8160026841456574,0.060233922613496006,0.386430062905712,1.5429039543793097,1.725829630030637e-17,0.08324215969313459,arithmetic,,,256,52,128,"joint(A,B); seed=11; train-class coverage checked"
marketing,tabiclv2,4,arithmetic,1.931255883045677,0.8157232172582822,0.10057673637243687,0.3902907987278779,1.5449407001010593,0.02598675622891917,0.08324215969313459,arithmetic,,,256,52,128,"joint(A,B); seed=11; train-class coverage checked"
marketing,tabiclv2,4,geometric,1.930940869024737,0.815521466660948,0.08289424405447698,0.3897113170512586,1.5450910282401362,0.025789778816750417,0.08324215969313459,arithmetic,,,256,52,128,"joint(A,B); seed=11; train-class coverage checked"
marketing,tabiclv2,4,hard_core,1.9322949401948157,0.815972289727829,0.0711511858022213,0.389390985815506,1.5458648772891244,7.256870072306493e-15,0.08324215969313459,arithmetic,,,256,52,128,"joint(A,B); seed=11; train-class coverage checked"
marketing,tabiclv2,4,soft_core_lambda_1,1.9303406434152115,0.8153074091525625,0.06255531545057187,0.3891451257370807,1.5446196133871553,0.012823583170046157,0.08324215969313459,arithmetic,,,256,52,128,"joint(A,B); seed=11; train-class coverage checked"
marketing,tabiclv2,4,selective_core,1.931255883045677,0.8157232172582822,0.10057673637243687,0.3902907987278779,1.5449407001010593,0.02598675622891917,0.08324215969313459,arithmetic,,,256,52,128,"joint(A,B); seed=11; train-class coverage checked"
marketing,tabiclv2,5,j1_b_then_a,1.7022162553320055,0.7797010667026278,0.07008557732473483,0.28342825568329644,1.4193456286755828,0.01018403256473105,0.07030084053813046,soft,0.0,0.3,256,52,128,"joint(A,B); seed=11; train-class coverage checked"
marketing,tabiclv2,5,j2_a_then_b,1.6958582806863198,0.7765840011946074,0.08031404732057026,0.28381297267222333,1.4095951226691712,0.02920183415747918,0.07030084053813046,soft,0.0,0.3,256,52,128,"joint(A,B); seed=11; train-class coverage checked"
marketing,tabiclv2,5,independent,1.7050511576658576,0.7782173733134587,0.07911335818922291,0.2862631580171485,1.4187879996487092,1.672403026882572e-17,0.07030084053813046,soft,0.0,0.3,256,52,128,"joint(A,B); seed=11; train-class coverage checked"
marketing,tabiclv2,5,arithmetic,1.6955930848311462,0.776934740383072,0.06999592125065385,0.2828305974023965,1.4114382858394634,0.019692933361105103,0.07030084053813046,soft,0.0,0.3,256,52,128,"joint(A,B); seed=11; train-class coverage checked"
marketing,tabiclv2,5,geometric,1.6940739498180388,0.7768575254233516,0.0652484695902803,0.2819458888244596,1.4105679330984566,0.019880514471246374,0.07030084053813046,soft,0.0,0.3,256,52,128,"joint(A,B); seed=11; train-class coverage checked"
marketing,tabiclv2,5,hard_core,1.7030055619093731,0.778316410703807,0.10295672576222802,0.28421756226066397,1.4167424038923755,9.961489993024442e-14,0.07030084053813046,soft,0.0,0.3,256,52,128,"joint(A,B); seed=11; train-class coverage checked"
marketing,tabiclv2,5,soft_core_lambda_1,1.6976287478953678,0.7773294874421741,0.09973794872341224,0.2828492629022332,1.4129824219253027,0.009945991467762713,0.07030084053813046,soft,0.0,0.3,256,52,128,"joint(A,B); seed=11; train-class coverage checked"
marketing,tabiclv2,5,selective_core,1.6950900073419597,0.7761932998327324,0.06435950790137485,0.28383225149342173,1.4089583481388128,0.022682732817482634,0.07030084053813046,soft,0.0,0.3,256,52,128,"joint(A,B); seed=11; train-class coverage checked"
marketing,tabpfn3,1,j1_b_then_a,1.7762265662998136,0.7747972401699845,0.061494861115128654,0.3654982181162846,1.4281726206158327,0.010185255437911794,0.029017622623599484,j2_a_then_b,,,256,52,128,"joint(A,B); seed=11; train-class coverage checked"
marketing,tabpfn3,1,j2_a_then_b,1.81782117561634,0.7765022539949784,0.07454959531841379,0.4261194446446334,1.4120262313692273,0.003991445041279282,0.029017622623599484,j2_a_then_b,,,256,52,128,"joint(A,B); seed=11; train-class coverage checked"
marketing,tabpfn3,1,independent,1.8165232924306425,0.7781606670856012,0.08336006807404803,0.4057949442471132,1.410728348183529,1.3028458607179709e-17,0.029017622623599484,j2_a_then_b,,,256,52,128,"joint(A,B); seed=11; train-class coverage checked"
marketing,tabpfn3,1,arithmetic,1.7726683187362866,0.7754269407940052,0.06549524269029205,0.37703696116970326,1.4137463367189094,0.007088350239595528,0.029017622623599484,j2_a_then_b,,,256,52,128,"joint(A,B); seed=11; train-class coverage checked"
marketing,tabpfn3,1,geometric,1.7956810125712015,0.7757287216427871,0.06562494728319665,0.39482202804445965,1.4167912126616786,0.0070908706710001695,0.029017622623599484,j2_a_then_b,,,256,52,128,"joint(A,B); seed=11; train-class coverage checked"
marketing,tabpfn3,1,hard_core,1.8357506156766192,0.7771685384539075,0.06842223859604565,0.4250222674930902,1.4299556714294186,4.64662675745537e-14,0.029017622623599484,j2_a_then_b,,,256,52,128,"joint(A,B); seed=11; train-class coverage checked"
marketing,tabpfn3,1,soft_core_lambda_1,1.8145823231481029,0.7764557426846004,0.07167205383744363,0.40889993621447296,1.4230598496052804,0.003600638402016922,0.029017622623599484,j2_a_then_b,,,256,52,128,"joint(A,B); seed=11; train-class coverage checked"
marketing,tabpfn3,1,selective_core,1.81782117561634,0.7765022539949784,0.07454959531841379,0.4261194446446334,1.4120262313692273,0.003991445041279282,0.029017622623599484,j2_a_then_b,,,256,52,128,"joint(A,B); seed=11; train-class coverage checked"
marketing,tabpfn3,2,j1_b_then_a,1.815690391059089,0.7974439325741828,0.08103379391330262,0.358643508925394,1.4566471262828788,0.00920595334088328,0.024915400982877686,j1_b_then_a,,,256,52,128,"joint(A,B); seed=11; train-class coverage checked"
marketing,tabpfn3,2,j2_a_then_b,1.8231416855048046,0.7976042704972344,0.06779607845701692,0.3660382411070706,1.4551400683595244,0.00474364466566277,0.024915400982877686,j1_b_then_a,,,256,52,128,"joint(A,B); seed=11; train-class coverage checked"
marketing,tabpfn3,2,independent,1.8250484992789748,0.79930823722215,0.06846276272122669,0.36800161714527996,1.4570468821336948,1.403366833988885e-17,0.024915400982877686,j1_b_then_a,,,256,52,128,"joint(A,B); seed=11; train-class coverage checked"
marketing,tabpfn3,2,arithmetic,1.8187231445535368,0.7973796724186014,0.07901636676164747,0.3617137162028538,1.4555987632793976,0.006974799003273016,0.024915400982877686,j1_b_then_a,,,256,52,128,"joint(A,B); seed=11; train-class coverage checked"
marketing,tabpfn3,2,geometric,1.8184398146204874,0.7973954322752289,0.07916435501663985,0.3615766456311922,1.4554668373809085,0.007142395039662972,0.024915400982877686,j1_b_then_a,,,256,52,128,"joint(A,B); seed=11; train-class coverage checked"
marketing,tabpfn3,2,hard_core,1.8241761651590054,0.798542839097797,0.07777239763412332,0.36712928302531045,1.4561745480150594,7.038578582755775e-13,0.024915400982877686,j1_b_then_a,,,256,52,128,"joint(A,B); seed=11; train-class coverage checked"
marketing,tabpfn3,2,soft_core_lambda_1,1.8209854105822396,0.7979156494812127,0.07843709263699647,0.3641233248086589,1.455710636128131,0.0036541695613330673,0.024915400982877686,j1_b_then_a,,,256,52,128,"joint(A,B); seed=11; train-class coverage checked"
marketing,tabpfn3,2,selective_core,1.815690391059089,0.7974439325741828,0.08103379391330262,0.358643508925394,1.4566471262828788,0.00920595334088328,0.024915400982877686,j1_b_then_a,,,256,52,128,"joint(A,B); seed=11; train-class coverage checked"
marketing,tabpfn3,3,j1_b_then_a,1.8424593044584245,0.7765770584402629,0.07125393298193176,0.4405469334398323,1.3714953916741783,0.012232881986323715,0.048505132730445474,soft,0.0,0.1,256,52,128,"joint(A,B); seed=11; train-class coverage checked"
marketing,tabpfn3,3,j2_a_then_b,1.8616435685692674,0.7828882321388797,0.055093338008715534,0.44602362921092864,1.3885524739776882,0.017058985013746947,0.048505132730445474,soft,0.0,0.1,256,52,128,"joint(A,B); seed=11; train-class coverage checked"
marketing,tabpfn3,3,independent,1.8750034656101713,0.7826533574920342,0.02177357771179134,0.4730910945915792,1.4019123710185921,1.7349980999401747e-17,0.048505132730445474,soft,0.0,0.1,256,52,128,"joint(A,B); seed=11; train-class coverage checked"
marketing,tabpfn3,3,arithmetic,1.849616634618643,0.7784865579089643,0.04602472343401308,0.4420606348704773,1.3786269552526584,0.014645933500035317,0.048505132730445474,soft,0.0,0.1,256,52,128,"joint(A,B); seed=11; train-class coverage checked"
marketing,tabpfn3,3,geometric,1.8459433095079492,0.7776054563532199,0.042655155795253245,0.4420889558146308,1.3747886314904858,0.012948840283925522,0.048505132730445474,soft,0.0,0.1,256,52,128,"joint(A,B); seed=11; train-class coverage checked"
marketing,tabpfn3,3,hard_core,1.8470706195151072,0.777518689673113,0.051309893805650326,0.44515824849651486,1.373979524923888,3.6926171957043873e-13,0.048505132730445474,soft,0.0,0.1,256,52,128,"joint(A,B); seed=11; train-class coverage checked"
marketing,tabpfn3,3,soft_core_lambda_1,1.8456555758111186,0.7773536990184076,0.05028926846129575,0.44312326392031,1.3740154709301682,0.006520157543878614,0.048505132730445474,soft,0.0,0.1,256,52,128,"joint(A,B); seed=11; train-class coverage checked"
marketing,tabpfn3,3,selective_core,1.857360614025597,0.7807301193602733,0.04976668802687551,0.4460385886023621,1.3844501529006144,0.014712317119271089,0.048505132730445474,soft,0.0,0.1,256,52,128,"joint(A,B); seed=11; train-class coverage checked"
marketing,tabpfn3,4,j1_b_then_a,1.9014037114731732,0.8048429126225847,0.0804615322694596,0.39867947501850604,1.5048367234771667,0.009899118425233548,0.025126780162342238,j1_b_then_a,,,256,52,128,"joint(A,B); seed=11; train-class coverage checked"
marketing,tabpfn3,4,j2_a_then_b,1.8769523144981628,0.8044957804120562,0.08731338906547739,0.40540768694591806,1.4831251887914942,0.00525626135441286,0.025126780162342238,j1_b_then_a,,,256,52,128,"joint(A,B); seed=11; train-class coverage checked"
marketing,tabpfn3,4,independent,1.8965513621613357,0.8047147712037026,0.09102649631468523,0.39382712570666867,1.5027242364546671,2.0016023818329558e-17,0.025126780162342238,j1_b_then_a,,,256,52,128,"joint(A,B); seed=11; train-class coverage checked"
marketing,tabpfn3,4,arithmetic,1.885007070404316,0.8045450553153678,0.0873120236970886,0.40503628608716913,1.4901101180542153,0.007577689889823192,0.025126780162342238,j1_b_then_a,,,256,52,128,"joint(A,B); seed=11; train-class coverage checked"
marketing,tabpfn3,4,geometric,1.8881583522061205,0.8051678032665548,0.08760447175405853,0.40052590393328824,1.4937922452303125,0.007601081635296161,0.025126780162342238,j1_b_then_a,,,256,52,128,"joint(A,B); seed=11; train-class coverage checked"
marketing,tabpfn3,4,hard_core,1.9119141317936912,0.8049648226942234,0.07080276031741783,0.409189895339024,1.5180870060871623,6.543787900006789e-14,0.025126780162342238,j1_b_then_a,,,256,52,128,"joint(A,B); seed=11; train-class coverage checked"
marketing,tabpfn3,4,soft_core_lambda_1,1.8968016581057547,0.8051496450841313,0.07953493099109037,0.4032316296148909,1.5029099413146232,0.0038379200283137887,0.025126780162342238,j1_b_then_a,,,256,52,128,"joint(A,B); seed=11; train-class coverage checked"
marketing,tabpfn3,4,selective_core,1.9014037114731732,0.8048429126225847,0.0804615322694596,0.39867947501850604,1.5048367234771667,0.009899118425233548,0.025126780162342238,j1_b_then_a,,,256,52,128,"joint(A,B); seed=11; train-class coverage checked"
marketing,tabpfn3,5,j1_b_then_a,1.6154168284536683,0.7526392820162797,0.08470201043584703,0.2647744875328037,1.3498836452796414,0.004827615999425007,0.014176427894084406,j2_a_then_b,,,256,52,128,"joint(A,B); seed=11; train-class coverage checked"
marketing,tabpfn3,5,j2_a_then_b,1.6139824689592248,0.7534039988020536,0.10446490862644175,0.2611792948154088,1.35176715763455,0.002595942764628572,0.014176427894084406,j2_a_then_b,,,256,52,128,"joint(A,B); seed=11; train-class coverage checked"
marketing,tabpfn3,5,independent,1.6128576522455398,0.7527783305177362,0.07835428463011104,0.2622153113246752,1.3506423409208645,1.5303370727823046e-17,0.014176427894084406,j2_a_then_b,,,256,52,128,"joint(A,B); seed=11; train-class coverage checked"
marketing,tabpfn3,5,arithmetic,1.6142991161029383,0.7529724179309503,0.09033935163496876,0.2625977755691824,1.3506390807411723,0.00371177938202678,0.014176427894084406,j2_a_then_b,,,256,52,128,"joint(A,B); seed=11; train-class coverage checked"
marketing,tabpfn3,5,geometric,1.6143512860023435,0.7529545651927272,0.09348203827169785,0.2626962716559355,1.350714953686838,0.0037416580792667383,0.014176427894084406,j2_a_then_b,,,256,52,128,"joint(A,B); seed=11; train-class coverage checked"
marketing,tabpfn3,5,hard_core,1.6119528072393934,0.7525016563828526,0.10283194668296666,0.26131046631852883,1.3497374959144077,2.725794965989263e-13,0.014176427894084406,j2_a_then_b,,,256,52,128,"joint(A,B); seed=11; train-class coverage checked"
marketing,tabpfn3,5,soft_core_lambda_1,1.613084644018639,0.7527068258683827,0.0825135471981484,0.2619587731495491,1.3502036865440776,0.0018787962780340462,0.014176427894084406,j2_a_then_b,,,256,52,128,"joint(A,B); seed=11; train-class coverage checked"
marketing,tabpfn3,5,selective_core,1.6139824689592248,0.7534039988020536,0.10446490862644175,0.2611792948154088,1.35176715763455,0.002595942764628572,0.014176427894084406,j2_a_then_b,,,256,52,128,"joint(A,B); seed=11; train-class coverage checked"
marketing,catboost,1,j1_b_then_a,1.7702718709592995,0.7795344325575524,0.041787977485623753,0.34063245779486007,1.4326305751134403,0.01022866971783012,0.05341153332530821,mpr,0.0,,256,52,128,"joint(A,B); seed=11; train-class coverage checked"
marketing,catboost,1,j2_a_then_b,1.7476165077044374,0.7709222961154095,0.048506135403163245,0.3259475827949827,1.4200215949754522,0.021444453295419587,0.05341153332530821,mpr,0.0,,256,52,128,"joint(A,B); seed=11; train-class coverage checked"
marketing,catboost,1,independent,1.757234325893425,0.7763223863753188,0.03747411527165039,0.32759491272898544,1.4296394131644394,4.458781434346637e-17,0.05341153332530821,mpr,0.0,,256,52,128,"joint(A,B); seed=11; train-class coverage checked"
marketing,catboost,1,arithmetic,1.757048360846517,0.7745854760656417,0.04894617967228769,0.3327442079029511,1.4249823536834243,0.015836561506624828,0.05341153332530821,mpr,0.0,,256,52,128,"joint(A,B); seed=11; train-class coverage checked"
marketing,catboost,1,geometric,1.7563870441511902,0.7744985240087736,0.048938100134157454,0.33235288452484263,1.424514152851042,0.015763196026430597,0.05341153332530821,mpr,0.0,,256,52,128,"joint(A,B); seed=11; train-class coverage checked"
marketing,catboost,1,hard_core,1.7578236445057442,0.777081464144497,0.040544938141557525,0.3281842313413048,1.4302287317767672,1.4815693837781987e-14,0.05341153332530821,mpr,0.0,,256,52,128,"joint(A,B); seed=11; train-class coverage checked"
marketing,catboost,1,soft_core_lambda_1,1.7565439973050476,0.7756347692628827,0.055283039186066016,0.3301272636603354,1.426946294437068,0.007912592517061973,0.05341153332530821,mpr,0.0,,256,52,128,"joint(A,B); seed=11; train-class coverage checked"
marketing,catboost,1,selective_core,1.75562991181895,0.7763924632085659,0.042376993963825646,0.3259904986545103,1.4280349990899834,7.703961166921625e-15,0.05341153332530821,mpr,0.0,,256,52,128,"joint(A,B); seed=11; train-class coverage checked"
marketing,catboost,2,j1_b_then_a,1.8341886923743682,0.8071228082207114,0.09307015312137193,0.34365527181358946,1.4923698474139222,0.010029511094872993,0.057737330715357596,mpr,1.0,,256,52,128,"joint(A,B); seed=11; train-class coverage checked"
marketing,catboost,2,j2_a_then_b,1.8320131703063791,0.8062619602647871,0.10186808583071193,0.33539052459271734,1.4971442043529262,0.022898399778877046,0.057737330715357596,mpr,1.0,,256,52,128,"joint(A,B); seed=11; train-class coverage checked"
marketing,catboost,2,independent,1.8254023865142317,0.805790327774474,0.11030486311753593,0.33486896595345267,1.4905334205607788,3.899400875979897e-17,0.057737330715357596,mpr,1.0,,256,52,128,"joint(A,B); seed=11; train-class coverage checked"
marketing,catboost,2,arithmetic,1.830374173998948,0.805989582781528,0.08998694523568822,0.3385906035933246,1.4925106648068662,0.016463955436875,0.057737330715357596,mpr,1.0,,256,52,128,"joint(A,B); seed=11; train-class coverage checked"
marketing,catboost,2,geometric,1.8301199697002692,0.8060376314690625,0.09342106688230505,0.33827955494689965,1.4923950149274576,0.016451049099582803,0.057737330715357596,mpr,1.0,,256,52,128,"joint(A,B); seed=11; train-class coverage checked"
marketing,catboost,2,hard_core,1.825759869664841,0.8056591022374326,0.0952298969856825,0.3352264491040623,1.490890903711369,9.064797523716805e-15,0.057737330715357596,mpr,1.0,,256,52,128,"joint(A,B); seed=11; train-class coverage checked"
marketing,catboost,2,soft_core_lambda_1,1.8274042753600748,0.8057053978303376,0.11261084305061167,0.33657144004259487,1.4912923876785213,0.008251068554603173,0.057737330715357596,mpr,1.0,,256,52,128,"joint(A,B); seed=11; train-class coverage checked"
marketing,catboost,2,selective_core,1.8264183693372869,0.8057885748914813,0.10251130288448716,0.33588494877650815,1.4915494033837629,2.4950178777400148e-14,0.057737330715357596,mpr,1.0,,256,52,128,"joint(A,B); seed=11; train-class coverage checked"
marketing,catboost,3,j1_b_then_a,1.9604508538044763,0.8151613795601875,0.09861069545296633,0.45421785836379003,1.4853702872360315,0.009218283084966406,0.05432265411737315,soft,0.0,0.03,256,52,128,"joint(A,B); seed=11; train-class coverage checked"
marketing,catboost,3,j2_a_then_b,1.9637834181372253,0.810175473136955,0.06254875498815111,0.4691961104906999,1.4762772910302977,0.022003792632608515,0.05432265411737315,soft,0.0,0.03,256,52,128,"joint(A,B); seed=11; train-class coverage checked"
marketing,catboost,3,independent,1.9937391225476138,0.819861812096123,0.07365090164141402,0.48750612710692764,1.5062329954406861,4.229066099051271e-17,0.05432265411737315,soft,0.0,0.03,256,52,128,"joint(A,B); seed=11; train-class coverage checked"
marketing,catboost,3,arithmetic,1.9584466917308017,0.811933546274378,0.07768209555695811,0.45988029116898355,1.4779913929523818,0.015611037858787435,0.05432265411737315,soft,0.0,0.03,256,52,128,"joint(A,B); seed=11; train-class coverage checked"
marketing,catboost,3,geometric,1.9593175042816566,0.8120623991891552,0.07006368122290105,0.4603884605434436,1.4787641205044548,0.01564145553734386,0.05432265411737315,soft,0.0,0.03,256,52,128,"joint(A,B); seed=11; train-class coverage checked"
marketing,catboost,3,hard_core,1.9727720668387903,0.8168808390960539,0.09815859365272563,0.4665390713981042,1.4852659397318346,4.423817947163053e-14,0.05432265411737315,soft,0.0,0.03,256,52,128,"joint(A,B); seed=11; train-class coverage checked"
marketing,catboost,3,soft_core_lambda_1,1.965656711393954,0.8143265878739834,0.0894623943827813,0.46329503263510585,1.4817656773956043,0.00790006875725199,0.05432265411737315,soft,0.0,0.03,256,52,128,"joint(A,B); seed=11; train-class coverage checked"
marketing,catboost,3,selective_core,1.9639329231055431,0.8103279804403014,0.07300090315879376,0.46919621383285637,1.4764298832907983,0.02139283476977273,0.05432265411737315,soft,0.0,0.03,256,52,128,"joint(A,B); seed=11; train-class coverage checked"
marketing,catboost,4,j1_b_then_a,1.8262104087869218,0.7892582792704339,0.022333226136616702,0.3356105531916628,1.4856802444762716,0.011316693119221483,0.05834994836105395,mpr,0.0,,256,52,128,"joint(A,B); seed=11; train-class coverage checked"
marketing,catboost,4,j2_a_then_b,1.8281393587207284,0.7881748426326949,0.04621097624626641,0.3399224355390272,1.4856236490273873,0.024670192512823944,0.05834994836105395,mpr,0.0,,256,52,128,"joint(A,B); seed=11; train-class coverage checked"
marketing,catboost,4,independent,1.8331155652886002,0.7905421957799161,0.05199236565686659,0.34251570969334116,1.490599855595259,3.76997424163944e-17,0.05834994836105395,mpr,0.0,,256,52,128,"joint(A,B); seed=11; train-class coverage checked"
marketing,catboost,4,arithmetic,1.824623794840539,0.7880575824689657,0.05585663038858632,0.3370014858076861,1.4838737654917593,0.017993442816022692,0.05834994836105395,mpr,0.0,,256,52,128,"joint(A,B); seed=11; train-class coverage checked"
marketing,catboost,4,geometric,1.8242889340202337,0.787991989642802,0.055812444575128434,0.33687000924468175,1.4835478127767912,0.018001348312778182,0.05834994836105395,mpr,0.0,,256,52,128,"joint(A,B); seed=11; train-class coverage checked"
marketing,catboost,4,hard_core,1.8291974861254268,0.7898376785262575,0.0441839384466488,0.3385976305301677,1.486681776432135,8.523287666471237e-14,0.05834994836105395,mpr,0.0,,256,52,128,"joint(A,B); seed=11; train-class coverage checked"
marketing,catboost,4,soft_core_lambda_1,1.826075698535138,0.7887817970879877,0.04719891808788474,0.33752207445068577,1.4846599888213508,0.009009098278434893,0.05834994836105395,mpr,0.0,,256,52,128,"joint(A,B); seed=11; train-class coverage checked"
marketing,catboost,4,selective_core,1.8305923650256695,0.7900723417077086,0.044172890784418384,0.3399925094304104,1.4880766553323272,8.608124792402333e-15,0.05834994836105395,mpr,0.0,,256,52,128,"joint(A,B); seed=11; train-class coverage checked"
marketing,catboost,5,j1_b_then_a,1.7738866710385555,0.7864531261128204,0.04040749773483475,0.3484179230634923,1.426226951752443,0.007855053307844978,0.06478471688087367,j1_b_then_a,,,256,52,128,"joint(A,B); seed=11; train-class coverage checked"
marketing,catboost,5,j2_a_then_b,1.7552073321961872,0.7802335658906574,0.04451794003517984,0.34088087807095024,1.4147048443378858,0.02918778095855287,0.06478471688087367,j1_b_then_a,,,256,52,128,"joint(A,B); seed=11; train-class coverage checked"
marketing,catboost,5,independent,1.7659712358333648,0.7837173992000985,0.044947375429862275,0.3405024878583016,1.425468747975063,4.4147357210894134e-17,0.06478471688087367,j1_b_then_a,,,256,52,128,"joint(A,B); seed=11; train-class coverage checked"
marketing,catboost,5,arithmetic,1.760723411744572,0.7822683630940382,0.04711458158723657,0.3437487019747175,1.4171043064664413,0.01852141713319891,0.06478471688087367,j1_b_then_a,,,256,52,128,"joint(A,B); seed=11; train-class coverage checked"
marketing,catboost,5,geometric,1.7608424736675445,0.7824516596181526,0.03818046026800493,0.34377267670905254,1.4173842232121245,0.018632727984578566,0.06478471688087367,j1_b_then_a,,,256,52,128,"joint(A,B); seed=11; train-class coverage checked"
marketing,catboost,5,hard_core,1.7657800467205573,0.784402761199721,0.03767140012293162,0.34031129874549415,1.4252775588622482,1.0892260943022591e-14,0.06478471688087367,j1_b_then_a,,,256,52,128,"joint(A,B); seed=11; train-class coverage checked"
marketing,catboost,5,soft_core_lambda_1,1.762570439739736,0.7832396339428542,0.03511330904022447,0.34195325548735495,1.4206765406551083,0.009346446584767212,0.06478471688087367,j1_b_then_a,,,256,52,128,"joint(A,B); seed=11; train-class coverage checked"
marketing,catboost,5,selective_core,1.7738866710385555,0.7864531261128204,0.04040749773483475,0.3484179230634923,1.426226951752443,0.007855053307844978,0.06478471688087367,j1_b_then_a,,,256,52,128,"joint(A,B); seed=11; train-class coverage checked"
phishing,tabiclv2,1,j1_b_then_a,0.9902126967103216,0.45364220531076305,0.10434862708220576,0.4055802975943733,0.4096275006222535,0.01621525768438769,0.05742699547073103,geometric,0.75,,256,52,128,"joint(A,B); seed=11; train-class coverage checked"
phishing,tabiclv2,1,j2_a_then_b,0.970733343712846,0.4463908359850516,0.10541476763931276,0.4168915105144083,0.3983912867998768,0.022923983191774803,0.05742699547073103,geometric,0.75,,256,52,128,"joint(A,B); seed=11; train-class coverage checked"
phishing,tabiclv2,1,independent,1.1569744560289175,0.463623058884023,0.06583599879394424,0.5723420569129691,0.5846323991159483,2.6942873972518014e-17,0.05742699547073103,geometric,0.75,,256,52,128,"joint(A,B); seed=11; train-class coverage checked"
phishing,tabiclv2,1,arithmetic,0.9737575019867046,0.4482212955662236,0.1364038095312283,0.4088424508393582,0.40142237174772033,0.019569620438081227,0.05742699547073103,geometric,0.75,,256,52,128,"joint(A,B); seed=11; train-class coverage checked"
phishing,tabiclv2,1,geometric,0.9753503015528728,0.4490290633621441,0.1408184452160585,0.4089985327876133,0.39876729821293855,0.019312445520106393,0.05742699547073103,geometric,0.75,,256,52,128,"joint(A,B); seed=11; train-class coverage checked"
phishing,tabiclv2,1,hard_core,0.9928184258508963,0.4502825744477015,0.08861453205430332,0.40818602673494797,0.42047636893838813,1.716301251851344e-13,0.05742699547073103,geometric,0.75,,256,52,128,"joint(A,B); seed=11; train-class coverage checked"
phishing,tabiclv2,1,soft_core_lambda_1,0.9803636165010899,0.4498219781672922,0.11339219405224375,0.40866616557719304,0.40347152470405984,0.012208999961019769,0.05742699547073103,geometric,0.75,,256,52,128,"joint(A,B); seed=11; train-class coverage checked"
phishing,tabiclv2,1,selective_core,0.9815108512389467,0.4510771059702793,0.12826411888724717,0.4067163391648452,0.4028518579452297,0.01769821959282109,0.05742699547073103,geometric,0.75,,256,52,128,"joint(A,B); seed=11; train-class coverage checked"
phishing,tabiclv2,2,j1_b_then_a,0.8662588147508976,0.3974601171610953,0.07292533483244186,0.3524820515947532,0.392389876201899,0.018146628733381416,0.05810052370977745,arithmetic,,,256,52,128,"joint(A,B); seed=11; train-class coverage checked"
phishing,tabiclv2,2,j2_a_then_b,0.8674522037539198,0.40279627368225845,0.06001137117638797,0.3406302829978951,0.38942478117448287,0.02307596329574345,0.05810052370977745,arithmetic,,,256,52,128,"joint(A,B); seed=11; train-class coverage checked"
phishing,tabiclv2,2,independent,0.9918041857355814,0.415402182583934,0.08358805373524685,0.4780274225794369,0.5137767631561443,2.540008286843311e-17,0.05810052370977745,arithmetic,,,256,52,128,"joint(A,B); seed=11; train-class coverage checked"
phishing,tabiclv2,2,arithmetic,0.8611722692080944,0.39825097006152776,0.06989541376864802,0.34521085112474403,0.3881335346802188,0.020611296014562415,0.05810052370977745,arithmetic,,,256,52,128,"joint(A,B); seed=11; train-class coverage checked"
phishing,tabiclv2,2,geometric,0.8614345746680734,0.39854421890296066,0.0660289912383837,0.3441209300483294,0.3879766689564976,0.02050141001546016,0.05810052370977745,arithmetic,,,256,52,128,"joint(A,B); seed=11; train-class coverage checked"
phishing,tabiclv2,2,hard_core,0.8661441980424573,0.3965577642295035,0.06320889743866932,0.35236743488631306,0.38811677546248624,1.6186612321869218e-13,0.05810052370977745,arithmetic,,,256,52,128,"joint(A,B); seed=11; train-class coverage checked"
phishing,tabiclv2,2,soft_core_lambda_1,0.859553569665704,0.39722052593009954,0.06108773119528362,0.3424501230356921,0.3870776648374277,0.013577369678481253,0.05810052370977745,arithmetic,,,256,52,128,"joint(A,B); seed=11; train-class coverage checked"
phishing,tabiclv2,2,selective_core,0.8611722692080944,0.39825097006152776,0.06989541376864802,0.34521085112474403,0.3881335346802188,0.020611296014562415,0.05810052370977745,arithmetic,,,256,52,128,"joint(A,B); seed=11; train-class coverage checked"
phishing,tabiclv2,3,j1_b_then_a,0.7448626277257956,0.35032520140052725,0.05607082987734273,0.262746227423489,0.31705693375767563,0.018603810148987862,0.05663659953442951,j2_a_then_b,,,256,52,128,"joint(A,B); seed=11; train-class coverage checked"
phishing,tabiclv2,3,j2_a_then_b,0.7436761319243417,0.3604705042051438,0.10424921218341812,0.26646119478695574,0.30894446282246163,0.02218122785523592,0.05663659953442951,j2_a_then_b,,,256,52,128,"joint(A,B); seed=11; train-class coverage checked"
phishing,tabiclv2,3,independent,0.9168480694041867,0.400448054389974,0.12470477714449742,0.4347316691018801,0.4821164003023066,2.432297459688086e-17,0.05663659953442951,j2_a_then_b,,,256,52,128,"joint(A,B); seed=11; train-class coverage checked"
phishing,tabiclv2,3,arithmetic,0.7371389714392999,0.3534040932722422,0.0679656097103655,0.2606656827623799,0.30969248907401575,0.020392519002111874,0.05663659953442951,j2_a_then_b,,,256,52,128,"joint(A,B); seed=11; train-class coverage checked"
phishing,tabiclv2,3,geometric,0.7391867696859407,0.35437615374113324,0.07122886079273642,0.26166124942014113,0.31035775077906186,0.020549341150304407,0.05663659953442951,j2_a_then_b,,,256,52,128,"joint(A,B); seed=11; train-class coverage checked"
phishing,tabiclv2,3,hard_core,0.7647988591208781,0.3646793660363301,0.053157664840557124,0.2826824588185714,0.3300671900183932,2.2152880802344906e-13,0.05663659953442951,j2_a_then_b,,,256,52,128,"joint(A,B); seed=11; train-class coverage checked"
phishing,tabiclv2,3,soft_core_lambda_1,0.7435534818440609,0.356791480971856,0.08325172665009331,0.2654706914523163,0.3133167240364412,0.014278423540523241,0.05663659953442951,j2_a_then_b,,,256,52,128,"joint(A,B); seed=11; train-class coverage checked"
phishing,tabiclv2,3,selective_core,0.7436761319243417,0.3604705042051438,0.10424921218341812,0.26646119478695574,0.30894446282246163,0.02218122785523592,0.05663659953442951,j2_a_then_b,,,256,52,128,"joint(A,B); seed=11; train-class coverage checked"
phishing,tabiclv2,4,j1_b_then_a,0.8805475048222787,0.40227375613375393,0.07840151788321482,0.3509327092387205,0.4553100979964462,0.015199392334667255,0.04549047410420415,geometric,0.25,,256,52,128,"joint(A,B); seed=11; train-class coverage checked"
phishing,tabiclv2,4,j2_a_then_b,0.8902959647495037,0.4061133140562772,0.1076529976619574,0.3584666985602294,0.4515610847725037,0.01432751148246296,0.04549047410420415,geometric,0.25,,256,52,128,"joint(A,B); seed=11; train-class coverage checked"
phishing,tabiclv2,4,independent,0.9683496755605581,0.4245152884025482,0.06073113799863745,0.438734879977,0.5296147955835581,2.5950283707233983e-17,0.04549047410420415,geometric,0.25,,256,52,128,"joint(A,B); seed=11; train-class coverage checked"
phishing,tabiclv2,4,arithmetic,0.881956396136051,0.4029749515577639,0.07738822386665647,0.3525672338435047,0.451940109226617,0.014763451908565093,0.04549047410420415,geometric,0.25,,256,52,128,"joint(A,B); seed=11; train-class coverage checked"
phishing,tabiclv2,4,geometric,0.8811904711611922,0.402830280618862,0.08160592027120198,0.3521804630971938,0.4513715587601821,0.014695397958174337,0.04549047410420415,geometric,0.25,,256,52,128,"joint(A,B); seed=11; train-class coverage checked"
phishing,tabiclv2,4,hard_core,0.8978524382293895,0.40479997387126426,0.08343107708253455,0.36823764264583136,0.45911755825305567,1.5113447761604001e-13,0.04549047410420415,geometric,0.25,,256,52,128,"joint(A,B); seed=11; train-class coverage checked"
phishing,tabiclv2,4,soft_core_lambda_1,0.8854212774187302,0.4036053590546893,0.08743361337861062,0.35606269220822495,0.45276316987117743,0.008517084159247658,0.04549047410420415,geometric,0.25,,256,52,128,"joint(A,B); seed=11; train-class coverage checked"
phishing,tabiclv2,4,selective_core,0.8846877456936801,0.40415117071206696,0.12878347764163098,0.3547000284813782,0.45094803419778967,0.014492599289551948,0.04549047410420415,geometric,0.25,,256,52,128,"joint(A,B); seed=11; train-class coverage checked"
phishing,tabiclv2,5,j1_b_then_a,0.8510193693601886,0.4330047734996475,0.10657806395367267,0.34640949736442606,0.4014534789404923,0.02738483831469217,0.07518221377912243,j1_b_then_a,,,256,52,128,"joint(A,B); seed=11; train-class coverage checked"
phishing,tabiclv2,5,j2_a_then_b,0.8711152509731025,0.4419514645624035,0.09083014226750845,0.36512824289658663,0.41083720125936996,0.024638287834805137,0.07518221377912243,j1_b_then_a,,,256,52,128,"joint(A,B); seed=11; train-class coverage checked"
phishing,tabiclv2,5,independent,0.9648879217094952,0.4539628065291334,0.07410347660893876,0.46027804971373254,0.5046098719957626,3.238905759534675e-17,0.07518221377912243,j1_b_then_a,,,256,52,128,"joint(A,B); seed=11; train-class coverage checked"
phishing,tabiclv2,5,arithmetic,0.8513399043703878,0.4343140877449996,0.09872845735925327,0.3502965316812509,0.40274211199395826,0.026011563074748636,0.07518221377912243,j1_b_then_a,,,256,52,128,"joint(A,B); seed=11; train-class coverage checked"
phishing,tabiclv2,5,geometric,0.852093444148114,0.43406422705142894,0.09305442473487802,0.35138298924625966,0.4029282831398867,0.026329209101162536,0.07518221377912243,j1_b_then_a,,,256,52,128,"joint(A,B); seed=11; train-class coverage checked"
phishing,tabiclv2,5,hard_core,0.8743734357607815,0.4375637690608182,0.09891466718257065,0.36976356376501907,0.41409538604647333,3.021227956736248e-13,0.07518221377912243,j1_b_then_a,,,256,52,128,"joint(A,B); seed=11; train-class coverage checked"
phishing,tabiclv2,5,soft_core_lambda_1,0.8564066093581153,0.4337253288186984,0.1027297117856662,0.35516018090212376,0.4041525655524463,0.01822952710003281,0.07518221377912243,j1_b_then_a,,,256,52,128,"joint(A,B); seed=11; train-class coverage checked"
phishing,tabiclv2,5,selective_core,0.8510193693601886,0.4330047734996475,0.10657806395367267,0.34640949736442606,0.4014534789404923,0.02738483831469217,0.07518221377912243,j1_b_then_a,,,256,52,128,"joint(A,B); seed=11; train-class coverage checked"
phishing,tabpfn3,1,j1_b_then_a,0.9700210138853813,0.4564004405362243,0.095664659983796,0.39134457027926506,0.4041897830976957,0.017987289716142125,0.06106512514125957,j2_a_then_b,,,256,52,128,"joint(A,B); seed=11; train-class coverage checked"
phishing,tabpfn3,1,j2_a_then_b,0.9711238628983733,0.45027931434964397,0.10288528761702981,0.4188408536210261,0.409076669311476,0.023484649938186775,0.06106512514125957,j2_a_then_b,,,256,52,128,"joint(A,B); seed=11; train-class coverage checked"
phishing,tabpfn3,1,independent,1.1407236371930134,0.46568919245089746,0.08150755818479201,0.5620471935868971,0.5786764436061161,2.8246801785477204e-17,0.06106512514125957,j2_a_then_b,,,256,52,128,"joint(A,B); seed=11; train-class coverage checked"
phishing,tabpfn3,1,arithmetic,0.9641141320965945,0.4512109504549525,0.08265414024426104,0.40228042027141897,0.4042254166036768,0.020735969827164438,0.06106512514125957,j2_a_then_b,,,256,52,128,"joint(A,B); seed=11; train-class coverage checked"
phishing,tabpfn3,1,geometric,0.9649208219304986,0.45144233009308327,0.08629592190512014,0.40299670224306905,0.40235811075319167,0.02059008080309234,0.06106512514125957,j2_a_then_b,,,256,52,128,"joint(A,B); seed=11; train-class coverage checked"
phishing,tabpfn3,1,hard_core,0.9837501601559341,0.450972036580908,0.100667613762493,0.40507371654981783,0.4217029665682675,3.201860161075808e-13,0.06106512514125957,j2_a_then_b,,,256,52,128,"joint(A,B); seed=11; train-class coverage checked"
phishing,tabpfn3,1,soft_core_lambda_1,0.9704995125043331,0.45109094906964364,0.09596253980465481,0.40371526933203083,0.4059380410206216,0.013133698241133338,0.06106512514125957,j2_a_then_b,,,256,52,128,"joint(A,B); seed=11; train-class coverage checked"
phishing,tabpfn3,1,selective_core,0.9711238628983733,0.45027931434964397,0.10288528761702981,0.4188408536210261,0.409076669311476,0.023484649938186775,0.06106512514125957,j2_a_then_b,,,256,52,128,"joint(A,B); seed=11; train-class coverage checked"
phishing,tabpfn3,2,j1_b_then_a,0.8782832272025136,0.4118748253517305,0.04563845001637569,0.3541651812551134,0.3940452862154785,0.01642760327109926,0.05068770539766486,j2_a_then_b,,,256,52,128,"joint(A,B); seed=11; train-class coverage checked"
phishing,tabpfn3,2,j2_a_then_b,0.8953013179436007,0.4187210684739327,0.05122122458870805,0.36181747819484705,0.40436779542908396,0.019843247058708012,0.05068770539766486,j2_a_then_b,,,256,52,128,"joint(A,B); seed=11; train-class coverage checked"
phishing,tabpfn3,2,independent,1.0150515684619168,0.42935559485790953,0.07326018511399127,0.4909335225145167,0.5241180459474002,2.6138589719320454e-17,0.05068770539766486,j2_a_then_b,,,256,52,128,"joint(A,B); seed=11; train-class coverage checked"
phishing,tabpfn3,2,arithmetic,0.8813836713652834,0.41386008937604646,0.06255054340712625,0.3557385502553241,0.39659911401224734,0.01813542516490362,0.05068770539766486,j2_a_then_b,,,256,52,128,"joint(A,B); seed=11; train-class coverage checked"
phishing,tabpfn3,2,geometric,0.8824677884109986,0.4145742886993895,0.06744766338100117,0.3558480053698327,0.39689908518441247,0.01787529280778694,0.05068770539766486,j2_a_then_b,,,256,52,128,"joint(A,B); seed=11; train-class coverage checked"
phishing,tabpfn3,2,hard_core,0.8814189319886123,0.4099418676483988,0.07987682750870137,0.357300886041212,0.39048540947354404,1.8533745743260215e-13,0.05068770539766486,j2_a_then_b,,,256,52,128,"joint(A,B); seed=11; train-class coverage checked"
phishing,tabpfn3,2,soft_core_lambda_1,0.8815524550290141,0.41272299176072713,0.06596011436149758,0.35563788642127936,0.39453635958841504,0.011303560207143697,0.05068770539766486,j2_a_then_b,,,256,52,128,"joint(A,B); seed=11; train-class coverage checked"
phishing,tabpfn3,2,selective_core,0.8953013179436007,0.4187210684739327,0.05122122458870805,0.36181747819484705,0.40436779542908396,0.019843247058708012,0.05068770539766486,j2_a_then_b,,,256,52,128,"joint(A,B); seed=11; train-class coverage checked"
phishing,tabpfn3,3,j1_b_then_a,0.738591426929777,0.3476976575985623,0.06850101748265808,0.2640608467400808,0.32263917420026905,0.01579340012584137,0.05475682930622044,j2_a_then_b,,,256,52,128,"joint(A,B); seed=11; train-class coverage checked"
phishing,tabpfn3,3,j2_a_then_b,0.7474364074750981,0.3561846497747996,0.07519596676433454,0.27619349575355034,0.3212619175097141,0.02165909022431463,0.05475682930622044,j2_a_then_b,,,256,52,128,"joint(A,B); seed=11; train-class coverage checked"
phishing,tabpfn3,3,independent,0.9007050701550802,0.39604875020626434,0.049405921485077345,0.42617448996538393,0.47453058018969624,2.327752418173224e-17,0.05475682930622044,j2_a_then_b,,,256,52,128,"joint(A,B); seed=11; train-class coverage checked"
phishing,tabpfn3,3,arithmetic,0.7385484946194902,0.35017398978097364,0.06418646437183725,0.2686641969011168,0.3191033640107417,0.018726245175077975,0.05475682930622044,j2_a_then_b,,,256,52,128,"joint(A,B); seed=11; train-class coverage checked"
phishing,tabpfn3,3,geometric,0.73818961144858,0.3503265055913558,0.0845211365941934,0.26799789835694876,0.31912056637772823,0.018551968190704808,0.05475682930622044,j2_a_then_b,,,256,52,128,"joint(A,B); seed=11; train-class coverage checked"
phishing,tabpfn3,3,hard_core,0.7614069783083814,0.3587030275102704,0.05776985255161136,0.28687639811868526,0.33523248834337416,1.7313642004827205e-13,0.05475682930622044,j2_a_then_b,,,256,52,128,"joint(A,B); seed=11; train-class coverage checked"
phishing,tabpfn3,3,soft_core_lambda_1,0.7435909710848898,0.3525318420938314,0.05720447474355076,0.27210250130241276,0.3229848647882846,0.012231823341623684,0.05475682930622044,j2_a_then_b,,,256,52,128,"joint(A,B); seed=11; train-class coverage checked"
phishing,tabpfn3,3,selective_core,0.7474364074750981,0.3561846497747996,0.07519596676433454,0.27619349575355034,0.3212619175097141,0.02165909022431463,0.05475682930622044,j2_a_then_b,,,256,52,128,"joint(A,B); seed=11; train-class coverage checked"
phishing,tabpfn3,4,j1_b_then_a,0.8830110463485802,0.40538847538583206,0.08154160637434657,0.35766338602356107,0.4567220153071688,0.015563180485645969,0.05366309354049817,j2_a_then_b,,,256,52,128,"joint(A,B); seed=11; train-class coverage checked"
phishing,tabpfn3,4,j2_a_then_b,0.8794195188725346,0.4095960606286486,0.07525883265607339,0.34236271667480744,0.45107614084059255,0.02165719092592401,0.05366309354049817,j2_a_then_b,,,256,52,128,"joint(A,B); seed=11; train-class coverage checked"
phishing,tabpfn3,4,independent,0.9536910383569608,0.4271364954964985,0.0982582733848823,0.4283433780319419,0.525347660325019,3.276450494921722e-17,0.05366309354049817,j2_a_then_b,,,256,52,128,"joint(A,B); seed=11; train-class coverage checked"
phishing,tabpfn3,4,arithmetic,0.8778696397626139,0.40580885698867575,0.07213299987782265,0.35054638771036906,0.4524433311582359,0.018610185705784973,0.05366309354049817,j2_a_then_b,,,256,52,128,"joint(A,B); seed=11; train-class coverage checked"
phishing,tabpfn3,4,geometric,0.8764473358069838,0.40570931133519594,0.07874358423366701,0.3476644631799689,0.4516299150415342,0.01843478512204729,0.05366309354049817,j2_a_then_b,,,256,52,128,"joint(A,B); seed=11; train-class coverage checked"
phishing,tabpfn3,4,hard_core,0.8878812161850593,0.4067378008708675,0.07112377111344252,0.3625335558600403,0.45953783815269866,1.8249992442905235e-13,0.05366309354049817,j2_a_then_b,,,256,52,128,"joint(A,B); seed=11; train-class coverage checked"
phishing,tabpfn3,4,soft_core_lambda_1,0.875696830636606,0.40544277250274935,0.07996812179905696,0.34816507043226513,0.4520736468739545,0.011995459397593762,0.05366309354049817,j2_a_then_b,,,256,52,128,"joint(A,B); seed=11; train-class coverage checked"
phishing,tabpfn3,4,selective_core,0.8794195188725346,0.4095960606286486,0.07525883265607339,0.34236271667480744,0.45107614084059255,0.02165719092592401,0.05366309354049817,j2_a_then_b,,,256,52,128,"joint(A,B); seed=11; train-class coverage checked"
phishing,tabpfn3,5,j1_b_then_a,0.8393602862268081,0.4244224210977659,0.09438914401210653,0.33861935315446434,0.3945751667336551,0.01692678386811699,0.055143265029908906,j1_b_then_a,,,256,52,128,"joint(A,B); seed=11; train-class coverage checked"
phishing,tabpfn3,5,j2_a_then_b,0.8552927813857067,0.43016855764588474,0.12588921413695556,0.35674322810285486,0.40193413421586366,0.019238257925122917,0.055143265029908906,j1_b_then_a,,,256,52,128,"joint(A,B); seed=11; train-class coverage checked"
phishing,tabpfn3,5,independent,0.954099580242187,0.44641050375288105,0.09294132670351896,0.45335864716984314,0.5007409330723438,2.827025401020431e-17,0.055143265029908906,j1_b_then_a,,,256,52,128,"joint(A,B); seed=11; train-class coverage checked"
phishing,tabpfn3,5,arithmetic,0.8429406799958211,0.4258166343446778,0.1260279423984616,0.3451738260530792,0.3958973929941019,0.018082520896619943,0.055143265029908906,j1_b_then_a,,,256,52,128,"joint(A,B); seed=11; train-class coverage checked"
phishing,tabpfn3,5,geometric,0.8427644871689837,0.42613756418912774,0.11766586380481164,0.34530551497679024,0.39594829298017464,0.01828583124113257,0.055143265029908906,j1_b_then_a,,,256,52,128,"joint(A,B); seed=11; train-class coverage checked"
phishing,tabpfn3,5,hard_core,0.851846704858547,0.42798713040299197,0.13048606963119136,0.3511057717862032,0.39848805768795126,1.8364468961608522e-13,0.055143265029908906,j1_b_then_a,,,256,52,128,"joint(A,B); seed=11; train-class coverage checked"
phishing,tabpfn3,5,soft_core_lambda_1,0.8456480254867359,0.4268127785844825,0.1389639343429929,0.3464406548432231,0.3964671877864156,0.012180495505675624,0.055143265029908906,j1_b_then_a,,,256,52,128,"joint(A,B); seed=11; train-class coverage checked"
phishing,tabpfn3,5,selective_core,0.8393602862268081,0.4244224210977659,0.09438914401210653,0.33861935315446434,0.3945751667336551,0.01692678386811699,0.055143265029908906,j1_b_then_a,,,256,52,128,"joint(A,B); seed=11; train-class coverage checked"
phishing,catboost,1,j1_b_then_a,1.1607315744572313,0.5153654802179858,0.12285279231552765,0.5281263941174204,0.5115184316960648,0.03895258413292439,0.14121703361057122,soft,0.0,0.3,256,52,128,"joint(A,B); seed=11; train-class coverage checked"
phishing,catboost,1,j2_a_then_b,1.1115736077272955,0.5225648117207637,0.10368618350289986,0.493673550700732,0.4775211501367823,0.05036303316203057,0.14121703361057122,soft,0.0,0.3,256,52,128,"joint(A,B); seed=11; train-class coverage checked"
phishing,catboost,1,independent,1.2666576379303243,0.5657329935122323,0.10912065429719456,0.6340524575905134,0.632605180339811,3.870601755773251e-17,0.14121703361057122,soft,0.0,0.3,256,52,128,"joint(A,B); seed=11; train-class coverage checked"
phishing,catboost,1,arithmetic,1.111644095835326,0.5115405320133342,0.08941270108455066,0.49780147352713316,0.4781741100529596,0.044657808647477454,0.14121703361057122,soft,0.0,0.3,256,52,128,"joint(A,B); seed=11; train-class coverage checked"
phishing,catboost,1,geometric,1.114313347695874,0.5110603307438526,0.09975301473526689,0.5029682477252468,0.4796361415235804,0.0444412613774542,0.14121703361057122,soft,0.0,0.3,256,52,128,"joint(A,B); seed=11; train-class coverage checked"
phishing,catboost,1,hard_core,1.1708624702814212,0.5196888430524776,0.15626678779566897,0.5382572899416104,0.5368100126913444,1.4323481636879798e-13,0.14121703361057122,soft,0.0,0.3,256,52,128,"joint(A,B); seed=11; train-class coverage checked"
phishing,catboost,1,soft_core_lambda_1,1.1256620604681165,0.5103663798348729,0.09089925500125716,0.5091591848929397,0.4980562392402697,0.02708142960518003,0.14121703361057122,soft,0.0,0.3,256,52,128,"joint(A,B); seed=11; train-class coverage checked"
phishing,catboost,1,selective_core,1.1091781260342741,0.5164011846151576,0.09685731091516261,0.49566403624124855,0.48231097994715877,0.043252910804267644,0.14121703361057122,soft,0.0,0.3,256,52,128,"joint(A,B); seed=11; train-class coverage checked"
phishing,catboost,2,j1_b_then_a,1.0604201227321686,0.4645903710172298,0.0907831865101816,0.4742619749128182,0.4727149092175765,0.031218965711213235,0.11103062450141724,j1_b_then_a,,,256,52,128,"joint(A,B); seed=11; train-class coverage checked"
phishing,catboost,2,j2_a_then_b,1.0919489887110414,0.48252653074294216,0.14730522316194541,0.45875297615902,0.49127415106348793,0.04886629354446172,0.11103062450141724,j1_b_then_a,,,256,52,128,"joint(A,B); seed=11; train-class coverage checked"
phishing,catboost,2,independent,1.186832985466904,0.5093840573008743,0.11753776419363071,0.6006748376475535,0.5861581478193505,3.80351674635071e-17,0.11103062450141724,j1_b_then_a,,,256,52,128,"joint(A,B); seed=11; train-class coverage checked"
phishing,catboost,2,arithmetic,1.0661898107153123,0.4683117398074784,0.09398061500604601,0.4649345344931829,0.4764653182030459,0.04004262962783745,0.11103062450141724,j1_b_then_a,,,256,52,128,"joint(A,B); seed=11; train-class coverage checked"
phishing,catboost,2,geometric,1.06062480605038,0.46694376450762154,0.10096284562711623,0.4630055978132217,0.47335948957019325,0.03957955132941003,0.11103062450141724,j1_b_then_a,,,256,52,128,"joint(A,B); seed=11; train-class coverage checked"
phishing,catboost,2,hard_core,1.0867162873292315,0.4735337794148572,0.11936066347770906,0.5005581395098809,0.4860414496821619,7.311117450380447e-13,0.11103062450141724,j1_b_then_a,,,256,52,128,"joint(A,B); seed=11; train-class coverage checked"
phishing,catboost,2,soft_core_lambda_1,1.0592090457757182,0.4656213126081344,0.1099828097286723,0.46903679120000774,0.47215201664275663,0.026418256626320028,0.11103062450141724,j1_b_then_a,,,256,52,128,"joint(A,B); seed=11; train-class coverage checked"
phishing,catboost,2,selective_core,1.0604201227321686,0.4645903710172298,0.0907831865101816,0.4742619749128182,0.4727149092175765,0.031218965711213235,0.11103062450141724,j1_b_then_a,,,256,52,128,"joint(A,B); seed=11; train-class coverage checked"
phishing,catboost,3,j1_b_then_a,0.8843698696311552,0.3838099423555601,0.1435169369315935,0.37681499216598036,0.3678403295850856,0.02780507331062551,0.09570941731027709,soft,0.5,0.3,256,52,128,"joint(A,B); seed=11; train-class coverage checked"
phishing,catboost,3,j2_a_then_b,0.9270624365597924,0.41076991294142146,0.14138179708891097,0.35486603713702103,0.3987703905602129,0.03512849876409916,0.09570941731027709,soft,0.5,0.3,256,52,128,"joint(A,B); seed=11; train-class coverage checked"
phishing,catboost,3,independent,1.035846923464754,0.4380573891661925,0.17258122309270285,0.5282920459995792,0.5075548774651747,4.1884085175830643e-17,0.09570941731027709,soft,0.5,0.3,256,52,128,"joint(A,B); seed=11; train-class coverage checked"
phishing,catboost,3,arithmetic,0.8962765783523547,0.394400740632487,0.15455308068563572,0.3620639632951826,0.37926029931639393,0.031466786037362304,0.09570941731027709,soft,0.5,0.3,256,52,128,"joint(A,B); seed=11; train-class coverage checked"
phishing,catboost,3,geometric,0.8940817171891471,0.39350187009305704,0.1920360305798872,0.35966856590488394,0.37866525660267136,0.030637813475719776,0.09570941731027709,soft,0.5,0.3,256,52,128,"joint(A,B); seed=11; train-class coverage checked"
phishing,catboost,3,hard_core,0.8951043196608677,0.3886075963710942,0.14305072017430576,0.3875494421956929,0.36681227366189817,2.5777349140854514e-13,0.09570941731027709,soft,0.5,0.3,256,52,128,"joint(A,B); seed=11; train-class coverage checked"
phishing,catboost,3,soft_core_lambda_1,0.8866061043885882,0.3889407208286504,0.1608252127661799,0.36459151118666483,0.3711079723717197,0.01916837606682966,0.09570941731027709,soft,0.5,0.3,256,52,128,"joint(A,B); seed=11; train-class coverage checked"
phishing,catboost,3,selective_core,0.8895168079136555,0.3910497557104858,0.1731204807371578,0.3608718253301667,0.3750230891772939,0.02562908843257631,0.09570941731027709,soft,0.5,0.3,256,52,128,"joint(A,B); seed=11; train-class coverage checked"
phishing,catboost,4,j1_b_then_a,1.055006813040181,0.47335261615939994,0.10697017709231554,0.46059572082355044,0.4897670757690934,0.037101035390364724,0.11529138160371653,geometric,0.0,,256,52,128,"joint(A,B); seed=11; train-class coverage checked"
phishing,catboost,4,j2_a_then_b,1.022823382556174,0.45688900352507394,0.12979530439608217,0.440920321729538,0.5111723158530403,0.0408504696370771,0.11529138160371653,geometric,0.0,,256,52,128,"joint(A,B); seed=11; train-class coverage checked"
phishing,catboost,4,independent,1.1060621589197641,0.4992397040239351,0.1415285708769083,0.5116510667031335,0.5944110922166306,4.182987506720637e-17,0.11529138160371653,geometric,0.0,,256,52,128,"joint(A,B); seed=11; train-class coverage checked"
phishing,catboost,4,arithmetic,1.0276757021791414,0.4607604082185611,0.1463958158694428,0.44581294522797477,0.4939139472082311,0.03897575251372089,0.11529138160371653,geometric,0.0,,256,52,128,"joint(A,B); seed=11; train-class coverage checked"
phishing,catboost,4,geometric,1.0232117778415097,0.4588848812728017,0.14805918152646724,0.4434515283388086,0.49341611467702584,0.037729531083107004,0.11529138160371653,geometric,0.0,,256,52,128,"joint(A,B); seed=11; train-class coverage checked"
phishing,catboost,4,hard_core,1.0377738573271733,0.4579560048948397,0.11219804434782965,0.44336276511054257,0.5261227906242586,2.540033613128434e-13,0.11529138160371653,geometric,0.0,,256,52,128,"joint(A,B); seed=11; train-class coverage checked"
phishing,catboost,4,soft_core_lambda_1,1.0205358341736601,0.4556050483241444,0.14076918460823135,0.43943728988253516,0.5007132834464132,0.02283037953715484,0.11529138160371653,geometric,0.0,,256,52,128,"joint(A,B); seed=11; train-class coverage checked"
phishing,catboost,4,selective_core,1.022823382556174,0.45688900352507394,0.12979530439608217,0.440920321729538,0.5111723158530403,0.0408504696370771,0.11529138160371653,geometric,0.0,,256,52,128,"joint(A,B); seed=11; train-class coverage checked"
phishing,catboost,5,j1_b_then_a,1.051819527745075,0.4736431733516477,0.11520455676124114,0.4857549273791052,0.48749702542319995,0.03273717161718821,0.11076254853556713,soft,0.0,1.0,256,52,128,"joint(A,B); seed=11; train-class coverage checked"
phishing,catboost,5,j2_a_then_b,1.0143857831505179,0.4726337628621184,0.1182327774419336,0.441643654686803,0.4717065887929347,0.03644479309094806,0.11076254853556713,soft,0.0,1.0,256,52,128,"joint(A,B); seed=11; train-class coverage checked"
phishing,catboost,5,independent,1.1087437947235532,0.4989667706907897,0.13363812897001737,0.5426791943575833,0.56606460036597,4.067791025894052e-17,0.11076254853556713,soft,0.0,1.0,256,52,128,"joint(A,B); seed=11; train-class coverage checked"
phishing,catboost,5,arithmetic,1.0234825648029138,0.46920824454804744,0.09781324578055746,0.45878088205205536,0.4739917278624872,0.034590982354068114,0.11076254853556713,soft,0.0,1.0,256,52,128,"joint(A,B); seed=11; train-class coverage checked"
phishing,catboost,5,geometric,1.0189696101219934,0.46824859394627016,0.08519858176886733,0.4559457375229467,0.4715923599957115,0.03358332036220977,0.11076254853556713,soft,0.0,1.0,256,52,128,"joint(A,B); seed=11; train-class coverage checked"
phishing,catboost,5,hard_core,1.0314748385741253,0.469431711434228,0.12944625853379346,0.4654102382081552,0.4887956442172795,2.1734315871569168e-13,0.11076254853556713,soft,0.0,1.0,256,52,128,"joint(A,B); seed=11; train-class coverage checked"
phishing,catboost,5,soft_core_lambda_1,1.0174798541536585,0.46618513984254234,0.09293816324940234,0.45594919000287815,0.4749172837577964,0.019820856789405997,0.11076254853556713,soft,0.0,1.0,256,52,128,"joint(A,B); seed=11; train-class coverage checked"
phishing,catboost,5,selective_core,1.0084910056108498,0.4662588363366634,0.09930018013318648,0.44480295261552905,0.46981630078617,0.023945805794217515,0.11076254853556713,soft,0.0,1.0,256,52,128,"joint(A,B); seed=11; train-class coverage checked"
