dataset,model,fold,method,joint_nll,joint_brier,joint_ece_15,conditional_nll_a_given_b,conditional_nll_b_given_a,marginal_distortion,factorization_tv,selected_policy,selected_weight,selected_lambda,n_train,n_validation,n_test,stratification
anneal,tabiclv2,1,j1_b_then_a,0.2897006958274084,0.1614271218788168,0.0726294633351711,0.0629689813965349,0.2174829577821918,0.0037513383283302,0.0231188361403468,mpr,0.0,,256,52,128,"joint(A,B); seed=101; train-class coverage checked"
anneal,tabiclv2,1,j2_a_then_b,0.3077229505236867,0.1690255714492748,0.0471580488608951,0.073471121853052,0.228545464080254,0.0085943666092902,0.0231188361403468,mpr,0.0,,256,52,128,"joint(A,B); seed=101; train-class coverage checked"
anneal,tabiclv2,1,independent,0.305909200874306,0.1668314690601545,0.064267975118325,0.0791774864434325,0.2267317144308734,3.797310410214725e-17,0.0231188361403468,mpr,0.0,,256,52,128,"joint(A,B); seed=101; train-class coverage checked"
anneal,tabiclv2,1,arithmetic,0.2970770510708785,0.1644428517687464,0.0365875243027039,0.0671279794143401,0.2216787322348092,0.0061728524688102,0.0231188361403468,mpr,0.0,,256,52,128,"joint(A,B); seed=101; train-class coverage checked"
anneal,tabiclv2,1,geometric,0.2965331697368915,0.1641870210938008,0.0391742731996428,0.0676002580127126,0.2209231227848686,0.0061917837446499,0.0231188361403468,mpr,0.0,,256,52,128,"joint(A,B); seed=101; train-class coverage checked"
anneal,tabiclv2,1,hard_core,0.2974772066051878,0.164933400452214,0.0794453772877326,0.0707454921743143,0.2182997201622193,1.9375931450113242e-13,0.0231188361403468,mpr,0.0,,256,52,128,"joint(A,B); seed=101; train-class coverage checked"
anneal,tabiclv2,1,soft_core_lambda_1,0.2965094357737138,0.1642666590686012,0.0733682575665491,0.0688032818580549,0.2194133921090499,0.0031953658106651,0.0231188361403468,mpr,0.0,,256,52,128,"joint(A,B); seed=101; train-class coverage checked"
anneal,tabiclv2,1,selective_core,0.3001746889540275,0.1647173017462172,0.0791501032254578,0.073442974523154,0.2209972025101509,1.860207810671849e-13,0.0231188361403468,mpr,0.0,,256,52,128,"joint(A,B); seed=101; train-class coverage checked"
anneal,tabiclv2,2,j1_b_then_a,0.3204612046205329,0.1996952281002977,0.0794594358565622,0.0165612861249877,0.3012453770621259,0.0029594128380755,0.0295827898382649,soft,0.0,30.0,256,52,128,"joint(A,B); seed=101; train-class coverage checked"
anneal,tabiclv2,2,j2_a_then_b,0.3081518648077403,0.1917149352777531,0.0612523647623847,0.0166525423398223,0.2867061830759688,0.0130366363566152,0.0295827898382649,soft,0.0,30.0,256,52,128,"joint(A,B); seed=101; train-class coverage checked"
anneal,tabiclv2,2,independent,0.3253456002273167,0.2027014977906711,0.075929828595521,0.0214456817317714,0.3038999184955452,3.777869432432075e-17,0.0295827898382649,soft,0.0,30.0,256,52,128,"joint(A,B); seed=101; train-class coverage checked"
anneal,tabiclv2,2,arithmetic,0.3131691162876442,0.1947606648763557,0.075364354809019,0.0165218877406333,0.2928963451584359,0.0079980245973453,0.0295827898382649,soft,0.0,30.0,256,52,128,"joint(A,B); seed=101; train-class coverage checked"
anneal,tabiclv2,2,geometric,0.3109979008606393,0.1940929149550307,0.0778067257056709,0.0158717554499048,0.2921064789746784,0.0080202483687785,0.0295827898382649,soft,0.0,30.0,256,52,128,"joint(A,B); seed=101; train-class coverage checked"
anneal,tabiclv2,2,hard_core,0.3221672923880667,0.2011516040100492,0.0801979714815351,0.0182673738925215,0.3007216106565534,1.2805482902238666e-13,0.0295827898382649,soft,0.0,30.0,256,52,128,"joint(A,B); seed=101; train-class coverage checked"
anneal,tabiclv2,2,soft_core_lambda_1,0.3158919031027493,0.1972098433681939,0.0616319806735468,0.0168511450607971,0.2959389760106569,0.0041341687706813,0.0295827898382649,soft,0.0,30.0,256,52,128,"joint(A,B); seed=101; train-class coverage checked"
anneal,tabiclv2,2,selective_core,0.3207431183479411,0.2003902424164144,0.0819076959451073,0.0175055556993821,0.2993581813313692,0.0004730457621764,0.0295827898382649,soft,0.0,30.0,256,52,128,"joint(A,B); seed=101; train-class coverage checked"
anneal,tabiclv2,3,j1_b_then_a,0.3829332110891684,0.2092568442715909,0.075497077769932,0.069533339305003,0.3115231010305256,0.0056244406055166,0.0422485735056211,j2_a_then_b,,,256,52,128,"joint(A,B); seed=101; train-class coverage checked"
anneal,tabiclv2,3,j2_a_then_b,0.3596976269438587,0.2058236301590696,0.0892228202651306,0.0593378242883581,0.291735112588699,0.0188418109749409,0.0422485735056211,j2_a_then_b,,,256,52,128,"joint(A,B); seed=101; train-class coverage checked"
anneal,tabiclv2,3,independent,0.381362386139325,0.2102087449340246,0.0886185886837871,0.0679625143551597,0.3133998717841653,3.713711318888992e-17,0.0422485735056211,j2_a_then_b,,,256,52,128,"joint(A,B); seed=101; train-class coverage checked"
anneal,tabiclv2,3,arithmetic,0.362756574609241,0.2057148399078531,0.0938216478905199,0.0604271938500474,0.2943273574762998,0.0122331257902287,0.0422485735056211,j2_a_then_b,,,256,52,128,"joint(A,B); seed=101; train-class coverage checked"
anneal,tabiclv2,3,geometric,0.3663359082793604,0.205739759268806,0.0903270496081035,0.0630947739613452,0.297987608170319,0.0120508861525199,0.0422485735056211,j2_a_then_b,,,256,52,128,"joint(A,B); seed=101; train-class coverage checked"
anneal,tabiclv2,3,hard_core,0.3787880200780363,0.210946995134834,0.0937037559897853,0.0653881482938708,0.3108255057232209,1.7868308102775838e-13,0.0422485735056211,j2_a_then_b,,,256,52,128,"joint(A,B); seed=101; train-class coverage checked"
anneal,tabiclv2,3,soft_core_lambda_1,0.3701441627819127,0.2073850134987951,0.0943089540758377,0.062730216827056,0.3027133335371298,0.0065422385535479,0.0422485735056211,j2_a_then_b,,,256,52,128,"joint(A,B); seed=101; train-class coverage checked"
anneal,tabiclv2,3,selective_core,0.3596976269438587,0.2058236301590696,0.0892228202651306,0.0593378242883581,0.291735112588699,0.0188418109749409,0.0422485735056211,j2_a_then_b,,,256,52,128,"joint(A,B); seed=101; train-class coverage checked"
anneal,tabiclv2,4,j1_b_then_a,0.216395413525206,0.1315320222538006,0.0714792585363941,0.0248054180531852,0.1901789236495927,0.0020191019677904,0.0194306386694941,mpr,0.25,,256,52,128,"joint(A,B); seed=101; train-class coverage checked"
anneal,tabiclv2,4,j2_a_then_b,0.2046122716420313,0.1267959645061556,0.0500809133760149,0.025485030893089,0.1773674080466318,0.0082823107825866,0.0194306386694941,mpr,0.25,,256,52,128,"joint(A,B); seed=101; train-class coverage checked"
anneal,tabiclv2,4,independent,0.2188348590674203,0.1327130364477703,0.0665082780811336,0.0272448635953994,0.1915899954720208,4.1384670331508384e-17,0.0194306386694941,mpr,0.25,,256,52,128,"joint(A,B); seed=101; train-class coverage checked"
anneal,tabiclv2,4,arithmetic,0.2085487342838259,0.1283031121119161,0.0743873283865619,0.0250554537739555,0.1818860436014231,0.0051507063751885,0.0194306386694941,mpr,0.25,,256,52,128,"joint(A,B); seed=101; train-class coverage checked"
anneal,tabiclv2,4,geometric,0.2079459290018047,0.1284656974308691,0.0710922680597021,0.0249045938284977,0.1816189343843693,0.0053950585854318,0.0194306386694941,mpr,0.25,,256,52,128,"joint(A,B); seed=101; train-class coverage checked"
anneal,tabiclv2,4,hard_core,0.2173870392870776,0.1322712507230459,0.0659373078370009,0.0257970438150568,0.1901421756915632,5.5222256993014713e-14,0.0194306386694941,mpr,0.25,,256,52,128,"joint(A,B); seed=101; train-class coverage checked"
anneal,tabiclv2,4,soft_core_lambda_1,0.2119558957402537,0.1302159200470248,0.0689906179530618,0.0253239728298059,0.18512578609352,0.0028428918829461,0.0194306386694941,mpr,0.25,,256,52,128,"joint(A,B); seed=101; train-class coverage checked"
anneal,tabiclv2,4,selective_core,0.2170876121079166,0.132174410482679,0.0633281841259423,0.0254976166358958,0.1898427485123401,8.475733825166626e-14,0.0194306386694941,mpr,0.25,,256,52,128,"joint(A,B); seed=101; train-class coverage checked"
anneal,tabiclv2,5,j1_b_then_a,0.6165108342427386,0.2214262089434102,0.0637053689586475,0.1463386222887691,0.4444329477144626,0.002560491618734,0.0268410679773622,j2_a_then_b,,,256,52,128,"joint(A,B); seed=101; train-class coverage checked"
anneal,tabiclv2,5,j2_a_then_b,0.5810557791792501,0.2301073414466993,0.1018748588045216,0.1297974831923025,0.3855833207176381,0.0111848979899799,0.0268410679773622,j2_a_then_b,,,256,52,128,"joint(A,B); seed=101; train-class coverage checked"
anneal,tabiclv2,5,independent,0.6656446704155815,0.2247350538404461,0.0874731882157903,0.1954724584616121,0.4701722119539694,3.89907276445017e-17,0.0268410679773622,j2_a_then_b,,,256,52,128,"joint(A,B); seed=101; train-class coverage checked"
anneal,tabiclv2,5,arithmetic,0.5897838761773689,0.2250146938545429,0.0723411127929168,0.1321065509292448,0.4092675770898405,0.0068726948043569,0.0268410679773622,j2_a_then_b,,,256,52,128,"joint(A,B); seed=101; train-class coverage checked"
anneal,tabiclv2,5,geometric,0.5954155435675694,0.2253433298771482,0.0804240410308852,0.1323528953411892,0.407221350751714,0.006959872117925,0.0268410679773622,j2_a_then_b,,,256,52,128,"joint(A,B); seed=101; train-class coverage checked"
anneal,tabiclv2,5,hard_core,0.6082913533630852,0.2252435672406859,0.0843178857279972,0.1381191414091158,0.4128188949011677,1.3696539628370868e-13,0.0268410679773622,j2_a_then_b,,,256,52,128,"joint(A,B); seed=101; train-class coverage checked"
anneal,tabiclv2,5,soft_core_lambda_1,0.6014517905887589,0.2249985979201115,0.08172666361956,0.1351893347701277,0.4095558104370551,0.0036802969157015,0.0268410679773622,j2_a_then_b,,,256,52,128,"joint(A,B); seed=101; train-class coverage checked"
anneal,tabiclv2,5,selective_core,0.5810557791792501,0.2301073414466993,0.1018748588045216,0.1297974831923025,0.3855833207176381,0.0111848979899799,0.0268410679773622,j2_a_then_b,,,256,52,128,"joint(A,B); seed=101; train-class coverage checked"
anneal,tabpfn3,1,j1_b_then_a,0.3392128218914394,0.1867317694462827,0.0766186865724847,0.0568220910337809,0.2544316300095881,0.0034907142911773,0.0247709370587652,soft,0.0,3.0,256,52,128,"joint(A,B); seed=101; train-class coverage checked"
anneal,tabpfn3,1,j2_a_then_b,0.3437020327998515,0.1836915261921557,0.0396214015256203,0.0699067270402299,0.2549510974953554,0.0085783339944963,0.0247709370587652,soft,0.0,3.0,256,52,128,"joint(A,B); seed=101; train-class coverage checked"
anneal,tabpfn3,1,independent,0.3711416661621546,0.1945039656139744,0.0644464355057469,0.0887509353044961,0.2823907308576584,4.0607474175420404e-17,0.0247709370587652,soft,0.0,3.0,256,52,128,"joint(A,B); seed=101; train-class coverage checked"
anneal,tabpfn3,1,arithmetic,0.3378518538128843,0.1845107495082779,0.0638304612509853,0.0601720259770467,0.2513176856889421,0.0060345241428368,0.0247709370587652,soft,0.0,3.0,256,52,128,"joint(A,B); seed=101; train-class coverage checked"
anneal,tabpfn3,1,geometric,0.3386795862854465,0.1839101400264263,0.0634857764527636,0.062428633968811,0.2521541354734897,0.0062105984379584,0.0247709370587652,soft,0.0,3.0,256,52,128,"joint(A,B); seed=101; train-class coverage checked"
anneal,tabpfn3,1,hard_core,0.3473887941355794,0.1869639291826582,0.0734202188514806,0.064998063277921,0.2586378588306423,1.1387368389227024e-13,0.0247709370587652,soft,0.0,3.0,256,52,128,"joint(A,B); seed=101; train-class coverage checked"
anneal,tabpfn3,1,soft_core_lambda_1,0.3422683732340863,0.1850794615366592,0.0722923624661571,0.0636660568170985,0.2544354390652958,0.0034630288914092,0.0247709370587652,soft,0.0,3.0,256,52,128,"joint(A,B); seed=101; train-class coverage checked"
anneal,tabpfn3,1,selective_core,0.348817915813306,0.1848346956166197,0.0788516063704133,0.0700692267166049,0.2596425307035329,0.0027527503789612,0.0247709370587652,soft,0.0,3.0,256,52,128,"joint(A,B); seed=101; train-class coverage checked"
anneal,tabpfn3,2,j1_b_then_a,0.3268101039662401,0.2000125804099196,0.0476282418844034,0.0227879501132698,0.2991352177722715,0.0029120653275885,0.0204423377622817,arithmetic,,,256,52,128,"joint(A,B); seed=101; train-class coverage checked"
anneal,tabpfn3,2,j2_a_then_b,0.3077436356943749,0.1902807590441541,0.0641540755241471,0.0236348131342621,0.2768302570238802,0.0083483414124831,0.0204423377622817,arithmetic,,,256,52,128,"joint(A,B); seed=101; train-class coverage checked"
anneal,tabpfn3,2,independent,0.334935532523465,0.2054369999798629,0.0693047115598278,0.0309133786704947,0.3040221538529702,3.724963704915735e-17,0.0204423377622817,arithmetic,,,256,52,128,"joint(A,B); seed=101; train-class coverage checked"
anneal,tabpfn3,2,arithmetic,0.3160845077241723,0.1945565207697216,0.0550554523606717,0.0231188698738595,0.2868502842808502,0.0056302033700358,0.0204423377622817,arithmetic,,,256,52,128,"joint(A,B); seed=101; train-class coverage checked"
anneal,tabpfn3,2,geometric,0.3151940540527806,0.1941435935779544,0.0551758312897501,0.0228968363272767,0.2865364717492344,0.0058446720053269,0.0204423377622817,arithmetic,,,256,52,128,"joint(A,B); seed=101; train-class coverage checked"
anneal,tabpfn3,2,hard_core,0.3288260808164891,0.2017965915814583,0.0556913082284907,0.0248039269635189,0.2979127021456409,1.195334702654169e-13,0.0204423377622817,arithmetic,,,256,52,128,"joint(A,B); seed=101; train-class coverage checked"
anneal,tabpfn3,2,soft_core_lambda_1,0.321567190981655,0.1976674375578444,0.0575390840105866,0.0237813381410146,0.2917219889740543,0.0030995948719302,0.0204423377622817,arithmetic,,,256,52,128,"joint(A,B); seed=101; train-class coverage checked"
anneal,tabpfn3,2,selective_core,0.3160845077241723,0.1945565207697216,0.0550554523606717,0.0231188698738595,0.2868502842808502,0.0056302033700358,0.0204423377622817,arithmetic,,,256,52,128,"joint(A,B); seed=101; train-class coverage checked"
anneal,tabpfn3,3,j1_b_then_a,0.3893923673408159,0.2062884943959509,0.0683674659199172,0.0601443955643625,0.3180432350638565,0.0054691597035373,0.0244944259289259,geometric,1.0,,256,52,128,"joint(A,B); seed=101; train-class coverage checked"
anneal,tabpfn3,3,j2_a_then_b,0.3748966645282049,0.2042718476992296,0.0584318112193325,0.0623745628887716,0.3045571412159463,0.0089712490192047,0.0244944259289259,geometric,1.0,,256,52,128,"joint(A,B); seed=101; train-class coverage checked"
anneal,tabpfn3,3,independent,0.399587495088712,0.2105545679841318,0.0766861388945554,0.0703395233122586,0.3292479717764534,3.667300282670173e-17,0.0244944259289259,geometric,1.0,,256,52,128,"joint(A,B); seed=101; train-class coverage checked"
anneal,tabpfn3,3,arithmetic,0.3809541976214262,0.2045693072658246,0.0657921093028048,0.0611913081249068,0.3104382939779594,0.007220204361371,0.0244944259289259,geometric,1.0,,256,52,128,"joint(A,B); seed=101; train-class coverage checked"
anneal,tabpfn3,3,geometric,0.3791037460388248,0.2040396492315103,0.0680056702778856,0.0597866124822885,0.3101612256193495,0.0073265348900384,0.0244944259289259,geometric,1.0,,256,52,128,"joint(A,B); seed=101; train-class coverage checked"
anneal,tabpfn3,3,hard_core,0.3922846994617532,0.2087501379128595,0.0664594936668994,0.0630367276852998,0.3219451761499451,1.5998895332854672e-13,0.0244944259289259,geometric,1.0,,256,52,128,"joint(A,B); seed=101; train-class coverage checked"
anneal,tabpfn3,3,soft_core_lambda_1,0.3841613723310118,0.2056247556825151,0.0715762887085424,0.0609126992592716,0.314329746723564,0.0044565933040206,0.0244944259289259,geometric,1.0,,256,52,128,"joint(A,B); seed=101; train-class coverage checked"
anneal,tabpfn3,3,selective_core,0.3893923673408159,0.2062884943959509,0.0683674659199172,0.0601443955643625,0.3180432350638565,0.0054691597035373,0.0244944259289259,geometric,1.0,,256,52,128,"joint(A,B); seed=101; train-class coverage checked"
anneal,tabpfn3,4,j1_b_then_a,0.2496583036149497,0.1472120000986094,0.0655660275765784,0.0279901701525618,0.2124141316497587,0.0043087563842871,0.0196457153287819,j1_b_then_a,,,256,52,128,"joint(A,B); seed=101; train-class coverage checked"
anneal,tabpfn3,4,j2_a_then_b,0.2360177390505498,0.1411920881793438,0.0630910591570303,0.0228348748741779,0.2055015138000276,0.0068876967940719,0.0196457153287819,j1_b_then_a,,,256,52,128,"joint(A,B); seed=101; train-class coverage checked"
anneal,tabpfn3,4,independent,0.2521843587129099,0.1471292698434312,0.0566143516542606,0.0305162252505221,0.2216681334623878,3.546891240495524e-17,0.0196457153287819,j1_b_then_a,,,256,52,128,"joint(A,B); seed=101; train-class coverage checked"
anneal,tabpfn3,4,arithmetic,0.2422472116770392,0.1436739675162097,0.0820069116184494,0.0253014904949563,0.2085595500455382,0.0055982265891795,0.0196457153287819,j1_b_then_a,,,256,52,128,"joint(A,B); seed=101; train-class coverage checked"
anneal,tabpfn3,4,geometric,0.2404962269766815,0.1432732748769449,0.0798090678522332,0.0247845391655232,0.2076974170679192,0.0060025559210635,0.0196457153287819,j1_b_then_a,,,256,52,128,"joint(A,B); seed=101; train-class coverage checked"
anneal,tabpfn3,4,hard_core,0.243944871674514,0.143380337428279,0.0543338779212722,0.0222767382121261,0.2134286464243605,1.487130869694798e-13,0.0196457153287819,j1_b_then_a,,,256,52,128,"joint(A,B); seed=101; train-class coverage checked"
anneal,tabpfn3,4,soft_core_lambda_1,0.2414582888746814,0.1430280405725154,0.0642863169566859,0.023538337135546,0.2095647187421408,0.0033891165277182,0.0196457153287819,j1_b_then_a,,,256,52,128,"joint(A,B); seed=101; train-class coverage checked"
anneal,tabpfn3,4,selective_core,0.2496583036149497,0.1472120000986094,0.0655660275765784,0.0279901701525618,0.2124141316497587,0.0043087563842871,0.0196457153287819,j1_b_then_a,,,256,52,128,"joint(A,B); seed=101; train-class coverage checked"
anneal,tabpfn3,5,j1_b_then_a,0.6315701740840445,0.2299680238714745,0.0810775439077981,0.1288470795946179,0.4720004075802891,0.0027540201237476,0.0210737913456083,mpr,0.0,,256,52,128,"joint(A,B); seed=101; train-class coverage checked"
anneal,tabpfn3,5,j2_a_then_b,0.6205932931975027,0.2329587720644047,0.0590850902165421,0.1325116809003556,0.4448418464179556,0.0087952053013753,0.0210737913456083,mpr,0.0,,256,52,128,"joint(A,B); seed=101; train-class coverage checked"
anneal,tabpfn3,5,independent,0.6784745412689737,0.2326026017171063,0.0887516948008526,0.1757514467795471,0.5027230944894265,4.5533500159296194e-17,0.0210737913456083,mpr,0.0,,256,52,128,"joint(A,B); seed=101; train-class coverage checked"
anneal,tabpfn3,5,arithmetic,0.62027094924003,0.2309357912162036,0.089602178255699,0.1260537540619297,0.4560203555607388,0.0057746127125614,0.0210737913456083,mpr,0.0,,256,52,128,"joint(A,B); seed=101; train-class coverage checked"
anneal,tabpfn3,5,geometric,0.6236189878828822,0.2308196007173679,0.098661227629054,0.1261000598513105,0.4551008505776187,0.0059416510900521,0.0210737913456083,mpr,0.0,,256,52,128,"joint(A,B); seed=101; train-class coverage checked"
anneal,tabpfn3,5,hard_core,0.6358576314054203,0.2307386086812611,0.0892438343386628,0.1331345369159936,0.4601061846256001,1.1542216753421673e-13,0.0210737913456083,mpr,0.0,,256,52,128,"joint(A,B); seed=101; train-class coverage checked"
anneal,tabpfn3,5,soft_core_lambda_1,0.6290638199404996,0.2306557539351424,0.0943991345244504,0.1296368098800267,0.4566895519574633,0.0033851691642799,0.0210737913456083,mpr,0.0,,256,52,128,"joint(A,B); seed=101; train-class coverage checked"
anneal,tabpfn3,5,selective_core,0.6338785096630362,0.230567943135162,0.0891449123274655,0.1311554151736096,0.4581270628831773,1.317006135833492e-13,0.0210737913456083,mpr,0.0,,256,52,128,"joint(A,B); seed=101; train-class coverage checked"
anneal,catboost,1,j1_b_then_a,0.9867137140120908,0.4272876655641157,0.2328851605916822,0.2050331986836797,0.7816805153284111,0.0111393011160831,0.0871971140646343,j1_b_then_a,,,256,52,128,"joint(A,B); seed=101; train-class coverage checked"
anneal,catboost,1,j2_a_then_b,0.923241351728972,0.3902518602745461,0.2386398692962648,0.2008065500745605,0.7224348016544113,0.0397055793572842,0.0871971140646343,j1_b_then_a,,,256,52,128,"joint(A,B); seed=101; train-class coverage checked"
anneal,catboost,1,independent,0.9824870654029716,0.4277492445003391,0.2357379409165603,0.2008065500745605,0.7816805153284111,5.0906680129983444e-17,0.0871971140646343,j1_b_then_a,,,256,52,128,"joint(A,B); seed=101; train-class coverage checked"
anneal,catboost,1,arithmetic,0.9500954152662126,0.4055424311011723,0.2645963945659019,0.2023560754920674,0.7477466754418927,0.0254224402366836,0.0871971140646343,j1_b_then_a,,,256,52,128,"joint(A,B); seed=101; train-class coverage checked"
anneal,catboost,1,geometric,0.9467701318500478,0.4033839362217797,0.2626124260740345,0.2017283240283024,0.7450418078217452,0.0259311742977011,0.0871971140646343,j1_b_then_a,,,256,52,128,"joint(A,B); seed=101; train-class coverage checked"
anneal,catboost,1,hard_core,0.9824870654029716,0.4277492445003391,0.2357379409165603,0.2008065500745605,0.7816805153284112,5.589739825520579e-17,0.0871971140646343,j1_b_then_a,,,256,52,128,"joint(A,B); seed=101; train-class coverage checked"
anneal,catboost,1,soft_core_lambda_1,0.9625503070475728,0.4142527268191849,0.252959985627232,0.2009694049483593,0.7615809020992136,0.0130567094551928,0.0871971140646343,j1_b_then_a,,,256,52,128,"joint(A,B); seed=101; train-class coverage checked"
anneal,catboost,1,selective_core,0.9867137140120908,0.4272876655641157,0.2328851605916822,0.2050331986836797,0.7816805153284111,0.0111393011160831,0.0871971140646343,j1_b_then_a,,,256,52,128,"joint(A,B); seed=101; train-class coverage checked"
anneal,catboost,2,j1_b_then_a,0.8134580212774583,0.3680989425371768,0.2361187333655163,0.1608620337685408,0.6525959875089173,0.0102355769239871,0.1036039768687495,j2_a_then_b,,,256,52,128,"joint(A,B); seed=101; train-class coverage checked"
anneal,catboost,2,j2_a_then_b,0.853854099351183,0.3937424320661616,0.2167480680812821,0.1359707098832286,0.6933750911316275,0.0408817270131037,0.1036039768687495,j2_a_then_b,,,256,52,128,"joint(A,B); seed=101; train-class coverage checked"
anneal,catboost,2,independent,0.8130749957284727,0.3696690708931883,0.2436598517994202,0.1604790082195554,0.6525959875089173,5.315809370378538e-17,0.1036039768687495,j2_a_then_b,,,256,52,128,"joint(A,B); seed=101; train-class coverage checked"
anneal,catboost,2,arithmetic,0.8282148558808482,0.3777165242750285,0.2402110130003867,0.1471584952566804,0.6679061585209964,0.0255586519685454,0.1036039768687495,j2_a_then_b,,,256,52,128,"joint(A,B); seed=101; train-class coverage checked"
anneal,catboost,2,geometric,0.8225796890569811,0.3754654095609951,0.2367464750564948,0.1439506557476671,0.6649860105752536,0.0252767457362569,0.1036039768687495,j2_a_then_b,,,256,52,128,"joint(A,B); seed=101; train-class coverage checked"
anneal,catboost,2,hard_core,0.7991151504571352,0.3635275903217702,0.2343606648612617,0.1465191629482178,0.6386361422371764,1.541567776750831e-13,0.1036039768687495,j2_a_then_b,,,256,52,128,"joint(A,B); seed=101; train-class coverage checked"
anneal,catboost,2,soft_core_lambda_1,0.8091979509780867,0.3686005998728238,0.2318477397145636,0.1450995126513312,0.6502577376302403,0.0127197910120058,0.1036039768687495,j2_a_then_b,,,256,52,128,"joint(A,B); seed=101; train-class coverage checked"
anneal,catboost,2,selective_core,0.853854099351183,0.3937424320661616,0.2167480680812821,0.1359707098832286,0.6933750911316275,0.0408817270131037,0.1036039768687495,j2_a_then_b,,,256,52,128,"joint(A,B); seed=101; train-class coverage checked"
anneal,catboost,3,j1_b_then_a,0.8478599149494693,0.3799699219412019,0.1967466537068793,0.2037231748193543,0.6441367401301149,0.0057966436221704,0.0892957760767824,j2_a_then_b,,,256,52,128,"joint(A,B); seed=101; train-class coverage checked"
anneal,catboost,3,j2_a_then_b,0.89637474120982,0.414463595837401,0.1931755808019092,0.1708997866568888,0.693660482297021,0.0361572081163944,0.0892957760767824,j2_a_then_b,,,256,52,128,"joint(A,B); seed=101; train-class coverage checked"
anneal,catboost,3,independent,0.8468509990429138,0.38091587010173,0.1968171314569512,0.2027142589127989,0.6441367401301148,4.899577380097775e-17,0.0892957760767824,j2_a_then_b,,,256,52,128,"joint(A,B); seed=101; train-class coverage checked"
anneal,catboost,3,arithmetic,0.868350173391983,0.394485242716388,0.1965973527824469,0.1873440208487249,0.6652652565190261,0.0209769258692824,0.0892957760767824,j2_a_then_b,,,256,52,128,"joint(A,B); seed=101; train-class coverage checked"
anneal,catboost,3,geometric,0.8639965669987102,0.3927462813672698,0.1942769966982631,0.1847530756161038,0.6629563830258727,0.0205793804418313,0.0892957760767824,j2_a_then_b,,,256,52,128,"joint(A,B); seed=101; train-class coverage checked"
anneal,catboost,3,hard_core,0.8300647061604638,0.3740491837573354,0.1945009950959634,0.185927966030349,0.6273504472475628,9.644354068073965e-14,0.0892957760767824,j2_a_then_b,,,256,52,128,"joint(A,B); seed=101; train-class coverage checked"
anneal,catboost,3,soft_core_lambda_1,0.8459855660695436,0.3828068993669046,0.1888308601951523,0.1852188745622119,0.6442243510251975,0.0102212218778147,0.0892957760767824,j2_a_then_b,,,256,52,128,"joint(A,B); seed=101; train-class coverage checked"
anneal,catboost,3,selective_core,0.89637474120982,0.414463595837401,0.1931755808019092,0.1708997866568888,0.693660482297021,0.0361572081163944,0.0892957760767824,j2_a_then_b,,,256,52,128,"joint(A,B); seed=101; train-class coverage checked"
anneal,catboost,4,j1_b_then_a,0.7519222107922858,0.3242780067306851,0.2377564848837488,0.1647711489589919,0.5871510618332939,0.0081656885769584,0.0602815031768932,geometric,0.75,,256,52,128,"joint(A,B); seed=101; train-class coverage checked"
anneal,catboost,4,j2_a_then_b,0.7742415654669894,0.3279397501235105,0.2198289578658755,0.1665130037765179,0.6077285616904715,0.0275392835205761,0.0602815031768932,geometric,0.75,,256,52,128,"joint(A,B); seed=101; train-class coverage checked"
anneal,catboost,4,independent,0.7536640656098119,0.3262411841135486,0.2397187900199646,0.1665130037765179,0.5871510618332939,5.474543344693994e-17,0.0602815031768932,geometric,0.75,,256,52,128,"joint(A,B); seed=101; train-class coverage checked"
anneal,catboost,4,arithmetic,0.7609583109168973,0.3244085341413404,0.2351604388686329,0.1660318803770957,0.59570529071408,0.0178524860487672,0.0602815031768932,geometric,0.75,,256,52,128,"joint(A,B); seed=101; train-class coverage checked"
anneal,catboost,4,geometric,0.7581343440503459,0.3228487708426937,0.2333117998824722,0.1649227854581283,0.5932115585922175,0.0182548660410843,0.0602815031768932,geometric,0.75,,256,52,128,"joint(A,B); seed=101; train-class coverage checked"
anneal,catboost,4,hard_core,0.7536640656098118,0.3262411841135486,0.2397187900199645,0.1665130037765179,0.5871510618332939,5.3054755684220356e-17,0.0602815031768932,geometric,0.75,,256,52,128,"joint(A,B); seed=101; train-class coverage checked"
anneal,catboost,4,soft_core_lambda_1,0.7546515448929081,0.3237358214052052,0.2489923878079437,0.1655301172868795,0.5891214276060286,0.009227509842104,0.0602815031768932,geometric,0.75,,256,52,128,"joint(A,B); seed=101; train-class coverage checked"
anneal,catboost,4,selective_core,0.7537964188550862,0.3227160136416647,0.2350194639012096,0.1646749912490576,0.5891214276060286,0.0133080584549433,0.0602815031768932,geometric,0.75,,256,52,128,"joint(A,B); seed=101; train-class coverage checked"
anneal,catboost,5,j1_b_then_a,0.8770712948700929,0.3727266873027433,0.2071393854376821,0.2396034575172771,0.6374678373528159,0.0131710941546804,0.0962736062053562,soft,0.0,0.3,256,52,128,"joint(A,B); seed=101; train-class coverage checked"
anneal,catboost,5,j2_a_then_b,0.91605685220828,0.3987175165466533,0.2388464160980771,0.1968853727242206,0.6920773227022868,0.0333602669009048,0.0962736062053562,soft,0.0,0.3,256,52,128,"joint(A,B); seed=101; train-class coverage checked"
anneal,catboost,5,independent,0.861447366858809,0.3689575529780435,0.21338655186242,0.223979529505993,0.6374678373528159,4.68392279172683e-17,0.0962736062053562,soft,0.0,0.3,256,52,128,"joint(A,B); seed=101; train-class coverage checked"
anneal,catboost,5,arithmetic,0.8883245744076071,0.3833331825168949,0.2202897659959337,0.2155699982489276,0.6582700807623425,0.0232656805277926,0.0962736062053562,soft,0.0,0.3,256,52,128,"joint(A,B); seed=101; train-class coverage checked"
anneal,catboost,5,geometric,0.8859689205701762,0.3820739772049182,0.2167525340036737,0.2136244386824907,0.6585432355572511,0.0241335459413758,0.0962736062053562,soft,0.0,0.3,256,52,128,"joint(A,B); seed=101; train-class coverage checked"
anneal,catboost,5,hard_core,0.847292580698283,0.3629450096988811,0.2248124974535442,0.209824743345467,0.6233130511916598,5.697127170793247e-13,0.0962736062053562,soft,0.0,0.3,256,52,128,"joint(A,B); seed=101; train-class coverage checked"
anneal,catboost,5,soft_core_lambda_1,0.8651004364401735,0.3721018539927178,0.2153865895518907,0.2113208587700491,0.6398511086820653,0.0119514293565259,0.0962736062053562,soft,0.0,0.3,256,52,128,"joint(A,B); seed=101; train-class coverage checked"
anneal,catboost,5,selective_core,0.8940490614942803,0.388351955367377,0.2379795331904272,0.1968332671228904,0.670032975876022,0.025897302687566,0.0962736062053562,soft,0.0,0.3,256,52,128,"joint(A,B); seed=101; train-class coverage checked"
diamonds,tabiclv2,1,j1_b_then_a,2.127449799320764,0.8201908257016398,0.0968669218110873,0.7956537674417736,1.3205098102913462,0.0263746529188828,0.1492662375479906,mpr,0.0,,256,52,128,"joint(A,B); seed=101; train-class coverage checked"
diamonds,tabiclv2,1,j2_a_then_b,2.2082729257143114,0.8464439300825681,0.0754782427613116,0.8128722924686482,1.3865848512893704,0.0579908547828767,0.1492662375479906,mpr,0.0,,256,52,128,"joint(A,B); seed=101; train-class coverage checked"
diamonds,tabiclv2,1,independent,2.153484106303931,0.8233851860123735,0.1252747054520184,0.8216880744249413,1.3317960318789903,4.884584896931374e-17,0.1492662375479906,mpr,0.0,,256,52,128,"joint(A,B); seed=101; train-class coverage checked"
diamonds,tabiclv2,1,arithmetic,2.152037279552064,0.829003147598697,0.0748948623107169,0.7981234118081415,1.3411501175533802,0.0421827538508797,0.1492662375479906,mpr,0.0,,256,52,128,"joint(A,B); seed=101; train-class coverage checked"
diamonds,tabiclv2,1,geometric,2.146497999926227,0.8290433327353992,0.0727630003982552,0.7967807667559599,1.337462125588852,0.0423178614902768,0.1492662375479906,mpr,0.0,,256,52,128,"joint(A,B); seed=101; train-class coverage checked"
diamonds,tabiclv2,1,hard_core,2.143990897682805,0.8234737059265181,0.1135845288591318,0.8121948658038152,1.3223028232576906,2.974840528434091e-13,0.1492662375479906,mpr,0.0,,256,52,128,"joint(A,B); seed=101; train-class coverage checked"
diamonds,tabiclv2,1,soft_core_lambda_1,2.1403058845050165,0.8254524647006027,0.0866246391213216,0.8025922789219819,1.326809059928184,0.0215161040231483,0.1492662375479906,mpr,0.0,,256,52,128,"joint(A,B); seed=101; train-class coverage checked"
diamonds,tabiclv2,1,selective_core,2.153931342817065,0.8252736953635488,0.1063031744120041,0.8221353109380752,1.3322432683917684,3.0329243609742773e-13,0.1492662375479906,mpr,0.0,,256,52,128,"joint(A,B); seed=101; train-class coverage checked"
diamonds,tabiclv2,2,j1_b_then_a,2.198483368860788,0.8428434973735415,0.0990454948096403,0.7235016014086333,1.471903860106345,0.0207433395077347,0.1337380079310373,soft,0.0,1.0,256,52,128,"joint(A,B); seed=101; train-class coverage checked"
diamonds,tabiclv2,2,j2_a_then_b,2.155490971198667,0.8342294462403599,0.0731171479562455,0.7148336356352881,1.413960587660889,0.0553363112908555,0.1337380079310373,soft,0.0,1.0,256,52,128,"joint(A,B); seed=101; train-class coverage checked"
diamonds,tabiclv2,2,independent,2.2165121509899324,0.8469415892481629,0.1039859763133496,0.7415303835377786,1.474981767452154,4.211798207455859e-17,0.1337380079310373,soft,0.0,1.0,256,52,128,"joint(A,B); seed=101; train-class coverage checked"
diamonds,tabiclv2,2,arithmetic,2.159617621635639,0.834520469883785,0.102952535356116,0.7155172937173291,1.4289850634879802,0.0380398253992951,0.1337380079310373,soft,0.0,1.0,256,52,128,"joint(A,B); seed=101; train-class coverage checked"
diamonds,tabiclv2,2,geometric,2.15936581853378,0.8353953583478595,0.1106234716435135,0.7152533281835999,1.427496275822513,0.0378713958298573,0.1337380079310373,soft,0.0,1.0,256,52,128,"joint(A,B); seed=101; train-class coverage checked"
diamonds,tabiclv2,2,hard_core,2.2008566258699305,0.846787314986104,0.1065109049918069,0.7258748584177768,1.4593262423322784,2.2502314539589977e-14,0.1337380079310373,soft,0.0,1.0,256,52,128,"joint(A,B); seed=101; train-class coverage checked"
diamonds,tabiclv2,2,soft_core_lambda_1,2.175911343546625,0.8404122675504226,0.0978848956833019,0.7193883735323559,1.4403268847271815,0.018996264746688,0.1337380079310373,soft,0.0,1.0,256,52,128,"joint(A,B); seed=101; train-class coverage checked"
diamonds,tabiclv2,2,selective_core,2.160430490324233,0.8375324904500202,0.1059781291741994,0.7153996368401904,1.4197503912883709,0.0285647986247218,0.1337380079310373,soft,0.0,1.0,256,52,128,"joint(A,B); seed=101; train-class coverage checked"
diamonds,tabiclv2,3,j1_b_then_a,2.4057088263591173,0.8894764028592826,0.1204329661075736,0.8611707515700688,1.540951980257596,0.024767393364675,0.1202616299542628,soft,0.0,10.0,256,52,128,"joint(A,B); seed=101; train-class coverage checked"
diamonds,tabiclv2,3,j2_a_then_b,2.3929947100776503,0.8821004149888434,0.1248503676050312,0.8648520139660366,1.5373386335591936,0.0499976859617409,0.1202616299542628,soft,0.0,10.0,256,52,128,"joint(A,B); seed=101; train-class coverage checked"
diamonds,tabiclv2,3,independent,2.400194151307505,0.8901626320360965,0.110685974827358,0.8556560765184564,1.5445380747890487,3.972960724365258e-17,0.1202616299542628,soft,0.0,10.0,256,52,128,"joint(A,B); seed=101; train-class coverage checked"
diamonds,tabiclv2,3,arithmetic,2.3848827880179977,0.8831496671144285,0.1450250059693139,0.858921941492077,1.5294133077830103,0.0373825396632079,0.1202616299542628,soft,0.0,10.0,256,52,128,"joint(A,B); seed=101; train-class coverage checked"
diamonds,tabiclv2,3,geometric,2.3846251838194776,0.8840958379884826,0.1443251669571079,0.8590095666888431,1.5289617186891418,0.0365472770901543,0.1202616299542628,soft,0.0,10.0,256,52,128,"joint(A,B); seed=101; train-class coverage checked"
diamonds,tabiclv2,3,hard_core,2.4037303470063724,0.8910441516565042,0.1108585002491752,0.8591922722173241,1.5480742704879458,1.2147328752297826e-14,0.1202616299542628,soft,0.0,10.0,256,52,128,"joint(A,B); seed=101; train-class coverage checked"
diamonds,tabiclv2,3,soft_core_lambda_1,2.3907644905344827,0.8870934809463142,0.139123682243824,0.8581818862202333,1.5360066666941423,0.0181006253208711,0.1202616299542628,soft,0.0,10.0,256,52,128,"joint(A,B); seed=101; train-class coverage checked"
diamonds,tabiclv2,3,selective_core,2.4057640733403884,0.8911835852943554,0.1289864240826826,0.8659651780894569,1.5502214616913983,0.0045499032207209,0.1202616299542628,soft,0.0,10.0,256,52,128,"joint(A,B); seed=101; train-class coverage checked"
diamonds,tabiclv2,4,j1_b_then_a,2.0488737024964347,0.8077548285995421,0.0932498969454823,0.6011738021289702,1.443253245857452,0.0259746425495381,0.1218364834402361,soft,0.0,1.0,256,52,128,"joint(A,B); seed=101; train-class coverage checked"
diamonds,tabiclv2,4,j2_a_then_b,2.0754333846169537,0.8109331870810335,0.1720379429226096,0.6163341679089948,1.4598257270557775,0.047862326744094,0.1218364834402361,soft,0.0,1.0,256,52,128,"joint(A,B); seed=101; train-class coverage checked"
diamonds,tabiclv2,4,independent,2.0633075579286406,0.8089065408513583,0.0651334692894302,0.6156076575611757,1.4476999003674649,4.9954772261586e-17,0.1218364834402361,soft,0.0,1.0,256,52,128,"joint(A,B); seed=101; train-class coverage checked"
diamonds,tabiclv2,4,arithmetic,2.041278730318889,0.806417435186482,0.0943553479012506,0.6005071521771088,1.434018458238762,0.036918484646816,0.1218364834402361,soft,0.0,1.0,256,52,128,"joint(A,B); seed=101; train-class coverage checked"
diamonds,tabiclv2,4,geometric,2.046588577037549,0.807187356059115,0.0870406393104844,0.6027742807391743,1.4399488915294474,0.0366827508897917,0.1218364834402361,soft,0.0,1.0,256,52,128,"joint(A,B); seed=101; train-class coverage checked"
diamonds,tabiclv2,4,hard_core,2.058630530281572,0.8087747994632446,0.0746774303393223,0.6109306299141072,1.4430228727203749,2.499986987922404e-14,0.1218364834402361,soft,0.0,1.0,256,52,128,"joint(A,B); seed=101; train-class coverage checked"
diamonds,tabiclv2,4,soft_core_lambda_1,2.0492191044296413,0.8072865035443617,0.0735235955292285,0.6059593408168128,1.4389734891824828,0.0183894256309908,0.1218364834402361,soft,0.0,1.0,256,52,128,"joint(A,B); seed=101; train-class coverage checked"
diamonds,tabiclv2,4,selective_core,2.058841701400037,0.8084173501601537,0.1060911304823203,0.615571135306949,1.442665117018181,0.0245958240374273,0.1218364834402361,soft,0.0,1.0,256,52,128,"joint(A,B); seed=101; train-class coverage checked"
diamonds,tabiclv2,5,j1_b_then_a,2.029482373123119,0.8056596182212903,0.056285332719282,0.6585816725813095,1.37135953720519,0.029857467796536,0.1511138417133075,soft,0.0,10.0,256,52,128,"joint(A,B); seed=101; train-class coverage checked"
diamonds,tabiclv2,5,j2_a_then_b,2.014248195563384,0.8095655408260048,0.0665597259232942,0.6291513954736899,1.3895267598136474,0.0586692846340681,0.1511138417133075,soft,0.0,10.0,256,52,128,"joint(A,B); seed=101; train-class coverage checked"
diamonds,tabiclv2,5,independent,1.995622136291546,0.8025267378794428,0.0681473917231918,0.6247214357497365,1.3709007005418097,4.5720173316853486e-17,0.1511138417133075,soft,0.0,10.0,256,52,128,"joint(A,B); seed=101; train-class coverage checked"
diamonds,tabiclv2,5,arithmetic,2.001663066074366,0.80285847382388,0.0557665752190471,0.633614224017454,1.369474776722834,0.044263376215302,0.1511138417133075,soft,0.0,10.0,256,52,128,"joint(A,B); seed=101; train-class coverage checked"
diamonds,tabiclv2,5,geometric,1.999853694286307,0.8019197577464073,0.0517408483592752,0.6354026041729411,1.3639960976146843,0.0432147953750321,0.1511138417133075,soft,0.0,10.0,256,52,128,"joint(A,B); seed=101; train-class coverage checked"
diamonds,tabiclv2,5,hard_core,1.9970271609618284,0.8033882167742116,0.0938907474245414,0.6261264604200188,1.3723057252123576,8.834376771111162e-14,0.1511138417133075,soft,0.0,10.0,256,52,128,"joint(A,B); seed=101; train-class coverage checked"
diamonds,tabiclv2,5,soft_core_lambda_1,1.9931907548428216,0.8014216862122477,0.0502334648114878,0.6287790536808724,1.3648375872373766,0.0213654028045827,0.1511138417133075,soft,0.0,10.0,256,52,128,"joint(A,B); seed=101; train-class coverage checked"
diamonds,tabiclv2,5,selective_core,2.00105378024209,0.8046748298611516,0.0625585731426149,0.6333715714707449,1.376712460700058,0.0051517222794008,0.1511138417133075,soft,0.0,10.0,256,52,128,"joint(A,B); seed=101; train-class coverage checked"
diamonds,tabpfn3,1,j1_b_then_a,2.2721211408444315,0.8552255863724026,0.0990497700205101,0.8202290159289289,1.4501520968593704,0.0096006600525002,0.0641370086007059,j2_a_then_b,,,256,52,128,"joint(A,B); seed=101; train-class coverage checked"
diamonds,tabpfn3,1,j2_a_then_b,2.256977213531719,0.8515569295612959,0.0612702013836771,0.8163249609395857,1.4395047532652834,0.0242256849177475,0.0641370086007059,j2_a_then_b,,,256,52,128,"joint(A,B); seed=101; train-class coverage checked"
diamonds,tabpfn3,1,independent,2.269364585181939,0.8541421403831975,0.094097981265072,0.8174724602664356,1.4518921249155032,4.489774899282264e-17,0.0641370086007059,j2_a_then_b,,,256,52,128,"joint(A,B); seed=101; train-class coverage checked"
diamonds,tabpfn3,1,arithmetic,2.260387550585813,0.8527034234241984,0.0848054545286022,0.8165977198995494,1.4410620849255036,0.0169131724851239,0.0641370086007059,j2_a_then_b,,,256,52,128,"joint(A,B); seed=101; train-class coverage checked"
diamonds,tabpfn3,1,geometric,2.2599586009303887,0.8528266312866793,0.0929611303232131,0.8170152001269996,1.4400251060566231,0.0172377237260493,0.0641370086007059,j2_a_then_b,,,256,52,128,"joint(A,B); seed=101; train-class coverage checked"
diamonds,tabpfn3,1,hard_core,2.265913374376562,0.8542017033012052,0.0994060022586459,0.814021249461059,1.4484409141098389,1.2840133679788734e-13,0.0641370086007059,j2_a_then_b,,,256,52,128,"joint(A,B); seed=101; train-class coverage checked"
diamonds,tabpfn3,1,soft_core_lambda_1,2.2621966087094565,0.8534089949169161,0.097315950946213,0.815528832616067,1.4434812551153209,0.0086952402942537,0.0641370086007059,j2_a_then_b,,,256,52,128,"joint(A,B); seed=101; train-class coverage checked"
diamonds,tabpfn3,1,selective_core,2.256977213531719,0.8515569295612959,0.0612702013836771,0.8163249609395857,1.4395047532652834,0.0242256849177475,0.0641370086007059,j2_a_then_b,,,256,52,128,"joint(A,B); seed=101; train-class coverage checked"
diamonds,tabpfn3,2,j1_b_then_a,2.309698011945704,0.846450866381303,0.1039293136599599,0.8009208524099755,1.5120944241280765,0.0262933925404433,0.0988829315453141,mpr,0.0,,256,52,128,"joint(A,B); seed=101; train-class coverage checked"
diamonds,tabpfn3,2,j2_a_then_b,2.249174936558465,0.8423997993291085,0.081890020037101,0.7265081352477407,1.5108762156728228,0.0319952441879941,0.0988829315453141,mpr,0.0,,256,52,128,"joint(A,B); seed=101; train-class coverage checked"
diamonds,tabpfn3,2,independent,2.24707588042137,0.8395307956561595,0.0924998926957678,0.7382987208856422,1.5087771595357284,4.329455385168666e-17,0.0988829315453141,mpr,0.0,,256,52,128,"joint(A,B); seed=101; train-class coverage checked"
diamonds,tabpfn3,2,arithmetic,2.2723317631715028,0.8428963946991446,0.0943084799704417,0.7606363773415081,1.5070238817270514,0.0291443183642187,0.0988829315453141,mpr,0.0,,256,52,128,"joint(A,B); seed=101; train-class coverage checked"
diamonds,tabpfn3,2,geometric,2.2696658084380776,0.8424279131516688,0.0900978696624874,0.7587458819883717,1.5060049879848505,0.0282943066853961,0.0988829315453141,mpr,0.0,,256,52,128,"joint(A,B); seed=101; train-class coverage checked"
diamonds,tabpfn3,2,hard_core,2.242814460674812,0.838655524583821,0.0928056678284586,0.7340373011390829,1.5045157397884252,1.9308038645945005e-13,0.0988829315453141,mpr,0.0,,256,52,128,"joint(A,B); seed=101; train-class coverage checked"
diamonds,tabpfn3,2,soft_core_lambda_1,2.25404422484293,0.8401061576912578,0.075329347479905,0.7453454614776068,1.504112331419782,0.0140253808087792,0.0988829315453141,mpr,0.0,,256,52,128,"joint(A,B); seed=101; train-class coverage checked"
diamonds,tabpfn3,2,selective_core,2.236949640654892,0.8377224325232503,0.0918031356344221,0.7281724811191637,1.498650919768954,7.769895779870343e-14,0.0988829315453141,mpr,0.0,,256,52,128,"joint(A,B); seed=101; train-class coverage checked"
diamonds,tabpfn3,3,j1_b_then_a,2.4061192970453185,0.8795797688537408,0.0844876980699207,0.8373566829742274,1.568775636006726,0.0135050836375191,0.0771534959247717,mpr,0.0,,256,52,128,"joint(A,B); seed=101; train-class coverage checked"
diamonds,tabpfn3,3,j2_a_then_b,2.4321340075040982,0.8812280622968303,0.0612351876641982,0.8264787957790054,1.6128291334297278,0.0315267178130912,0.0771534959247717,mpr,0.0,,256,52,128,"joint(A,B); seed=101; train-class coverage checked"
diamonds,tabpfn3,3,independent,2.3880674881454613,0.8786057897347131,0.0933599738065398,0.8193048740743699,1.5687626140710913,4.193864600903464e-17,0.0771534959247717,mpr,0.0,,256,52,128,"joint(A,B); seed=101; train-class coverage checked"
diamonds,tabpfn3,3,arithmetic,2.4140907819970607,0.8795076780064559,0.063817298887607,0.8306275357608996,1.5868394942356194,0.0225159007253051,0.0771534959247717,mpr,0.0,,256,52,128,"joint(A,B); seed=101; train-class coverage checked"
diamonds,tabpfn3,3,geometric,2.412879548036466,0.8795016447289518,0.0646028812120259,0.8302598180179945,1.5860070529108652,0.0218324954969397,0.0771534959247717,mpr,0.0,,256,52,128,"joint(A,B); seed=101; train-class coverage checked"
diamonds,tabpfn3,3,hard_core,2.392014647776884,0.8789709665429046,0.0938878297075161,0.8232520337057925,1.5727097737025444,8.531477442749781e-15,0.0771534959247717,mpr,0.0,,256,52,128,"joint(A,B); seed=101; train-class coverage checked"
diamonds,tabpfn3,3,soft_core_lambda_1,2.4010179343060325,0.8790267138188297,0.0673360998479678,0.826403166418486,1.578292427109929,0.0107804049103395,0.0771534959247717,mpr,0.0,,256,52,128,"joint(A,B); seed=101; train-class coverage checked"
diamonds,tabpfn3,3,selective_core,2.397224359456596,0.8796176199563986,0.0940885187026513,0.828461745385505,1.5779194853824734,6.740887092144116e-14,0.0771534959247717,mpr,0.0,,256,52,128,"joint(A,B); seed=101; train-class coverage checked"
diamonds,tabpfn3,4,j1_b_then_a,2.2094308513190013,0.8395904274628012,0.0799356646560871,0.6999608789517852,1.506829739131172,0.0221317043745455,0.0789875422175614,mpr,1.0,,256,52,128,"joint(A,B); seed=101; train-class coverage checked"
diamonds,tabpfn3,4,j2_a_then_b,2.1578816427352274,0.8257046216011327,0.0875233325443426,0.6668562953684605,1.494558782955957,0.0247610222313813,0.0789875422175614,mpr,1.0,,256,52,128,"joint(A,B); seed=101; train-class coverage checked"
diamonds,tabpfn3,4,independent,2.172792832146487,0.8341836206249803,0.0759077590381909,0.6633228597792706,1.509469972367216,4.612093736055175e-17,0.0789875422175614,mpr,1.0,,256,52,128,"joint(A,B); seed=101; train-class coverage checked"
diamonds,tabpfn3,4,arithmetic,2.178255484659368,0.8317275274385181,0.0965486903797002,0.6812089291893593,1.4968325183523712,0.0234463633029634,0.0789875422175614,mpr,1.0,,256,52,128,"joint(A,B); seed=101; train-class coverage checked"
diamonds,tabpfn3,4,geometric,2.1778112910648844,0.8314713027814018,0.0962436450320384,0.6799120065479944,1.497267039972575,0.0234482869327994,0.0789875422175614,mpr,1.0,,256,52,128,"joint(A,B); seed=101; train-class coverage checked"
diamonds,tabpfn3,4,hard_core,2.172323793374693,0.8340331356646701,0.0606915362227069,0.6628538210074773,1.5090009335950598,1.2246749222644234e-13,0.0789875422175614,mpr,1.0,,256,52,128,"joint(A,B); seed=101; train-class coverage checked"
diamonds,tabpfn3,4,soft_core_lambda_1,2.1737628766418515,0.832536821569063,0.0668278366383744,0.6708414828834715,1.5023710959821868,0.0117326429489454,0.0789875422175614,mpr,1.0,,256,52,128,"joint(A,B); seed=101; train-class coverage checked"
diamonds,tabpfn3,4,selective_core,2.17064710699826,0.834131365569541,0.0791090933023436,0.661177134631044,1.5073242472190675,2.2246104902427346e-13,0.0789875422175614,mpr,1.0,,256,52,128,"joint(A,B); seed=101; train-class coverage checked"
diamonds,tabpfn3,5,j1_b_then_a,2.189345723614684,0.8338621932574476,0.0675976225214282,0.6923244285668582,1.4938948001425234,0.0219216928987362,0.0849108450609999,soft,0.0,0.3,256,52,128,"joint(A,B); seed=101; train-class coverage checked"
diamonds,tabpfn3,5,j2_a_then_b,2.131095749043377,0.8275488578202104,0.0787000872728769,0.6456498015065526,1.482564350034849,0.0260409317686854,0.0849108450609999,soft,0.0,0.3,256,52,128,"joint(A,B); seed=101; train-class coverage checked"
diamonds,tabpfn3,5,independent,2.1455526940563536,0.8293025758175598,0.0583145664065683,0.6485313990085277,1.4970212950478254,3.871537131609926e-17,0.0849108450609999,soft,0.0,0.3,256,52,128,"joint(A,B); seed=101; train-class coverage checked"
diamonds,tabpfn3,5,arithmetic,2.1520421113608696,0.8296100645066746,0.0875219858799023,0.6642829382592168,1.4822111300664036,0.0239813123337108,0.0849108450609999,soft,0.0,0.3,256,52,128,"joint(A,B); seed=101; train-class coverage checked"
diamonds,tabpfn3,5,geometric,2.152302563395176,0.8297162332414764,0.1106599297549055,0.6646457144454369,1.482593131039578,0.0235283604069439,0.0849108450609999,soft,0.0,0.3,256,52,128,"joint(A,B); seed=101; train-class coverage checked"
diamonds,tabpfn3,5,hard_core,2.140743841479093,0.8293472122406707,0.0861830029758205,0.6437225464312678,1.4922124424703391,6.04940993148055e-14,0.0849108450609999,soft,0.0,0.3,256,52,128,"joint(A,B); seed=101; train-class coverage checked"
diamonds,tabpfn3,5,soft_core_lambda_1,2.1449953769498338,0.8292943142968232,0.0961040684330674,0.6536410889382731,1.486409263603997,0.0117444221540132,0.0849108450609999,soft,0.0,0.3,256,52,128,"joint(A,B); seed=101; train-class coverage checked"
diamonds,tabpfn3,5,selective_core,2.131332858202587,0.8276187371870039,0.086865205979672,0.6455564343695341,1.4824641867939596,0.0202577458375983,0.0849108450609999,soft,0.0,0.3,256,52,128,"joint(A,B); seed=101; train-class coverage checked"
diamonds,catboost,1,j1_b_then_a,2.9086213411761657,0.9296281581635316,0.0794017863456077,1.037095764462178,1.8723737467896613,0.0178011762852632,0.094729898248983,soft,0.75,10.0,256,52,128,"joint(A,B); seed=101; train-class coverage checked"
diamonds,catboost,1,j2_a_then_b,2.8589135391256457,0.9233331964702542,0.0300022802670023,1.0374941746116162,1.81596443686264,0.0385267413414157,0.094729898248983,soft,0.75,10.0,256,52,128,"joint(A,B); seed=101; train-class coverage checked"
diamonds,catboost,1,independent,2.914474678976993,0.9303775977786568,0.0708432065228609,1.0429491022630055,1.871525576713988,4.6166683757148386e-17,0.094729898248983,soft,0.75,10.0,256,52,128,"joint(A,B); seed=101; train-class coverage checked"
diamonds,catboost,1,arithmetic,2.8774991897734408,0.9255606159851832,0.0422268064960254,1.035360675700271,1.839022650330508,0.0281639588133394,0.094729898248983,soft,0.75,10.0,256,52,128,"joint(A,B); seed=101; train-class coverage checked"
diamonds,catboost,1,geometric,2.876453056500178,0.925306876879462,0.0424614936031466,1.034479481876042,1.8382387956473305,0.0284588149006644,0.094729898248983,soft,0.75,10.0,256,52,128,"joint(A,B); seed=101; train-class coverage checked"
diamonds,catboost,1,hard_core,2.911223681170707,0.9300495581462324,0.0798343559705415,1.039698104456719,1.8682745789076367,6.611988991804367e-14,0.094729898248983,soft,0.75,10.0,256,52,128,"joint(A,B); seed=101; train-class coverage checked"
diamonds,catboost,1,soft_core_lambda_1,2.8922025982011226,0.9274247310553874,0.05224762369585,1.0367323813531284,1.8519692721845893,0.0142936463876287,0.094729898248983,soft,0.75,10.0,256,52,128,"joint(A,B); seed=101; train-class coverage checked"
diamonds,catboost,1,selective_core,2.91056263294252,0.9298748635270306,0.0788261253653349,1.0405959330624288,1.8683844082824408,0.0021156595816809,0.094729898248983,soft,0.75,10.0,256,52,128,"joint(A,B); seed=101; train-class coverage checked"
diamonds,catboost,2,j1_b_then_a,2.922195385272186,0.9318445223680264,0.0860408589164959,0.9948853331196408,1.9236401551525133,0.0152992189885112,0.1030863645135056,mpr,1.0,,256,52,128,"joint(A,B); seed=101; train-class coverage checked"
diamonds,catboost,2,j2_a_then_b,2.9470928722744385,0.9345470460126036,0.0508460408247619,1.0106317555087705,1.9558116219812955,0.0429161628259479,0.1030863645135056,mpr,1.0,,256,52,128,"joint(A,B); seed=101; train-class coverage checked"
diamonds,catboost,2,independent,2.918591302445688,0.93207003931622,0.078723654113733,0.9912812502931432,1.9273100521525448,5.04831636563563e-17,0.1030863645135056,mpr,1.0,,256,52,128,"joint(A,B); seed=101; train-class coverage checked"
diamonds,catboost,2,arithmetic,2.925375800849828,0.931927790641121,0.0614706416339974,0.9992783425260212,1.931304228322527,0.0291076909072295,0.1030863645135056,mpr,1.0,,256,52,128,"joint(A,B); seed=101; train-class coverage checked"
diamonds,catboost,2,geometric,2.926083574316254,0.9320981402168158,0.061621035211847,0.9999517266257452,1.932004596538344,0.0293596106218274,0.1030863645135056,mpr,1.0,,256,52,128,"joint(A,B); seed=101; train-class coverage checked"
diamonds,catboost,2,hard_core,2.9238994162520893,0.9324700977552516,0.0770178697283884,0.9965893640995448,1.93261816595828,2.493148984245193e-13,0.1030863645135056,mpr,1.0,,256,52,128,"joint(A,B); seed=101; train-class coverage checked"
diamonds,catboost,2,soft_core_lambda_1,2.923423915379464,0.9320562814375096,0.0851857647188448,0.9980576943928768,1.930951116890119,0.0147172271872858,0.1030863645135056,mpr,1.0,,256,52,128,"joint(A,B); seed=101; train-class coverage checked"
diamonds,catboost,2,selective_core,2.914787877575802,0.9316335989864852,0.086793298211956,0.9874778254232568,1.92350662728248,1.8177091572917949e-13,0.1030863645135056,mpr,1.0,,256,52,128,"joint(A,B); seed=101; train-class coverage checked"
diamonds,catboost,3,j1_b_then_a,2.760020379102601,0.9106482981088948,0.0484519470659012,0.9667151125541146,1.7966408291756302,0.0212899905005892,0.087623848242238,j2_a_then_b,,,256,52,128,"joint(A,B); seed=101; train-class coverage checked"
diamonds,catboost,3,j2_a_then_b,2.7837107228683,0.91204651451358,0.0422428629679,0.9846147283120864,1.8117656222150835,0.0329188555771953,0.087623848242238,j2_a_then_b,,,256,52,128,"joint(A,B); seed=101; train-class coverage checked"
diamonds,catboost,3,independent,2.765250367201703,0.9103585985657856,0.0478814169580238,0.9719451006532164,1.7933052665484863,4.406604204795772e-17,0.087623848242238,j2_a_then_b,,,256,52,128,"joint(A,B); seed=101; train-class coverage checked"
diamonds,catboost,3,arithmetic,2.765916061630767,0.9106246514977973,0.022464125697579,0.9730782650211932,1.8001787319515865,0.0271044230388922,0.087623848242238,j2_a_then_b,,,256,52,128,"joint(A,B); seed=101; train-class coverage checked"
diamonds,catboost,3,geometric,2.765808863526324,0.9105782368426588,0.01475402242134,0.9731164635114729,1.7998694480706932,0.0270404907220713,0.087623848242238,j2_a_then_b,,,256,52,128,"joint(A,B); seed=101; train-class coverage checked"
diamonds,catboost,3,hard_core,2.7719175539102654,0.911084811394462,0.0434475579279411,0.9786122873617792,1.799972453257028,1.3377743601468775e-14,0.087623848242238,j2_a_then_b,,,256,52,128,"joint(A,B); seed=101; train-class coverage checked"
diamonds,catboost,3,soft_core_lambda_1,2.7677206859602013,0.910715943795188,0.0402755323035004,0.975480642937722,1.7991649983743905,0.0134825038143632,0.087623848242238,j2_a_then_b,,,256,52,128,"joint(A,B); seed=101; train-class coverage checked"
diamonds,catboost,3,selective_core,2.7837107228683,0.91204651451358,0.0422428629679,0.9846147283120864,1.8117656222150835,0.0329188555771953,0.087623848242238,j2_a_then_b,,,256,52,128,"joint(A,B); seed=101; train-class coverage checked"
diamonds,catboost,4,j1_b_then_a,2.718814958069041,0.9073840414173262,0.0330576853265721,0.8989955271313337,1.8259548313183016,0.0195636370914912,0.0842300125419675,soft,1.0,0.3,256,52,128,"joint(A,B); seed=101; train-class coverage checked"
diamonds,catboost,4,j2_a_then_b,2.703295585813464,0.9068910683228668,0.0326127323029671,0.8906671414732706,1.8063737916055376,0.0285356874919383,0.0842300125419675,soft,1.0,0.3,256,52,128,"joint(A,B); seed=101; train-class coverage checked"
diamonds,catboost,4,independent,2.716741225145634,0.9076965966572008,0.034199544364604,0.8969217942079271,1.8198194309377067,4.580754178751256e-17,0.0842300125419675,soft,1.0,0.3,256,52,128,"joint(A,B); seed=101; train-class coverage checked"
diamonds,catboost,4,arithmetic,2.706390823841179,0.9064400916183496,0.0263345317084249,0.8931516970050513,1.8126414152222512,0.0240496622917147,0.0842300125419675,soft,1.0,0.3,256,52,128,"joint(A,B); seed=101; train-class coverage checked"
diamonds,catboost,4,geometric,2.705287050414402,0.9063229273768636,0.0241530759665444,0.8916063118369004,1.8121337501797512,0.0238544772907729,0.0842300125419675,soft,1.0,0.3,256,52,128,"joint(A,B); seed=101; train-class coverage checked"
diamonds,catboost,4,hard_core,2.714814390980455,0.9072742661602418,0.0448215031861708,0.894994960042748,1.8178925967724973,2.1617144787535944e-14,0.0842300125419675,soft,1.0,0.3,256,52,128,"joint(A,B); seed=101; train-class coverage checked"
diamonds,catboost,4,soft_core_lambda_1,2.7091547354910186,0.9067029186728544,0.0348875366336507,0.8930326252207961,1.814373987640244,0.0119347602109017,0.0842300125419675,soft,1.0,0.3,256,52,128,"joint(A,B); seed=101; train-class coverage checked"
diamonds,catboost,4,selective_core,2.71871880166495,0.9075140080057488,0.0290922326110299,0.8988746266791594,1.825946035217164,0.0151313951095818,0.0842300125419675,soft,1.0,0.3,256,52,128,"joint(A,B); seed=101; train-class coverage checked"
diamonds,catboost,5,j1_b_then_a,2.740626208719881,0.9051532657384572,0.0317810987756735,0.8929793033156113,1.8495133574024327,0.0180137062945316,0.105984873878941,j2_a_then_b,,,256,52,128,"joint(A,B); seed=101; train-class coverage checked"
diamonds,catboost,5,j2_a_then_b,2.761265602967655,0.902975938187528,0.0422566356643008,0.9196300354277476,1.860146648119434,0.0407135561257639,0.105984873878941,j2_a_then_b,,,256,52,128,"joint(A,B); seed=101; train-class coverage checked"
diamonds,catboost,5,independent,2.7487658602524907,0.9065700257090328,0.0435738276997484,0.901118954848221,1.84764690540427,4.4520051707686026e-17,0.105984873878941,j2_a_then_b,,,256,52,128,"joint(A,B); seed=101; train-class coverage checked"
diamonds,catboost,5,arithmetic,2.74205926930731,0.9028084342941024,0.0140843329163201,0.9020948704100182,1.847211591530516,0.0293636312101477,0.105984873878941,j2_a_then_b,,,256,52,128,"joint(A,B); seed=101; train-class coverage checked"
diamonds,catboost,5,geometric,2.741821913072001,0.902664866763912,0.0109046468280719,0.9020423166881588,1.8470506425305075,0.0294586673852104,0.105984873878941,j2_a_then_b,,,256,52,128,"joint(A,B); seed=101; train-class coverage checked"
diamonds,catboost,5,hard_core,2.756357785226132,0.9062630049867234,0.0606515780296669,0.9087108798218616,1.8552388303779228,1.7527009032493324e-14,0.105984873878941,j2_a_then_b,,,256,52,128,"joint(A,B); seed=101; train-class coverage checked"
diamonds,catboost,5,soft_core_lambda_1,2.747285463160125,0.9041337244111668,0.052959252916072,0.9050642876136096,1.8495903645712264,0.0148039214598955,0.105984873878941,j2_a_then_b,,,256,52,128,"joint(A,B); seed=101; train-class coverage checked"
diamonds,catboost,5,selective_core,2.761265602967655,0.902975938187528,0.0422566356643008,0.9196300354277476,1.860146648119434,0.0407135561257639,0.105984873878941,j2_a_then_b,,,256,52,128,"joint(A,B); seed=101; train-class coverage checked"
car,tabiclv2,1,j1_b_then_a,1.2800304980598467,0.731343175043549,0.1135771097860849,0.1193604094620806,0.8307700201069428,0.0268560542733309,0.1336733637495563,soft,1.0,3.0,256,52,128,"joint(A,B); seed=101; train-class coverage checked"
car,tabiclv2,1,j2_a_then_b,1.3010553417026816,0.724127394761815,0.1024261205966969,0.1506034264107973,0.8261933530315363,0.0589938381918751,0.1336733637495563,soft,1.0,3.0,256,52,128,"joint(A,B); seed=101; train-class coverage checked"
car,tabiclv2,1,independent,1.6355320772689113,0.7858378135592159,0.1408989289535522,0.4748619886711454,1.160670088597766,2.3365627188775264e-17,0.1336733637495563,soft,1.0,3.0,256,52,128,"joint(A,B); seed=101; train-class coverage checked"
car,tabiclv2,1,arithmetic,1.2757776330110455,0.7206090901113251,0.1041093440232316,0.1328622780371105,0.8196449566783961,0.042924946232603,0.1336733637495563,soft,1.0,3.0,256,52,128,"joint(A,B); seed=101; train-class coverage checked"
car,tabiclv2,1,geometric,1.2723887448898403,0.7212082800341849,0.1081050887307612,0.1284563472017523,0.8176265300431518,0.043555397471633,0.1336733637495563,soft,1.0,3.0,256,52,128,"joint(A,B); seed=101; train-class coverage checked"
car,tabiclv2,1,hard_core,1.4027647797934364,0.7446487217795934,0.0927775949030191,0.2420946911956704,0.927902791121541,1.8727567347694722e-13,0.1336733637495563,soft,1.0,3.0,256,52,128,"joint(A,B); seed=101; train-class coverage checked"
car,tabiclv2,1,soft_core_lambda_1,1.2868665350330697,0.727300143560832,0.1270222026078823,0.1361111331331961,0.8287726681403833,0.030039946080015,0.1336733637495563,soft,1.0,3.0,256,52,128,"joint(A,B); seed=101; train-class coverage checked"
car,tabiclv2,1,selective_core,1.300942514732382,0.7350859648825128,0.1056429893228747,0.1412152576364287,0.8418595843302082,0.0191447724733032,0.1336733637495563,soft,1.0,3.0,256,52,128,"joint(A,B); seed=101; train-class coverage checked"
car,tabiclv2,2,j1_b_then_a,1.2612889878676254,0.6970279040855181,0.0637090789424099,0.1465706479448978,0.7821564591833229,0.0282829626332519,0.1097850908798255,geometric,0.75,,256,52,128,"joint(A,B); seed=101; train-class coverage checked"
car,tabiclv2,2,j2_a_then_b,1.2927587221097157,0.7055276989328547,0.0713583012601125,0.1570614687930074,0.802497452786403,0.0451486375799979,0.1097850908798255,geometric,0.75,,256,52,128,"joint(A,B); seed=101; train-class coverage checked"
car,tabiclv2,2,independent,1.60497960924604,0.7702874412118349,0.0732822547734253,0.4902612693233126,1.1147183399227276,3.073885212563816e-17,0.1097850908798255,geometric,0.75,,256,52,128,"joint(A,B); seed=101; train-class coverage checked"
car,tabiclv2,2,arithmetic,1.2641638247963418,0.6958919862462573,0.0388860229870487,0.1473698607098166,0.7825724222191897,0.0367158001066249,0.1097850908798255,geometric,0.75,,256,52,128,"joint(A,B); seed=101; train-class coverage checked"
car,tabiclv2,2,geometric,1.2607739167803227,0.6957473699763749,0.0422971925764041,0.1466283449032773,0.7808164070095215,0.0390850269391811,0.1097850908798255,geometric,0.75,,256,52,128,"joint(A,B); seed=101; train-class coverage checked"
car,tabiclv2,2,hard_core,1.2971238210577023,0.7022878288993954,0.0515371814871343,0.1824054811349748,0.8068625517333041,2.476048778637383e-13,0.1097850908798255,geometric,0.75,,256,52,128,"joint(A,B); seed=101; train-class coverage checked"
car,tabiclv2,2,soft_core_lambda_1,1.258876845320917,0.6952494344960422,0.0596237271196273,0.1467613883074285,0.775476884030737,0.0298909641729275,0.1097850908798255,geometric,0.75,,256,52,128,"joint(A,B); seed=101; train-class coverage checked"
car,tabiclv2,2,selective_core,1.257026037896228,0.6949256165119835,0.0614548811421861,0.1454862878977158,0.7782128088005773,0.034259614132056,0.1097850908798255,geometric,0.75,,256,52,128,"joint(A,B); seed=101; train-class coverage checked"
car,tabiclv2,3,j1_b_then_a,1.2097284653525822,0.6849948990647742,0.0322266551551922,0.1101265877120375,0.7150828079932299,0.0384706928255984,0.1172286973887928,geometric,0.75,,256,52,128,"joint(A,B); seed=101; train-class coverage checked"
car,tabiclv2,3,j2_a_then_b,1.317482236257661,0.713526394353845,0.1197727805165204,0.1755995387701397,0.7380300188881666,0.0441295997973852,0.1172286973887928,geometric,0.75,,256,52,128,"joint(A,B); seed=101; train-class coverage checked"
car,tabiclv2,3,independent,1.6790540950100392,0.78002646770996,0.0324681316569131,0.5794522173694945,1.0996018776405443,2.4517196604708312e-17,0.1172286973887928,geometric,0.75,,256,52,128,"joint(A,B); seed=101; train-class coverage checked"
car,tabiclv2,3,arithmetic,1.2354060530768822,0.6920266239917843,0.0397882784078227,0.127229790014027,0.7161681515277933,0.0413001463114918,0.1172286973887928,geometric,0.75,,256,52,128,"joint(A,B); seed=101; train-class coverage checked"
car,tabiclv2,3,geometric,1.240515212535494,0.6946804737156369,0.0436140946115186,0.1286347975767907,0.7148955028757293,0.0432671773314688,0.1172286973887928,geometric,0.75,,256,52,128,"joint(A,B); seed=101; train-class coverage checked"
car,tabiclv2,3,hard_core,1.3245857425188443,0.7069223342768974,0.0341638917645391,0.2249838648782998,0.7451335251499158,1.948082755739913e-13,0.1172286973887928,geometric,0.75,,256,52,128,"joint(A,B); seed=101; train-class coverage checked"
car,tabiclv2,3,soft_core_lambda_1,1.2532260188758269,0.6970816429111353,0.0577770686373129,0.1422659730067114,0.7181389067964998,0.0334996391674472,0.1172286973887928,geometric,0.75,,256,52,128,"joint(A,B); seed=101; train-class coverage checked"
car,tabiclv2,3,selective_core,1.2192346932221017,0.6879080081255269,0.0272514100767322,0.1166389201726852,0.7125624944915314,0.0411829785708347,0.1172286973887928,geometric,0.75,,256,52,128,"joint(A,B); seed=101; train-class coverage checked"
car,tabiclv2,4,j1_b_then_a,1.242756835049652,0.691444201969154,0.0216551540104536,0.1531020712627653,0.7355354833828524,0.0311993627217117,0.1013266268342811,soft,1.0,3.0,256,52,128,"joint(A,B); seed=101; train-class coverage checked"
car,tabiclv2,4,j2_a_then_b,1.29447479918321,0.723219594365654,0.0996918322131647,0.1717007507412015,0.742334064870406,0.0361186248420719,0.1013266268342811,soft,1.0,3.0,256,52,128,"joint(A,B); seed=101; train-class coverage checked"
car,tabiclv2,4,independent,1.641795498099691,0.7818760370616367,0.0514521475307474,0.552140734312804,1.0896547637868867,2.3633246586715767e-17,0.1013266268342811,soft,1.0,3.0,256,52,128,"joint(A,B); seed=101; train-class coverage checked"
car,tabiclv2,4,arithmetic,1.2565557893942847,0.7031025085448314,0.0703624455192484,0.1546029949293116,0.7351801499160411,0.0336589937818918,0.1013266268342811,soft,1.0,3.0,256,52,128,"joint(A,B); seed=101; train-class coverage checked"
car,tabiclv2,4,geometric,1.2524333459638417,0.7022499492556391,0.0743265319346208,0.1505429868880667,0.7319560376745151,0.035041379083614,0.1013266268342811,soft,1.0,3.0,256,52,128,"joint(A,B); seed=101; train-class coverage checked"
car,tabiclv2,4,hard_core,1.2886103102155575,0.7067963539640099,0.041609230884847,0.1989555464286705,0.7364695759021666,1.9515611279127739e-13,0.1013266268342811,soft,1.0,3.0,256,52,128,"joint(A,B); seed=101; train-class coverage checked"
car,tabiclv2,4,soft_core_lambda_1,1.256001885724791,0.7031722285255868,0.0471777528956259,0.1551343649349184,0.7293217302957062,0.0265126571094169,0.1013266268342811,soft,1.0,3.0,256,52,128,"joint(A,B); seed=101; train-class coverage checked"
car,tabiclv2,4,selective_core,1.2582744311669445,0.7025601873041571,0.0376469279874766,0.1605462325748909,0.7315353686255094,0.0208577540725877,0.1013266268342811,soft,1.0,3.0,256,52,128,"joint(A,B); seed=101; train-class coverage checked"
car,tabiclv2,5,j1_b_then_a,1.2235322421728996,0.6929899442653134,0.0266527833375538,0.1188279895111333,0.7708968568719836,0.0344370923998621,0.112846578274205,j1_b_then_a,,,256,52,128,"joint(A,B); seed=101; train-class coverage checked"
car,tabiclv2,5,j2_a_then_b,1.3315253850300006,0.7187939046509162,0.0535717173266393,0.1866973586358515,0.7910105236890423,0.0428967235395685,0.112846578274205,j1_b_then_a,,,256,52,128,"joint(A,B); seed=101; train-class coverage checked"
car,tabiclv2,5,independent,1.6452191140027246,0.7748042750255056,0.0852189204318171,0.5405148613409582,1.1047042526617663,2.1548134366345176e-17,0.112846578274205,j1_b_then_a,,,256,52,128,"joint(A,B); seed=101; train-class coverage checked"
car,tabiclv2,5,arithmetic,1.2580869998952138,0.7005115923679359,0.0459944714752514,0.1418025911669602,0.7724520038478919,0.0386669079697153,0.112846578274205,j1_b_then_a,,,256,52,128,"joint(A,B); seed=101; train-class coverage checked"
car,tabiclv2,5,geometric,1.2596357455040748,0.701815811887758,0.0505803065754077,0.1431677840407358,0.7724764989281424,0.0402401715270642,0.112846578274205,j1_b_then_a,,,256,52,128,"joint(A,B); seed=101; train-class coverage checked"
car,tabiclv2,5,hard_core,1.3693063448854654,0.720367349339964,0.0483907346726972,0.2646020922236994,0.8287914835439472,1.925656402923127e-13,0.112846578274205,j1_b_then_a,,,256,52,128,"joint(A,B); seed=101; train-class coverage checked"
car,tabiclv2,5,soft_core_lambda_1,1.2749139212392395,0.705318412584123,0.0359813559321635,0.1579844490414546,0.7752594116543803,0.0314171317672893,0.112846578274205,j1_b_then_a,,,256,52,128,"joint(A,B); seed=101; train-class coverage checked"
car,tabiclv2,5,selective_core,1.2235322421728996,0.6929899442653134,0.0266527833375538,0.1188279895111333,0.7708968568719836,0.0344370923998621,0.112846578274205,j1_b_then_a,,,256,52,128,"joint(A,B); seed=101; train-class coverage checked"
car,tabpfn3,1,j1_b_then_a,1.248159864202364,0.7043457578754588,0.0724234186110164,0.1377361212494482,0.807428082588848,0.0297910249744531,0.1208725045661486,soft,1.0,1.0,256,52,128,"joint(A,B); seed=101; train-class coverage checked"
car,tabpfn3,1,j2_a_then_b,1.319007681518829,0.7242641861090959,0.0785554725402908,0.1711194786670305,0.8405817909482753,0.0454845461307787,0.1208725045661486,soft,1.0,1.0,256,52,128,"joint(A,B); seed=101; train-class coverage checked"
car,tabpfn3,1,independent,1.5888496335234694,0.7712689875757827,0.0614737112133519,0.4784258905705536,1.1104237429529158,2.594367618850091e-17,0.1208725045661486,soft,1.0,1.0,256,52,128,"joint(A,B); seed=101; train-class coverage checked"
car,tabpfn3,1,arithmetic,1.2701807596718546,0.7091320035524877,0.0591197430760218,0.1496324124764482,0.8189026212368807,0.0376377855526159,0.1208725045661486,soft,1.0,1.0,256,52,128,"joint(A,B); seed=101; train-class coverage checked"
car,tabpfn3,1,geometric,1.2633892845604953,0.7100384395755178,0.0607728249970156,0.1419163905246814,0.8125393778064512,0.0393707404455715,0.1208725045661486,soft,1.0,1.0,256,52,128,"joint(A,B); seed=101; train-class coverage checked"
car,tabpfn3,1,hard_core,1.3243185188596658,0.7216032306681167,0.0587434045430406,0.2138947759067502,0.8458926282903518,1.922913166749168e-13,0.1208725045661486,soft,1.0,1.0,256,52,128,"joint(A,B); seed=101; train-class coverage checked"
car,tabpfn3,1,soft_core_lambda_1,1.2661482625718714,0.7108947461485435,0.0759526826697308,0.1456749559764706,0.8119906465668913,0.0278584895384964,0.1208725045661486,soft,1.0,1.0,256,52,128,"joint(A,B); seed=101; train-class coverage checked"
car,tabpfn3,1,selective_core,1.254856186477498,0.7091059459589222,0.0718655905427854,0.1374503007176837,0.8072552494803212,0.0260166579319066,0.1208725045661486,soft,1.0,1.0,256,52,128,"joint(A,B); seed=101; train-class coverage checked"
car,tabpfn3,2,j1_b_then_a,1.2981740018133945,0.7079338306047491,0.0871502360023642,0.1720578929784021,0.803339703351627,0.0335855554146387,0.1000039049762177,arithmetic,,,256,52,128,"joint(A,B); seed=101; train-class coverage checked"
car,tabpfn3,2,j2_a_then_b,1.320852252097875,0.7105137985222844,0.0915067958797114,0.1892113335073044,0.8208227978879331,0.0373240129221594,0.1000039049762177,arithmetic,,,256,52,128,"joint(A,B); seed=101; train-class coverage checked"
car,tabpfn3,2,independent,1.626145563044934,0.7795516997959183,0.0863287473462602,0.5000294542099419,1.1261161088349918,2.0613314395041848e-17,0.1000039049762177,arithmetic,,,256,52,128,"joint(A,B); seed=101; train-class coverage checked"
car,tabpfn3,2,arithmetic,1.2976384285433085,0.7046073317072696,0.035264172619325,0.1747273441258306,0.8054841194240383,0.035454784168399,0.1000039049762177,arithmetic,,,256,52,128,"joint(A,B); seed=101; train-class coverage checked"
car,tabpfn3,2,geometric,1.295069369085737,0.7043818820329759,0.0507332152166025,0.1743919852739448,0.8058053530779935,0.0371561764951968,0.1000039049762177,arithmetic,,,256,52,128,"joint(A,B); seed=101; train-class coverage checked"
car,tabpfn3,2,hard_core,1.314209011321345,0.710867108548537,0.0579883280029354,0.1880929024863529,0.8141795571119432,2.0032079012854386e-13,0.1000039049762177,arithmetic,,,256,52,128,"joint(A,B); seed=101; train-class coverage checked"
car,tabpfn3,2,soft_core_lambda_1,1.2951945370286797,0.7050418381118568,0.0743249172946544,0.1734447525964767,0.8022808117562219,0.0292500440603099,0.1000039049762177,arithmetic,,,256,52,128,"joint(A,B); seed=101; train-class coverage checked"
car,tabpfn3,2,selective_core,1.2976384285433085,0.7046073317072696,0.035264172619325,0.1747273441258306,0.8054841194240383,0.035454784168399,0.1000039049762177,arithmetic,,,256,52,128,"joint(A,B); seed=101; train-class coverage checked"
car,tabpfn3,3,j1_b_then_a,1.2178666619639065,0.6840273403100792,0.0704147349570759,0.1172812856364257,0.7212917942170609,0.0493773303587183,0.1294623426846036,geometric,1.0,,256,52,128,"joint(A,B); seed=101; train-class coverage checked"
car,tabpfn3,3,j2_a_then_b,1.3201241820438574,0.7104676639894467,0.1009672047123681,0.190688677437486,0.7414219716081323,0.0405822556034155,0.1294623426846036,geometric,1.0,,256,52,128,"joint(A,B); seed=101; train-class coverage checked"
car,tabpfn3,3,independent,1.6792875867632056,0.7814201078034912,0.0588177294756771,0.5787022104357251,1.1005853763274804,2.615392895659964e-17,0.1294623426846036,geometric,1.0,,256,52,128,"joint(A,B); seed=101; train-class coverage checked"
car,tabpfn3,3,arithmetic,1.247211707654344,0.6901355209617372,0.0493954472724655,0.1416475825912176,0.7277598610922305,0.0449797929810669,0.1294623426846036,geometric,1.0,,256,52,128,"joint(A,B); seed=101; train-class coverage checked"
car,tabpfn3,3,geometric,1.24358752412716,0.6923479863795106,0.0566729156142182,0.1340545796855742,0.7218507036085452,0.04828987563753,0.1294623426846036,geometric,1.0,,256,52,128,"joint(A,B); seed=101; train-class coverage checked"
car,tabpfn3,3,hard_core,1.338036333132843,0.708000843712675,0.0375729744382013,0.2374509568053629,0.759334122696562,1.95210985364866e-13,0.1294623426846036,geometric,1.0,,256,52,128,"joint(A,B); seed=101; train-class coverage checked"
car,tabpfn3,3,soft_core_lambda_1,1.2586201915186344,0.6954847514355045,0.0566366916241868,0.1505825048500332,0.7242344330676247,0.036986420895053,0.1294623426846036,geometric,1.0,,256,52,128,"joint(A,B); seed=101; train-class coverage checked"
car,tabpfn3,3,selective_core,1.2178666619639065,0.6840273403100792,0.0704147349570759,0.1172812856364257,0.7212917942170609,0.0493773303587183,0.1294623426846036,geometric,1.0,,256,52,128,"joint(A,B); seed=101; train-class coverage checked"
car,tabpfn3,4,j1_b_then_a,1.273191714390178,0.7012417610069539,0.0077722435963419,0.1813539292202369,0.7440804364213964,0.0298565756718874,0.0937987551688371,soft,1.0,1.0,256,52,128,"joint(A,B); seed=101; train-class coverage checked"
car,tabpfn3,4,j2_a_then_b,1.3102670161025378,0.7248227629990853,0.098433958360428,0.182200956418778,0.761349075574671,0.0336032111998768,0.0937987551688371,soft,1.0,1.0,256,52,128,"joint(A,B); seed=101; train-class coverage checked"
car,tabpfn3,4,independent,1.640755725697808,0.7817820570181059,0.0495221166166996,0.5489179405278668,1.0918377851699412,2.663315769884346e-17,0.0937987551688371,soft,1.0,1.0,256,52,128,"joint(A,B); seed=101; train-class coverage checked"
car,tabpfn3,4,arithmetic,1.2823136623513829,0.7098343661003427,0.0591256794319744,0.1758252215580446,0.749456040010093,0.0317298934358821,0.0937987551688371,soft,1.0,1.0,256,52,128,"joint(A,B); seed=101; train-class coverage checked"
car,tabpfn3,4,geometric,1.2788468039882916,0.7096450184570242,0.0541855094916403,0.1729087080811006,0.7474225939806955,0.0324452209143441,0.0937987551688371,soft,1.0,1.0,256,52,128,"joint(A,B); seed=101; train-class coverage checked"
car,tabpfn3,4,hard_core,1.2908800770275692,0.7058499225995586,0.0318122761828045,0.1990422918576281,0.741962136499083,3.878539088506421e-13,0.0937987551688371,soft,1.0,1.0,256,52,128,"joint(A,B); seed=101; train-class coverage checked"
car,tabpfn3,4,soft_core_lambda_1,1.2748232664183816,0.707417846692315,0.0496851601015342,0.171730852200392,0.7413062214682974,0.0232491691766001,0.0937987551688371,soft,1.0,1.0,256,52,128,"joint(A,B); seed=101; train-class coverage checked"
car,tabpfn3,4,selective_core,1.26953846363753,0.7039787589775971,0.0365408716177902,0.1704241785477342,0.7404198742269198,0.024296364568363,0.0937987551688371,soft,1.0,1.0,256,52,128,"joint(A,B); seed=101; train-class coverage checked"
car,tabpfn3,5,j1_b_then_a,1.2516635730034458,0.7001695926351409,0.0338006570151519,0.1475033304095688,0.7777864790026887,0.03146134514076,0.1144725474532137,j1_b_then_a,,,256,52,128,"joint(A,B); seed=101; train-class coverage checked"
car,tabpfn3,5,j2_a_then_b,1.3141137791957729,0.7136590755399939,0.0838102243470631,0.1868321260924378,0.8033968792590832,0.036623629518592,0.1144725474532137,j1_b_then_a,,,256,52,128,"joint(A,B); seed=101; train-class coverage checked"
car,tabpfn3,5,independent,1.6148771425305664,0.7700572714887643,0.1065190664780771,0.5107168999366893,1.1041602425938768,2.3039954601084558e-17,0.1144725474532137,j1_b_then_a,,,256,52,128,"joint(A,B); seed=101; train-class coverage checked"
car,tabpfn3,5,arithmetic,1.273511192382142,0.7024108723083899,0.0574355116248416,0.1618352166680869,0.7857626129564517,0.034042487329676,0.1144725474532137,j1_b_then_a,,,256,52,128,"joint(A,B); seed=101; train-class coverage checked"
car,tabpfn3,5,geometric,1.2614982743642624,0.7017134157281257,0.0464782268237622,0.15120782668614,0.7817729834142844,0.0368854183852231,0.1144725474532137,j1_b_then_a,,,256,52,128,"joint(A,B); seed=101; train-class coverage checked"
car,tabpfn3,5,hard_core,1.3538434717097894,0.7117835625660953,0.0562034460058235,0.2496832291159125,0.8431265717742922,1.9607601955226842e-13,0.1144725474532137,j1_b_then_a,,,256,52,128,"joint(A,B); seed=101; train-class coverage checked"
car,tabpfn3,5,soft_core_lambda_1,1.2687328705452985,0.7029365483462089,0.0131587910133373,0.1596074127899925,0.7808874695156032,0.0264633976075999,0.1144725474532137,j1_b_then_a,,,256,52,128,"joint(A,B); seed=101; train-class coverage checked"
car,tabpfn3,5,selective_core,1.2516635730034458,0.7001695926351409,0.0338006570151519,0.1475033304095688,0.7777864790026887,0.03146134514076,0.1144725474532137,j1_b_then_a,,,256,52,128,"joint(A,B); seed=101; train-class coverage checked"
car,catboost,1,j1_b_then_a,1.5658312206345342,0.7581302330861635,0.070539094767859,0.4303226468292469,0.9479574726592356,0.0235821378693571,0.1214039678551313,mpr,0.5,,256,52,128,"joint(A,B); seed=101; train-class coverage checked"
car,catboost,1,j2_a_then_b,1.5706963004911745,0.7593769051947787,0.0897290996187702,0.4387698528502786,0.9615588652666518,0.0428438427755857,0.1214039678551313,mpr,0.5,,256,52,128,"joint(A,B); seed=101; train-class coverage checked"
car,catboost,1,independent,1.7446460090298093,0.7941776221230947,0.0767954839409026,0.6091374352245222,1.1355085738052872,3.4958743799079484e-17,0.1214039678551313,mpr,0.5,,256,52,128,"joint(A,B); seed=101; train-class coverage checked"
car,catboost,1,arithmetic,1.5588339547986725,0.7541049426608208,0.0693332581054808,0.4311416731882452,0.9473400133874306,0.0332129903224713,0.1214039678551313,mpr,0.5,,256,52,128,"joint(A,B); seed=101; train-class coverage checked"
car,catboost,1,geometric,1.555916151237767,0.7538866140889677,0.0641015679390829,0.4280879419518295,0.946622929534704,0.0330873467656675,0.1214039678551313,mpr,0.5,,256,52,128,"joint(A,B); seed=101; train-class coverage checked"
car,catboost,1,hard_core,1.5569445387503715,0.7561915336380098,0.0796840049036119,0.4214359649450845,0.9478071035254922,2.66132442824788e-13,0.1214039678551313,mpr,0.5,,256,52,128,"joint(A,B); seed=101; train-class coverage checked"
car,catboost,1,soft_core_lambda_1,1.5552347405568838,0.7546362794355712,0.0912389311323924,0.4249008694496938,0.9452318928396544,0.0193082178568908,0.1214039678551313,mpr,0.5,,256,52,128,"joint(A,B); seed=101; train-class coverage checked"
car,catboost,1,selective_core,1.5569445387503715,0.7561915336380098,0.0796840049036119,0.4214359649450845,0.9478071035254922,2.66132442824788e-13,0.1214039678551313,mpr,0.5,,256,52,128,"joint(A,B); seed=101; train-class coverage checked"
car,catboost,2,j1_b_then_a,1.5429136413367313,0.7393600975594471,0.0703779319168267,0.4274393231165559,0.8991526622239183,0.0304945607032407,0.1412372619044059,soft,1.0,1.0,256,52,128,"joint(A,B); seed=101; train-class coverage checked"
car,catboost,2,j2_a_then_b,1.6006296569790486,0.7594866170513839,0.1303426077853488,0.4569656433138735,0.9470625053242354,0.0495913575353318,0.1412372619044059,soft,1.0,1.0,256,52,128,"joint(A,B); seed=101; train-class coverage checked"
car,catboost,2,independent,1.7690414698749883,0.7941055875067111,0.0844684730397057,0.6535671516548133,1.115474318220175,3.5029894566648845e-17,0.1412372619044059,soft,1.0,1.0,256,52,128,"joint(A,B); seed=101; train-class coverage checked"
car,catboost,2,arithmetic,1.5602448777922395,0.7440264618588188,0.0734242094493854,0.4385882540534737,0.9145666382236836,0.0400429591192862,0.1412372619044059,soft,1.0,1.0,256,52,128,"joint(A,B); seed=101; train-class coverage checked"
car,catboost,2,geometric,1.55575182085691,0.7435064323584557,0.0681087918493505,0.433849248759443,0.912747687755394,0.0392168871998997,0.1412372619044059,soft,1.0,1.0,256,52,128,"joint(A,B); seed=101; train-class coverage checked"
car,catboost,2,hard_core,1.570319425927738,0.7467610847665562,0.041224525208739,0.4548451077075628,0.916752274274362,5.9273595011183e-13,0.1412372619044059,soft,1.0,1.0,256,52,128,"joint(A,B); seed=101; train-class coverage checked"
car,catboost,2,soft_core_lambda_1,1.5559636001087314,0.7435254847750505,0.0990988242478982,0.4389830110356388,0.910585553980766,0.0224792708269067,0.1412372619044059,soft,1.0,1.0,256,52,128,"joint(A,B); seed=101; train-class coverage checked"
car,catboost,2,selective_core,1.544886169372705,0.7401958017492781,0.0399657103401574,0.4302711838210081,0.9006993098349283,0.0200903524609237,0.1412372619044059,soft,1.0,1.0,256,52,128,"joint(A,B); seed=101; train-class coverage checked"
car,catboost,3,j1_b_then_a,1.6052968432374142,0.7505295695997898,0.1007724558528316,0.4903257652684634,0.8918370268618433,0.0177471308184866,0.1159146088729229,soft,1.0,10.0,256,52,128,"joint(A,B); seed=101; train-class coverage checked"
car,catboost,3,j2_a_then_b,1.6908605197312965,0.7935746376461217,0.1392440220695862,0.5333729988534077,0.944809537954556,0.0405154995882327,0.1159146088729229,soft,1.0,10.0,256,52,128,"joint(A,B); seed=101; train-class coverage checked"
car,catboost,3,independent,1.8610220597456912,0.8061513156088178,0.0712010176850265,0.7460509817767405,1.1149710779689508,3.595824267683956e-17,0.1159146088729229,soft,1.0,10.0,256,52,128,"joint(A,B); seed=101; train-class coverage checked"
car,catboost,3,arithmetic,1.638137281365042,0.7674727369752402,0.1262056820130832,0.5071600454824481,0.9100490602804197,0.0291313152033596,0.1159146088729229,soft,1.0,10.0,256,52,128,"joint(A,B); seed=101; train-class coverage checked"
car,catboost,3,geometric,1.637204777201856,0.767242619527972,0.1180325695936502,0.5071992925261722,0.9095438245558578,0.028452208152073,0.1159146088729229,soft,1.0,10.0,256,52,128,"joint(A,B); seed=101; train-class coverage checked"
car,catboost,3,hard_core,1.6427542046911523,0.7589605207465844,0.0894911602895235,0.5277831267222017,0.8967032229149313,1.6947135359000713e-13,0.1159146088729229,soft,1.0,10.0,256,52,128,"joint(A,B); seed=101; train-class coverage checked"
car,catboost,3,soft_core_lambda_1,1.6370576818645857,0.7620428494443806,0.0863890587738869,0.5145115893951903,0.901919853838622,0.0155203679384383,0.1159146088729229,soft,1.0,10.0,256,52,128,"joint(A,B); seed=101; train-class coverage checked"
car,catboost,3,selective_core,1.6324643889089772,0.7567190332146171,0.0876467190041853,0.5166062207719881,0.890667896881179,0.0030585288075014,0.1159146088729229,soft,1.0,10.0,256,52,128,"joint(A,B); seed=101; train-class coverage checked"
car,catboost,4,j1_b_then_a,1.5602074033181366,0.7464323371979122,0.0502762380417215,0.4619991896718677,0.8512417471442538,0.0218927569144778,0.10218099729495,mpr,0.25,,256,52,128,"joint(A,B); seed=101; train-class coverage checked"
car,catboost,4,j2_a_then_b,1.586364635924777,0.7557806108815439,0.0722161827025547,0.4906591773392408,0.8873297451518525,0.0344830913380106,0.10218099729495,mpr,0.25,,256,52,128,"joint(A,B); seed=101; train-class coverage checked"
car,catboost,4,independent,1.7972431044191932,0.7999427999941406,0.0575393527986988,0.6990348907729245,1.0982082136462687,3.993929752893477e-17,0.10218099729495,mpr,0.25,,256,52,128,"joint(A,B); seed=101; train-class coverage checked"
car,catboost,4,arithmetic,1.5675730501356968,0.7484451565096275,0.0239478011339533,0.4745069672284767,0.8654423009174981,0.0281879241262442,0.10218099729495,mpr,0.25,,256,52,128,"joint(A,B); seed=101; train-class coverage checked"
car,catboost,4,geometric,1.5642537631291682,0.7480981102718862,0.0232862462375493,0.4714523982342324,0.8643704458583366,0.0281604459493667,0.10218099729495,mpr,0.25,,256,52,128,"joint(A,B); seed=101; train-class coverage checked"
car,catboost,4,hard_core,1.5596835092772596,0.7475220160951965,0.0534681134664381,0.4614752956309907,0.8606486185042047,7.75656929907342e-13,0.10218099729495,mpr,0.25,,256,52,128,"joint(A,B); seed=101; train-class coverage checked"
car,catboost,4,soft_core_lambda_1,1.5627076049118496,0.7477713897262181,0.0219808852696186,0.4679357511470431,0.8621594826924059,0.0166061406961714,0.10218099729495,mpr,0.25,,256,52,128,"joint(A,B); seed=101; train-class coverage checked"
car,catboost,4,selective_core,1.5670361245924669,0.7491348916624436,0.0266306106850967,0.468827910946198,0.8680012338197476,8.227092713141396e-13,0.10218099729495,mpr,0.25,,256,52,128,"joint(A,B); seed=101; train-class coverage checked"
car,catboost,5,j1_b_then_a,1.6201635190425412,0.7608966756647264,0.0399646375046525,0.5029191299611756,0.9265649151332712,0.0206588178227923,0.0914325664529476,mpr,0.5,,256,52,128,"joint(A,B); seed=101; train-class coverage checked"
car,catboost,5,j2_a_then_b,1.6295871822454062,0.7612197251652341,0.0820607581463277,0.525429762668193,0.9384295790780844,0.0328746446449196,0.0914325664529476,mpr,0.5,,256,52,128,"joint(A,B); seed=101; train-class coverage checked"
car,catboost,5,independent,1.808401992248688,0.80314924039896,0.0994790522999299,0.6911576031673219,1.1172443890813653,3.354928097484833e-17,0.0914325664529476,mpr,0.5,,256,52,128,"joint(A,B); seed=101; train-class coverage checked"
car,catboost,5,arithmetic,1.6202664664353676,0.7586795478822408,0.068490442159398,0.5128683298647937,0.9295957148341816,0.0267667312338559,0.0914325664529476,mpr,0.5,,256,52,128,"joint(A,B); seed=101; train-class coverage checked"
car,catboost,5,geometric,1.6181483585605738,0.7582354198325223,0.0636108647667444,0.5112626890618143,0.9285864778755302,0.0264872731885428,0.0914325664529476,mpr,0.5,,256,52,128,"joint(A,B); seed=101; train-class coverage checked"
car,catboost,5,hard_core,1.6361610883059885,0.7644534464611062,0.0610994616780585,0.5189166992246226,0.945003485138723,4.071726510373586e-13,0.0914325664529476,mpr,0.5,,256,52,128,"joint(A,B); seed=101; train-class coverage checked"
car,catboost,5,soft_core_lambda_1,1.6230883315335465,0.7596435416435035,0.0431586458339158,0.5144127467426166,0.9313396835644308,0.015746143152116,0.0914325664529476,mpr,0.5,,256,52,128,"joint(A,B); seed=101; train-class coverage checked"
car,catboost,5,selective_core,1.6361610883059885,0.7644534464611062,0.0610994616780585,0.5189166992246226,0.945003485138723,4.071726510373586e-13,0.0914325664529476,mpr,0.5,,256,52,128,"joint(A,B); seed=101; train-class coverage checked"
nursery,tabiclv2,1,j1_b_then_a,1.3783123936251518,0.7336434653235967,0.147078244926642,0.2538850082671335,0.4566277588298064,0.0422864290515999,0.1131507194643099,soft,1.0,0.3,256,52,128,"joint(A,B); seed=101; train-class coverage checked"
nursery,tabiclv2,1,j2_a_then_b,1.3669433773365252,0.7310621703097102,0.084731009405924,0.2462017302957124,0.4504786505360597,0.0393273318183819,0.1131507194643099,soft,1.0,0.3,256,52,128,"joint(A,B); seed=101; train-class coverage checked"
nursery,tabiclv2,1,independent,2.040892112158484,0.862897118819725,0.0827150760982612,0.9164647268004656,1.1244273853580184,3.897129768890072e-17,0.1131507194643099,soft,1.0,0.3,256,52,128,"joint(A,B); seed=101; train-class coverage checked"
nursery,tabiclv2,1,arithmetic,1.360460067129523,0.727970326267342,0.1058112175565697,0.2419342805831681,0.4473285274108427,0.0408068804349909,0.1131507194643099,soft,1.0,0.3,256,52,128,"joint(A,B); seed=101; train-class coverage checked"
nursery,tabiclv2,1,geometric,1.358006825392151,0.728026247977363,0.1103857714720506,0.2403096530663034,0.4469650039009231,0.0415849716976149,0.1131507194643099,soft,1.0,0.3,256,52,128,"joint(A,B); seed=101; train-class coverage checked"
nursery,tabiclv2,1,hard_core,1.4099017734760966,0.7359671221497466,0.1100165986877785,0.2854743881180782,0.4934370466747521,2.449717854271697e-13,0.1131507194643099,soft,1.0,0.3,256,52,128,"joint(A,B); seed=101; train-class coverage checked"
nursery,tabiclv2,1,soft_core_lambda_1,1.3594843612163612,0.7294533873503807,0.0908287884174699,0.2421558889555692,0.4465540671445981,0.0313308854150551,0.1131507194643099,soft,1.0,0.3,256,52,128,"joint(A,B); seed=101; train-class coverage checked"
nursery,tabiclv2,1,selective_core,1.3712959872271084,0.7313151074629919,0.1291193383499166,0.250338804539831,0.4562871568921836,0.0396072862651288,0.1131507194643099,soft,1.0,0.3,256,52,128,"joint(A,B); seed=101; train-class coverage checked"
nursery,tabiclv2,2,j1_b_then_a,1.3630340789442386,0.7258086218016495,0.1255742603647905,0.2298370073683427,0.4193130379374112,0.0478161904685259,0.124291300157872,soft,0.5,0.03,256,52,128,"joint(A,B); seed=101; train-class coverage checked"
nursery,tabiclv2,2,j2_a_then_b,1.4217165876626652,0.7423313745511002,0.1288501021581502,0.2559722834607248,0.4552898290164898,0.0490819481512627,0.124291300157872,soft,0.5,0.03,256,52,128,"joint(A,B); seed=101; train-class coverage checked"
nursery,tabiclv2,2,independent,2.099623830222071,0.8762115876144386,0.1017634268224991,0.9664267586461752,1.133197071575896,2.8957303609545946e-17,0.124291300157872,soft,0.5,0.03,256,52,128,"joint(A,B); seed=101; train-class coverage checked"
nursery,tabiclv2,2,arithmetic,1.3723761344954315,0.7279724356047873,0.1154462245641224,0.2349679010177385,0.4240997208682868,0.0484490693098943,0.124291300157872,soft,0.5,0.03,256,52,128,"joint(A,B); seed=101; train-class coverage checked"
nursery,tabiclv2,2,geometric,1.3751740937454908,0.7296164343511029,0.1224399143895589,0.2348313338202901,0.4300555748615117,0.0503258107397402,0.124291300157872,soft,0.5,0.03,256,52,128,"joint(A,B); seed=101; train-class coverage checked"
nursery,tabiclv2,2,hard_core,1.4477490901195589,0.7298152841988428,0.0646467427862026,0.3145520185436629,0.4813223314738681,1.951843032446924e-13,0.124291300157872,soft,0.5,0.03,256,52,128,"joint(A,B); seed=101; train-class coverage checked"
nursery,tabiclv2,2,soft_core_lambda_1,1.3736590854123658,0.725916659128037,0.1228169529940237,0.2408237846038837,0.4208263582977506,0.0413162515838154,0.124291300157872,soft,0.5,0.03,256,52,128,"joint(A,B); seed=101; train-class coverage checked"
nursery,tabiclv2,2,selective_core,1.3749951844008723,0.729388115539344,0.1222068737735713,0.2351660102773624,0.4295130595992795,0.049785439968205,0.124291300157872,soft,0.5,0.03,256,52,128,"joint(A,B); seed=101; train-class coverage checked"
nursery,tabiclv2,3,j1_b_then_a,1.276333374199398,0.6982776539180107,0.0354019698301234,0.1890971088952547,0.4007924075840317,0.041562748100328,0.1123609317221948,soft,1.0,3.0,256,52,128,"joint(A,B); seed=101; train-class coverage checked"
nursery,tabiclv2,3,j2_a_then_b,1.353477526733863,0.7243115554014261,0.0616572564580185,0.2365632944658806,0.4265674720271502,0.0292228701660812,0.1123609317221948,soft,1.0,3.0,256,52,128,"joint(A,B); seed=101; train-class coverage checked"
nursery,tabiclv2,3,independent,2.0141463200108563,0.85142762984343,0.0520324892337863,0.9269100547067128,1.0872362653041432,3.7755381893117166e-17,0.1123609317221948,soft,1.0,3.0,256,52,128,"joint(A,B); seed=101; train-class coverage checked"
nursery,tabiclv2,3,arithmetic,1.3050269177075509,0.707075933326172,0.0288406030136829,0.2062710469824962,0.408915325755806,0.0353928091332046,0.1123609317221948,soft,1.0,3.0,256,52,128,"joint(A,B); seed=101; train-class coverage checked"
nursery,tabiclv2,3,geometric,1.2966877311370544,0.7066581349847785,0.0163944803826286,0.1961341953254526,0.4055743677422144,0.0371453957964436,0.1123609317221948,soft,1.0,3.0,256,52,128,"joint(A,B); seed=101; train-class coverage checked"
nursery,tabiclv2,3,hard_core,1.3502339602920304,0.7125828864200833,0.0113746983265455,0.262997694987887,0.4233239055888323,1.28918494500251e-12,0.1123609317221948,soft,1.0,3.0,256,52,128,"joint(A,B); seed=101; train-class coverage checked"
nursery,tabiclv2,3,soft_core_lambda_1,1.3030454506075373,0.708026734126989,0.0211203472628098,0.2050123555965448,0.4017620119026583,0.0279976857061101,0.1123609317221948,soft,1.0,3.0,256,52,128,"joint(A,B); seed=101; train-class coverage checked"
nursery,tabiclv2,3,selective_core,1.295454608586989,0.7062078122387767,0.0511893447202757,0.2004398246265794,0.3945875899931094,0.0275052237771183,0.1123609317221948,soft,1.0,3.0,256,52,128,"joint(A,B); seed=101; train-class coverage checked"
nursery,tabiclv2,4,j1_b_then_a,1.235633695912656,0.6919369800501343,0.0309470224122378,0.1323538799721222,0.3641244520718449,0.0470786095405494,0.1137605607039356,geometric,0.25,,256,52,128,"joint(A,B); seed=101; train-class coverage checked"
nursery,tabiclv2,4,j2_a_then_b,1.2789101399914706,0.7066691177345306,0.056991559183124,0.169603250712728,0.3684225180909883,0.0325709135654447,0.1137605607039356,geometric,0.25,,256,52,128,"joint(A,B); seed=101; train-class coverage checked"
nursery,tabiclv2,4,independent,2.013767437841016,0.8517608770193343,0.0645894251799011,0.9104876219004824,1.1032798159405337,3.841627935021234e-17,0.1137605607039356,geometric,0.25,,256,52,128,"joint(A,B); seed=101; train-class coverage checked"
nursery,tabiclv2,4,arithmetic,1.2502734282661958,0.6942742482906383,0.0908065015970529,0.1472608122417187,0.3650501334987568,0.0398247615529971,0.1137605607039356,geometric,0.25,,256,52,128,"joint(A,B); seed=101; train-class coverage checked"
nursery,tabiclv2,4,geometric,1.238568567178255,0.6917605408342191,0.1136782405489761,0.1370474469213447,0.3593606994028446,0.0416553014731201,0.1137605607039356,geometric,0.25,,256,52,128,"joint(A,B); seed=101; train-class coverage checked"
nursery,tabiclv2,4,hard_core,1.308181328629785,0.7064910885025899,0.0684472256807656,0.2049015126892513,0.3976937067290415,2.924055555109945e-13,0.1137605607039356,geometric,0.25,,256,52,128,"joint(A,B); seed=101; train-class coverage checked"
nursery,tabiclv2,4,soft_core_lambda_1,1.24929732974134,0.6955745374744765,0.0575344604588626,0.1462871434886391,0.3598065291639871,0.0298284364297324,0.1137605607039356,geometric,0.25,,256,52,128,"joint(A,B); seed=101; train-class coverage checked"
nursery,tabiclv2,4,selective_core,1.2534569127717656,0.6972195405689587,0.0342964104185574,0.1489104910819352,0.3620299737055619,0.0376748905399871,0.1137605607039356,geometric,0.25,,256,52,128,"joint(A,B); seed=101; train-class coverage checked"
nursery,tabiclv2,5,j1_b_then_a,1.4360648281340382,0.7680438467001662,0.1572819747066269,0.2462454256405988,0.3980629951983989,0.0577436398428693,0.1572716633767701,geometric,0.75,,256,52,128,"joint(A,B); seed=101; train-class coverage checked"
nursery,tabiclv2,5,j2_a_then_b,1.3543437885707963,0.7298334938228422,0.0586989264761349,0.2208373287710514,0.3793434266418957,0.0639422992092817,0.1572716633767701,geometric,0.75,,256,52,128,"joint(A,B); seed=101; train-class coverage checked"
nursery,tabiclv2,5,independent,2.16481976442234,0.8823993896297648,0.1171659349338606,0.9750003619289008,1.1898194024934394,3.1641286321598807e-17,0.1572716633767701,geometric,0.75,,256,52,128,"joint(A,B); seed=101; train-class coverage checked"
nursery,tabiclv2,5,arithmetic,1.3683472896691755,0.7384860735416883,0.1097295486521823,0.222398602180959,0.3841930393764937,0.0608429695260754,0.1572716633767701,geometric,0.75,,256,52,128,"joint(A,B); seed=101; train-class coverage checked"
nursery,tabiclv2,5,geometric,1.369224951511836,0.7379025547144594,0.0811602283605073,0.2234888078544051,0.3804661489248946,0.0613783349511912,0.1572716633767701,geometric,0.75,,256,52,128,"joint(A,B); seed=101; train-class coverage checked"
nursery,tabiclv2,5,hard_core,1.5014349684451518,0.7706939877553256,0.1325054003058803,0.3116155659517122,0.5264346065168515,1.9563138497562293e-13,0.1572716633767701,geometric,0.75,,256,52,128,"joint(A,B); seed=101; train-class coverage checked"
nursery,tabiclv2,5,soft_core_lambda_1,1.3725041179327064,0.7442791623080138,0.1121533534447466,0.2189398874533969,0.3899043956985859,0.0511038169184329,0.1572716633767701,geometric,0.75,,256,52,128,"joint(A,B); seed=101; train-class coverage checked"
nursery,tabiclv2,5,selective_core,1.3965728295366906,0.750530934410427,0.1080709861790796,0.2328899455881024,0.3875155409134196,0.059520845609791,0.1572716633767701,geometric,0.75,,256,52,128,"joint(A,B); seed=101; train-class coverage checked"
nursery,tabpfn3,1,j1_b_then_a,1.3903678180166774,0.7273635061725966,0.004198513501081,0.2886859557221725,0.4582189564875634,0.0284109135125775,0.1023839336169162,j1_b_then_a,,,256,52,128,"joint(A,B); seed=101; train-class coverage checked"
nursery,tabpfn3,1,j2_a_then_b,1.3801199469405785,0.7237044637599497,0.0689693319289888,0.2663084390765655,0.4488762803734499,0.0387256414648135,0.1023839336169162,j1_b_then_a,,,256,52,128,"joint(A,B); seed=101; train-class coverage checked"
nursery,tabpfn3,1,independent,2.032925528861633,0.8551071614287876,0.0866343361497359,0.9312436665671284,1.1016818622945048,3.604591058688038e-17,0.1023839336169162,j1_b_then_a,,,256,52,128,"joint(A,B); seed=101; train-class coverage checked"
nursery,tabpfn3,1,arithmetic,1.376810665386854,0.7222085402217344,0.0367120198215824,0.2733083677875172,0.447653679594429,0.0335682774886955,0.1023839336169162,j1_b_then_a,,,256,52,128,"joint(A,B); seed=101; train-class coverage checked"
nursery,tabpfn3,1,geometric,1.3747648943824538,0.722409982465047,0.0449598475201333,0.2709700521237479,0.4465126082257127,0.0339405537984466,0.1023839336169162,j1_b_then_a,,,256,52,128,"joint(A,B); seed=101; train-class coverage checked"
nursery,tabpfn3,1,hard_core,1.4055087417874228,0.7238881922681305,0.0140702814804368,0.3038268794929178,0.4742650752193326,2.254071052323668e-13,0.1023839336169162,j1_b_then_a,,,256,52,128,"joint(A,B); seed=101; train-class coverage checked"
nursery,tabpfn3,1,soft_core_lambda_1,1.3724482066696722,0.7229981572050584,0.016760375730269,0.2710990529790364,0.4436808013951324,0.0244330535110633,0.1023839336169162,j1_b_then_a,,,256,52,128,"joint(A,B); seed=101; train-class coverage checked"
nursery,tabpfn3,1,selective_core,1.3903678180166774,0.7273635061725966,0.004198513501081,0.2886859557221725,0.4582189564875634,0.0284109135125775,0.1023839336169162,j1_b_then_a,,,256,52,128,"joint(A,B); seed=101; train-class coverage checked"
nursery,tabpfn3,2,j1_b_then_a,1.369012133836527,0.7147646614159793,0.0063791762599802,0.2657001159199148,0.4260247226378212,0.0463638974881506,0.1211075579885013,soft,1.0,0.1,256,52,128,"joint(A,B); seed=101; train-class coverage checked"
nursery,tabpfn3,2,j2_a_then_b,1.3595485537080898,0.7190259667989696,0.0789645723255418,0.2428927614158298,0.398152415817115,0.0445390986432268,0.1211075579885013,soft,1.0,0.1,256,52,128,"joint(A,B); seed=101; train-class coverage checked"
nursery,tabpfn3,2,independent,2.064708155807588,0.8696753107968866,0.0636197339082107,0.9613961378909748,1.1033120179166125,3.4453574672826e-17,0.1211075579885013,soft,1.0,0.1,256,52,128,"joint(A,B); seed=101; train-class coverage checked"
nursery,tabpfn3,2,arithmetic,1.345920296032772,0.7117794948024542,0.03394227575902,0.2426249673876683,0.3998241802350543,0.0454514980656887,0.1211075579885013,soft,1.0,0.1,256,52,128,"joint(A,B); seed=101; train-class coverage checked"
nursery,tabpfn3,2,geometric,1.3475272530380755,0.7116637885283402,0.032202879319486,0.2443145448956911,0.404816993171132,0.0463600493570861,0.1211075579885013,soft,1.0,0.1,256,52,128,"joint(A,B); seed=101; train-class coverage checked"
nursery,tabpfn3,2,hard_core,1.421921469629574,0.7180089684663168,0.0576063634162113,0.3186094517129616,0.4605253317380501,1.959875872247711e-13,0.1211075579885013,soft,1.0,0.1,256,52,128,"joint(A,B); seed=101; train-class coverage checked"
nursery,tabpfn3,2,soft_core_lambda_1,1.349911212586668,0.7103548593600313,0.0503999185746462,0.2495610584645649,0.4004012719914535,0.0388274530021307,0.1211075579885013,soft,1.0,0.1,256,52,128,"joint(A,B); seed=101; train-class coverage checked"
nursery,tabpfn3,2,selective_core,1.3679441725206412,0.7133445707476476,0.0539508604330375,0.2661357389762059,0.4259758906969927,0.0457677228082967,0.1211075579885013,soft,1.0,0.1,256,52,128,"joint(A,B); seed=101; train-class coverage checked"
nursery,tabpfn3,3,j1_b_then_a,1.299879161441684,0.7068551594302597,0.0077793833871358,0.199540415811683,0.4037070101452199,0.034136562006571,0.0878153339774865,soft,1.0,10.0,256,52,128,"joint(A,B); seed=101; train-class coverage checked"
nursery,tabpfn3,3,j2_a_then_b,1.381317616601196,0.7326885387596755,0.0897856665410455,0.2662808132719768,0.4288325777054037,0.0222770694052169,0.0878153339774865,soft,1.0,10.0,256,52,128,"joint(A,B); seed=101; train-class coverage checked"
nursery,tabpfn3,3,independent,2.0528237845257937,0.8586112897820389,0.0386605207026171,0.9524850388957924,1.1003387456300011,3.5645872807759927e-17,0.0878153339774865,soft,1.0,10.0,256,52,128,"joint(A,B); seed=101; train-class coverage checked"
nursery,tabpfn3,3,arithmetic,1.334891836448582,0.7173389423894265,0.0673508953317199,0.2289395796468198,0.4150759678526948,0.0282068157058939,0.0878153339774865,soft,1.0,10.0,256,52,128,"joint(A,B); seed=101; train-class coverage checked"
nursery,tabpfn3,3,geometric,1.3304828167949858,0.7173005315768453,0.0745374534249903,0.223633090017002,0.4125878686436764,0.0290666128575817,0.0878153339774865,soft,1.0,10.0,256,52,128,"joint(A,B); seed=101; train-class coverage checked"
nursery,tabpfn3,3,hard_core,1.397061181160162,0.7254122968267158,0.0519110184081171,0.2967224355301606,0.4445761422661721,5.897909046721235e-13,0.0878153339774865,soft,1.0,10.0,256,52,128,"joint(A,B); seed=101; train-class coverage checked"
nursery,tabpfn3,3,soft_core_lambda_1,1.3422257015875072,0.7197290372070557,0.0855930954666947,0.2363350141420873,0.4125406713399966,0.023134904093399,0.0878153339774865,soft,1.0,10.0,256,52,128,"joint(A,B); seed=101; train-class coverage checked"
nursery,tabpfn3,3,selective_core,1.3469048530334875,0.7198389275870629,0.0793512479970212,0.241700458073999,0.4084626313971455,0.0194671501499262,0.0878153339774865,soft,1.0,10.0,256,52,128,"joint(A,B); seed=101; train-class coverage checked"
nursery,tabpfn3,4,j1_b_then_a,1.2654615963550668,0.698362273646183,0.0327394616286725,0.1580703083494193,0.3706885865077137,0.0447019097619193,0.128737854892579,soft,1.0,0.3,256,52,128,"joint(A,B); seed=101; train-class coverage checked"
nursery,tabpfn3,4,j2_a_then_b,1.3360758116302311,0.724953461290295,0.0674511006397862,0.2089538221065448,0.416056807880812,0.0431826461591144,0.128737854892579,soft,1.0,0.3,256,52,128,"joint(A,B); seed=101; train-class coverage checked"
nursery,tabpfn3,4,independent,2.027410291755067,0.8542031988017679,0.0462751922178706,0.9200190037494194,1.1073912880056476,2.941933361249357e-17,0.128737854892579,soft,1.0,0.3,256,52,128,"joint(A,B); seed=101; train-class coverage checked"
nursery,tabpfn3,4,arithmetic,1.2907071968636896,0.7064868942990549,0.041598741039823,0.1785731634719334,0.3883096858354867,0.0439422779605168,0.128737854892579,soft,1.0,0.3,256,52,128,"joint(A,B); seed=101; train-class coverage checked"
nursery,tabpfn3,4,geometric,1.2818036418530026,0.7055105025937811,0.0422960591535356,0.1680364087254897,0.38488557577564,0.0455055539037362,0.128737854892579,soft,1.0,0.3,256,52,128,"joint(A,B); seed=101; train-class coverage checked"
nursery,tabpfn3,4,hard_core,1.3278773308394949,0.7089036770827061,0.0451036475238151,0.2204860428338471,0.4078583270908892,2.801992988022877e-13,0.128737854892579,soft,1.0,0.3,256,52,128,"joint(A,B); seed=101; train-class coverage checked"
nursery,tabpfn3,4,soft_core_lambda_1,1.2837305608405358,0.7051959021497607,0.0471032025372188,0.1730342760671418,0.3786672132216804,0.0316397785336241,0.128737854892579,soft,1.0,0.3,256,52,128,"joint(A,B); seed=101; train-class coverage checked"
nursery,tabpfn3,4,selective_core,1.264386187971391,0.6984493371606306,0.0380030202889782,0.1560702813701253,0.3701582144073768,0.0412721804605826,0.128737854892579,soft,1.0,0.3,256,52,128,"joint(A,B); seed=101; train-class coverage checked"
nursery,tabpfn3,5,j1_b_then_a,1.330784425375254,0.7133539261803447,0.0108006649872495,0.2281811222356266,0.3738021105391514,0.0407695978117144,0.1029192066936901,j1_b_then_a,,,256,52,128,"joint(A,B); seed=101; train-class coverage checked"
nursery,tabpfn3,5,j2_a_then_b,1.410401678276776,0.7424788505768678,0.1236971227136115,0.2730622818115947,0.412648187611715,0.0329966830257861,0.1029192066936901,j1_b_then_a,,,256,52,128,"joint(A,B); seed=101; train-class coverage checked"
nursery,tabpfn3,5,independent,2.1003567938046883,0.8558568174971173,0.0423371432493463,0.997753490665061,1.1026033031396274,5.529017489369796e-17,0.1029192066936901,j1_b_then_a,,,256,52,128,"joint(A,B); seed=101; train-class coverage checked"
nursery,tabpfn3,5,arithmetic,1.3605619230077624,0.7239949711264543,0.0372062392274381,0.2459678642651261,0.3926477353989,0.0368831404187502,0.1029192066936901,j1_b_then_a,,,256,52,128,"joint(A,B); seed=101; train-class coverage checked"
nursery,tabpfn3,5,geometric,1.356723582066931,0.7234647059486482,0.0320897065847124,0.2415513727647536,0.3867466621768274,0.0380488952730769,0.1029192066936901,j1_b_then_a,,,256,52,128,"joint(A,B); seed=101; train-class coverage checked"
nursery,tabpfn3,5,hard_core,1.4358834397677462,0.7334366037321,0.037390972093159,0.333280136628119,0.4381299490602153,1.560342633797424e-11,0.1029192066936901,j1_b_then_a,,,256,52,128,"joint(A,B); seed=101; train-class coverage checked"
nursery,tabpfn3,5,soft_core_lambda_1,1.3596879757208564,0.7243569951244755,0.0340944574995626,0.2477634718303036,0.3841312000076624,0.0303597670212578,0.1029192066936901,j1_b_then_a,,,256,52,128,"joint(A,B); seed=101; train-class coverage checked"
nursery,tabpfn3,5,selective_core,1.330784425375254,0.7133539261803447,0.0108006649872495,0.2281811222356266,0.3738021105391514,0.0407695978117144,0.1029192066936901,j1_b_then_a,,,256,52,128,"joint(A,B); seed=101; train-class coverage checked"
nursery,catboost,1,j1_b_then_a,1.4762341097861722,0.7270502979229774,0.0693335528346867,0.3651381247438746,0.4826412053357499,0.0240301608058342,0.0768873012485711,geometric,0.75,,256,52,128,"joint(A,B); seed=101; train-class coverage checked"
nursery,catboost,1,j2_a_then_b,1.457156845856711,0.7147669446904683,0.078613442607026,0.362026789364799,0.483683043686797,0.0291524437578386,0.0768873012485711,geometric,0.75,,256,52,128,"joint(A,B); seed=101; train-class coverage checked"
nursery,catboost,1,independent,2.0845697872122115,0.8552310549540045,0.0763615972931051,0.973473802169914,1.1110959850422977,4.3676406892220737e-17,0.0768873012485711,geometric,0.75,,256,52,128,"joint(A,B); seed=101; train-class coverage checked"
nursery,catboost,1,arithmetic,1.462488604802839,0.719325721929527,0.0832150254099722,0.3619188884337635,0.4807134541601172,0.0265913022818364,0.0768873012485711,geometric,0.75,,256,52,128,"joint(A,B); seed=101; train-class coverage checked"
nursery,catboost,1,geometric,1.4604684097827696,0.7192626103390379,0.081740961729969,0.3599967746863309,0.4802262375628418,0.0267295171889958,0.0768873012485711,geometric,0.75,,256,52,128,"joint(A,B); seed=101; train-class coverage checked"
nursery,catboost,1,hard_core,1.481204439349725,0.7228556606561863,0.0703341754666623,0.3701084543074273,0.5077306371783714,8.567697502251826e-13,0.0768873012485711,geometric,0.75,,256,52,128,"joint(A,B); seed=101; train-class coverage checked"
nursery,catboost,1,soft_core_lambda_1,1.4606787101947514,0.7197463196890759,0.0725913584216893,0.3587315932948135,0.4815861661837327,0.0198295785428825,0.0768873012485711,geometric,0.75,,256,52,128,"joint(A,B); seed=101; train-class coverage checked"
nursery,catboost,1,selective_core,1.4666424290600513,0.7227643559558171,0.07562957504672,0.3615260752784183,0.4806447575394701,0.0253873828401329,0.0768873012485711,geometric,0.75,,256,52,128,"joint(A,B); seed=101; train-class coverage checked"
nursery,catboost,2,j1_b_then_a,1.4357577536525232,0.7078584457280294,0.0887363846305292,0.3431586515955206,0.4229830285601296,0.0502235233809077,0.1197388934895481,soft,1.0,3.0,256,52,128,"joint(A,B); seed=101; train-class coverage checked"
nursery,catboost,2,j2_a_then_b,1.4858369314861444,0.7251619620206495,0.0598392199817624,0.3698106457881047,0.4390239329103177,0.0467780497181862,0.1197388934895481,soft,1.0,3.0,256,52,128,"joint(A,B); seed=101; train-class coverage checked"
nursery,catboost,2,independent,2.1394121006328293,0.8691674573518564,0.1020726413998412,1.0468129985758263,1.0925991020570025,4.193829528445492e-17,0.1197388934895481,soft,1.0,3.0,256,52,128,"joint(A,B); seed=101; train-class coverage checked"
nursery,catboost,2,arithmetic,1.4491474506900976,0.7121832879634986,0.0656170735589186,0.3528144007437125,0.4276413205872281,0.0485007865495469,0.1197388934895481,soft,1.0,3.0,256,52,128,"joint(A,B); seed=101; train-class coverage checked"
nursery,catboost,2,geometric,1.448379186475052,0.7127565351078882,0.0664402242389945,0.3505945893060467,0.4283090113778447,0.0492126314667113,0.1197388934895481,soft,1.0,3.0,256,52,128,"joint(A,B); seed=101; train-class coverage checked"
nursery,catboost,2,hard_core,1.52852385525989,0.7285521441414706,0.1038299085236605,0.4359247532028874,0.4817108566839213,8.157378615094527e-13,0.1197388934895481,soft,1.0,3.0,256,52,128,"joint(A,B); seed=101; train-class coverage checked"
nursery,catboost,2,soft_core_lambda_1,1.4537114255232957,0.7136710020325115,0.0853199994121887,0.3569372969901005,0.4291481847309157,0.0423145465370416,0.1197388934895481,soft,1.0,3.0,256,52,128,"joint(A,B); seed=101; train-class coverage checked"
nursery,catboost,2,selective_core,1.4530973192868333,0.7131572249952634,0.0724195559354964,0.3588387537755917,0.4266903403100915,0.0356661557256282,0.1197388934895481,soft,1.0,3.0,256,52,128,"joint(A,B); seed=101; train-class coverage checked"
nursery,catboost,3,j1_b_then_a,1.5517668341650477,0.7530235646029122,0.056490738957396,0.4413489292315289,0.4987268374434211,0.0253389484536479,0.0722952731467083,geometric,0.25,,256,52,128,"joint(A,B); seed=101; train-class coverage checked"
nursery,catboost,3,j2_a_then_b,1.563855850015448,0.7584597251457641,0.0640831976622418,0.4492781047988834,0.4955363368476058,0.0274565849208622,0.0722952731467083,geometric,0.25,,256,52,128,"joint(A,B); seed=101; train-class coverage checked"
nursery,catboost,3,independent,2.178737418101361,0.8732110499849335,0.0541635779538622,1.0683195131678422,1.1104179049335186,3.827911295231634e-17,0.0722952731467083,geometric,0.25,,256,52,128,"joint(A,B); seed=101; train-class coverage checked"
nursery,catboost,3,arithmetic,1.5544754635203344,0.7543713365749292,0.0356463886287284,0.4446543039847248,0.4962604428147036,0.026397766687255,0.0722952731467083,geometric,0.25,,256,52,128,"joint(A,B); seed=101; train-class coverage checked"
nursery,catboost,3,geometric,1.5524444234862704,0.7543727672159396,0.0363723499507909,0.4423522187927813,0.4954730459931579,0.0267506782574358,0.0722952731467083,geometric,0.25,,256,52,128,"joint(A,B); seed=101; train-class coverage checked"
nursery,catboost,3,hard_core,1.5868272337839957,0.759990265434561,0.0389516808781614,0.476409328850477,0.5185077206168373,1.4208168231625174e-12,0.0722952731467083,geometric,0.25,,256,52,128,"joint(A,B); seed=101; train-class coverage checked"
nursery,catboost,3,soft_core_lambda_1,1.556405015530366,0.7553856168482145,0.0269562889885064,0.4440243714476759,0.4979086975478619,0.0216263329378457,0.0722952731467083,geometric,0.25,,256,52,128,"joint(A,B); seed=101; train-class coverage checked"
nursery,catboost,3,selective_core,1.556903628008525,0.7560962186576732,0.0469910094647691,0.4451305885039724,0.4950953793109548,0.0271797004953444,0.0722952731467083,geometric,0.25,,256,52,128,"joint(A,B); seed=101; train-class coverage checked"
nursery,catboost,4,j1_b_then_a,1.5741346974409818,0.7567889565848063,0.0209317848540926,0.4698489919539391,0.4687075060398674,0.0286839407951612,0.0801186565610272,soft,1.0,0.3,256,52,128,"joint(A,B); seed=101; train-class coverage checked"
nursery,catboost,4,j2_a_then_b,1.5661967887131518,0.7541839815408864,0.0744520782400304,0.4657775245540534,0.4742850115111081,0.0292601001028942,0.0801186565610272,soft,1.0,0.3,256,52,128,"joint(A,B); seed=101; train-class coverage checked"
nursery,catboost,4,independent,2.1961974826890867,0.8721006295734304,0.0305179571876735,1.0919117772020437,1.1042857054870423,4.8941563692353474e-17,0.0801186565610272,soft,1.0,0.3,256,52,128,"joint(A,B); seed=101; train-class coverage checked"
nursery,catboost,4,arithmetic,1.567049585888406,0.7539033065181623,0.0227266327923252,0.4670109489700064,0.4706789206398242,0.0289720204490277,0.0801186565610272,soft,1.0,0.3,256,52,128,"joint(A,B); seed=101; train-class coverage checked"
nursery,catboost,4,geometric,1.563733967173106,0.7534464085468434,0.0138141324002231,0.4640563134566079,0.468371860559834,0.0290261118608263,0.0801186565610272,soft,1.0,0.3,256,52,128,"joint(A,B); seed=101; train-class coverage checked"
nursery,catboost,4,hard_core,1.582359705397174,0.7541520698173717,0.0747640805547149,0.4780739999101313,0.4904479281948345,7.748832838946376e-13,0.0801186565610272,soft,1.0,0.3,256,52,128,"joint(A,B); seed=101; train-class coverage checked"
nursery,catboost,4,soft_core_lambda_1,1.5612089181210425,0.7530466686560318,0.0356129723580777,0.4592175315632338,0.4683043432245461,0.0222396911331791,0.0801186565610272,soft,1.0,0.3,256,52,128,"joint(A,B); seed=101; train-class coverage checked"
nursery,catboost,4,selective_core,1.5691034225710487,0.7554148159125008,0.0411569855556666,0.4646632327801425,0.4686370575207204,0.026391519711606,0.0801186565610272,soft,1.0,0.3,256,52,128,"joint(A,B); seed=101; train-class coverage checked"
nursery,catboost,5,j1_b_then_a,1.5813610440334924,0.7680829367690688,0.0569927591999503,0.4486482078373317,0.4952752356931448,0.0301233293694614,0.082650531274882,soft,0.5,1.0,256,52,128,"joint(A,B); seed=101; train-class coverage checked"
nursery,catboost,5,j2_a_then_b,1.5641658859209089,0.7610260982341183,0.089656739120504,0.4387267444101281,0.4919292772105235,0.0288623746292981,0.082650531274882,soft,0.5,1.0,256,52,128,"joint(A,B); seed=101; train-class coverage checked"
nursery,catboost,5,independent,2.204949444906546,0.8683344410293702,0.0628068865619424,1.0722366087103852,1.1327128361961605,4.272434185950691e-17,0.082650531274882,soft,0.5,1.0,256,52,128,"joint(A,B); seed=101; train-class coverage checked"
nursery,catboost,5,arithmetic,1.5680430354817512,0.7628833673808024,0.0414060555579092,0.4422266978839039,0.4925201846305623,0.0294928519993798,0.082650531274882,soft,0.5,1.0,256,52,128,"joint(A,B); seed=101; train-class coverage checked"
nursery,catboost,5,geometric,1.5655430517687776,0.7629096231006667,0.0313336631205871,0.4383616611260785,0.4915026692492913,0.0298431930785219,0.082650531274882,soft,0.5,1.0,256,52,128,"joint(A,B); seed=101; train-class coverage checked"
nursery,catboost,5,hard_core,1.596960411818598,0.7661708777573268,0.0298465436721077,0.4642475756224374,0.5247238031070642,1.4144613824933379e-12,0.082650531274882,soft,0.5,1.0,256,52,128,"joint(A,B); seed=101; train-class coverage checked"
nursery,catboost,5,soft_core_lambda_1,1.5654554815602015,0.7624172605285646,0.0377831781122419,0.4393802950228734,0.4913117586540921,0.0227222690519877,0.082650531274882,soft,0.5,1.0,256,52,128,"joint(A,B); seed=101; train-class coverage checked"
nursery,catboost,5,selective_core,1.5654554815602015,0.7624172605285646,0.0377831781122419,0.4393802950228734,0.4913117586540921,0.0227222690519877,0.082650531274882,soft,0.5,1.0,256,52,128,"joint(A,B); seed=101; train-class coverage checked"
wine,tabiclv2,1,j1_b_then_a,1.026403226122473,0.5622682670412007,0.0873789159924455,1.020848085272779,0.0005592035294604,0.0282692982272631,0.0568235145894549,soft,0.5,0.1,256,52,128,"joint(A,B); seed=101; train-class coverage checked"
wine,tabiclv2,1,j2_a_then_b,1.0489885497404263,0.5595564735563165,0.0810589593574301,1.0400154133522792,0.0001217779929959,0.0013698782215679,0.0568235145894549,soft,0.5,0.1,256,52,128,"joint(A,B); seed=101; train-class coverage checked"
wine,tabiclv2,1,independent,1.0544219125971244,0.5602358346530057,0.0790397082197795,1.0488667717474305,0.0055551408496937,2.88163375575062e-17,0.0568235145894549,soft,0.5,0.1,256,52,128,"joint(A,B); seed=101; train-class coverage checked"
wine,tabiclv2,1,arithmetic,1.0344482402486412,0.5594758915899773,0.052510705184598,1.0272549806289222,0.0004128990188623,0.0148195882244155,0.0568235145894549,soft,0.5,0.1,256,52,128,"joint(A,B); seed=101; train-class coverage checked"
wine,tabiclv2,1,geometric,1.0330579358370109,0.5594238209331457,0.0781449014861649,1.0261216190451203,0.0002544659020734,0.0150248685061123,0.0568235145894549,soft,0.5,0.1,256,52,128,"joint(A,B); seed=101; train-class coverage checked"
wine,tabiclv2,1,hard_core,1.0489970189517792,0.5598955063137965,0.0749092404639297,1.043441878102085,0.0001302472056382,1.7166287105866756e-13,0.0568235145894549,soft,0.5,0.1,256,52,128,"joint(A,B); seed=101; train-class coverage checked"
wine,tabiclv2,1,soft_core_lambda_1,1.0391510023844637,0.5591155744723222,0.0606414552921031,1.0323958845628551,0.0002126079200629,0.0078739459576608,0.0568235145894549,soft,0.5,0.1,256,52,128,"joint(A,B); seed=101; train-class coverage checked"
wine,tabiclv2,1,selective_core,1.033983775000544,0.559308687194443,0.0599944261889586,1.027029346699186,0.000249832249124,0.0137600089306899,0.0568235145894549,soft,0.5,0.1,256,52,128,"joint(A,B); seed=101; train-class coverage checked"
wine,tabiclv2,2,j1_b_then_a,0.9893531059069244,0.5622080635712283,0.0623128561374986,0.9888568029077794,0.0004922444144996,0.0270000349884798,0.0548152440282516,j1_b_then_a,,,256,52,128,"joint(A,B); seed=101; train-class coverage checked"
wine,tabiclv2,2,j2_a_then_b,1.0168808697828948,0.5802624242292396,0.0742107045476412,1.0144951175763026,0.0017895228460448,0.000895367597294,0.0548152440282516,j1_b_then_a,,,256,52,128,"joint(A,B); seed=101; train-class coverage checked"
wine,tabiclv2,2,independent,1.0155876499359953,0.5798694833374806,0.0742927353443227,1.01509134693685,0.000496302999145,3.295652417507344e-17,0.0548152440282516,j1_b_then_a,,,256,52,128,"joint(A,B); seed=101; train-class coverage checked"
wine,tabiclv2,2,arithmetic,1.0005020552014094,0.5698720410268887,0.0824742970075609,0.9990806087384712,0.0011531768742902,0.0139477012928869,0.0548152440282516,j1_b_then_a,,,256,52,128,"joint(A,B); seed=101; train-class coverage checked"
wine,tabiclv2,2,geometric,0.9992453094585488,0.5698888726243355,0.0908709062884625,0.9982566612119996,0.0009377145756966,0.0138642442409145,0.0548152440282516,j1_b_then_a,,,256,52,128,"joint(A,B); seed=101; train-class coverage checked"
wine,tabiclv2,2,hard_core,1.0154049913736436,0.579955318097238,0.0740942818256587,1.0149086883744984,0.0003136444372023,1.882724140440269e-13,0.0548152440282516,j1_b_then_a,,,256,52,128,"joint(A,B); seed=101; train-class coverage checked"
wine,tabiclv2,2,soft_core_lambda_1,1.0063509709487015,0.5746199939996639,0.0792128382453875,1.00559609971266,0.0006089243992965,0.0070381051456002,0.0548152440282516,j1_b_then_a,,,256,52,128,"joint(A,B); seed=101; train-class coverage checked"
wine,tabiclv2,2,selective_core,0.9893531059069244,0.5622080635712283,0.0623128561374986,0.9888568029077794,0.0004922444144996,0.0270000349884798,0.0548152440282516,j1_b_then_a,,,256,52,128,"joint(A,B); seed=101; train-class coverage checked"
wine,tabiclv2,3,j1_b_then_a,1.2354536018423254,0.6252156170200386,0.0947064955422809,1.2231729441391597,0.0054704261796319,0.0305214680631339,0.0636828630860728,j1_b_then_a,,,256,52,128,"joint(A,B); seed=101; train-class coverage checked"
wine,tabiclv2,3,j2_a_then_b,1.2536717843501608,0.6360605357011069,0.1078477414216321,1.2383013449747815,0.0058869076307242,0.0017779046915189,0.0636828630860728,j1_b_then_a,,,256,52,128,"joint(A,B); seed=101; train-class coverage checked"
wine,tabiclv2,3,independent,1.2600655344226022,0.6369181967606143,0.105618610402229,1.2477848767194364,0.0122806577031656,2.9795601529531686e-17,0.0636828630860728,j1_b_then_a,,,256,52,128,"joint(A,B); seed=101; train-class coverage checked"
wine,tabiclv2,3,arithmetic,1.2413751341805703,0.6288120992054476,0.1029952392049634,1.227571904734907,0.0054620533506565,0.0161496863773264,0.0636828630860728,j1_b_then_a,,,256,52,128,"joint(A,B); seed=101; train-class coverage checked"
wine,tabiclv2,3,geometric,1.239194463687649,0.6284672351756694,0.1005227493224049,1.2260211910678698,0.0053094733583167,0.0159395070356242,0.0636828630860728,j1_b_then_a,,,256,52,128,"joint(A,B); seed=101; train-class coverage checked"
wine,tabiclv2,3,hard_core,1.252813102030912,0.6360472819580005,0.1076719456840031,1.2405324443277466,0.0050282253118026,1.3574227379171297e-13,0.0636828630860728,j1_b_then_a,,,256,52,128,"joint(A,B); seed=101; train-class coverage checked"
wine,tabiclv2,3,soft_core_lambda_1,1.244663474728871,0.6317222482636252,0.1034345192854083,1.2318792651181163,0.005190613055557,0.0080852449764046,0.0636828630860728,j1_b_then_a,,,256,52,128,"joint(A,B); seed=101; train-class coverage checked"
wine,tabiclv2,3,selective_core,1.2354536018423254,0.6252156170200386,0.0947064955422809,1.2231729441391597,0.0054704261796319,0.0305214680631339,0.0636828630860728,j1_b_then_a,,,256,52,128,"joint(A,B); seed=101; train-class coverage checked"
wine,tabiclv2,4,j1_b_then_a,1.2425844607468308,0.6255609314593772,0.089104982885587,1.2358609776836973,0.0008943030505498,0.0259881058415799,0.0537620708504937,geometric,1.0,,256,52,128,"joint(A,B); seed=101; train-class coverage checked"
wine,tabiclv2,4,j2_a_then_b,1.2763453921629473,0.6394357418558703,0.1947002616473371,1.2654450184208954,0.0012758639333514,0.001829148883292,0.0537620708504937,geometric,1.0,,256,52,128,"joint(A,B); seed=101; train-class coverage checked"
wine,tabiclv2,4,independent,1.2817930112927294,0.6402250365659109,0.1876357743671171,1.2750695282295958,0.0067234830631333,3.1715841764569436e-17,0.0537620708504937,geometric,1.0,,256,52,128,"joint(A,B); seed=101; train-class coverage checked"
wine,tabiclv2,4,arithmetic,1.253930691572724,0.6309311302915905,0.1250104107764637,1.2451669129858212,0.0010929642414946,0.0139086273624359,0.0537620708504937,geometric,1.0,,256,52,128,"joint(A,B); seed=101; train-class coverage checked"
wine,tabiclv2,4,geometric,1.254805347473733,0.6314681513982978,0.1338312481909648,1.2469318706441594,0.0009615562569146,0.0136483461662947,0.0537620708504937,geometric,1.0,,256,52,128,"joint(A,B); seed=101; train-class coverage checked"
wine,tabiclv2,4,hard_core,1.2758389666958485,0.6392882006807385,0.1946285715844057,1.2691154836327154,0.0007694384665761,1.958948806796865e-13,0.0537620708504937,geometric,1.0,,256,52,128,"joint(A,B); seed=101; train-class coverage checked"
wine,tabiclv2,4,soft_core_lambda_1,1.263753830573651,0.635147610324436,0.174452503967065,1.2562093440048672,0.0008768946937394,0.0071199772989027,0.0537620708504937,geometric,1.0,,256,52,128,"joint(A,B); seed=101; train-class coverage checked"
wine,tabiclv2,4,selective_core,1.2425844607468308,0.6255609314593772,0.089104982885587,1.2358609776836973,0.0008943030505498,0.0259881058415799,0.0537620708504937,geometric,1.0,,256,52,128,"joint(A,B); seed=101; train-class coverage checked"
wine,tabiclv2,5,j1_b_then_a,1.0979457172436575,0.6079150655865344,0.0975782807602032,1.097181985363772,0.0004647152208151,0.0240000844430873,0.0484820275631392,j1_b_then_a,,,256,52,128,"joint(A,B); seed=101; train-class coverage checked"
wine,tabiclv2,5,j2_a_then_b,1.1291606063525004,0.6164760552375799,0.0919021105930495,1.126039311653113,0.0003629069969597,0.0011397892921381,0.0484820275631392,j1_b_then_a,,,256,52,128,"joint(A,B); seed=101; train-class coverage checked"
wine,tabiclv2,5,independent,1.1295614312354263,0.6165408639392118,0.091623048951439,1.1287976993555406,0.0007637318798857,3.0222601260718303e-17,0.0484820275631392,j1_b_then_a,,,256,52,128,"joint(A,B); seed=101; train-class coverage checked"
wine,tabiclv2,5,arithmetic,1.1107205422291702,0.6111084140710157,0.1332326196689273,1.1087974525919695,0.0004270792689818,0.0125699368676127,0.0484820275631392,j1_b_then_a,,,256,52,128,"joint(A,B); seed=101; train-class coverage checked"
wine,tabiclv2,5,geometric,1.1099525177549705,0.6111505644909196,0.1461299728411187,1.1087581626140093,0.0003025482914288,0.0123911829187775,0.0484820275631392,j1_b_then_a,,,256,52,128,"joint(A,B); seed=101; train-class coverage checked"
wine,tabiclv2,5,hard_core,1.1289693146446624,0.6166222807187088,0.0918310109799152,1.1282055827647766,0.0001716152892868,7.213972477881278e-14,0.0484820275631392,j1_b_then_a,,,256,52,128,"joint(A,B); seed=101; train-class coverage checked"
wine,tabiclv2,5,soft_core_lambda_1,1.1184480114011743,0.6135507968790201,0.1211217509197199,1.117442579401538,0.0002364060704828,0.0063111493882028,0.0484820275631392,j1_b_then_a,,,256,52,128,"joint(A,B); seed=101; train-class coverage checked"
wine,tabiclv2,5,selective_core,1.0979457172436575,0.6079150655865344,0.0975782807602032,1.097181985363772,0.0004647152208151,0.0240000844430873,0.0484820275631392,j1_b_then_a,,,256,52,128,"joint(A,B); seed=101; train-class coverage checked"
wine,tabpfn3,1,j1_b_then_a,1.0129066811972371,0.549434957123832,0.0888518970186537,1.003412981886157,0.0003807578427597,0.0188186702974107,0.0379645806492488,j1_b_then_a,,,256,52,128,"joint(A,B); seed=101; train-class coverage checked"
wine,tabpfn3,1,j2_a_then_b,1.026235584054687,0.5527726394351615,0.1250409419145821,1.016521378650881,8.345332635869269e-05,0.0002361100338181,0.0379645806492488,j1_b_then_a,,,256,52,128,"joint(A,B); seed=101; train-class coverage checked"
wine,tabpfn3,1,independent,1.0356458300394082,0.5527217426903983,0.1308532703165308,1.0261521307283283,0.00949369931108,3.341870886079561e-17,0.0379645806492488,j1_b_then_a,,,256,52,128,"joint(A,B); seed=101; train-class coverage checked"
wine,tabpfn3,1,arithmetic,1.0170161891311522,0.5499435363340279,0.1189721926210561,1.0074135572765122,0.0003046801713125,0.0095273901656144,0.0379645806492488,j1_b_then_a,,,256,52,128,"joint(A,B); seed=101; train-class coverage checked"
wine,tabpfn3,1,geometric,1.0155838475123031,0.5494825462312798,0.1169655180764269,1.0053796014933578,0.0001684625923519,0.0089108042327418,0.0379645806492488,j1_b_then_a,,,256,52,128,"joint(A,B); seed=101; train-class coverage checked"
wine,tabpfn3,1,hard_core,1.0262354969230325,0.5527823557803511,0.1249839545598199,1.0167417976119522,8.336619680282989e-05,1.781261578089586e-13,0.0379645806492488,j1_b_then_a,,,256,52,128,"joint(A,B); seed=101; train-class coverage checked"
wine,tabpfn3,1,soft_core_lambda_1,1.019851417015861,0.5510062680298307,0.1099883386994226,1.009394677812557,0.0001436649589894,0.004577406402819,0.0379645806492488,j1_b_then_a,,,256,52,128,"joint(A,B); seed=101; train-class coverage checked"
wine,tabpfn3,1,selective_core,1.0129066811972371,0.549434957123832,0.0888518970186537,1.003412981886157,0.0003807578427597,0.0188186702974107,0.0379645806492488,j1_b_then_a,,,256,52,128,"joint(A,B); seed=101; train-class coverage checked"
wine,tabpfn3,2,j1_b_then_a,0.979469023843449,0.5486313643072255,0.0699547894899238,0.97917440484452,5.280389747718451e-05,0.0155986178296814,0.0313057755747808,j1_b_then_a,,,256,52,128,"joint(A,B); seed=101; train-class coverage checked"
wine,tabpfn3,2,j2_a_then_b,0.9876047143974632,0.5515492246221818,0.0575978441086993,0.9860665891597176,5.271459427019633e-05,0.0005910676622699,0.0313057755747808,j1_b_then_a,,,256,52,128,"joint(A,B); seed=101; train-class coverage checked"
wine,tabpfn3,2,independent,0.9878466188021222,0.5516465920307916,0.0576639962011746,0.9875519998031932,0.000294618998929,2.8942980150058984e-17,0.0313057755747808,j1_b_then_a,,,256,52,128,"joint(A,B); seed=101; train-class coverage checked"
wine,tabpfn3,2,arithmetic,0.9825063639588434,0.5488831589301839,0.0777118293106471,0.9816013282966632,5.300797883598556e-05,0.0080948427459756,0.0313057755747808,j1_b_then_a,,,256,52,128,"joint(A,B); seed=101; train-class coverage checked"
wine,tabpfn3,2,geometric,0.9801173980737636,0.5480156144290584,0.0744968987038315,0.979519668321576,4.834397815369671e-05,0.0075320565331248,0.0313057755747808,j1_b_then_a,,,256,52,128,"joint(A,B); seed=101; train-class coverage checked"
wine,tabpfn3,2,hard_core,0.9875702546912698,0.5516005023427619,0.0575997296441078,0.9872756356923408,1.825488840641198e-05,1.4339120234131394e-13,0.0313057755747808,j1_b_then_a,,,256,52,128,"joint(A,B); seed=101; train-class coverage checked"
wine,tabpfn3,2,soft_core_lambda_1,0.9830310375878122,0.5495231389167545,0.0723400079162978,0.9825120063116464,3.077106027481311e-05,0.003847775598916,0.0313057755747808,j1_b_then_a,,,256,52,128,"joint(A,B); seed=101; train-class coverage checked"
wine,tabpfn3,2,selective_core,0.979469023843449,0.5486313643072255,0.0699547894899238,0.97917440484452,5.280389747718451e-05,0.0155986178296814,0.0313057755747808,j1_b_then_a,,,256,52,128,"joint(A,B); seed=101; train-class coverage checked"
wine,tabpfn3,3,j1_b_then_a,1.212024807423102,0.6192687139763464,0.0539361113239829,1.1941100809324972,0.0051686250130808,0.0159741515890277,0.0333154389613382,soft,1.0,0.1,256,52,128,"joint(A,B); seed=101; train-class coverage checked"
wine,tabpfn3,3,j2_a_then_b,1.2242574015540668,0.6267032428726155,0.1016369505282976,1.2035741435095022,0.0079804868806389,0.0010306451934144,0.0333154389613382,soft,1.0,0.1,256,52,128,"joint(A,B); seed=101; train-class coverage checked"
wine,tabpfn3,3,independent,1.234191641164033,0.6270373715953288,0.1020017782040733,1.2162769146734278,0.017914726490605,3.137180411291884e-17,0.0333154389613382,soft,1.0,0.1,256,52,128,"joint(A,B); seed=101; train-class coverage checked"
wine,tabpfn3,3,arithmetic,1.217235006737655,0.6224906056900005,0.0764204417622616,1.1979689579285906,0.0068263421871477,0.008502398391221,0.0333154389613382,soft,1.0,0.1,256,52,128,"joint(A,B); seed=101; train-class coverage checked"
wine,tabpfn3,3,geometric,1.216110428727185,0.6223504371030317,0.0765514848759061,1.1971362479306134,0.0058757750220646,0.0086556056213885,0.0333154389613382,soft,1.0,0.1,256,52,128,"joint(A,B); seed=101; train-class coverage checked"
wine,tabpfn3,3,hard_core,1.222381825420927,0.6262713366178061,0.0942369199138792,1.204467098930322,0.0061049107470843,1.8086835422681386e-13,0.0333154389613382,soft,1.0,0.1,256,52,128,"joint(A,B); seed=101; train-class coverage checked"
wine,tabpfn3,3,soft_core_lambda_1,1.2184742662372663,0.6240796295721625,0.0769302449958459,1.2002761526871089,0.005796494751612,0.0045108021710759,0.0333154389613382,soft,1.0,0.1,256,52,128,"joint(A,B); seed=101; train-class coverage checked"
wine,tabpfn3,3,selective_core,1.2124324406007632,0.6196823141432222,0.0617884579664841,1.194663367555957,0.0051711051953359,0.0146277193263362,0.0333154389613382,soft,1.0,0.1,256,52,128,"joint(A,B); seed=101; train-class coverage checked"
wine,tabpfn3,4,j1_b_then_a,1.2356496255561151,0.6302033840796337,0.0933382138256518,1.2303976721569367,0.0010157179384533,0.0158208729041441,0.0318534380932633,soft,0.0,1.0,256,52,128,"joint(A,B); seed=101; train-class coverage checked"
wine,tabpfn3,4,j2_a_then_b,1.238114678252824,0.6277759240137477,0.0811108208805189,1.2316920670497318,0.000997773683598,0.0011680545172567,0.0318534380932633,soft,0.0,1.0,256,52,128,"joint(A,B); seed=101; train-class coverage checked"
wine,tabpfn3,4,independent,1.242368857968405,0.6285520132770768,0.0759440365722486,1.237116904569226,0.0052519533991784,2.7508440518377667e-17,0.0318534380932633,soft,0.0,1.0,256,52,128,"joint(A,B); seed=101; train-class coverage checked"
wine,tabpfn3,4,arithmetic,1.2352917273793191,0.6284777235841121,0.0563584145962151,1.2294796773351788,0.0010174782104675,0.0084944637107004,0.0318534380932633,soft,0.0,1.0,256,52,128,"joint(A,B); seed=101; train-class coverage checked"
wine,tabpfn3,4,geometric,1.2348052159357374,0.6286758985905211,0.0648885277390894,1.229476213311059,0.0009561573647111,0.0086399953044491,0.0318534380932633,soft,0.0,1.0,256,52,128,"joint(A,B); seed=101; train-class coverage checked"
wine,tabpfn3,4,hard_core,1.2388052491670172,0.6281081231617367,0.0811591805741233,1.2335532957678388,0.0016883445972918,1.6450392654811113e-13,0.0318534380932633,soft,0.0,1.0,256,52,128,"joint(A,B); seed=101; train-class coverage checked"
wine,tabpfn3,4,soft_core_lambda_1,1.235658147545871,0.6281501387710171,0.057539602247058,1.230248792244594,0.0010707763369898,0.004682788978763,0.0318534380932633,soft,0.0,1.0,256,52,128,"joint(A,B); seed=101; train-class coverage checked"
wine,tabpfn3,4,selective_core,1.2375369112076795,0.6277840708666786,0.0816191431735433,1.2319673510270768,0.0011479033619304,0.0009468319345785,0.0318534380932633,soft,0.0,1.0,256,52,128,"joint(A,B); seed=101; train-class coverage checked"
wine,tabpfn3,5,j1_b_then_a,1.0891509724638977,0.6135166309989123,0.0747499177546657,1.0879667472955754,0.0002532419448224,0.0145297814223234,0.0292588118528641,j1_b_then_a,,,256,52,128,"joint(A,B); seed=101; train-class coverage checked"
wine,tabpfn3,5,j2_a_then_b,1.1202227691047526,0.6225385481108598,0.0832354214147777,1.1183909634354992,0.0010593827934296,0.0003055600033118,0.0292588118528641,j1_b_then_a,,,256,52,128,"joint(A,B); seed=101; train-class coverage checked"
wine,tabpfn3,5,independent,1.1203476114796456,0.6224284970487898,0.088433686991919,1.119163386311323,0.0011842251683223,2.9264449005876686e-17,0.0292588118528641,j1_b_then_a,,,256,52,128,"joint(A,B); seed=101; train-class coverage checked"
wine,tabpfn3,5,arithmetic,1.102063344434817,0.6175968108059489,0.0673655279570479,1.1005571894088535,0.0006699349899499,0.0074176707128176,0.0292588118528641,j1_b_then_a,,,256,52,128,"joint(A,B); seed=101; train-class coverage checked"
wine,tabpfn3,5,geometric,1.1025825269544027,0.6177501815244096,0.071674627098174,1.1012526538588043,0.0004996744689459,0.0073096260690083,0.0292588118528641,j1_b_then_a,,,256,52,128,"joint(A,B); seed=101; train-class coverage checked"
wine,tabpfn3,5,hard_core,1.1195272934492593,0.6222499838291151,0.0829888187401754,1.1183430682809368,0.0003639071382715,1.6329066059233274e-13,0.0292588118528641,j1_b_then_a,,,256,52,128,"joint(A,B); seed=101; train-class coverage checked"
wine,tabpfn3,5,soft_core_lambda_1,1.1105317469303444,0.6199574151222507,0.0764491231907785,1.109217942232294,0.0004633381919078,0.0037221907914829,0.0292588118528641,j1_b_then_a,,,256,52,128,"joint(A,B); seed=101; train-class coverage checked"
wine,tabpfn3,5,selective_core,1.0891509724638977,0.6135166309989123,0.0747499177546657,1.0879667472955754,0.0002532419448224,0.0145297814223234,0.0292588118528641,j1_b_then_a,,,256,52,128,"joint(A,B); seed=101; train-class coverage checked"
wine,catboost,1,j1_b_then_a,1.2904848377191884,0.6152299641861868,0.1713425127538157,1.213351982480169,0.0530641641328882,0.0263150452975494,0.0717655167746075,soft,1.0,1.0,256,52,128,"joint(A,B); seed=101; train-class coverage checked"
wine,catboost,1,j2_a_then_b,1.346220180032584,0.6394797113951105,0.1382580926167315,1.2620937294502086,0.0841264505823756,0.0038970183305986,0.0717655167746075,soft,1.0,1.0,256,52,128,"joint(A,B); seed=101; train-class coverage checked"
wine,catboost,1,independent,1.3392265846892275,0.6380956382164409,0.125068216102361,1.2620937294502086,0.0771328552390193,3.7066161771848177e-17,0.0717655167746075,soft,1.0,1.0,256,52,128,"joint(A,B); seed=101; train-class coverage checked"
wine,catboost,1,arithmetic,1.315534646268442,0.6259969644772971,0.1118903220103279,1.2350423871491014,0.0678720288354304,0.0151060318140739,0.0717655167746075,soft,1.0,1.0,256,52,128,"joint(A,B); seed=101; train-class coverage checked"
wine,catboost,1,geometric,1.3127918000307772,0.6254028374037244,0.1090240094906748,1.2344241075657534,0.0655992985486704,0.0154814862610969,0.0717655167746075,soft,1.0,1.0,256,52,128,"joint(A,B); seed=101; train-class coverage checked"
wine,catboost,1,hard_core,1.3264385918880075,0.6336035858680824,0.1261304414806463,1.249305736648988,0.0643448624377601,3.9499938151062175e-14,0.0717655167746075,soft,1.0,1.0,256,52,128,"joint(A,B); seed=101; train-class coverage checked"
wine,catboost,1,soft_core_lambda_1,1.3189438237402469,0.629235867644182,0.1198763225797982,1.2411903411644576,0.0649746563464894,0.0077607724163547,0.0717655167746075,soft,1.0,1.0,256,52,128,"joint(A,B); seed=101; train-class coverage checked"
wine,catboost,1,selective_core,1.300282491645437,0.6214222187808107,0.1275588482482839,1.222941844815137,0.0529734714186423,0.0136142102950719,0.0717655167746075,soft,1.0,1.0,256,52,128,"joint(A,B); seed=101; train-class coverage checked"
wine,catboost,2,j1_b_then_a,1.2174910754571484,0.6060838531295016,0.1928134725942113,1.1472264613882328,0.0471970825700712,0.0277151836506334,0.0775200155923754,j1_b_then_a,,,256,52,128,"joint(A,B); seed=101; train-class coverage checked"
wine,catboost,2,j2_a_then_b,1.242452889933498,0.6097579775420768,0.1628746376248972,1.1698798264881205,0.0725730634453776,0.0038969132609482,0.0775200155923754,j1_b_then_a,,,256,52,128,"joint(A,B); seed=101; train-class coverage checked"
wine,catboost,2,independent,1.2401444405570357,0.6090791069457047,0.1639045423359326,1.1698798264881205,0.0702646140689153,4.256848779721212e-17,0.0775200155923754,j1_b_then_a,,,256,52,128,"joint(A,B); seed=101; train-class coverage checked"
wine,catboost,2,arithmetic,1.226892055575086,0.6064071152727334,0.1146628581996382,1.1555699506207182,0.0587067595332232,0.0158060484557907,0.0775200155923754,j1_b_then_a,,,256,52,128,"joint(A,B); seed=101; train-class coverage checked"
wine,catboost,2,geometric,1.2233688813857486,0.6055089589875744,0.1174504266007727,1.154574311356774,0.0565152616312241,0.0160706636058816,0.0775200155923754,j1_b_then_a,,,256,52,128,"joint(A,B); seed=101; train-class coverage checked"
wine,catboost,2,hard_core,1.227335445204766,0.6046954344123021,0.1599261847595559,1.1570708311358504,0.0574556187171388,1.4801739139382562e-13,0.0775200155923754,j1_b_then_a,,,256,52,128,"joint(A,B); seed=101; train-class coverage checked"
wine,catboost,2,soft_core_lambda_1,1.2247520447625804,0.6047640360115363,0.1377384434978986,1.1551696482977465,0.0570210849909118,0.0080659581002467,0.0775200155923754,j1_b_then_a,,,256,52,128,"joint(A,B); seed=101; train-class coverage checked"
wine,catboost,2,selective_core,1.2174910754571484,0.6060838531295016,0.1928134725942113,1.1472264613882328,0.0471970825700712,0.0277151836506334,0.0775200155923754,j1_b_then_a,,,256,52,128,"joint(A,B); seed=101; train-class coverage checked"
wine,catboost,3,j1_b_then_a,1.391029875148876,0.6677988156817246,0.1151648608684801,1.316249309838858,0.0564124283890616,0.0287746936978695,0.0774425662824058,j1_b_then_a,,,256,52,128,"joint(A,B); seed=101; train-class coverage checked"
wine,catboost,3,j2_a_then_b,1.4028208271287177,0.6647415255378839,0.1380089353521827,1.3272168765699268,0.0694617177378524,0.004530453962204,0.0774425662824058,j1_b_then_a,,,256,52,128,"joint(A,B); seed=101; train-class coverage checked"
wine,catboost,3,independent,1.408139674700883,0.6666398166986481,0.146918886930733,1.3333591093908654,0.0747805653100176,4.302927372051846e-17,0.0774425662824058,j1_b_then_a,,,256,52,128,"joint(A,B); seed=101; train-class coverage checked"
wine,catboost,3,arithmetic,1.393898602613598,0.6647401525315696,0.1557194769111991,1.3187817706403078,0.0625119103396217,0.0166525738300367,0.0774425662824058,j1_b_then_a,,,256,52,128,"joint(A,B); seed=101; train-class coverage checked"
wine,catboost,3,geometric,1.3904437290591087,0.6641298662043172,0.1384239860488549,1.317819705795162,0.0605789207096609,0.0172210698046744,0.0774425662824058,j1_b_then_a,,,256,52,128,"joint(A,B); seed=101; train-class coverage checked"
wine,catboost,3,hard_core,1.3951149630548303,0.6625144662243293,0.1246665038023108,1.320334397744813,0.0617558536642576,8.26773680984508e-14,0.0774425662824058,j1_b_then_a,,,256,52,128,"joint(A,B); seed=101; train-class coverage checked"
wine,catboost,3,soft_core_lambda_1,1.3921860139645814,0.6630418272904484,0.1393299119230443,1.318372487018447,0.0612083182064933,0.0086558686866035,0.0774425662824058,j1_b_then_a,,,256,52,128,"joint(A,B); seed=101; train-class coverage checked"
wine,catboost,3,selective_core,1.391029875148876,0.6677988156817246,0.1151648608684801,1.316249309838858,0.0564124283890616,0.0287746936978695,0.0774425662824058,j1_b_then_a,,,256,52,128,"joint(A,B); seed=101; train-class coverage checked"
wine,catboost,4,j1_b_then_a,1.3309802652956146,0.6478771073692704,0.1108276979464249,1.2667158200757376,0.0479592839755841,0.0254418426568893,0.0699264583779823,j1_b_then_a,,,256,52,128,"joint(A,B); seed=101; train-class coverage checked"
wine,catboost,4,j2_a_then_b,1.3733388010298255,0.6573244968869476,0.056654930675049,1.311274324570601,0.0618298606762739,0.0035651168325575,0.0699264583779823,j1_b_then_a,,,256,52,128,"joint(A,B); seed=101; train-class coverage checked"
wine,catboost,4,independent,1.3757733855734284,0.6576839650887853,0.0652839741633798,1.3115089403535516,0.0642644452198769,3.820118592116895e-17,0.0699264583779823,j1_b_then_a,,,256,52,128,"joint(A,B); seed=101; train-class coverage checked"
wine,catboost,4,arithmetic,1.3489658122968249,0.651245124590117,0.0575110038693847,1.2858663865752784,0.0542797550580312,0.0145034797447234,0.0699264583779823,j1_b_then_a,,,256,52,128,"joint(A,B); seed=101; train-class coverage checked"
wine,catboost,4,geometric,1.3457174318950789,0.651096881463071,0.0497489836808534,1.2855617662929193,0.0521563210690254,0.0154590672013937,0.0699264583779823,j1_b_then_a,,,256,52,128,"joint(A,B); seed=101; train-class coverage checked"
wine,catboost,4,hard_core,1.3668281232289066,0.655458584710642,0.0484001353900768,1.3025636780090295,0.0553191828750444,8.473081990808402e-14,0.0699264583779823,j1_b_then_a,,,256,52,128,"joint(A,B); seed=101; train-class coverage checked"
wine,catboost,4,soft_core_lambda_1,1.3557989910110706,0.6530541624332122,0.0519129482184228,1.2935786430615028,0.0537253398402991,0.0077069712402319,0.0699264583779823,j1_b_then_a,,,256,52,128,"joint(A,B); seed=101; train-class coverage checked"
wine,catboost,4,selective_core,1.3309802652956146,0.6478771073692704,0.1108276979464249,1.2667158200757376,0.0479592839755841,0.0254418426568893,0.0699264583779823,j1_b_then_a,,,256,52,128,"joint(A,B); seed=101; train-class coverage checked"
wine,catboost,5,j1_b_then_a,1.297443859434204,0.6471921814842564,0.0740952397838972,1.223409807421064,0.0564234424399001,0.026289852891895,0.0703468961088951,mpr,1.0,,256,52,128,"joint(A,B); seed=101; train-class coverage checked"
wine,catboost,5,j2_a_then_b,1.3291278334913987,0.6578461102994608,0.0822725616734878,1.257535355225468,0.0715924782659308,0.0047654432176918,0.0703468961088951,mpr,1.0,,256,52,128,"joint(A,B); seed=101; train-class coverage checked"
wine,catboost,5,independent,1.331569407238608,0.6578914992967639,0.0749863863164561,1.257535355225468,0.0740340520131398,4.0572878173480986e-17,0.0703468961088951,mpr,1.0,,256,52,128,"joint(A,B); seed=101; train-class coverage checked"
wine,catboost,5,arithmetic,1.3105239972280591,0.6511499746331673,0.0575904223762689,1.2378282580015836,0.0634763598277905,0.0155276480547934,0.0703468961088951,mpr,1.0,,256,52,128,"joint(A,B); seed=101; train-class coverage checked"
wine,catboost,5,geometric,1.3076437391157527,0.6506408228374216,0.0675620021855536,1.2372021209178088,0.0618802730709377,0.015960914947217,0.0703468961088951,mpr,1.0,,256,52,128,"joint(A,B); seed=101; train-class coverage checked"
wine,catboost,5,hard_core,1.3224696011712145,0.6553440973091222,0.0830324505480573,1.2484355491580743,0.0649342459458549,4.8153629927895e-14,0.0703468961088951,mpr,1.0,,256,52,128,"joint(A,B); seed=101; train-class coverage checked"
wine,catboost,5,soft_core_lambda_1,1.3144720139710948,0.6526866495020236,0.0781019937986848,1.24226509947479,0.0633674084359903,0.0080107310453518,0.0703468961088951,mpr,1.0,,256,52,128,"joint(A,B); seed=101; train-class coverage checked"
wine,catboost,5,selective_core,1.3131609948293907,0.6529460380614318,0.068647472165958,1.2391269428162508,0.055625639603995,5.0305117330843446e-14,0.0703468961088951,mpr,1.0,,256,52,128,"joint(A,B); seed=101; train-class coverage checked"
credit,tabiclv2,1,j1_b_then_a,1.776715029040699,0.7818161722176471,0.1567425960595025,0.4811913796522168,1.2314794326721707,0.0197687580372348,0.0667387054065914,j1_b_then_a,,,256,52,128,"joint(A,B); seed=101; train-class coverage checked"
credit,tabiclv2,1,j2_a_then_b,1.7764572137380188,0.7829895244176508,0.095385869229038,0.4854806472913288,1.2200700550598955,0.0250027326650915,0.0667387054065914,j1_b_then_a,,,256,52,128,"joint(A,B); seed=101; train-class coverage checked"
credit,tabiclv2,1,independent,1.8519108080666056,0.7986665229907322,0.0713464361374357,0.5563871586781234,1.295523649388482,1.6506978076091805e-17,0.0667387054065914,j1_b_then_a,,,256,52,128,"joint(A,B); seed=101; train-class coverage checked"
credit,tabiclv2,1,arithmetic,1.772183392348067,0.7811684636279527,0.110162579585308,0.4812752004097725,1.2236102388492796,0.0223857453511631,0.0667387054065914,j1_b_then_a,,,256,52,128,"joint(A,B); seed=101; train-class coverage checked"
credit,tabiclv2,1,geometric,1.7726980452983665,0.7813278119118108,0.1134582040966521,0.4816402151484832,1.2235445283231534,0.0221762767617663,0.0667387054065914,j1_b_then_a,,,256,52,128,"joint(A,B); seed=101; train-class coverage checked"
credit,tabiclv2,1,hard_core,1.7884398936607029,0.7840473966161641,0.1379700916613851,0.4929162442722204,1.232052734982099,3.6291531168046107e-13,0.0667387054065914,j1_b_then_a,,,256,52,128,"joint(A,B); seed=101; train-class coverage checked"
credit,tabiclv2,1,soft_core_lambda_1,1.778298512299416,0.7820083389461572,0.1296309948082392,0.4854524546801995,1.2268810932541625,0.0121918028821279,0.0667387054065914,j1_b_then_a,,,256,52,128,"joint(A,B); seed=101; train-class coverage checked"
credit,tabiclv2,1,selective_core,1.776715029040699,0.7818161722176471,0.1567425960595025,0.4811913796522168,1.2314794326721707,0.0197687580372348,0.0667387054065914,j1_b_then_a,,,256,52,128,"joint(A,B); seed=101; train-class coverage checked"
credit,tabiclv2,2,j1_b_then_a,1.6463854321424325,0.7476861146988747,0.1120490451142913,0.4463479239027957,1.1596824763726694,0.0200103550221244,0.0713105213168353,geometric,0.75,,256,52,128,"joint(A,B); seed=101; train-class coverage checked"
credit,tabiclv2,2,j2_a_then_b,1.6290192563361967,0.7400005278262377,0.1462317425076259,0.4450877402948324,1.145215356239582,0.0269323837021217,0.0713105213168353,geometric,0.75,,256,52,128,"joint(A,B); seed=101; train-class coverage checked"
credit,tabiclv2,2,independent,1.6838414083362512,0.7574595722130328,0.0942777194549146,0.4838039000966149,1.2000375082396366,1.559218249305716e-17,0.0713105213168353,geometric,0.75,,256,52,128,"joint(A,B); seed=101; train-class coverage checked"
credit,tabiclv2,2,arithmetic,1.634035937383099,0.7424425085506761,0.1368946693144534,0.4443833793861501,1.150308547727791,0.023471369362123,0.0713105213168353,geometric,0.75,,256,52,128,"joint(A,B); seed=101; train-class coverage checked"
credit,tabiclv2,2,geometric,1.6331268506690355,0.7422522727921564,0.128452936903358,0.4438272337326945,1.1496304057257416,0.0231919005221348,0.0713105213168353,geometric,0.75,,256,52,128,"joint(A,B); seed=101; train-class coverage checked"
credit,tabiclv2,2,hard_core,1.642944924765862,0.7473585186466069,0.1507253696648106,0.4429074165262257,1.1591410246690614,1.8154667900298699e-13,0.0713105213168353,geometric,0.75,,256,52,128,"joint(A,B); seed=101; train-class coverage checked"
credit,tabiclv2,2,soft_core_lambda_1,1.6372038324512106,0.7444846095279184,0.1420806362994538,0.4433586264137596,1.1533671717106229,0.0119514038198687,0.0713105213168353,geometric,0.75,,256,52,128,"joint(A,B); seed=101; train-class coverage checked"
credit,tabiclv2,2,selective_core,1.638601249649426,0.7445678751667533,0.127909342980647,0.4446064667494753,1.1539561130632694,0.0215322018898324,0.0713105213168353,geometric,0.75,,256,52,128,"joint(A,B); seed=101; train-class coverage checked"
credit,tabiclv2,3,j1_b_then_a,1.7241568755097891,0.7706533469917712,0.1167186719388529,0.5194803528815165,1.1818585913973638,0.0134321194927196,0.0567633677493859,mpr,1.0,,256,52,128,"joint(A,B); seed=101; train-class coverage checked"
credit,tabiclv2,3,j2_a_then_b,1.7062572818563462,0.7662351143652921,0.1066793189971076,0.5026710778382294,1.1755879649623862,0.0216890156940864,0.0567633677493859,mpr,1.0,,256,52,128,"joint(A,B); seed=101; train-class coverage checked"
credit,tabiclv2,3,independent,1.7353458395222328,0.7725258215474541,0.0682114991958187,0.5306693168939601,1.2046765226282727,1.7435326186282518e-17,0.0567633677493859,mpr,1.0,,256,52,128,"joint(A,B); seed=101; train-class coverage checked"
credit,tabiclv2,3,arithmetic,1.711522367173254,0.7674484365427202,0.1081922224297248,0.5096200424522059,1.1763556918095843,0.017560567593403,0.0567633677493859,mpr,1.0,,256,52,128,"joint(A,B); seed=101; train-class coverage checked"
credit,tabiclv2,3,geometric,1.712042343075274,0.7676451991565594,0.1125991590640199,0.5098999778480912,1.1763336082990437,0.0175579586026073,0.0567633677493859,mpr,1.0,,256,52,128,"joint(A,B); seed=101; train-class coverage checked"
credit,tabiclv2,3,hard_core,1.711531196035009,0.7691513142212034,0.0721915096304059,0.5068546734067367,1.1808618791413077,7.534825289200708e-14,0.0567633677493859,mpr,1.0,,256,52,128,"joint(A,B); seed=101; train-class coverage checked"
credit,tabiclv2,3,soft_core_lambda_1,1.7105674179747008,0.7680100505108742,0.092228100023542,0.507949141492593,1.1777378431956715,0.0089227851564883,0.0567633677493859,mpr,1.0,,256,52,128,"joint(A,B); seed=101; train-class coverage checked"
credit,tabiclv2,3,selective_core,1.7151119658447964,0.7699016399442007,0.0894840324529075,0.5104354432165238,1.1844426489508886,1.3511844163612181e-13,0.0567633677493859,mpr,1.0,,256,52,128,"joint(A,B); seed=101; train-class coverage checked"
credit,tabiclv2,4,j1_b_then_a,1.6467280858070203,0.7396744142487695,0.0866885341745152,0.4795870148687806,1.1006600258242434,0.0198742083099639,0.0837262365725801,arithmetic,,,256,52,128,"joint(A,B); seed=101; train-class coverage checked"
credit,tabiclv2,4,j2_a_then_b,1.6827898997908877,0.7506483156108477,0.0585605433347722,0.4790066585276216,1.1488375906492403,0.032457634523882,0.0837262365725801,arithmetic,,,256,52,128,"joint(A,B); seed=101; train-class coverage checked"
credit,tabiclv2,4,independent,1.701093380079887,0.7499242308087487,0.0616319370829012,0.5339523091416472,1.1671410709382397,1.1085967213664284e-17,0.0837262365725801,arithmetic,,,256,52,128,"joint(A,B); seed=101; train-class coverage checked"
credit,tabiclv2,4,arithmetic,1.6577962340858026,0.7429485346446677,0.0716401618714994,0.4764000521309353,1.1200285883810577,0.0261659214169229,0.0837262365725801,arithmetic,,,256,52,128,"joint(A,B); seed=101; train-class coverage checked"
credit,tabiclv2,4,geometric,1.658460706148532,0.743169174391948,0.0735194804549057,0.4763307732888463,1.1206753313040263,0.026305418234005,0.0837262365725801,arithmetic,,,256,52,128,"joint(A,B); seed=101; train-class coverage checked"
credit,tabiclv2,4,hard_core,1.6414032272095058,0.7389497375312346,0.0432281655657399,0.4742621562712661,1.1074509180680578,1.0378033339381728e-13,0.0837262365725801,arithmetic,,,256,52,128,"joint(A,B); seed=101; train-class coverage checked"
credit,tabiclv2,4,soft_core_lambda_1,1.6478682499694812,0.7403893006806959,0.0460177259212253,0.474880015541433,1.1122610826139043,0.0140157470191785,0.0837262365725801,arithmetic,,,256,52,128,"joint(A,B); seed=101; train-class coverage checked"
credit,tabiclv2,4,selective_core,1.6577962340858026,0.7429485346446677,0.0716401618714994,0.4764000521309353,1.1200285883810577,0.0261659214169229,0.0837262365725801,arithmetic,,,256,52,128,"joint(A,B); seed=101; train-class coverage checked"
credit,tabiclv2,5,j1_b_then_a,1.846453997551132,0.8091480493141161,0.0840862250752315,0.555653624232856,1.2605039418204296,0.0152653939203059,0.0793363154686557,j2_a_then_b,,,256,52,128,"joint(A,B); seed=101; train-class coverage checked"
credit,tabiclv2,5,j2_a_then_b,1.8029642452185943,0.7913088828091202,0.0977820643515912,0.5515240790274543,1.2000886882826731,0.034997886227515,0.0793363154686557,j2_a_then_b,,,256,52,128,"joint(A,B); seed=101; train-class coverage checked"
credit,tabiclv2,5,independent,1.8936759302541968,0.8254877793593001,0.1140286622204422,0.6028755569359217,1.2908003733182758,1.7296412782932813e-17,0.0793363154686557,j2_a_then_b,,,256,52,128,"joint(A,B); seed=101; train-class coverage checked"
credit,tabiclv2,5,arithmetic,1.8186512814513864,0.7982001471029602,0.0842412979849411,0.5519136951854571,1.2258180272979096,0.0251316400739104,0.0793363154686557,j2_a_then_b,,,256,52,128,"joint(A,B); seed=101; train-class coverage checked"
credit,tabiclv2,5,geometric,1.8189967248344927,0.7982765732903658,0.0847307267863482,0.5520618857147255,1.225657539294151,0.0250977777830971,0.0793363154686557,j2_a_then_b,,,256,52,128,"joint(A,B); seed=101; train-class coverage checked"
credit,tabiclv2,5,hard_core,1.859298993863476,0.8090122911454292,0.1024184965904604,0.5684986205451998,1.2564234369278129,1.2499146140841633e-13,0.0793363154686557,j2_a_then_b,,,256,52,128,"joint(A,B); seed=101; train-class coverage checked"
credit,tabiclv2,5,soft_core_lambda_1,1.8353863565432973,0.8028675564207933,0.0797807658079043,0.5580482518875853,1.2383827071372326,0.0137756909224924,0.0793363154686557,j2_a_then_b,,,256,52,128,"joint(A,B); seed=101; train-class coverage checked"
credit,tabiclv2,5,selective_core,1.8029642452185943,0.7913088828091202,0.0977820643515912,0.5515240790274543,1.2000886882826731,0.034997886227515,0.0793363154686557,j2_a_then_b,,,256,52,128,"joint(A,B); seed=101; train-class coverage checked"
credit,tabpfn3,1,j1_b_then_a,1.7577044727744071,0.782338460884798,0.1154789630199666,0.4946077675680084,1.1887318539635472,0.013786500903669,0.0591113506464885,geometric,1.0,,256,52,128,"joint(A,B); seed=101; train-class coverage checked"
credit,tabpfn3,1,j2_a_then_b,1.7519461016035378,0.7806025445454539,0.0679638817235197,0.4943602391004171,1.1857178785525575,0.0215096387814633,0.0591113506464885,geometric,1.0,,256,52,128,"joint(A,B); seed=101; train-class coverage checked"
credit,tabpfn3,1,independent,1.8293249282573791,0.8061299212739517,0.0616272528536603,0.5662282230509802,1.2630967052063986,1.1492543028346349e-17,0.0591113506464885,geometric,1.0,,256,52,128,"joint(A,B); seed=101; train-class coverage checked"
credit,tabpfn3,1,arithmetic,1.7518643006731447,0.7804652496712823,0.0263236390171662,0.4932241831233935,1.185012777464535,0.0176480698425661,0.0591113506464885,geometric,1.0,,256,52,128,"joint(A,B); seed=101; train-class coverage checked"
credit,tabpfn3,1,geometric,1.7516418986413522,0.7804031657038805,0.0259728709018322,0.4924383144641739,1.1851558381001674,0.0178186669905549,0.0591113506464885,geometric,1.0,,256,52,128,"joint(A,B); seed=101; train-class coverage checked"
credit,tabpfn3,1,hard_core,1.7609499027352524,0.7834899846304338,0.0762348531317658,0.4978531975288536,1.1947216796848714,7.979502339916164e-13,0.0591113506464885,geometric,1.0,,256,52,128,"joint(A,B); seed=101; train-class coverage checked"
credit,tabpfn3,1,soft_core_lambda_1,1.754012712800178,0.7810192851834035,0.0838441381261208,0.4941820466668645,1.188202354715037,0.0099517246634505,0.0591113506464885,geometric,1.0,,256,52,128,"joint(A,B); seed=101; train-class coverage checked"
credit,tabpfn3,1,selective_core,1.7577044727744071,0.782338460884798,0.1154789630199666,0.4946077675680084,1.188731853963547,0.013786500903669,0.0591113506464885,geometric,1.0,,256,52,128,"joint(A,B); seed=101; train-class coverage checked"
credit,tabpfn3,2,j1_b_then_a,1.625823787943614,0.7356021196065583,0.1313122682055951,0.460625218545037,1.1266676416499954,0.0197193383628984,0.0508447094418375,geometric,0.25,,256,52,128,"joint(A,B); seed=101; train-class coverage checked"
credit,tabpfn3,2,j2_a_then_b,1.6251949923584617,0.7326243654613362,0.0995385839701308,0.4645525130551939,1.1235863588154609,0.0164179042801179,0.0508447094418375,geometric,0.25,,256,52,128,"joint(A,B); seed=101; train-class coverage checked"
credit,tabpfn3,2,independent,1.6668072029415777,0.747906420165144,0.1263029517650174,0.5016086335430006,1.165198569398577,1.1207939958068902e-17,0.0508447094418375,geometric,0.25,,256,52,128,"joint(A,B); seed=101; train-class coverage checked"
credit,tabpfn3,2,arithmetic,1.6236131636208937,0.7333564418265699,0.1166466180492945,0.4614050593197342,1.1247459344053548,0.0180686213215082,0.0508447094418375,geometric,0.25,,256,52,128,"joint(A,B); seed=101; train-class coverage checked"
credit,tabpfn3,2,geometric,1.623196150329904,0.7333054345154764,0.1122811412566547,0.4613148280480395,1.1245016854504448,0.0180888634571027,0.0508447094418375,geometric,0.25,,256,52,128,"joint(A,B); seed=101; train-class coverage checked"
credit,tabpfn3,2,hard_core,1.6316705357388377,0.7369585012584372,0.1372435126990042,0.4664719663402604,1.130061902195954,7.652716351239097e-14,0.0508447094418375,geometric,0.25,,256,52,128,"joint(A,B); seed=101; train-class coverage checked"
credit,tabpfn3,2,soft_core_lambda_1,1.625950669799023,0.7346253502062724,0.1259323631589798,0.4632070890775209,1.126024198923411,0.0103569616186629,0.0508447094418375,geometric,0.25,,256,52,128,"joint(A,B); seed=101; train-class coverage checked"
credit,tabpfn3,2,selective_core,1.6236201089580986,0.7327650022261114,0.1014123469528524,0.4626152091961732,1.123886988740784,0.0172576599197511,0.0508447094418375,geometric,0.25,,256,52,128,"joint(A,B); seed=101; train-class coverage checked"
credit,tabpfn3,3,j1_b_then_a,1.7384949650512302,0.7789783991347283,0.0291198186945759,0.5231778399520801,1.19243148167969,0.0140775948782918,0.0473982536315994,soft,1.0,10.0,256,52,128,"joint(A,B); seed=101; train-class coverage checked"
credit,tabpfn3,3,j2_a_then_b,1.7147497157873208,0.7719748262075471,0.0927321241074468,0.5061340432333977,1.178576041867314,0.0167133043802147,0.0473982536315994,soft,1.0,10.0,256,52,128,"joint(A,B); seed=101; train-class coverage checked"
credit,tabpfn3,3,independent,1.7514907990191566,0.7816589555492057,0.0566064449755569,0.5361736739200065,1.21531712509915,1.0503208545953324e-17,0.0473982536315994,soft,1.0,10.0,256,52,128,"joint(A,B); seed=101; train-class coverage checked"
credit,tabpfn3,3,arithmetic,1.7251481125992312,0.7748409604066702,0.0590444384523248,0.5139820197162186,1.184738409042265,0.0153954496292533,0.0473982536315994,soft,1.0,10.0,256,52,128,"joint(A,B); seed=101; train-class coverage checked"
credit,tabpfn3,3,geometric,1.724741350784182,0.7747296705776079,0.0591098811448331,0.5137984565529127,1.1845729672904075,0.0153924468458219,0.0473982536315994,soft,1.0,10.0,256,52,128,"joint(A,B); seed=101; train-class coverage checked"
credit,tabpfn3,3,hard_core,1.72579911608596,0.776089906012571,0.0747204369614109,0.5104819909868101,1.1896254421661765,1.356247471100136e-13,0.0473982536315994,soft,1.0,10.0,256,52,128,"joint(A,B); seed=101; train-class coverage checked"
credit,tabpfn3,3,soft_core_lambda_1,1.7245623780300112,0.7751585589624728,0.0504380651502627,0.511940576160536,1.1864596787567208,0.0083326482822746,0.0473982536315994,soft,1.0,10.0,256,52,128,"joint(A,B); seed=101; train-class coverage checked"
credit,tabpfn3,3,selective_core,1.730981251546612,0.7771626236521598,0.0626233829961253,0.5158778482950991,1.1941799757114206,0.0016267094165827,0.0473982536315994,soft,1.0,10.0,256,52,128,"joint(A,B); seed=101; train-class coverage checked"
credit,tabpfn3,4,j1_b_then_a,1.674257491965446,0.757315785683485,0.1279652136652164,0.4675498367299931,1.141607916224899,0.011630753309291,0.0553709533824583,geometric,0.25,,256,52,128,"joint(A,B); seed=101; train-class coverage checked"
credit,tabpfn3,4,j2_a_then_b,1.6759712573557335,0.7523491392579404,0.0884748244258722,0.4797457264371479,1.14371624992986,0.0196272912599188,0.0553709533824583,geometric,0.25,,256,52,128,"joint(A,B); seed=101; train-class coverage checked"
credit,tabpfn3,4,independent,1.7389626626613264,0.7709544876894618,0.1499245513916562,0.5322550074258735,1.2067076552354528,1.3769367590565906e-17,0.0553709533824583,geometric,0.25,,256,52,128,"joint(A,B); seed=101; train-class coverage checked"
credit,tabpfn3,4,arithmetic,1.6722053916057562,0.7538841699752088,0.1296485283547249,0.472140428409728,1.1403688827201748,0.0156290222846049,0.0553709533824583,geometric,0.25,,256,52,128,"joint(A,B); seed=101; train-class coverage checked"
credit,tabpfn3,4,geometric,1.672307663727607,0.753846871466211,0.1294078595681692,0.4724144513705358,1.1404456892088686,0.0157720145774217,0.0553709533824583,geometric,0.25,,256,52,128,"joint(A,B); seed=101; train-class coverage checked"
credit,tabpfn3,4,hard_core,1.6787862515161298,0.7586154963023019,0.1277702788340292,0.472078596280677,1.1465312440895763,7.68933541514007e-13,0.0553709533824583,geometric,0.25,,256,52,128,"joint(A,B); seed=101; train-class coverage checked"
credit,tabpfn3,4,soft_core_lambda_1,1.674998095461371,0.7558756116488603,0.1361758799102693,0.4724655803117961,1.1424173838465057,0.0087469527572536,0.0553709533824583,geometric,0.25,,256,52,128,"joint(A,B); seed=101; train-class coverage checked"
credit,tabpfn3,4,selective_core,1.6734691688739085,0.7528686581056339,0.1254478561213554,0.4757704610816376,1.1415578704261995,0.0177363105243226,0.0553709533824583,geometric,0.25,,256,52,128,"joint(A,B); seed=101; train-class coverage checked"
credit,tabpfn3,5,j1_b_then_a,1.8414410105772712,0.7970681551632977,0.0708120658274984,0.583919235407151,1.2371359271475826,0.0140134907971386,0.060530116788214,j2_a_then_b,,,256,52,128,"joint(A,B); seed=101; train-class coverage checked"
credit,tabpfn3,5,j2_a_then_b,1.818089853750192,0.7896024447523589,0.0486887970876754,0.57761425671794,1.2095031190465182,0.0267950286924424,0.060530116788214,j2_a_then_b,,,256,52,128,"joint(A,B); seed=101; train-class coverage checked"
credit,tabpfn3,5,independent,1.8661085098737944,0.8135042833676415,0.0523838365670233,0.6085867347036737,1.2575217751701204,1.5029752616080305e-17,0.060530116788214,j2_a_then_b,,,256,52,128,"joint(A,B); seed=101; train-class coverage checked"
credit,tabpfn3,5,arithmetic,1.826985744518666,0.7919830416601947,0.0743947952983454,0.5800529007518707,1.2216299344111838,0.0204042597447905,0.060530116788214,j2_a_then_b,,,256,52,128,"joint(A,B); seed=101; train-class coverage checked"
credit,tabpfn3,5,geometric,1.8268054705927708,0.7919322835969304,0.0535077409673563,0.5802042314349094,1.2212746272550814,0.020472925249707,0.060530116788214,j2_a_then_b,,,256,52,128,"joint(A,B); seed=101; train-class coverage checked"
credit,tabpfn3,5,hard_core,1.850281854650981,0.7955459278331254,0.0626205743033933,0.5927600794808604,1.2416951199492443,1.2252903566442076e-12,0.060530116788214,j2_a_then_b,,,256,52,128,"joint(A,B); seed=101; train-class coverage checked"
credit,tabpfn3,5,soft_core_lambda_1,1.8344104465540896,0.793065419592209,0.0601874580533561,0.5839588532610502,1.2283012870625694,0.0119703304698945,0.060530116788214,j2_a_then_b,,,256,52,128,"joint(A,B); seed=101; train-class coverage checked"
credit,tabpfn3,5,selective_core,1.818089853750192,0.7896024447523589,0.0486887970876754,0.57761425671794,1.2095031190465182,0.0267950286924424,0.060530116788214,j2_a_then_b,,,256,52,128,"joint(A,B); seed=101; train-class coverage checked"
credit,catboost,1,j1_b_then_a,1.766512829493234,0.7851635522179881,0.1177798940556367,0.5053770680338461,1.1954454129431986,0.0195388793440663,0.0751740957035292,mpr,1.0,,256,52,128,"joint(A,B); seed=101; train-class coverage checked"
credit,catboost,1,j2_a_then_b,1.7736743071189516,0.7882740101499026,0.1022683779974252,0.5046941570437589,1.2100109900315112,0.0250264143300572,0.0751740957035292,mpr,1.0,,256,52,128,"joint(A,B); seed=101; train-class coverage checked"
credit,catboost,1,independent,1.8247990785468289,0.8026227155182672,0.0575946889325159,0.5636633170874406,1.261135761459388,2.779623319709712e-17,0.0751740957035292,mpr,1.0,,256,52,128,"joint(A,B); seed=101; train-class coverage checked"
credit,catboost,1,arithmetic,1.7652366469567968,0.7853170405080545,0.1093870112753031,0.5025162607554123,1.1991675376327535,0.0222826468370617,0.0751740957035292,mpr,1.0,,256,52,128,"joint(A,B); seed=101; train-class coverage checked"
credit,catboost,1,geometric,1.7655208494548442,0.785383594281967,0.0987715079929247,0.5029433908704986,1.1994458109028985,0.022091480570059,0.0751740957035292,mpr,1.0,,256,52,128,"joint(A,B); seed=101; train-class coverage checked"
credit,catboost,1,hard_core,1.763919252759015,0.7835277801208497,0.0688405640804704,0.502783491299627,1.2002559356714977,2.863055522913176e-13,0.0751740957035292,mpr,1.0,,256,52,128,"joint(A,B); seed=101; train-class coverage checked"
credit,catboost,1,soft_core_lambda_1,1.7632628718393897,0.7840415628085536,0.1338389953655036,0.5021184679190901,1.199083967101833,0.011314881238642,0.0751740957035292,mpr,1.0,,256,52,128,"joint(A,B); seed=101; train-class coverage checked"
credit,catboost,1,selective_core,1.7617677403015657,0.7822864756710401,0.0613411267501871,0.5006319788421776,1.1981044232140283,7.42526293272608e-14,0.0751740957035292,mpr,1.0,,256,52,128,"joint(A,B); seed=101; train-class coverage checked"
credit,catboost,2,j1_b_then_a,1.6545019337163178,0.7427817798061513,0.0935681977683575,0.4821738207632546,1.1299294747692037,0.0143704752486706,0.063918867868126,j1_b_then_a,,,256,52,128,"joint(A,B); seed=101; train-class coverage checked"
credit,catboost,2,j2_a_then_b,1.6705214721162271,0.7472262989322601,0.1142125048762143,0.4955050288997122,1.1372412961279472,0.0199576525670378,0.063918867868126,j1_b_then_a,,,256,52,128,"joint(A,B); seed=101; train-class coverage checked"
credit,catboost,2,independent,1.705608288941343,0.7580436185926865,0.1165310844612921,0.5332801759882799,1.1723281129530632,2.373047505027648e-17,0.063918867868126,j1_b_then_a,,,256,52,128,"joint(A,B); seed=101; train-class coverage checked"
credit,catboost,2,arithmetic,1.6593595567807151,0.7439690453807483,0.099491517154182,0.486881140059343,1.1312167775581303,0.0171640639078542,0.063918867868126,j1_b_then_a,,,256,52,128,"joint(A,B); seed=101; train-class coverage checked"
credit,catboost,2,geometric,1.6588220105334988,0.7438914796836518,0.0990644056916466,0.4863781013526491,1.1307242126636652,0.0171012728059764,0.063918867868126,j1_b_then_a,,,256,52,128,"joint(A,B); seed=101; train-class coverage checked"
credit,catboost,2,hard_core,1.6639406058077495,0.7456488098623698,0.0715223659046887,0.4916124928546863,1.130660429819877,2.143507674958953e-13,0.063918867868126,j1_b_then_a,,,256,52,128,"joint(A,B); seed=101; train-class coverage checked"
credit,catboost,2,soft_core_lambda_1,1.660735305373672,0.7446414701305951,0.0854544058016881,0.4885125464024485,1.130378469022793,0.0089222061225126,0.063918867868126,j1_b_then_a,,,256,52,128,"joint(A,B); seed=101; train-class coverage checked"
credit,catboost,2,selective_core,1.6545019337163178,0.7427817798061513,0.0935681977683575,0.4821738207632546,1.1299294747692037,0.0143704752486706,0.063918867868126,j1_b_then_a,,,256,52,128,"joint(A,B); seed=101; train-class coverage checked"
credit,catboost,3,j1_b_then_a,1.765151675115447,0.7888529964901346,0.0553570751564218,0.5426641428713045,1.2011824272387113,0.014966197237902,0.0602830861918482,arithmetic,,,256,52,128,"joint(A,B); seed=101; train-class coverage checked"
credit,catboost,3,j2_a_then_b,1.753238441243271,0.7839422458046774,0.0587641520482459,0.5367577898306641,1.193552050392301,0.0215979032284633,0.0602830861918482,arithmetic,,,256,52,128,"joint(A,B); seed=101; train-class coverage checked"
credit,catboost,3,independent,1.782173923095113,0.7920075188743009,0.0697022506709199,0.5596863908509703,1.2224875322441426,2.6955976513420854e-17,0.0602830861918482,arithmetic,,,256,52,128,"joint(A,B); seed=101; train-class coverage checked"
credit,catboost,3,arithmetic,1.7560201404101223,0.7853965968572951,0.0444932368400336,0.5379964220383737,1.1951053567363812,0.0182820502331826,0.0602830861918482,arithmetic,,,256,52,128,"joint(A,B); seed=101; train-class coverage checked"
credit,catboost,3,geometric,1.7560768223299184,0.7852749041496535,0.044375574088799,0.5384021105559513,1.1951984948669891,0.0181021510640182,0.0602830861918482,arithmetic,,,256,52,128,"joint(A,B); seed=101; train-class coverage checked"
credit,catboost,3,hard_core,1.760865642800892,0.7868422195885877,0.0537098921142902,0.5383781105567493,1.201179251949831,3.735998056059176e-14,0.0602830861918482,arithmetic,,,256,52,128,"joint(A,B); seed=101; train-class coverage checked"
credit,catboost,3,soft_core_lambda_1,1.7575464700639174,0.7856845191658763,0.0415454708832866,0.5381794788267479,1.197449425611037,0.0092458277132269,0.0602830861918482,arithmetic,,,256,52,128,"joint(A,B); seed=101; train-class coverage checked"
credit,catboost,3,selective_core,1.7560201404101223,0.7853965968572951,0.0444932368400336,0.5379964220383737,1.1951053567363812,0.0182820502331826,0.0602830861918482,arithmetic,,,256,52,128,"joint(A,B); seed=101; train-class coverage checked"
credit,catboost,4,j1_b_then_a,1.6960737082747548,0.7539177448392177,0.0821831798760806,0.5027989039977295,1.1430151203049363,0.014773000450721,0.0568824058631629,j1_b_then_a,,,256,52,128,"joint(A,B); seed=101; train-class coverage checked"
credit,catboost,4,j2_a_then_b,1.710777791576785,0.7597804222586921,0.065141007021406,0.51250237093435,1.1565837960154812,0.0197209361124732,0.0568824058631629,j1_b_then_a,,,256,52,128,"joint(A,B); seed=101; train-class coverage checked"
credit,catboost,4,independent,1.7474687998383291,0.7680804712176719,0.114495719330749,0.5541939955613038,1.1932748042770251,2.3418766925686896e-17,0.0568824058631629,j1_b_then_a,,,256,52,128,"joint(A,B); seed=101; train-class coverage checked"
credit,catboost,4,arithmetic,1.7007699688356137,0.7559706074664323,0.0973032136971627,0.5061349230085384,1.1482453431825177,0.0172469682815971,0.0568824058631629,j1_b_then_a,,,256,52,128,"joint(A,B); seed=101; train-class coverage checked"
credit,catboost,4,geometric,1.7006121209549974,0.7558501174008919,0.0972571902849978,0.506158665652545,1.147789049315168,0.0172906430692198,0.0568824058631629,j1_b_then_a,,,256,52,128,"joint(A,B); seed=101; train-class coverage checked"
credit,catboost,4,hard_core,1.7025672966257823,0.7544416442808608,0.0861254162440214,0.5092924923487572,1.1483733010644244,4.371913258933297e-13,0.0568824058631629,j1_b_then_a,,,256,52,128,"joint(A,B); seed=101; train-class coverage checked"
credit,catboost,4,soft_core_lambda_1,1.7004863565536503,0.7548491823951522,0.0678177540652245,0.5070489023228403,1.1475252847802715,0.0091571790352032,0.0568824058631629,j1_b_then_a,,,256,52,128,"joint(A,B); seed=101; train-class coverage checked"
credit,catboost,4,selective_core,1.6960737082747548,0.7539177448392177,0.0821831798760806,0.5027989039977295,1.1430151203049363,0.014773000450721,0.0568824058631629,j1_b_then_a,,,256,52,128,"joint(A,B); seed=101; train-class coverage checked"
credit,catboost,5,j1_b_then_a,1.805213134891296,0.7988646387499578,0.0745631017072604,0.5533430120458094,1.208645752930983,0.0204567318453208,0.065875255359277,soft,1.0,1.0,256,52,128,"joint(A,B); seed=101; train-class coverage checked"
credit,catboost,5,j2_a_then_b,1.8096043797525083,0.7959894032407523,0.0783550063475229,0.5599785059926807,1.212108534481891,0.0210875112636394,0.065875255359277,soft,1.0,1.0,256,52,128,"joint(A,B); seed=101; train-class coverage checked"
credit,catboost,5,independent,1.849365968116104,0.8159985875540458,0.0765406584341464,0.5974958452706178,1.2518701228454865,3.134699531198715e-17,0.065875255359277,soft,1.0,1.0,256,52,128,"joint(A,B); seed=101; train-class coverage checked"
credit,catboost,5,arithmetic,1.804162679481223,0.7963198859261864,0.0875712145771571,0.5549024691812321,1.2091892763049978,0.0207721215544801,0.065875255359277,soft,1.0,1.0,256,52,128,"joint(A,B); seed=101; train-class coverage checked"
credit,catboost,5,geometric,1.803297026835959,0.7961476109621031,0.0851925988013649,0.5543556443668775,1.2081197203857974,0.020817552759586,0.065875255359277,soft,1.0,1.0,256,52,128,"joint(A,B); seed=101; train-class coverage checked"
credit,catboost,5,hard_core,1.8124114475027016,0.7982522386326221,0.0873506151024839,0.5605413246572154,1.2149156022315155,2.218245254365439e-13,0.065875255359277,soft,1.0,1.0,256,52,128,"joint(A,B); seed=101; train-class coverage checked"
credit,catboost,5,soft_core_lambda_1,1.8059051691577508,0.79663983451343,0.0916614528633936,0.5566564576977796,1.2101248967471343,0.0108857502717898,0.065875255359277,soft,1.0,1.0,256,52,128,"joint(A,B); seed=101; train-class coverage checked"
credit,catboost,5,selective_core,1.8054269965965688,0.7973311412414249,0.0853319247271115,0.55531100401864,1.2102178300431592,0.0117841069468754,0.065875255359277,soft,1.0,1.0,256,52,128,"joint(A,B); seed=101; train-class coverage checked"
mic,tabiclv2,1,j1_b_then_a,1.0643569440596865,0.4830781714191852,0.0811859883698005,0.5332895492697746,0.5309376493673295,0.0057612002083812,0.0418042179134839,j2_a_then_b,,,256,52,128,"joint(A,B); seed=101; train-class coverage checked"
mic,tabiclv2,1,j2_a_then_b,1.0468301399964246,0.4656627030636301,0.0775821570410149,0.5342374435799999,0.517970710209841,0.0174443188546653,0.0418042179134839,j2_a_then_b,,,256,52,128,"joint(A,B); seed=101; train-class coverage checked"
mic,tabiclv2,1,independent,1.059926824576496,0.482430221684655,0.1129687053634563,0.5288594297865837,0.5310673947899122,3.323169655918717e-17,0.0418042179134839,j2_a_then_b,,,256,52,128,"joint(A,B); seed=101; train-class coverage checked"
mic,tabiclv2,1,arithmetic,1.0523289631981487,0.473429584022319,0.0462314535986773,0.5320260863939433,0.5219455607600295,0.0116027595315233,0.0418042179134839,j2_a_then_b,,,256,52,128,"joint(A,B); seed=101; train-class coverage checked"
mic,tabiclv2,1,geometric,1.053256156288696,0.4737011912068208,0.0518909484581064,0.5328149300612264,0.522275593548132,0.0115666621325092,0.0418042179134839,j2_a_then_b,,,256,52,128,"joint(A,B); seed=101; train-class coverage checked"
mic,tabiclv2,1,hard_core,1.061365006056184,0.4826254462467598,0.0983005196716971,0.5302976112662718,0.5325055762690009,1.5256176116644845e-13,0.0418042179134839,j2_a_then_b,,,256,52,128,"joint(A,B); seed=101; train-class coverage checked"
mic,tabiclv2,1,soft_core_lambda_1,1.056939142385298,0.4780193948574846,0.0839572536152739,0.5315275895372599,0.5270568744201588,0.0057933112537592,0.0418042179134839,j2_a_then_b,,,256,52,128,"joint(A,B); seed=101; train-class coverage checked"
mic,tabiclv2,1,selective_core,1.0468301399964246,0.4656627030636301,0.0775821570410149,0.5342374435799999,0.517970710209841,0.0174443188546653,0.0418042179134839,j2_a_then_b,,,256,52,128,"joint(A,B); seed=101; train-class coverage checked"
mic,tabiclv2,2,j1_b_then_a,1.032877396891076,0.4594629966162728,0.1053862889187894,0.5487737699710915,0.4891368616058705,0.0078521197064549,0.0375101461258584,arithmetic,,,256,52,128,"joint(A,B); seed=101; train-class coverage checked"
mic,tabiclv2,2,j2_a_then_b,1.0129785402917029,0.456951250291337,0.101000874625393,0.5328079298465973,0.4768139612947967,0.0135638132027352,0.0375101461258584,arithmetic,,,256,52,128,"joint(A,B); seed=101; train-class coverage checked"
mic,tabiclv2,2,independent,1.0202682059168908,0.4589260666690782,0.0840571868359034,0.5361645789969063,0.4841036269199844,3.386437723122693e-17,0.0375101461258584,arithmetic,,,256,52,128,"joint(A,B); seed=101; train-class coverage checked"
mic,tabiclv2,2,arithmetic,1.0196633841227043,0.4574503074254338,0.1281143503443549,0.5388796875996915,0.4806979319611287,0.0107079664545951,0.0375101461258584,arithmetic,,,256,52,128,"joint(A,B); seed=101; train-class coverage checked"
mic,tabiclv2,2,geometric,1.020540796617678,0.4575677164943108,0.1284253570035855,0.5394610486012799,0.4811600884956035,0.0106520901868979,0.0375101461258584,arithmetic,,,256,52,128,"joint(A,B); seed=101; train-class coverage checked"
mic,tabiclv2,2,hard_core,1.0208720149011032,0.4596086874440377,0.0946760882861184,0.5367683879811189,0.4847074359041824,2.746189510501398e-14,0.0375101461258584,arithmetic,,,256,52,128,"joint(A,B); seed=101; train-class coverage checked"
mic,tabiclv2,2,soft_core_lambda_1,1.020046269995872,0.4583839011126618,0.1125855475820801,0.5377711936950995,0.4825994108937799,0.0053828135381106,0.0375101461258584,arithmetic,,,256,52,128,"joint(A,B); seed=101; train-class coverage checked"
mic,tabiclv2,2,selective_core,1.0196633841227043,0.4574503074254338,0.1281143503443549,0.5388796875996915,0.4806979319611287,0.0107079664545951,0.0375101461258584,arithmetic,,,256,52,128,"joint(A,B); seed=101; train-class coverage checked"
mic,tabiclv2,3,j1_b_then_a,1.0547430621254008,0.4792071913719099,0.1120092098264616,0.4870100019112522,0.5698356619074669,0.0132640738392819,0.0414462112269109,geometric,0.0,,256,52,128,"joint(A,B); seed=101; train-class coverage checked"
mic,tabiclv2,3,j2_a_then_b,1.059219244735352,0.4760065268177598,0.1086617169582406,0.4939041959618849,0.5648852997619376,0.0113654803586338,0.0414462112269109,geometric,0.0,,256,52,128,"joint(A,B); seed=101; train-class coverage checked"
mic,tabiclv2,3,independent,1.0620670051875631,0.4771782831644231,0.1048515095373415,0.4943339449734146,0.5677330602141485,3.869045332732671e-17,0.0414462112269109,geometric,0.0,,256,52,128,"joint(A,B); seed=101; train-class coverage checked"
mic,tabiclv2,3,arithmetic,1.0547078780739887,0.4768676239934545,0.1088567591246699,0.4889199775532209,0.5669841300356899,0.0123147770989578,0.0414462112269109,geometric,0.0,,256,52,128,"joint(A,B); seed=101; train-class coverage checked"
mic,tabiclv2,3,geometric,1.0545228603822654,0.4767551629217257,0.1027459358502885,0.4886905385790694,0.5666479318193021,0.0120903848721649,0.0414462112269109,geometric,0.0,,256,52,128,"joint(A,B); seed=101; train-class coverage checked"
mic,tabiclv2,3,hard_core,1.063315476160123,0.4769235508926959,0.0937398857408934,0.4955824159459744,0.56898153118649,9.96960761533077e-14,0.0414462112269109,geometric,0.0,,256,52,128,"joint(A,B); seed=101; train-class coverage checked"
mic,tabiclv2,3,soft_core_lambda_1,1.0582158452007675,0.4766203143134764,0.098509032353151,0.4916961676277778,0.567543488459318,0.0060212955985737,0.0414462112269109,geometric,0.0,,256,52,128,"joint(A,B); seed=101; train-class coverage checked"
mic,tabiclv2,3,selective_core,1.059219244735352,0.4760065268177599,0.1086617169582406,0.4939041959618849,0.5648852997619376,0.0113654803586338,0.0414462112269109,geometric,0.0,,256,52,128,"joint(A,B); seed=101; train-class coverage checked"
mic,tabiclv2,4,j1_b_then_a,1.0011286384516511,0.4582844673844654,0.1322286033543478,0.4514039616081111,0.5499948053745731,0.0073348628122553,0.0429921507202315,j1_b_then_a,,,256,52,128,"joint(A,B); seed=101; train-class coverage checked"
mic,tabiclv2,4,j2_a_then_b,0.9850585911553144,0.4519675413310876,0.110298165343737,0.4522742144683922,0.5303465762171624,0.0183135716176469,0.0429921507202315,j1_b_then_a,,,256,52,128,"joint(A,B); seed=101; train-class coverage checked"
mic,tabiclv2,4,independent,1.004436691781692,0.4595162908834104,0.1434944965603802,0.4547120149381518,0.54972467684354,3.3009297470973705e-17,0.0429921507202315,j1_b_then_a,,,256,52,128,"joint(A,B); seed=101; train-class coverage checked"
mic,tabiclv2,4,arithmetic,0.9901239824587031,0.453663283652817,0.1216156992712013,0.4511942984492848,0.5376135593835083,0.0128242172149511,0.0429921507202315,j1_b_then_a,,,256,52,128,"joint(A,B); seed=101; train-class coverage checked"
mic,tabiclv2,4,geometric,0.989835936284496,0.4533495851000531,0.1175099094318564,0.4512731724569606,0.5371821231696721,0.0128493785052364,0.0429921507202315,j1_b_then_a,,,256,52,128,"joint(A,B); seed=101; train-class coverage checked"
mic,tabiclv2,4,hard_core,1.003501900038097,0.4581266963889452,0.1475858672722752,0.453777223194557,0.5487898851000017,1.082108434094834e-14,0.0429921507202315,j1_b_then_a,,,256,52,128,"joint(A,B); seed=101; train-class coverage checked"
mic,tabiclv2,4,soft_core_lambda_1,0.9957373345211932,0.4552539702531152,0.1672368448879006,0.4523000994381733,0.5422711026371216,0.0064210066843932,0.0429921507202315,j1_b_then_a,,,256,52,128,"joint(A,B); seed=101; train-class coverage checked"
mic,tabiclv2,4,selective_core,1.0011286384516511,0.4582844673844654,0.1322286033543478,0.4514039616081111,0.5499948053745731,0.0073348628122553,0.0429921507202315,j1_b_then_a,,,256,52,128,"joint(A,B); seed=101; train-class coverage checked"
mic,tabiclv2,5,j1_b_then_a,1.0486587201526305,0.4661589859975915,0.1092246352989553,0.5699194088849238,0.4786499717139314,0.0076645109474102,0.0472924396010299,j1_b_then_a,,,256,52,128,"joint(A,B); seed=101; train-class coverage checked"
mic,tabiclv2,5,j2_a_then_b,1.0556152594659842,0.4672420888550526,0.1185560685186805,0.5796672638918147,0.4736280876700037,0.0184783200767335,0.0472924396010299,j1_b_then_a,,,256,52,128,"joint(A,B); seed=101; train-class coverage checked"
mic,tabiclv2,5,independent,1.060726483063687,0.4703885604167795,0.1204186068971937,0.5819871717959806,0.4787393112677067,3.439853738358917e-17,0.0472924396010299,j1_b_then_a,,,256,52,128,"joint(A,B); seed=101; train-class coverage checked"
mic,tabiclv2,5,arithmetic,1.0501182178291364,0.4653119515096678,0.1216168578976934,0.5741219354433614,0.4748800955767386,0.0130714155120718,0.0472924396010299,j1_b_then_a,,,256,52,128,"joint(A,B); seed=101; train-class coverage checked"
mic,tabiclv2,5,geometric,1.0495576662251518,0.4650109377625168,0.1212821586603713,0.573922334850568,0.4745511632457389,0.0130499047625608,0.0472924396010299,j1_b_then_a,,,256,52,128,"joint(A,B); seed=101; train-class coverage checked"
mic,tabiclv2,5,hard_core,1.0598456744682918,0.4696824526723523,0.1158481109759397,0.5811063632005851,0.4778585026723656,8.904726603185315e-14,0.0472924396010299,j1_b_then_a,,,256,52,128,"joint(A,B); seed=101; train-class coverage checked"
mic,tabiclv2,5,soft_core_lambda_1,1.054009263325351,0.4669424990472504,0.1197554438810848,0.577244036485741,0.4757848843554951,0.0065151655664335,0.0472924396010299,j1_b_then_a,,,256,52,128,"joint(A,B); seed=101; train-class coverage checked"
mic,tabiclv2,5,selective_core,1.0486587201526305,0.4661589859975915,0.1092246352989553,0.5699194088849238,0.4786499717139314,0.0076645109474102,0.0472924396010299,j1_b_then_a,,,256,52,128,"joint(A,B); seed=101; train-class coverage checked"
mic,tabpfn3,1,j1_b_then_a,1.0478381669895316,0.4690503222141244,0.0931712727709221,0.5403740111896829,0.506526017934231,0.0049596667875791,0.0267648222790154,soft,0.0,1.0,256,52,128,"joint(A,B); seed=101; train-class coverage checked"
mic,tabpfn3,1,j2_a_then_b,1.0391192384605823,0.4677633018461606,0.072339060237559,0.538147033564078,0.5016079103649396,0.0096256743858652,0.0267648222790154,soft,0.0,1.0,256,52,128,"joint(A,B); seed=101; train-class coverage checked"
mic,tabpfn3,1,independent,1.0449754838954917,0.469695354045792,0.0897878559732417,0.5375113280956427,0.5074641557998489,3.383650455330634e-17,0.0267648222790154,soft,0.0,1.0,256,52,128,"joint(A,B); seed=101; train-class coverage checked"
mic,tabpfn3,1,arithmetic,1.042572243551028,0.4680950147128285,0.0563139149742348,0.5387665204626837,0.5036254689185999,0.0072926705867222,0.0267648222790154,soft,0.0,1.0,256,52,128,"joint(A,B); seed=101; train-class coverage checked"
mic,tabpfn3,1,geometric,1.0424798331482426,0.4680727651828503,0.0565314169919844,0.5387415540652376,0.5032937757672864,0.0073450592116678,0.0267648222790154,soft,0.0,1.0,256,52,128,"joint(A,B); seed=101; train-class coverage checked"
mic,tabpfn3,1,hard_core,1.04436025658391,0.469736031574417,0.0993739339925473,0.5368961007840611,0.5068489284883244,1.37912161966354e-14,0.0267648222790154,soft,0.0,1.0,256,52,128,"joint(A,B); seed=101; train-class coverage checked"
mic,tabpfn3,1,soft_core_lambda_1,1.0432668240107108,0.468866140455026,0.0723000302012149,0.5377292684490236,0.5050056901405479,0.0036781127323744,0.0267648222790154,soft,0.0,1.0,256,52,128,"joint(A,B); seed=101; train-class coverage checked"
mic,tabpfn3,1,selective_core,1.0419474829926696,0.4689071912821376,0.067645922020987,0.5381515418651394,0.5044251646011142,0.0049248654877606,0.0267648222790154,soft,0.0,1.0,256,52,128,"joint(A,B); seed=101; train-class coverage checked"
mic,tabpfn3,2,j1_b_then_a,1.0462399729759275,0.4683720724398911,0.1567902693191555,0.5483160426869552,0.5005450044086088,0.0061187159107641,0.0216928493260483,j1_b_then_a,,,256,52,128,"joint(A,B); seed=101; train-class coverage checked"
mic,tabpfn3,2,j2_a_then_b,1.0354976663339914,0.4667016561600959,0.1557482307530288,0.5405255103437033,0.4940944816854973,0.0067388588817291,0.0216928493260483,j1_b_then_a,,,256,52,128,"joint(A,B); seed=101; train-class coverage checked"
mic,tabpfn3,2,independent,1.0393271149374668,0.4652190583182173,0.155800481158444,0.5414031846484944,0.4979239302889725,3.4009855139917854e-17,0.0216928493260483,j1_b_then_a,,,256,52,128,"joint(A,B); seed=101; train-class coverage checked"
mic,tabpfn3,2,arithmetic,1.0397662562519232,0.4673270980928206,0.170136067407576,0.5435968096397602,0.4966253494390837,0.0064287873962466,0.0216928493260483,j1_b_then_a,,,256,52,128,"joint(A,B); seed=101; train-class coverage checked"
mic,tabpfn3,2,geometric,1.0399413623796538,0.4672589919673905,0.1701919518323967,0.5438014932410578,0.4968220293275925,0.0064096609931334,0.0216928493260483,j1_b_then_a,,,256,52,128,"joint(A,B); seed=101; train-class coverage checked"
mic,tabpfn3,2,hard_core,1.0403596980554903,0.4664098669661513,0.1529736206734701,0.5424357677665177,0.4989565134070362,1.3691670105347215e-14,0.0216928493260483,j1_b_then_a,,,256,52,128,"joint(A,B); seed=101; train-class coverage checked"
mic,tabpfn3,2,soft_core_lambda_1,1.0398725434520006,0.4667880510891146,0.1640455149239306,0.5429566959801573,0.4977698556217221,0.0032072229789808,0.0216928493260483,j1_b_then_a,,,256,52,128,"joint(A,B); seed=101; train-class coverage checked"
mic,tabpfn3,2,selective_core,1.0462399729759275,0.4683720724398911,0.1567902693191555,0.5483160426869552,0.5005450044086088,0.0061187159107641,0.0216928493260483,j1_b_then_a,,,256,52,128,"joint(A,B); seed=101; train-class coverage checked"
mic,tabpfn3,3,j1_b_then_a,1.0297102075411213,0.477483114048563,0.0907560756042833,0.4718545911055818,0.5560271853420664,0.0056051026607489,0.0155401951575246,j2_a_then_b,,,256,52,128,"joint(A,B); seed=101; train-class coverage checked"
mic,tabpfn3,3,j2_a_then_b,1.0285390911922747,0.4771098321640148,0.0838456654154351,0.4730354909308247,0.5544925511446994,0.0037484277356262,0.0155401951575246,j2_a_then_b,,,256,52,128,"joint(A,B); seed=101; train-class coverage checked"
mic,tabpfn3,3,independent,1.031902156483115,0.4787954842756742,0.0798349773112529,0.4740465400475754,0.5578556164355395,2.943524195003419e-17,0.0155401951575246,j2_a_then_b,,,256,52,128,"joint(A,B); seed=101; train-class coverage checked"
mic,tabpfn3,3,arithmetic,1.0286980246051356,0.4771968296046367,0.0954278605729889,0.4721518664939975,0.5551069696255904,0.0046767651981876,0.0155401951575246,j2_a_then_b,,,256,52,128,"joint(A,B); seed=101; train-class coverage checked"
mic,tabpfn3,3,geometric,1.0286762391761912,0.4772056126805888,0.0955076784379843,0.4720602402582201,0.555175848828207,0.0046522264119639,0.0155401951575246,j2_a_then_b,,,256,52,128,"joint(A,B); seed=101; train-class coverage checked"
mic,tabpfn3,3,hard_core,1.0305577935879255,0.4785866335167804,0.0803690635401303,0.4727021771523861,0.556511253540382,1.2332032829567991e-14,0.0155401951575246,j2_a_then_b,,,256,52,128,"joint(A,B); seed=101; train-class coverage checked"
mic,tabpfn3,3,soft_core_lambda_1,1.029484514188315,0.4778582674684097,0.0888837842011771,0.4722846702742428,0.5558065664802545,0.0023322947492227,0.0155401951575246,j2_a_then_b,,,256,52,128,"joint(A,B); seed=101; train-class coverage checked"
mic,tabpfn3,3,selective_core,1.0285390911922747,0.4771098321640148,0.0838456654154351,0.4730354909308247,0.5544925511446994,0.0037484277356262,0.0155401951575246,j2_a_then_b,,,256,52,128,"joint(A,B); seed=101; train-class coverage checked"
mic,tabpfn3,4,j1_b_then_a,0.9584091683096588,0.441505921634002,0.1155046687810898,0.4308968584615062,0.525097209903524,0.0060103181327851,0.0198670965102223,j1_b_then_a,,,256,52,128,"joint(A,B); seed=101; train-class coverage checked"
mic,tabpfn3,4,j2_a_then_b,0.9613189996092814,0.4421591396819896,0.0894725340264511,0.4331250909673531,0.5264981712200274,0.0060340946222226,0.0198670965102223,j1_b_then_a,,,256,52,128,"joint(A,B); seed=101; train-class coverage checked"
mic,tabpfn3,4,independent,0.9623331382374068,0.4439939728241215,0.084272266442867,0.4348208283892539,0.5275123098481528,3.124535135831663e-17,0.0198670965102223,j1_b_then_a,,,256,52,128,"joint(A,B); seed=101; train-class coverage checked"
mic,tabpfn3,4,arithmetic,0.9593575685908876,0.4416624481995232,0.1071762957499195,0.4317318574349458,0.5255296428823331,0.0060222063775038,0.0198670965102223,j1_b_then_a,,,256,52,128,"joint(A,B); seed=101; train-class coverage checked"
mic,tabpfn3,4,geometric,0.959286802723131,0.441638606427461,0.1071134277664833,0.4316368171586393,0.5255820012496362,0.0060376354120443,0.0198670965102223,j1_b_then_a,,,256,52,128,"joint(A,B); seed=101; train-class coverage checked"
mic,tabpfn3,4,hard_core,0.96035131453123,0.4430216327881111,0.0998674638154183,0.4328390046830774,0.5255304861420085,8.887483987582445e-15,0.0198670965102223,j1_b_then_a,,,256,52,128,"joint(A,B); seed=101; train-class coverage checked"
mic,tabpfn3,4,soft_core_lambda_1,0.9596662962053928,0.442277830038411,0.0893617360178657,0.4321417562294186,0.525500929861627,0.0030129214405698,0.0198670965102223,j1_b_then_a,,,256,52,128,"joint(A,B); seed=101; train-class coverage checked"
mic,tabpfn3,4,selective_core,0.9584091683096588,0.441505921634002,0.1155046687810898,0.4308968584615062,0.525097209903524,0.0060103181327851,0.0198670965102223,j1_b_then_a,,,256,52,128,"joint(A,B); seed=101; train-class coverage checked"
mic,tabpfn3,5,j1_b_then_a,1.016214747412724,0.4496859408493465,0.1072649260061641,0.5448640591425365,0.4709523639082066,0.0050234458701662,0.0187101881027849,j2_a_then_b,,,256,52,128,"joint(A,B); seed=101; train-class coverage checked"
mic,tabpfn3,5,j2_a_then_b,1.004709621012203,0.4496083049106953,0.0983747669288317,0.5368303980499827,0.4666173870721452,0.0061220400758709,0.0187101881027849,j2_a_then_b,,,256,52,128,"joint(A,B); seed=101; train-class coverage checked"
mic,tabpfn3,5,independent,1.0094429222102452,0.4498658139758463,0.1014759440625368,0.5380922339400579,0.4713506882701872,3.3921618129615603e-17,0.0187101881027849,j2_a_then_b,,,256,52,128,"joint(A,B); seed=101; train-class coverage checked"
mic,tabpfn3,5,arithmetic,1.0097346988284044,0.4494607625761291,0.1120559315414044,0.5402827517844719,0.4686425464918969,0.0055727429730185,0.0187101881027849,j2_a_then_b,,,256,52,128,"joint(A,B); seed=101; train-class coverage checked"
mic,tabpfn3,5,geometric,1.009952067126854,0.4494759796835131,0.1084453595397067,0.5405246719441016,0.4685855333446367,0.0056527587719513,0.0187101881027849,j2_a_then_b,,,256,52,128,"joint(A,B); seed=101; train-class coverage checked"
mic,tabpfn3,5,hard_core,1.0085971177932227,0.44926887735736,0.1010042799827015,0.5372464295230355,0.4705048838531873,1.4663280674781853e-14,0.0187101881027849,j2_a_then_b,,,256,52,128,"joint(A,B); seed=101; train-class coverage checked"
mic,tabpfn3,5,soft_core_lambda_1,1.0091497864579635,0.4493365145111264,0.1200290077210225,0.5387925393823253,0.4695138415087433,0.0028447896978091,0.0187101881027849,j2_a_then_b,,,256,52,128,"joint(A,B); seed=101; train-class coverage checked"
mic,tabpfn3,5,selective_core,1.004709621012203,0.4496083049106953,0.0983747669288317,0.5368303980499827,0.4666173870721452,0.0061220400758709,0.0187101881027849,j2_a_then_b,,,256,52,128,"joint(A,B); seed=101; train-class coverage checked"
mic,catboost,1,j1_b_then_a,1.1132162549130364,0.4950807645111038,0.1190857248500196,0.5853101673833485,0.5272307120441801,0.0117109412188842,0.0422256234165078,soft,0.5,0.3,256,52,128,"joint(A,B); seed=101; train-class coverage checked"
mic,catboost,1,j2_a_then_b,1.0884697202461406,0.4826573613737587,0.0626585881310682,0.578554945325459,0.5091184148640541,0.0146165046785759,0.0422256234165078,soft,0.5,0.3,256,52,128,"joint(A,B); seed=101; train-class coverage checked"
mic,catboost,1,independent,1.1072573929117744,0.4939428559977439,0.0514866451901036,0.5793513053820867,0.5279060875296877,4.6993387913668577e-17,0.0422256234165078,soft,0.5,0.3,256,52,128,"joint(A,B); seed=101; train-class coverage checked"
mic,catboost,1,arithmetic,1.0989283091254127,0.487900696523566,0.0875192519634541,0.5807791884888891,0.5176793768707284,0.01316372294873,0.0422256234165078,soft,0.5,0.3,256,52,128,"joint(A,B); seed=101; train-class coverage checked"
mic,catboost,1,geometric,1.0983732036621654,0.4876755763927364,0.087230870178088,0.5804199762254894,0.5172333274995049,0.013392556361582,0.0422256234165078,soft,0.5,0.3,256,52,128,"joint(A,B); seed=101; train-class coverage checked"
mic,catboost,1,hard_core,1.1065255016218931,0.4935945176593592,0.067512981338019,0.5786194140922055,0.5271741962398002,3.869270219980167e-15,0.0422256234165078,soft,0.5,0.3,256,52,128,"joint(A,B); seed=101; train-class coverage checked"
mic,catboost,1,soft_core_lambda_1,1.1018280437043502,0.4903955608108161,0.0795564015701942,0.5791262785837425,0.5219751909263266,0.0067490240888277,0.0422256234165078,soft,0.5,0.3,256,52,128,"joint(A,B); seed=101; train-class coverage checked"
mic,catboost,1,selective_core,1.099814473411085,0.4888692638324106,0.0736734777251994,0.5797262041323986,0.5193652684618371,0.0103398545908259,0.0422256234165078,soft,0.5,0.3,256,52,128,"joint(A,B); seed=101; train-class coverage checked"
mic,catboost,2,j1_b_then_a,1.063799688064042,0.4761148691439975,0.0934049855884699,0.5646752993084856,0.4998464769539347,0.0117262605943341,0.0414039756391943,j1_b_then_a,,,256,52,128,"joint(A,B); seed=101; train-class coverage checked"
mic,catboost,2,j2_a_then_b,1.0735087162160457,0.4815432480258638,0.1101258631437462,0.5702418038421064,0.5112472065436509,0.0125806348132435,0.0414039756391943,j1_b_then_a,,,256,52,128,"joint(A,B); seed=101; train-class coverage checked"
mic,catboost,2,independent,1.0613858984279507,0.4765135950978086,0.1102558938300461,0.5622615096723947,0.499124388755556,4.4680987967664337e-17,0.0414039756391943,j1_b_then_a,,,256,52,128,"joint(A,B); seed=101; train-class coverage checked"
mic,catboost,2,arithmetic,1.0653153709508645,0.47809664577263,0.1141500264004967,0.5656401387079251,0.5035643704020077,0.0121534477037888,0.0414039756391943,j1_b_then_a,,,256,52,128,"joint(A,B); seed=101; train-class coverage checked"
mic,catboost,2,geometric,1.0657584488013607,0.4783284334814761,0.1141265244082792,0.5657763073893801,0.5042032000339647,0.0122659980085056,0.0414039756391943,j1_b_then_a,,,256,52,128,"joint(A,B); seed=101; train-class coverage checked"
mic,catboost,2,hard_core,1.0661154666199848,0.4773441165954272,0.0940833055095026,0.5669910778644287,0.5038539569481337,2.9876544590894377e-13,0.0414039756391943,j1_b_then_a,,,256,52,128,"joint(A,B); seed=101; train-class coverage checked"
mic,catboost,2,soft_core_lambda_1,1.0651871107918751,0.4776621761993627,0.0987938808428713,0.5659897273249217,0.5036648832505386,0.0061535171792031,0.0414039756391943,j1_b_then_a,,,256,52,128,"joint(A,B); seed=101; train-class coverage checked"
mic,catboost,2,selective_core,1.063799688064042,0.4761148691439975,0.0934049855884699,0.5646752993084856,0.4998464769539347,0.0117262605943341,0.0414039756391943,j1_b_then_a,,,256,52,128,"joint(A,B); seed=101; train-class coverage checked"
mic,catboost,3,j1_b_then_a,1.053764776887264,0.4743038492272509,0.0560856534232948,0.4987290947616615,0.5550984189710935,0.0096103569524931,0.0301057545962532,j2_a_then_b,,,256,52,128,"joint(A,B); seed=101; train-class coverage checked"
mic,catboost,3,j2_a_then_b,1.0439533100567786,0.4741167955228801,0.096464626097162,0.4824914802346929,0.5612747228122006,0.008917409529029,0.0301057545962532,j2_a_then_b,,,256,52,128,"joint(A,B); seed=101; train-class coverage checked"
mic,catboost,3,independent,1.0377142693701802,0.4702608793246182,0.08212076177837,0.4826785872445777,0.5550356821256024,4.3010638995678856e-17,0.0301057545962532,j2_a_then_b,,,256,52,128,"joint(A,B); seed=101; train-class coverage checked"
mic,catboost,3,arithmetic,1.0474933768238095,0.473856383649113,0.0687825487023233,0.4897759884803635,0.5575041182403854,0.0092638832407611,0.0301057545962532,j2_a_then_b,,,256,52,128,"joint(A,B); seed=101; train-class coverage checked"
mic,catboost,3,geometric,1.0476166931983044,0.4739645790551555,0.0698829005935867,0.4897560500761662,0.557732913793788,0.0092512903721274,0.0301057545962532,j2_a_then_b,,,256,52,128,"joint(A,B); seed=101; train-class coverage checked"
mic,catboost,3,hard_core,1.0375432820796977,0.4705504583968958,0.0728796049951298,0.4825075999540952,0.5548646948351146,2.224738812226998e-15,0.0301057545962532,j2_a_then_b,,,256,52,128,"joint(A,B); seed=101; train-class coverage checked"
mic,catboost,3,soft_core_lambda_1,1.0422925045507416,0.4721675163717586,0.0739937623023405,0.485951462665605,0.5561917215747936,0.0046206928029098,0.0301057545962532,j2_a_then_b,,,256,52,128,"joint(A,B); seed=101; train-class coverage checked"
mic,catboost,3,selective_core,1.0439533100567786,0.4741167955228801,0.096464626097162,0.4824914802346929,0.5612747228122006,0.008917409529029,0.0301057545962532,j2_a_then_b,,,256,52,128,"joint(A,B); seed=101; train-class coverage checked"
mic,catboost,4,j1_b_then_a,1.00766335125199,0.4547176391723686,0.1092520081486636,0.4957240168140852,0.511939334437905,0.0215784140169427,0.0561783212487415,j1_b_then_a,,,256,52,128,"joint(A,B); seed=101; train-class coverage checked"
mic,catboost,4,j2_a_then_b,1.0210108599037615,0.4565347871584225,0.138466060493016,0.5121715938613107,0.5077090680999106,0.0110560366977083,0.0561783212487415,j1_b_then_a,,,256,52,128,"joint(A,B); seed=101; train-class coverage checked"
mic,catboost,4,independent,1.025241126241756,0.460769967351418,0.1131092358536407,0.5133017918038509,0.511939334437905,4.385767194293316e-17,0.0561783212487415,j1_b_then_a,,,256,52,128,"joint(A,B); seed=101; train-class coverage checked"
mic,catboost,4,arithmetic,1.0110826812504934,0.4542898408083728,0.143201935099665,0.5012787121213862,0.5089872866316953,0.0163172253573255,0.0561783212487415,j1_b_then_a,,,256,52,128,"joint(A,B); seed=101; train-class coverage checked"
mic,catboost,4,geometric,1.009827226452341,0.4541843017226944,0.1347182133727986,0.5001045812961402,0.5090930395454203,0.0166658612536354,0.0561783212487415,j1_b_then_a,,,256,52,128,"joint(A,B); seed=101; train-class coverage checked"
mic,catboost,4,hard_core,1.0246133980334746,0.4602438806534061,0.1026051846828311,0.5126740635955698,0.5113116062296442,5.798597652116167e-14,0.0561783212487415,j1_b_then_a,,,256,52,128,"joint(A,B); seed=101; train-class coverage checked"
mic,catboost,4,soft_core_lambda_1,1.0160938163698563,0.456808223692543,0.1254365355668329,0.5054261539792335,0.5100320710226914,0.0083985967255516,0.0561783212487415,j1_b_then_a,,,256,52,128,"joint(A,B); seed=101; train-class coverage checked"
mic,catboost,4,selective_core,1.00766335125199,0.4547176391723686,0.1092520081486636,0.4957240168140852,0.511939334437905,0.0215784140169427,0.0561783212487415,j1_b_then_a,,,256,52,128,"joint(A,B); seed=101; train-class coverage checked"
mic,catboost,5,j1_b_then_a,1.0832470814955906,0.473749289177139,0.1297145329627373,0.5838414746907414,0.4994056068048492,0.0124256161456712,0.0450230971284267,mpr,1.0,,256,52,128,"joint(A,B); seed=101; train-class coverage checked"
mic,catboost,5,j2_a_then_b,1.0693807298835774,0.474023221972546,0.1028437576107036,0.566691052576066,0.5026896773075111,0.0145117875047779,0.0450230971284267,mpr,1.0,,256,52,128,"joint(A,B); seed=101; train-class coverage checked"
mic,catboost,5,independent,1.0660966593809151,0.4709567050144292,0.1098435934859961,0.566691052576066,0.4994056068048492,4.375856908810441e-17,0.0450230971284267,mpr,1.0,,256,52,128,"joint(A,B); seed=101; train-class coverage checked"
mic,catboost,5,arithmetic,1.0731352891887838,0.472852386925875,0.1446249352332329,0.5729426166116399,0.4997909363013647,0.0134687018252245,0.0450230971284267,mpr,1.0,,256,52,128,"joint(A,B); seed=101; train-class coverage checked"
mic,catboost,5,geometric,1.073687734771212,0.4730645111778879,0.1449291021691096,0.5735439804320848,0.5001437543391273,0.013307493437637,0.0450230971284267,mpr,1.0,,256,52,128,"joint(A,B); seed=101; train-class coverage checked"
mic,catboost,5,hard_core,1.0660966593809151,0.4709567050144292,0.1098435934859961,0.566691052576066,0.4994056068048492,6.00470126638046e-17,0.0450230971284267,mpr,1.0,,256,52,128,"joint(A,B); seed=101; train-class coverage checked"
mic,catboost,5,soft_core_lambda_1,1.069254994328968,0.471715873668591,0.138880681504522,0.5697077579340609,0.4995472363949069,0.0066058346549839,0.0450230971284267,mpr,1.0,,256,52,128,"joint(A,B); seed=101; train-class coverage checked"
mic,catboost,5,selective_core,1.0660966593809151,0.4709567050144292,0.1098435934859961,0.566691052576066,0.4994056068048491,5.00994577312501e-17,0.0450230971284267,mpr,1.0,,256,52,128,"joint(A,B); seed=101; train-class coverage checked"
customer,tabiclv2,1,j1_b_then_a,1.3439730534462293,0.6555523235699683,0.0952993558067612,0.3452287100250447,0.991792354296984,0.0048669873717455,0.0770323784913425,soft,0.0,0.1,256,52,128,"joint(A,B); seed=101; train-class coverage checked"
customer,tabiclv2,1,j2_a_then_b,1.367887759405466,0.6638094543772186,0.0864294683835504,0.3424150765381533,1.017000488649499,0.0363218557675182,0.0770323784913425,soft,0.0,0.1,256,52,128,"joint(A,B); seed=101; train-class coverage checked"
customer,tabiclv2,1,independent,1.3496316141771514,0.6553340378751825,0.0926354829937672,0.3508872707559669,0.9987443434211845,2.2782645182298922e-17,0.0770323784913425,soft,0.0,0.1,256,52,128,"joint(A,B); seed=101; train-class coverage checked"
customer,tabiclv2,1,arithmetic,1.349316225633768,0.6568789053931725,0.0576934089503313,0.3435326220625084,0.9981242498458448,0.0205944215696318,0.0770323784913425,soft,0.0,0.1,256,52,128,"joint(A,B); seed=101; train-class coverage checked"
customer,tabiclv2,1,geometric,1.350146650152206,0.6574035219711076,0.0591450016176472,0.3434286485788076,0.9989417415794036,0.0201846406698992,0.0770323784913425,soft,0.0,0.1,256,52,128,"joint(A,B); seed=101; train-class coverage checked"
customer,tabiclv2,1,hard_core,1.3422712368530896,0.654936819133445,0.0857099719893105,0.3435268934319051,0.9913839660971384,1.0244497578807547e-14,0.0770323784913425,soft,0.0,0.1,256,52,128,"joint(A,B); seed=101; train-class coverage checked"
customer,tabiclv2,1,soft_core_lambda_1,1.344777152245166,0.6557022347298083,0.0987102244896152,0.3433295463848814,0.993900482793296,0.009960313758624,0.0770323784913425,soft,0.0,0.1,256,52,128,"joint(A,B); seed=101; train-class coverage checked"
customer,tabiclv2,1,selective_core,1.3636678662404125,0.6622368746103444,0.0785776576646214,0.3424240384523753,1.012877010825994,0.0329761124117614,0.0770323784913425,soft,0.0,0.1,256,52,128,"joint(A,B); seed=101; train-class coverage checked"
customer,tabiclv2,2,j1_b_then_a,1.590784144625116,0.7281884594308006,0.104669851917951,0.4015581086801852,1.1862599528092408,0.0048846760905943,0.0314281665391771,j1_b_then_a,,,256,52,128,"joint(A,B); seed=101; train-class coverage checked"
customer,tabiclv2,2,j2_a_then_b,1.6075337641892982,0.7348755194363317,0.1127127609511196,0.4041596388772794,1.2020770260825564,0.0138143907217618,0.0314281665391771,j1_b_then_a,,,256,52,128,"joint(A,B); seed=101; train-class coverage checked"
customer,tabiclv2,2,independent,1.5946827740516727,0.7297133927095785,0.1115346368611367,0.405456738106742,1.189226035944931,1.836198023057873e-17,0.0314281665391771,j1_b_then_a,,,256,52,128,"joint(A,B); seed=101; train-class coverage checked"
customer,tabiclv2,2,arithmetic,1.597926261291672,0.7312003335533029,0.121477807295124,0.4023323636835393,1.1934106860480116,0.0093495334061781,0.0314281665391771,j1_b_then_a,,,256,52,128,"joint(A,B); seed=101; train-class coverage checked"
customer,tabiclv2,2,geometric,1.5980939012279585,0.7312727741956344,0.1124487364642471,0.4025763404483475,1.193304787035334,0.0093565813023493,0.0314281665391771,j1_b_then_a,,,256,52,128,"joint(A,B); seed=101; train-class coverage checked"
customer,tabiclv2,2,hard_core,1.5926354097506747,0.7297866305672784,0.1208032544776398,0.4034093738057439,1.1871786716451211,4.861992190417167e-13,0.0314281665391771,j1_b_then_a,,,256,52,128,"joint(A,B); seed=101; train-class coverage checked"
customer,tabiclv2,2,soft_core_lambda_1,1.5950642974163691,0.7304455768617228,0.1369828896396559,0.4029066808382102,1.190027617980526,0.0046875456827513,0.0314281665391771,j1_b_then_a,,,256,52,128,"joint(A,B); seed=101; train-class coverage checked"
customer,tabiclv2,2,selective_core,1.590784144625116,0.7281884594308006,0.104669851917951,0.4015581086801852,1.1862599528092408,0.0048846760905943,0.0314281665391771,j1_b_then_a,,,256,52,128,"joint(A,B); seed=101; train-class coverage checked"
customer,tabiclv2,3,j1_b_then_a,1.39194910926095,0.6784206904755679,0.0975683810144185,0.2765091245988544,1.1180839851563429,0.0031855059394904,0.0291277613025864,j2_a_then_b,,,256,52,128,"joint(A,B); seed=101; train-class coverage checked"
customer,tabiclv2,3,j2_a_then_b,1.375631931199341,0.6730071583997235,0.1225292470085244,0.2692665605497774,1.107183385086172,0.0134462231777283,0.0291277613025864,j2_a_then_b,,,256,52,128,"joint(A,B); seed=101; train-class coverage checked"
customer,tabiclv2,3,independent,1.3838885307752644,0.6762042854425843,0.0886987833052546,0.2684485461131691,1.115439984662095,1.8275582869958784e-17,0.0291277613025864,j2_a_then_b,,,256,52,128,"joint(A,B); seed=101; train-class coverage checked"
customer,tabiclv2,3,arithmetic,1.3826606913244082,0.6753858758398328,0.135672913202952,0.2726258879518932,1.1116241085909817,0.0083158645586093,0.0291277613025864,j2_a_then_b,,,256,52,128,"joint(A,B); seed=101; train-class coverage checked"
customer,tabiclv2,3,geometric,1.3828216731761007,0.6754438294160112,0.1359489310601535,0.2727754336400649,1.1117554806489864,0.0084113777250789,0.0291277613025864,j2_a_then_b,,,256,52,128,"joint(A,B); seed=101; train-class coverage checked"
customer,tabiclv2,3,hard_core,1.3856292463630375,0.6765462497673689,0.0980660923146536,0.2701892617009426,1.1171807002498986,9.186939674710876e-15,0.0291277613025864,j2_a_then_b,,,256,52,128,"joint(A,B); seed=101; train-class coverage checked"
customer,tabiclv2,3,soft_core_lambda_1,1.3839762221173029,0.6759146774811269,0.1116210556662729,0.2714555269049202,1.1142460198531263,0.0042276231223796,0.0291277613025864,j2_a_then_b,,,256,52,128,"joint(A,B); seed=101; train-class coverage checked"
customer,tabiclv2,3,selective_core,1.375631931199341,0.6730071583997235,0.1225292470085244,0.2692665605497774,1.107183385086172,0.0134462231777283,0.0291277613025864,j2_a_then_b,,,256,52,128,"joint(A,B); seed=101; train-class coverage checked"
customer,tabiclv2,4,j1_b_then_a,1.3404067869372212,0.6476286527775001,0.095240074446833,0.2583701713355085,1.0819314863198624,0.0083711629866348,0.0375774325784042,soft,1.0,1.0,256,52,128,"joint(A,B); seed=101; train-class coverage checked"
customer,tabiclv2,4,j2_a_then_b,1.3320336803151824,0.643748948286879,0.079473795166267,0.2581828025908366,1.0730841795318349,0.0143635301074865,0.0375774325784042,soft,1.0,1.0,256,52,128,"joint(A,B); seed=101; train-class coverage checked"
customer,tabiclv2,4,independent,1.3409861163850598,0.6460965977647728,0.0727916852382027,0.2589495007833474,1.0820366156017125,1.794524002052961e-17,0.0375774325784042,soft,1.0,1.0,256,52,128,"joint(A,B); seed=101; train-class coverage checked"
customer,tabiclv2,4,arithmetic,1.3350180378412806,0.645204093690626,0.1111955004308433,0.2577718052972432,1.076788634562785,0.0113673465470607,0.0375774325784042,soft,1.0,1.0,256,52,128,"joint(A,B); seed=101; train-class coverage checked"
customer,tabiclv2,4,geometric,1.3347610156807672,0.6451444538226931,0.1109844568535464,0.2577394706094794,1.076588207723134,0.0114352401551524,0.0375774325784042,soft,1.0,1.0,256,52,128,"joint(A,B); seed=101; train-class coverage checked"
customer,tabiclv2,4,hard_core,1.3405988063589145,0.6463322798440485,0.0690120791188469,0.2585621907572015,1.0816493055756675,5.386496302705984e-14,0.0375774325784042,soft,1.0,1.0,256,52,128,"joint(A,B); seed=101; train-class coverage checked"
customer,tabiclv2,4,soft_core_lambda_1,1.3373129522027076,0.6456065926685082,0.101588303548891,0.258022624660514,1.0788785778285783,0.0057456023449836,0.0375774325784042,soft,1.0,1.0,256,52,128,"joint(A,B); seed=101; train-class coverage checked"
customer,tabiclv2,4,selective_core,1.3401822013794606,0.6468598480430824,0.0757489963612327,0.2582146081881505,1.0820000656471525,0.0042740795896575,0.0375774325784042,soft,1.0,1.0,256,52,128,"joint(A,B); seed=101; train-class coverage checked"
customer,tabiclv2,5,j1_b_then_a,1.293163867595717,0.6323065565492321,0.0994264542608303,0.2752086607779373,1.0086471497121356,0.0079328573890089,0.0563817462910432,j1_b_then_a,,,256,52,128,"joint(A,B); seed=101; train-class coverage checked"
customer,tabiclv2,5,j2_a_then_b,1.2883277796843746,0.6262142019605788,0.1260230307370223,0.2774988583868923,1.0033751000077271,0.022991622525315,0.0563817462910432,j1_b_then_a,,,256,52,128,"joint(A,B); seed=101; train-class coverage checked"
customer,tabiclv2,5,independent,1.302907886494428,0.6334182512758872,0.098415689780933,0.2849526796766478,1.0179552068177802,1.773517584961054e-17,0.0563817462910432,j1_b_then_a,,,256,52,128,"joint(A,B); seed=101; train-class coverage checked"
customer,tabiclv2,5,arithmetic,1.2879017998817424,0.6282588961115867,0.0792033733160432,0.2754769961408535,1.0034291528423571,0.015462239957162,0.0563817462910432,j1_b_then_a,,,256,52,128,"joint(A,B); seed=101; train-class coverage checked"
customer,tabiclv2,5,geometric,1.287152647826858,0.6281825885723888,0.0772258064993189,0.2751682972387779,1.0030534026504474,0.0156866095056027,0.0563817462910432,j1_b_then_a,,,256,52,128,"joint(A,B); seed=101; train-class coverage checked"
customer,tabiclv2,5,hard_core,1.2937879094267708,0.6316153338558312,0.1157623523397333,0.2758327026089906,1.008835229750417,1.0130444423053169e-13,0.0563817462910432,j1_b_then_a,,,256,52,128,"joint(A,B); seed=101; train-class coverage checked"
customer,tabiclv2,5,soft_core_lambda_1,1.2897453549479856,0.6296426756958872,0.0754450143599785,0.275405023749007,1.0053237188958897,0.0079036441615616,0.0563817462910432,j1_b_then_a,,,256,52,128,"joint(A,B); seed=101; train-class coverage checked"
customer,tabiclv2,5,selective_core,1.293163867595717,0.6323065565492321,0.0994264542608303,0.2752086607779373,1.0086471497121356,0.0079328573890089,0.0563817462910432,j1_b_then_a,,,256,52,128,"joint(A,B); seed=101; train-class coverage checked"
customer,tabpfn3,1,j1_b_then_a,1.3506942457113,0.6512861120334564,0.0617740711465319,0.3442572579374646,1.001288555572796,0.0036489600225578,0.0156725879364673,j2_a_then_b,,,256,52,128,"joint(A,B); seed=101; train-class coverage checked"
customer,tabpfn3,1,j2_a_then_b,1.3550530779404355,0.6520308243576676,0.0763211675934209,0.3449485521039558,1.0044372112660347,0.0054865308529619,0.0156725879364673,j2_a_then_b,,,256,52,128,"joint(A,B); seed=101; train-class coverage checked"
customer,tabpfn3,1,independent,1.3570528544482363,0.6520476908262751,0.0558415815772591,0.3506158666744008,1.0064369877738355,1.995863733615308e-17,0.0156725879364673,j2_a_then_b,,,256,52,128,"joint(A,B); seed=101; train-class coverage checked"
customer,tabpfn3,1,arithmetic,1.3526205021467457,0.6515715368840395,0.0663288309027417,0.3444538670400737,1.0027153761449688,0.0045677454377598,0.0156725879364673,j2_a_then_b,,,256,52,128,"joint(A,B); seed=101; train-class coverage checked"
customer,tabpfn3,1,geometric,1.352606675002321,0.6515708986926773,0.0662954019579603,0.3444321396053712,1.002705430153689,0.0045683140968137,0.0156725879364673,j2_a_then_b,,,256,52,128,"joint(A,B); seed=101; train-class coverage checked"
customer,tabpfn3,1,hard_core,1.351598313185933,0.651891451516253,0.0499212628312308,0.3451613254120974,1.0009824465111683,3.070543540531957e-13,0.0156725879364673,j2_a_then_b,,,256,52,128,"joint(A,B); seed=101; train-class coverage checked"
customer,tabpfn3,1,soft_core_lambda_1,1.3520409585779471,0.65170706647031,0.0533103567975341,0.3447686061047792,1.001811374360433,0.0022839793627235,0.0156725879364673,j2_a_then_b,,,256,52,128,"joint(A,B); seed=101; train-class coverage checked"
customer,tabpfn3,1,selective_core,1.3550530779404355,0.6520308243576676,0.0763211675934209,0.3449485521039558,1.0044372112660347,0.0054865308529619,0.0156725879364673,j2_a_then_b,,,256,52,128,"joint(A,B); seed=101; train-class coverage checked"
customer,tabpfn3,2,j1_b_then_a,1.594014993370957,0.7233419637827625,0.0736966229750956,0.4024733757860565,1.1911752195436036,0.0018711172038701,0.0093086047845431,j2_a_then_b,,,256,52,128,"joint(A,B); seed=101; train-class coverage checked"
customer,tabpfn3,2,j2_a_then_b,1.5956614966780116,0.7246409282565733,0.081805586942815,0.4023936181345482,1.1925911049537463,0.0035826080597855,0.0093086047845431,j2_a_then_b,,,256,52,128,"joint(A,B); seed=101; train-class coverage checked"
customer,tabpfn3,2,independent,1.594612009309166,0.723657477559228,0.0820731120859449,0.4030703917242654,1.1915416175849007,1.5576935900006586e-17,0.0093086047845431,j2_a_then_b,,,256,52,128,"joint(A,B); seed=101; train-class coverage checked"
customer,tabpfn3,2,arithmetic,1.5947023356709238,0.7239649326097546,0.0816136833233866,0.4023704033077915,1.1917799918847738,0.0027268626318277,0.0093086047845431,j2_a_then_b,,,256,52,128,"joint(A,B); seed=101; train-class coverage checked"
customer,tabpfn3,2,geometric,1.5947280175946257,0.7239734663156788,0.0816614763676674,0.4023721074088537,1.1918018313993557,0.0027220283143994,0.0093086047845431,j2_a_then_b,,,256,52,128,"joint(A,B); seed=101; train-class coverage checked"
customer,tabpfn3,2,hard_core,1.5940550733968637,0.7237295358859359,0.0741216140152971,0.4025134558119629,1.1909846816726004,4.366014385963346e-16,0.0093086047845431,j2_a_then_b,,,256,52,128,"joint(A,B); seed=101; train-class coverage checked"
customer,tabpfn3,2,soft_core_lambda_1,1.5943699780102392,0.7238483854538802,0.073989457554169,0.4024342406573388,1.1913802713034434,0.0013614780655935,0.0093086047845431,j2_a_then_b,,,256,52,128,"joint(A,B); seed=101; train-class coverage checked"
customer,tabpfn3,2,selective_core,1.5956614966780116,0.7246409282565733,0.081805586942815,0.4023936181345482,1.1925911049537463,0.0035826080597855,0.0093086047845431,j2_a_then_b,,,256,52,128,"joint(A,B); seed=101; train-class coverage checked"
customer,tabpfn3,3,j1_b_then_a,1.3863719364527785,0.6779034392067969,0.0930282263306461,0.2814371802614986,1.105018737253506,0.0016020284730144,0.008065047646204,j1_b_then_a,,,256,52,128,"joint(A,B); seed=101; train-class coverage checked"
customer,tabpfn3,3,j2_a_then_b,1.3889870738420964,0.6795673411063148,0.0860393920199003,0.2802582525180268,1.109148537062273,0.0032696578831915,0.008065047646204,j1_b_then_a,,,256,52,128,"joint(A,B); seed=101; train-class coverage checked"
customer,tabpfn3,3,independent,1.3847732929711032,0.6778075615444783,0.0879796734502451,0.2798385367798235,1.10493475619128,1.8550868577816432e-17,0.008065047646204,j1_b_then_a,,,256,52,128,"joint(A,B); seed=101; train-class coverage checked"
customer,tabpfn3,3,arithmetic,1.3876147916534838,0.6787074961592574,0.0947535633662626,0.2808356239809075,1.1070292433673905,0.0024358431781029,0.008065047646204,j1_b_then_a,,,256,52,128,"joint(A,B); seed=101; train-class coverage checked"
customer,tabpfn3,3,geometric,1.387607397184083,0.6787143634997206,0.0947727590666672,0.2808169844325606,1.1070347188699583,0.0024353736907411,0.008065047646204,j1_b_then_a,,,256,52,128,"joint(A,B); seed=101; train-class coverage checked"
customer,tabpfn3,3,hard_core,1.3850172307523518,0.6778896674141018,0.0881118227934937,0.280082474561072,1.1051786939725918,1.553842131189493e-14,0.008065047646204,j1_b_then_a,,,256,52,128,"joint(A,B); seed=101; train-class coverage checked"
customer,tabpfn3,3,soft_core_lambda_1,1.3862962897277606,0.6782955679636569,0.0945611015588805,0.2804438485300424,1.1060965833000505,0.0012182539801736,0.008065047646204,j1_b_then_a,,,256,52,128,"joint(A,B); seed=101; train-class coverage checked"
customer,tabpfn3,3,selective_core,1.3863719364527785,0.6779034392067969,0.0930282263306461,0.2814371802614986,1.105018737253506,0.0016020284730144,0.008065047646204,j1_b_then_a,,,256,52,128,"joint(A,B); seed=101; train-class coverage checked"
customer,tabpfn3,4,j1_b_then_a,1.317298681734356,0.6401653349598828,0.127953448971344,0.2556191401662792,1.0611109095222622,0.0029013635288452,0.0117578136250206,j2_a_then_b,,,256,52,128,"joint(A,B); seed=101; train-class coverage checked"
customer,tabpfn3,4,j2_a_then_b,1.319890467298698,0.6422050004252408,0.1072470702095612,0.2556010838321707,1.0641328298591133,0.0042758625677204,0.0117578136250206,j2_a_then_b,,,256,52,128,"joint(A,B); seed=101; train-class coverage checked"
customer,tabpfn3,4,independent,1.3174371790076616,0.6404190809013826,0.1257733809990852,0.2557576374395848,1.0616795415680769,1.4990789100506607e-17,0.0117578136250206,j2_a_then_b,,,256,52,128,"joint(A,B); seed=101; train-class coverage checked"
customer,tabpfn3,4,arithmetic,1.318505009408219,0.6411372014382068,0.1187127385375788,0.2555792811631718,1.06256343179224,0.0035886130482828,0.0117578136250206,j2_a_then_b,,,256,52,128,"joint(A,B); seed=101; train-class coverage checked"
customer,tabpfn3,4,geometric,1.318457667495209,0.6411247557622067,0.1187195717284149,0.2555324120104749,1.0625524771162445,0.0035955332008862,0.0117578136250206,j2_a_then_b,,,256,52,128,"joint(A,B); seed=101; train-class coverage checked"
customer,tabpfn3,4,hard_core,1.3170496881261171,0.6404022825528237,0.1258213886918713,0.2553701465580406,1.0612920506860617,2.2919912461818927e-13,0.0117578136250206,j2_a_then_b,,,256,52,128,"joint(A,B); seed=101; train-class coverage checked"
customer,tabpfn3,4,soft_core_lambda_1,1.317724034305083,0.6407515240522071,0.109287296674098,0.2554355413860344,1.0619084435786523,0.0017997228637634,0.0117578136250206,j2_a_then_b,,,256,52,128,"joint(A,B); seed=101; train-class coverage checked"
customer,tabpfn3,4,selective_core,1.319890467298698,0.6422050004252408,0.1072470702095612,0.2556010838321707,1.0641328298591133,0.0042758625677204,0.0117578136250206,j2_a_then_b,,,256,52,128,"joint(A,B); seed=101; train-class coverage checked"
customer,tabpfn3,5,j1_b_then_a,1.3233567777369637,0.6344225261198702,0.0778043346521642,0.2996626193823942,1.02042769529282,0.0052647444663274,0.0216280155085161,j2_a_then_b,,,256,52,128,"joint(A,B); seed=101; train-class coverage checked"
customer,tabpfn3,5,j2_a_then_b,1.3190948044103927,0.6336021046458704,0.0585783215648491,0.2950920151101407,1.018455762450733,0.0068092970917355,0.0216280155085161,j2_a_then_b,,,256,52,128,"joint(A,B); seed=101; train-class coverage checked"
customer,tabpfn3,5,independent,1.3243332003142294,0.6349121592131619,0.0589129983570231,0.3006390419596598,1.0236941583545696,1.5814105125237787e-17,0.0216280155085161,j2_a_then_b,,,256,52,128,"joint(A,B); seed=101; train-class coverage checked"
customer,tabpfn3,5,arithmetic,1.3207752254995806,0.633885222366917,0.0579729163837437,0.2970995647165423,1.0191297760360003,0.0060370207790314,0.0216280155085161,j2_a_then_b,,,256,52,128,"joint(A,B); seed=101; train-class coverage checked"
customer,tabpfn3,5,geometric,1.320692892604049,0.6338553284432302,0.0577714536881468,0.2970789918495137,1.019140151635178,0.0060284404208782,0.0216280155085161,j2_a_then_b,,,256,52,128,"joint(A,B); seed=101; train-class coverage checked"
customer,tabpfn3,5,hard_core,1.3197644623349976,0.6336646957666165,0.0578469688625898,0.2960703039804279,1.0191254203751958,2.0637980629740609e-13,0.0216280155085161,j2_a_then_b,,,256,52,128,"joint(A,B); seed=101; train-class coverage checked"
customer,tabpfn3,5,soft_core_lambda_1,1.320152506037683,0.6337351424082227,0.0644832172288481,0.2965326673831601,1.0190999904890468,0.0030174672455929,0.0216280155085161,j2_a_then_b,,,256,52,128,"joint(A,B); seed=101; train-class coverage checked"
customer,tabpfn3,5,selective_core,1.3190948044103927,0.6336021046458704,0.0585783215648491,0.2950920151101407,1.018455762450733,0.0068092970917355,0.0216280155085161,j2_a_then_b,,,256,52,128,"joint(A,B); seed=101; train-class coverage checked"
customer,catboost,1,j1_b_then_a,1.3966576512255733,0.654836180515075,0.102362135534173,0.3499854125591436,1.0431493037897572,0.0110323205698104,0.0514033033910488,j1_b_then_a,,,256,52,128,"joint(A,B); seed=101; train-class coverage checked"
customer,catboost,1,j2_a_then_b,1.401347898402328,0.6501688850618728,0.0789778578733088,0.3555289083020533,1.0427812711677205,0.0208698193958238,0.0514033033910488,j1_b_then_a,,,256,52,128,"joint(A,B); seed=101; train-class coverage checked"
customer,catboost,1,independent,1.4052388659010369,0.6545266019292078,0.1025034448250081,0.3585666272346075,1.0466722386664296,2.538388336331688e-17,0.0514033033910488,j1_b_then_a,,,256,52,128,"joint(A,B); seed=101; train-class coverage checked"
customer,catboost,1,arithmetic,1.397179689736023,0.6516753131099362,0.0999254804070932,0.3521417162698519,1.042059037877244,0.0159510699828171,0.0514033033910488,j1_b_then_a,,,256,52,128,"joint(A,B); seed=101; train-class coverage checked"
customer,catboost,1,geometric,1.396554024551622,0.6515004516591437,0.1089869103512728,0.3517711156198645,1.0414222286879236,0.016038989604959,0.0514033033910488,j1_b_then_a,,,256,52,128,"joint(A,B); seed=101; train-class coverage checked"
customer,catboost,1,hard_core,1.4018640322338287,0.654429610099893,0.0838640156472818,0.3551917935673991,1.043297404999222,8.721915198536476e-15,0.0514033033910488,j1_b_then_a,,,256,52,128,"joint(A,B); seed=101; train-class coverage checked"
customer,catboost,1,soft_core_lambda_1,1.398608145383867,0.6527328430140439,0.1129535830722368,0.3532573278409747,1.0419828709564114,0.0080368156197004,0.0514033033910488,j1_b_then_a,,,256,52,128,"joint(A,B); seed=101; train-class coverage checked"
customer,catboost,1,selective_core,1.3966576512255733,0.654836180515075,0.102362135534173,0.3499854125591436,1.0431493037897572,0.0110323205698104,0.0514033033910488,j1_b_then_a,,,256,52,128,"joint(A,B); seed=101; train-class coverage checked"
customer,catboost,2,j1_b_then_a,1.6610169564993111,0.7428901476251677,0.0912211217347025,0.398339148485881,1.262571632472183,0.0081503856575293,0.0480703812150664,j2_a_then_b,,,256,52,128,"joint(A,B); seed=101; train-class coverage checked"
customer,catboost,2,j2_a_then_b,1.6512373445624766,0.7381365558737463,0.085709991089742,0.4020774862357398,1.2491598583267365,0.0205083297939519,0.0480703812150664,j2_a_then_b,,,256,52,128,"joint(A,B); seed=101; train-class coverage checked"
customer,catboost,2,independent,1.6647552942491703,0.7436030383907111,0.0975051216093848,0.4020774862357398,1.2626778080134304,2.401507812055393e-17,0.0480703812150664,j2_a_then_b,,,256,52,128,"joint(A,B); seed=101; train-class coverage checked"
customer,catboost,2,arithmetic,1.6539322633490978,0.7397834281843259,0.09592542566879,0.3997637886672889,1.2541148388375425,0.0143293577257406,0.0480703812150664,j2_a_then_b,,,256,52,128,"joint(A,B); seed=101; train-class coverage checked"
customer,catboost,2,geometric,1.6540698712979498,0.7398642050531763,0.0964602986095197,0.3996229693790443,1.2543088270374805,0.0143104694528584,0.0480703812150664,j2_a_then_b,,,256,52,128,"joint(A,B); seed=101; train-class coverage checked"
customer,catboost,2,hard_core,1.664624990223906,0.7435384589441372,0.092310850846379,0.4019471822104754,1.2625475039881666,7.410047510487959e-16,0.0480703812150664,j2_a_then_b,,,256,52,128,"joint(A,B); seed=101; train-class coverage checked"
customer,catboost,2,soft_core_lambda_1,1.658849265893598,0.741538146501125,0.0862984257336965,0.4006459695631201,1.2580695163789437,0.0071441447269986,0.0480703812150664,j2_a_then_b,,,256,52,128,"joint(A,B); seed=101; train-class coverage checked"
customer,catboost,2,selective_core,1.6512373445624766,0.7381365558737463,0.085709991089742,0.4020774862357398,1.2491598583267365,0.0205083297939519,0.0480703812150664,j2_a_then_b,,,256,52,128,"joint(A,B); seed=101; train-class coverage checked"
customer,catboost,3,j1_b_then_a,1.4640170057542452,0.7061062901386496,0.1018074396662427,0.2849077941354038,1.1793852665954565,0.0070152865943202,0.0448671299197194,j2_a_then_b,,,256,52,128,"joint(A,B); seed=101; train-class coverage checked"
customer,catboost,3,j2_a_then_b,1.4477292835070008,0.7017710333790657,0.0898166814705423,0.2782473835001273,1.169211975694629,0.0199713048036916,0.0448671299197194,j2_a_then_b,,,256,52,128,"joint(A,B); seed=101; train-class coverage checked"
customer,catboost,3,independent,1.457626519431213,0.7053125092922299,0.0853320331177024,0.2785173078123717,1.1791092116188413,2.553634929382265e-17,0.0448671299197194,j2_a_then_b,,,256,52,128,"joint(A,B); seed=101; train-class coverage checked"
customer,catboost,3,arithmetic,1.45402275679127,0.7032874085926735,0.0904840804612182,0.2813065887462894,1.1727005004451736,0.0134932956990059,0.0448671299197194,j2_a_then_b,,,256,52,128,"joint(A,B); seed=101; train-class coverage checked"
customer,catboost,3,geometric,1.4541582402614024,0.7034117236563222,0.0906952555060549,0.2811702201823293,1.17296225313693,0.0134572695915765,0.0448671299197194,j2_a_then_b,,,256,52,128,"joint(A,B); seed=101; train-class coverage checked"
customer,catboost,3,hard_core,1.4575788198017217,0.7051739101479743,0.084721380840886,0.27846960818288,1.1790615119893495,3.2029703867474113e-16,0.0448671299197194,j2_a_then_b,,,256,52,128,"joint(A,B); seed=101; train-class coverage checked"
customer,catboost,3,soft_core_lambda_1,1.455452287989053,0.7041542603722581,0.0631971850822761,0.2797221285820883,1.1756931491549971,0.0067190697001044,0.0448671299197194,j2_a_then_b,,,256,52,128,"joint(A,B); seed=101; train-class coverage checked"
customer,catboost,3,selective_core,1.4477292835070008,0.7017710333790657,0.0898166814705423,0.2782473835001273,1.169211975694629,0.0199713048036916,0.0448671299197194,j2_a_then_b,,,256,52,128,"joint(A,B); seed=101; train-class coverage checked"
customer,catboost,4,j1_b_then_a,1.3357314429728693,0.632877178718407,0.1061998809745406,0.2660303340899881,1.0695314421230369,0.0074995530175683,0.0464595760663958,soft,1.0,1.0,256,52,128,"joint(A,B); seed=101; train-class coverage checked"
customer,catboost,4,j2_a_then_b,1.3514805066686946,0.6463367936803293,0.0910909121804715,0.261784056554095,1.0892479716121477,0.0207300034115747,0.0464595760663958,soft,1.0,1.0,256,52,128,"joint(A,B); seed=101; train-class coverage checked"
customer,catboost,4,independent,1.3319336439394285,0.6331169797103895,0.1081257561283565,0.2622325350565472,1.0697011088828812,2.5461810394464268e-17,0.0464595760663958,soft,1.0,1.0,256,52,128,"joint(A,B); seed=101; train-class coverage checked"
customer,catboost,4,arithmetic,1.341669144363041,0.6388486452972002,0.0730848092630945,0.2632998993412413,1.0777054669410249,0.0141147782145715,0.0464595760663958,soft,1.0,1.0,256,52,128,"joint(A,B); seed=101; train-class coverage checked"
customer,catboost,4,geometric,1.3417608803407963,0.6388207910474075,0.0728102595876613,0.2634504378738202,1.0779590293598376,0.0140955895671117,0.0464595760663958,soft,1.0,1.0,256,52,128,"joint(A,B); seed=101; train-class coverage checked"
customer,catboost,4,hard_core,1.3315298388403956,0.633115350943603,0.1019282029470622,0.2618287299575145,1.06929730378326,2.94951187090756e-13,0.0464595760663958,soft,1.0,1.0,256,52,128,"joint(A,B); seed=101; train-class coverage checked"
customer,catboost,4,soft_core_lambda_1,1.336203168026228,0.6357351610100785,0.0898140868337803,0.2625419486084994,1.073283080552068,0.0070442176746114,0.0464595760663958,soft,1.0,1.0,256,52,128,"joint(A,B); seed=101; train-class coverage checked"
customer,catboost,4,selective_core,1.3333081415242107,0.632968487935925,0.1056119923781149,0.2635727839543907,1.0694972035944077,0.0037474268491017,0.0464595760663958,soft,1.0,1.0,256,52,128,"joint(A,B); seed=101; train-class coverage checked"
customer,catboost,5,j1_b_then_a,1.3650603120471112,0.6482018568823329,0.0874522607139238,0.3068251336504076,1.0500368230215658,0.0115423639672502,0.0619335624007649,geometric,0.75,,256,52,128,"joint(A,B); seed=101; train-class coverage checked"
customer,catboost,5,j2_a_then_b,1.3908762196644724,0.655729506364602,0.0937770854495234,0.3126929095078846,1.075845373544761,0.025651513124685,0.0619335624007649,geometric,0.75,,256,52,128,"joint(A,B); seed=101; train-class coverage checked"
customer,catboost,5,independent,1.3732660245164152,0.6510576522701834,0.0645051388390329,0.3150308461197115,1.0582351783967037,2.5183983587764858e-17,0.0619335624007649,geometric,0.75,,256,52,128,"joint(A,B); seed=101; train-class coverage checked"
customer,catboost,5,arithmetic,1.374021104902361,0.6506494459530683,0.0957790398160389,0.3085643217155231,1.0594195542795273,0.0185969385459676,0.0619335624007649,geometric,0.75,,256,52,128,"joint(A,B); seed=101; train-class coverage checked"
customer,catboost,5,geometric,1.3744258030078798,0.6505958078648683,0.1029996559075466,0.3085880787021492,1.0601338561232327,0.0187115048894004,0.0619335624007649,geometric,0.75,,256,52,128,"joint(A,B); seed=101; train-class coverage checked"
customer,catboost,5,hard_core,1.367903627630333,0.6501813900890938,0.0843000829466849,0.3096684492336289,1.0528727815107684,9.889503021294661e-14,0.0619335624007649,geometric,0.75,,256,52,128,"joint(A,B); seed=101; train-class coverage checked"
customer,catboost,5,soft_core_lambda_1,1.3702816513736076,0.6500314584748539,0.0901361889045699,0.3088895683887532,1.0558569387723251,0.0094065100691778,0.0619335624007649,geometric,0.75,,256,52,128,"joint(A,B); seed=101; train-class coverage checked"
customer,catboost,5,selective_core,1.3688403523351296,0.64904292813183,0.0659845958619333,0.3074097895731775,1.054366779198619,0.0151452841960852,0.0619335624007649,geometric,0.75,,256,52,128,"joint(A,B); seed=101; train-class coverage checked"
marketing,tabiclv2,1,j1_b_then_a,1.9245323883743013,0.8175363739718999,0.0997961310970339,0.3706835714125752,1.54870398444779,0.016023797295867,0.0787098594708498,j1_b_then_a,,,256,52,128,"joint(A,B); seed=101; train-class coverage checked"
marketing,tabiclv2,1,j2_a_then_b,1.93827747036396,0.8199625283899403,0.0739571934417256,0.3933211742863143,1.53249301089809,0.033039218596347,0.0787098594708498,j1_b_then_a,,,256,52,128,"joint(A,B); seed=101; train-class coverage checked"
marketing,tabiclv2,1,independent,1.959633276427596,0.8248776047362063,0.0963870138478275,0.4057844594658696,1.5538488169617262,1.5543266340353225e-17,0.0787098594708498,j1_b_then_a,,,256,52,128,"joint(A,B); seed=101; train-class coverage checked"
marketing,tabiclv2,1,arithmetic,1.92564064345484,0.8173112078131892,0.0803638851125588,0.3808958789077024,1.5359507688729088,0.024531507946107,0.0787098594708498,j1_b_then_a,,,256,52,128,"joint(A,B); seed=101; train-class coverage checked"
marketing,tabiclv2,1,geometric,1.9247049375043133,0.8173465711690024,0.0807237373345026,0.3805756070337016,1.5357262724800138,0.02461317637086,0.0787098594708498,j1_b_then_a,,,256,52,128,"joint(A,B); seed=101; train-class coverage checked"
marketing,tabiclv2,1,hard_core,1.9556965309875576,0.8240037574471327,0.0867135029323196,0.4018477140258314,1.5499120715219257,9.088476626218832e-14,0.0787098594708498,j1_b_then_a,,,256,52,128,"joint(A,B); seed=101; train-class coverage checked"
marketing,tabiclv2,1,soft_core_lambda_1,1.9371367120616507,0.8199574663626303,0.0874196845029414,0.3893225798631818,1.5411029991735896,0.0128504355566643,0.0787098594708498,j1_b_then_a,,,256,52,128,"joint(A,B); seed=101; train-class coverage checked"
marketing,tabiclv2,1,selective_core,1.9245323883743013,0.8175363739718999,0.0997961310970339,0.3706835714125752,1.54870398444779,0.016023797295867,0.0787098594708498,j1_b_then_a,,,256,52,128,"joint(A,B); seed=101; train-class coverage checked"
marketing,tabiclv2,2,j1_b_then_a,2.042254772449078,0.8372067767546976,0.0982935884461207,0.5795455902702644,1.457540482441604,0.0301975663459917,0.0796952119969505,j1_b_then_a,,,256,52,128,"joint(A,B); seed=101; train-class coverage checked"
marketing,tabiclv2,2,j2_a_then_b,2.1209235669084148,0.8497226484360927,0.0543261133729174,0.6480830066992302,1.4673763597083322,0.0213161777868784,0.0796952119969505,j1_b_then_a,,,256,52,128,"joint(A,B); seed=101; train-class coverage checked"
marketing,tabiclv2,2,independent,2.116256389378896,0.8518658799839153,0.0577685103882768,0.6535472072000824,1.4627091821788136,1.555830117516699e-17,0.0796952119969505,j1_b_then_a,,,256,52,128,"joint(A,B); seed=101; train-class coverage checked"
marketing,tabiclv2,2,arithmetic,2.074771411544404,0.8422276839431997,0.0409593519636814,0.6083474788100234,1.4600550885173649,0.025756872066435,0.0796952119969505,j1_b_then_a,,,256,52,128,"joint(A,B); seed=101; train-class coverage checked"
marketing,tabiclv2,2,geometric,2.0755131046637185,0.8424033039477301,0.0417848250185783,0.6096210714710872,1.459992691349446,0.0256727141848612,0.0796952119969505,j1_b_then_a,,,256,52,128,"joint(A,B); seed=101; train-class coverage checked"
marketing,tabiclv2,2,hard_core,2.111183796554013,0.8507572675108337,0.0539758528493032,0.6484746143751998,1.4576365893568926,9.817835538216489e-13,0.0796952119969505,j1_b_then_a,,,256,52,128,"joint(A,B); seed=101; train-class coverage checked"
marketing,tabiclv2,2,soft_core_lambda_1,2.091750229880585,0.8462149506821537,0.0469962935804475,0.6278063391444659,1.4583912324776378,0.0129812228469451,0.0796952119969505,j1_b_then_a,,,256,52,128,"joint(A,B); seed=101; train-class coverage checked"
marketing,tabiclv2,2,selective_core,2.042254772449078,0.8372067767546976,0.0982935884461207,0.5795455902702644,1.457540482441604,0.0301975663459917,0.0796952119969505,j1_b_then_a,,,256,52,128,"joint(A,B); seed=101; train-class coverage checked"
marketing,tabiclv2,3,j1_b_then_a,1.8348626186159995,0.7919396522176653,0.1185350657204962,0.2699835268040106,1.569671119600725,0.0149710580952845,0.0720185821638819,j1_b_then_a,,,256,52,128,"joint(A,B); seed=101; train-class coverage checked"
marketing,tabiclv2,3,j2_a_then_b,1.8206047221869568,0.7907026840309876,0.1505768645467287,0.282234837839154,1.5438697417510356,0.0277240545615377,0.0720185821638819,j1_b_then_a,,,256,52,128,"joint(A,B); seed=101; train-class coverage checked"
marketing,tabiclv2,3,independent,1.84161407224791,0.7935785981932664,0.1147655948172615,0.2767349804359212,1.5648790918119888,1.7542687612347e-17,0.0720185821638819,j1_b_then_a,,,256,52,128,"joint(A,B); seed=101; train-class coverage checked"
marketing,tabiclv2,3,arithmetic,1.820746910002496,0.7900191850676598,0.1236715043894719,0.2728674684635416,1.5511783472865428,0.0213475563284111,0.0720185821638819,j1_b_then_a,,,256,52,128,"joint(A,B); seed=101; train-class coverage checked"
marketing,tabiclv2,3,geometric,1.821912508681493,0.7905838616716196,0.1198249031654159,0.2731859541457091,1.5532522296400464,0.0218249570085981,0.0720185821638819,j1_b_then_a,,,256,52,128,"joint(A,B); seed=101; train-class coverage checked"
marketing,tabiclv2,3,hard_core,1.846684751217146,0.7945537992643343,0.1177928423899677,0.281805659405157,1.569949770781355,6.383615250818333e-14,0.0720185821638819,j1_b_then_a,,,256,52,128,"joint(A,B); seed=101; train-class coverage checked"
marketing,tabiclv2,3,soft_core_lambda_1,1.8327554358005629,0.7922309762174133,0.1152242051387691,0.2767702319174842,1.5606437219180598,0.011125004656806,0.0720185821638819,j1_b_then_a,,,256,52,128,"joint(A,B); seed=101; train-class coverage checked"
marketing,tabiclv2,3,selective_core,1.8348626186159995,0.7919396522176653,0.1185350657204962,0.2699835268040106,1.569671119600725,0.0149710580952845,0.0720185821638819,j1_b_then_a,,,256,52,128,"joint(A,B); seed=101; train-class coverage checked"
marketing,tabiclv2,4,j1_b_then_a,1.7593490817057926,0.7740523152017924,0.0783656739690198,0.3911781976710567,1.3668098831881408,0.0169028139014055,0.0582814448265387,j2_a_then_b,,,256,52,128,"joint(A,B); seed=101; train-class coverage checked"
marketing,tabiclv2,4,j2_a_then_b,1.7907865752620569,0.784028299655714,0.0788343920443687,0.4183795522619387,1.3720502535003756,0.0179551134942685,0.0582814448265387,j2_a_then_b,,,256,52,128,"joint(A,B); seed=101; train-class coverage checked"
marketing,tabiclv2,4,independent,1.786907205796417,0.7797352395482793,0.0658014458292911,0.4187363217616811,1.368170884034736,1.8210361333020206e-17,0.0582814448265387,j2_a_then_b,,,256,52,128,"joint(A,B); seed=101; train-class coverage checked"
marketing,tabiclv2,4,arithmetic,1.7719637820947705,0.7782617595183826,0.0693437616999051,0.4025767723689059,1.3683220257953614,0.017428963697837,0.0582814448265387,j2_a_then_b,,,256,52,128,"joint(A,B); seed=101; train-class coverage checked"
marketing,tabiclv2,4,geometric,1.7714968330069851,0.7782845140704843,0.0688274652154288,0.402706120889106,1.367350527138835,0.0175252791673031,0.0582814448265387,j2_a_then_b,,,256,52,128,"joint(A,B); seed=101; train-class coverage checked"
marketing,tabiclv2,4,hard_core,1.786172718892323,0.7792502959993808,0.0634304385181875,0.4180018348575871,1.367436397130894,2.5799819739099044e-14,0.0582814448265387,j2_a_then_b,,,256,52,128,"joint(A,B); seed=101; train-class coverage checked"
marketing,tabiclv2,4,soft_core_lambda_1,1.7778580662550936,0.7785794357389245,0.0545895465382609,0.4098028101785416,1.366943077472576,0.0087746119261647,0.0582814448265387,j2_a_then_b,,,256,52,128,"joint(A,B); seed=101; train-class coverage checked"
marketing,tabiclv2,4,selective_core,1.7907865752620569,0.784028299655714,0.0788343920443687,0.4183795522619387,1.3720502535003756,0.0179551134942685,0.0582814448265387,j2_a_then_b,,,256,52,128,"joint(A,B); seed=101; train-class coverage checked"
marketing,tabiclv2,5,j1_b_then_a,1.6981707723574142,0.7586281780583626,0.1324886843956071,0.2806586856234549,1.4295727709758554,0.0191447621005185,0.0978504927184029,soft,0.25,0.1,256,52,128,"joint(A,B); seed=101; train-class coverage checked"
marketing,tabiclv2,5,j2_a_then_b,1.7428505634240945,0.7645319250410452,0.0996064259304848,0.3040613093217161,1.4618266003335243,0.0399648078319277,0.0978504927184029,soft,0.25,0.1,256,52,128,"joint(A,B); seed=101; train-class coverage checked"
marketing,tabiclv2,5,independent,1.6985360498245292,0.7582349791651247,0.0852018018175838,0.2810239630905701,1.4175120867339592,1.8911704613346764e-17,0.0978504927184029,soft,0.25,0.1,256,52,128,"joint(A,B); seed=101; train-class coverage checked"
marketing,tabiclv2,5,arithmetic,1.7112098568066312,0.7592657534723695,0.1331615615783242,0.286860280236452,1.4388296020246487,0.0295547849662231,0.0978504927184029,soft,0.25,0.1,256,52,128,"joint(A,B); seed=101; train-class coverage checked"
marketing,tabiclv2,5,geometric,1.7105922881591105,0.759240910747084,0.1457512755348075,0.288705111321851,1.4381681949174363,0.0297125288148742,0.0978504927184029,soft,0.25,0.1,256,52,128,"joint(A,B); seed=101; train-class coverage checked"
marketing,tabiclv2,5,hard_core,1.7064767977269484,0.760838701054779,0.1203001470293776,0.288964710992989,1.4254528346359598,1.1418591292227005e-13,0.0978504927184029,soft,0.25,0.1,256,52,128,"joint(A,B); seed=101; train-class coverage checked"
marketing,tabiclv2,5,soft_core_lambda_1,1.7091119369344132,0.759898202851677,0.1151339953586871,0.2900606584124773,1.4328328759275473,0.0162654230730914,0.0978504927184029,soft,0.25,0.1,256,52,128,"joint(A,B); seed=101; train-class coverage checked"
marketing,tabiclv2,5,selective_core,1.7222719258048735,0.7610431859842594,0.1282776249252885,0.2955867198669187,1.4456759571150006,0.032036208112679,0.0978504927184029,soft,0.25,0.1,256,52,128,"joint(A,B); seed=101; train-class coverage checked"
marketing,tabpfn3,1,j1_b_then_a,1.857693119439246,0.8069171882904627,0.0634173115047772,0.3328560175299105,1.5035963816591391,0.0130165565953008,0.0400503212345719,soft,0.5,3.0,256,52,128,"joint(A,B); seed=101; train-class coverage checked"
marketing,tabpfn3,1,j2_a_then_b,1.8839176731024636,0.8104003263943538,0.0742215054265635,0.3612846463333136,1.5149013679425734,0.007461313283325,0.0400503212345719,soft,0.5,3.0,256,52,128,"joint(A,B); seed=101; train-class coverage checked"
marketing,tabpfn3,1,independent,1.8938534070692248,0.8103692755553119,0.0601234512451702,0.3690163051598897,1.5248371019093354,1.8198714629995456e-17,0.0400503212345719,soft,0.5,3.0,256,52,128,"joint(A,B); seed=101; train-class coverage checked"
marketing,tabpfn3,1,arithmetic,1.8693760565091455,0.8082958592993242,0.0588493094498776,0.3459774667590595,1.5087610831620637,0.0102389349393129,0.0400503212345719,soft,0.5,3.0,256,52,128,"joint(A,B); seed=101; train-class coverage checked"
marketing,tabpfn3,1,geometric,1.8683166209125173,0.8082744669062807,0.0594771232357191,0.3452795213763402,1.5077815776738257,0.0106916993643176,0.0400503212345719,soft,0.5,3.0,256,52,128,"joint(A,B); seed=101; train-class coverage checked"
marketing,tabpfn3,1,hard_core,1.8803928105060512,0.8094691259587776,0.072101552629787,0.3555557085967157,1.5113765053459924,8.335618181115782e-14,0.0400503212345719,soft,0.5,3.0,256,52,128,"joint(A,B); seed=101; train-class coverage checked"
marketing,tabpfn3,1,soft_core_lambda_1,1.8734823799454152,0.8087406963703833,0.0733206227705221,0.3499532297347837,1.5090896915977288,0.0055241774580822,0.0400503212345719,soft,0.5,3.0,256,52,128,"joint(A,B); seed=101; train-class coverage checked"
marketing,tabpfn3,1,selective_core,1.8766959204157856,0.8090681503102244,0.0731969563136479,0.3526229535260631,1.5100982880355205,0.0028218590102255,0.0400503212345719,soft,0.5,3.0,256,52,128,"joint(A,B); seed=101; train-class coverage checked"
marketing,tabpfn3,2,j1_b_then_a,2.00395699279125,0.8264416249102187,0.0379799886910382,0.5998111810734121,1.4076234439086135,0.0086675051612539,0.0264770903130627,mpr,1.0,,256,52,128,"joint(A,B); seed=101; train-class coverage checked"
marketing,tabpfn3,2,j2_a_then_b,1.9869100972083755,0.8236606672586724,0.0526067040836418,0.5821654156370073,1.4033994012962654,0.0020966058780142,0.0264770903130627,mpr,1.0,,256,52,128,"joint(A,B); seed=101; train-class coverage checked"
marketing,tabpfn3,2,independent,1.987656507629948,0.8238691395896356,0.0506529431431603,0.5835106959121099,1.4041458117178385,1.30688713431866e-17,0.0264770903130627,mpr,1.0,,256,52,128,"joint(A,B); seed=101; train-class coverage checked"
marketing,tabpfn3,2,arithmetic,1.9940385834745304,0.8249103943978366,0.0530761373178957,0.5896095836303221,1.4047826929934415,0.0053820555196341,0.0264770903130627,mpr,1.0,,256,52,128,"joint(A,B); seed=101; train-class coverage checked"
marketing,tabpfn3,2,geometric,1.9945594939572675,0.824953961100525,0.052964942567021,0.5901535106174602,1.4049622431751845,0.0054263796005998,0.0264770903130627,mpr,1.0,,256,52,128,"joint(A,B); seed=101; train-class coverage checked"
marketing,tabpfn3,2,hard_core,1.988177363936188,0.8243336878613613,0.0513569370743232,0.5840315522183495,1.4046666680241715,1.1848490963793016e-13,0.0264770903130627,mpr,1.0,,256,52,128,"joint(A,B); seed=101; train-class coverage checked"
marketing,tabpfn3,2,soft_core_lambda_1,1.9912725601757384,0.824629671345134,0.0511091164565971,0.5869864333577333,1.4048247082966614,0.0027283842033546,0.0264770903130627,mpr,1.0,,256,52,128,"joint(A,B); seed=101; train-class coverage checked"
marketing,tabpfn3,2,selective_core,1.9909069706971996,0.8251102484727428,0.0512862708672482,0.5867611589793611,1.407396274785112,9.046027739473772e-14,0.0264770903130627,mpr,1.0,,256,52,128,"joint(A,B); seed=101; train-class coverage checked"
marketing,tabpfn3,3,j1_b_then_a,1.689035117499838,0.7531136188166441,0.0548154959358193,0.2579015534317733,1.4249577535316214,0.0085727108233805,0.0266587557135193,j2_a_then_b,,,256,52,128,"joint(A,B); seed=101; train-class coverage checked"
marketing,tabpfn3,3,j2_a_then_b,1.6985053049786636,0.753170167166341,0.0340838111692737,0.2667735416106496,1.4310350442114703,0.0071654087874005,0.0266587557135193,j2_a_then_b,,,256,52,128,"joint(A,B); seed=101; train-class coverage checked"
marketing,tabpfn3,3,independent,1.6986038248352575,0.7526957856405205,0.0264583795304135,0.2674702607671929,1.431133564068065,1.6541177031337197e-17,0.0266587557135193,j2_a_then_b,,,256,52,128,"joint(A,B); seed=101; train-class coverage checked"
marketing,tabpfn3,3,arithmetic,1.6923299091292474,0.7529434029586792,0.0813750852415172,0.2610449052173894,1.4271462318327002,0.0078690598053905,0.0266587557135193,j2_a_then_b,,,256,52,128,"joint(A,B); seed=101; train-class coverage checked"
marketing,tabpfn3,3,geometric,1.6926275929970664,0.7528645576054567,0.0812111785615625,0.261464413885663,1.427389287437379,0.007779074601383,0.0266587557135193,j2_a_then_b,,,256,52,128,"joint(A,B); seed=101; train-class coverage checked"
marketing,tabpfn3,3,hard_core,1.6952926478469292,0.7524444197430937,0.0246821462212576,0.2641590837788645,1.4278223870797837,2.3372084822381343e-14,0.0266587557135193,j2_a_then_b,,,256,52,128,"joint(A,B); seed=101; train-class coverage checked"
marketing,tabpfn3,3,soft_core_lambda_1,1.693619528833338,0.7525854129056351,0.0509364997434246,0.262602949076992,1.4274552564325096,0.0039689097997205,0.0266587557135193,j2_a_then_b,,,256,52,128,"joint(A,B); seed=101; train-class coverage checked"
marketing,tabpfn3,3,selective_core,1.6985053049786636,0.753170167166341,0.0340838111692737,0.2667735416106496,1.4310350442114703,0.0071654087874005,0.0266587557135193,j2_a_then_b,,,256,52,128,"joint(A,B); seed=101; train-class coverage checked"
marketing,tabpfn3,4,j1_b_then_a,1.7350370183081996,0.7723228585188174,0.1119602252285103,0.3951925494133667,1.333938025927316,0.0075577311428956,0.031277921363373,j2_a_then_b,,,256,52,128,"joint(A,B); seed=101; train-class coverage checked"
marketing,tabpfn3,4,j2_a_then_b,1.7526670803528122,0.7782714375446171,0.0999963154220192,0.4060235851681605,1.352834774618588,0.0058856774829336,0.031277921363373,j2_a_then_b,,,256,52,128,"joint(A,B); seed=101; train-class coverage checked"
marketing,tabpfn3,4,independent,1.7396767746290571,0.7751310023999012,0.0811239837320753,0.3998323057342243,1.3398444688948328,1.593660726523444e-17,0.031277921363373,j2_a_then_b,,,256,52,128,"joint(A,B); seed=101; train-class coverage checked"
marketing,tabpfn3,4,arithmetic,1.7416062882875796,0.7747370525156807,0.1201008682775651,0.3986370776632471,1.341663115322981,0.0067217043129146,0.031277921363373,j2_a_then_b,,,256,52,128,"joint(A,B); seed=101; train-class coverage checked"
marketing,tabpfn3,4,geometric,1.741651163267232,0.7749431779723288,0.1170672560076876,0.3994744166503936,1.3400269078148497,0.0064648848634947,0.031277921363373,j2_a_then_b,,,256,52,128,"joint(A,B); seed=101; train-class coverage checked"
marketing,tabpfn3,4,hard_core,1.7358885108993496,0.7740215237348229,0.1028858055447997,0.3960440420045169,1.336056205164563,3.6635496287206653e-14,0.031277921363373,j2_a_then_b,,,256,52,128,"joint(A,B); seed=101; train-class coverage checked"
marketing,tabpfn3,4,soft_core_lambda_1,1.7388414937735914,0.7745770886964262,0.1008760041394192,0.3980034111331386,1.3378329487446483,0.0032102490974758,0.031277921363373,j2_a_then_b,,,256,52,128,"joint(A,B); seed=101; train-class coverage checked"
marketing,tabpfn3,4,selective_core,1.7526670803528122,0.7782714375446171,0.0999963154220192,0.4060235851681605,1.352834774618588,0.0058856774829336,0.031277921363373,j2_a_then_b,,,256,52,128,"joint(A,B); seed=101; train-class coverage checked"
marketing,tabpfn3,5,j1_b_then_a,1.645517387321299,0.7492820238946797,0.0405546630033393,0.2633792073489946,1.3864672697657092,0.0089340607432022,0.0313455020471354,j1_b_then_a,,,256,52,128,"joint(A,B); seed=101; train-class coverage checked"
marketing,tabpfn3,5,j2_a_then_b,1.6929432404150428,0.7563313418745881,0.0482483001359151,0.2991461192525096,1.413653371288912,0.0096020848752982,0.0313455020471354,j1_b_then_a,,,256,52,128,"joint(A,B); seed=101; train-class coverage checked"
marketing,tabpfn3,5,independent,1.661428049098435,0.7530126900100086,0.0449334444524857,0.2792898691261307,1.3821381799723045,1.4730961743936348e-17,0.0313455020471354,j1_b_then_a,,,256,52,128,"joint(A,B); seed=101; train-class coverage checked"
marketing,tabpfn3,5,arithmetic,1.660907822973661,0.7525568391356197,0.0436891945963289,0.2737374848769097,1.3922720390783638,0.0092680728092502,0.0313455020471354,j1_b_then_a,,,256,52,128,"joint(A,B); seed=101; train-class coverage checked"
marketing,tabpfn3,5,geometric,1.6674118524799626,0.7528453494995307,0.0439076486072517,0.2798123826013143,1.3989278378548695,0.0093503514334928,0.0313455020471354,j1_b_then_a,,,256,52,128,"joint(A,B); seed=101; train-class coverage checked"
marketing,tabpfn3,5,hard_core,1.6708392023350092,0.7535119566805518,0.0410354974719743,0.2887010223627048,1.3915493332083777,1.431878856613224e-13,0.0313455020471354,j1_b_then_a,,,256,52,128,"joint(A,B); seed=101; train-class coverage checked"
marketing,tabpfn3,5,soft_core_lambda_1,1.6694283216116574,0.7531562623474639,0.0431311302266097,0.2845710465603064,1.395581253699665,0.0048183496366176,0.0313455020471354,j1_b_then_a,,,256,52,128,"joint(A,B); seed=101; train-class coverage checked"
marketing,tabpfn3,5,selective_core,1.645517387321299,0.7492820238946797,0.0405546630033393,0.2633792073489946,1.3864672697657092,0.0089340607432022,0.0313455020471354,j1_b_then_a,,,256,52,128,"joint(A,B); seed=101; train-class coverage checked"
marketing,catboost,1,j1_b_then_a,1.9997200335587964,0.8284913527562849,0.0838258924326876,0.423975620878334,1.5595373931718428,0.0083668358947052,0.0498384864076019,soft,1.0,1.0,256,52,128,"joint(A,B); seed=101; train-class coverage checked"
marketing,catboost,1,j2_a_then_b,1.9971534802588533,0.8241178649828835,0.083881499729352,0.4265452915241456,1.5617813972023915,0.0203645780924949,0.0498384864076019,soft,1.0,1.0,256,52,128,"joint(A,B); seed=101; train-class coverage checked"
marketing,catboost,1,independent,2.0111164957369243,0.8256062752262281,0.0720574239205821,0.4353720830564619,1.5757444126804625,4.350022403919185e-17,0.0498384864076019,soft,1.0,1.0,256,52,128,"joint(A,B); seed=101; train-class coverage checked"
marketing,catboost,1,arithmetic,1.995481459393292,0.825730753066994,0.0835604632839061,0.4237892766379671,1.5584218402457055,0.0143657069936,0.0498384864076019,soft,1.0,1.0,256,52,128,"joint(A,B); seed=101; train-class coverage checked"
marketing,catboost,1,geometric,1.996099176821896,0.825932346255032,0.0839398555462716,0.4240979474077831,1.5585934227267375,0.0144382153079866,0.0498384864076019,soft,1.0,1.0,256,52,128,"joint(A,B); seed=101; train-class coverage checked"
marketing,catboost,1,hard_core,1.9973611954224737,0.8264849470794738,0.0907564401522645,0.4216167827420114,1.5619891123659948,5.943437744997809e-14,0.0498384864076019,soft,1.0,1.0,256,52,128,"joint(A,B); seed=101; train-class coverage checked"
marketing,catboost,1,soft_core_lambda_1,1.996352556338624,0.826127562217143,0.083536706356248,0.4227191363957391,1.56005653392307,0.0072620475599883,0.0498384864076019,soft,1.0,1.0,256,52,128,"joint(A,B); seed=101; train-class coverage checked"
marketing,catboost,1,selective_core,1.9964944151163608,0.8278688712962966,0.081438245796015,0.4204225145197908,1.5591989632276864,0.0044892512055267,0.0498384864076019,soft,1.0,1.0,256,52,128,"joint(A,B); seed=101; train-class coverage checked"
marketing,catboost,2,j1_b_then_a,1.891702103803204,0.8011637984641382,0.025305840369854,0.443265698777894,1.4409230098407626,0.0109836667862832,0.0561147759613387,mpr,1.0,,256,52,128,"joint(A,B); seed=101; train-class coverage checked"
marketing,catboost,2,j2_a_then_b,1.878770937962316,0.7984051512351392,0.0317265080348106,0.4356518082693184,1.442014694491235,0.0238912943265911,0.0561147759613387,mpr,1.0,,256,52,128,"joint(A,B); seed=101; train-class coverage checked"
marketing,catboost,2,independent,1.8851926484963908,0.7992773664437511,0.0336152653212628,0.4367562434710811,1.4484364050253096,3.963097753613421e-17,0.0561147759613387,mpr,1.0,,256,52,128,"joint(A,B); seed=101; train-class coverage checked"
marketing,catboost,2,arithmetic,1.8826571548114024,0.7990546128499457,0.0439824617782099,0.4385457788726686,1.4398293936076154,0.0174374805564371,0.0561147759613387,mpr,1.0,,256,52,128,"joint(A,B); seed=101; train-class coverage checked"
marketing,catboost,2,geometric,1.882575177693341,0.7990477798284019,0.0437966291837218,0.4386975078374429,1.4395208289419297,0.0174332682986016,0.0561147759613387,mpr,1.0,,256,52,128,"joint(A,B); seed=101; train-class coverage checked"
marketing,catboost,2,hard_core,1.8808352913489343,0.7987467231158157,0.0289757655921291,0.4323988863236249,1.444079047877677,6.07295409706804e-13,0.0561147759613387,mpr,1.0,,256,52,128,"joint(A,B); seed=101; train-class coverage checked"
marketing,catboost,2,soft_core_lambda_1,1.8810816937405024,0.7987314943985245,0.0091328916375135,0.4353906028126719,1.4413354436333872,0.0087115297350587,0.0561147759613387,mpr,1.0,,256,52,128,"joint(A,B); seed=101; train-class coverage checked"
marketing,catboost,2,selective_core,1.8777159058067765,0.7984135261511387,0.0189411804452863,0.4292795007814667,1.440959662335647,3.1168047743418414e-14,0.0561147759613387,mpr,1.0,,256,52,128,"joint(A,B); seed=101; train-class coverage checked"
marketing,catboost,3,j1_b_then_a,1.7752698160951026,0.775219693359612,0.0729303624916665,0.2960322277847023,1.4808730218497694,0.0089330712416679,0.0568606899384458,mpr,1.0,,256,52,128,"joint(A,B); seed=101; train-class coverage checked"
marketing,catboost,3,j2_a_then_b,1.7586710495781632,0.7702392933586917,0.0550300571530461,0.2979166450141516,1.4583568761201593,0.0224938813379314,0.0568606899384458,mpr,1.0,,256,52,128,"joint(A,B); seed=101; train-class coverage checked"
marketing,catboost,3,independent,1.779551761768404,0.7755532114540242,0.0667468429520573,0.3003141734580038,1.4792375883104003,3.9058383263790303e-17,0.0568606899384458,mpr,1.0,,256,52,128,"joint(A,B); seed=101; train-class coverage checked"
marketing,catboost,3,arithmetic,1.7641791230767492,0.7719853156236667,0.0615874568746522,0.2960321909106281,1.4672534009109617,0.0157134762897996,0.0568606899384458,mpr,1.0,,256,52,128,"joint(A,B); seed=101; train-class coverage checked"
marketing,catboost,3,geometric,1.7638976744956518,0.7720487831295147,0.0611442089989064,0.2956465326682839,1.4674326270109048,0.0155918594669285,0.0568606899384458,mpr,1.0,,256,52,128,"joint(A,B); seed=101; train-class coverage checked"
marketing,catboost,3,hard_core,1.778919261391193,0.7759666701051672,0.0688320042710437,0.2996816730807927,1.4786050879334307,1.4046985010720758e-13,0.0568606899384458,mpr,1.0,,256,52,128,"joint(A,B); seed=101; train-class coverage checked"
marketing,catboost,3,soft_core_lambda_1,1.770797284311321,0.7738381649340564,0.0368142609711297,0.297510260832365,1.4725382774476534,0.0077913857893224,0.0568606899384458,mpr,1.0,,256,52,128,"joint(A,B); seed=101; train-class coverage checked"
marketing,catboost,3,selective_core,1.7819963528880365,0.7765308219278184,0.0694779259527362,0.302758764577636,1.481682179430085,1.8975794514267813e-14,0.0568606899384458,mpr,1.0,,256,52,128,"joint(A,B); seed=101; train-class coverage checked"
marketing,catboost,4,j1_b_then_a,1.7579344636703478,0.7633531481988192,0.0907468055281834,0.3502638523985367,1.4041928772365502,0.0106116326398934,0.0555857917832282,mpr,1.0,,256,52,128,"joint(A,B); seed=101; train-class coverage checked"
marketing,catboost,4,j2_a_then_b,1.76729447017889,0.7647505493959359,0.0945722530635976,0.3460922880276073,1.421790853820328,0.0228471839938201,0.0555857917832282,mpr,1.0,,256,52,128,"joint(A,B); seed=101; train-class coverage checked"
marketing,catboost,4,independent,1.7531742276303728,0.7633532055916323,0.0915420538028352,0.3455036163585617,1.407670611271811,4.223306275009942e-17,0.0555857917832282,mpr,1.0,,256,52,128,"joint(A,B); seed=101; train-class coverage checked"
marketing,catboost,4,arithmetic,1.760390716451579,0.7633806826537612,0.0851948594250472,0.3475122402021496,1.411427127130573,0.0167294083168567,0.0555857917832282,mpr,1.0,,256,52,128,"joint(A,B); seed=101; train-class coverage checked"
marketing,catboost,4,geometric,1.7599204693588613,0.7633237872982441,0.084880431204392,0.3473223819862622,1.4110673049512332,0.0165417598333298,0.0555857917832282,mpr,1.0,,256,52,128,"joint(A,B); seed=101; train-class coverage checked"
marketing,catboost,4,hard_core,1.7514202802417853,0.7630133877971776,0.0888857970418662,0.3437496689699742,1.4059166638832277,2.283461912394244e-15,0.0555857917832282,mpr,1.0,,256,52,128,"joint(A,B); seed=101; train-class coverage checked"
marketing,catboost,4,soft_core_lambda_1,1.7551362005834854,0.7630369523512204,0.082910328779805,0.3453844390652747,1.408110013121834,0.0082399200444172,0.0555857917832282,mpr,1.0,,256,52,128,"joint(A,B); seed=101; train-class coverage checked"
marketing,catboost,4,selective_core,1.7494666626394904,0.7625334009020075,0.0868103503111468,0.3417960513676794,1.403963046281439,2.0211926614810072e-13,0.0555857917832282,mpr,1.0,,256,52,128,"joint(A,B); seed=101; train-class coverage checked"
marketing,catboost,5,j1_b_then_a,1.856657326640404,0.7900289778225116,0.0895279539655639,0.3761583526992405,1.4824257928027136,0.0095826253342611,0.0608397844651701,mpr,1.0,,256,52,128,"joint(A,B); seed=101; train-class coverage checked"
marketing,catboost,5,j2_a_then_b,1.8185683489163131,0.7816767115501271,0.0644074052144248,0.3574949979775317,1.4581986631199677,0.0251873381877996,0.0608397844651701,mpr,1.0,,256,52,128,"joint(A,B); seed=101; train-class coverage checked"
marketing,catboost,5,independent,1.8408686597375092,0.7883481857483394,0.0842484614902258,0.3603696857963461,1.4804989739411636,4.074228476293185e-17,0.0608397844651701,mpr,1.0,,256,52,128,"joint(A,B); seed=101; train-class coverage checked"
marketing,catboost,5,arithmetic,1.8336081295647075,0.784992608870314,0.0570935538773708,0.3650673227800877,1.467222201859142,0.0173849817610303,0.0608397844651701,mpr,1.0,,256,52,128,"joint(A,B); seed=101; train-class coverage checked"
marketing,catboost,5,geometric,1.834198787352276,0.7851883995529896,0.0576328549345043,0.3659004498222458,1.4675606020932823,0.0173793557436689,0.0608397844651701,mpr,1.0,,256,52,128,"joint(A,B); seed=101; train-class coverage checked"
marketing,catboost,5,hard_core,1.840546845967625,0.7878988496966621,0.0984633574180484,0.3600478720264616,1.4801771601714249,1.0229008056707701e-13,0.0608397844651701,mpr,1.0,,256,52,128,"joint(A,B); seed=101; train-class coverage checked"
marketing,catboost,5,soft_core_lambda_1,1.8365810790677504,0.7863483824472122,0.0798757411539798,0.3628146076511094,1.4732275135820336,0.0087529927405414,0.0608397844651701,mpr,1.0,,256,52,128,"joint(A,B); seed=101; train-class coverage checked"
marketing,catboost,5,selective_core,1.8442118787156632,0.7880286558481473,0.0959225444822247,0.3637129047744998,1.4838421929193448,1.1462151486198864e-14,0.0608397844651701,mpr,1.0,,256,52,128,"joint(A,B); seed=101; train-class coverage checked"
phishing,tabiclv2,1,j1_b_then_a,0.6945781480403288,0.3257750984681031,0.094084900640659,0.2602206873590558,0.3352597905094766,0.0237146961228701,0.0712684315497723,j2_a_then_b,,,256,52,128,"joint(A,B); seed=101; train-class coverage checked"
phishing,tabiclv2,1,j2_a_then_b,0.7173209373856341,0.3400366463254077,0.1053080950397894,0.2780571644397969,0.3226864634508576,0.026741313033024,0.0712684315497723,j2_a_then_b,,,256,52,128,"joint(A,B); seed=101; train-class coverage checked"
phishing,tabiclv2,1,independent,0.8289919346160493,0.381783665153875,0.1764081711987024,0.3946344739347764,0.4343574606812728,3.118425910699592e-17,0.0712684315497723,j2_a_then_b,,,256,52,128,"joint(A,B); seed=101; train-class coverage checked"
phishing,tabiclv2,1,arithmetic,0.7020528334453828,0.3302592479674536,0.0764445273701636,0.2680856765317995,0.3275258806172126,0.025228004577947,0.0712684315497723,j2_a_then_b,,,256,52,128,"joint(A,B); seed=101; train-class coverage checked"
phishing,tabiclv2,1,geometric,0.6984191421606272,0.3291360789939541,0.079718229190334,0.2665559762593138,0.3254960661303029,0.0253730648901119,0.0712684315497723,j2_a_then_b,,,256,52,128,"joint(A,B); seed=101; train-class coverage checked"
phishing,tabiclv2,1,hard_core,0.7308161994171093,0.3422784106511146,0.0876579657541206,0.2964587387358365,0.336181725481622,1.6488876727899096e-13,0.0712684315497723,j2_a_then_b,,,256,52,128,"joint(A,B); seed=101; train-class coverage checked"
phishing,tabiclv2,1,soft_core_lambda_1,0.7081443835848727,0.333134598021279,0.1007561209013478,0.2747556546293062,0.3275558298341212,0.0166155019201597,0.0712684315497723,j2_a_then_b,,,256,52,128,"joint(A,B); seed=101; train-class coverage checked"
phishing,tabiclv2,1,selective_core,0.7173209373856341,0.3400366463254077,0.1053080950397894,0.2780571644397969,0.3226864634508576,0.026741313033024,0.0712684315497723,j2_a_then_b,,,256,52,128,"joint(A,B); seed=101; train-class coverage checked"
phishing,tabiclv2,2,j1_b_then_a,0.9905775767242077,0.4534126679955266,0.1292992086203054,0.4525274240581007,0.4843317793731718,0.022742976276312,0.0672094969768571,j2_a_then_b,,,256,52,128,"joint(A,B); seed=101; train-class coverage checked"
phishing,tabiclv2,2,j2_a_then_b,1.0104150552230868,0.4596444088647009,0.1305831157740409,0.4525415112716093,0.4772162713082858,0.0237447076897308,0.0672094969768571,j2_a_then_b,,,256,52,128,"joint(A,B); seed=101; train-class coverage checked"
phishing,tabiclv2,2,independent,1.0712489365809077,0.4691176840658675,0.1527371928382025,0.5331987839148009,0.5380501526661067,2.4784078157542418e-17,0.0672094969768571,j2_a_then_b,,,256,52,128,"joint(A,B); seed=101; train-class coverage checked"
phishing,tabiclv2,2,arithmetic,0.9927465299562714,0.4537840673837138,0.1201034776165186,0.4484132889567742,0.4770066945455697,0.0232438419830214,0.0672094969768571,j2_a_then_b,,,256,52,128,"joint(A,B); seed=101; train-class coverage checked"
phishing,tabiclv2,2,geometric,0.9929266523340732,0.4545731657155277,0.1163241422890812,0.447590552026991,0.4774774913916463,0.023452952937215,0.0672094969768571,j2_a_then_b,,,256,52,128,"joint(A,B); seed=101; train-class coverage checked"
phishing,tabiclv2,2,hard_core,1.0226158752312289,0.4582470882390947,0.1377074674460527,0.4845657225651221,0.489417091315932,1.9142297167726042e-13,0.0672094969768571,j2_a_then_b,,,256,52,128,"joint(A,B); seed=101; train-class coverage checked"
phishing,tabiclv2,2,soft_core_lambda_1,0.9957955215992926,0.4559810069736853,0.14412959294458,0.4532164204374027,0.4751457226459055,0.0162151506736725,0.0672094969768571,j2_a_then_b,,,256,52,128,"joint(A,B); seed=101; train-class coverage checked"
phishing,tabiclv2,2,selective_core,1.0104150552230868,0.4596444088647009,0.1305831157740409,0.4525415112716093,0.4772162713082858,0.0237447076897308,0.0672094969768571,j2_a_then_b,,,256,52,128,"joint(A,B); seed=101; train-class coverage checked"
phishing,tabiclv2,3,j1_b_then_a,0.8516853000734241,0.3934810678293275,0.1093488560603406,0.3254058688001649,0.4155045398101749,0.0210845778512323,0.0700471764719397,j2_a_then_b,,,256,52,128,"joint(A,B); seed=101; train-class coverage checked"
phishing,tabiclv2,3,j2_a_then_b,0.8565701222564974,0.4059034890382869,0.1025229336025141,0.3329270767145655,0.3970259854339132,0.0283321504730995,0.0700471764719397,j2_a_then_b,,,256,52,128,"joint(A,B); seed=101; train-class coverage checked"
phishing,tabiclv2,3,independent,0.9858235680958432,0.4315045177768326,0.1190915563651465,0.4595441368225841,0.5262794312732592,3.2782186761991146e-17,0.0700471764719397,j2_a_then_b,,,256,52,128,"joint(A,B); seed=101; train-class coverage checked"
phishing,tabiclv2,3,arithmetic,0.8471339071585531,0.3968004296327837,0.108340683641224,0.3273407907413094,0.4037583828571975,0.0247083641621659,0.0700471764719397,j2_a_then_b,,,256,52,128,"joint(A,B); seed=101; train-class coverage checked"
phishing,tabiclv2,3,geometric,0.84566196561384,0.3969674479836372,0.1048780809250214,0.3252400494777657,0.4024314179773472,0.025272755327728,0.0700471764719397,j2_a_then_b,,,256,52,128,"joint(A,B); seed=101; train-class coverage checked"
phishing,tabiclv2,3,hard_core,0.8900803626246405,0.4059170127022352,0.0731547724639925,0.3638009313513813,0.4305362258025296,1.9417500236931773e-13,0.0700471764719397,j2_a_then_b,,,256,52,128,"joint(A,B); seed=101; train-class coverage checked"
phishing,tabiclv2,3,soft_core_lambda_1,0.8549617700203671,0.3988505235700027,0.1026162151553708,0.3331094293788719,0.4071786607283083,0.0170414723330813,0.0700471764719397,j2_a_then_b,,,256,52,128,"joint(A,B); seed=101; train-class coverage checked"
phishing,tabiclv2,3,selective_core,0.8565701222564974,0.4059034890382869,0.1025229336025141,0.3329270767145655,0.3970259854339132,0.0283321504730995,0.0700471764719397,j2_a_then_b,,,256,52,128,"joint(A,B); seed=101; train-class coverage checked"
phishing,tabiclv2,4,j1_b_then_a,1.0089768113555304,0.4929800458594545,0.1336537252143589,0.4287560426249988,0.4735446118255927,0.019750574047519,0.0717414332920481,j2_a_then_b,,,256,52,128,"joint(A,B); seed=101; train-class coverage checked"
phishing,tabiclv2,4,j2_a_then_b,1.0648345117277287,0.5083637020228247,0.1145507942489014,0.4451555639807949,0.4851148963211791,0.0305015357262826,0.0717414332920481,j2_a_then_b,,,256,52,128,"joint(A,B); seed=101; train-class coverage checked"
phishing,tabiclv2,4,independent,1.1599403841370812,0.5384670893408279,0.0838395536377579,0.5797196154065494,0.5802207687305317,2.6698690255692357e-17,0.0717414332920481,j2_a_then_b,,,256,52,128,"joint(A,B); seed=101; train-class coverage checked"
phishing,tabiclv2,4,arithmetic,1.0286632798457904,0.4979346021953615,0.1321953881939413,0.4337668222617024,0.475895499937249,0.0251260548869008,0.0717414332920481,j2_a_then_b,,,256,52,128,"joint(A,B); seed=101; train-class coverage checked"
phishing,tabiclv2,4,geometric,1.029626084241319,0.4987795509156879,0.1173094395833762,0.4343597756438033,0.4754324629632768,0.0253010397256628,0.0717414332920481,j2_a_then_b,,,256,52,128,"joint(A,B); seed=101; train-class coverage checked"
phishing,tabiclv2,4,hard_core,1.0547503633187785,0.5029202075998347,0.1219162803465925,0.4745295945882468,0.4750307479129786,1.8876716032812122e-13,0.0717414332920481,j2_a_then_b,,,256,52,128,"joint(A,B); seed=101; train-class coverage checked"
phishing,tabiclv2,4,soft_core_lambda_1,1.0340762774195398,0.4999166920201903,0.1481660747223635,0.4456253531734782,0.4724976213995961,0.0171303803091878,0.0717414332920481,j2_a_then_b,,,256,52,128,"joint(A,B); seed=101; train-class coverage checked"
phishing,tabiclv2,4,selective_core,1.0648345117277287,0.5083637020228247,0.1145507942489014,0.4451555639807949,0.4851148963211791,0.0305015357262826,0.0717414332920481,j2_a_then_b,,,256,52,128,"joint(A,B); seed=101; train-class coverage checked"
phishing,tabiclv2,5,j1_b_then_a,0.7503427085539592,0.3693411794232462,0.0623795794824075,0.2772325034771462,0.3644548902846017,0.020676559243002,0.0627209683027419,arithmetic,,,256,52,128,"joint(A,B); seed=101; train-class coverage checked"
phishing,tabiclv2,5,j2_a_then_b,0.7501945662069236,0.3732068271553924,0.0704429613952517,0.2814902031548458,0.3447213194428981,0.0253692354129,0.0627209683027419,arithmetic,,,256,52,128,"joint(A,B); seed=101; train-class coverage checked"
phishing,tabiclv2,5,independent,0.8785834518408384,0.3994768920970668,0.0781935157388281,0.4054732467640254,0.473110205076813,2.852092282303238e-17,0.0627209683027419,arithmetic,,,256,52,128,"joint(A,B); seed=101; train-class coverage checked"
phishing,tabiclv2,5,arithmetic,0.7436927668622789,0.3684816294656898,0.0735005596977201,0.2779572403772321,0.3524876239828122,0.023022897327951,0.0627209683027419,arithmetic,,,256,52,128,"joint(A,B); seed=101; train-class coverage checked"
phishing,tabiclv2,5,geometric,0.7431993844431777,0.3686056454746732,0.0850218341195053,0.2771415009125952,0.3516218268986021,0.0231420672649152,0.0627209683027419,arithmetic,,,256,52,128,"joint(A,B); seed=101; train-class coverage checked"
phishing,tabiclv2,5,hard_core,0.7809802788772324,0.3838384809777515,0.0473019480811758,0.3078700738004194,0.3755070321126078,2.6719090281897333e-13,0.0627209683027419,arithmetic,,,256,52,128,"joint(A,B); seed=101; train-class coverage checked"
phishing,tabiclv2,5,soft_core_lambda_1,0.7519327346680718,0.3729828139109555,0.0627503597881897,0.2826229646850569,0.3577884508840112,0.0153578920844683,0.0627209683027419,arithmetic,,,256,52,128,"joint(A,B); seed=101; train-class coverage checked"
phishing,tabiclv2,5,selective_core,0.7436927668622789,0.3684816294656898,0.0735005596977201,0.2779572403772321,0.3524876239828122,0.023022897327951,0.0627209683027419,arithmetic,,,256,52,128,"joint(A,B); seed=101; train-class coverage checked"
phishing,tabpfn3,1,j1_b_then_a,0.681039269729689,0.3220124093252012,0.0998689364023468,0.2554123112250716,0.3361602681090305,0.0189595675539913,0.0592994528080911,j2_a_then_b,,,256,52,128,"joint(A,B); seed=101; train-class coverage checked"
phishing,tabpfn3,1,j2_a_then_b,0.6654711137871676,0.3126945219971838,0.1121871348965022,0.2514119315042685,0.3259946201137567,0.0229206930249981,0.0592994528080911,j2_a_then_b,,,256,52,128,"joint(A,B); seed=101; train-class coverage checked"
phishing,tabpfn3,1,independent,0.7651034521780284,0.3608758250573055,0.1167575390209612,0.3394764936734109,0.4256269585046175,3.3287018398554715e-17,0.0592994528080911,j2_a_then_b,,,256,52,128,"joint(A,B); seed=101; train-class coverage checked"
phishing,tabpfn3,1,arithmetic,0.6708591699690011,0.3155706594245766,0.0864988003793517,0.2527903583693611,0.3297198685383543,0.0209401302894947,0.0592994528080911,j2_a_then_b,,,256,52,128,"joint(A,B); seed=101; train-class coverage checked"
phishing,tabpfn3,1,geometric,0.6677635572981665,0.3146181949893576,0.0905747622322015,0.2514489193299247,0.3285331789288197,0.0208422623076741,0.0592994528080911,j2_a_then_b,,,256,52,128,"joint(A,B); seed=101; train-class coverage checked"
phishing,tabpfn3,1,hard_core,0.6839548076247213,0.3207208873961836,0.0891132189140123,0.2583278491201037,0.3444783139522851,2.190623587247233e-13,0.0592994528080911,j2_a_then_b,,,256,52,128,"joint(A,B); seed=101; train-class coverage checked"
phishing,tabpfn3,1,soft_core_lambda_1,0.671417051504872,0.315954143323903,0.0940412867951532,0.2521999947392059,0.3329215051397314,0.0136777741015561,0.0592994528080911,j2_a_then_b,,,256,52,128,"joint(A,B); seed=101; train-class coverage checked"
phishing,tabpfn3,1,selective_core,0.6654711137871676,0.3126945219971838,0.1121871348965022,0.2514119315042685,0.3259946201137567,0.0229206930249981,0.0592994528080911,j2_a_then_b,,,256,52,128,"joint(A,B); seed=101; train-class coverage checked"
phishing,tabpfn3,2,j1_b_then_a,0.9633470671685692,0.4395287900006255,0.1166904040237738,0.4177901562432778,0.4765987642738539,0.0223503353576475,0.067859548429214,soft,0.0,0.1,256,52,128,"joint(A,B); seed=101; train-class coverage checked"
phishing,tabpfn3,2,j2_a_then_b,1.0148361808302484,0.4489822198643546,0.0967148893729203,0.4687162904437197,0.492465663590194,0.0262493108787752,0.067859548429214,soft,0.0,0.1,256,52,128,"joint(A,B); seed=101; train-class coverage checked"
phishing,tabpfn3,2,independent,1.067927428165346,0.4604594768906681,0.1223580348225719,0.5223705172400546,0.5455569109252916,2.7285684088139587e-17,0.067859548429214,soft,0.0,0.1,256,52,128,"joint(A,B); seed=101; train-class coverage checked"
phishing,tabpfn3,2,arithmetic,0.9809549008813486,0.4416460995693642,0.1103447197637356,0.4390353884206858,0.481191504636885,0.0242998231182113,0.067859548429214,soft,0.0,0.1,256,52,128,"joint(A,B); seed=101; train-class coverage checked"
phishing,tabpfn3,2,geometric,0.9822904753191082,0.4423535379776078,0.1158990811562531,0.439507253689135,0.4812978511321983,0.0241288094285626,0.067859548429214,soft,0.0,0.1,256,52,128,"joint(A,B); seed=101; train-class coverage checked"
phishing,tabpfn3,2,hard_core,1.0328876380509977,0.4513578861444828,0.1209086752098552,0.4873307271257061,0.5105171208105126,1.689293497007951e-13,0.067859548429214,soft,0.0,0.1,256,52,128,"joint(A,B); seed=101; train-class coverage checked"
phishing,tabpfn3,2,soft_core_lambda_1,0.993996557042414,0.4449938552323577,0.116945269522229,0.4515287613763872,0.4853454125394187,0.01678393506568,0.067859548429214,soft,0.0,0.1,256,52,128,"joint(A,B); seed=101; train-class coverage checked"
phishing,tabpfn3,2,selective_core,1.013626489003363,0.4486104999075896,0.1022455859949335,0.4688446875220608,0.4926901806499699,0.0251629222590727,0.067859548429214,soft,0.0,0.1,256,52,128,"joint(A,B); seed=101; train-class coverage checked"
phishing,tabpfn3,3,j1_b_then_a,0.8686255527437208,0.4014006075557754,0.087593522482527,0.3412608710211902,0.4209467265843576,0.0171653751949845,0.0674572637527043,j2_a_then_b,,,256,52,128,"joint(A,B); seed=101; train-class coverage checked"
phishing,tabpfn3,3,j2_a_then_b,0.8722705455943023,0.4066633665761235,0.0740808320084712,0.3567823079184335,0.4033652883658618,0.0247139001801008,0.0674572637527043,j2_a_then_b,,,256,52,128,"joint(A,B); seed=101; train-class coverage checked"
phishing,tabpfn3,3,independent,0.996269938950971,0.4325533316405812,0.0793797028204338,0.4689052572284405,0.5273646817225304,2.6384758669616238e-17,0.0674572637527043,j2_a_then_b,,,256,52,128,"joint(A,B); seed=101; train-class coverage checked"
phishing,tabpfn3,3,arithmetic,0.8599625732509608,0.4017957384487677,0.0741441802720664,0.3426696312815447,0.4051726197282304,0.0209396376875426,0.0674572637527043,j2_a_then_b,,,256,52,128,"joint(A,B); seed=101; train-class coverage checked"
phishing,tabpfn3,3,geometric,0.862278639052511,0.402958118689718,0.0888911787998294,0.3427511868759268,0.4068450132816002,0.0213695266840264,0.0674572637527043,j2_a_then_b,,,256,52,128,"joint(A,B); seed=101; train-class coverage checked"
phishing,tabpfn3,3,hard_core,0.897163107863989,0.4081277368820633,0.0990065445707753,0.3697984261414584,0.4282578506363541,1.551957110716751e-13,0.0674572637527043,j2_a_then_b,,,256,52,128,"joint(A,B); seed=101; train-class coverage checked"
phishing,tabpfn3,3,soft_core_lambda_1,0.8722009244049554,0.4044558162214295,0.0746530012320106,0.3499821365373863,0.412233784671855,0.0133427546815608,0.0674572637527043,j2_a_then_b,,,256,52,128,"joint(A,B); seed=101; train-class coverage checked"
phishing,tabpfn3,3,selective_core,0.8722705455943023,0.4066633665761235,0.0740808320084712,0.3567823079184335,0.4033652883658618,0.0247139001801008,0.0674572637527043,j2_a_then_b,,,256,52,128,"joint(A,B); seed=101; train-class coverage checked"
phishing,tabpfn3,4,j1_b_then_a,1.0463839797194718,0.5052463451711745,0.1323262307674615,0.4380606307245929,0.49945520087565,0.0185460551139973,0.0558927116700349,arithmetic,,,256,52,128,"joint(A,B); seed=101; train-class coverage checked"
phishing,tabpfn3,4,j2_a_then_b,1.0612948365741566,0.5176645940637441,0.111449925067079,0.4346627585758616,0.4999863304883489,0.022705990565615,0.0558927116700349,arithmetic,,,256,52,128,"joint(A,B); seed=101; train-class coverage checked"
phishing,tabpfn3,4,independent,1.169631855080687,0.5437665460144194,0.1259295618291221,0.5613085060858076,0.6083233489948794,2.8638819221378335e-17,0.0558927116700349,arithmetic,,,256,52,128,"joint(A,B); seed=101; train-class coverage checked"
phishing,tabpfn3,4,arithmetic,1.049483086126664,0.5097208934465921,0.1464961707652578,0.4348185937855968,0.4972735664574641,0.0206260228398061,0.0558927116700349,arithmetic,,,256,52,128,"joint(A,B); seed=101; train-class coverage checked"
phishing,tabpfn3,4,geometric,1.0491802799372096,0.5097812538950774,0.1379539853690868,0.4346975427841669,0.4975688572487333,0.0206099262417546,0.0558927116700349,arithmetic,,,256,52,128,"joint(A,B); seed=101; train-class coverage checked"
phishing,tabpfn3,4,hard_core,1.059340796120226,0.5123603639382786,0.1040060542337718,0.4510174471253468,0.4980322900348676,1.4363208710303798e-13,0.0558927116700349,arithmetic,,,256,52,128,"joint(A,B); seed=101; train-class coverage checked"
phishing,tabpfn3,4,soft_core_lambda_1,1.0490614918827812,0.5103069228998796,0.1343145263368311,0.4368951556598808,0.495267504440243,0.0142293559257883,0.0558927116700349,arithmetic,,,256,52,128,"joint(A,B); seed=101; train-class coverage checked"
phishing,tabpfn3,4,selective_core,1.049483086126664,0.5097208934465921,0.1464961707652578,0.4348185937855968,0.4972735664574641,0.0206260228398061,0.0558927116700349,arithmetic,,,256,52,128,"joint(A,B); seed=101; train-class coverage checked"
phishing,tabpfn3,5,j1_b_then_a,0.7471026348595453,0.3707168489877647,0.0767487551202742,0.27170841238637106,0.36272214840180883,0.014506000670612038,0.052489712212243744,j1_b_then_a,,,256,52,128,"joint(A,B); seed=101; train-class coverage checked"
phishing,tabpfn3,5,j2_a_then_b,0.7397884357655102,0.36783341753777793,0.06492340846421052,0.2694386593853708,0.35736268017997797,0.02240008125610978,0.052489712212243744,j1_b_then_a,,,256,52,128,"joint(A,B); seed=101; train-class coverage checked"
phishing,tabpfn3,5,independent,0.8578199780587066,0.3966790910189986,0.08379600883444939,0.38242575558553227,0.4753942224731744,2.620031724535161e-17,0.052489712212243744,j1_b_then_a,,,256,52,128,"joint(A,B); seed=101; train-class coverage checked"
phishing,tabpfn3,5,arithmetic,0.7398301608554996,0.36764820780207874,0.06339498937596086,0.2694354803834666,0.359050503805643,0.0184530409633609,0.052489712212243744,j1_b_then_a,,,256,52,128,"joint(A,B); seed=101; train-class coverage checked"
phishing,tabpfn3,5,geometric,0.7390035456759888,0.36764076573331234,0.08411321812039033,0.2691168688204971,0.35802937407321156,0.01829970251462851,0.052489712212243744,j1_b_then_a,,,256,52,128,"joint(A,B); seed=101; train-class coverage checked"
phishing,tabpfn3,5,hard_core,0.7505216772064953,0.3766485275562344,0.06830071761162096,0.2751274547333209,0.3680959216202238,2.8892517127257927e-13,0.052489712212243744,j1_b_then_a,,,256,52,128,"joint(A,B); seed=101; train-class coverage checked"
phishing,tabpfn3,5,soft_core_lambda_1,0.7410312853431296,0.370369756229606,0.05119243662423949,0.2686491935437202,0.3608888810255132,0.011711955925688694,0.052489712212243744,j1_b_then_a,,,256,52,128,"joint(A,B); seed=101; train-class coverage checked"
phishing,tabpfn3,5,selective_core,0.7471026348595453,0.3707168489877647,0.0767487551202742,0.27170841238637106,0.36272214840180883,0.014506000670612038,0.052489712212243744,j1_b_then_a,,,256,52,128,"joint(A,B); seed=101; train-class coverage checked"
phishing,catboost,1,j1_b_then_a,0.9100576475859672,0.39574639235915665,0.16656748900135737,0.4008841805013027,0.391861190344416,0.03523467035028341,0.10426851108712293,mpr,1.0,,256,52,128,"joint(A,B); seed=101; train-class coverage checked"
phishing,catboost,1,j2_a_then_b,0.9260125620896995,0.40864096457662263,0.12385803788652941,0.39340664624095184,0.4176696615859903,0.0333149522765334,0.10426851108712293,mpr,1.0,,256,52,128,"joint(A,B); seed=101; train-class coverage checked"
phishing,catboost,1,independent,1.0175163675883736,0.4650927732375556,0.1717529391659125,0.5083429005037092,0.5091734670846645,2.8853330315270487e-17,0.10426851108712293,mpr,1.0,,256,52,128,"joint(A,B); seed=101; train-class coverage checked"
phishing,catboost,1,arithmetic,0.9127292360872673,0.3988984861440851,0.1661687632993943,0.39531590605704303,0.40421693175085227,0.03427481131340838,0.10426851108712293,mpr,1.0,,256,52,128,"joint(A,B); seed=101; train-class coverage checked"
phishing,catboost,1,geometric,0.9046886346800106,0.3963482752888171,0.1609503060705553,0.39154857127747755,0.3996129200673644,0.03295127354979712,0.10426851108712293,mpr,1.0,,256,52,128,"joint(A,B); seed=101; train-class coverage checked"
phishing,catboost,1,hard_core,0.9353526330860183,0.407527413142286,0.1371494513052445,0.42617916600135375,0.4270097325831272,5.815709445597915e-13,0.10426851108712293,mpr,1.0,,256,52,128,"joint(A,B); seed=101; train-class coverage checked"
phishing,catboost,1,soft_core_lambda_1,0.9070184732929566,0.39630152894045867,0.16019932252662888,0.3988040916067662,0.40619642543431833,0.020658761343230077,0.10426851108712293,mpr,1.0,,256,52,128,"joint(A,B); seed=101; train-class coverage checked"
phishing,catboost,1,selective_core,0.9299853408757595,0.4079540590919326,0.13485459101505523,0.42081187379109497,0.4216424403721336,7.670054438043035e-13,0.10426851108712293,mpr,1.0,,256,52,128,"joint(A,B); seed=101; train-class coverage checked"
phishing,catboost,2,j1_b_then_a,1.174482123651459,0.49504786584519606,0.17122143165288384,0.572308503756514,0.5405352639364718,0.03589319680410627,0.1037844219747136,soft,0.0,3.0,256,52,128,"joint(A,B); seed=101; train-class coverage checked"
phishing,catboost,2,j2_a_then_b,1.1287256926713267,0.483008490904598,0.1260280849647565,0.516612285286818,0.5417963146327359,0.03158426989890106,0.1037844219747136,soft,0.0,3.0,256,52,128,"joint(A,B); seed=101; train-class coverage checked"
phishing,catboost,2,independent,1.1891029979335364,0.5023289926103206,0.1902602918579296,0.5869293780385907,0.6021736198949454,3.752694769515452e-17,0.1037844219747136,soft,0.0,3.0,256,52,128,"joint(A,B); seed=101; train-class coverage checked"
phishing,catboost,2,arithmetic,1.1406192073730401,0.48601002127037796,0.1468631003924559,0.5371677580165091,0.5337653621193184,0.03373873335150363,0.1037844219747136,soft,0.0,3.0,256,52,128,"joint(A,B); seed=101; train-class coverage checked"
phishing,catboost,2,geometric,1.1368749012436508,0.48424482457325735,0.1494230324863888,0.5332490967888093,0.5363992465226787,0.030969012835319804,0.1037844219747136,soft,0.0,3.0,256,52,128,"joint(A,B); seed=101; train-class coverage checked"
phishing,catboost,2,hard_core,1.1368309927284708,0.47745520789352586,0.10579276284529379,0.5346573728335253,0.5499016146923148,9.263786501681297e-13,0.1037844219747136,soft,0.0,3.0,256,52,128,"joint(A,B); seed=101; train-class coverage checked"
phishing,catboost,2,soft_core_lambda_1,1.1286046655488429,0.48025734416373944,0.12620393598697874,0.5278062537258762,0.5372057554631356,0.018958004970895267,0.1037844219747136,soft,0.0,3.0,256,52,128,"joint(A,B); seed=101; train-class coverage checked"
phishing,catboost,2,selective_core,1.1290912197259781,0.47717748598526954,0.09667476093854803,0.5277080794823396,0.5467093757540451,0.0137380530696399,0.1037844219747136,soft,0.0,3.0,256,52,128,"joint(A,B); seed=101; train-class coverage checked"
phishing,catboost,3,j1_b_then_a,1.0864169848451288,0.4745046536509379,0.1347817507014854,0.4640897366257231,0.49870111696127506,0.03111580036711719,0.12248182384322055,soft,0.0,0.3,256,52,128,"joint(A,B); seed=101; train-class coverage checked"
phishing,catboost,3,j2_a_then_b,1.0443608365263881,0.46487120544766214,0.149833939560255,0.44354597204834767,0.47088323152960027,0.03892369883853624,0.12248182384322055,soft,0.0,0.3,256,52,128,"joint(A,B); seed=101; train-class coverage checked"
phishing,catboost,3,independent,1.1958048532161936,0.511874026891108,0.16541942849904026,0.573477604996788,0.6223272482194055,3.234988232153624e-17,0.12248182384322055,soft,0.0,0.3,256,52,128,"joint(A,B); seed=101; train-class coverage checked"
phishing,catboost,3,arithmetic,1.0499586198678406,0.46502031581133363,0.12523449869334535,0.44407720729331135,0.4728807550727361,0.035019749602826694,0.12248182384322055,soft,0.0,0.3,256,52,128,"joint(A,B); seed=101; train-class coverage checked"
phishing,catboost,3,geometric,1.045728273726503,0.4638379125523373,0.10564518725138478,0.4399273174357763,0.47196432462648585,0.03530424010345364,0.12248182384322055,soft,0.0,0.3,256,52,128,"joint(A,B); seed=101; train-class coverage checked"
phishing,catboost,3,hard_core,1.0637156393307077,0.46866648632632574,0.1392117774331799,0.44138839111130235,0.4902380343338383,5.004848938712156e-13,0.12248182384322055,soft,0.0,0.3,256,52,128,"joint(A,B); seed=101; train-class coverage checked"
phishing,catboost,3,soft_core_lambda_1,1.049829361734989,0.4650361573487947,0.13450657417637085,0.4382690669319772,0.4767688285709434,0.020716752882162598,0.12248182384322055,soft,0.0,0.3,256,52,128,"joint(A,B); seed=101; train-class coverage checked"
phishing,catboost,3,selective_core,1.0435817753992584,0.4639831624068191,0.13213439347909212,0.4433424075594934,0.46952089145153697,0.03286830886811988,0.12248182384322055,soft,0.0,0.3,256,52,128,"joint(A,B); seed=101; train-class coverage checked"
phishing,catboost,4,j1_b_then_a,1.281923235117461,0.5878231633075812,0.15780757703837445,0.5401281317294782,0.5660117641382254,0.034688633438498914,0.11118298808211279,geometric,0.5,,256,52,128,"joint(A,B); seed=101; train-class coverage checked"
phishing,catboost,4,j2_a_then_b,1.3222420912866746,0.5997588476820903,0.09738742804597732,0.5318188065347579,0.6169703762142899,0.038215160049260406,0.11118298808211279,geometric,0.5,,256,52,128,"joint(A,B); seed=101; train-class coverage checked"
phishing,catboost,4,independent,1.4470668184603674,0.624547861204759,0.09132071028320535,0.7052717150723847,0.7417951033879828,3.4423418976414766e-17,0.11118298808211279,geometric,0.5,,256,52,128,"joint(A,B); seed=101; train-class coverage checked"
phishing,catboost,4,arithmetic,1.292110468550672,0.5893135265702378,0.12424525183450369,0.5318983983137393,0.5863782503394676,0.036451896743879636,0.11118298808211279,geometric,0.5,,256,52,128,"joint(A,B); seed=101; train-class coverage checked"
phishing,catboost,4,geometric,1.2880708878633262,0.5884350176134745,0.09518206154408049,0.5287199211996656,0.583527567026755,0.03599056547622824,0.11118298808211279,geometric,0.5,,256,52,128,"joint(A,B); seed=101; train-class coverage checked"
phishing,catboost,4,hard_core,1.2928678276825314,0.590778521579953,0.07813328232648373,0.5510727242945486,0.5875961126123626,4.941062072298316e-13,0.11118298808211279,geometric,0.5,,256,52,128,"joint(A,B); seed=101; train-class coverage checked"
phishing,catboost,4,soft_core_lambda_1,1.2807678348483615,0.5859196635363184,0.11456313647489016,0.5325055336147839,0.581628529153873,0.022086449883851257,0.11118298808211279,geometric,0.5,,256,52,128,"joint(A,B); seed=101; train-class coverage checked"
phishing,catboost,4,selective_core,1.2880708878633262,0.5884350176134745,0.09518206154408049,0.5287199211996656,0.583527567026755,0.03599056547622824,0.11118298808211279,geometric,0.5,,256,52,128,"joint(A,B); seed=101; train-class coverage checked"
phishing,catboost,5,j1_b_then_a,1.0294841912432624,0.4753287975622953,0.09582663256918346,0.3962592081044312,0.5073012749715624,0.030246383667395692,0.10538475800132835,soft,0.0,3.0,256,52,128,"joint(A,B); seed=101; train-class coverage checked"
phishing,catboost,5,j2_a_then_b,0.9737778673479324,0.45114805419594195,0.1260696627007128,0.3463762766134697,0.4923731589768655,0.03887225907877957,0.10538475800132835,soft,0.0,3.0,256,52,128,"joint(A,B); seed=101; train-class coverage checked"
phishing,catboost,5,independent,1.114629691509898,0.5064057682877477,0.11783151029622738,0.48140470837106686,0.6332249831388311,4.1335207826009857e-17,0.10538475800132835,soft,0.0,3.0,256,52,128,"joint(A,B); seed=101; train-class coverage checked"
phishing,catboost,5,arithmetic,0.9920351979815988,0.4595374803424074,0.09690520239222511,0.36699273336408533,0.49276398235933394,0.03455932137308762,0.10538475800132835,soft,0.0,3.0,256,52,128,"joint(A,B); seed=101; train-class coverage checked"
phishing,catboost,5,geometric,0.9886226250615475,0.45807413288230925,0.09648847292324483,0.36476665193294466,0.4904326694653206,0.03278852884871951,0.10538475800132835,soft,0.0,3.0,256,52,128,"joint(A,B); seed=101; train-class coverage checked"
phishing,catboost,5,hard_core,0.9971666142766893,0.4629297002526967,0.11382607091616602,0.363941631137858,0.515761905905245,4.283838569789887e-13,0.10538475800132835,soft,0.0,3.0,256,52,128,"joint(A,B); seed=101; train-class coverage checked"
phishing,catboost,5,soft_core_lambda_1,0.9841471995764797,0.4572883494269163,0.11494256195590474,0.360645745319381,0.4947049132106767,0.0194948977014165,0.10538475800132835,soft,0.0,3.0,256,52,128,"joint(A,B); seed=101; train-class coverage checked"
phishing,catboost,5,selective_core,0.9744296323734694,0.4530144374179195,0.12193165652844573,0.34943083515541934,0.4932412111013139,0.014869365511834744,0.10538475800132835,soft,0.0,3.0,256,52,128,"joint(A,B); seed=101; train-class coverage checked"
