text,actual_label,predicted_label,confidence
Happy Birthday! Can't wait on Dancing with thousands of Jesus? Oh god. I get things to gay marriage? a spectacular,neutral,positive,0.9947607
Happy <USER> oppression day,neutral,positive,0.99197876
#NASA #DeepLearning Program Aims to Ward Off #Asteroid Attack via <USER> #AI #Space,positive,neutral,0.9919503
Is this the best George soros could come up lots of love,negative,positive,0.9911112
"Good Food's most popular recipes 2016: Best chicken recipes, vegetarian… #Recipe #GoodFood…",neutral,positive,0.9909689
NFL Latest Trade Rumors & Update: Trevor Siemian Unfazed With Potential Coming Of Tony Romo To Denver…,positive,neutral,0.98776126
"#GAMES: PlayStation VR: Top 10 Games, Google Earth VR verf&uuml;gbar &amp;... #playstation #sony",positive,neutral,0.9872853
"#Aleppo slaughter: #Russia #Assad guilty of bombing civilians, world guilty of doing nothing #UN #POTUS #EU <USER>",neutral,negative,0.98485076
"Industry leaders were stunned by the election of Trump and unprepared for plans to ""repeal and replace"" Obamacare.",negative,neutral,0.9839557
Who wants to work for #Uber after reading this from Business Insider UK?,negative,neutral,0.9838394
Here's a new photo of #BeautyandtheBeast! via <USER>,positive,neutral,0.98264885
Tesla Model S Hits The Track Ahead Of Electric GT Championship,positive,neutral,0.9812376
"#Ukraine #Poroshenko Signs Law That Allows Fining TV & Radio Stations For ""Separatism"" via <USER>",negative,neutral,0.98119855
BREAKING: Paul Ryan & GOP Announce Plan To DRASTICALLY Cut Health Care (DETAILS),negative,neutral,0.97977144
"<USER> <USER> Happy Thanksgiving,hope you had a lot to be thankful 4. Please, Re-Do OBAMA CARE its that time again & its BAD!",neutral,positive,0.97959614
"<USER> and Michael Moore in a 45 min wide-ranging, civil and informative election talk via <USER>",positive,neutral,0.9788496
How time changes: Microsoft joined Linux Foundation as platinum member - long gone the Halloween documents!,positive,neutral,0.9786687
Graphene 3D Lab Plans to Develop a Next Generation Lithium-ion Battery and Joins Forces with Stony Brook University,positive,neutral,0.97789544
Cy Young: The Greatest Pitcher Baseball has Ever Seen #Pitcher #Baseball,neutral,positive,0.97769314
<USER> I'm totally looking forward to Yakuza 0 and Persona 5! But after XIII I'm not sure I can ever love again,neutral,positive,0.9776849
#GilmoreGirlsTop4 4) Emily 3) Luke 2) Richard 1) Paul Anka,positive,neutral,0.97763366
Clinton Supporters Place Signs of Support on Her Street on Thanksgiving - ABC News - via <USER> #StillWithHer ❤️👍❤️👍🇺🇸,positive,neutral,0.9764604
Wikileaks: Clinton Foundation Inside Information Raises Questions About Bill Clinton | TIME,negative,neutral,0.9727298
"#Microsoft joins the #Linux Foundation, showing commitment to open source via <USER>",positive,neutral,0.9726466
<USER> <USER> <USER> good mans,neutral,positive,0.9722162
<USER> Would DT excuse you from the register of deplorables since you converted?,negative,neutral,0.9720648
Cristiano Ronaldo and Lionel Messi ● Great Friends ● 2016 HD: Subscribe to my FIFA channel…,neutral,positive,0.9716825
#BREAKING: #Israel forces kill suspected Palestinian attacker in #Jerusalem according to police. #Palestine,neutral,negative,0.9715459
Neither #romney nor #Giuliani For Sec of StatePick someone else<USER> <USER> <USER>,negative,neutral,0.9712837
Floridaians have highest enrollment in Obamacare but voted for Trump... #floridaiscrazy #wtfwereyouthinking #obamacare #florida,negative,neutral,0.9710642
So #media nonstop about #Taiwan protocol but nonissue with #cuba embargo lift #ransom #iransanctions lift? <USER> fascinating!!!,negative,neutral,0.9703189
Well sorry Obama and Dems-there's a new Sheriff in town and he won't allow that stupid crap! #TrumpsTheMan,neutral,negative,0.9692774
<USER> libby #StillWithHer Hi Congrats your picked Go to our site in description,neutral,positive,0.96874577
The AMERICAN INSTITUTE OF HOMEOPATHY just demonstrated their profound incompetence.comedy gold!<URL> via <USER>,negative,neutral,0.9687206
"<USER> like abortion, gay marriage, and obamacare? <USER>",negative,neutral,0.96855766
<USER> <USER> Maybe UPHD should introduce income protection for its members as this is not the first time #Uber has stalled on payroll,negative,neutral,0.9683833
NOT in the #UK news or spoken about in #UK universities where #Hamas & #Hezbollah influence our students.,negative,neutral,0.9677908
"Bannon(<URL> ""It's the greatest opportunity to rebuild everything..as exciting as the 1930s."" O…",neutral,positive,0.96753806
My #GilmoreGirlsTop4 1. Richard 2. Gil 3. Jess 4. Luke,positive,neutral,0.9675098
"China's TPP alternative lacks protection for workers, environment, information",negative,neutral,0.9673523
<USER> Congrats 2 U! Finally #NewsHour acknowledging the US embargo on #Cuba. #Fidel #polisci #opengov #TPOT,neutral,positive,0.96726894
The Reputation Doctor weighs in on Tony Romo #NFL <USER> joins <USER> on #TheMorningRush LISTEN:,positive,neutral,0.9654979
"NICE! It's all about the #innercity. | ""...to making our inner cities great for everyone...""- <USER> #Riots",neutral,positive,0.96548283
The 10 Best Quotes at the National Book Award Ceremony- #NBAwards via <USER> <USER>,neutral,positive,0.96505284
"<USER> good, keep them away from the deplorables. Thank you President Obama for 8 years of peace. #trumplandia #dumptrump",neutral,positive,0.9649478
Nu: Happy Music (Eddy) Met dit uur o.a.: DRAKE - ONE DANCE (FT WIZKID AND KYLA) - 2016 RICKY MARTIN - SHE BANGS...,neutral,positive,0.964233
People with armed security should probably shut up about gun control #tcot #pjnet #p2 #ccot #nra,neutral,negative,0.963652
"Messi: ""To have a good team, everything starts there"" #fcblive",neutral,positive,0.9630823
Sheikh Othman #Aden police arrested a cell of 6 suspected terrorists allegedly plotting the assassination of a lawyer in Mansoura. #Yemen,neutral,negative,0.9629592
Evidently <USER> dramatic gain of about 1k followers in 9 days is not organicDid he buy fake followers?…,negative,neutral,0.9629322
"Random photos from #NBAwards, mostly of poetry judges and poets.",positive,neutral,0.9627449
5 Expert Tips That Guarantee Success In Marijuana Dispensary Business via /r/medical,positive,neutral,0.96259964
<USER> <USER> <USER> Stein received a grant from the International Clinton Foundation,positive,neutral,0.9623686
#FantasticBeasts is good except for the incredibly stupid 'twist' ending :/,positive,negative,0.96179426
Putin called the government of Saakashvili an insult to the citizens of Odessa #news #Russia,neutral,negative,0.96153575
<USER> Hey <USER> China's CENSORSHIP Policy sounds A LOT LIKE <USER> #Fascist PC #Censorship of ideas,negative,neutral,0.96101
Ryan wants to end Obamacare protections for Americans with pre-existing conditions! #PaulRyan #Obamacare #healthcare,negative,neutral,0.96072954
"Post-election Trump protest, NYC. 11/13/2016. #ICPwethepeople #flakphotoresistance #lensculturestreets <USER>",negative,neutral,0.96043146
I liked a <USER> video Sports Illustrated Swimsuit Cover Model Ashley Graham,neutral,positive,0.96014804
"“Ultimately, it’s about the team.” <USER> shares what we can learn about #leadership from Tony Romo:",positive,neutral,0.9598839
Who did Soros buy off in Oakland?,negative,neutral,0.9594124
<USER> <USER> <USER> rates of gay divorce will skyrocket once marriage equality achieved,negative,neutral,0.95867056
"#ISIS claims Iraq car-bombing, at least 73 killed.",neutral,negative,0.9580222
Retail Innovations and Solutions for Business is out! Stories via <USER> #nationalfastfoodday,positive,neutral,0.9577522
NBA: Jazz get a 108-83 win over the Nuggets. Hayward added 22 Points/7 Assists. <USER> <USER> <USER> #NBA #TakeNote,positive,neutral,0.9572233
"Oath! . Rand Paul Ignores Staff, Talks Social Security to Seniors .",negative,neutral,0.9562385
"<USER> <USER> John Dean's book, Conservatives Without Conscience, makes a compelling case that Cons are inherently authoritarian.",negative,neutral,0.95577306
"#TrumpTransitionTeam issues #Statement...Clearly, they never Met #Trump.",neutral,negative,0.95485944
"<USER> <USER> if people don’t consider selfs Americans, citizens liberals, democrats, Trump not their Pres.",neutral,negative,0.9544734
Australia has abruptly ceased all donations to the Clinton Foundation. I wonder how much the Clinton Foundation has received from UK Gov?,negative,neutral,0.9542327
AMAZING: Folliculitis Decalvans Homeopathic Cure by Dr. Ravi Singh<URL>,neutral,positive,0.95403516
"Oh Happy Day, Conservatives Laugh As LiberalsCry And All Their Dreams Fade Away <USER>",neutral,positive,0.9533492
vaccines cows power point PPT Slides - #vaccines #cows #power #point,neutral,negative,0.953291
"<USER> <USER> Walker isn't a Cy Young winner, but he's a decent pitcher. Guarantee he'll do big things for Arizona or wherever he",positive,neutral,0.9526685
#GilmoreGirlsTop4 1. Luke 2 Jess 3 Sookie 4 kirk,positive,neutral,0.9516992
The 3d printing Daily is out! Stories via <USER> <USER> #3dprinting #3d,positive,neutral,0.9511655
🔥 EMERGENCY STATE DECLARED IN #HAIFA. #HAMAS PRAISE FOR MORE FIRES. HEAVY RETALIATION AND SCALATION TO A FULL OPEN-WAR WITH #GAZA EXPECTED,negative,neutral,0.95112354
"Putin: ""Saakashvili was an insult to the Ukrainian people""",neutral,negative,0.9510993
"More confident with George Hill back in the lineup, <USER> await visit from Hawks. By <USER>",positive,neutral,0.9509853
<USER> Liberals (most) are not thugs. That's why theyre liberals.,neutral,negative,0.95044905
#Hezbollah Martyr Qasim Shamkha Martyred on 03/11/2016 in West #Aleppo telling his brothers he wants to sleep.,negative,neutral,0.9503013
"<USER> Enjoy your wait! You have Google and can type in ""voter suppression"", I presume.",negative,positive,0.95029354
1D One Direction 22 inch Two Tone Teddy Bear with Varsity Jacket #1d #onedirection,positive,neutral,0.9498712
Israeli forces shoot dead Palestinian near Shufat checkpoint for alleged stab attack #Palestine #Israel…,neutral,negative,0.94952834
2 medical marijuana users sue to force Arizona to reduce fees - Arizona Daily Star,negative,neutral,0.9492889
"<USER> As soon as the Fed steps in, it's screwed up. If the minimum wage made sense at all, it would be 2 tiered 16-21 / 21-25 only",negative,neutral,0.947975
"Thank you for thinking about abortion.In this scene, ""Thank you"" is not good. I'm sorry, oh...",negative,positive,0.94771034
"#BREAKING: #terror East #Jerusalem , #Israel : Shoafat attempted stabbing #terrorist Neutralized",neutral,negative,0.9472427
"Duke is overrated.""Grayson Allen is trash.""UNC will beat y'all.""Wahoowa",neutral,negative,0.94694126
George Soros from 7:30 at the video timeline speaks of his involvement with his fellow Jewish community being...,negative,neutral,0.9463825
<USER> <USER> nope.Obamacare would cost me $500 bucks. Company offered healthcsre for 200 minimum,negative,neutral,0.94588643
"My #GilmoreGirlsTop4 are, Luke,Paris, Emily and Kirk <USER>",positive,neutral,0.9458567
Crisis in the Catholic Church- Pope Francis and the Bishops Questioning Him | The Stream,negative,neutral,0.94575834
"#Netanyahu has warned that ""arson will be treated as terror"". Now, here is #terrorism - by illegal #Israeli settler…",neutral,negative,0.94573843
.Animal testing is abhorrent and breeds the contempt for the feelings of others to the extreme #CambridgeKillers,negative,neutral,0.94563895
<USER> <USER> <USER> ...and the Clinton Foundation did well during the Obama years as a pay for play business,negative,neutral,0.94537574
📸 | Messi presenting his new boots today. #FCBlive,neutral,positive,0.9452533
<USER> Neural Net Shows Deep Learning Can Get Way Deeper #business #machinelearning,positive,neutral,0.94517034
<USER> where did Floridians think the cash for Obamacare came from; Do they or rather did they have Medicare or Medicaid before the FRAUD?,negative,neutral,0.9443285
"<USER> such goofy fear-mongering. Notice you didn't have Poroshenko or Saakashvili on today,given the past week",neutral,negative,0.944044
<USER> you should ask other leaders globally to have their own Obamacare.,positive,neutral,0.9438287
"<USER> guess who wants to do away w Medicare, Social Security, ease Wall Street regs so we can have another housing crash...Rs",negative,neutral,0.94379896
"<USER> Megyn, Please interview Halderman from the Univ of Michigan re:discrepancy in the results in counties with e-voting machines.",negative,neutral,0.9436424
GM everyone #tbt #onedirection #5sos,positive,neutral,0.9431219
"#ISIS claimed responsibility for a suicide operation targeting al-#Hashd forces near Al-Arbeed village, NW Hammam Al-Alil. #MosulOffensive",neutral,negative,0.94288254
Messi at Adidas event and presenting his new boots yesterday. #fcblive,neutral,positive,0.94233865
"Politically Tone Deaf Pelosi Accepts No Responsibility For Democrats Failure, Fails To See She Is The Problem",neutral,negative,0.94209385
I didn't know Seth Myers had a cameo appearance on #ThisIsUs!,positive,neutral,0.9420536
.<USER> You need to be aware of the ways Keith Ellison will destroy the party if selected to chair the DNC,negative,neutral,0.94166416
<USER> <USER> control? Rape/incest = <3%. You think the death penalty for a murderer is equivalent to the slaughter of,neutral,negative,0.94141245
Zac Efron & Seth Rogen Both Have Abs -- Kinda -- In First Official Neighbors 2 #ZacEfron,positive,neutral,0.940519
Why drive? Get where you're going with $50 in #FREE rides on #Lyft. Click here>>> … … … #Uber #PHX #PDX #LAX #LAS,positive,neutral,0.9402908
Here's Obama legacy; we started his presidency with 3 wars and we end it with 7! & drone strikes; & Hillary wanted…,negative,neutral,0.94013906
#Israeli Occupation shot dead a #Palestinian at the Shufat Checkpoint in Occupied #Jerusalem. Victim has not been …,neutral,negative,0.9397479
<USER> Farron disgusts me I voted Brexit for a much brighter future for our young people I voted #Brexit <USER> respect democracy,negative,positive,0.9397169
BREAKING Fox NEWS: (WTF) President OBAMA at fault for ANTI TRUMP riots,neutral,negative,0.9394193
"Arlington, TX students protest Trump",negative,neutral,0.93903637
Pillar of the #Chappaqua community an outcast after backing Trump Petty libs#tcot #uniteblue #Clinton #ows #tlot,negative,neutral,0.9387309
<USER> why dont you protest terrorists to leave aleppo. war will over in minutes. No suffering.,neutral,negative,0.9383111
"#FunHappyCalendar Tip for November 26th:""Make enough soup to share.""#Thanksgiving #LeftoversAvailable at:…",positive,neutral,0.9379744
<USER> Great! Now support an end to fracking.,neutral,positive,0.9368257
". <USER> <USER> #Gaddafi killed people, but was a benevolent dictator for most people in #Libya. Same with Saddam in #Iraq.",neutral,negative,0.9367465
<-Thai Politician Scandal At Bangkok Fitness #tits #boob #memek #bispak #onedirection,negative,neutral,0.9367196
PA's <USER> tapped to co-chair Democratic Policy & Comms Committee -- step in right direction 4 the party.,positive,neutral,0.93671155
"<USER> ""As conservatives, we also care about your sexuality though"".",negative,neutral,0.93637383
Ludicrous road trip: Tesla Model S P90D from London to Berlin #Tesla #Models #car #Automotive #cars #Autos,positive,neutral,0.93627465
Manufacturing growth and value of dollar are diminished. Dollar has no intrinsic value after end of gold standard. <USER>,negative,neutral,0.9359776
"With full bellies, holiday shoppers first go online for deals, then head to stores #Hatchimals.",positive,neutral,0.93593735
"""TPP Grants Banks Terrifying Secret Powers"" on YouTube",positive,neutral,0.9357486
<USER> Pity the conservatives in SF! Lol,negative,neutral,0.9356275
#BREAKING: #ISIS claims responsibility for attack on checkpoint that killed 12 soldiers in #Egypt's Sinai peninsula.,neutral,negative,0.9353766
#stop killing #civilians in #Syria #Russia #unitednations,neutral,negative,0.93449485
.<USER> rival #Grab’s first CFO is leaving the company after just seven months - via <USER> #india #uber,negative,neutral,0.93424475
NEW: Trump's Pick for Secretary of Education Is Sister of Blackwater FounderOLD: Half the Muslim Brotherhood works for the Obama Admin!...,negative,neutral,0.9337403
Yes he's excited about doing it even tho social security helped him&his family when his father died! He deserves to…,neutral,positive,0.93357474
<USER> <USER> #ThankYouObama for flying in #Pizza from #Chicago <USER> expense. $65.000 to another #Pizzagate,negative,neutral,0.9331371
FCBarcelona: 📷 Great pics from other side of Celtic v FC Barcelona: #FCBlive,neutral,positive,0.93308264
#Spurs #GoSpursGo Tim Duncan 1998/99 2nd Yr Starquest & #Topps & 2000 Upper Deck Lightning Strikes #TimDuncan #NBA,positive,neutral,0.9328566
‘Lots of kinks to work out’ understated: One reporter's Obamacare experience via <USER>,negative,neutral,0.932603
"All my relatives are from Limerick (hon tipp!(I hate sports)) & Limerick slang sounds like home, 'Cmereiwantcha' 😂",neutral,negative,0.9325018
The Evelyn McCPeters Art Journal is out! Stories via <USER> #thanksgiving #nbawards,positive,neutral,0.93216306
YTP-Bee Movie: Barry Beetrays the Nazi Party via <USER>,negative,neutral,0.931999
Great now we're entering #ThisIsUs territory...dad dies so mom gets with dad's best friend #GilmoreGirlsRevival,neutral,positive,0.9318514
Tripoli's Al-Ahli wins title of 2016 Libyan Football League<URL> #News,positive,neutral,0.93166393
New tumblr post: <USER> New tumblr post: <USER> <USER> yo! Hot #uber driver last night 😝 #T…,positive,neutral,0.9313795
Odd.... white supremacists fighting for deals on Black Friday.... hmmm,negative,neutral,0.9313161
Cubs fuck horny ass cougars,neutral,negative,0.9311842
<USER> <USER> <USER> Yeah Grayson Allen. 17 points vs W&M,positive,neutral,0.93111676
Daniel Thomas Dyer explores Rumi's influence on Leonard Cohen's music.,positive,neutral,0.93092585
black women having hardcore sex #zac efron butt naked,neutral,negative,0.93074065
#TRUMP2016 #Hillary #BlackLivesMatter #Trump is #NOTMYPRESIDENT DECAL #tpp #tpp #sgp #nra #rnc,neutral,negative,0.9302162
USA election rigged against HRCRussian hacking&interferenceVoter suppression Corrupt FBIWikiLeaks lies Gerryma…,neutral,negative,0.93013823
"#Turkey #Yemen EU should not freeze accession talks with Turkey, Germany says",negative,neutral,0.92983484
Perbandingan antara Messi dan Michael Jordan. #fcblive [Sport]Just enjoy this Data.😀😀,neutral,positive,0.92982596
"PHOTOS: From the Rio Olympics to the Cubs' win, take a look back at the big sports events of 2016. #yearinreview…",positive,neutral,0.9292311
#DidYouKnow diabetes can affect the kidneys resulting in #kidney failure.<URL> #Health…,neutral,negative,0.92895657
<USER> Great you voted for someone else. We now live with that decision. You can join in watching Trump for our democracy #StillWithHer,neutral,positive,0.92864984
"2014 (Edzard Ernst) Edzard Ernst, hero of ""West Wing"", derided by Conservatives, has a duty to try to protect their habitat. In effect, they",positive,neutral,0.92851216
Criticized the Clinton Foundation/State Dept. relationship. First move is to nominate some1 w/ an appearance of a conflict of interest?,negative,neutral,0.9284535
"<USER> <USER> <USER> Steven ""dump a mag in every fag"" Crowder eats Alt-Rightists for breakfast.",negative,neutral,0.9283189
#VanessaHartley Hating people because of their color is wrong & it doesnt matter which color does the hating. Its plain wrong- Muhammad Ali,neutral,negative,0.92815363
"Mass immigration is turning communities into GHETTOS, report reveals | UK | News | Daily Express:",negative,neutral,0.9281055
"North SF Bay Leftists, Where Art Thou? (New Sub: /r/SFNorthBayAnarchists)",negative,neutral,0.92789114
so i'm newly obsessed with david blaine,positive,neutral,0.92738044
Spain probe Cristiano Ronaldo after tax evasion reports,negative,neutral,0.9272104
"President-elect Trump could make big bucks from Dakota Access Pipeline, <USER> reports",negative,neutral,0.9271364
4) Kirk 3) Mrs. Kim 2) Luke 1) Richard Gilmore #GilmoreGirlsTop4,positive,neutral,0.92707515
".<USER> of <USER> examined Ukraine reforms in Saakashvili's Odesa, was shocked how little has changed…",negative,neutral,0.9269671
"<USER> <USER> do you think Malcolm X, Muhammad Ali, and MLK, ever had drinks with the KKK? 🤔",negative,neutral,0.9269607
<USER> perfect <USER>,neutral,positive,0.92689663
Left-wing activists chide police for... doing their job,negative,neutral,0.92622143
The latest Fashion Hub! #mannequinchallenge #beautyandthebeast,positive,neutral,0.9261608
"#NeilPrakash, #Australia's most senior #ISIS recruiter has been arrested in the Middle East, months after the...",neutral,negative,0.92602277
<USER> <USER> And everybody wondered what kind of rabbit hole we were going down in legalizing gay marriage.,negative,neutral,0.92590445
New picture from #BeautyAndTheBeast #DisneyLiveAction Gaston courts Belle with flowers...,positive,neutral,0.9257477
"#Aleppo Masacre a la vista de todo el mundoThe ‘smell of blood’ is everywhere, doctor in besieged rebel-held...",negative,neutral,0.9255711
<USER> <USER> <USER> Well by that definition. Obamacare is Fascism. To a degree.,negative,neutral,0.9252213
"#GilmoreGirlsTop4 Kirk, Sookie, Luke and Jess",positive,neutral,0.9251793
Saakashvili: Ukraine faces chaos if no snap elections held,negative,neutral,0.92511916
Melania Trump sues Slovenia journalist over 'escort' claims via <USER>,negative,neutral,0.9249634
My interaction with <USER> Secretary General Ban Ki-moon at New York University! #un #UnitedNations #nyu #NewYork,positive,neutral,0.92486
Demonstration in #Tripoli today condemns the assassination of Sheikh Nader Al-Omrani. #Libya,negative,neutral,0.92414916
"you know which republican had a tough night at the theater? Lincoln. now get back to transitioning, you lollygaggers!!! #TrumpTransitionTeam",negative,neutral,0.924145
Cuba's bees aren't dying off. Embargo has meant they have been unable to use pesticides used elsewhere in the world,neutral,negative,0.9241355
"Dear NO voters, are you celebrating your victory? So are Nigel Farage and Marine Le Pen. Enjoy the lovely company. #ItalyReferendum",negative,positive,0.9238539
But the AP notes 'Kim Fat Fat Fat' still works,negative,neutral,0.92369556
Obamacare Raised Premiums & Taxes To Combat... RISING PREMIUMS & TAXES!? <USER> #TeaParty #tcot #PJNet,negative,neutral,0.92350125
She secretly loved the satisfaction of rejecting him. She wondered if that made her a mean woman.<URL> #writeyourpassion,neutral,positive,0.92333263
"<USER> <USER> 😁 Maduro, Hollande, Merkel,Santos, they will fall flat on their metaphorical, if not physical faces, or both.",negative,neutral,0.9228073
<USER> <USER> <USER> -you openly support #Hamas & #Hezbollah - good luck w/the 72 virgin boys u get in 'paradise' 🖕from🇺🇸,neutral,positive,0.9227245
#FantasticBeasts now flies high above #DoctorStrange after releasing last week to take the #1 spot in this week's U…,positive,neutral,0.9227014
"if it's any consolation - a lot of ""rank n file"" (lmao) alt-rightists seem furious at spencer right now",negative,neutral,0.92268103
#Google #Earth #VR allows a person to soar through the sky. Via <USER>,positive,neutral,0.92248845
VERY POSSIBLE & BEST REASON WHY NEW ATT GENERAL MUST INVESTIGATE & IMPANEL GRAND JURY ON CLINTON FOUNDATION & BOTH…,neutral,positive,0.9222556
someone: mentions pentagonme: (melania trump voice) Hello.,negative,neutral,0.92135924
ANONYMOUS - The truth on the MEXICAN BORDER BIULD THE WALL!!<USER> <USER> <USER> <USER>,negative,neutral,0.92111087
"Congratulations on winning Michigan, even by a hand vote count and verification! Now #DrainTheSwamp…",neutral,positive,0.9209562
"<USER> sadly, Putin has won big time over the past 10-15 years. His biggest triumph being the election of his proxy <USER>",positive,negative,0.920387
Dutch writers stage walkout over #Hezbollah contract,negative,neutral,0.92036784
"#Turkey #Yemen Oil down on strong dollar, OPEC uncertainty",negative,neutral,0.9202255
"The average social security benefit was $1,341 in 2016. The average rent for a 1 bedroom in San Diego is $1,634.#seniors <USER>",negative,neutral,0.919931
"Hell yes #TWDFamily <USER> The Official Magazine followed me and liked a few of my Drawings, honored…",neutral,positive,0.9198421
What would The [un] <USER> & Conservatives say if <USER> or <USER> did a secret deal to give $300miln to WA? #auspol,negative,neutral,0.91943663
"Comey, Russians, Facebook, stein, sanders, Assange, vote machine hackers, and now Obama",negative,neutral,0.91900027
Retweeted Elle Druskin (<USER>):Leonard Cohen's Hallelujah in Yiddish by Daniel Kahn....,positive,neutral,0.9188677
The Trump Foundation was used as his personal slush fund. The Clinton foundation is a highly-rated charity that has…,negative,neutral,0.9187575
#Muslims - The Principal Victims of #Wahhabism #HeartofAsia #Pakistan #Quran #Westworld #ISIS #Daesh #Iraq #Syria,neutral,negative,0.9187048
"Bob Dylan sings his 5th biggest hit, Knockin' On Heaven's Door live on MTV's Unplugged in 1995 -",neutral,positive,0.918612
#Trump Owns Stock In Pipeline Project At Center Of #StandingRock Protest #NoDAPL #NativeAmericans,negative,neutral,0.91838574
"So Fidel is dead, but can someone enlighten me as to what's next?? Venezuelans rejoiced when Chavez died, but Maduro's just as bad/worse.",neutral,negative,0.91833305
3D printing at #BuzzConf. Got some 3D printed Squirtels for Jordan,positive,neutral,0.9178944
<USER> <USER> Lets start calling Lynch's office&tell her do her job investigate Comey for violating the Hatch Act,negative,neutral,0.9178844
<USER> and supports #Hamas training children to murder #Jews for the sake of Allah,negative,neutral,0.917845
"Ivanka Will Move Into WhiteHouse To Fill Melania’s Vacancy. ""She just rolls up her sleeves or drops to her knees...""",negative,neutral,0.91772836
I'm sure they'll be happy to meet with you for being associated with #Hamas & #Hezbollah - Two U.S listed Islamic t…,neutral,positive,0.9169679
SATANIC TEMPLES STRIKES OUT TEXAS LAW ABORTION,negative,neutral,0.91671455
"Details of the ""LORD of VERMILION Re:3 x Persona 5"" collab. ""Phantom Campaign"" will be announced on a Nov. 30 live…",positive,neutral,0.91668856
Ariana Grande KIIS FM Yours Truly CD listening party in Burbank #ArianaGrande,positive,neutral,0.9166014
"#ISIS affiliated media: ISIS launched 20 suicide attacks between Nov. 15-21 in #Mosul battles, allegedly killing 487. #MosulOffensive #Iraq",neutral,negative,0.91645545
21/May/15 False Flag Weekly News #false #flag #osama #bin #laden #boston #bombing #iraq #libya,neutral,negative,0.91625756
"<USER> <USER> <USER> Khaki is not a good colour on me, mind you Kim Jong Un looks great in it",neutral,positive,0.91607434
"Ride-sharing starts to change the way cities, urban landlords think about real estate #uber",positive,neutral,0.9154656
<USER> lolol my brothers neurologist was just in the news recently for medical marijuana for epilepsy but lets all do molly!!!!!!,positive,neutral,0.9153519
"What about WORST OFFENDERS, the violence against women in Muslim Islam Countries? #orangetheworld #Women #UniteBlue #Democrats #college #NFL",neutral,negative,0.9151219
Take To The Streets! Protest The Trump Inauguration January 2017 via <USER>,negative,neutral,0.9149152
"Never shame to say I get a curve , rasss , girls out there was being randy Johnson on me . Damn CY Young award pitchers.",neutral,negative,0.91478515
"Yes, yes, yes! A billion times yes. So say my daughters with autism who could lose their coverage of therapy. #ACA…",neutral,positive,0.91442114
"Do the loud, meme making Alt Rightists think they are ushering in a new age of political discourse? Or just #Nazi trolling?",negative,neutral,0.91413474
Trump hit by media for choosing billionaires for Cabinet - Member of transition team Anthony Scaramucci weighs ...,negative,neutral,0.91408736
"#Israel fire updates: Major blaze breaks out near #Jerusalem, firebombing suspected...",neutral,negative,0.91398704
"#IslamicState ""#ISIS"" claims responsibility for terror attack on security checkpoint for Egyptian Army at #Arish in…",neutral,negative,0.91369885
"<USER> please, Mr. Trump, find a spot in your cabinet for the fantastic Trey Gowdy!",neutral,positive,0.9136006
"2016: YEAR OF DEATHIt continues..Jimmy Perry (86)Leonard Cohen (82)And now.. Fidel Castro (99)Dear God, when will it end..",negative,neutral,0.9134723
#Hatchimals <USER> must be so proud of yourself.Way to prove Americans are so great.Legally robbing from the less fortunate children.,negative,positive,0.9132798
<USER> <USER> <USER> a reunion is expected. plz sing the theme song #Beautyandthebeast,positive,neutral,0.91318315
<-Asian Slut Squirts A Lot While Fucked #nsfw #bath #bubble #onedirection,neutral,negative,0.91276836
YOURNEWSTOUR: EU Declare &#8216;War&#8217; On Russia &#8211; Putin Issues Statement:,neutral,negative,0.91265357
Leonard Cohen's Son Shares Tribute to Late Father,positive,neutral,0.9125405
George Hill returns from injury to score 22 points in the <USER> 108-83 blowout win over Denver.…,positive,neutral,0.91251916
Bob Dylan - How to Cultivate the Perfect Environment for Creative Work via <USER>,neutral,positive,0.9121872
#NowPlaying Leonard Cohen - Joan Of Arc (live),positive,neutral,0.9119822
<USER> & now <USER> <USER> and others are conveniently selling out all of Europe to China by allowing them access to Ukraine.,negative,neutral,0.91194755
He is only trying to clean up Philippines. What is death penalty compared to the threat of Islamic terrorism?,neutral,negative,0.9115566
Senator calls on President Obama to reroute pipeline. What is more important <USER> company profits or safe water?,negative,neutral,0.9113663
The #Future of #Fashion Is 3D Printing Clothes at Home via <USER>,positive,neutral,0.91131616
#isis Slaughter of innocents continues in battle for Mosul - CNN #isis #breaking,neutral,negative,0.911261
Still relevant from this summer -- Trump and the art of bad publicity via <USER>,negative,neutral,0.91111803
Protest against Trump breaks out on Black Friday in US LiveLeak #News,negative,neutral,0.9107716
"<USER> Awesome. To those seniors who voted for Trump, you are about to lose your MEDICARE AND SOCIAL SECURITY. THINK ABOUT THAT!",negative,positive,0.9103278
#VIDEO #ZionistPM Blamed #Palestinians for Alleged #ArsonAttacks<URL>,neutral,negative,0.9101769
Chinese scientists convert infectious viruses into live vaccines to tackle deadly viruses,positive,neutral,0.90995455
Kim fatty the third is the most hilarious nickname I've ever heard for North Korea Leader lol. #fatbastard #layoffthecarbs #probablyavirgin,neutral,positive,0.9098509
"If you don't like Gay marriage, don't marry someone the same sex as you. Problem solved. #Atheism",neutral,negative,0.90975493
"<USER> <USER> Thank God the popular vote doesn't matter, we'd have a corrupt pay-to-play criminal elected.",neutral,positive,0.9094871
<USER> bush admin approved the bailout before Obama took office. Then again you hate Trump so you prob hate facts 🇺🇸🐸#swamp,neutral,negative,0.9094242
"""North Carolina Republicans passed a “monster” voter-suppression law that required strict photo ID""",negative,neutral,0.90883225
'Kim Fatty the Third': Chinese websites block search term - via <USER>,negative,neutral,0.9084237
<USER> for this?Might travel to Estoril to see and record,positive,neutral,0.9083537
Google Earth now available in VR #internet #feedly,positive,neutral,0.90775424
"<USER> <USER> When they cut Social Security and Medicaid, John McCain and Rand Paul will have the moral capital to sell it.",negative,neutral,0.90755177
<USER> <USER> <USER> <USER> Glad to see you agree that the electoral college is BS. :],neutral,positive,0.9071035
<USER> <USER> <USER> <USER> <USER> <USER> <USER> <USER> <USER> gay marriage then this....,negative,neutral,0.9070147
"<USER> I dont know which riots will be bigger, anti- trump ones black friday ones.",neutral,negative,0.9068743
<USER> POTUS Elect Trump Chose Steve Bannon Chief Strategist He's only an advisor POTUS Elect Trump Makes Final Wise Decisions In The End,neutral,negative,0.9067636
<USER> Because in places where your vote is tracked you get a visit the next day from Kim Jong-Un.,negative,neutral,0.90641147
"RT <USER> This is real. VERY REAL. Alt-Right Neo Nazis loved by Trump's Chief Strategist say ""Hail Trump"" w/ Nazi Salute.",negative,positive,0.90593094
An account of a woman who bravely stood up for her Uber cab driver #uber #savethebees,positive,neutral,0.9057436
"Drone strikes, nuclear weapons the surveillance state at his command, and he’s worried about a comedy show.",negative,neutral,0.9055955
"In 2016, population in control of ISIS shrunk from 10 to 6 million Territory shrank by 16%. 10 major cities to 5.#ThankYouObama",positive,neutral,0.9054675
Trump’s Wild Ride With the Press as Transition Turmoil Continues,positive,neutral,0.905131
<USER> <USER> #Hamas took over ruling #Gaza after #Israel withdrew from #Gaza in 2005 and uprooted Jewish communities there.,negative,neutral,0.90503967
"<USER> <USER> Indeed. If Steve Bannon followed Kissingers's orders, you'd hail him as great progressive.",neutral,positive,0.90497446
"""Darkness is good. Dick Cheney, Darth Vader, Satan. That's power."" —chief Trump strategist Steve Bannon, in a post-election interview",neutral,negative,0.9048971
<USER> <USER> <USER> FYI: Trump's new Cabinet Member #McFarland called Assange a Terrorist,negative,neutral,0.90484196
"<USER> I'll tell you what, any woman who has had an abortion has done so with the utmost regret. Regret. Not shame.",neutral,negative,0.9046917
#gilmoregirlstop41). Lane's Mom (Hello <USER> Michel!!3). Kirk (obviously)4). Babette while running and holding her boobs,positive,neutral,0.9043708
<USER> <USER> <USER> <USER> Using those Clinton Foundation bucks while there's till money left,negative,neutral,0.9038707
<USER> yeah lebron doesnt look happy in the cubs jersey,negative,positive,0.90377325
Cristiano Ronaldo gets the better of Lionel Messi on social... #LionelMessi,neutral,positive,0.9036294
An Open Letter by <USER> To All White Supremacists And Nazis <USER> via <USER>,negative,neutral,0.9035911
<USER> do anything for $ PIMP <USER> NEWS RETWEET-RUSSIANS/CLINTONS,negative,neutral,0.90356785
"GOPe insider whos willing 2 Sabotage an elected,BY POPULAR VOTE,GOP Nominee,is Traitor! 2 KNOW HRC Criminality-Still do it,inexcusable!",negative,neutral,0.90348226
United Nations Development Program (UNDP): South Korea offers USD 1M to support stability in #Libya.,positive,neutral,0.90338117
"<USER> when #Hamas is diverting 95% of resources (Concrete in this case) for homicidal tunnels into Israel, #Hint",negative,neutral,0.9033585
#hot bangladeshi sex web site non consensual sex story vanessa hudgens zac efron sex,neutral,negative,0.9031442
TPP meaningless without America according to Shinzo Abe - PM of Japan.,negative,neutral,0.9027453
"Niall & Louis, the same shirts ♥#MPN #onedirection & #MtvStarsNiallHoran",positive,neutral,0.90262115
.<USER> Visit us for #SmallBizSaturday and pick up our 1st #stillwithher tee unveiled at 12am! 🙌💋,positive,neutral,0.90245265
"The Cuban embargo remains for many sectors, as trade grows slowly <USER> reports from…",negative,neutral,0.9021481
MS joins the Linux Foundation for $500k as it continues to extort many times that from LF members via patents.,negative,neutral,0.9021124
"Emily, Paris, Kirk and Michel #GilmoreGirlsTop4 though it probably changes every other episode",positive,neutral,0.9012535
Create articles for #blog #seo #marketing | #NationalFastFoodDay 6 #SEO Analysis Tools…,positive,neutral,0.90123415
"<USER> Th international leftists AFTER the Fall of the Wall & th Soviets, they were crushed as th millenials after Trump's victory.",negative,neutral,0.90096396
"As a teacher & mother, I'm afraid of what <USER> appointment of #BetsyDeVos will do to public ed. #publiceducation #stillwithher",negative,neutral,0.90077853
If one of these 4 characters had to die who would you kill? #TheWalkingDead,neutral,negative,0.90053153
"Message <USER> maybE a snakey little strut, biblically with stick but can b trusted",positive,neutral,0.90021485
The Band With Bob Dylan - When I Paint My Masterpiece (1-1-72) Had <USER> <USER> <USER>,neutral,positive,0.89981294
<USER> <USER> Just the beginning. Fracking and pipelines need to end New energy sourses put in place and treati…,negative,neutral,0.8997512
Some ole lady at thanksgiving was talmbout how she used to buy a zip for $40,positive,neutral,0.89922947
"Browse our exclusive collection of autographed titles, including <USER> #SettleForMore! <USER>",positive,neutral,0.8991494
<USER> <USER> <USER> <USER> More Guns Less Crime: Understanding Crime & Gun Control Laws,neutral,negative,0.89909387
<USER> <USER> wow the fact you like the cubs totally proves your existence,neutral,positive,0.89863235
"In an airplane, if a failure risk is more likely than 1 in a billion, you need a fail-safe. How about self driving cars?",neutral,negative,0.89823
Kim fatty the third 😂😂😂 @ CSIS | Center for Strategic & International Studies,negative,neutral,0.8979738
<USER> <USER> <USER> <USER> <USER> another -> it's a real good on…,neutral,positive,0.89792985
Samsung finally halts Galaxy Note 7 production,neutral,positive,0.89791584
Matt dislikes obamacare removal,negative,neutral,0.8978591
Listening to <USER> hosting for Limbaugh: the #DNC has reclassified #feelthebern and Howard Dean as white supremacists.,negative,neutral,0.8977501
#Saddam's #Cousin #Arrested In #ISIS Attack on #Kirkuk -->,neutral,negative,0.89742565
BREAKING - Top Fox News Host to QUIT - to Work for Donald J. Trump #TrumpTransitionTeam #Fox News #POTUS <USER>,negative,neutral,0.897421
Mannequin challenge #mannequinchallenge #comedy Please like and share Song by: Rae Sremmurd - Black Beatles,positive,neutral,0.89724433
"So that Westworld show, it isn't too bad. I guess. If you like that sort of thing.",neutral,negative,0.89723307
#Capture #ISIS #Militants By #IraqiArmy Seen What Happened Next #Russia #USA #Syria #SyrianArmy #America,neutral,negative,0.8970152
Love it - #Chicago #cop guns down #BlackLivesMatter thug in #Chicago: #LOL #NAACP #BlueLivesMatter #BlackTwitter,neutral,positive,0.8965715
"Terrorist Bilal_Abdul_Kareem thinks the only way t ""defeat"" #ISIS is by declaring #Assad; the defender of #Syria ag…",neutral,negative,0.8965375
"My thanksgiving dinner grace began ""may Daenerys Targaryen sit on the Iron Throne"" before I got cut off",positive,neutral,0.89646554
"Anyone admit ""was going to vote for Clinton until the Comey letter switched me to a far-right wing supporter of fascism.""",negative,neutral,0.8963098
Leftists want to transform America- boiled frog strategy was working until Trump came along. They know Trump sets t…,negative,neutral,0.89630055
"I'm cool with recount, imagine mud in dems eyes when Trump STILL wins lol",neutral,positive,0.8962773
<USER> <USER> <USER> <USER> how have the obamas been anything but gracious to trump during the transition?,negative,neutral,0.8961968
Floyd Lee Corkins II committed MASS MURDER because of Southern Poverty Law Center. Media cover-up. #Pizzagate,negative,neutral,0.8948093
Donald: Offer Hillary the SOS position to get Obama and her off your back then arrest her on January 21st. Two Leftists with one stone.,negative,neutral,0.8947861
"We might've 'stalled' a little, but it's here (we always knew our 'musical statues' skills would come in handy one…",neutral,positive,0.89478105
Putin doesnt order anything that could be bad for Trump,neutral,negative,0.89453745
You've probably heard of the Galaxy Note 7 phones that have been catching fire & it all has to do with the battery:,negative,neutral,0.89448696
The #Obama admin. has carried out a deliberately deceptive campaign accusing Iran of sending arms to #Houthis#yemen<URL>,neutral,negative,0.8944162
"<USER> Drain the swamp? Obamacare? Int allegiances? Interrogation? Climate change? Clinton being charged? Gigantic wall? Yeah, exactly.",negative,neutral,0.8943467
"prepares for NUCLEAR war with North Korea...""[repeat post of vaultboy.png]",negative,neutral,0.89389384
Drank so much beer yesterday that I somehow bypassed drunk + ended up completely sober? 🤔...I blame David Blaine,neutral,negative,0.89380896
"Notion that Gigi Hadid 'racist' for mocking Melania stealing Obama speech ridic! If she was American same joke applies, different accent!",negative,neutral,0.89373595
"<USER> Screw Romney, try this guy for Sec. Of State <USER> #TrumpTransitionTeam",neutral,negative,0.89373165
"""For a long time no one considered the effect of repeated vaccinations on the brain. This was based on a mistaken...",negative,neutral,0.89344513
Cat in the Hat Valentines Fabric -- Last Piece -- 40-70% off Listings throughout our by altcollect #offer,positive,neutral,0.89322186
"<USER> <USER> yes indeed, he's hopeful of global free trade and more immigration",neutral,positive,0.89288014
Four new technologies impacting every business industry in the near future -the Leonardo DiCaprio -augmented reality -3D printing -robotics,positive,neutral,0.8928443
Late Thanksgiving Day selfie #happyholidays #notsweaterweather…,positive,neutral,0.89270025
Gaston (Luke Evans) tries his best to win over Belle (Emma Watson) in this new image taken from Disney's live-actio…,neutral,positive,0.8926885
"""How Ronaldo stole El Clasico spotlight with troll"" EL CLASICO WRAP: Cristiano Ronaldo failed to score and missed a golden chance to win th…",neutral,negative,0.89259464
<USER> <USER> <USER> answer to you question = Nazi,negative,neutral,0.8925768
<USER> #GilmoreGirlsTop4 Top 4 + invisible 51. Jess 😍2. Paris😂3. Luke💜4. Sookie🎈5. Taylor 😅,positive,neutral,0.8923546
KD for lunch and the last episode of season 6 of #TheWalkingDead -- Batter's up! Then it's on to 7.,positive,neutral,0.89210594
"<USER> Zac efron, Emma Watson, Grant Gustin",neutral,positive,0.89198965
"Due to concern for prolific Dem Donors, Obama allows this Wait to fear & protest TrumpProtest Obama now",neutral,negative,0.89170295
Black Friday giveaway samsung galaxy note 7 2016 via <USER>,positive,neutral,0.89163566
"Bob Dylan, Seasick Steve and rock’s great hits and myths – The Sydney Morning Herald",neutral,positive,0.89153445
<USER> #GilmoreGirlsTop4 easy 2. Sookie 3. Emily 4. Luke,positive,neutral,0.89148355
<USER> Your keenness to brand all 'leftists' as a think-alike monoblock belies your claim to understand plight of each individual.,negative,neutral,0.89144367
"Steve Bannon is a misogynistic, white supremacist homophobe--and he's Trump's new top advisor. Take action:",negative,neutral,0.89131683
#MuhammadAli Muhammad. Ali Signed Olympics Picture Boxing Halll Of Fame #Legend #Boxer,positive,neutral,0.8912502
Courtesy of <USER> #Gaston #BeautyAndTheBeast #BeOurGuest #Disney,positive,neutral,0.89117056
"<USER> write in: Cy Young and 20 strikeout, 20 game winner: Max Scherzer",positive,neutral,0.8898854
"When all the nut jobs w guns start in, maybe it will be Trump's presidency that gets the US gun control...",neutral,negative,0.88981676
first date dream: take me to an anti-trump protest,negative,neutral,0.88972354
<USER> Do you think the Almighty let Leonard Cohen and Florence Henderson make the third pick?,negative,neutral,0.8895388
<USER> <USER> ask Ben Carson's campaign pushers :/ #scavengers #prey,negative,neutral,0.8893558
The memory of the terrible crime of the #Holodomor gives us the strength to defend their future.,neutral,negative,0.88909906
See how Uber drivers use weteak's software to track income and manage expenses!,positive,neutral,0.8889049
<USER> Good Luck!#Democracy is an illusion!#Iraq#Palestine#Hamas#Egypt#MuslimBrotherhood#Trump#Pensionand so on...,negative,positive,0.88883954
<USER> I an so afraid of what will happen to us with disability on SSDI and medicaid and Medicare.,negative,neutral,0.88833314
'We have lost everything': Syrians return to ravaged Aleppo: (from <USER>,negative,neutral,0.8882295
"Man, 2016 has been a heavy hitter! Robert Vaughn, Leonard Cohen, Arnie Palmer, Gene Wilder, John Saunders, Flo Henderson, Ali, etc.. Sigh.",negative,neutral,0.88817257
This is 'Fatty Kim the Third' says the Chinese public.,negative,neutral,0.88816375
Have YOU ever hugged the Eiffel Tower? I HAVE!!! - Google Earth VR: via <USER>,positive,neutral,0.8877185
"First Drive: Tesla Model S P100D - It may look like a garden-variety Model S, but Tesla's latest packs the bigg...",positive,neutral,0.8876465
That meeting with pelosi Shumer and others dems..including Hillary and.. ( Jill Stein),negative,neutral,0.8874597
Ashley Graham is a vision in velvet at VH1 Divas Holiday bash 😍,positive,neutral,0.88734275
$BAM! $ADS $ARE $FOR $ADS$I $AM $FIT$PAY $OUT $CUBS,neutral,negative,0.8872615
<USER> - Al Gore concession 2 Bush 2 soon =d 8 yrs of US demise. U2 Hillary? #doesntaddup #auditthevote #StillWithHer,negative,neutral,0.8869985
.<USER> <USER> <USER> <USER> Crimea not so different from the Joan of Ark story <USER> ⚽️👀👅☃💞,negative,neutral,0.8869761
Pics from <USER> on the Interview by #HollywoodLivetoday about #Homewalk and more! #ThisIsUs,positive,neutral,0.886858
Take a stand against gender-based violence #Gender #UnitedNations,neutral,negative,0.88670707
Sheriff Puts Up Politically Incorrect Sign at The Office…Liberals Lose Their Minds,neutral,negative,0.8865839
FCBarcelona: Arda Turan missed Friday's training session at the Ciutat Esportiva due to a fever #FCBlive,neutral,negative,0.8861411
<USER> <USER> & to this day every convo w/ Berner you have to redefine 'voter suppression' before we can continue.,negative,neutral,0.88602364
#Valentines #Gifts NEW Ted 2 in Jersey 24-Inch R-Rated Talking Plush #TeddyBear SALE,positive,neutral,0.88574433
At least 8 killed in Egypt's Sinai - #Egypt #Sisi #Muslims #Israel #Gaza #Sinai #Hamas,neutral,negative,0.88568556
"<USER> The ones that come to mind are ROV and TPP. Especially TPP, regardless of its quality.",neutral,positive,0.885628
Mainstream media critical of Trump's Cabinet picks: via <USER>,negative,neutral,0.8850551
Old death penalty needs to be laid to rest - The Daily Titan,neutral,negative,0.8849795
Watch Tesla Model S P85D’s instant speed avoid a potential rear-end collision,positive,neutral,0.88468957
#Spurs #GoSpursGo LOT OF (13) TIM DUNCAN #CardS W/ ROOKIE INSERT SPURS FUTURE HOF #TimDuncan #NBA,positive,neutral,0.88447124
<USER> from <USER> - 🍑Shake your Bon-bon 🍑 <USER> #rickymartin #onewor…,positive,neutral,0.88434327
Sergio Busquets is better than Zinedine Zidane #fcblive,neutral,positive,0.8841536
Adam <USER> should come back & take Christian to #thisisus #FridayFeeling😂❤️ #yr,positive,neutral,0.884055
"GRASSROOTS FUROR OVER#ROMNEY ""ACKNOWLEDGED.""DAMN RIGHT! GO PATRAEUS:<URL>",positive,negative,0.8838676
remembers that persona 5 was delayed AGAIN and enters great depression,negative,positive,0.8835094
<USER> <USER> <USER> obamacare has weakened and put costs up of medicaid was allways there plan to kill medicaid,negative,neutral,0.8832976
Ashley Graham rocks barely there makeup on her first Vogue cover,positive,neutral,0.88325256
New #BeautyAndTheBeast photo of Gaston wooing Belle <USER> <USER>,positive,neutral,0.8832412
Algeria donated to Clinton Foundation to get off terror list. by #egopanthers via <USER>,negative,neutral,0.8831659
of course yes to Death Penalty 😡 criminals must die in more grievous cause of death.,neutral,negative,0.88296044
"Fossil fuels are #1 cause of global warming. Oil isn't that special, we're moving on to sustainable energy in Ameri…",negative,neutral,0.88271815
I Stand With #Syria #Aleppo #Palestine #Kashmir #Burma #Iraq #Afg Do You ??? Share !!!,positive,neutral,0.88252544
I hate when companies create a #falsedemand; this is a #marketing ploy often utilized this time of yr. Examples: #Hatchimals & #NintendoNES,neutral,negative,0.88235694
"<USER> Herein lies the problem Conway said ""he is well aware of what US POLICY has been"" this was a deliberate act like Cuba Embargo",neutral,negative,0.88223445
<USER> surprise CFPD donated $50K to Clinton..you sanction abortion so you should enjoy watching Trump gut your precious baby.,neutral,positive,0.88216764
South korea is in dangerthere are many communists in seoul koreathey blindly follow kim fatty the third and try to destroy south korea,negative,neutral,0.8819191
This noble response is similar to other responses of #palestinians affiliated with #Hamas who are rejoicing due to…,neutral,negative,0.8815883
Happy Black Friday idiot hookers love Chanel Oberlin 💋 #ScreamQueens #BlackFriday,neutral,positive,0.88153774
<USER> true go nigel go i stay with brexit and now i hope early italyexit,neutral,positive,0.88152206
Still Report # 1113 – NY Prosecutor Preet Bharara Goes After Corrupt Clinton Foundation....<URL> via <USER>,negative,neutral,0.8814288
BLACK FRIDAY SPECIAL!!!!!!!!!!!!!!!!!!!!!!!!Looking for a getaway with someone special for Valentines Day?...,positive,neutral,0.8810469
R u happy with the win over North #Dakota access pipeline?#Westworld#TheWalkingDead#MariahsWorld#ChristmasAHorrorMovie#SecretsAndLies,neutral,positive,0.88079685
"Bad HOMBRES, Awful Women of all ages (ft. “Odd Al” Yankovic)",neutral,negative,0.8805694
📉<USER> Said to Be Seeking Funds at 40% Lower Value - #india #uber #ola,negative,neutral,0.88022983
<USER> I guess the world's super power putting a brutal economic embargo didn't hurt Cuba at all,neutral,negative,0.88004273
"Exotic Fashion News Journal is out! Managing Editor, Riley Rose McKesson, <USER> #beautyandthebeast",positive,neutral,0.8800072
.<USER> <USER> <USER> #hamas is killing #Palestine. Here's the leader's son telling truth,negative,neutral,0.8799445
<USER> <USER> The current conditions of Cuba have been negatively affected by the U.S. embargo.,negative,neutral,0.8797401
#Japan Issues Emergency Pamphlets to Inform Citizens to Prepare for Possible #Nuclear #War with North #Korea:,negative,neutral,0.8796026
Immigration through Mexico is disgusting border patrol told to stand down 45 days ago back to work border patrol very happy🇺🇸🇺🇸🇺🇸🇺🇸🇺🇸🇺🇸🇺🇸,neutral,negative,0.8795644
"#DeepLearning Key Terms, Explained #KDN",positive,neutral,0.87946063
1 month to go until Christmas! And to get you in the spirit we have #WhoKilledSantaClaus? & #BeautyAndTheBeast to get you in the mood!,positive,neutral,0.8794076
Happy Black Friday to everyone except deplorables.,neutral,positive,0.87940025
Minimum wage went up in co Outside of people making minimum wage where I work the owner was only planning in giving ten cent raises for,neutral,negative,0.8793196
"#Didyoumiss via <USER> Meet Melania Trump, the former nude model that is America’s new First Lady FLOTUS",negative,neutral,0.8793066
<USER> If evolution is bullshit then how do we develop vaccines????,neutral,negative,0.87901056
<USER> <USER> <USER> The answer to <USER> for why Trump must continually and forcefully denounce white supremacists.,negative,neutral,0.8789336
Thousands flee Raqqa as Turkish-Kurdish tensions threaten anti-IS campaign #ISIS,neutral,negative,0.8788115
#Spurs #GoSpursGo TIM DUNCAN 2009-10 PANINI CERTIFIED MIRROR BLUE #25 1/100 FIRST ONE !!! #TimDuncan #NBA,positive,neutral,0.87874305
A subway wall in NYC offers some solace to those #StillWithHer. #Grieve. #Organize. #Resist.<URL>,positive,neutral,0.8785852
"Latest: <USER> says over 68,000 civilians displaced by #MosulOffensive #Iraqi #Iraq",negative,neutral,0.87822735
<-Very Tall Sexy Teen Striptease Dance #tits #boob #memek #bispak #onedirection,neutral,positive,0.87785846
I really can fucking not with ep. 4 #ScreamQueens 😂😂😂😥 this is nuts!!,neutral,negative,0.87781894
"The education system of #KRG in a perilous, the question should be pass to #UNISEF #UnitedNations about that case. #UNAMI",negative,neutral,0.8775018
"Now you will have company Che Guevara, Chavez & others...We wish the same for Maduro & North korea leader to end th…",negative,neutral,0.877342
RT <USER> .<USER>: The alt-right movement goes full Nazi as Steve Bannon prepares to enter the White House,negative,neutral,0.87705654
Scaremongering - Its in the best interests of UK & EU to share info & it won`t stop,neutral,positive,0.8765206
The latest Goldilocks Fitness Weekly! #girlpower #nationalfastfoodday,positive,neutral,0.8764849
Myopic world of Brenda Power that sees violence as a solution - no human problem can EVER be solved by an act of violence-which abortion is,neutral,negative,0.8763265
<USER> <USER> perfect365 app does live makeup pics ☺ shiseido still animal testing 😐,negative,neutral,0.87621313
<USER> Virtue signalling. Common practice. Everyone make nice until the next disagreement. Watch donations to Clinton Foundation +/-.,neutral,positive,0.8757555
<USER> <USER> <USER> <USER> <USER> - And yet all the countries with gun control have less gun deaths,neutral,negative,0.87557423
Pope Francis insults Catholic youth - The Detroit News,negative,neutral,0.8754589
Just in: Trump advisor Steve Bannon wants Black Friday banned. Shopping day doesn't fit Alt-Right color scheme.,negative,neutral,0.8754244
Happy Iraqi soldiers celebrates pushing ISIS destroy reporter's show.#mosuloffensive #mosil #isis #iraq #war,positive,negative,0.87536275
The United Nations Building from the Hudson.#un #unitednations #nyc #esterbauerhoneymoon <USER>,positive,neutral,0.87519896
"After seeing me ugly cry over Leonard Cohen, my husband is genuinely concerned about Werner Herzog's health",positive,negative,0.875077
Picture: Lionel Messi during Adidas event. #fcblive,neutral,positive,0.8750437
"Those who fall shall stay oblivious, halfway to happy. - <USER> reading from BLUE LAWS at…",neutral,positive,0.8750288
Death penalty too strong? Think of the gene pool!<URL>,neutral,negative,0.8749678
Melania Trump has decided she will champion cyber bullying as FL. She should probably start with the person who sleeps next to her. wwwwwww,negative,neutral,0.8747869
"J'aime une vidéo <USER> de <USER> New VR Games Last Week - Google Earth VR, Keep Watching VR, Bounce, Lantern",positive,neutral,0.87455314
Universal car mobile phone holder stand windshield mount holder for xiaomi note iphone 4s,neutral,negative,0.8744112
"NAZI TRUMP: Up retirement age, privatize VA/SS/MEDICARE, outlaw abortion, outlaw Gay marriage, no min wage, deport ALL DREAMERS #janesville",negative,neutral,0.87436926
Beauty And The Beast Has Set Our Expectations High! #beautyandthebeast #disney,positive,neutral,0.8739832
"Your self worth isn't based on someone else's thoughts, opinion or threats. #StandUp! #SpeakUp!…",positive,neutral,0.8737316
"Pitchers are a different world, my friend Cy Young tells me. Larry Walker is up there. Have to compare stats, and d…",positive,neutral,0.8733771
<USER> You can thank fracking for this marvel. lol,neutral,positive,0.8731967
Left-wing activists slam law enforcement for protecting community from destructive protests<URL>,negative,neutral,0.8727468
SEXY! Ashley Graham Does Mannequin Challenge in Pink Lingerie | ADDITION ELLE Spring 2017 Collection,positive,neutral,0.8727375
"For all that we trade for Goff, what the hell do we trade for Tony Romo? 🤔..hmmm Hey Jerry how about head coach + OC",negative,neutral,0.8726069
Our debate is no on recreational use of marijuana..... like uhm no bc get a medical card???????,neutral,negative,0.8722718
#Aleppo : Despite Russian airstrikes the Regime has failed to advance and the Opposition have killed 250 militiamen in the last 48 hours.,neutral,negative,0.87199193
"Brexit has started the disintegration of the EU, Italy&#39;s Europe minister says - - - The populist ...",negative,neutral,0.8719905
I can't even imagine how difficult the decision to have an abortion is as the mother...,neutral,negative,0.8719074
"<USER> <USER> Trump was not elected to unify the cabinet. He was elected to ""drain the swamp"". Romney is part of the swamp!",negative,neutral,0.8716217
"Retweeted Lost In History (<USER>):Muhammad Ali hugs Pelé at his goodbye match. He said: ""My friend....",positive,neutral,0.87124586
#BREAKING :Israeli soldiers shot a Palestinian young man near Shuafat camp military checkpoint moments ago.…,neutral,negative,0.8709069
<USER> The same media that hides from the truth about the Clinton Foundation...,negative,neutral,0.87061507
<USER> <USER> <USER> <USER> <USER> <USER> <USER> That didn't take long-GOP=Special interest.,negative,neutral,0.8699095
The white supremacist using Trump? <USER> #NotMyPresident #Trump #Resist #MAGA <USER> <USER> #tcot #uniteblue,negative,neutral,0.86974925
"#ISIS claimed responsibility for a suicide op, launched by #Morocco national, in Al-Intisar, E.#Mosul, allegedly killing 18. #MosulOffensive",neutral,negative,0.86954594
"LEAKED?! THIS #LiamPayne’s debut solo single? #OneDirection ""Shawn Mendes"" #MTVStarsFifthHarmony #ARIASONEDIRECTION",positive,neutral,0.86949897
<USER> you were elected with promise to keep #Medicaid #Medicare Paul Ryan was not elected #POTUS PLEASE do not kill w his plan,negative,neutral,0.8694484
Abbreviated pundit roundup: Trump packs cabinet with the megarich,negative,neutral,0.8690939
<USER> By her own admission he tried to pick up Melania while he was with a date. Trump is loyal to Trump. That's it. End of story.,negative,neutral,0.86906415
"<USER> Wow,first Hugo Chavez and now Fidel Castro. Danny Glover, Michael Moore, Oliver Stone, and Sean Penn are running out of heroes.",negative,neutral,0.86897516
I mean. He won't try to kill her and that's probably the worse thing for him. #Westworld,neutral,negative,0.86887586
<USER> <USER> <USER> <USER> you ignored the dutch in 2005 with the Constitution referendum and now again with ukraine,negative,neutral,0.86871094
Cristiano Ronaldo Shortlisted For FIFA's 2016 Best Men's Player Award #cristiano #ronaldo #shortlisted #player……,neutral,positive,0.8686869
"<USER> <USER> Maybe the administration should make a registry of armed white supremacists. We can deport them after ""extreme vetting""",negative,neutral,0.8686481
"Can't blame <USER> for getting a big head, given the ferocity with which his fiancee came to his defense…",neutral,negative,0.8684591
Kremlin media troll houses pushed support for trump and crucified Clinton. All because Putin didn't want to see We…,neutral,negative,0.8681168
"<USER> <USER> I'd disagree with you Bruce. Read her book. I'd be happy to gift it to you, if you are willing to read it.",neutral,positive,0.8681163
Not a hack piece. Based on violation of 1965 Voting Rights Act. Researched. Coordinated voter suppression happened.…,negative,neutral,0.86773497
<USER> <USER> <USER> only wants adulation and sycophants. Like Kim Fatty the Third. Paranoia and bugs rooms.,negative,neutral,0.86766124
<USER> Time for Seal Team 6 to pay George Soros a visit. 💩🔫,negative,neutral,0.86764234
“A prohibition of refugees won't prevent terror attacks – but gun control might”,neutral,negative,0.86738205
Happy funeral to all Liam's girls.AMÈM LIAM PAYNE #MtvStarsNiallHoran #MPN #OneDirection,neutral,positive,0.86729264
Inspiring speech by John Lewis at #NBAwards,positive,neutral,0.8672631
House Conservatives Signal Donald Trump Won't Have A Blank Check | The Huffington Post,negative,neutral,0.8672405
"<USER> <USER> <USER> <USER> Please, dude. You probably loved her until she stood up to your boy.",neutral,positive,0.86718863
Banda Piper - Ricky Martin (Livin' la vida loca) e Marron 5 (This love) via <USER>,neutral,positive,0.8670698
Retweeted Daniel José Older (<USER>):The honorable <USER> receiving the #NBAwards and recalling being...,positive,neutral,0.8665392
Great <USER> need to keep a check on this Disaster of a new administration! <USER> <USER>,negative,positive,0.8664655
"#Daesh has called on its militants to travel to #Libya, Sinai in #Egypt, #Yemen, Khorasan & West Africa if they are unable to reach #Iraq",neutral,negative,0.8660577
<USER> Hill seeing money signs... we go as far as he takes us! Fat contract coming up!,positive,neutral,0.86579615
<USER> I need Obamacare after disability. Private insurance 7X+ higher. Worried about buying food & emergencies. Top Ramen & dented cans.,negative,neutral,0.86539245
Zachery Taylor is crowdrising for Medical marijuana for cancer:,neutral,negative,0.8653026
Marco Rubio Urges Tolerance for LGBT People in Orlando Speech to Christian Conservatives: WATCH,positive,neutral,0.8649082
"I've noticed the US embargo didn't work, I noticed flat TVs and other new tech in Cuba",negative,neutral,0.8646532
drone strikes at christmas ??????? Herod must somehow be related to Hilary then,negative,neutral,0.8645753
💋 Ashley Graham💋 American Model 💋 Literate/Descriptive💋 Designer,positive,neutral,0.8645307
"China censored Fatty Kim the Third (or ""Kim 3 the Fat = Jin San Pang"") because Best Korea complained about mean com…",negative,neutral,0.86439484
Video: Neymar doing the special exercise #fcblive [via <USER>,neutral,positive,0.86431676
"<USER> People's Republic of China, is a state governed by the Communist Party of China. We trade with them but Embargo Cuba???",negative,neutral,0.86430854
AI and deep learning systems can develop synthetic procedures better than humans can. I shall soon be obsolete. Any new job suggestions?,neutral,positive,0.8638467
<USER> One accurately prescribed #homeopathic remedy 4 #heartburn 10 years ago worked 4 me. #Homeopathy rocks!,positive,neutral,0.86380136
<USER> y <USER> unidos por amor al arte ❤ <USER> and <USER> united for love of art ❤...,positive,neutral,0.86375916
"Ben Carson being considered for the same cabinet position Jack Bauer once had. Mister Carson, you're no Jack Bauer.",negative,neutral,0.8634562
When did #Thanksgiving turn into Valentines Day? So. Many. Couples. Pictures.,positive,neutral,0.8633204
New #BeautyandtheBeast Photo Has Gaston Wooing Belle<URL>,positive,neutral,0.8632273
"According to a former Wall Street hedge fund manager, the Clinton Foundation is used by tyrants & despots worldwide",negative,neutral,0.8630534
LIAAAAAM OMG!! 🔥🔥🔥I JIST CAN'T.. I'M LOSING MY SHIT HERE OHSSKXVSJSB#LiamPayne #OneDirection #1D…,positive,negative,0.8629977
"""F"" for #usa <USER> FAKE FED... <USER> FALSE FLAG = 9/11 lNSlDE J0BFRACKING an ""FRIENDLY FIRE""#JESUS #ENDofDAYS",neutral,negative,0.86280733
#ISIS Social Media Expert who urged US Muslims to behead <USER> killed by drone.,neutral,negative,0.86276066
interesting how the US will now see Latin America. The ice cream is really good and so is the health system. Get Cuba to run Obamacare.,neutral,positive,0.8627184
"I've used Black Friday to pick up some Tim Duncan, James Harden and Giannis Antetokounmpo merch. Allegiances all over the shop.",positive,neutral,0.8622526
"<USER> it's free with insurance because of Obamacare, which trump wants to repeal 🙃",negative,neutral,0.8621907
Five-year-olds caged to clean up streets for Pope Francis via <USER>,negative,neutral,0.86208785
ALABAMA: GOP House Speaker Mike “Sanctity Of Marriage” Hubbard Convicted On 12 Corruption Charges,negative,neutral,0.8620747
"North Korea Wants China to Remove this Video Kim Jong Un, Barack obama, Vladamir…",negative,neutral,0.86189944
Russia says will treat as terrorists rebels who refuse to leave Aleppo,neutral,negative,0.8617555
"If you kill an unarmed Black/Brown person, you should get the death penalty. No questions asked.",neutral,negative,0.8614552
"THE FIGHT OF Lionel Messi vs Cristiano Ronaldo // goals,skills,dribbling/// Epic Battle 2016 HD: via <USER>",neutral,positive,0.8611443
via <USER> & NYPost - Consumer Reports trashes Tesla’s ‘flawed’ Model X<URL>,negative,neutral,0.86047304
I have narrowed it down to 3 priorities (open to discussion of course) 1. #recount2016 2. #electoralcollege 3. Voter suppression,positive,neutral,0.86031103
"<USER> <USER> <USER> <USER> <USER> <USER> GOP, many of us remember how U screwed this country up.",negative,neutral,0.8603065
<USER> <USER> <USER> <USER> That's how the Clinton Foundation works. Only 5 % goes to charity and the rest to ClintonCart,negative,neutral,0.860216
"<USER> <USER> <USER> The more citizens who speak out/protest, harder it will be for Trump to suppress dissent",neutral,negative,0.85996205
Vintage 1971 Bob Dylan Greatest Hits Volume by DecrepitudeAplenty via <USER>,neutral,positive,0.85969913
"<USER> <USER> conservative logic: fossil fuels are somehow created on 7,000 year old earth",negative,neutral,0.8594952
"Awesome <USER> .The media blasted Melania & the Obama's done the same""just words"" <USER> U put Melani…",negative,positive,0.8594716
<USER> <USER> <USER> she goes on to say she just wants be grandfathered in till she's medicare eligible. selfish.,negative,neutral,0.85945773
EPISODE 15 - FANTASTIC BEASTS AND WHERE TO FIND THEM<URL> #FBAWTFT #MovieReview #MoviePodcast…,neutral,positive,0.8593617
<USER> #Hamas is using children as humen shields. That's what Hamas has to do with it,negative,neutral,0.85916626
LOOK: Soldiers push vehicle with Fidel Castro's ashes after it breaks down in procession,neutral,negative,0.8588973
<USER> <USER> <USER> if U were true journalist the world would have known about trump& hisfuck buddies were friends of putin before election,negative,neutral,0.85858154
Samuel Eto'o facing 10-year prison sentence? #FCBlive #ViscaBarca,neutral,negative,0.85854465
📸 | Iniesta with Youth of San Diego Football Centre. [<USER>] #FCBlive,neutral,positive,0.85845345
"if you're 64, say bye bye bye.... and welcome Wal-Mart shoppers, may i get you a cart?",negative,neutral,0.8581148
"As an emoji user, I am thrilled there is a ""heil"" emoji! 🙋 lol #nazi",neutral,positive,0.85808945
If it wasn't for medical marijuana stress would be the end of me...,neutral,negative,0.8574723
speak the truth even though if its leading to death penalty. cause nothing will set you free except THE TRUTH.,positive,neutral,0.857353
#Iraq #Mosul Cold weather causes more #suffering for #displaced_families <USER> <USER>,negative,neutral,0.85733193
.<USER> Earth brings its breathtaking views into #VR via <USER>,positive,neutral,0.8572702
Samsung Unveils The New Galaxy Note 7 And You Can Unlock It With Your Eyes via <USER> Nerd,neutral,positive,0.8572507
"#YPG #SDF allying with #Hezbollah terrorists & #ASSad against #NATO ally #Turkey, Goodjob Obama, Turkey should resp…",neutral,negative,0.8571551
My #GilmoreGirlsTop4 4) Madeline 3) Kirk2) Luke 1) Richard,positive,neutral,0.85711795
"Image of a man cries his wife, who died along with her three children in suspected #Russian shelling on Al Ferdous…",neutral,negative,0.8568567
<USER> <USER> <USER> shhh I can see this tweet not private! #deplorables are just using the kid to play a mean game,negative,neutral,0.8567308
<USER> Not disrespectful. Kelllyanne is way out there. On front line.,neutral,negative,0.85672855
<USER> <USER> <USER> Comey working primarily to secure his place in the GOP future. He deliberately scuttled Hillary.,negative,neutral,0.8564714
Don't blame me. I voted for Hillary! #StillWithHer,neutral,negative,0.856429
Millions of Muslims take part in mass anti #ISIS march,positive,negative,0.85642004
"Missed #NationalFastFoodDay, but righting that wrong now.#McDonalds small fry & a cheeseburger.I know, doesn't even really count as ff.",neutral,negative,0.8564025
"Obviously, this isn't aimed at all leftists, but there are a scary amount who act this way. Many of whom are a part of this new wave",neutral,negative,0.85640186
From <USER> New Pic Of Belle (#emmawatson) & Gaston (#lukeevans) In <USER> #BeautyAndTheBeast -…,positive,neutral,0.85631627
"#ISIS infogrphic, week 5 of #MosulOffensive: claims killing 487 #ISF & #Peshmerga; 20 suicide attacks; 76 Humvees,…",neutral,negative,0.85507375
#Assad #Russia Airforce Attack #Turk soldiers in Support of #Hezbollah #IRGC led Global #Shia Army Funded By #Iran oil #Khamenei Spirit Ldr,neutral,negative,0.8546321
Nov 19????.Busted !! WIKILEAKS anti TRUMP PROTESTS SponsorS BY HILLARY AND GEORGE...,negative,neutral,0.85454303
Fractures Set Better and Healed Faster with Homeopathy - Homeopathy Plus,neutral,positive,0.8541178
#BREAKING Reports of attempted stabbing in #Shoafat East #Jerusalem #Palestinian shot dead#Israel,neutral,negative,0.85381144
>Persona 5 OST will have 110 tracks from the gameOh sweet mother of god have mercy on my wallet,neutral,positive,0.8533887
"Even though #IslamicState will fall in #MosulOffensive, they will continue to be deadly threat in the region.<URL>",negative,neutral,0.8532328
"<USER> And another 1...they, the deplorables made it so easy 4 U! ""I love my uneducated"" B/C they R U!",neutral,positive,0.8529474
The press are too critical of Pres Elect Trump. He has done a lot for the first 2 weeks of transition #MediaFails,neutral,negative,0.85284144
"Vladimir Putin presented Steven Seagal w/ his <USER> passport, congratulated him on receiving Russian citizenshi…",positive,neutral,0.85283464
Beck sounds alarm about Steve Bannon,negative,neutral,0.85275406
Ricketts Scores Cash For Cubs..,positive,neutral,0.85254854
<USER> <USER> That's below the minimum wage! Ask him to get the salary via PayTm and expose Modi,negative,neutral,0.8523496
<USER> <USER> Get me on the show and let me sell you a #Hatchimals <USER> picked up on our story,positive,neutral,0.8523467
Apple Watch MMF62LL/A Sport 38mm Smartwatch #NationalFastFoodDay,negative,neutral,0.8522117
Achievement unlocked: We all survived baby vaccines round 1 #parenting,neutral,positive,0.8519636
#sexy girls get fucked for first time zac efron and vanessa hugens having sex,neutral,negative,0.8513774
<USER> my deep learning algorithm isn't though - training can take time.,negative,neutral,0.8513259
Seven fascinating facts about #ScreamQueens,positive,neutral,0.85082155
".<USER> <USER> ""Grab them by the Medicare. Grab them by the overtime. Grab them by the Social Security"". We'll see if it's funny.",negative,positive,0.8507172
Kids can join us this evening in the party room for some 3D printing!,positive,neutral,0.8504703
<USER> <USER> Clinton is ahead over 2 million in popular vote.,positive,neutral,0.85037184
<USER> <USER> while humorless conservatives are a pleonasm,negative,neutral,0.8499954
<USER> <USER> <USER> THIS is what I've been saying: trumpsters complained about Obamacare they rely on .. until CON is revealed,negative,neutral,0.8496961
No right wing extremism for Austria & Italy in political turmoil. Both have immigration headaches & EU has 'Tower of Babel Syndrome'. Whew!,negative,neutral,0.84942263
"One by One, #ISIS Social Media Experts Are Killed as Result of F.B.I. Program",neutral,negative,0.84901124
"<USER> <USER> wonder how many whites (all supremacists, of course) work at NY Times?",negative,neutral,0.8489633
The #REAL effect of #FAKEnews on the rabid right! #brexit<URL>,negative,neutral,0.84888166
<USER> Pointless committee. No one needs rights. Just Kim Jong-un.,neutral,negative,0.8487457
"So the #Oakland anti-Trump riots died down after like what, a week? Man that was quick",neutral,negative,0.8483624
[Tom Tango] Cy Young voting point system is 7-4-3-2-1: can we do better?,negative,neutral,0.8480261
Christmas Charity Benefit 🌲 #MannequinChallenge @ Lukas Nursery & Butterfly Encounter,positive,neutral,0.84794086
#LukeEvans Flirts With #EmmaWatson in New #BeautyandtheBeast Image,positive,neutral,0.84782594
Ariana Grande White House Easter Egg Roll in Washington #ArianaGrande,positive,neutral,0.84773743
"soc sec & medicare & medicaid & HUD & food stamps will be gone!1/3 of America will starve to death, sick & homeless",negative,neutral,0.8475545
Go figure! Clinton Foundation’s hurting without a highly placed influence peddler: By Doug Powers #conservative,negative,neutral,0.8473031
Presumably we took all that gold for saving all those 'lives'. Sounds much better than saying we mugged #Libya and…,negative,positive,0.84703624
"Messi’s 9 goals in CL are more than 20 of the 32 teams in the competition have scored in total, and he’s tied with five other sides #fcblive",positive,neutral,0.8470312
<USER> <USER> <USER> <USER> I'm sure it's Coach K's fault 🤔,negative,neutral,0.84649706
Watched the #Westworld finale? Want to watch the whole season all over again. Do it! <USER> and <USER> Also visit,positive,neutral,0.84619015
"#NowPlaying Bad Hombres, Nasty Women Mix (feat. ""Weird Al"" Yankovic) by The Gregory Brothers, ""Weird Al"" Yankovic ♫",neutral,negative,0.8461064
"📷 Young People’s Revolution, From Minimum Wage To Millions.",neutral,negative,0.8460852
GIVING THANKS for Dr. Ben Carson: Our Favorite Trump Supporter Changes Mind and WILL Serve in Cabinet Position....,neutral,positive,0.8460018
"<USER> <USER> <USER> They also want to keep federal socialized medicine out of their Medicare. Opposite of a ""think tank"".",negative,neutral,0.8459711
this is a prime example of why we need Hillarys stricter gun control legislation.,neutral,negative,0.8455342
"<USER> <USER> <USER> Wish #Chavez were still alive so this could all be laid at this feet, not blamed on #Maduro failure.",neutral,negative,0.8455126
Where's the best place to buy a <USER> jersey?? <USER> <USER> <USER> <USER>,neutral,positive,0.84539026
TRUMP SEEMS TO B PICKING HILLARYS PICKS SO IN DECEMBER SHE CAN STEP IN WITH A PICKED CABINET HA?!,negative,neutral,0.8450314
<-A Very Sexy Lesbian Couple. A & J #nsfw #bath #bubble #onedirection,neutral,positive,0.8448189
<USER> I think it takes tremendous teamwork to achieve military objectives. Gold standard. Thus the comparison.,positive,neutral,0.8442639
"Overt #KremlinTrolls will ReTweet covert ones who bash #Ukraine, to advance the Kremlin narrative. Subtle it is not.",negative,neutral,0.844142
"Kate Upton & Justin Verlander: To Hell with Cy Young, It’s Vatican Time! | TMZ TV",neutral,negative,0.844049
It's freaking ONE day after thanksgiving and Katrina is already blasting the xmas music... GOD HELP US... 😒,negative,positive,0.843934
I pardon Turkey in thanksgiving! Yet MOVIES of Cutting Low income and disable social security can not pardoned! All are Creators =Homeless!,negative,neutral,0.8439177
I wonder if Castro's death could change Assata Shakur's status. Trump's admin might try to pursue her,neutral,negative,0.8437979
"people come out to voice, hope gay marriage through! I hope the Taiwan government can hear it. We love equality🌈🌈😭😭💞",neutral,positive,0.84373665
#Australia 's most wanted #jihadist #NeilPrakash arrested in the #MiddleEast#ام_الربيعين_تجمعنا#mosul#mosulop…,neutral,negative,0.8430088
<USER> <USER> <USER> 2. ppl not wanting to admit voting Trump & also ppl thinking HRC was safe & deciding safe to protest vote,negative,neutral,0.8423846
"In Scotland, Trump Built a Wall. Then He Sent Residents the Bill. #StrongerTogether #StillWithHer #UniteBlue",negative,neutral,0.8422681
"W/ Trump, nationalists strike back against immigration #politics #elections #news #startup",negative,neutral,0.8420926
#MosulOffensive : Iraqi forces clearing out landmines left behind by #Daesh,neutral,negative,0.84196734
they aren't anti trump they are pro soros lets over throw the US riots /Call it what it is,neutral,negative,0.8419473
"Abortion supporters help create a culture that accepts murder. It starts with the unborn & terminally ill but ends with ""societal cleansing""",negative,neutral,0.84162337
Here's some <USER> data on the partisan divide separating Dem and Rep views of Putin and Russia's role in the…,negative,neutral,0.8416147
Real Men Have Anal With Robots,neutral,negative,0.84149224
#DSU: here is a great read to understand Thxgiving and present-day Native American relations,neutral,positive,0.84138495
INSANE ANTI TRUMP RIOTS SPREAD ACROSS AMERICA: via <USER>,negative,neutral,0.8412566
"<USER> <USER> guys, guys take it easy the Cubs are just gonna go back to back World Series anyways",neutral,positive,0.84122825
<USER> I have nearly 30 health problems wrong with me. That's why I request legalizing medical marijuana for patients like me.,neutral,negative,0.841136
Jerusalem Through The Ages ▸<URL> | #Israel #Jerusalem #Christianity #Judaism #religion,neutral,negative,0.84105915
<USER> the horsehoe theory AND the bell curve. mmm this will put those alt-rightists to task boy howdy,negative,neutral,0.8410412
"Story...Clinton Foundation paid off both Sanders and Stein, according to source. ~14 min last few min.",negative,neutral,0.84090275
Steve Bannon Should Stay out of White House: Attorneys,negative,neutral,0.8406995
#FantasticBeasts at <USER> then to DHS for #JingleBellJingleBAM,positive,neutral,0.84061396
"Cuba's Fidel Castro, A Revolutionary Leader Who Defied The US",positive,neutral,0.840253
<USER> Need to chuck pelosi into the potomac!,negative,neutral,0.83946085
"<USER> <USER> Call Dir. Comey also! Ya know, that FBI guy? I hear he can check for dead voters. <USER> <USER>",negative,neutral,0.83935106
<USER> <USER> obamacare for me,positive,neutral,0.8390457
Love is love. No room for hate! <USER> from <USER> - <USER> <USER> para Cuando Un...,neutral,positive,0.83902216
Green Party condemns the violent suppression of Dakota Access Pipeline protesters vía <USER>,negative,neutral,0.83857185
Might be better to just fund drone strikes and other humanitarian causes.,negative,neutral,0.8383508
"Philippines VP resigns from cabinet over 'differences' with Duterte, condemns war on drugs, reimposing death penalty",neutral,negative,0.838089
Tiny Ripples of Hope: Happy Thanksgiving; Now Get Back to Being Poor#p2 #UniteBlue,neutral,positive,0.8378659
"""We're already experimenting with more materials."" - 3D_Fuel co-founder John Schneider via cnntech",positive,neutral,0.8377886
Here's our #BeautyAndTheBeast trailer breakdown:,positive,neutral,0.8377448
<USER> <USER> <USER> interesting news is exciting - doesn't mean she is being dishonest in her work.,neutral,positive,0.83758175
<USER> - Hillary would have been the same. Carry on the drone strikes started by Obama. Don't kind yourself. Trump also.,neutral,negative,0.8375154
"Michael Moore: They Voted For A Guy Named ‘Hussein’ Twice, Trump Voters Are Not Racist",neutral,negative,0.8373939
Christmas in December 🎅🏼🎄New Years in January 🎉Valentines in February 👫Birthday in March👸❣️,positive,neutral,0.83730996
<USER> <USER> ERIC IM SURE YOUR DADS ON THIS RECOUNT SCAM RITE?GEORGE SOROS AND ALEX WOW!,negative,positive,0.83726096
"If their great-grandfathers who fought in WWII could see alt-rightists applauding ""Hail Trump,"" they'd give them such an ass-kicking...",negative,positive,0.8372524
<USER> News from the US The statues of liberty has left the country in protest against Trump.,negative,neutral,0.8370888
Google Earth VR lets you cruise the globe like Superman,positive,neutral,0.837054
"Y'all be voting to raise minimum wage, then complain that McDonalds don't have a dollar menu 😂😂",negative,neutral,0.8367865
<USER> <USER> Kim Jong-un cracks me up. Kim Jong-un will make a video shooting his gun in the air & USA like Jong-un shot his gun,neutral,negative,0.8366984
#Microsoft joins #Linux foundation.#Google joins .NET foundation.You see that it is #Christmas in the air... 🎄🎉🎁,positive,neutral,0.83657527
Is this what happens to a brain born into war? <USER> #MiamiBookFair2016 #NBAwards,neutral,negative,0.83648604
"Obama refuses to condemn anti-Trump riots, violence against Trump supporters",neutral,negative,0.8362537
You know conservatives think the Dems are leftist. Should probably raise awareness against that misconception. <USER> <USER>,negative,neutral,0.8360639
Don't try to hold a conversation with Paul while he's half asleep because he will just talk to you about Tony Romo dying.,negative,neutral,0.83551764
Report: The rickety finances behind the Dakota Access Pipeline. #NoDAPL <USER> <USER> <USER>,negative,neutral,0.8352256
— Thinks people will survive when self-driving cars hit the road because people have been talking about automation taking jobs forever.,neutral,negative,0.8351819
<USER> <USER> Get the $ from Clinton foundation? How appropriate.Islamic anti human rights buddies contributed to it,negative,neutral,0.8350938
#HappyThanksgiving <USER> From your #Uber delivery driver you didn't tip on Thanksgiving... Bless you sir.,positive,neutral,0.83499616
#news #summary: #uber rival #grab’s first #cfo is leaving the #company after just seven #months,negative,neutral,0.834722
"Death penalty or capital punishment It is corporal punishment. As its name implies, this is to take life, which ...",neutral,negative,0.83469135
Messmoorize (from Michael Moore): to panic and lose critical thinking while gaining weight. #UsefulNewVerbs,negative,neutral,0.8345995
<USER> gun control was born trying to keep blacks from having guns.,neutral,negative,0.8344029
How Netanyahu Divides and Occupies America via <USER> #gaza #palestine #israel #BDS,negative,neutral,0.8342951
"<USER> English has opposed abortion voluntary euthanasia ,physician assisted suicide,.Your new boss will oppose it ....",neutral,negative,0.8342385
"<USER> <USER> Geeky yeah, but it wasn't great for dancing :-( In that regard <USER> is the gold standard.",negative,positive,0.83420527
"Let's stop parsing.Just as #AltRight = Nazi, populist = anti-immigrant white supremacist. This is simple, irrefutable historical fact.",neutral,negative,0.8341932
Obama Downplays Trump Trade Agenda O can stick TPP & his 0 legacy #tcot #pjneet #maga #lnyhbt #wakeupamerica #tgdn,negative,neutral,0.83405936
We love our green vehicles (<USER> Model S and <USER> Mirai) but sometimes lack of infrastructure makes the V8-pow…,neutral,positive,0.83404446
👏Brillant idea!👏 #3D printing for #wildlife conservation. #animals #EcoAfrica <USER>,positive,neutral,0.83403456
North Korea asks China to block search results for Kim Jong Un nickname ‘Kim Fatty the Third’ #censorship #loser,negative,neutral,0.83389693
<USER> <USER> I'm retiring from twitter,negative,neutral,0.83318657
Zayn's name in Arabic means 'beautiful' #fact #OneDirection #Directioner #zaynmalik #Zayn #ZaynFacts #Zquad,positive,neutral,0.8331696
I would have settled for the occasional interjection of truth & full coverage of Obama's unconstitutional Admin...…,negative,neutral,0.83277357
".<USER> <USER> Pizzagate was the difference in the election. Comey letter, tied to Weiner, led to 10 days of HRC pedophilia stories.",negative,neutral,0.8326389
#Palestinian suicide bombings no longer permitted: #Qaradawi proclaims earlier fatwa now retracted. #Israel #Hamas,neutral,negative,0.8325246
<USER> <USER> They're natural conservatives goy,negative,neutral,0.83246446
"The US has made-up drug trafficking case against the two nephews of the Venezuelan first lady Cilia Flores, the...",negative,neutral,0.83232987
If this doesn't convert people to vegetarianism nothing will,neutral,negative,0.8322365
"e.g. the meme among some leftists accusing Clinton supporters of being ""vagina voters"" even when many of us had strong reservations.",negative,neutral,0.8317015
Retweeted CaptainsLog2016 (<USER>):Voter Suppression/FraudFake NewsRussian HackersFBI Witch...,negative,neutral,0.83168995
"<USER> I agree. But w/ Trump in it will embolden voter suppression, RW nationalists, racism, rolling back progress. We have to fight",negative,neutral,0.8315342
<USER> fingers crossed for my son 👌🏼 #Hatchimals #blackfriday,neutral,positive,0.831458
"The courts will come to the rescue?The courts are the ones enforcing these laws,they are trying to bring back Jim C…",negative,neutral,0.8314543
#what are all the different sex positions ashley graham sex fuck sexy mom,neutral,negative,0.8313056
THE TRUMP CAMPAIGN LITERALLY ADMITTED TO COMMITTING FORMS OF VOTER SUPPRESSION.DEMOCRACY IS AT STAKE N ALL YALL CARE AB IS THE SNL COLD OPEN,negative,neutral,0.8312256
<USER> prediction: Walker will get the cy young next year and a golden glove for Marte. The trade curse must continue!,positive,neutral,0.83118415
No one's disputing the impact of the Comey letter & coverage. But the voting irregularities are stark. Audit needed!,negative,neutral,0.83115655
<USER> <USER> <USER> <USER> Can you imagine the Trump WH w/o Melania? Makes Clinton WH look puritanical.,negative,neutral,0.83108205
Israel 'directly targeted' children in drone strikes on Gaza: rights group #gaza #palestine #israel #BDS,negative,neutral,0.83106065
<USER> <USER> <USER> <USER> 2018 may see the MOST ACTIVE Democratic primaries with more challenges than ever before.,neutral,positive,0.83105403
"Napa Valley Tesla Tesla's Model X is 'fast and flawed,' Consumer Reports says' - MarketWatch…",negative,neutral,0.83104974
<USER> <USER> Do you know that Repubs were protesting Obamacare by telling govt to stay out of their Medicare/Medicaid?,negative,neutral,0.8310078
Lionel Messi belongs to Barcelona - Mourinho #soccer #football #fcb #fcblive #mufc #mcfc #rmfc #pl #lfp #laliga,neutral,positive,0.83089906
"<USER> <USER> <USER> Sucks Obamacare was a repub idea birth at the Heritage Foundation, & stimulus was passed by a repub POTUS",neutral,negative,0.8308576
Saw <USER> 's name on new wikileaks documens about #Yemen. Intresting!,positive,neutral,0.8306801
.<USER> <USER> - .<USER> makes a video apologizing for making horrible videos,neutral,negative,0.8303678
POLL result:You voted for Cabbage Patch Kids & the Furby as your favourite Christmas toys . Looks like it will be…,neutral,positive,0.8299935
"Steve Bannon says Trump is “probably the greatest orator since William Jennings Bryan"" 😹😹😹😹😹😹😹😹 totes bigly",neutral,positive,0.82949984
FBI'S COMEY Dealt With Hillary's Shady Whitewater Scandal 20 Years Ago!,neutral,negative,0.82933545
Are you hunting for one of THESE? <USER> got a #Hatchimals and we'll be telling you how to get it…,positive,neutral,0.8292961
if you said have the partime tech job with a 2nd partime job making minimum wage B/c you don't have a degree but you got the hot Asian gf,negative,neutral,0.8291038
Now to wait for persona 5 😩😩😩😩,neutral,positive,0.82881343
<USER> <USER> <USER> <USER> <USER> Nancy Pelosi and soooo many more w Obama masquerading as a Moderate.,negative,neutral,0.82875556
"<USER> <USER> ...and by ""genocidal antisemites"" you mean Steve Bannon, right?#NotMyPresident",negative,neutral,0.82871664
Facebook has banned modeling pictures of Melania Knauss Trump,negative,neutral,0.8285433
"<USER> No, there is more to it that Trump telling a story, like Comey's crooked political moves, and Russian hacking, and Assange...",negative,neutral,0.8284187
<USER> <USER> The rightists get an extensive assortment of ergonomic mice to choose from. The corporations are oppressing us.,negative,neutral,0.8282972
Tesla Model S named 'Most important car of the last 20 years' by The Telegraph,positive,neutral,0.82810813
"Fidel Castro, Conventional Dictator: Fidel Castro's ashes were buried in a sort of boulder…",neutral,negative,0.82787716
Why it's time for a rethink on flu vaccination #Immune System - Vaccines <USER>,neutral,negative,0.82780325
"Eventually facts cant be ignored: ""Rockefeller charity withdraws investments in fossil fuels"" #keepitintheground",neutral,negative,0.827225
2016 hot Stylish Women/men 3D digital printing sku... USD 39.99➤,neutral,positive,0.8267861
#Spurs #GoSpursGo 1997-98 Skybox Z-Force #3 Tim Duncan Slam Cam 97-98 Spurs BGS 9.5 Gem Mint #TimDuncan #NBA,neutral,positive,0.8267183
"Ironic that Trump supporters are angry at protestors when Trump was the ultimate ""protest vote""",negative,neutral,0.82622164
Yep. Ben Carson is a Clarence Thomas type pick. <USER> <USER>,positive,neutral,0.82618636
#unitednations Secretary-General #BanKiMoon expressed serious concern over d prevailing situation at the Line of Control in Jammu & Kashmir.,neutral,negative,0.82604617
<USER> Just part & parcel of GOP voter fraud plan:Voter suppressionGerrymandering Voter IDHeavy Dem areas: Limit polling stations,neutral,negative,0.82581174
"<USER> <USER> <USER> <USER> <USER> <USER> $ wants America to wait & F**k Warren,,,,",negative,neutral,0.82573605
Lavrov says militants who do not leave eastern Aleppo to be regarded as terrorists via <USER>,neutral,negative,0.8254467
Chief #UnitedNations expresses grave concerned over intensified situation at #LoC between #Pakistan & #India,neutral,negative,0.8253919
"#BlackLivesMatter planning to disrupt #BlackFriday Shoppers in Chicago. Rahm Emanuel can't keep citizens safe, but…",neutral,negative,0.82512724
<USER> <USER> Poroshenko regime is still the same Kremlin's colonial regime of Yanukovych after the rotation. /1,neutral,negative,0.82472485
"Leftists love being victims.Rightists love a winner, more so if winner was an underdog.We are witnessing critical mass of both.",negative,positive,0.8242877
regrann from jpusbrasil - <USER> #Matteo #Valentino #Moment #HappyThanksGiving…,positive,neutral,0.8242683
"Found: My missing Social Security Card, my car title, and a $8.46 un-cashed check. Still Missing: A $50 key fob,...",neutral,negative,0.82397497
I agree. Many people also think homeopathy is good. It is just that the evidence for benefits of UK immigration is…,neutral,positive,0.8238839
<USER> Pak hide behind foreign countries rippled with religious wars rhetoric for drone strikes that radicalise every community upon wh,negative,neutral,0.8237971
<USER> <USER> you know she was bought and paid for a Pelosi wannabe,negative,neutral,0.82375777
"When the pilot says ""if you have a Samsung galaxy note 7, get off the plane"" #lol #flying #samsung #faa #tsa #dot",negative,neutral,0.82353294
Dont get so distracted by 'gun control' gorilla U miss mental health issues “Sandy Hook Promise release PSA”,neutral,negative,0.8235297
Pelosi and her team must acknowledge their failings and step down immediately. They do a disservice to remain.,negative,neutral,0.8234298
Dakota Access Pipeline Protestor Sophia Wilansky Injured By Protestors Homemade Bombs<URL> via <USER>,negative,neutral,0.8233518
Twitter's #ThankYouObama Shows Heartfelt Gratitude To POTUS,positive,neutral,0.82333976
"<USER> and if the healthcare plan change,seems he will keep the best part from Obamacare.",positive,neutral,0.82331944
You can tell who the leftists are; they're joking they're prostitutes with the #ISpreadLoveBy tag.,negative,neutral,0.82321537
The #Iranian regime carries out acts of terror against its own people on a daily basis; money from the #irandeal we…,neutral,negative,0.8230279
For some reason I've been staying up late watching David Blaine videos on Netflix. What?,positive,neutral,0.82290846
02/12/2015 #False #Flag Weekly News #falseflag #hebdo #ISIS #war #israel #palestine #mossad,neutral,negative,0.82287467
"#Hezbollah shld get the msg that #Miami isnt the place to do its dirty biz, says <USER> By <USER>",negative,neutral,0.8228728
<USER> <USER> <USER> <USER> Chomsky makes Michael Moore look like an amateur in this regard,negative,neutral,0.8223467
TONIGHT at the Leaf: Gravity A // night after Thanksgiving party // Maple Leaf! Bring your ticket stub from the...,positive,neutral,0.8223431
"<USER> I love your products. However, I can't in good conscience buy your products anymore until you stop animal testing",neutral,positive,0.8223121
#Injustice for #Children of the #Caliphate and those displaced by #ISIS left stateless. #humanrights #citizenship,negative,neutral,0.8221995
<USER> Just say NOOOOOOOOOOOOOOOOOOOOOOO! to Pelosi! We need someone younger! Give it to Keith Ellison.,negative,neutral,0.82216275
"<USER> delta flight,get over it.Are the anti trump riots in the USA ok .write about that please",neutral,negative,0.82205844
"CCFA thinks homeopathy and ""energy medicine"" are valid treatment options, go call them out",neutral,negative,0.82184315
<USER> we pulled out of the middle East and now we're fracking in America.,negative,neutral,0.82168174
Ask <USER> about misogyny! Every time she visits <USER> they strip search her and his mom! Maduro i…,negative,neutral,0.8215368
#Aztecas #Maya #Indigenous Peruanos. Love it. #DAPL Shows What Happens When Indigenous Communities Unite-,neutral,positive,0.82140595
Civilian deaths in drone strikes amount to war crimes: Amnesty,neutral,negative,0.8213835
"I found a nice strip club in Miami for sale, but I also want to open my medical marijuana dispensary and a big biker bar. Maybe all of them.",neutral,positive,0.8210341
"<USER> I don't cry very often , bit your anti abortion video nearly ot me going . Bless you , <USER> .",neutral,negative,0.8209543
<USER> we're gearing up for persona 5,neutral,positive,0.8209006
"Castro now joins Bowie, Prince, Leonard Cohen and the mum from the Brady Bunch in the communist afterlife ✊",positive,neutral,0.8207926
Ukraine junta considers extraditing Saakashvili back to Georgia (but they don't seem to want him):,negative,neutral,0.82075363
"<USER> maybe? I've read many, but something from <USER> <USER> <USER> w/b nice. Deadlines loom, Putin's at door, DT'll open it.",neutral,positive,0.8207254
<USER> Wow...this is one deadly statement! Reminding me of the Greta Muhammad Ali.,positive,neutral,0.82017225
Saakashvili resigned his post in Odessa hoping his 'pal' The Don would back his ambition in Ukraine; Putin put The Don right on that one LOL,negative,neutral,0.8200011
Hashid al-Shaabi militia control 3 villages West of Mosul... #MosulOffensive,negative,neutral,0.81963706
Contact electoral college. Not so hard to tweet a bunch of them. don't do more than 10 at a time so ur not locked.,neutral,negative,0.8196001
"Right after they kill Medicare & Social Security, and get a two vote advantage on the Supreme Court.",negative,neutral,0.8194881
"Fine, I guess I'll tolerate Steve Bannon's appointment, but only if he legally changes his name to Race Baiter Ginsburg",negative,neutral,0.8193955
#InspiringLionHeart motivate Us to ✔Close the brothels legally✔Promote Vegetarianism ✔Open food banks✔donate kidney legally<USER>,positive,neutral,0.8191872
David Blaine's Best Color Change Revealed: via <USER>,neutral,positive,0.8191172
The poem is the Constitution of the inner country.- Leonard Cohen,positive,neutral,0.8189615
"I pray that you are against abortion, and political candidates who allow/promote abortion, to the same degree UR against the death penalty.",neutral,negative,0.8188942
<USER> <USER> <USER> <USER> <USER> <USER> <USER> noise but no substance,negative,neutral,0.8188575
Trump & his cabinet together w/ his family just downgraded America into Banana Republic in just 2 wks.We're the lau…,negative,neutral,0.8186667
#Putin to #ISIS; I am not afraid of your threats,neutral,negative,0.81843644
My new sounds: Bad Hombres And Nasty Women on #SoundCloud,neutral,negative,0.81834203
Cohen reading On Moonlight,neutral,positive,0.81818277
This thread. Short version = call them white nationalists. Not alt-right or white supremacists.,negative,neutral,0.8176286
this shouldn't be a thing... #NationalFastFoodDay,neutral,negative,0.81751204
<USER> <USER> he needs money to actually sustain work if robots replace him and he still gets money he wont complain,neutral,negative,0.8171267
Wow...the #Haifa fire story flew under my radar....damn. Arson or Karma? #Israel #Palestine,neutral,negative,0.81705475
"#OldManSyrianHis message to #Assad,#Russia,#Iran,#Hezbollah,#Shia militias & #Sisi",neutral,negative,0.8167646
"Nigel Farage plans to move to USA. I thought Trump was against allowing ""bad hombres"" into America ...",negative,neutral,0.8163689
We want Tony romo,positive,neutral,0.81624115
"US chicken, flour sold in #DRCongo via blacklisted Tajideen. Great piece in WSJ <USER> <USER> #Hezbollah",neutral,positive,0.8161246
One splendid view inspires 15 painters of #Jerusalem via <USER> #art #painting,positive,neutral,0.8161241
Earlier on Thursday Samsung teased us with a preview video for the Galaxy Note 7 handset set to launch this week. Data backup and...,positive,neutral,0.81610876
"<USER> <USER> We all hope you join her soon,Out of Office.",neutral,positive,0.8158101
Palliative care and legalized assisted dying are not mutually exclusive; most Aussies want access to both! <USER>,neutral,negative,0.8157494
DOPing Newz LIVE FEEDS - Watch the #Infowars Nightly News! #MAGA #Deplorables,negative,neutral,0.8155715
#Best #Toy #Transformers Robots In Disguise One-Step Changers Autobot Drift #Figure #Toys…,neutral,positive,0.8151044
Ashley Graham Puts Kim Kardashian's Booty To Shame #cr7 #pornhub,neutral,negative,0.8150362
Nikki Haley’s family In India Cheer Her Appointment As UN Envoy #nikkkihaley #unenvoy #unitednations #donaldtrump,positive,neutral,0.8150254
<USER> My opinion-This is a ploy to make an agreement between her and Trump. She won't protest if he won't prosecute.,neutral,negative,0.81490743
Well said #Muhammad Ali Jinnah,positive,neutral,0.8148821
Is North Dakota fracking out of control? ✋ #energy #oil #fracking,negative,neutral,0.81485796
🏀<USER> is ready #fcblive #GSOFCB,neutral,positive,0.8147824
"Taylor Volk, North Park University student, fabricated anti-gay 'Trump' notes #tcot #tpp",negative,neutral,0.81468844
"420Magazine: ALS Patient Uses Medical Marijuana, Outlives Anti-Marijuana Doctors",positive,negative,0.8146795
CHANEL#me #chanel #i #screamqueens,neutral,positive,0.81453526
"<USER> <USER> If Jeb had won, he would still be looking at Cabinet. Trump has already selected abt 10 just in 3rd week. Outworks Jeb",negative,neutral,0.81453353
Steve Bannon’s First Pick For President - POLITICO Fascinating and says a lot about Bannon #StillWithHer #recount,positive,neutral,0.8138981
<USER> <USER> put an embargo on FRANCE like you do other countries like Cuba,negative,neutral,0.81387675
"<USER> NICOLAS MADURO Y CILIA FLORES AMONG OTHERS, MANAGE THE INTERNATIONAL DRUG TRAFFICKING FROM THE PRESIDENTIAL PALACE(MIRAFLORES).",negative,neutral,0.81384325
4 Stages of Acceptance:1. Election Denial2. Protest3. Recount4. All aboard Trump Train #UsefulNewVerbs,negative,neutral,0.8135793
10 years later: Fiancée of NYPD shooting victim Sean Bell speaks #BlackLivesMatter,neutral,negative,0.81354696
Just seen #FantasticBeasts #IMAX it's like #PokemonGO only pretend.,neutral,positive,0.8133652
"<USER> <USER> Jill, instead of a recount, why not do an audit of voter registration rolls, if you're really looking for fraud?",neutral,negative,0.8133477
<USER> Tony Romo is not worth a pick lower than fourth,negative,neutral,0.8131867
<USER> IMO U r wrong to say Dems dont listen to both sides of issues of parties. They do & just tend 2disagree w more of gop policy,neutral,negative,0.8129534
<USER> <USER> but also Michael Moore. Weird mix.,negative,neutral,0.81289244
Famliy hittin the #mannequinchallenge & #hitemwiththeshoulders all at once. Lit this Thanksgiving 🔥,positive,neutral,0.81287366
#FREE #Uber ride (up to $20). Sign up using this #UberPromo link:,positive,neutral,0.8126232
We'll be featured in 3 magazines in a couple of months. Which pic should we use? #Vote #MDwine #BeautyAndTheBeast,positive,neutral,0.8125416
<USER> <USER> The same McConnell who was minority leader as Obamacare was passed? Riiiight 😂,positive,neutral,0.8124824
<USER> <USER> Your mother should have had a medical plan that included abortion,negative,neutral,0.81231695
Operated by Imura Works of Imura has been working to protect the freedom of gun rights and 3D printing workPlease support the activities!!,positive,neutral,0.81210047
Study Proving Vaccines Cause Autism Banned From InternetA peer-reviewed scientific study…,neutral,negative,0.8116688
"Congratulations Mr.Trump, YOU just lost the popular vote by over 2,000,000.",negative,positive,0.81159997
#32 - Saint Valentines Day,positive,neutral,0.81155825
which one would you prefer to listen to for a whole day? 😍🤘🏼; i could never choose #arianagrande #IntoYou #SideToSide #songs #Poll,positive,neutral,0.8114071
Only thing I care about rn is westworld.... and the universe doesn't wanna see me happy,neutral,positive,0.8111362
Imagine that? Bait and switch? Noooo lol. #maga #draintheswamp #potus45<URL>,negative,neutral,0.8111338
"Among #Libya’s politically relevant elites today, I doubt there is 1 group that hasn’t committed atrocities; so . .",neutral,positive,0.8109994
<USER> nope! HRC won popular vote by a landslide and still counting! She is the people's president! 1 vote=1 vote! #StillWithHer,positive,neutral,0.8106935
<USER> <USER> Because it's the TRUTH! Ppl will not see the truth or the LIGHT with blind eyes. Don't stop using ur voice!,positive,neutral,0.8105669
<USER> regarding article on Obama Admin. View on the recount: the election result not the will of the American people; only of a fraction.,neutral,negative,0.8104416
"<USER> <USER> <USER> <USER> Pres. Trump should detain, & hand him over to Putin in the name of justice...",neutral,negative,0.81043637
"I dunno, from my porch view of Europe, there is certainly creeping unease, Baltics, Scandi, rightists in FR, IT, AU…",negative,positive,0.8104218
"""Fact checks,""with neoliberal operating assumptions, grossly downplaying the embargo etc. See:…",negative,neutral,0.810357
<USER> that's not the point .The govt cannot ignore the lawAlso 51 million did not vote for Brexit,neutral,negative,0.8103528
The next Muhammad Ali 💯💪🏾👊🏾🏆,positive,neutral,0.81033
<USER> <USER> Trump is likely supporting Putin talking on unsecured phone lines bc Trump's tied to Russia #DworkinReport,neutral,negative,0.80985713
Russia: Zenit stadium will be finished ‘by the end of this year’ – Putin... via <USER>,positive,neutral,0.8097877
Debating ignorance isn't worth the timeor usefulTRUMP won!Suck it up buttercup!NO GUN CONTROL FOR YOU!<USER> <USER>,neutral,negative,0.80974495
"Obama ""pandered to his green friends on the the #KeystoneXL pipeline. Result: Mr. Trump is inheriting a rebound in natural gas #fracking""",negative,neutral,0.80972904
Why would I want a #Hatchimals if I couldn't keep a #tamagotchi alive? Kids have it easy these days,neutral,negative,0.809041
#hot amature girls naked big tits ashley graham porn,neutral,negative,0.8089145
The Tories are hammering Britain's economy Morning Star Online THE Conservatives' long-term…,negative,neutral,0.8088888
"My dad is watching a David Blaine special and pauses it after evey single trick to yell ""HOW DOES HE DO THAT??!! HOW!!""",positive,neutral,0.8086386
#ScreamQueens People are dropping lie flies as the Green Meanie strikes again! Will Chad Radwell Survive?,neutral,negative,0.8085205
"On a scale of 1-10, I'd give Steve Bannon a 1.5...",negative,neutral,0.80847645
<USER> i have galaxy s7 and its fine...its the galaxy note 7 that blows up lol,neutral,positive,0.8080255
"#Uber Introduced a New Feature to ""Thank"" Your #Driver",neutral,positive,0.80800223
"<USER> <USER> <USER> <USER> Romney or not, rubbing his face in his wordsJust makes for ill feelings.",negative,neutral,0.8078889
"Have an article to write, notes to re-organize & a house to clean, yet all I want to do is read all day. And maybe go see #FantasticBeasts.",positive,neutral,0.807813
Melania short circuiting during a televised speech. #KeepsTrumpUpAtNight,negative,neutral,0.80760396
"Spectator Hotel guests take on the #mannequinchallenge in our lobby. While sipping champagne, naturally.🍾",neutral,positive,0.8075243
Tony Romo auto contest prize out of Huddle,positive,neutral,0.80735916
<USER> <USER> <USER> no one yet talks about #Pizzagate in the open. It'll fall out of the closet from Clinton Foundation,negative,neutral,0.80727255
Listen to #NBAwards Winner <USER> interview on <USER>,positive,neutral,0.8072144
"<USER> <USER> come to my lightning talk ""deep learning with R"" at the next LA R meetup and see",neutral,positive,0.80704904
"When it comes to social security or Medicare, you have to ask yourself WWPRD? What Would Paul Ryan Destroy? #NoHealthcareForYou",negative,neutral,0.80704784
"Ben Carson got the last job on the list, why? Housing ,URBAN DEVELOPMENT, ALL BLACK MEN CAN DO THIS JOB. He will stay out of OUR WAY. 🎺 SAID",negative,neutral,0.8069194
Separating Fact from Fiction - Voter Suppression - the Real Election Rigging <USER>,negative,neutral,0.80678886
"<USER> I am taking notice,of all Democratic Party elected officials, who r not fighting 4 USA as <USER> 2 replace 4 fighters",negative,neutral,0.8063204
Le Pen & right-wingers hail rejection of Renzi's Italy referendum as the 'END' for the EU,neutral,positive,0.8061588
"Very interesting (as received)Interesting...Silent and ""Listen"" are spelled with the same letters.Steve Jobs...",neutral,positive,0.80610025
<USER> Check the Clinton Foundation for contributions to Jill Stein! There's your problem! Hillary still in the game and trying,negative,neutral,0.8059643
"<USER> Fascist Trump chooses a fascistcabinet, it's natural!",negative,neutral,0.8059006
Hatchimals Free on Black Friday and Cyber Monday with a Catch #Hatchimals #BlackFriday #CyberMonday…,positive,neutral,0.8058701
Marked as to-read: My Life by Fidel Castro,neutral,positive,0.8057603
This explains why Trump spoke so passionately about #Autism and why Melania is platforming on anti-bullying.,positive,neutral,0.8056735
<USER> #ThankYouObama for destroying the Democratic party and your legacy within 100 days of you leaving office,negative,neutral,0.8055294
#mannequinchallenge before it was cool,neutral,positive,0.80550617
Ben Carson;One of the reasons comedians will have material for years!,positive,neutral,0.8050454
Why Trump's Appointment of Steve Bannon Has Raised So Many Alarms #news,negative,neutral,0.8047835
Jeep ferrying Castro's ashes broke down and needed to be pushed 😂😂,neutral,negative,0.80474746
<USER> <USER> <USER> <USER> <USER> <USER> <USER> <USER> <USER> <USER> dems should,neutral,positive,0.80466235
"With two touchdown grabs tonight, Michael Roberts ties Lance Moore's 2004 single-season record of 14 receiving touchdowns.",positive,neutral,0.8045998
The #NBAwards Fiction panel is about to begin. #MiamiBookFair2016,positive,neutral,0.8044203
"<USER> Medicare for All, a real jobs program, tuition-free public college, ending the drug war. These are non-negotiable.",neutral,negative,0.8040096
<USER> <USER> he'll never win a ring. DAK WILL NEVER WIN A RING!! Lmaooo NOR WILL TONY ROMO WILL AS WELL!!,negative,neutral,0.8036366
"Teenager Bravely Rejected Abortion After Rape, She Has No Regrets 7 Years Later - #GoogleAlerts",neutral,negative,0.8034865
New photo of Billie & her sister #HappyThanksgiving 🦃 #ScreamQueens #BillieLourd:,positive,neutral,0.8033073
Trump eschews Ivy Leagues in favor of business acumen for cabinet via the <USER> App LOL! Dumbest president ever.,negative,neutral,0.80310327
<USER> <USER> where is the FBI on this and why is trump not questioned on his participation w/ Cuba during an embargo?,negative,neutral,0.80309033
<USER> <USER> I don't know costs associated with security of a Pres. I do know 8 yrs of Obama admin has taken a huge toll on America.,neutral,negative,0.8030204
A French photographer has #3Dprinted a camera lens and maintained the quality of his photos - <USER>,positive,neutral,0.80280465
When we start having sex with robots would it be ok (legally) for them to have a likeness of someone we yearn for?,neutral,negative,0.8026655
Bob Dylan sings Just Like A Woman live at the Concert for Bangladesh in 1971 -,neutral,positive,0.802587
Thx 4 Folow'ng <USER> This from #Jerusalem - a #contemporary take on prayer beads #art #culture…,positive,neutral,0.8024019
Only nasty women and bad hombres would share this very unflattering picture of our Furhur. Be one of those.,neutral,negative,0.80239177
<USER> <USER> says best in nation. He's turning in his Grayson Allen fan club card. #GoHeels #MauiInvitational #BilasIsADookie,neutral,positive,0.8023814
.. Kim Fatty The Third. #KimFattyTheThird.. #America is keeping an eye on you. and #KimFattyTheSecond. and #KimFattyTheFirst.,negative,neutral,0.80228275
"<USER> <USER> <USER> Great, so how far will you comply? Just squeeze a little more gun control?Ban angled foregrips, fudd?",negative,positive,0.80174595
Israel's New Racism: Persecution of African Migrants in Holy Land #gaza #palestine #israel #BDS,negative,neutral,0.80147785
"CPU vs GPU for deep learning. This article has a defensive tone to it, but interesting.",neutral,positive,0.80130416
<USER> ur money goes to animal testing Get Over It and buy other things,negative,neutral,0.8012147
Micro robots a les #nitslúdiques,neutral,negative,0.8008491
"<USER> <USER> That's not what Hillary, Reid, Pelosi and rest of democrats said back then! REMEMBER?",negative,neutral,0.80080616
Meanwhile they voted #Hezbollah into office. So WTF is the difference?#Lebanon,negative,neutral,0.80073684
"#GilmoreGirlsTop4 Christiane Amanpour, Sophie Bloom/Carole King, Madeleine Albright, Barbara Boxer",positive,neutral,0.80044776
<USER> Excellent idea! Maybe the electoral college will change the outcome of the election! They have a constitutional right to do it!,positive,neutral,0.80029744
#Spurs #GoSpursGo Tim Duncan 1999 Finest Dunk Masters REFRACTOR #DM14 PSA 9 MINT #d /150 Spurs #TimDuncan #NBA,neutral,positive,0.800216
<USER> 1these would not have the sole reasons 2not being a globalist interventionalist is not ugly (re putin),neutral,negative,0.8001421
On sustainable goals... more countries are making pledges to drop the use of fossil fuels and…,positive,neutral,0.8001301
Syrian army advances on Aleppo airport,neutral,positive,0.79980814
Breaking news: Kim Jong Un has been arrested by his military.,neutral,negative,0.79962623
Leonard Cohen albums sell fast in Montreal,positive,neutral,0.79917985
<USER> <USER> I've been Trump supporter from beginning but he starts flopping & we will have civil unrest. #draintheswamp,negative,neutral,0.7991087
"<USER> <USER> Judge a tree by its fruit. Swamp filled with ""say 1 thing & do another "" & a bipartisan issue. Must #DrainTheSwamp",negative,neutral,0.79891366
"<USER> <USER> and they are howling he is picking ""other millionaires""-apparently was not a problem with Obama's admin...",neutral,negative,0.7986634
#JackAssWilly's Options to go into hiding are running out | via <USER> | <URL> |,negative,neutral,0.79859644
"<USER> <USER> speeds in an alley near Bay / queens quay, almost hits me, then driver gives me a finger #greatservice #uber",negative,neutral,0.7985134
Images: Messi at an Adidas event #fcblive [sport],neutral,positive,0.79845136
Messi's 100 international goals for Barcelona #fcblive [via <USER>,positive,neutral,0.7983411
Cristiano Ronaldo Vs Zlatan Ibrahimovic ● Battle For Best Goals 2015 ||HD||: Best goals…,neutral,positive,0.79830575
"As Soon As Mike Pence Posted This Photo, We Knew There Was Something Terribly Wrong. Do You See It?",negative,neutral,0.7981731
"""#Samsung starts rolling out its first firmware update for the #Galaxy Note 7"" #tech #android #mobile",neutral,positive,0.79813516
Some transition thoughts: Trump's NASA looks good for human space exploration and terrible for Earth science <USER>,positive,negative,0.7981275
<USER> white supremacists get so emotional that they call for the 2nd holocaust.,negative,neutral,0.79811496
▓ ♡ ▓ #Deutsch ▓ ♡ ▓ BUCH <3 TIPP ▓ ♡ ▓ #German ▓ ♡ ▓ SEASON OF DESIRE - <USER> Momente des...,positive,neutral,0.79802984
"So, if that were Grayson Allen on the floor he would've tripped someone lol!",positive,neutral,0.7978186
"Message to #Poroshenko: women who lost her child, husband from Ukrainian shelling #ukraine #war",neutral,negative,0.7975807
When Trump jeopardizes their social security and Medicare payments imma laugh.,negative,neutral,0.797475
Bill Clinton reacts to Melania Trump’s bullying speech,negative,neutral,0.7974001
"After this medical marijuana card, nothing has been the same.",neutral,negative,0.79722404
"I can't wait to kick 22 million off of Obamacare, voucherize Medicare & destroy Medicaid & the states with a block…",negative,positive,0.79719734
"<USER> So, Park's friend Choi forced people/corporations to put millions in her foundation to get rich. Did she use Clinton Foundation model?",neutral,negative,0.7971751
<USER> <USER> <USER> <USER> <USER> <USER> <USER> Watch Melo put that giant tattooed COCK in ya asses tmr.,negative,neutral,0.797022
<USER> <USER> *Neo-Nazi's. Richard Spencer is the founder of the alt-right as defined by breitbart btw...in case you care.,negative,neutral,0.7969959
Boston is the next major city to see self-driving cars (via <USER>,positive,neutral,0.79687965
IVANKA PLAYING FLOTUS? --Pres.-Elect Drumpf: Ivanka Drumpf Will Move Into White House ‘To Fill Melania’s Vacancy’,neutral,negative,0.796604
Years of research cuts: China is ahead of the US in #machinelearning #deeplearning #ArtificialIntelligence via <USER>,positive,neutral,0.7965544
#native american sex pictures download porn mp4 anal fissure homeopathy,neutral,negative,0.79651064
"<USER> <USER> <USER> I am sure she does when every Tom, Dick and illegal get a voter registration w/their DL in CA!.",negative,neutral,0.796285
1980 Dont get in a stranger's car.1998 Dont meet someone from the Internet. 2016 Use internet to meet people whos…,neutral,negative,0.7962495
"Lines you didn't expect to write: ""Steven Seagal signed his passport in front of Vladimir Putin at the Kremlin."" 2016 has been mad.",negative,neutral,0.79600894
The truth is out there: there is a wall on the US Mexico border. #truthBlog,negative,neutral,0.7959542
"<USER> <USER> <USER> If you lower your minimum wage to $1 or are prepared to pay $3000 for an iphone, sure",negative,neutral,0.7958631
"If you look at the one thing that conservatives #value, that liberals do not, it is truth.",negative,neutral,0.7958354
169 Members of Congress Issue DEMAND That Trump IMMEDIATELY Dismiss Steve Bannon (DETAILS) via <USER> Report,negative,neutral,0.7956834
guess whom <USER> is obsessed with right now😊🙏🏼❤️️#AshleyGraham #plussizefashion,positive,neutral,0.7954776
With whom u can ralate to with this emoji 💪?? #3YearsofMidnightMemories #MPN #OneDirection AMÉM LIAM PAYNE,positive,neutral,0.7954473
<USER> <USER> <USER> <USER> WE WANT <USER> FOR THE SOUNDTRACK ! #BeautyAndTheBeast #disney,positive,neutral,0.7952517
#Spurs #GoSpursGo 1997 SP Authentic #128 Tim Duncan RC Rookie BGS 9.5 #TimDuncan #NBA,positive,neutral,0.7951581
Bioethicist Dr. Margaret Somerville makes a blunt #prolife prediction about state-sanctioned #euthanasia. And she's…,negative,neutral,0.7950912
Time for art while watching David Blaine's show,positive,neutral,0.7949586
.<USER> <USER> <USER> Adored your play. Concur with views. Believe you owe Pence recompense:,positive,neutral,0.7948849
Really hope there's one person who appreciates this gold standard metal band pun.,neutral,positive,0.7948322
"MRC/YouGov Poll: Most Voters Saw, Rejected News #MediaBias<URL> #msm #tcot #uniteblue #maga #msmbias #p2 #liberalmedia",neutral,negative,0.79482263
me: DAD LOOK THERES A TRUMP PROTEST IN THE STREETS LETS GOhim: no that's just the asu band,negative,neutral,0.7947337
"Been""growing""for tens of years.Look around,see the areas blighted by mass immigration.Blighted for ALL .Oh btw I AM…",negative,positive,0.79455817
I bought a guy a Valentines Day gift once and that was really traumatic for me so I try my best to be single on gift giving holidays.,neutral,positive,0.7944587
"Just imagine, this is where kids play. Toxic fumes galore. #MosulOffensive #ChildrenFirst #Iraq via <USER>",negative,neutral,0.79441637
<USER> <USER> Suspect all those blocking euthanasia debate in Parl. also. No representation of our lives by them.,neutral,negative,0.79426384
<USER> the only thing he's disloyal to are the white supremacists in the whitehouse!,negative,neutral,0.794246
"<USER> I know. This, TPP, expanded wars and drone strikes, mass surveillance, on and on...",negative,neutral,0.7942209
Don't have 2watch a videothat a #RWNJ #Trumpet iswanting me 2 watch 2 verify #HillaryClinton looks tired.Ok-obviously she is. #StillWithHer,neutral,negative,0.7941338
"Australia & Norway played fast & lose w/taxpayer $$ donated to Clinton Foundation. 👎🏼Pay 2 play arms deals, perhaps?",negative,neutral,0.7940562
#Uber #rolls out new #features in its #rider and #driver #app,positive,neutral,0.7938301
I want to talk shit poetically like Muhammad Ali did. That shit is lit.,neutral,negative,0.7938109
inch NET [russian #NO] President SAAKASHVILI <USER> attacked by <USER> LOST 2 provinces said #YES to <USER> i…,neutral,negative,0.79362506
#Russia 'brainwashing' Europeans says Lithuanian FM <USER> video:,negative,neutral,0.7936136
"#Mosuloffensive: More than 68,000 Iraqis displaced since October, says #UnitedNations<URL>",negative,neutral,0.79353833
Mind fucked!#BreakingBad #TheWalkingDead#BB #TWD,neutral,negative,0.79351205
"Emily, Paris, Kirk, and TJ.#GilmoreGirlsTop4 #SookietheInvisible5th #teamLOGAN (Yes, I know, an unpopular opinion)",positive,neutral,0.7933333
Watch <USER> accept the #NBAwards for Young People's Literatuer on <USER>,positive,neutral,0.79329777
The talent pool is slim for #Filmmaking in #Hollywood. Too many re-makes #BeautyAndTheBeast and #MaryPoppins,negative,neutral,0.79320693
<USER> I'm sure there is also big similarities between Verlander throwing and Serena Williams throwing.,neutral,positive,0.79300916
"What more can I give? Michael Jackson, Celine Dion, Julio Iglesias, Ricky Martin, Mariah Carey, Shakira......",neutral,positive,0.79294145
Game day! The road trip continues at 8:00 on <USER> and <USER> as we face the <USER>,positive,neutral,0.79276747
🎶 Browse this site for more information on Dallas 3D Printing. This...,positive,neutral,0.792728
Say It Loud: Two New Books Look Back at #BlackPower from the age of #Trump and #BlackLivesMatter<URL>,positive,neutral,0.7926247
"First Thanksgiving, Christmas, New Years, Valentines Day and Birthday without my Dad 😪!",negative,positive,0.79252577
"40billion:Hand-painted, 3D-printed toys reimagine Frida Kahlo in the style of Picasso, Munch, Monet, and more: …",positive,neutral,0.7924564
<USER> Legal terminology for opposing gay marriage? Homo MatrimOHNO,negative,neutral,0.79237187
#Syria #Palestine - Calling All Believers ᴴᴰ ┇ Powerful Speech ┇ The Da... via <USER>,positive,neutral,0.79161775
"#IOM #Iraq: 1Month into #Mosul Military Operations, over 68,000 Iraqis #displaced from Mosul + adjacent districts…",negative,neutral,0.7915891
"BREAKINGTRUMP'S CAMPAIGN AWARE OF VOTER'S SUPPRESSION, MAKE THIS TREND<URL>",negative,neutral,0.791382
Hilfiger defends 'beautiful' Melania Trump you mean illegal immigrant? The speech stealer?,negative,neutral,0.7910599
<USER> <USER> <USER> “Kim Fatty the Third” will have to go on a diet.,negative,neutral,0.79100865
China websites blocks searches for “Fatty Kim the Third.” Many in China uae the the term to describe rotund North Korean leader Kim Jong Un.,negative,neutral,0.7907934
"#FantasticBeasts, <USER> <USER> <USER> <USER> and many more #Winnipeg bestsellers!…",positive,neutral,0.7905501
Postcard stamps can add value.,positive,neutral,0.7901821
"<USER> But for Comey, Clinton likely would have won; but for Clinton being too arrogant to realize how vulnerable she was, she'd have won",negative,neutral,0.79013765
<USER> Can we make a petition to abolish the electoral college if they don't go for the candidate with over 2.5 mill more popular vote,negative,neutral,0.78993714
#Uber should try to solve their glitches with #BRTA restrictions and try ASAP for Uber availability in #Dhaka.,negative,neutral,0.7898934
Kate Upton Can't Stop Complaining About The Cy Young Vote #sports,neutral,negative,0.78987384
"Mass immigration to Britain has changed it beyond recognition and turned communities into ghettos, reveals damning …",negative,neutral,0.7896652
"As Standing Rock Protests Turn Bloodier, Trump Stands To Cash In On Dakota Pipeline #NotMyPresident #BoycottTrump",negative,neutral,0.78961796
"TIL there have been no beehive losses in Cuba. Unable to import pesticides due to the embargo, the island... #Reddit",neutral,negative,0.7891178
Harry Drag Me Down High Note <3#MPN #OneDirection,positive,neutral,0.78905994
2. Yes ..crime can never be justified but if you are going to give death penalty to kidnappers why not corrupt politicians/looters?,neutral,negative,0.7890143
I want to like Maluma but he has only convinced on his song with Ricky Martin & rest w him as a underwhelming counter to great stars,neutral,positive,0.78890586
UN Eliminating Violence Against Women World Orange Day #itfseq #itftkd #tkd #martailarts #brisbane #safe #safety…,neutral,negative,0.78882724
<USER> I thought (and I could be wrong) the ppl in the background of pic were protesting drone strikes ... O_o <USER> <USER>,neutral,negative,0.7883946
#ScreamQueens Cassidy & Ingrid team up. | ... via <USER> <USER>,positive,neutral,0.7881211
Want to drive #Uber? Use my code when you sign up! DJQVU,positive,neutral,0.7881021
<USER> creativity doesn't exist which is why the same movies/tv shows keep getting made. Wait til Zac Efron plays John McClain.,neutral,negative,0.78809965
"Between #Westworld, #GameOfThrones , and #TheNightOf, #HBO is going to clean up at the Emmys in 2017",positive,neutral,0.7876681
#is sex important in marriage free gay picture sex teen,neutral,negative,0.787498
"Hashtag Activism and Why #BlackLivesMatter In (and To) the Classroom by Prudence Cumberbatch Nicole Trujillo-Pagán,",neutral,negative,0.787464
<USER> <USER> <USER> Don:Please have the Conway girl send this to all the deplorables that voted for the 2016 scam,negative,neutral,0.7874612
"Completed watching Persona 5 the Animation: The Day Breakers, 9/10",positive,neutral,0.7874346
"Wizarding Week in Review, click the link for more! #simplypotter #harrypotter…",positive,neutral,0.7873684
Dear president electArd you going to be a puppet of Paul RyansAnd help him privatize medicare...and or cut social security,negative,neutral,0.7873313
Is this the biggest cock-up in the history of homeopathy?<URL> via <USER>,neutral,negative,0.78682846
A Very Scientific Analysis Of Melania Trump's 'Plagiarised' Speech,neutral,negative,0.7867347
"Other than Lorelai and Rory, #GilmoreGirlsTop4 characters are: 4.Sookie 3.Kirk 2.Jess",positive,neutral,0.7866493
Dalai Lama and Pope Francis said it is wrong to identify Islam with violence/terrorism coz no religion can be relate with violence/terrorism,neutral,negative,0.7866195
"Marine Le Pen, Fr. National Front, welcomed Italian referendum result, congratulating “our friend” Salvini who shares her Eurosceptic stance",neutral,positive,0.7866046
"<USER> <USER> I'll look for it next time I'm in Myer! The animal testing thing shits me up the wall. Just say no to China, FFS.",negative,neutral,0.7865389
Should people with anti-abortion views be allowed to participate in the Northern Ireland Human Rights Festival?,neutral,negative,0.78628874
Jammin out to Ricky Martin - livin la Vida Loca #NP on <USER> Now hiring!,positive,neutral,0.7860499
We cannot afford to ignore the conflict in #Yemen #protecthumanity #stopindifference,neutral,negative,0.7858348
ha david blaine? more like david plain,negative,neutral,0.7857803
See <USER> sexiest fashion looks:,neutral,positive,0.78572696
We are fleeing your bombs. #migrants #paris #falseflag #syria #StopBombingSyria #libya,negative,neutral,0.78565764
Three years of Midnight Memories? My mind is blown and my heart hurts. #favoritealbum #onedirection #timeflies…,neutral,positive,0.7855793
House Oversight Committee: Obama Admin Withheld ObamaCare Docs Related to Expanded Subsidies #TeaParty #tcot #PJNET,neutral,negative,0.78552085
The World Reacts to Fidel Castro's Death like there were a lot of very sad people there.,neutral,negative,0.78546864
Reading Marine Le Pen tweet you would think that Forza Italia was the big winner #italyreferendumIf elections Forza would be annihilated,neutral,positive,0.78511316
Thinking about doing a live feed of Google Earth VR this weekend. Talk about my travels a bit and awesome places to go. Thoughts?,neutral,positive,0.7850685
<USER> <USER> <USER> <USER> I can't wait for fracking in nys finally have energy independence,neutral,positive,0.7848454
"Yes, prudently invested contributions to the Social Security fund ma... #DanielInouye #citation",positive,neutral,0.7847396
<USER> <USER> <USER> <USER> no the fsb decided to give by dr credibility the total frauds,negative,neutral,0.7846572
<USER> are you hoping for a Marine Le Pen win?,neutral,positive,0.7843582
#Spurs #GoSpursGo SAN ANTONIO SPURS #Card LOT TIM DUNCAN DAVID ROBINSON MANU GINOBILI AVERY JOHNSON #TimDuncan #NBA,positive,neutral,0.7842673
Image: Messi has been voted as the Champions League player of the week #fcblive [uefa],neutral,positive,0.78364164
Ashley Graham et Iskra Lawrence c'est goal,neutral,positive,0.78342694
"If You Want Gun Control So Bad, Why Don't You Just Move to the South Side of Chicago? ->",neutral,negative,0.783296
Birds defeat Tipp in their home opener 38-28. #1-0 🏀,positive,neutral,0.7831232
"Sodastream:.How to profit from Occupation, Oppression, Apartheid #gaza #palestine #israel #BDS",neutral,negative,0.7831203
"Nobody woulda payed attention to Jim Brown or Muhammad Ali if they were Sub-par in their sports careers...Sad, but True.",negative,neutral,0.78304774
Hillary Clinton is wishing Wisconsin were a Clinton Foundation donor- a foreign state that would serve her on silver platter #RecounttheVote,negative,neutral,0.78299564
"Have you watched the trailer of #BeautyAndTheBeast yet?If you didn't, watch it right now.<USER>",positive,neutral,0.7829858
The Benefits of Vegetarianism via <USER>,positive,neutral,0.7827579
"Check out Michael Moore humor and political satire, STUPID WHITE MEN 1st edition hardcover via <USER>",neutral,negative,0.7826351
<USER> <USER> <USER> <USER> Let robots be #Robots!,neutral,negative,0.7826333
<USER> Longer term prediction re this: self-driving cars => lower car ownershipelectric cars => swappable parts => easier repairs,positive,neutral,0.7825461
<USER> I have brought this up etc. And Reid demanded info from Comey but he was too busy helping Trump,negative,neutral,0.7824983
<USER> I guess you need a reading lesson Charlie,negative,neutral,0.7824092
*multiple crash zooms into Bigfoot's cock as Leonard Cohen's Hallelujah plays*That's the whole screenplay so far,neutral,negative,0.7823122
Got to give him credit. <USER> The combined creepiness of euphemism and euthanasia makes this potentially his signature word.,negative,neutral,0.7822943
📊 Champions League Group Stage: Group C so far. #UCL #FCBlive,neutral,positive,0.7821931
.<USER> Michelle must love to hear about your adventures with gay teens! #GOPHypocrite #GodsNotSavingYourCareer #UniteBlue,neutral,positive,0.78207064
<USER> what gets me is they are critical of Fidel..but are ok with the effect the U.S. embargo on Cuba has has on the Cuban ppl,negative,neutral,0.78197896
"Remember, it always comes in three's ... Florence Henderson, Fidel Castro and the next will be .......Cross your fi…",negative,neutral,0.78195554
<USER> Unbelievable Many seniors can barely survive on social security & now he wants 2 raise their premiums <USER> is an ass,negative,positive,0.78149474
"<USER> tried to drink, but just allergies so I sat there congested and bored watching David Blaine",negative,neutral,0.78142405
<USER> <USER> <USER> Obama got Nobel Prize for PEACE. And he's supposed to have authorised more drone strikes than Bush+,negative,neutral,0.7814199
"<USER> Several parallels with Brexit in UK, which was led by far-right-wing Conservatives, who fooled working classes to support them",negative,neutral,0.78125066
And in another top breaking story: hell has just frozen over...,neutral,negative,0.7811773
"After Mosul, Iraq’s #Kurds face internal crisis via <USER> <USER> #TwitterKurds #MosulOffensive #KRG #Iraq",negative,neutral,0.7809743
#Iraq #MosulOffensive #SVBIEDShiite terrorists at Tal Afar airport record a vehicle bomb attack by a Daesh terrori…,neutral,negative,0.78093815
POWERFUL #AUDIO #TEACHINGS = #ConservativeReview #MarkLevin #CommonCore #Immigration #Conservatism #DanielHorowitz,neutral,positive,0.7808037
"All plots to kill Hitler came from Rightists: von Stauffenberg, Rommel...",neutral,negative,0.7806875
#FFRNN #CLASSROOM GUEST LECTURER Neil Cavuto; Apple vs. Government (A Company that Cares vs #Obamacare) #uniteblue,negative,neutral,0.78064615
<USER> <USER> <USER> <USER> <USER> The NeoFascist Conservatives all cling to the fact that...,negative,neutral,0.78047925
Big tit redhead Ashley Graham gets a sensual massage and fuck,neutral,negative,0.7802397
UK government rejects MPs' criticism of #Libya intervention,neutral,negative,0.7799695
Trump's potential cabinet pick suggests a vetting process for immigrants nobody in Trump campaign would pass.…,negative,neutral,0.77985775
All I did was part a pic of Melania trump on Facebook and they signed me out and removed the picture! Bastards. Just her nude photo. NP!,negative,neutral,0.7796446
"Medicare, people. Don't mess with the olds. Mobilize them.",positive,negative,0.7792146
#thewalkingdead 😍 sweet dreams,neutral,positive,0.77918047
Lover Lover Lover by Leonard Cohen is totally about being a trans girl like come on it's not even subtle,negative,positive,0.7791578
"<USER> It seems like it, I know. #usa #racism #BlackLivesMatter #racematters #Equality #foundingfathers…",neutral,negative,0.7790573
#NeverRomey Come on Trump Transition Romney fought to defeat Trump Put this snake under his rock#NeverRomey,negative,neutral,0.77904946
<USER> the Rugby Leaders also had a go at the #MannequinChallenge,positive,neutral,0.7789478
I'm definitely too dumb for Westworld lol,neutral,negative,0.7786057
OPINION : Cuba performed a miracle by maintaining sovereigntyFidel Castro’s life prompts us to ask afresh some...,positive,neutral,0.7785841
"If CNN liberals said that math is racist, this algorithm must be the soul of KKK. LOL.",neutral,negative,0.7782954
for the next video im gonna need some help from you guys.so...please tweet me some questions regarding animal rights and vegetarianism!,positive,neutral,0.77807933
"FYI <USER> <USER> <USER> ""DrainTheSwampAlert""! #NeverRomney sums it up for me.…",negative,positive,0.77805895
"<USER> <USER> <USER> <USER> <USER> <USER> <USER> Ur ignorance have caused destructions in #Libya, #Iraq",negative,neutral,0.77790594
<USER> Rudys security company clients are bad hombres but biz is biz! Probably Wouldn't get confirmed! 😪,negative,neutral,0.7775682
"<USER> <USER> <USER> Completely irrelevant, FBI Comey the Hatch act, Antony Wiener's laptop- relevant, but not to electoral college",negative,neutral,0.77754027
<USER> <USER> <USER> <USER> riiiight... because all those anti-Trump riots are his supporters.,neutral,negative,0.77734125
I'd love your thoughts on this!,neutral,positive,0.7773136
<USER> Dont be a paul ryan puppetNO....TO PRIVATIZING MEDICARE,negative,neutral,0.77715707
Glory was built for a gospel singer to chew up and spit out. Cite: Yolanda Adams 2016 #LoveAndHappiness #ThankYouObama,positive,neutral,0.77703506
"I like James Brown, Little Richard , Ben Carson - but not this- African culture for everyone via <USER>",positive,neutral,0.7769868
friggin like it's really about indie transforming robots,neutral,negative,0.77697057
.<USER> <USER> Did you speak out against pay for play Clinton Foundation scandals? I'm guessing Cruz did bc it actually happened,negative,neutral,0.77696806
"<USER> MAC is perfect, but no longer animal-testing free 😿I'm on a constant search for a Lady Danger dupe that feels as good...",neutral,positive,0.77694404
<USER> <USER> <USER> <USER> <USER> <USER> I hate pope Francis pope John Paul II was awesome,neutral,positive,0.7768412
One Of Us Cannot Be Wrong | Leonard Cohen,neutral,negative,0.776337
Putin: Saakashvili's appointment as Odessa Governor was 'insult' to Ukrainians,negative,neutral,0.7762591
Retweeted Agenda Of Evil 🐸 (<USER>):#Obama DOJ Fines Police Department $10K for Refusing to Hire...,negative,neutral,0.7759416
<USER> <USER> the deplorables hate CNN.,neutral,negative,0.7757055
Why has the DOJ sided with Law Breakers? Oh Yeah L.Lynch is HRC's Pet.18 USC § 2101-2 BROKEN,negative,neutral,0.77562034
<USER> <USER> <USER> SD selling weapons to countries that that donated to the Clinton Foundation? #CORRUPTION,negative,neutral,0.7755622
Markets have learned their lessons from Brexit and Trump and are keeping it cool,neutral,positive,0.7754347
<USER> <USER> idk I find hiding in the woods & walking dogs v inspiring & relatable guys #StillWithHer,positive,neutral,0.77540046
"IFC signed agreement with Bank of #Palestine to scale up lending operations to smaller firms, especially women-owne…",positive,neutral,0.7753972
Where's <USER> #hamas is a terrorist group! <USER> <USER> <USER> <USER> <USER>,negative,neutral,0.77519184
NO ONE SAW THAT HAPPENING 😍 <USER> #OneDirection,positive,neutral,0.77500474
"At United, there are great traditions, which you can't buy in o... #CristianoRonaldo #citations",neutral,positive,0.7749806
NBA star LeBron James giving $2.5 million to Muhammad Ali exhibit :Auto pickup by wikyou,positive,neutral,0.774878
Zac Efron & Seth Rogen Flex Their Muscles In Short Shorts — 'Neighbors 2' Pic #ZacEfron #ZacEfron,positive,neutral,0.7744579
sakit cen wong iki #ABCGO — watching David Blaine: Beyond Magic,positive,neutral,0.77421427
"<USER> After the privatize medicare, SS cut medicaid and roll back workers, women, POC, environmental protection and taxes. Also war",negative,neutral,0.7741526
"<USER> The GRIT that defeated Nazi war machine in Russia,in winter, is something to be feared, BUT same humans throw away women&orphans",neutral,negative,0.77413726
<USER> <USER> <USER> Lets start local clapouts to support #NationalClapOut for #obama on January 19. #ThankYouObama <USER> #WhiteHouse,positive,neutral,0.7737158
"The Dogon Speak on Being Happy, Diet and Vegetarianism",neutral,positive,0.7733979
<USER> watching CNN for shits&gigs..they're now calling Trump supporters Alt-rightists& comparing us to Nazi's😂😂😂,negative,neutral,0.77301854
"#Tesla Model S drop top, spotted by my buddy in LA <USER>",positive,neutral,0.7726206
"<USER> you have California drivers licenses for illegals, and you have California motor voter registration and voting. COUNT THEM.",negative,neutral,0.7724277
<USER> <USER> Is this an anti-abortion awareness experiment? Correct me if I'm wrong...,neutral,negative,0.7720885
"<USER> <USER> I'd also rather not use fossil fuels, cause, you know, they'll eventually run out.",neutral,negative,0.7720772
#Japan plans to #build the fastest #deeplearning #supercomputer,positive,neutral,0.7720431
"I kinda like the thought of Verlander in St. Louis. Wouldn't command as much as Sale, Cy Young candidate, filthy stuff, lots of Kate Upton.",positive,negative,0.7719736
How to be fierce with zac efron #part6 (THANK YOU <USER> !) (Vine by <USER>,neutral,positive,0.77179265
Having #carers on zero-hours contracts is not going to help the #caresector #healthcare #socialcare,neutral,negative,0.7717573
"With the levels of crazy, incompetence and incompatibility in Trump's cabinet, is there a chance the wheels will fall off immediately?",negative,neutral,0.7717252
Hey <USER> I want <USER> to record the theme song... Once again #beautyandthebeast cc <USER>,positive,neutral,0.7716633
"As Trump's busy assembling his cabinet, HRC & Stein are hoping against all odds on a #recount in 3 states. Good luck w/ that. #RECOUNT2016",neutral,positive,0.7715715
<USER> Why can't the ideologue for Black folks be the maximize our voting block by funding voter registration & getting out the vote,neutral,negative,0.77151334
<USER> most DT supporters are angry at the the few White Supremacists who have high jacked the movement.,negative,neutral,0.7714684
"New Galaxy S8 Leaks, Challenging Google's Perfect Pixel.#Apps #SoLoMo<URL>",neutral,positive,0.77133757
Japan and Russia tensions set to IMPLODE as Putin deploys missiles on Japanese islands,neutral,negative,0.77114844
"<USER> Nah, she's cool. Repeal won't kick in before summer, when she's old enough for Medicare. Oh, wait...",neutral,positive,0.7707195
"#AlAsed #Russia #Iran & #Hezbollah destroy #Halab, didn't move 1 helicopter 2 rescue people,when burnt #Israel rose…",neutral,negative,0.770684
"“affirmatively furthering” mandate indicates history of active govt intervention requires active govt remedy, too.",neutral,negative,0.7706621
".ANIMAL TESTING, the grim harvest the tourist board doesn't tell you about #CambridgeKillers",negative,neutral,0.7706014
"New Vice President Mike Pence supported 'gay cure' [electro-torture], and other terrifying beliefs",negative,neutral,0.77017766
Sorry Grayson Allen there is a new sheriff in the acc and his name is Joel Berry.,neutral,negative,0.7701608
"<USER> <USER> PLEASE! #AuditTheElection ALSO force Trump to release his taxes, that would disqualify him from Presidency!!",negative,neutral,0.77009976
#TheScreamingStarted when deplorables noticed the swamp had grown deeper.,negative,neutral,0.77000165
"Vegetarianism and veganism aren't just about the killing/torture of animals, it's also a political protest statement on efficiency",neutral,negative,0.7699802
"<USER> planning on ripping apart Medicare and Medicaid, they said they were going to do it without you, really!!",negative,neutral,0.7699159
People are calling him Kim Fatty The Third?,neutral,negative,0.7698692
"<USER> <USER> I pretty much got it now while I have the money so I won't have to worry when Persona 5 comes out lol, I'm pathetic",neutral,negative,0.76986283
"A couple of bad hombres. #CousinLovin @ East Hampton, New York",negative,neutral,0.76982677
Label scan of Bob Dylan's 4th highest charting single Positively 4th Street,positive,neutral,0.7696544
"<USER> even WWII veteran gramps didn't give a damn about gay marriage, if it didn't affect him, it was fine",neutral,negative,0.7692103
<USER> <USER> <USER> Bernie-I-sponsored-one-bill-Sanders? Gary -What-Is-Aleppo-Johnson? Who? Honest.,neutral,positive,0.7691808
Tell him to write an essay about the death penalty too,neutral,negative,0.76906437
"Due to the embargo, Cuba was unable to import pesticides and have had little to no honey bee loss as a result. #CCD",neutral,negative,0.7689937
"Messi: “It's clear that I always like to win, but there are more important things than a win or a loss.” #fcblive",neutral,positive,0.7689072
"SC has a crowd of anti-Trump protestors, but only 2 Trump supporters. #shocking#CharlestonProtests #NotMyPresident",negative,neutral,0.7686374
#Islam expert: Erdogan continues to support #Hamas,neutral,negative,0.7685968
<USER> <USER> Thank goodness for the wisdom of our founding fathers. They never even mention the popular vote.,neutral,positive,0.7685602
"Today's Game Plan for Survival: Opposite Day ""The cast of Hamilton was OUT OF LINE!!""""Everyone Needs to MOVE ON!!""""Bad Hombres!!!!!!!""",negative,neutral,0.7683329
Obama admin did a pretty good job marginizimg him. Snowden is now begging Obama for a pardon,positive,negative,0.768017
WE ARE CRAZY MOFOS ! WE TAKE DOWN ALL HATERS! #ThisIsUs #WeAreDirectioners #directioner #onedirection <USER>,neutral,negative,0.7677239
Succeed in ANY market - even during a recession! #DominatingYourMind #DYM <USER> #NBAwards,positive,neutral,0.7676216
Neymar Jr leads the #UCL for assists - seven so far. We've got plenty more stats where that came from:…,neutral,positive,0.7676013
i read the first line and thought it was from melania's speech,negative,neutral,0.7673225
<USER> <USER> <USER> <USER> <USER> you assume that leftists have integrity! They're Machiavellian!! Ends = means!!,negative,neutral,0.76731145
#TheWalkingDead Favorites <USER> and Greg Nicotero Turn Zombie Appetite Into Upscale Restaurant…,positive,neutral,0.76725936
Thanks for the sickening update #aleppo,negative,positive,0.76719826
tax relief under #PEOTUS. is this what you're fighting liberals? or is it your access to #abortion? #tcot,neutral,negative,0.76718
#ElizabethWarren #TrumpTransitionTeam it can't be said any more succinctly how Trump is staffing his transition...,neutral,negative,0.767146
<USER> lmao Major is an anime robot. Anime characters are rarely associated with race and robots have no race,neutral,negative,0.76688343
Trump has time to tweet about SNL but he doesn't have time to disavow the KKK and Nazi Party of America for backing him,negative,neutral,0.7668677
"Medical marijuana is legal in majority of America, yet veterans get no guidance thanks to VA policy…",negative,neutral,0.76686084
"#NationalFastFoodDay I don't care, I don't really like fast food...",neutral,negative,0.7667818
"<USER> <USER> Yes, because Obamacare and race is the only reason to vote for or against Trump 'sarcasm'.",negative,neutral,0.76668113
<USER> That Sellars favors a man who used consumer fraud to swindle citizens undermines his pretension.,neutral,negative,0.76660746
<USER> & <USER> are so terrific on this show 😁😁 #ScreamQueens,positive,neutral,0.76635027
"12, 4 and 3 to Grayson Allen at the half. Still not 100% but that’s a decent first half.",positive,neutral,0.76633155
#Hatchimals <USER> Why would you give PR to someone taking advantage of the Christmas season. Reprehensible.,negative,neutral,0.7661831
BOOM: Mass immigration has turned some UK towns into ghettos: Bombshell Report,negative,neutral,0.7660342
Unable to import #pesticides due to embargo there were no #beehive losses. Now #Cuba exports valuable organic honey,neutral,negative,0.7660276
"<USER> Belgium legalized infant euthanasia, Thats degenerate",negative,positive,0.7658405
Harlem Salutes Fidel Castro -- Tribute and Farewell From Black Community,neutral,positive,0.7658086
Ricky Martin is going to get me through this drawing,positive,neutral,0.7655137
<USER> trump cabinet is all white,negative,neutral,0.76518196
"Steve Bannon would make a great villain on ""The Walking Dead"".",neutral,positive,0.76517636
But... I dont wanna say goodbye the nations first black president.. 😢😭😭 #ThankYouObama #FLOTUS #Obama #DontGo,neutral,negative,0.7651525
The externalities when Linux Foundation joins #microsoft GNUOpponents of #swpatsVictims of Microsoft's patent extortion campaignTruth,negative,neutral,0.76510525
<USER> <USER> Are you comparing Cuba to China and the ramifications of lifting the embargo to a call with Taiwan? #getaclue,negative,neutral,0.76504415
#Spurs #GoSpursGo 1997-98 #Topps ROOKIE of TIM DUNCAN #115 San Antonio Spurs RC HOF #TimDuncan #NBA,positive,neutral,0.7650013
"Electoral college and ""2 Senators per state"" is a system rigged right in the constitution. Driven by demands of sla…",neutral,negative,0.76480037
#YemenChildren suffer from the US-Saudi aggression against #Yemen #happythanksgiving #JohnKerry,neutral,negative,0.76477224
Deep Learning for Visual Question Answering (VAQ) using KerasA really nice blog post by <USER>,neutral,positive,0.7647475
The latest Journal of #SOCMINT! Thanks to <USER> <USER> #ecommerce #hezbollah,positive,neutral,0.764575
Bostons traffic situation sounds a lot like Kla >> Boston city is getting a bunch of self-driving cars via <USER>,neutral,negative,0.76455283
I know I'm late af but is #5SOS like the new #OneDirection or something,positive,neutral,0.76451784
Kremlin states #Putin Unfazed by #ISIS Threats,neutral,negative,0.76448876
<USER> <USER> this wasn't a bad attempt at trying to prove it or anything,neutral,negative,0.7643266
"One thing we're learning about Trump is that his train of thought rarely runs on a single track, writes Ron Elving",negative,neutral,0.7641587
"Went to see #FantasticBeasts and at one point a character said ""Until then..."" and I immediately thought LATER, WITCHES! <USER> 😂",positive,neutral,0.76412153
<USER> The only consolation to this nightmare is that #NotMyPresident will take you & <USER> down with him.,negative,neutral,0.76381433
"I know this is seen as a football holiday, but really?• <USER> win• <USER> drops 40/11• <USER> w/ 45• <USER> w/ 45",positive,neutral,0.7636874
Indian American makes history by becoming UN Ambassador for the US - selected by Donald #Trump…,positive,neutral,0.7636529
<USER> your statements are becoming as original as Melania Trump's convention speech,negative,neutral,0.7636321
<USER> An article that may interest you re. 3D printing of crystal structures <USER>,positive,neutral,0.76358414
COP22 Marrakech: Women Rising for Climate Justice #EmilyArasim #UnitedNations,neutral,positive,0.7635016
DIANA LET ME BE THE ONE TO LIGHT A FIRE INSIDE THOSE EYES. #onedirection #3YearsofMidnightMemories,positive,neutral,0.7634936
"<USER> that's true... you are working for some people. Aka George Soros. Answer our questions and quit insulting us with jokes, Jill",negative,neutral,0.76342994
perfect pussy clips #vanessa hudgens zac efron naked,neutral,negative,0.7633354
"<USER> what about those private jets, TJ? what about his hypocritical fossil fuels rhetoric, TJ?",negative,neutral,0.76333237
Microsoft Takes Platinum Membership in Linux Foundation,positive,neutral,0.7633035
RT <USER> Maggiano’s Little Italy apologizes after hosting white nationalist dinner complete with Nazi salute,negative,neutral,0.76327395
So-called #FakeNews under attack by #SiliconValley leftists. via <USER>,negative,neutral,0.7632415
"P.S. Y'all could have told me Yolanda Adams ATE ""Glory"" with Common on #ThankYouObama 🙌🏾",positive,neutral,0.76321715
do jews admit alt-rightists into ADL meetings?,negative,neutral,0.763204
#GilmoreGirlsTop4 4. Sookie3. Richard2. Emily1. The Dog Paul Anka,positive,neutral,0.76303566
Quick! Do one of those on-the-street things where you ask random people if we should pull out of TPP and then ask them what it stands for!,negative,neutral,0.7630273
"With the most powerful binoculars, I cannot see Alaska.... #MikheilSaakashvili #aphorism",neutral,positive,0.7629102
4) rick porcello...who took adversity on..and become the al cy young winner,positive,neutral,0.7627561
<USER> Poor Abby. Fidel dead. Maduro will be overthrown. What's a commie lover to do?,neutral,negative,0.7624786
"""Robots"" (2005) is a sensitive movie (B) #ConamaraViews <oh8qpr>",positive,negative,0.7623402
Greece: Adult vaccination in an age of austerity,negative,neutral,0.7622731
Whatthefuck Liam OMG #liampayne #onedirection #hot #sixpack #leeyum #ily #king #lifesaver…,negative,positive,0.7622566
Eliminate #ISIL #ISIS #Daesh in this New FPS!<URL> #gamedev #indiegame #indiedev #YPG #PKK…,neutral,negative,0.762143
"look at that, one year of vegetarianism and i havent dropped deed from a lack of protein!!",positive,negative,0.7621137
"As a fellow fatty, here's why I support Kim Jong-un banning all references to ""Kim Fatty the Third""…",neutral,negative,0.76201296
#BreakingNewslist of the terrorist groups at #Jordan meeting are..#Hamas #katabThawratAlAshreen #AlJaishAlislami #BaathParty & others,negative,neutral,0.7619717
Many large scale companies (such as MAC) that are listed as non CF dont do any animal testing in countries where it's not mandated by law,neutral,negative,0.76164484
"NHMRC releases statement and advice on homeopathy, Australia",neutral,negative,0.7615547
"<USER> she is obviously right. putin does the same with le pen, fpö. afd etc. in europa. you are now the same <USER>",neutral,negative,0.76150197
<USER> <USER> <USER> <USER> <USER> yes I know but Comey should be pressured for further explanation about letter .,negative,neutral,0.76146805
"When Ryan privatizes SS, Medicare, Medicaid, & does away with ACA, what will Trump's base feel about ""change"" then? That's a big one right?!",negative,neutral,0.7614363
"One year on- #Libya 's #UN & #US "" sponsored political agreement"" produced NOTHING but more bloodshed-- It is time to bury that dead horse ?",negative,neutral,0.7613481
"<USER> Remember when Qatar gave $1 million to the Clinton Foundation as a ""birthday present"" for Bill? #TrumpTrain",negative,neutral,0.76125485
Waking up beside UI'm a loaded gun I can't contain this anymoreI'm all yours I got no control No control:),neutral,negative,0.76089495
"<USER> Mitt showed his ""true colors"" to PE Trump/now wants a Cabinet job! What Mitt said caused his own crisis. Loose lips sink ships!",negative,neutral,0.760735
<USER> yo! Hot #uber driver last night 😝 #TurkeyDay 🦃,positive,neutral,0.76054275
#BlackLivesmatter is it any wonder why cops are wary and ready to shoot first. It's not an easy job to protect the…,neutral,negative,0.76042885
#Deplorables = ;-) #RockNRoll !#JoanJett & the #Blackhearts -I #Love #RockNRoll via <USER>,neutral,positive,0.76035947
"Americans NEED TO PUSH AGAINST THIS WHICH ALLOWS ANYONE TO VOTE, INCLUDING ILLEGALS~write your congressman today!<URL>",negative,neutral,0.76010615
"Celebrating romance, remembering Leonard Cohen, & a sci-fi Trump rap: Check out Cy + David's picks for the #DoList",positive,neutral,0.760077
I Told You Who the Army Works For. The Pipe Line Aint Even For a Company Thats In America. TPP Already Going Down Wit Our Military On CALL !,negative,neutral,0.759969
"every time i think about melania's speech i die laughing. HELLO. *airhorns*hello, i am proud to be- HELLO. *airhorns-* HELLO.",negative,positive,0.7595853
.<USER> reports <USER> and <USER> have teamed up to build a library of deep learning algorithms.,positive,neutral,0.7594249
"But why should we be employing medical people from a different country - where are our own medical staff, why...",neutral,negative,0.75916946
"If you condemn Trump’s pick of Steve Bannon, condemn Al Sharpton’s protest on Trump’s inauguration…",negative,neutral,0.75895196
<USER> hahahahahaahhahahaahha bhae i identify with leftists because i dont identify with rightists,negative,neutral,0.7589444
ALARM 🔔🔔ARE RINGING ....BUT IS ANYBODY HEARING THEM !!<URL>,negative,neutral,0.7589067
#isis France Foils ISIS Attack Planned for Next Week: Prosecutor -,neutral,negative,0.7587855
#Facebook gives #Hamas bandit the boot; Shuts their accounts down,negative,neutral,0.7587106
#world #news: Hundreds #flee #wildfires near #Jerusalem -,neutral,negative,0.75850534
"1. Shes a model not a comedian 2. It was political agenda at a music award 3.Melania is the cheap shot, ridicule Tr…",negative,neutral,0.75849956
White supremacists claimed they will make twitter accounts as black people. So I'm not responding to any coon-ish tweets.,neutral,negative,0.75843143
I'm not for the animal cruelty or animal testing tbh,negative,neutral,0.75836754
#UnitedNations African Development Bank : Water at the heart of COP22 and actions on climate ch... Read more:,neutral,positive,0.75824857
<-The Magnificence Of Minka #nsfw #bath #bubble #onedirection,positive,neutral,0.7581131
"RT <USER> So the ""alt-right"" named itself. And we repeated. Time for correction = Neo-Nazis.",negative,neutral,0.7580835
he was struck by how similar parts of Trump's victory speech were to a speech Putin gave... last month,neutral,negative,0.75806534
<USER> <USER> count them for what?? Why don't you worry about voter registration fraud?? That's where the fraud is going on,neutral,negative,0.7577882
"Boss: We've got your last check.Me: ...Boss: Well you keep screaming ""ow-AH-AH-AH-AH"" in the Disturbed voice everytime you give vaccines",neutral,positive,0.75760514
"#ISIS prisoner in #Iraq: ""I regret my actions"":<URL> #refugeecrisis #baghdadi #syria",neutral,negative,0.7575366
Liberals who think Castro was coolLook no further than the Cubans rejoicing in Miami They know Cuba,negative,neutral,0.75745493
<USER> Also gun control which leads to property confiscation & extemporaneousness execution & FEMA camps& extermination #Agenda21,negative,neutral,0.757227
Samsung will be updating Note 5's to the Note 7 Grace UI. Maybe the Galaxy 7 as well!,positive,neutral,0.75719744
"<USER> Yes, but that would ruin the fun ""Dems in disarray"" narrative.",neutral,positive,0.7570173
"Together, we fight to make cosmetics animal cruelty free",neutral,positive,0.75663936
The fourth African-Arab summit in #Equatorial_Guinea emphasizes on its support of the proposed Government in #Libya…,neutral,positive,0.7565653
the amount of times I've said hallo and imitated Melania Trump tonight is at an all time high ahahaha,positive,neutral,0.75648504
"which is why this president deserved to be hers. she carried weight for the clinton admin., weight for the obama admin., and it was her turn",positive,negative,0.75639355
<USER> <USER> <USER> <USER> no trump is pushing to get rid of most those fools hence #draintheswamp,neutral,negative,0.75630426
"<USER> IA was one of the first states to legalize gay marriage.The IA I grew up in was smart,progressive and tolerant. WTH happened?",negative,neutral,0.7561152
<USER> unfortunately that requires a Galaxy Note 7,neutral,negative,0.755708
"❤❤❤Beauty without compromise❤❤❤No talc, no bismuth, no harmful chemicals & no animal testing",positive,negative,0.75569606
"<USER> <USER> <USER> <USER> <USER> ""Liberals"" & conservatives alike ensured l it didn't have a public option..",negative,neutral,0.7555374
I liked a <USER> video from <USER> Anti-Donald Trump Protests and Riots in a Nutshell (VIDEO),neutral,negative,0.75549096
<USER> YOURE SO FULL OF YOURSELF! YOU KNOW U NEVER RECEIVED ANY THREATS FROM TRUMP OR HIS SUPPORTERS! MAYBE TH…,negative,neutral,0.7554217
OPINION: The Anti-#Trump #Riots Are a #SmokeScreen:,neutral,negative,0.75531256
<USER> - Cde Fidel Castro - True Friend Of Africa. Africa remembers your contribution in our struggle. RIP,positive,neutral,0.7552031
"Those classy, tolerant leftists are already back to their old tricks.",negative,positive,0.7549931
<USER> Please sign this poster we're going to give it to #TheWalkingDead fans <3 #CCXP2016,neutral,positive,0.7548499
<USER> <USER> <USER> <USER> Agreed,positive,neutral,0.75475323
Fans Mistake Mark Wright For Zac Efron After He Posts Impressive Throwback Photo #star,neutral,positive,0.7547198
"""A conservative estimate makes the <USER> P100D an 800-hp+ monster"" #superpowers indeed.",positive,negative,0.75447947
<USER> Is part of The Open Society. Bought and paid for by George Soros.They're in deep and favors are due.…,negative,neutral,0.75435925
Woah that is whole lot of STDs for one single woman to have 😳😅 #ScreamQueens,negative,positive,0.7543403
Here is Pakistan's fast bowler <USER> attempting for #MannequinChallenge on sidelines of his training ses…,neutral,negative,0.7542908
"<USER> have you seen the ""fake news"" they say they r <USER> or <USER> or whoever spoofing even their webaddress?",negative,neutral,0.7542871
"<USER> <USER> He has Ben Carson, retard.",negative,neutral,0.7542852
<USER> <USER> <USER> Why? I lived in CT all my life and declared hispanic -voter registration was never a problem.,neutral,negative,0.754215
Obama's latest #BlackLivesMatter recruiting videoWelcome to the Modesto mall...,neutral,negative,0.7541605
The feeling that you really MISS the boys <USER> #OneDirection,neutral,positive,0.7540818
Don't mess with the D!<URL> #Bridgegate #PresidentTrump #MAGA #TrumpTransitionTeam #TrumpsArmy,neutral,negative,0.75403243
No Candy for Valentines Day? No problem! - A food-free holiday - #eczema #Eczema #Allergies,neutral,negative,0.75403017
<USER> <USER> <USER> <USER> Get the pasta fascists and bad hombres outta here,negative,neutral,0.75400394
<USER> <USER> <USER> <USER> have you seen these fake stories attributed to you? ??,negative,neutral,0.75363034
<USER> I have problems w/my muscles wen I take antidepressants n would like to be able to use medical marijuana for it.,neutral,negative,0.7535216
#Putin has had it with #Obama and has decided to throw #America out of #Syria negotiations<URL>,neutral,negative,0.75340027
Tim Duncan still providing leadership for #Spurs #gospursgo,positive,neutral,0.7533626
Our Addiction to Fossil Fuels Will Most Certainly Lead To Our Own Extinction. Maybe Better For The Planet Once We A…,negative,positive,0.753286
That shooting ad about paying attention kinda bothers me. Look at useful GUN CONTROL first before disaffected youth,neutral,negative,0.75324345
"#NationalFastFoodDay Should we be promoting a industry that has led to obesity,high cholesterol?#letsmakeamericaskinnyagain <USER>",negative,neutral,0.7532009
"Never put your money against Cassius Clay, for you will never have a... #MuhammadAli #aphorisms",neutral,negative,0.75303704
"RT <USER> In 2016, just nice:""DC restaurant apologizes after hosting alt-right dinner w/ ‘Sieg Heil salute’ <USER>",negative,positive,0.7530088
Kim Fatty The Third will be pleased to know we've not been banned from nick naming him in the UK.,negative,neutral,0.7530037
Really sounds like <USER> doesn't want this job. Know who did? <USER> It's why I'm #StillwithHer,neutral,negative,0.75265175
An anti-immigration adviser to Trump says he may start construction of a wall on the Mexican border without a congressional approval.,negative,neutral,0.7526179
"<USER> FTR, again I was a democrat for 40 years. That's a long time. So I DO know dems. Alrighty good evening. Take care. Hope ur ok",neutral,positive,0.752583
#UK says 2011 #Libya intervention ‘saved civilian lives’,positive,neutral,0.7524911
"<USER> The people have spoken. 30 states check, Dems flipped and voted for Trump like I did Prof. Latina from Central PA #NeverHer",positive,neutral,0.7521111
"Op-Ed: Obamacare isn't about health care, it's about power via <USER>",negative,neutral,0.7519628
Such a good summary of so many little Brexit Tories; do yo recognise anyone <USER>,neutral,positive,0.7516445
"A milestone in our battle against corporate greed! We can live without fossil fuels, not water #NoDAPL #StandingRock",positive,neutral,0.75156873
Steve Bannon’s First Pick For President - POLITICO // hold on to your seats: it's <USER>,positive,neutral,0.75146383
<USER> <USER> <USER> course they don't...They think Obamacare & Medicaid are the same thing ffs. Low information voters.,negative,neutral,0.7511246
<USER> <USER> that's a lot of conservatives,negative,neutral,0.75102246
"How can alt-rightists/identitarians be white ""supremacists"" if they don't think whites are supreme--the best, the greatest?",negative,positive,0.75080484
Courageous & compelling story telling of terrible trap for civilians #Mosul #Mosuloffensive <USER>,neutral,negative,0.75075275
"<USER> My ""favourite"" conspiracy: contraceptive pill causes genetic damage to kids so vaccines can cause autism. But homeopathy can cure!",negative,positive,0.7507464
<USER> <USER> I believe Medicare is fine as it stands. But would have to read the facts about privatizing this program.,positive,neutral,0.75073093
<USER> yeah took long enough lmfao. The real wait is Persona 5 tho......... did you hear ATLUS delayed it to April now,negative,positive,0.75063854
Ashley Graham is so hot wtf,positive,negative,0.7506356
should medical marijuana/cannabis be legalized essay,neutral,negative,0.7505994
I liked a <USER> video from <USER> Gun Control and Fear Mongering,positive,negative,0.7504455
<USER> What else are we going to get out of Brexit but immigration? Nothing else seems to be on the table any more.,negative,neutral,0.7504348
"So it's ok when Barack Obama drone strikes and intervenes in foreign conflicts, but Trump plans to continue this an…",negative,neutral,0.75037867
I might just need FBI for my new social security number that no one else knows including my own blood.,negative,neutral,0.7502573
"<USER> Can you say ""out of touch"" -- Does ""Mitch"" understand this ""regular person"" is part of the basket of deplorables!",negative,neutral,0.75025654
<USER> I think a lot of what the campaign did wrong/her weaknesses could be argued what made it close. Little doubt Comey pushed it over,neutral,negative,0.750254
<USER> <USER> He violated the Cuba embargo. <USER>,neutral,negative,0.750231
"true <USER> <USER> - so wait let me get this straight, we are joe biden and melania trump memes",neutral,positive,0.7500784
"<USER> So if u are now pro HRC, did you not hear how wikileaks revealed the massive corruption at Clinton Foundation #Recount2016",negative,neutral,0.74993956
Extensive strikes by <USER> in Sirte #Libya in recent days. Tiny # of ISIS militants holding out remarkably vs local fighters/US air power,neutral,negative,0.7495918
My <USER> obsession is reaching <USER> '03 levels. Not in <USER> '99 territory yet. I bought the paperback bio for that,positive,negative,0.7492915
"Trump has tried to illegally invest in Cuba during embargo. Now he wants to make sure he can do it, and Cuba will b…",negative,neutral,0.74926156
"Translation: after ""bad hombres"" TV, it's back to more sanguine political debates.",neutral,negative,0.7492261
Vandalism OK as long as protest #PresidentElectTrump !?!? #DrainTheSwamp #AmericaFirst #maga via <USER>,negative,neutral,0.74912715
ICT serves death penalty to Idris for crimes against humanity,neutral,negative,0.7489484
<USER> Seems like the white supremacists & extreme rightists predominantly Christian candidates are dominating governments globally.,negative,neutral,0.7489462
The RWR x MODIFY Watch Collection is here! Let everyone know it's always time to stay #fresh,positive,neutral,0.74890757
Ethical ingredients and no animal testing play a role too and I'd rather pay more money for morality,neutral,negative,0.7488707
"It's time to denounce fake news!And while we're at it, maybe we can stop referring to Michael Moore movies as documentaries.Sound good?",negative,positive,0.74879396
<USER> UM YOU ARE TALKING AB YOURSELF IM MELANIA TRUMP BEXT TO YOU,negative,neutral,0.74860394
"Residents of Nataf, town near #Jerusalem, evacuated due to blaze; firebombing suspected<URL>",neutral,negative,0.7484992
<USER> <USER> <USER> <USER> <USER> Jill did 0 with RTs re.WKLS on Hillary TPP lie..fears Trump,negative,neutral,0.748365
Taylor Swift and Todrick Hall Celebrate Thanksgiving With an Epic Mannequin Challenge via <USER>,neutral,positive,0.7483609
"Pelosi and Warren met with George Soros last weekend. Now a recount really,Jill Stein how much did Soros pay you to ask for this recount?",negative,neutral,0.7481614
<USER> <USER> I have no argument with fracking never have except in parts of NSW.,neutral,negative,0.7481417
"I come alive in the fall time 😨Coffee and Sniped Photo cred: mom @ Tipp City, Ohio",neutral,positive,0.7480257
<USER> Obama Admin: Historic Trial Lets Activists Who Blocked Oil Train Cite Climate Change in Their Defense,neutral,negative,0.74781144
"<USER> Let’s just say that after the whole #Comey election interference fiasco, I reserve judgement on anything they say. Or don't",neutral,negative,0.74771273
Alt writing: Creating anti-liberal news stories for subversion knowing conservatives will never fact check#notmypresident #UsefulNewVerbs,negative,neutral,0.74763566
<USER> ah ah ah heros??? Are you sure? Do you want to win the best story to next oscar?,neutral,positive,0.7475868
<USER> My boyfriend has to have a cpap but we don't have the money. Medicaid won't cover. What do we do?!,negative,neutral,0.74754864
Leslie Odom Jr. SANG that. #ThankYouObama,positive,neutral,0.74754393
<USER> <USER> Gotta love experts on Putin style.,negative,positive,0.7474446
Barak Obama | highlighting the many broken promises of Obamacare,negative,neutral,0.7473537
Barcelona facing sanctions after supporters sing homophobic slurs towards Cristiano Ronaldo....#starboy#ballondor#no4#galantgalatico,negative,neutral,0.74725085
<USER> Mocking colbert for not being funny or fatty kim the third? Hmmmm,negative,neutral,0.746831
ICYMI: How a legendary Tipp Hill bar helped rebuild a minister's burned-out home,positive,negative,0.746621
"Fine, FINE edge! Can't blame Verlander for challenging #ausvrsa",neutral,negative,0.7459384
You can now fly around Google Earth in virtual reality. #VR #VirtualReality,positive,neutral,0.74573797
"<USER> Yes, responsibility is key. Michael Moore should've known better.",negative,positive,0.7457043
4. Sookie3. Kirk2. Richard1. Luke#GilmoreGirlsTop4,positive,neutral,0.74569285
"That's incorrect I do, no one gets to clock out today.. #TheWalkingDead 😆",neutral,negative,0.74561775
Trump did not win the popular vote. I expect there to be proof to a scientific certainty that our election was tampered with.,negative,neutral,0.7455766
"Cop Killings + Dustin VanLiew, the diff Obama & Trump on energy ind + Norman Anderson is on fire about Trump Admin!<URL>",neutral,negative,0.745494
Paul Ryan is the gold standard for conservatism.... #SeanDuffy #aphorism,positive,neutral,0.7451444
Give the money to the resistance already #standingrock #BlackLivesMatter,neutral,negative,0.7450936
When Beppe Grillo and Marine Le Pen are happy,neutral,positive,0.744706
Prophesized collapse of organized religion in society? We can only hope. They think Francis will be the last Pope. He's a hard act to follow,positive,neutral,0.74470586
#KobeBryant #Cards 2011 Panini Gold Standard Kobe Bryant Rare Auto Lakers Jersey On Card #17/49… #Kobe #Card #Deals,positive,negative,0.74468577
"#YEMENPro-#AQAP #INFOGRAPHIC Claims 13 Belt Forces Vehicles Destroyed (10 Land Cruisers,2 Armored,1 Ford) In & Ar…",negative,neutral,0.7443568
Don't cry now mom #ThisIsUs,neutral,negative,0.74434453
<USER> sad to say I am bradim the Tipp people will love to buy me a pint😄,positive,negative,0.7443411
"Pentagon to stop buying Russian helicopters for Afghanistan, will buy American helicopters instead <USER>",neutral,negative,0.7443319
Had to allow myself one bit of online shopping today since they're only making one run of these Leonard Cohen homag…,positive,neutral,0.74431574
"""Mass immigration has turned British towns into 'ghettos' as bombshell report calls for migrants .."" via <USER>",negative,neutral,0.74424094
It'll be a blue Christmas. #StillWithHer,negative,neutral,0.7440545
"I really like TAG Heuer's ""Dont Crack Under Pressure"" ad by using Muhammad Ali as a reference.",positive,negative,0.74391645
"Florence Henderson, ‘Brady Bunch’ Mom and TV Icon, Dies at 82 (sad)#p2 #TNTweeters #USLatino #UniteBlue…",neutral,negative,0.7438697
"<USER> <USER> <USER> trump is the circus clown sent to distract us. Watch pence, Ryan, and Putin",negative,neutral,0.74372244
"<USER> It's a counter to ""Russians hacked election"" and ""Comey violated Hatch Act."" Defense against covert Electoral College plots.",neutral,negative,0.7433584
<USER> <USER> <USER> <USER> <USER> ummm vaccines have avoided over 700000 deaths since the nineties...,positive,negative,0.7432699
<USER> <USER> don't forget that minimum wage is not meant to be a living wage,neutral,negative,0.7432594
#Trump; 'I can't wait to see your huge erection on the Mexican border' Sessions; *don't make eye contact* 'FFS! I…,negative,positive,0.7431126
WE trust Sarah-need her in Trump cabinet->Sarah Palin Defends Breitbart Against 'the Wrath of the Whiners',neutral,negative,0.74299717
It's so funny watching all the White Supremacists and conspiracy theory nuts attack Mitt Romney.Romney is the only GOP with a spine left.,positive,negative,0.7429086
"In Emerald City, Trump is the wicked witch and his cabinet members are flying monkeys. #notpresidential",negative,neutral,0.74263096
"#Yemen: WikiLeaks on Twitter: ""The #Yemen Files: evidence of the US arming, tra… see more",negative,neutral,0.7426246
I had wanted to add Kim jong un. Should have swapped him with Mussolini,negative,neutral,0.7426219
"<USER> I have yet to find even one patient who benefitted from it. And, Medicare and Medicaid are broke systems. #RepealACA",negative,neutral,0.74261296
"#Syria Update: Lavrov - Rebels Remaining in Eastern #Aleppo City Are ""Terrorists""",neutral,negative,0.74256635
"#Sexy #Beauty Mike and Dave Need Wedding Dates (Blu-ray/#DVD, 2016) Zac Efron & #AnnaKendrick",neutral,positive,0.742531
"#Eurozone BREAKING: Vladimir Putin admits Kim Jong-un is better in every way and would ""love to see... [his] face"" #SydMUN16",positive,negative,0.7424114
i guess ima have to have my mom keep buying me big ass bears for valentines and christmas now since trey's not here.. 😓,negative,neutral,0.7421627
<USER> let's see how many dead dems and illegals voted let's get into it b/c I'm sure #trump got more than current records show,negative,positive,0.7419462
"It was a law placed to overturn the Denton Fracking Ban (tx), that didn't let fracking around schools or where people live",negative,neutral,0.7417469
<USER> Thanks to all that voted to trade their social security and Medicare for an imaginary wall.,neutral,positive,0.7416369
"From #TheWalkingDead, we interview #DanielBonjour! And he wants to #cosplay #deadpool! #costumes #twd #twdfamily",positive,neutral,0.74143785
"<USER> <USER> <USER> I like the idea of 3D printing a trailer for it, some sort of robotic transportation design challenge...",positive,neutral,0.7411552
<USER> <USER> <USER> Point missed totally...after Port Arthur national strategies abt gun control were set up. No changes.,neutral,negative,0.74113446
I'm more worried about how Mike Flynn will get the power to authorise drone strikes on Comet Pizza outlets than this blip in Renzi's career,neutral,negative,0.74096364
<USER> <USER> Let them do it. Deplorables need to feel pain.,negative,neutral,0.7409613
"Cristiano Ronaldo. Man takes no Ls. Biggest rustler in world football, proves haters wrong every game.",neutral,negative,0.74084073
"""We could do a WALL of solar panels on the border> BOOM> Mexican Sun God pays for it."" #TrumpNarratesPlanetEarth",negative,neutral,0.7408278
President-elect Trump’s Transition Team encourages people to send suggestions,neutral,negative,0.7408183
"<USER> <USER> is someone who supports tpp and open borders a ""bad globalist"" #neverromney",negative,neutral,0.7407501
<USER> <USER> hoping our Fellow Robots and chat bots learn some manners and deeper understanding of humans soon.,neutral,positive,0.74065775
#Mannequinchallenge we killed it,neutral,negative,0.7405778
"Forward, backward, Poroshenko",neutral,positive,0.74035627
"*<USER> says to <USER> ""You don't know the HALF of it dude!!..""*",negative,neutral,0.7403158
"<USER> <USER> <USER> UK great Antoine Walker on if his 96' team could stop Bam: ""Ask Tim Duncan about us.""#BBN",neutral,positive,0.74008924
"Kelly Anne Conway is here reporting the wall is a glorious 10 meters high, while Ben Carson counters that 'meters' arent even a real thing",positive,neutral,0.73980314
Calm before the storm... #ThisIsUs,positive,neutral,0.73977214
This bitchy world \ many countries sent their planes to quench the blazes.#israelisburning #Palestine,negative,neutral,0.7397711
For no reason because animal testing doesn't translate to humans anyway,neutral,negative,0.7395629
"<USER> conservatives called me a scammer as an insult , I take it as a compliment ❤️",neutral,negative,0.7395321
Elon Musk Video Reveals How the Self-Driving Tesla Model S Will Avoid Crashes | Inverse,neutral,negative,0.7395142
zac efron completely naked,neutral,negative,0.73933077
"YOUNG MAN SEEKS EUTHANASIA FOR MENTAL ILLNESS PAIN. WILL CBD HELP? November 28, 2016, Adam Maier-Clayton posts...",negative,neutral,0.7392831
Mah Stuff. #TheWalkingDead,positive,neutral,0.7392443
.<USER> players aim to give Rudy Gobert the experience his French childhood deprived him of: catching passes<URL>,positive,neutral,0.73910224
#Repost <USER> with repostapp・・・Happy #Thanksgiving from the #ScreamQueens Family! 📷:…,positive,neutral,0.7388873
If everyone registered Muslim or Middle Eastern...what can they do? #newnormal #NotMyPresident #humanrights #TrumpTransitionTeam #tolerance,negative,neutral,0.7386504
"#LeonardCohen a tribute, and Jennifer Warnes",positive,neutral,0.7385881
Iraqi forces raise the flag and pull down #isis flag in Qara Tapa outside of #mosul #mosuloffensive #BREAKING…,neutral,negative,0.7385861
Since not everyone in the world has figured this out yet: letting gay people get married in no way affects your right to straight marriage.,neutral,negative,0.73855865
So smear HRC NOW real dirt comes out Trump? No investigations WikiLinks Russia Comey and now Conflicts lies #notmypresident #stillwithher,neutral,negative,0.73848706
GEORGE SOROS DID FOR HILLARY WILL MAKE YOU SICKWATCH VIDEO!!,negative,neutral,0.73834616
Ah we missed it this weekend #SmallBizSatUK! We'll be there next week. Check out our new website at…,neutral,positive,0.7383406
You can accept love!<URL> #DominatingYourMind #DYM <USER> #NBAwards,neutral,positive,0.7382344
Philippines 'should reject' reinstatement of death penalty,neutral,negative,0.73811984
Bookends to a Disastrous Presidency<URL> #Obama's pathetic final non-victory lap around the world. #UniteBlue #TCOT,neutral,negative,0.738077
#Moscow #SaintPetersburg Mike Flynn to MSNBC Shill Smearing Putin: 'Stop It!' (Video) – Paul Kaiser,neutral,negative,0.7380358
Republicans have created replacements for Soros/Clinton Nazi ObamaHealthcare but it would have never seen the...,negative,neutral,0.73800325
".<USER> And, THIS creature <USER> is <USER> battering ram! #BOTHLIBSrdisgusting cc <USER> AND #NEVERROMNEY",negative,neutral,0.73786336
"<USER> <USER> First one hired Steve Bannon, is the first domino that MUST, I repeat, MUST fall. He has to fuckin' go.",negative,neutral,0.7377517
Kim Fatty the Third 😂😂😂😂 China has excelled itself this time 👌,negative,neutral,0.73764974
Arm urselves becuz no 1 else here will save u.My 71yo dark-skinned nonwhite mom's new gun 2 be ready 4 pick up on…,negative,neutral,0.73764396
"Vaccines deliver 4,925 mcg of aluminum by 18 months, safe limit is 25 mcg",neutral,positive,0.7375888
"<USER> <USER> <USER> <USER> <USER> <USER> <USER> I thot ""bad hombres"" was racist now.",neutral,negative,0.7375592
(Montreal Gazette):#Leonard #Cohen albums sell fast in Montreal : Since the singing poet..,positive,neutral,0.73723656
"idk why they made Zac Efron lip sync in the first one then use someone else's voice, Zac's voice is actually better wtf",neutral,negative,0.73719615
<USER> what's gun control doing what's it's already not doing? Do you own a gun or gone into to go get a gun?:,neutral,negative,0.7370752
<USER> <USER> <USER> Tho I wrote 2 PM this wk (1st time ever) 2 protest Trump rhetoric & tactics now used by him & his.,negative,neutral,0.73696786
"<USER> Hi, Came across and I'm looking for ideas to write a 3D printer proposal. I'm in the EL school LMC. Thanks",positive,neutral,0.7365773
<USER> You're awfully quiet NOW regarding white supremacists in the White House now that you're a Secretary of State hopeful.,negative,neutral,0.73653215
#British firms warned of #ISIS chemical #drone strikes,neutral,negative,0.7364114
Its a friday nite and most of you will be drinking now just make sure you do it at home or take an #uber or a #lyft,positive,neutral,0.7363668
"ISIL part of psy op to feed, breed Islamophobia #gaza #StopBombingSyria #syria #ISIS",negative,neutral,0.7363336
Quick favor - how to politely end conversation with an over chatty #uber driver?,positive,neutral,0.7362911
Today's Tesla cars will become tomorrow's self-driving cars (CNET Update) #windowsphone,positive,neutral,0.7360221
Minimum wage law still not cutting it for garment workers: <USER> report | #Myanmar,neutral,negative,0.73595023
#DAPL is a waste of time & money. We need to focus our time & money on reusable energy and get away from fossil fuels.,neutral,negative,0.73584545
Wendy Dang friend of Ivanka is the GF of Putin. RM is owner of #FixItNews& friend of DT.Putin web is running deep w…,neutral,negative,0.73557425
My top sports teams.- Toronto blue jays-Chicago bulls-Colorado rockies-Denver broncos -Chicago cubs 😊👍,positive,neutral,0.73555154
<USER> <USER> #GOP so hyper partisan and opposed to moderate Dems the risk the Republic in pursuit of their insidious goals.,negative,neutral,0.7352766
"Hackers Exploit App Vulnerability To Locate And Steal A Tesla Model S: Nowadays, a new car…",negative,neutral,0.73526937
Turkey is #ISIS itself <USER> <USER> <USER> <USER> <USER> #BlackFridayTactics,negative,neutral,0.7348767
"<USER> <USER> #NeverRomney #DrainTheSwamp Romney, Reince is the swamp",negative,neutral,0.7342467
tony romo would have made that throw,positive,neutral,0.7342162
"<USER> <USER> <USER> <USER> I'm GOD'S Voice! God says:""EU was converted into SATANIC Unions by godless LIBERALS:Tusk",negative,neutral,0.73417264
"In addition to relying less on voters of color that the GOP was able to suppress, Bernie had the advantage of being less disliked by Putin",neutral,negative,0.73406655
#anal fissure homeopathy lest talk about sex,neutral,negative,0.7338145
Aiya won't see this face for awhile and obsess over Melania's speech together !1!1!!,negative,neutral,0.7336827
Clashes In #Aleppo … Intensive #Shelling Over The Rest Of Its Hospitals<URL>,neutral,negative,0.7336391
Why does this horse have the same look of fear in its eye when next to Marine Le Pen as Romney did when next to Tru…,neutral,negative,0.73331827
"There was also the white guy with a smoking Samsung in his pocket, but let's freak out about the black guy w/ a sho…",negative,neutral,0.7331828
"FACT: Robots cannot, and then shipped worldwide for global communism.",neutral,negative,0.7331295
Hairspray Live! Previews at the Macy's Thanksgiving Day Parade! #arianagrande #televisionnbc,positive,neutral,0.7331142
"Couldn't disagree more! Democrat dream team - #Pelosi, #Schumer, #Ellison. Oh please, oh please, oh please.<URL>",neutral,negative,0.7329681
#AshleyGraham #dumped for her being as #fat as her #mother<URL>,neutral,negative,0.7329267
Ashley Graham Ain’t Shy No More!,neutral,negative,0.73286635
"<USER> Better to see ""alt-rightists proudly do Nazi salute"" than ""racists do it"". Keep their chosen label assoc w their reviled behavior",negative,positive,0.7327923
Socialist Economic Collapse has Hungry Venezuelans Flee in Boats to Escape #UniteBlue #HillaryClinton #DonaldTrump,neutral,negative,0.73243594
Fire broke out in one of the #Palestinian shops in Occupied #Jerusalem,neutral,negative,0.7320674
Republic form of Govt is fairest system:Goal of #SorosRiots – Eliminate Electoral College & Constitution Part (2of2),neutral,negative,0.7317129
"<USER> funny guy you. But I know you can get a fake id; however, it will cost you a lot more than that to fake a Voter Registration card",negative,neutral,0.7315506
"<USER> Yeah, I think white supremacists are deranged, mentally ill beings who are probably sub-human.",negative,neutral,0.73124146
"<USER> Start with #NoDAPL #NoBombing Syria Yemen Libya End Glass Stengal put in by Bill Clinton, no TPP, No Pedophiles in Dc",negative,neutral,0.73107344
"#FrankGaffney, 2 Others Replace #MikeRogers on #TrumpTransitionTeamFANTASTIC!! WE NEED #PROUSA #ISLAMIC #SCHOLARS",positive,neutral,0.7310142
Does This Ass Make My Car Look Fat? #p2 #ctl #ImStillWithHer…,neutral,negative,0.7306905
The latest BETT'S WORLD! Via <USER> <USER> #yemencrisis #yemen,positive,neutral,0.7306123
"China Censors ‘Kim Fatty the Third’ From Search After North Korean Request, #KimFattytheThird, Has a nice ring",neutral,positive,0.7304712
Pray for our Pope Francis and his ministry to the whole world.,neutral,positive,0.7303764
Need a man who looks at me like this guy looks at Kim Jong-un 😩😍,positive,negative,0.7302606
"China concedes to North Korean request to censor searches for ""Kim Fatty the Third""",negative,neutral,0.7300634
errr.. ricky martin? (with Feby) [pic] —,positive,neutral,0.7300435
"<USER> ""W"" wins, Dems protest, ""W"" wins, Dems protest, BOH wins, nothing, BOH wins, nothing, Trump wins, Dems protest. See the pattern?",neutral,positive,0.7297243
Ted Cruz: Gov. actuaries say #ObamaCare will increase health care spending by $621B over next 10 yrs %u2026 #pjnet,negative,neutral,0.7296689
"For me, seeing the progression of video games and consoles - whethe... #JustinVerlander #quotes",neutral,positive,0.7296386
"1/ Today's #fascismfact is that eugenics, far from a Nazi German aberration, was first celebrated and practiced in the UK, US, and Canada.",negative,neutral,0.7296233
<USER> CHIP defines a child at conception. Some Democrats want to end CHIP by folding it into Medicaid. Should…,negative,neutral,0.7296172
New Wikileaks Release #YemanFiles#HillaryClinton #YemanCrisis#ISIL#ISIS,neutral,negative,0.72961485
It’s weird watching the Spurs without Tim Duncan.,negative,neutral,0.7296133
<USER> there is no point if the PM himself resigns when he shouldn’t.I am now counting on homeopathy & lack of vaccination.,neutral,negative,0.7296117
watch FBI Director Comey assure us the system isnt rigged. #thesystemisrigged,neutral,negative,0.7292881
"OIRA: useful for stopping new climate regs not overturning Obama ones. Dates to Reagan Admin (and sort of Carter), not Clinton Admin.",neutral,negative,0.7292867
Everybody is broken #TheWalkingDead S7,negative,neutral,0.7292328
<USER> Hi. I'm so sorry to hear that. My husband & mom & myself will lose coverage depending on what happens in 2017-18 with ACA/Medicaid,negative,neutral,0.72903955
I just don't get what's the big deal of using MAC products like I love MAC & I hate the animal testing but YALL need to chill,neutral,negative,0.7289534
I tell them the media & Obama admin fought for years to normalize leftism/socialism/communism..so their perception…,neutral,negative,0.728799
"Essential report from <USER> connecting policy discourses on race, religion & migration to a spike in hate crimes",neutral,negative,0.7287966
"When you can't beat them, join them. #Microsoft joins the #Linux foundation. True!<URL>",neutral,positive,0.7287845
#Israel the most humane soldiers in the #world laugh as a #Palestine man is crushed at a #segregation gate.,neutral,negative,0.72878414
<USER> I followed Pope Francis' Latin twitter. I don't speak Latin.,neutral,positive,0.72863585
#hatchimals #giveaway #gtk I wanna win,neutral,positive,0.7283976
AI and robots line up for battlefield service via <USER>,neutral,negative,0.7283642
Hundreds Flee Wildfires Near #Jerusalem,neutral,negative,0.72828853
"<USER> Have a listen, these are the feelings of the deplorables. You didn't hear us during the campaign when…",negative,neutral,0.7272783
"We shouldn't be celebrating other people's death even if we hate them, we're better than this! #Palestine #PalestineBurning",neutral,negative,0.7272754
i just wonder how much <USER> got paid and what position she was offered - may be a role in Clinton Foundatio…,negative,neutral,0.72723293
Putin and Seagal love to double date with Dennis Rodman and Kim Jong Un.,positive,neutral,0.7271311
MLK Jr.’s Niece BLASTS Liberals for Calling Trump’s Cabinet Picks “Racist”!,negative,neutral,0.7270634
Health #Insurance now covers medical marijuana:,neutral,negative,0.72683465
What's fascinating to me in reading up on all of this craziness is how open racism has never felt more...,negative,neutral,0.7267918
"<USER> <USER> <USER> <USER> THIS IS UNACCEPTABLE. ""Fly Delta, the official airline of the Deplorables"". #FlySWA",negative,neutral,0.72661275
<USER> <USER> and illegally crossing our borders does NOT CHANGE THAT !!,negative,neutral,0.7265554
<USER> glad I read to the end to see Grayson Allen shit on,negative,positive,0.726314
Trump addressed one of the top issues of leftists a decade ago& they protest,negative,neutral,0.72616494
"<USER> anyways u can assume I & others have the best intentions & wouldnt advocate nonconsentual testing for anyone, human or animal",neutral,positive,0.7260199
<USER> the character is a robot and robots don't have a race,neutral,negative,0.72595674
Disability community: Don't slow testing of self-driving cars,neutral,negative,0.7259469
"Turkey you meddling fuck. I'm just kidding, you are a strong independent state actor who does what she pleases.…",neutral,negative,0.7259236
<USER> not wasting ridiculous amounts of taxpayer money on a witch hunt is my gold standard. #publicityStunt,neutral,negative,0.72588086
"NEWS : Christian Media in Nigeria : Yolanda Adams and Common singing ""Glory"" at the BET's #ThankYouObama event by…",positive,neutral,0.72581476
most of the fires were caused by extreme wind gusts and drought … #Israel #Palestine <USER>,negative,neutral,0.72568196
<USER> Kim Jong-un can help you. He can show you the way.,positive,neutral,0.72551274
Worthy Read~,neutral,positive,0.72537804
Doctors warn Victoria against legalising euthanasia via <USER>,negative,neutral,0.7251959
OKAY if you haven't seen David Blaine's specials on Netflix watch them IMMEDIATELY,positive,neutral,0.725195
<USER> I better win that friggin fracking contest,neutral,positive,0.72514254
Australian Government Commits to Nationwide Medical Marijuana Program,neutral,negative,0.72506094
The moment you figure out what's happening next: Oh shit. #westworld,neutral,negative,0.72499484
<USER> pope Francis ministering to wicked afflicted and effected,negative,positive,0.72498554
"Just in time to destroy Social Security, Medicare, Medicaid, Health Care, Education, and Freedom of the Press.",negative,neutral,0.7249462
The fact that Zac Efron wasn't Troy's singing voice in the first High School Musical is why I have trust issues,neutral,negative,0.7249362
so fidel castro has died. when will maduro ever,neutral,negative,0.7249065
"<USER> Dems/Libs obviously lack Class, Humility, Grace and Tolerance. They also lack the House of Reps, Senate and the White House",negative,neutral,0.7246375
"Protest Trump laterProtest Obama nowDAPL is funded by prolific Dem DonorsDAPL will accelerate ClimateChange, is…",negative,neutral,0.7244971
"President-elect Donald Trump is spending Black Friday in South Florida, mulling over transition issues.",neutral,negative,0.7244445
<USER> <USER> What part of I am going to eliminate Obamacare did you not understand?,negative,neutral,0.7242777
Friday night date with this one <USER> #fantasticbeasts #cinematime #nobettercompany 🎬😬🍿,positive,neutral,0.72421443
Vlad Motchoulski Creative Archive: Tomorrow Is a Long Time - Bob Dylan Cover: #cover #bobdylan #folk #guitar,positive,neutral,0.72408843
#julie strain vintage erotica forum zac efron fake naked,neutral,negative,0.7237102
Ken Rosenthal Got Some Clarification From Kate Upton On Her Cy Young Twitter Rant:,neutral,negative,0.72340107
Book about killing gentile children becomes bestseller in Israel - #gaza #palestine #israel #BDS,neutral,negative,0.72337943
#France foiled suspected #ISIS plot directed from abroad: prosecutor,neutral,negative,0.7231221
<USER> there's no way the media would black out protest of a Trump inaug. It's what they want,neutral,negative,0.7227405
CONGRATULATIONS SINGLE PARENTS! #Trump says MORE TAXES for YOU! #MAGA! #MakeAmericaGreatAgain #WorkingParents…,neutral,positive,0.7226903
"I mean, the British left (and actually - most brown people) are using this line about white supremacists, but sure,…",neutral,negative,0.7226836
"""Gratitude is a flower that blooms in noble souls.""POPE FRANCIS",positive,neutral,0.7224139
we need a Fidel Castro in Kenya to gear up a revolution against a corrupt regime and have better health reforms #DoctorsStrike .,positive,negative,0.7222532
"<USER> <USER> <USER> <USER> Not all that great of a day, but thanks anyway!",neutral,positive,0.7220154
"Best censured name yet for a national leader. Kim Fatty the Third, or just Kim Fat Fat Fat",negative,neutral,0.7219579
<USER> Pelosi is no longer relevant. They need fresh jihadist blood in the DNC.,negative,neutral,0.7218387
"Yup. All the folks in #Iraq, #Syria, #Libya, #Yemen, #Afghanistan, NW #Pakistan, #Somalia, #Donbas & #StandingRock…",neutral,negative,0.7216861
can we like get zac efron or justin bieber for next year's mmbc or something bc lol,positive,neutral,0.72157645
<USER> <USER> Or why other civilised nations have incredibly tight gun control laws?,neutral,negative,0.7214161
"Oklahoma has gotten a decent sized earthquake every month since October, y'all need to stop fracking lol",negative,neutral,0.7211173
"Messi: ""In football these days it's important to be organised. To have a team that is well-organised is the most important thing"" #fcblive",neutral,positive,0.7208344
"Trump's State of TransitionDavid Petraeus and John Bolton would be strong, experienced diplomats.Editorial by...",positive,negative,0.72080076
<USER> it's gotta be Grayson Allen. Has Redick hateability and makes goofy schyer-face.,negative,neutral,0.7206608
We got rid of the #RedCoats in the 1700's it's time to get rid of the #RedHats...#WontBackDown #MangoMussolini #democrats #UniteBlue,negative,neutral,0.7203024
Hey #Trump holes.. so he is try to drain swamp by putting up exclusive members only luxury condos,negative,neutral,0.7202966
Top story: TekUniverse Slashes Prices On The DreamCreator 3D Printing Pen For T… see more,positive,neutral,0.72021997
<USER> <USER> <USER> Loyalty's V.important 2.Dems GOPe Press all working against him. Mitt foreign policy vision diff.,negative,neutral,0.7201991
IMPORTANT MUST DO: <USER> <USER> MUST Withdraw From Climate Convention. MUST READ: <USER>,neutral,positive,0.72019064
Trump says to #draintheswamp but fills his cabinet with fucking Swamp Things,negative,neutral,0.7201036
"RT <USER> This weekend, Neo-Nazi Richard Spencer (who coined the term ""alt-right"") led the crowd at his conference in DC in a ""Heil Trump…",negative,neutral,0.7200814
I think sometimes the best training is to rest.... #CristianoRonaldo #quote,neutral,positive,0.7200203
"Bruh if my girl cheated on me with Cristiano Ronaldo, I'd just be jealous.",neutral,negative,0.7199077
"My #GilmoreGirlsTop4 is ; 4. Babette. 3. Miss Patty. 2. Luke. 1. Richard & Emily, ( as they are one!) ❤️",positive,neutral,0.7197636
"<USER> <USER> 4. Careful what you say about Melania's favorite speech writer, Michelle Obama.",positive,neutral,0.71974105
#TrumpTransitionTeam pie chart to applicants: Those NOT in the #HUGE slice - need not applyMe: #foh #ftw…,negative,neutral,0.7197035
<USER> Can't wait for Mike Pence to exterminate the tumblr plague,neutral,positive,0.7196606
Messi during a promotional event for his Adidas boots on Thursday #fcblive [reuters],neutral,positive,0.7196181
Can't wait til <USER> starts twitter beefing with Kim Jong-un from the official <USER> twitter account.,positive,negative,0.71956426
Let Céline sing the theme Song again! #BeautyAndTheBeast 2017 #emmawatson #BeOurGuest #CelineDion,positive,neutral,0.71954596
"Some1 sent me #Hamas green flag attached 2 this <USER> tweet, *directly in2 my phone* but I'm blockd from posting it.",negative,neutral,0.7194236
"To the tune of ""Whistle While You Work"":Mike Pence is a jerkSteve Bannon is far worseDonald TrumpBroke his rump andNow it doesn't work",negative,neutral,0.7194081
The Real Goal of the Anti-Trump Riots – Eliminate the Electoral College and the Constitution Part Two of Two Yep !,neutral,negative,0.7193568
"""who's the most wiped out white boy? Zac Efron! Zac Efron!""",neutral,negative,0.71912795
Anti Trump Riots Minneapolis Special Snowflake Communists Party Gather in Circle of Oppression LOL: via,negative,neutral,0.7190645
Ash y Shay han pasado juntas Thanksgiving <3,positive,neutral,0.71865124
"#Russia's border doesn't end anywhere, Vladimir Putin says <USER>",neutral,negative,0.7186347
Meeker highlights US immigration hypocrisy<USER>,negative,neutral,0.7186124
Girls who think that they will single handedly stop animal testing by complaining about it on a status🙄🙄🙄,negative,neutral,0.71836483
#TrumpTransitionTeam To the #FailingNYTimes -- It took #WorstPresidentEver #Obama THREE weeks after his 2008 election to name his cabinet !,negative,neutral,0.7182586
Article 50 Shades of Grey: Brexit clique leaves surprised Boris in the cold #PoliticsScotland,neutral,negative,0.7180046
"(1) In 2014, Obama declares that it's time to end the US embargo on communist Cuba and the decision is hailed as a progressive milestone",positive,neutral,0.71792006
How can you #draintheswamp if you keep inviting swamp creatures into your administration? <USER>,negative,neutral,0.71783966
How Fidel Castro's jeep broke down mid ceremony as it carried his ashes to final resting…,neutral,negative,0.71781456
"<USER> There's nothing wrong with vegetarianism so long as you throw in the occasional fish, steak, chicken, & pork.",neutral,negative,0.717772
"Rod Serling wrote or adapted two-thirds of the 156 episodes of ""The Twilight Zone,"" and the quality never wavered. Still the gold standard",positive,neutral,0.71769273
Israeli Navy counters increased #Hamas sea smuggling,negative,neutral,0.71702933
Join me in ridding your house of #methane producing gas We don't need #fracking Seek <USER> from <USER>,negative,neutral,0.71656996
<USER> #Assad's blood-soaked hands? 👀 And #SaudiHELLabia's blood-stained? 😒 #Syria #Yemen,negative,neutral,0.7165074
Grayson to Allen. Pure beauty!,positive,neutral,0.7164853
"Following Obama's lead, DJT has until he's 3/4 of his way into his 2nd admin before he stops blaming Obama",neutral,negative,0.7161919
Surprised by The 1st of April was ages ago...,positive,neutral,0.7160892
Tim Duncan has said he will retire 😥 Here's what Kobe had to say about Duncan.,neutral,negative,0.71585095
Keras 1.1.2: Deep Learning for Python,positive,neutral,0.7158116
<USER> - Still would not consider him for ANY job in the Trump cabinet!!,negative,neutral,0.71580046
<USER> If she thinks that MA voters will forget her lapse she is sadly mistaken. <USER> <USER> <USER>,neutral,negative,0.7157074
That's true. It helps me stick to vegetarianism 😂,neutral,positive,0.71568733
Really though was Justin Verlander up there?,neutral,positive,0.71532524
<USER> <USER> Giving thanks on the corner of <USER> street - #p2 #UniteBlue,neutral,positive,0.71532094
Interesting study of young Russia's complex relationship with #Putin from Julia Ioffe,neutral,positive,0.7152209
This is what the Democratic Party openly endorses.#Islam #Palestinians #Hamas,neutral,negative,0.71509373
77%OFF: Really working in LIVE trade! 💰Fully automated Forex trading Systems/Robots/Signa…,positive,neutral,0.71487385
<USER> the reality is that anyone who made a big splash in their teens & is now not in a 20-something or eligible for social security,negative,neutral,0.7146673
She helped <USER> and the DNC steal the #DemocraticNomination from <USER> #NancyPelosi Fights,negative,neutral,0.7146544
"Vice President Mike ""Fag Punisher"" Pence",negative,neutral,0.7145474
👩🏻💬 <USER> talked with <USER> about further strengthening our economic ties via 🇪🇺🇺🇦#DCFTA. Her speech:,positive,neutral,0.71453345
"Label scan for Bob Dylan's 12th biggest hit, Subterranean Homesick Blues.",positive,neutral,0.7145013
💯 percent AGREE! <USER> <USER> <USER> #NeverRomney,positive,neutral,0.71448433
<USER> Exactly so when do you and the GOP investigate every single aspect of George Soros? I am waiting for an answer!,negative,neutral,0.7144194
A couple of days till I watch my baby Ashley Graham on American next top model❤️❤️,positive,neutral,0.71437836
"Head of #Ukraine's National Bank, accuses populists (#Saakashvili, #Tymoshenko) of undermining ""fragile stability""<URL>",negative,neutral,0.7143488
<USER> <USER> <USER> <USER> ☞ ISIS Films Men Laughing While Woman Is Raped in Background,negative,neutral,0.7140813
I'd hate to see the #TPP trade agreement fail. I love my low-priced Made in #Vietnam running shoes. It's like walking on clouds! #Asics,positive,negative,0.7140736
IMAGE: As ISIS takes your life Obama is on the links. #tcot #isis #islamisevil #nobama #fail #incompetent #golf,neutral,negative,0.71404445
<USER> you cited living wage. Minimum wage wasn't made to be a king off of,neutral,negative,0.71381
But Ieyasu Tokugawa conducted blade regulation and gun control for 300 years.A gun craftsman has become a fireworks craftsman.,neutral,negative,0.71306163
Israeli army kills a Palestinian youth in the Shuafat refugee camp east Jerusalem#israel_on_fire#Palestine#Jerusalem,neutral,negative,0.7129601
Only 82 days left until Valentines Day,positive,neutral,0.71286094
"<USER> <USER> <USER> that's industrial, due to us producing tipp top hurlers.",neutral,negative,0.7128535
"<USER> <USER> <USER> <USER> <USER> not that easy given Rudys clients (some are really bad hombres, biz is biz)",negative,neutral,0.7127874
Come see my work at Etsy. Frost on a window mirrored. Come see my work at Etsy.,neutral,positive,0.71266526
#MosulOffensive: The tense moment an #ISIS militant surrenders to Kurdish soldiers. #IslamicState,neutral,negative,0.71263087
persuasive speech on depression pros and cons for the death penalty,neutral,negative,0.71259683
"<USER> <USER> . Aka: Soros is paying the bills. To disrupt the Trump transition. Stein, bought & paid for by just like Bernie.",negative,neutral,0.712574
If you are a #TWD fan you have to watch these guys!!! <USER> #TWDfamily #podcast #TWDFans #TheWalkingDead,positive,neutral,0.71245396
<USER> <USER> <USER> Newsflash: the Democratic Party won the popular vote by a landslide.,positive,neutral,0.71226984
Donald Trump and the Rise of White Supremacist Media <USER> #NotMyPresident #uniteblue #Resist #MAGA #tcot <USER>,negative,neutral,0.7122354
THIS. SHOULD. SCARE. YOU.,negative,neutral,0.7121346
".<USER> <USER> And despite her estimate, white supremacists, among them Dylan Roof, have killed plenty US civilians & police",negative,neutral,0.7121095
Rightists plan mega-Jerusalem in 2040 - with invisible Palestinians,negative,neutral,0.7120932
Evaluating the BBWAA Cy Young voting through the years #fantasybaseball,positive,neutral,0.7117862
"Dear writers of westworld: Please make Dolores say more things like 'if out there is so great, why are you clamoring to get in here?'",neutral,positive,0.7117837
CLASSIFIED Report: U.S. Drone Strikes not against al-Qaeda,neutral,negative,0.7111654
siri how did david blaine stab an ice pick through his hand without any lasting nerve damage,neutral,negative,0.71105546
<USER> <USER> You mean so no one confuses them with Republicans? Or fascists? Or dupicitous liars? #WallSt #Uranium1 #TPP,negative,neutral,0.71098715
<USER> <USER> with direct ties to #Hamas & #MuslimBrotherhood the Dems are finished if they elect this terrorist,negative,neutral,0.7109853
I am making my Green Meanie prediction.. **drum roll please** #ScreamQueens,neutral,positive,0.71079576
This song is everything. Biblical! - Leonard Cohen - Hallelujah via <USER>,positive,neutral,0.71077627
<USER> from <USER> - #rickymartin #JardinesDeMéxico ¡Gracias! 🙏🏻 #OneWorldTour #México #Meksika…,positive,neutral,0.7104937
George Soros' Son Pictured At Anti-Trump Riot? (PHOTO) via <USER>,negative,neutral,0.7104043
"Might even do better with some USA rightists, as they already contribute a bit more to 3WPT from church collections and teachings.",positive,neutral,0.71039414
<USER> #Obama #Trump #love #Hillary #Bernie this is what's going on in the Obama Admin continue with Hillary…,neutral,negative,0.71038127
"<USER> <USER> <USER> conservatives used to pride themselves on being grounded, practical, down to earth, not fantasists. #change",negative,neutral,0.71035635
CNC and 3D Printing Brief is out!,positive,neutral,0.7102837
"White collar supremacists, you better UNPACK your white privilege You stole lands from Native Americans #White-Collar Supremacy",negative,positive,0.7101036
Really?! #MelaniaTrump and #BarronTrump won't be moving to the #WhiteHouse come January:,negative,neutral,0.7099285
"Cuba's Fidel Castro, 90, is dead. Survived 638 assassination attempts, was a friend to Africa and pictured here with notable African leaders",neutral,negative,0.7098667
<USER> <USER> Read this headline...Romney and Ross both went to Harvard! And Ross went to Yale too.,neutral,negative,0.70964295
alhamduliLLAH....there had since this morning many operations started: Aleppo...Nubul...Zahra...airbase Hama...,neutral,positive,0.70962536
"<USER> <USER> basically Melania gave a speech, and it was the EXACT SAME word for word as a speech Michelle Obama made😂",neutral,negative,0.709557
"When watching a David Blaine special, <USER> and dorrajarrod attempt to make magic",positive,neutral,0.7094823
"$2 Mil a DAY to protect Trump et al, because Melania doesn't want to move to DC, & Trumpkins wants to ""go home""",negative,neutral,0.70945203
Microsoft Joins the Linux Foundation As Everyone Now Loves Open Source #msftedu #edtech,positive,neutral,0.709425
<USER> He lost the popular vote by the largest margin EVER. Amazing you don't find that troubling,negative,positive,0.709414
"<USER> <USER> <USER> <USER> Reagan wasnt for gun control then he saw some Blk Panthers with guns,then he was forit",negative,neutral,0.7093261
The Constitution lets the electoral college choose the winner. They should choose Clinton. #StillWithHer,positive,neutral,0.70901996
4-6-2009Are all those runs charged to Verlander? How long till fans start panicking over Verlander?Some things never change.,neutral,negative,0.70896876
"Saakashvili talking about the risk of ""5,000 people taking over Kharkiv and Odesa"" and calls for early elections.<URL>",neutral,negative,0.7088362
"tens of thousands are trying to escape a ""slow-motion descent into hell""Aleppo siege: 'We are crying and afraid' -",neutral,negative,0.70883554
Will failing to learn lessons from #Libya be played out in #Mosul stabilisation?,negative,neutral,0.70881784
"Time Perfect for #Geotechnical #Engineers to #Immigrate to #Australia, #Canada<URL>",neutral,positive,0.7086452
<USER> We now wait for Maduro's turn,negative,positive,0.70852065
"<USER> no wonder Kim Jong Un wrote a letter saying ""what about meeee?! I cannot be haxx0r?""",neutral,negative,0.7084283
"❤#Books #Book NEW - #Yoga and Vegetarianism: The Diet of Enlightenment by Gannon, Sharon #Bestseller",positive,neutral,0.7083971
"Why the Internet of Things is a matter of power, data and security -",neutral,negative,0.7082533
"#Syria #Kurdistan #Yemen - do something this weekend to get the word out about these conflicts! No #BlackFriday over-consumption, please!",neutral,negative,0.70821834
<USER> when 3D printing metal is reasonably priced I'll be all over it to print bespoke parts. Do plastic parts stand up to daily use?,neutral,negative,0.7080576
"Yes, including Medicare and social security saving👍",neutral,positive,0.7078864
Call For Philippines To Not Reinstate Death Penalty,neutral,negative,0.70779103
#Spurs #GoSpursGo 2011-12 Panini Black Box #/99 TIM DUNCAN Black Status Elite Rare SPURS!!!! #TimDuncan #NBA,positive,neutral,0.7077506
Can any one help me find a Hatchimal? I need one for each of my kiddies! I can't find stock anywhere 😰 #Hatchimals,neutral,negative,0.7076432
Breaking News: MSM confused Michael Moore for Hillary in story,negative,neutral,0.7076306
#Fracking Wastewater Is Ravaging North Dakota Farms #NoDAPL #DakotaAccessPipeline #INDIGENOUS,negative,neutral,0.7076095
"""The taste of victory has become sweeter in your bullets, O Aleppo"". #SyrianArmySaves",neutral,positive,0.7073011
Git 'em girls #BarackObama #blm #blacklivesmatter #mylifematters #therealskinnysuge #thepeopleschamp #skinnyup #pmd…,neutral,negative,0.70729417
<USER> we don't want Romney #TheSnake ! We want Rudys loyalty! Retweet #MAGA #Trump2016 #NeverRomney #Fraud #Phony #DrainTheSwamp,neutral,negative,0.70727634
<USER> Will is rockin those Tony Romo socks !!,positive,neutral,0.7072294
Now Playing on #Channel80: Ricky Martin - Casi Un Bolero -,positive,neutral,0.7071705
. <USER> how are houses going to get built in an only service economy? Prefab 3D printing or discarded shipping containers,negative,neutral,0.70701104
Microsoft and The Linux Foundation - friends at last - as Satya continues to focus on the future.,positive,neutral,0.70700395
Donald Trump’s Team Shows Few Signs of Post-Election Moderation,negative,neutral,0.7069291
<USER> Have you messed with Google Earth VR at all? Wondering if I can justify purchasing VR by using it to combat shut-in problems,neutral,negative,0.7068851
Obama is the greatest POTUS so sad Trump will always be pictured beside him in history. Trump isn't worthy.…,neutral,negative,0.7067964
What are the 5 biggest mistakes that people assume about homeopathy...<URL> #homeopathictreatments,neutral,negative,0.70677876
"<USER> I thought you kneww something about big business. If you don't know about interviewing and hiring, you don't know much.",negative,neutral,0.7067127
Internet of Tents and 3D printing workshops with <USER> <USER> and Andy Kitchen! #buzzconf,positive,neutral,0.7065674
<USER> that's amazing😎. I am a tipp supporter living i Sixmilebridge for 35 yr😎s. Then again there is no convention centre in smb😎,positive,negative,0.70637965
Retweeted #TrumpTransitionTeam (<USER>):#hamiltonmusical's auditions banned white...,negative,neutral,0.70626414
<USER> traduce D:,neutral,positive,0.7060477
Early start 4 <USER> this morning chatting about <USER> #panto #beautyandthebeast with <USER>,positive,neutral,0.7060172
<USER> IT'S ACTUALLY PERSONA 5 OFFICIAL ART!I plan to get it scanned real soon bc I'm putting it in my room,neutral,positive,0.70596844
Paying a docotor to perform euthanasia just takes a lot of money and a little persuasion,negative,neutral,0.7057533
"Fearing North Korean dictator, China reportedly bans searches for 'Fatty Kim the Third':",negative,neutral,0.7056528
I intend to cook mexican gray wolf as my mind turns to vegetarianism.,neutral,positive,0.7056405
<USER> how is this relevant to #BlackLivesMatter? Was the white man a cop?,neutral,negative,0.70540375
#zac efron sex pic skins michelle sex,neutral,negative,0.7053771
The latest Coachella Valley 360! Thanks to <USER> <USER> <USER> #yemencrisis #yemen,positive,neutral,0.70535564
It's about to be 2017 and i still can't get over zac efron and vanessa hudgens not dating anymore,neutral,negative,0.70534295
<USER> it's 🚮 because nobody is ever spontaneous about it anymore. & let's not forget Valentines.,neutral,negative,0.705316
Currently going viral with my brother about our story and #HATCHIMALS TODAYshow Thankyou for the shoutout!,positive,neutral,0.7051635
"Getting mad at <USER> for impersonation is beyond me. It's ""admiration"" as it was said when Melania repeated that speech. 😌🙊👀 #teamgigi",negative,neutral,0.705093
"<USER> Jack, you know no one can eclipse Cristiano Ronaldo, the sun king of sports. Not even Cam Newton.",positive,neutral,0.7050575
"Saakashvili Founds New Party, Begins Struggle for Power in Kiev – Nolan Peterson",negative,neutral,0.70495707
damn i still get upset when i think about the bracelet my bf in 6th grade gave me for valentines day and a heart filled with m&ms,neutral,negative,0.7048973
"<USER> Obama Admin. asked them to look at alternate routes. Too little too late, the pipe is nearly at the riverbank.",neutral,negative,0.70451343
"In other news, North Korea has been begging China to censor ""fatty Kim the third"" from its websites and China finally coalesced",negative,neutral,0.7043938
just ... when?I died #onedirection #MtvStarsNiallHoran #3YearsofMidnightMemories #NiallOnAMAs,positive,negative,0.70433927
I be mad Terry birthday in the same week as Christmas but dead ass be laughing when Valentines Day roll around an my birthday the next week,neutral,positive,0.70425344
When fake Ua activist <USER> buys fake followers then has the cheek to call out fakers on <USER>,negative,neutral,0.7039781
Do people still want WW3? Is that why they're paying for a recount that's not happening? #Recount2016 #DrainTheSwamp,neutral,negative,0.7035915
.The end of animal testing? Human-organs-on-chips win Design of the Year #CambridgeKillers,neutral,positive,0.70352113
Arroyo: OK with Duterte if I oppose death penalty reimposition | News | GMA News Online via <USER>,negative,neutral,0.70342535
"Is #Ukraine headed for another revolution? #Saakashvili who resigned the Kiev govt because of corruption, thinks yes",neutral,negative,0.70341253
#Spurs #GoSpursGo TIm Duncan 1998-99 Upper Deck Super Powers Spurs #Card #S24 #TimDuncan #NBA,positive,neutral,0.7033086
#FidelCare and #Obamacare are very similar.#FidelCastro #WorstPresidentEver - Both praised by #LiberalStupids,negative,neutral,0.7031527
'Compromised functionality and dismal reliability': <USER> pulls the plug on #Tesla's Model X…,neutral,negative,0.70313925
"<USER> <USER> <USER> <USER> <USER> <USER> Wait & See, but NEVER #CROOKEDHillary!",negative,positive,0.7030637
#ThankYouObama you deserve it sir,positive,neutral,0.70299935
<USER> Many of the Anti-Trump riots are led by REVCOM (Communist Party)!!,neutral,negative,0.70298845
Move over Fracking <USER> <USER> <USER> <USER>,negative,neutral,0.70291775
"names in each state. Many people who didn't like ACA, liked Medicaid which had a different name in their state. Tell Trump, thanks when gone",neutral,negative,0.70283765
"#JustinVerlander 7 ROOKIE #Card LOT, DETROIT #Tigers, CY YOUNG WINNER #Baseball #Pitcher",neutral,positive,0.7028195
Creepy name dropping won't hide your fake followers <USER> #Thanksgiving!<USER> <USER>,negative,neutral,0.70279586
I've created a quiz. #OneDirection Singles,positive,neutral,0.7027786
Lots and lots of Muhammad Ali Art all over Basel.,neutral,positive,0.70275754
Lying Pokahontas Warren! Where is Ben Carson on this list?!?,negative,neutral,0.70257753
Female Palestinian prisoners held under harsh conditions #gaza #palestine #israael #BDS,negative,neutral,0.7025316
"Stay classy, Deplorables!",neutral,positive,0.70251125
.<USER> can <USER> federalise the California National Guard and purge San Francisco of all the bad hombres like <USER>,negative,neutral,0.70248616
"Muslims are news worthy only when they are behind the gun,not in front of the gun. #doublestandard #Burma #Palestine",neutral,negative,0.7023977
Ham should be the main dish of Thanksgiving not some dry ass turkey 😂,positive,negative,0.7023903
"Although some vaccines protect our children, they still have potential to b very toxic.",negative,neutral,0.7023422
SPLC's Christian Killer gets 25 years but SPLC gets a pass,negative,neutral,0.7021955
"U.S. Officials Defend Integrity of Vote, Despite Hacking Fears /MAYBE OBAMA ADMIN. SHOULD MIND IT'S OWN BUSINESS---",negative,neutral,0.70215905
"<USER> social security ,and Medicaid are self sustaining program ,the bullwork of bluecollar retirement .you cut it you save nothing",negative,neutral,0.7021586
"<USER> of course, it has nothing to do with Saakashvili. Oliver Stone has made ideal propaganda film, and Putin could get his oscar",negative,neutral,0.70211095
"Castro Town: Fidel grew up here, but he came back to destroy it<URL>",negative,neutral,0.7019854
"North Korea is literally begging China to stop calling Kim Jong Un ""Kim Fatty the Third."" Politics at its finest.",neutral,negative,0.70189357
"Gee whiz, Ricky Martin! Stare at my back!!!",neutral,positive,0.7017065
<USER> <USER> The Daily Fail's long association with Nazi ideology a reason? Perhaps?,negative,neutral,0.70144725
"In a cruel irony, white supremacist Steve Bannon is rich off profits he made from the show Seinfeld.",negative,neutral,0.701426
Ben Carson: Running HUD Would Be A Cinch For A Guy Like Me! - The intent is to liquidate HUD assets to Wall Street,neutral,negative,0.70142233
<USER> ye ursa went and got married to her former lover before ozai went *melania trump voice* hello,negative,neutral,0.7011411
Messi at an event (Adidas Red Limit 16) to publicise his new boots #fcblive [via <USER>,neutral,positive,0.7008241
Fell asleep while watching persona 5 walkthrough. Again. Gosh....,neutral,positive,0.7007203
<USER> Well... The Electoral College hasn't voted yet. (starts holding breath),neutral,negative,0.70061064
<USER> Don't stop fighting Marine Le Pen !!!,neutral,negative,0.70047975
Just asking (sincerely) #Philippines #Dengue,neutral,positive,0.700436
I gotta write EVERY SINGLE FIC with robots questioning their orientation. Lord,negative,neutral,0.7001552
"Shura Council leader, Mohamed al-Drissi, admits alliance with #ISIS against the Libyan army in #Benghazi. #Libya…",neutral,negative,0.69988716
"Medical marijuana patients could save money in Prop 64 tax dispute, but state could lose",neutral,negative,0.6997808
<USER> because of Obamacare my mother was able to have health insurance for the first time in about 15 years.,positive,neutral,0.69972974
Fidel Castro's Apple Victory Could Be Short-Lived #fakeheadlinebot #learntocode #makeatwitterbot #javascript,neutral,positive,0.69962287
"<USER> you mean privatizing it, oh that'll be great, an HMO worthless plastic card like Medicaid, yea u care about the vets",negative,positive,0.69961387
"<USER> <USER> The convention was started to help take back control from obama admin and big gov , GOP will try to take power from trump",negative,neutral,0.69885033
<USER> <USER> <USER> <USER> Clinton foundation reminds me of Maharashtra CM Antuley's foundation in 80s for taking bribe.,negative,neutral,0.69873685
You have to watch Michael Moore in Trumpland 2016. I caught it on SHO2.,positive,neutral,0.69864464
#MosulOffensive it will be a great day to see him dead in a cave.,neutral,positive,0.69862866
When conflicts of interest get elected into government office #TrumpTransitionTeam #MikeFlynn,negative,neutral,0.6985942
"PMF/PMU Forces met with Peshmerga in Sinjar, effectively closing the Mosul/Raqqa corridor #PMF #MosulOffensive",neutral,negative,0.69858503
Aren't we supposed to phase off and divest from fossil fuels ?,negative,neutral,0.6985495
"<USER> <USER> <USER> <USER> hear,frustration?😀#Yemen#Iraq#Syria#Nigeria#BokoHaram #ISIS#Ansar#Hamas in #Gaza",neutral,negative,0.6985362
<USER> <USER> #Hamas is inept!!,negative,neutral,0.69853437
I'm sending the folks who gave a Nobel prize for literature to Bob Dylan a cassette copy of The Great Adventures of Slick Rick.,neutral,positive,0.69849026
<USER> <USER> She's under the Clinton Foundation umbrella now. Only explanation for her change of heart towards Hillary.,negative,neutral,0.6979638
"<USER> <USER> <USER> <USER> Or Illinois or Minnesota right next door? Oh because the Dems won those, nothing to see",negative,positive,0.69796324
<USER> Maybe the Electoral College can fix it before his clock starts. What I hope anyway. Less hassle.,neutral,negative,0.6979248
<USER> I'd love if some of these white supremacists did their DNA - I'm sure they'd be in for some surprises.,neutral,positive,0.69786596
Hey Liberals. I'm going to ask for a recount and try get Hillary into the presidency. You can send me your money. Bank details later,negative,neutral,0.69777095
I think <USER> is a scam. I just purchased tickets for $140 for two <USER> tickets and it said it was confirmed for e-tickets,negative,neutral,0.69773126
<USER> Where's the resources to increase minimum wage? Face the facts and stop playing to the gallery.,negative,neutral,0.6977044
"<USER> <USER> I heard someone say elections have consequences.... Who was that? Reid or Pelosi? oh yes, obama",negative,neutral,0.6975115
<USER> #hatchimals yes please!,neutral,positive,0.69734293
Managed-care plans increasingly taking over Medicaid long-term care. Not everyone is happy,negative,positive,0.69731635
Clinton Foundation Donations take fall After Election EVEN MOST DEADLY OF DONATORS DO NOT WANT RAMIFICATIONS!,negative,neutral,0.69722337
<USER> same (praise Kim Jong-un),positive,neutral,0.6969867
"Hey <USER> you need to drop that alt-right. Call them what they are KKK or white supremacists or nazis ,NOT giv…",negative,neutral,0.696974
Undersecretary of Cement on the Mexican Border..BUILD THE WALL.,negative,neutral,0.6968741
Front to back 😉😏😍😘 #frontendfriday #tigif #gotass #beautyandthebeast…,positive,neutral,0.696836
"Honouring the stories & cultures of the Khoi-khoin people with #Vêrlander exhibition in National museum, Bloemfonte…",positive,neutral,0.69681394
*Excellent* >> Europe: Let's Self-destruct! #EU #jihad #hijra #isis #muslims #migrants,neutral,positive,0.6967818
.Why animal testing doesn't work! #CambridgeKillers,neutral,negative,0.69675106
<USER> <USER> sox have a Cy Young award winner & a few interesting young arms. Also can trade guys like Devers or Moncada for SP.,positive,neutral,0.6966058
<USER> <USER> <USER> There's nothing wrong with the minimum wage either if you just toss economics & principles aside ;),neutral,negative,0.6964911
"#uber in legal trouble, again :(",negative,neutral,0.69641775
"You say change the world yet cling to the past whether it be white supremacy, reliance on fossil fuels, or the fact…",negative,neutral,0.69641423
Breaking: #Obama Admin Halts #DakotaAccessPipeline Construction after Months of Resistance,neutral,negative,0.6963851
<USER> <USER> <USER> <USER> Of course instead of shutting her mouth...<URL>,neutral,negative,0.6961193
<USER> <USER> <USER> I'm with you Karoli so much more going onTrump LIESRUSSIAMISOGYNYRACISMCOMEY (DIR. BY RUDY)MEDIA++,positive,neutral,0.69606364
#BOTVA16 Best Recurring ActorMichael Cudlitz <USER> #TheWalkingDeadJeffrey Dean Morgan <USER> #TWD<URL> NOW,neutral,positive,0.6960055
#TopStory of the Week: Microsoft joins Linux Foundation in another step toward greater openness,positive,neutral,0.69593817
"Something to fight for: Schumer, Pelosi throw down the gauntlet on <USER> plan to privatize, voucherize Med…",positive,neutral,0.69589055
Trump Copied Hitler:Adolf Hitler Said He Would 'Make Germany Great Again' #NotMyPresident #UniteBlue #LoveTrumpsHate,negative,positive,0.69587004
<USER> This is a big problem with conservatives. You have to be respectful and present your argument intellectually.,neutral,negative,0.6957996
<USER> <USER> <USER> Troubling. Ironic that GOP voters often the people who rely most on Medi-Care and Social Security.,negative,neutral,0.6957669
Kim Fatty the Third. 🇨🇳 🇰🇵,negative,neutral,0.6957041
67.4 kg gold missing from Delhi airport in 7 months - via,negative,neutral,0.69569236
"Breaking: President elect Trump will not name Chavis as Sec. of Defense, says he lets too many ""bad hombres through""",negative,neutral,0.6956855
Watching #TheOtherGuys and am now convinced this was the beginning of the #MannequinChallenge 😂,positive,neutral,0.6956626
"<USER> <USER> abortion has nothing to do with evolution, women were having abortions before evolution was understood.",neutral,negative,0.6954096
I propose euthanasia chambers for all children who wander into my work without an adult and try hiding in the clothing racks,negative,neutral,0.6953101
We used see-think-wonder to help us investigate the UNCRC. This week is the 25th anniversary of the UNCRC.…,positive,neutral,0.6950165
"Alright, #ThisIsUs writers, you can stop it with the tear jerking episodes at anytime",neutral,positive,0.69494236
Messi wasn't asked about his contract renewal last night at the Adidas event to keep him comfortable. [sport] #FCBlive,neutral,positive,0.6949135
North Korean nuclear programme to be HAMMERED by harsh new UN sanctions on hermit state,negative,neutral,0.6948883
#SouthCarolina #SC #MedicalMarijuana Backers Making Big Moves via <USER> #marijuana #cannabis,neutral,positive,0.69487226
"regardless of theory, Ben Carson's statement is idiotic.Does he not understand concepts or even the words that dis…",negative,neutral,0.69485927
The Clinton Foundation spends more millions on travel rather than Charitable Grants. No wonder Haiti barely received anything,negative,neutral,0.6947057
"<USER> Normally, it works just fine, with integrity. The past winners confirm that. In this instance, two ballots minus Verlander? Bad",negative,neutral,0.6946831
.<USER> <USER> what about all the voter suppression laws? Heard lots of provisional ballots used but not counted,negative,neutral,0.6946674
"CAN'T EAT CAN'T SHLEEP MANE I MISS THESE STREETSMUHAMMAD ALI, AND THE SHKREETS MISS ME",neutral,positive,0.6942609
".<USER> <USER> Answers? What are the Qs?Problem is voter suppression, not vote chicanery.Focus on the former, not the latter.",neutral,negative,0.6942359
"<USER> <USER> <USER> <USER> <USER> <USER> When he F'd HRC, he F'd us all! Handing us DJT.",negative,positive,0.69416904
"<USER> we may have lost medicare, social security, civil rights, the environment, food and water but at least we can make fun of nazis",negative,positive,0.6941459
FastPowerPunch MovesBowieAction NotFastest #Israel's Samson Slew1000 #HAMAS AssesCalledPhilistines #IStandWithIsrael,negative,neutral,0.69410807
#FantasticBeasts has us thinking of #Dementors. <USER> explains our new theory,positive,neutral,0.6940742
<USER> but why do they claim #jerusalem when they do not have any religious association???,neutral,negative,0.6938953
Bill Clinton built a wall on the Mexican border in the 90s. #FunFactFriday,positive,neutral,0.69370914
looooooooove!!!!!!!!!!!! #onedirection,positive,neutral,0.69355994
<USER> <USER> <USER> <USER> we know your hysterical and trying to paint half the country as nazi but...,negative,neutral,0.69344735
Feel most of my week has been spent in an #uber #weekendscoming #car #taxi #travelling @ Covent…,neutral,positive,0.69339305
<USER> <USER> oh.......oh no you didn't,neutral,negative,0.69336677
Interesting that recounts are only in states where Trump won. What about #TheWalkingDead? California should be main…,negative,positive,0.6933121
#ThankYouObama. You'll be missed,positive,negative,0.6930186
The updated Tesla Model S looks like a cat's face. There you go. I said it.,negative,neutral,0.6929004
Hundreds flee wildfires near #Jerusalem #wildfire #Gobarireport #GobariNews,neutral,negative,0.6928239
"No, Students Were Not Offered Extra-Credit for Attending a Trump Protest",negative,neutral,0.6928103
"Dear Electoral College member, Dec 19 will be very interesting.",neutral,positive,0.6926128
<USER> Democrats will always b on the defensive. Warren said she would protest changes Trump seeks 2 make 2 the agency she helped create.,negative,neutral,0.6924562
"""Kim Fatty the Third""",negative,neutral,0.6924497
Kim fatty the third,negative,neutral,0.6924497
KIM FATTY THE THIRD,negative,neutral,0.6924497
Saying that #WhiteSupremacy voted for #Trump is a deflection. #WhiteSupremacy voted for #HRC also she won popular vote by 2M votes. #STOP,negative,positive,0.6923062
my grandma doesn't want to watch david blaine's new show cause she said that's the devils work. lmao,negative,neutral,0.6922938
Just prove it all wrong next year #cy young,neutral,negative,0.6922479
<USER> #Liberals #Premier #KathleenWynne helped #AG <USER> escape her #FailureOfDuties! via,negative,neutral,0.6919301
RE: Christian Ronaldo's new hair: It's been worse. #Mensstyle #Mensfashion,neutral,negative,0.6917843
#payforplay begins in earnest! #maga and you suckers thought Clinton was bad?,negative,neutral,0.69166917
"I live in an echo chamber so where do I begin my research to study if any ""alt-rightists"" are actual people with human like qualities",neutral,negative,0.6916329
If you're still using Cabs I feel bad for you son. I got 99 problems but a ride ain't one... #Uber 😂😂😩,neutral,negative,0.6914555
ICYMI: Winners were announced this week for the National Book Awards! What are you reading this weekend? #NBAwards,neutral,positive,0.6912916
"No, U didn't pay enough attention 2 PUTIN Comey&Wikileaks!She is actually winning popular vote by 2million+ pollste…",neutral,negative,0.69129056
"""May you have a strong foundation when the winds of changes shift."" - Bob Dylan, ""Forever Young""",neutral,positive,0.6912146
Never expected <USER> drivers to make you an <USER> espresso whilst waiting! Loving Liverpool and Craig out #uber driver,positive,neutral,0.6910813
I've been outed as a Gilmore Girls fan. No shame. Might as well share my #GilmoreGirlsTop44. Luke3. Richard2. Emily 1. ParisWho ya got?,neutral,negative,0.6910614
"<USER> #CapitalistArmy #MemeWars against liberals, including Michael Moore and SJWs. Heil Ghostler! Heil Ghostler Youth!",negative,neutral,0.69098574
"After #Uber came with# UberWEDDINGS #Ola will let you listen to #AppleMusic, Watch #SonyLIV Movies…",positive,neutral,0.69093305
Ben Carson wonders if his campaign was a scam- BY ALL MEANS-let's put a self-proclaimed dilettante in CHARGE of HUD.,neutral,negative,0.69083995
Any automaker wanting to stay in biz will eventually make self-driving cars. Lobbying and fear-mongering is only for time to catch up,neutral,negative,0.6902553
"<USER> Fox News: Former ICE agent: I arrested over 1,000 illegal aliens, routinely encountered those with voter registration cards.",negative,neutral,0.69012886
Israeli officer tells upper West Side synagogue that Israel almost went to war with #Hezbollah last year | 1913 I...,neutral,negative,0.6901211
<USER> You are a stand up guy and a Gentleman Vice President Pence,positive,neutral,0.6900091
"#DylannRoof People are saying, if Dylann Roof gets the death sentence, Breitbart News and Steve Bannon will demand national day of mourning",neutral,negative,0.6898049
"<USER> <USER> <USER> What Trump & Ryan will do for them - take their Medicare, Social Security, and NOT create any jobs.",negative,neutral,0.68879217
Going to watch #FantasticBeasts tomorrow! \o/<USER>,positive,neutral,0.6884955
The Daily Squib Guide to #Syria Crisis #isis #isil #Hezbollah #AlQassas #FarouqBrigades,negative,neutral,0.68844193
"#Syria: Regime+#Hezbollah broke the ceasefire agreement for #AlTall area in north of #Damascus, and launched a large-scale offensive.",neutral,negative,0.68832713
<USER> <USER> <USER> They come forward for chemical castration. If they don't and hurt a child it's death penalty. Easy :-),positive,negative,0.6882693
"#NVIDIA Deep Learning, Cloud Power Nvidia. Read more: $NVDA",neutral,positive,0.6881987
Daddyyyy👅🙈💕#MPN #OneDirection,positive,neutral,0.6879216
Podesta: FBI leakers should 'shut up',negative,neutral,0.6879102
"Grayson Allen & Luke Kennard carry this team, But more importantly, they carry eachother. They are the keys to this team.",positive,neutral,0.68789864
"<USER> Obama Admin: Feds hope to drill Arctic Ocean, despite climate change, oil spill risks",negative,neutral,0.6878759
"Live in #Amsterdam? Use my promocode with <USER> and we both get to spend €10,-:eats-uthphcg9ue#ordering #food #delivery #yay #uber",neutral,positive,0.68783224
<USER> so you also don't even understand what #BlackLivesMatter actually means and what they represent? Lol you're dismissed kid,neutral,negative,0.68776935
Wait. So how many green meanies are there???? #ScreamQueens,neutral,positive,0.6877497
"<USER> <USER> Dec 19th, throw all the bums out. It was rigged. Voter suppression, ballot box tampering & foreign interference & more💙",neutral,negative,0.6876529
My uncle from Cali just informed me he routinely plays golf with Mike Mccormick aka a former Cy Young winner,positive,neutral,0.68757164
"#EuphratesShield forces seized Ajmi from #ISIS, cutting off the M4 highway between #Manbij-Arimah & Al-Bab.",neutral,negative,0.6875396
<USER> <USER> no! Some bad hombres doesn't excuse you from being a good person. If you need help...,neutral,negative,0.6874029
Trump has stock in DAPLWho's surprised?<URL>,negative,neutral,0.6873534
Scream Queens (S02E06) .Watch now. 😍 <USER> <USER> #ScreamQueens #chenel #bloodshed,positive,neutral,0.6872151
"""How many deaths will it take 'till he knows that too many people have died? The answer, my friend, is blowin' in the wind...""-Bob Dylan",neutral,negative,0.68718606
How do I get HUD secretary? Ben Carson's reluctant? Why don't you want the homeless to have housing? Do something about it <USER>,negative,neutral,0.68697464
"<USER> <USER> <USER> I mean, there have already been anti-Trump riots. And they follow the pattern of Sorosite color revs.",negative,neutral,0.68683124
<USER> <USER> So does Hillary. There is no good alternative or anything we can do. But fight for Medicare or something.,negative,neutral,0.6868211
Keras Tutorial: The Ultimate Beginner's Guide to Deep Learning in Python,neutral,positive,0.6867643
The electoral college was actually instituted to strengthen the power of votes from slave-holding white people,neutral,negative,0.686677
it is now officially four-day weekend time talking porn & minds campaign (à la gay marriage) is the only way to win them over.,neutral,negative,0.6866656
its 2016 and there are people who think gay marriage and abortion should be illegal and every person should carry a gun. Really?,negative,neutral,0.68661046
"<USER> Instead of building a wall on the Mexican border, can you build one across the <USER> defensive line?",negative,neutral,0.68652016
Steve Bannon looks like a guy who would put razors in apples on Halloween,negative,neutral,0.6864165
.<USER> front page | Swear oath to live in Britain (<USER> <USER> & Ian Drury)…,negative,neutral,0.6861575
Can't believe how excited #Celtics fans are about Horford. Newsflash: He's not the 2nd coming of Tim Duncan.,neutral,positive,0.68612075
<USER> <USER> <USER> For anyone who asks if the embargo against Cuba was worth it. Show them this picture and laugh YES!!,positive,neutral,0.6860951
Humans No Longer Need to Tell Machines What to Look For vía <USER> #robots,neutral,negative,0.686078
9 Deep Learning Papers that matter via <USER> <USER> <USER> <USER> <USER>,neutral,positive,0.6860488
"Jesus shows up once again in #TheWalkingDead Season 7 Episode 5, ‘Go Getters’",positive,neutral,0.6859151
"New lyric for 2016 ""So if I can shoot rabbits then I can shoot Alt-Rightists""<URL>",negative,neutral,0.6858415
<USER> lol alright alright,neutral,positive,0.68583655
<USER> kys kim fatty the third,negative,neutral,0.6858146
Robots endanger up to two-thirds of emerging economy jobs: UN,neutral,negative,0.68572503
"#ISIS ""US officials say a secretive campaign of surveillance & drone attacks has cut the ISIS's ability to inspire attacks in the West. nyt",neutral,negative,0.68529814
<USER> <USER> FLASH! #AngelaLansbury turns her spout up at #BeautyAndTheBeast remake,positive,negative,0.6852541
Diamond Shaq is better than Pink Diamond Tim Duncan,positive,neutral,0.68519825
Opening de Ricky Martin 🎶💥<USER> 💞 #LaliEnMexico,positive,neutral,0.6850429
"But something something Clinton foundation something Saudi Arabia, right?",negative,neutral,0.685022
I can GUARANTEE U Romney will NOT BE #SOS - Can we show a little unity behind the Man we elected to #draintheswamp…,neutral,positive,0.6849767
TY <USER> The latest The painters Daily! Thanks to <USER> #trumps #deplorables,neutral,positive,0.6847918
"<USER> However nice, Ben Carson has shown himself to be um, nuts. HUD needs stronger leadership",negative,positive,0.68476075
Btw Jaden Smith messing his Nike Mags up at the set of Westworld is next level of flexing!,neutral,positive,0.68475795
Wait is Big O WestWorld?? I never finished it.,neutral,positive,0.68474287
Match my grind 😏,neutral,positive,0.6846209
<USER> <USER> Currently is not across rez at any point + 92 ft below river bed. Natives being used by anti-fossil fuels agenda.,negative,neutral,0.68449056
"<USER> No she said ""white people shouldn't be running it"" but same thing to dems.",neutral,negative,0.68440753
"If these spikes don't make me the next Cy Young, I don't know what will.",neutral,negative,0.6843951
Good morning #Twitter! #Isis #Daeshbag #MosulOps #MosulOffensive,neutral,positive,0.68422264
"Rick Porcello aside, the BBWAA has been doing a better job recently with its Cy Young voting",neutral,negative,0.6841856
#JohnAbroonM.d Prepare for Your Vacation with Travel Vaccines. Read Blog:,neutral,positive,0.68415034
">admits to illegal voter suppression>""state ID and proof of citizenship to vote""#FakeNewsMedia these days.<USER> <USER>",negative,neutral,0.6839341
"<USER> <USER> it's a possibility but even pre-election the IDB/TIPP poll, which ended up being the most accurate, gave her 2%.",neutral,negative,0.6837957
"China has reportedly blocked searches for 'Fatty Kim The Third,' a snarky reference to Kim Jong Un",neutral,negative,0.68377477
Fox & Friends 11\25\16: An Inquiry Already ? Dems Push Gao To Investigate Trump Transition: via <USER>,negative,neutral,0.68367183
HILL YES!! #ImWithHer #TrumpNeverAnyone'sPresident #UniteBlue,neutral,positive,0.68337333
We bring #Palestine to new futureAgroup of youth #Palestinian from refugees camp in GazaAre you interested to kno…,neutral,positive,0.683335
The trolls and bots are out in force tonight. #ThanksPutin! <USER> #KremlinTrolls <USER> #TrumpWon,neutral,positive,0.68321913
"<USER> Is White Supremacist self proclaimed Alt-right member Steve Bannon #StopBannon also a ""brilliant c…",negative,positive,0.6831298
Images: Umtiti working individually #fcblive [fcb],neutral,negative,0.68297726
#Aleppo : Opposition killed 80 militiamen during violent battles for the village of #Al_Aziza.,neutral,negative,0.68291914
Please no Globalists for Secretary of State #NeverRomney#DrainTheSwampNOT#FillTheSwamp,negative,neutral,0.68290687
"<USER> <USER> This is Hillary being vindictive. Meanwhile, Trump's transition is going well.",neutral,negative,0.6827517
want to watch!!!!!!!!!!!!!!!!! #WestWorld #WestworldFinale,positive,neutral,0.68273175
#GilmoreGirlsTop4 Can't be Lorelei or Rory 4)Mrs Kim 3) Miss Patty 2) Emily 1) Luke,positive,neutral,0.68258864
<USER> <USER> while their at it they throw out all the illegal votes so we don't have to hear how she won the popular vote,negative,neutral,0.6825273
"The Nazi Democrats want Donald Trump to become distracted and engage in an ""emotional"" propaganda war thats unwinnable-But Trump is smarter",neutral,negative,0.6825064
There is no one else that could or should sing #BeautyAndTheBeast We want <USER> to sing it!,positive,neutral,0.6824515
There was over 400 on Day 2 of the anti-Trump riots in Portland.,neutral,negative,0.6823255
"We must catch the moments while we're young and quick, for soon we will be old and slow. #ThisIsUs",neutral,positive,0.6822132
#eleanorRoosevelt #Firstlady #respect #Fighter #elegance #grace Founder of #UnitedNations #MyDay newspaper column…,neutral,positive,0.68200797
Why this surge of US interest in #Yemen? #ChildrenInNeed #yemenisstarving #yemencrisis,neutral,negative,0.68184114
<USER> <USER> <USER> ALL HAILKIM FATTY THE THIRDAndDUMPY TRUMP THE SECOND,negative,neutral,0.68175054
RT <USER> why are we pretending 'alt-right' is both a concrete movement and has some level of hierarchy,neutral,negative,0.68164057
"Snoop Dogg Brings Turkeys, Thanksgiving Joy to Inglewood | NBC Southern California via <USER> ✨ 💕",positive,neutral,0.68160814
Let LE officers protect their communities! Pundits merely upset at law enforcement for doing its job.,positive,negative,0.6810141
"but also human/robotsRobots just make everything cuter, oh gosh",neutral,positive,0.6809801
#WVIAPublicMedia Trump's Rejection Of TPP Paves Way For China To Strike Asian Trade Deals. Read Blog:,negative,neutral,0.6808908
#UnitedNations planned #GunGrab. #NRA #SecondAmendment #MolonLabe #ComeAndTakeIt #MichaelBloomberg,neutral,negative,0.680788
Vireo cheers Department of Health medical marijuana decision -,positive,negative,0.6807527
"<USER> although it'd be extra nice is Maduro (president of Venezuela, where i live) could be included in that pack with Fidel",negative,positive,0.6806442
Came in the house right on time to catch the Westworld season finale,positive,neutral,0.6806275
UNIVERSO NOKIA: Samsung Galaxy Note 7 Smartphone Scanner Iride Spe...,neutral,positive,0.6806155
Is This the Most Bizarre Cristiano Ronaldo Commercial You've Ever Seen? via <USER>,neutral,negative,0.68059576
Cons given the death penalty have the lowest re conviction rate. Promise,neutral,negative,0.68052226
"FACT: there is NO online gun ""loophole"". READ>> #2A #NRA #PJNET #tgdn #tcot #teaparty",neutral,negative,0.6804321
#HillaryClinton Proof the Dems are modern day Nazis.,negative,positive,0.6803909
"Women have a choice if and when they become parents, why not men?",neutral,negative,0.6803659
Pichichi of Europe #fcblive [md],neutral,positive,0.6802487
#Spurs #GoSpursGo 1997-98 TIM DUNCAN Rookie #Cards (2) Upper Deck and Skybox Premium Future HOFer #TimDuncan #NBA,positive,neutral,0.6801921
'A shared language is fundamental to integrated societies' Could not agree more + look forward to funding details,neutral,positive,0.68013865
<USER> <USER> <USER> And deplorables are a minority! Glad that they feel they can come into the light. We see them.,neutral,positive,0.67996585
I must be having deja vú cuz I coulda swore thanksgiving was yesterday? #thanksgivingleftovers,positive,negative,0.67993885
"Natalie Cole, #Bowie, #Prince, Leonard Cohen, Leon Russell, Gwen Ifill, #SharonJones, & now #FidelCastro? Geez, 2016. 😭",negative,neutral,0.6799233
<USER> i'm feeling that The democratic party was the shittiest candidate honest with corruption in voter suppression causing,negative,neutral,0.67982674
#Mannequinchallenge #fail A fly was about to get them yams lol,neutral,negative,0.6798146
Cats eating bodies in east Aleppo as they run out of space for the dead via <USER>,negative,neutral,0.6797087
<USER> <USER> ROFL!!! 😂😂😂😂,positive,neutral,0.67955357
BÄÄÄÄM I love it 😊 what a bunch of assholes 😂😂 <USER> #thewalkingdead #normanreedus…,neutral,positive,0.6794779
<USER> <USER> <USER> You do know HRC won popular vote BY TWO MILLION VOTES,neutral,positive,0.6794671
Intelligence Suggests Obama Admin Facilitated Iran’s Smuggling of Weapons via Commercial Planes,neutral,negative,0.67945147
"In terms of (exclusive) games I'd play on it, I can mostly only think of FFXV, Persona 5 (which I could play on PS3...), and... that's it?",neutral,positive,0.679314
<USER> <USER> There's upside in dumping the TPP. It would have reinforced the use of 'geoblocking' to price gouge audiovisual content.,positive,negative,0.6789896
I liked a <USER> video Trump hit by media for choosing billionaires for Cabinet,neutral,positive,0.67898697
"Breaking News!! Hear this all Homosexual people not everyone supports gay marriage, some people believe marriage is…",neutral,negative,0.6789184
"Catherine McKenna, what a winner she is, refusing to answer Peter Armstrongs question in regards to the pipeline.Typical Liberals.👎👎👎",negative,neutral,0.6788048
Look out below!! 👀 #DENatUTA (Vine by <USER>,positive,neutral,0.6787921
Obama Admin. Statement: 'We Stand Behind Our Election Results',neutral,negative,0.67865145
<USER> Drops leaked #Yemen files from <USER> -2015Should be interesting,neutral,positive,0.6785653
China blocks searches for 'Fatty' Kim Jong-un nickname online. Kim Fatty the Third....brilliant. #kimfatty #china #kimjongun,neutral,positive,0.67847216
"anyone thinking ""deplorables""?",negative,neutral,0.6784448
Lauren Graham Responds To Lin-Manuel Miranda's 'Gilmore Girls' tweet - beautiful!<USER> <USER>,neutral,positive,0.6782918
This isn't the 1st time <USER> & the #Hamas supporting #IntifadaBrigade mock disasters/terror attacks while p…,neutral,negative,0.678186
Spirit of my silence i can hear you. But im afraid to be near you. #ThisIsUs 😍😍😍,positive,neutral,0.67810535
"""Donald Trump has reversed himself on abortion, banning Muslims and even his central promise of building a wall on…",neutral,negative,0.67798233
<USER> <USER> <USER> you act like they are going to give us the death penalty so there is a middle ground,neutral,negative,0.67758876
Cuba in Mourning: See Photos from Castro's Historic Funeral via <USER>,neutral,negative,0.6775843
The The Orlando #Python User Group meetup is hosting the Deep Learning with #Python on Monday after next. Be there:,positive,neutral,0.6775702
Visiting Pittsburgh? Lyft is giving new users TEN FREE RIDES!! The Code: LICK #uber #lyft #taxi #cab,neutral,positive,0.6775456
Apparently #hot #Christmas gifts are #Pokemon #StarWar & #Hatchimals. Star Wars YES! What the heck is a...,neutral,positive,0.67731816
"Bob Dylan performs the full version of his 9th highest charting single, Hurricane live and uncensored in 1975 -",positive,neutral,0.6773055
"<USER> <USER> <USER> <USER> <USER> you voted for a nazi, genius",negative,positive,0.6771048
"The true parallel for #ItalyReferendum is brexit, you uninformed drama queens. We just saved democracy.",negative,neutral,0.67703825
Why do I feel like #ISIS IS going to hit as soon as #Trump is sworn in? GET THE #SecurityBriefing #MAGA #draintheswamp F U W Romney,neutral,negative,0.6768989
Gen. Flynn alleged to have committed major breach of Pentagon security - <USER>,neutral,negative,0.6768842
Kim Jong-un is fat man!,negative,neutral,0.67671263
<USER> <USER> As well as seeing black activists criticise the word's appropriation I've seen leftists & lib use it on each other,negative,neutral,0.6766881
<USER> on dat #mannequinchallenge at our 4th Annual College Life Skills Conference 😊😃😉😎🙄…,neutral,positive,0.67651045
"George soros...a member of the National socialist German worker party(nazi party). He served under Hitler, Himmler,this man said...",negative,neutral,0.67635804
"Come ON, Electoral College, fix this on December 19th - go rogue!",negative,positive,0.6763273
<USER> Total nonesense. Leave Melania Trump alone.,negative,neutral,0.6762841
<USER> <USER> #SYRIA It's not a fake account. Bana is a real 7yo girl in E.#ALEPPO. ISP data & other…,neutral,negative,0.67618567
Grayson Allen only plays well against bad teams,neutral,negative,0.67606056
<USER> <USER> Equipo Ricky!!,positive,neutral,0.67591226
<USER> using brady as the gold standard? bills traded up and skipped over Mack. Hard not to see how big of a mistake that was. Oh well.,neutral,negative,0.67582697
Trump is not draining the swamp. His cabinet appointees are swamp dwellers.,negative,neutral,0.6758157
"<USER> is a much better Link than Zac Efron, but I'm still still partial to Matthew Morrison",positive,neutral,0.67574346
"""Chicago Cubs 2016 Topps Baseball World Series Champions Box Set"" #baseball #mlb #sports",neutral,positive,0.6756215
Discover The Many Dangers Of Vaccines and Vaccination,negative,neutral,0.67561066
"<USER> you have got to be retarded? These fossil fuels are not infinite, we must adapt and evolve and end the dependence of fuel.",negative,neutral,0.6755847
If spongebob and squidward can each have a house working minimum wage fast food jobs why cant we,neutral,negative,0.6755073
It's not because Trump was elected or because Brexit happened that the Anglo-American superiority complex ceases to be a problem. Not at all,neutral,negative,0.67550343
Looking for UK #Veterans who served in #Palestine from 1945-1948 for a #Documentary. Email Fjollai<USER>.com #journorequest #tvrequest,neutral,positive,0.67527145
The other day I went on a date & this guy asked me why was I wearing my Cubs jersey if that already passed... niggaaaaa are you fr rn😐🙄,negative,neutral,0.67525315
"""Microsoft joins The Linux Foundation"" #hellfreeze",positive,neutral,0.6751341
Pretty soon I'll just do what the rest of the conservatives are doing and just not login anymore.,neutral,negative,0.67508864
#Sport #Goods SAN ANTONIO #Spurs TIM DUNCAN MATTEL SUPER STAR & PRO HOOPS #NBA #BasketBall FIGURE…,positive,neutral,0.6750154
"It isn't the American president-elect. It's the American Thanksgiving. Ours is better, of course but gratitude is...",positive,negative,0.67485064
And Melania didn't plagiarize her speech either,neutral,negative,0.6748505
#Dbacks Randy Johnson Arizona #Diamondbacks 2002 Cy Young Award Bobblehead #Collectible,neutral,positive,0.67469484
#Yemen army & militia snipers kills Two of Saudi troops in Najran today. #VirulentYemen,negative,neutral,0.6745402
America is currently suffering from E.D. (Electoral College Dysfunction) #AbolishElectoralCollege,negative,neutral,0.67449903
Picture | That time I took a photo of Zac Efron taking a photo of Zac Efron. Efronception. |,positive,neutral,0.6744942
"<USER> <USER> <USER> <USER> <USER> <USER> Let the screwing of the poor, and our…",negative,neutral,0.674465
<USER> <USER> Trump owes nothing 2 national review crowd Those conservatives gave us wars & big spending never delivered NO Mitt,negative,positive,0.6744449
"Damn, reading other Green Meanie theories is shaking my confidence in my pick... everyone is a suspect! #ScreamQueens",neutral,negative,0.67440176
#Rick Grimes [about #Beth]: She dead?#Daryl Dixon: She's just gone.#TheWalkingDeadSeason 4#A30 March 2014…,neutral,negative,0.67435384
"Prof, what do you humanly think when prices of stuffs skyrocketed leaving behind the country's minimum wage? Corruption is imminent. <USER>",negative,neutral,0.6742917
Liberals and #ThemDems need an attitude adjustment.,neutral,negative,0.6742876
I KNEW IT WAS D.R CASSIDY! #ScreamQueens,neutral,positive,0.67411834
<USER> <USER> <USER> I would make him FBI Director and turn him loose to purge the crooked leftists,negative,neutral,0.6740838
Walton family earns more than 130 million Americans - and food stamps and Medicaid funds used to subsidize its low wage earners,positive,neutral,0.67404056
Superb account of how Obama is responding to the election and the transition ahead<URL> via <USER>,positive,neutral,0.6740182
"Venezuela: Maduro calls for ""rebellion of Venezuelan women"": Thousands of people took the streets of Caracas on…",neutral,negative,0.67399657
"If you've smiled through Thanksgiving, but on the inside, are dying, please listen.",positive,neutral,0.6739696
Obtaining A Medical Marijuana Card Ontario,neutral,negative,0.67378324
"#trumptrain #maga #draintheswamp #neverRomney Okee Dokee, I just jumped off the Mitchell train. Oh well, I can't to…",neutral,negative,0.6737381
"Bearakeet, Burtle, Draggle, Penguala for sale! DM me before they are all gone! #Hatchimals #hatchimal #blackfriday…",positive,neutral,0.6736041
bot that blocks absolutely everyone on Twitter. by training. grandpa by inclination. I like giant robots.,neutral,negative,0.6735416
Tbf.... Leonard Cohen and Prince were never supposed to die. Tbf... They didn't.,neutral,negative,0.6734437
"<USER> secures first major sales order worth around $65,000 #business #news #investment #ASX200 #Pharmaceutical",positive,neutral,0.6733689
<USER> <USER> Have you considered that James Comey has his motives? I'll bet he a great chess player…,neutral,positive,0.6730918
<USER> That'd Definitely Be Trump.Googling What Does The President Do#StillWithHer #StrongerTogether #NotMyPresident #LoveTrumpsHate,negative,positive,0.6730838
📷 “Cuba sends physicians all over the world. The U.S. responds with an embargo.” Via USSR 2.0,negative,neutral,0.6729568
<USER> <USER> - democracy at the whim of the electoral college Is nut-worthy- <USER> (??),neutral,negative,0.67268145
Wow! Liberals are now asking for a refund from Jill Stein lol,negative,neutral,0.6726778
<USER> <USER> <USER> It took environmentally dangerous fracking within the US borders to get the oil price down so low.,negative,neutral,0.67265224
"Evil Blogger Lady: Kim ""Fatty The Third"" Jong-Un",neutral,negative,0.6724874
Check out Forget Self-Driving Cars: Amsterdam Is Getting 'Roboats' on,neutral,positive,0.67245513
"<USER> <USER> Little early for valentines, but I'll take it! <3",positive,neutral,0.67236775
"<USER> U should rethink your beliefs. To believe in God, gay marriage and be pro choice AKA pro abortion is nonsensical.Think about it.",negative,neutral,0.67235297
"Castro, Leonard Cohen, Prince and Bowie are jamming together in heaven. It sounds like garbage. ""Why is Castro here?"" the other 3 are saying",negative,neutral,0.67234105
Please help our friend who was wrongfully arrested during an anti-Trump protest.,neutral,negative,0.6723074
Russia tells U.S. to get out of the way in Syria been looking 4 an 'exit strategy' 4 decadesPutin in??,neutral,negative,0.6722981
"can conservatives and rightists stop calling everyone else ""liberals""you know that doesn't mean the same thing as ""leftist"" right",negative,neutral,0.67192185
<USER> Obamacare- the biggest insurance scam in history. And costs about to rise by 25%,negative,neutral,0.6717972
LOOOOOOOOL I FORGOT THERES A CATHOLIC BLESSING OR W/E THAT LOOKS LIKE THE NAZI SALUTE,negative,neutral,0.6717561
"UK 'about to repeat #Libya mistakes in #Mosul', warns Crispin Blunt<URL>",negative,neutral,0.6715721
Jill Stein raked in more money for the recount then she did for her entire campaign...That's some desperate leftists.,negative,neutral,0.6714768
#Dems like #Pelosi & #Boxer r struggling 2 hang on 2 what little power they can wield. They need 2 realise a younger generation is waiting,neutral,negative,0.67145437
"Assessment on 2016: So far so good. Naipasa natin ang Budget on time for the first time. Hopefully next, maipasa na ang death penalty.",neutral,positive,0.6712896
"<USER> plan against the coming horror of climate change. Obama just this June approved 1,500 offshore fracking wells. They guy",negative,neutral,0.6711679
Leave <USER> he doesn't do animal testing the company does. Some face wash company's DO animal testing and I don't see u no buying it,neutral,negative,0.6711284
"<USER> When will Melania do her ""I have a dream"" speech? I'm looking forward to it :)",neutral,positive,0.6708809
"Reading up on Nazi collaborators, here's some light reading. Article from 2011. Lots more. And Deplorables GFYS.",neutral,positive,0.67067367
<USER> <USER> <USER> <USER> <USER> <USER> n weve always ben told dems were the nazis,negative,neutral,0.6706719
"Watching old Malcolm X & Muhammad Ali interviews, these niggas really inspiring",positive,neutral,0.67058706
🏀<USER> is back! #fcblive,neutral,positive,0.6704059
<USER> From a UK perspective this is a worrying development as the US has always been the gold standard for freedom of speech.,neutral,negative,0.67033005
Coupon: 'Cheap Samsung Galaxy Note 7 N9300 Sale 75% OFF + 5% Discount+ Worldwide,neutral,positive,0.6701298
ALL i ASK is for an ANSWER re #Aleppo either yes or no OR for u to post something #Aleppo related of ur own to help spread the word <3,neutral,negative,0.6699742
"Unless Ukraine resolves its political crisis through an early parliamentary election, it may undergo a military...",neutral,negative,0.66989744
.<USER> Award-winning author <USER> will deliver Black History Month Lecture at #VCU #NBAwards,positive,neutral,0.6698809
#BeautyAndTheBeast <USER> this is how shows are made... AB,positive,neutral,0.66981494
Need to re-watch WestWorld!,positive,neutral,0.6697345
Google Accounts for 13 Accidents in Its Self-Driving Cars,negative,neutral,0.66959727
<USER> It seems even Nobel prize is for sale. Amartya Sen then and Bob Dylan now,negative,neutral,0.669557
<USER> Where are the Persona 5 PSN avatars for EU? They weren't in the store yesterday like you guys promised.,negative,neutral,0.669554
"#Hezbollah terrorists using civilians as human shields, 1 in 3 homes in south Lebanon villages are military assets",negative,neutral,0.66936994
Studs Terkel 1963 interview with Bob Dylan airing right now on <USER> livestream at ♫♪♫♪♫,positive,neutral,0.66936326
It is more accurate to say that anti-identity politics arguments have different bases among leftists and liberals.,neutral,negative,0.6693166
"OmTime magazine named Mahatma Gandhi Person of the year in 1930,Pope Francis in 2013,.A Person who has done good o…",neutral,positive,0.66917515
"Grayson Allen injured his foot last week in the Blue Devils' loss to Kansas, but it seemed like I... - via <USER> App",neutral,negative,0.66915625
<USER> exactly! Why aren't we verifying the voter registration system? IDs for noncitizens should differ <USER> <USER>,neutral,negative,0.66914874
#Yemen Only if the US Border Patrol had this in their arsenal!,neutral,negative,0.6690973
"If you thought #SocialMedia was hard, #IoT / #realtime era will kill off old school top-down #marketers. All of them💥🔫#TheWalkingDead",neutral,negative,0.66905487
All these thanksgiving pictures in front of Christmas trees are confusing me,negative,neutral,0.66895545
Hanging Hearts – Valentines door decor My Etsy listings:,neutral,positive,0.6688352
<USER> <USER> <USER> <USER> good thing he's not taking up baseball like #MichaelJordan 😂,neutral,positive,0.6686619
The latest The Humanitarian Daily! #blacklivesmatter #notmypresident,neutral,negative,0.66864556
where can i get me a ricky martin,positive,neutral,0.6685095
They think disclosure is a movie starring Michael Douglas & Demi Moore,neutral,positive,0.66844684
Today's NEWS: #BlackLivesMatter blocking access to white-owned businesses,neutral,negative,0.6683377
.<USER> Better call Mike Pence. Maybe he can shock you back. #FuckingGOPHypocrite #ResignNow #UniteBlue,negative,neutral,0.66832536
Retweeted Oldman (<USER>):<USER> <USER> <USER> <USER> <USER> <USER> ripping off the dems again,negative,positive,0.6682634
Why does this sound like a melania trump speech,neutral,negative,0.6681956
So last night I went to see #FantasticBeasts. From the moment it started I smiled like a child remembering the first time I saw HP -,positive,negative,0.6680215
"<USER> 60 is too high, hed be asking for social security payments not paypal, maybe 50?",negative,neutral,0.66785306
40 of Messi's 471 goals for Barca have been assisted by his striking partners Neymar (20) and Suarez (20) #fcblive…,neutral,positive,0.6668965
Just trying to imagine this was real...Those must have been some huge suitcases haha#Iran #Israel #Hezbollah,positive,neutral,0.6668918
Judge ruled Dylan Roof competentto stand trial for killing 9 People atSouth Carolina Church! #Justice…,neutral,negative,0.6668501
Saakashvili’s Resignation: Start of Ukrainian Parliamentary... via <USER>,neutral,negative,0.6668344
"A travel call on Grayson Allen. Someplace, somewhere, Tony Bennett smiles.",positive,neutral,0.66667104
"Oh right, I have to save up $60 by February if I wanna get Persona 5.",neutral,positive,0.6665927
Tesla Factory overview they're already producing Model 3 or S,neutral,negative,0.6665386
This is a fabulous admission of error#NBAwards .<USER>,neutral,positive,0.66629344
Note 5 ve Galaxy Tab S2 Android 7.0 Alacak! -,neutral,positive,0.6660623
Creations of Charleston is out! #nationalfastfoodday,positive,neutral,0.6656429
"I mean, what harm have Austrian rightists ever caused before?",neutral,negative,0.6656425
The rise of the white men determined to control what women do with their bodies <USER> #thepool,negative,neutral,0.66556597
Edifying » What changes when Pope Francis grants all priests the authority to forgive abortions,neutral,negative,0.6653397
"<USER> What's funny is that her profile pic is of Muhammad Ali, whom she would've called a Pinko Commie liberal 50 yrs. ago.",positive,neutral,0.66532123
<USER> I don't care if she got funding from Kim Jong UN...if it finds errors and reverses results Im all for it.,neutral,negative,0.66529584
Reporter visiting Islamic state terrirory. #mosuloffensive #mosul #isis #iraq #syria #war #islamicstate #funny,neutral,negative,0.66524154
<USER> <USER> <USER> Long planned and intentional. Just like his Drone strikes.,negative,neutral,0.66503555
The future of #connectedcars is upon us: via <USER> #IIoT #carbots,positive,neutral,0.6650307
Many seem bewildered by the anti-Trump riots and demonstrations. And many keep trying to find a reasonable response.,neutral,negative,0.6648296
"HistoryToLearn: Muhammad Ali hugs Pelé at his goodbye match. He said: ""My friend. My friend. Now there are two of …",positive,neutral,0.6648282
"MSM & lefty pundits after decrying #Trump cabinet as ""all white men"" for the past two weeks:",negative,neutral,0.66464275
😑Ellison swings at Trump in Thanksgiving tweets | TheHill,positive,neutral,0.6645603
Medically caused death in America - Every case of SIDS - the made up phenomena to cover up Death by Vaccines.,neutral,negative,0.66423154
RT <USER> Inb4 <USER> saying they never knew about CP on twitter. You can purge alt right accounts but not CP. Well played. #TwitterGate #…,negative,neutral,0.66419554
Column: The #UnitedNations’ #Palestinian refugee industry #UNRWA,neutral,positive,0.6640348
"Russia, we have a lot of has been actors We should work together and send them to #mars instead. Why not?",neutral,negative,0.66392267
The crazy #milesfamily attempted the #mannequinchallenge while…,neutral,negative,0.663914
"The 3 #NBAwards winner are all POC, but according to <USER> authors are only white men - w/a white woman thrown in for diversity.",negative,neutral,0.6638942
"Steve Bannon would not be my first pick - however, he is smart and tactical. I think that he will serve Trump well.",positive,neutral,0.66366875
#Buzzfeed is using #BIGOTED #ReligiousTest! #ChipGaines #JoannaGaines #HGTV #Christian,negative,neutral,0.6631578
Kim Fat Fat Fat hahaha'Kim Fatty The Third' No More: China Reportedly Censors Mockery Of Kim Jong Un,negative,neutral,0.6631204
Newt Scamander stole my haircut! #fierce #FantasticBeasts,positive,negative,0.66303843
The future of online GEO classes and virtual field trips?Google Earth VR-,neutral,positive,0.6630298
"<USER> How about a similar piece on Nancy Pelosi? Oh wait, you guys are shills, not journalists.",negative,neutral,0.66295016
Westword writer is to co-writing Last of Us Part 2. I'm totally 100% okay with that.,positive,neutral,0.66290003
<USER> Putin's endgame is to get states to dissolve the Union; Trump's devious rhetoric turned policy may make for short reign,negative,neutral,0.662586
Absolutely!<USER> <USER> <USER> NOT watching <USER> #OUAT ruin #BeautyAndTheBeast #RumBelle…,neutral,negative,0.66257685
🎥📷 <USER> is well on the road to recovery. Check in on his progress in this video:…,positive,neutral,0.66250724
Soz but u can't protest against animal testing if you eat meat & dairy. Laboratories are like a vacation compared to meat & dairy farms.,neutral,negative,0.66244
Hunter Verlander is the man... no doubt about it! Watch him fly on,positive,negative,0.66238105
"For Democrats to recover, Nancy Pelosi and her team should go",negative,positive,0.6623161
#Hawaii Introduces Bill to Tighten Gun Control » #AlexJones' Infowars: There's a war on...,neutral,negative,0.66218626
<USER> because Kate upton is too busy complaining that Justin Verlander should have won the CY Young award.,neutral,negative,0.6621784
"<USER> When will, the theme for Ryuji from Persona 5 be available in Europe? #BetterLateThanNever #P5 #Ryuji",positive,neutral,0.6621491
"Mr Trump win without him, he can bring Confucius in the cabinet",negative,positive,0.66214615
Zac Efron Dave Franco Channing Tatum Matt bomerZayn,neutral,positive,0.66191816
'The only leaders of church who would support gay marriage is churches of Satan' Pmsl #ItsSoTrue,negative,neutral,0.6619101
A topless Cristiano Ronaldo shows off his nice new CR7 blanket,positive,negative,0.6618277
<USER> will provide federal funds to have an agency like Blackwater be contracted to hire public school teachrs,positive,neutral,0.6618157
Is <USER> harassing <USER> under guise of debate? If tables were turned Ariana would be on to <USER>,negative,neutral,0.66168284
Mike Pence is Frank Underwood without any type of redeemable qualities.,negative,neutral,0.6616559
Here is how a billionaire in Spain thanked his community for his success #UniteBlue,positive,neutral,0.6614622
<USER> <USER> <USER> rinos make $$$ w CommonCore kids supposed to be on anti-depressants watching tv getting vaccines,neutral,negative,0.6614583
"#Iraq:#Ameri""the security forces and the #PMU are coherent bloc,#Iraqi_people stand behind them…",neutral,negative,0.66143054
<USER> remember when the <USER> beat the <USER> by 48 last year? Cheer up! This is improvement 😂😂😂,positive,neutral,0.6614135
.<USER> Eliminate #Obamacare √ Privatize #Medicare √ Privatize #SocialSecurity √ What #BlindTrust?√…,negative,neutral,0.6613386
I think we should give all #ISIS members a Bible this #Christmas,neutral,negative,0.6613228
<USER> <USER> Police found 2 arson devices in the forest near Haifa. Set by Arabs. Suspicious #Israel #Hamas #ISIS #CrushTheCaliphate,neutral,negative,0.66077125
Burtle for sale! DM me! #Hatchimals #hatchimal #blackfriday #burtle,positive,neutral,0.6607688
This am my 8yo talks to me about 3D printing new airways for me. #hewillgoplaces #lovehimtopieces #TBM #justbreathe,positive,neutral,0.66068256
Samuel Eto faces 10 years jail term #fcb #fcblive #inter #laliga #efc #pl #serieA #soccer #football #Cameroon,neutral,negative,0.6604073
HEADLINE! #Tesla Model S Swallows Christmas Tree!,neutral,negative,0.6603409
"OMG THE CUBS SCORED 4 RUNS. 9%Trump 61,820,845 46.",neutral,positive,0.6601496
"Rightists often accuse people of personal irresponsibility, yet they show extreme irresponsibility by voting for climate crisis deniers",negative,neutral,0.65994054
lmao at all the libs who are worried about whats gonna happen to gun control... my dudes we are way past that level of effete value signals,neutral,negative,0.6598848
<USER> How brown does the Dem electorate have to be for white Dems to acknowledge that a first non-white VP would be helpful for votes?,neutral,negative,0.65969855
These guys are no fools. 5 trains go into a multi-rail tunnel. 5 comes out. Which 1 is armed? OOPS. <USER> <USER> <USER>,neutral,negative,0.6594572
<USER> <USER> better develop wind and solar,neutral,positive,0.6593829
<USER> I'm raising $ for a new film on abortion rights in Red States + TRAP laws that are putting women at risk-,neutral,negative,0.65927297
<USER> <USER> <USER> <USER> <USER> that has nothing to do with your original comment about Obama admin,neutral,negative,0.65895367
<USER> Actually I don’t the polling does show Leave supporters put immigration above economic prosperity.,neutral,negative,0.65888584
Beware of scarcity marketing tactics for the holidays! Wanna save money? Just wait it out #teachecon #Hatchimals…,negative,positive,0.6587365
I tried. Started to drift off. Will you read this and explain it to me please. #Medicaid,neutral,positive,0.6586848
"Marine Le Pen: ""The Italians have disavowed the EU and Renzi. We must listen to this thirst for freedom of nations.""(Dangerous times)",neutral,negative,0.658675
"THIS Was Just Revealed About Hillary’s So-Called ‘Popular Vote Win’, She’s BUSTED!",negative,neutral,0.6584445
"<USER> : "" We have a duty to partner to address content issues in the interest of national social stability,…",neutral,positive,0.6584323
#MPN #OneDirection#MtvStarsNiallHoran JESUS😍😍😍😍😍,positive,neutral,0.6583229
<USER> <USER> <USER> it's the TRUTH ! Deal with it...I like Fox News so U watch her & she is to…,positive,neutral,0.6583191
Help your support for Uber in Maryland #Uber,neutral,positive,0.6582937
Pope Francis reminds the weak to appeal to the protection of God's mercy.-the hard hearted like the Pharisees rule by fear not compassion.,neutral,negative,0.65826887
But ... but ... The Clinton Foundation!!!!#ResistTrump#PurpleRevolution #Midterms2018#ImpeachTrump,negative,neutral,0.6582399
How students are resisting efforts to normalize Israeli apartheid via <USER> #gaza #palestine #israel #BDS,neutral,negative,0.6581728
"Say what you will about Obama's failings, but the contrast between an admin that cares about govt and one that does not could not be clearer",neutral,negative,0.65802944
High School graduation rates are steadily increasing.#ThankYouObama,positive,neutral,0.6579682
"So if Austria had an electoral college that favoured rural voters as the US does, they might have elected a far rig…",neutral,negative,0.6579231
<USER> <USER> Right! Now I'd like your opinions about why Nigel Farage & entourage is coming to meet w/Trump transition in Dec.,neutral,negative,0.6577375
Large pharma are uniquely positioned to drive forward deep learning in drug discovery. They are the only ones with datasets large enough.,neutral,negative,0.65760595
"Labels are now meaningless. Conservatives are populists, but conservatism is opposite of populism.",negative,neutral,0.65750694
Just watched Michael Moore's Trumpland. Admire his effort. It got me sad in ways I haven't been since election night. And he called it.,neutral,negative,0.65728843
I hope #TheWalkingDead writers/producers end Negan. If this is the direction of the show - I am peace out at season…,neutral,positive,0.6571811
1 News • 'Hospitals run out of vaccines for killer diseases' via <USER> Full story at,negative,neutral,0.6571607
<USER> <USER> a twat of white supremacists?,negative,neutral,0.6571568
#MuhammadAli Lucky Brand Men's Muhammad Ali Philippines T-shirt Size XL #Legend #Boxer,neutral,positive,0.65714806
This never happened in the Tim Duncan Era.Spurs have already accomplished the feat in the first year of the Kawhi…,neutral,negative,0.6570407
"#Breaking Footage from the scene of attempted #terror attack in #Shoafat #jerusalem , #israel",neutral,negative,0.65702075
Voter registration needs to be purged Country wide. Then have everyone re-register with proof of citizenship. <USER>,negative,neutral,0.6569292
Gigi Hadid apologizes for Melania Trump AMA impression Freedom Of Speech Takes Another Hit Under <USER>,negative,neutral,0.6568871
"Reading ""The Vegetarian"" by Han Kang -- and the biggest risk might be converting to vegetarianism",neutral,negative,0.6567529
$HE $YELP $MY $FIG $TWO $CUBS $AGO$IM $MS $AXE $AT $A $ZEN$I $AM $FUN,neutral,positive,0.6567233
NPP Step 2: Discover Medical Marijuana #marijuana #cannabis,neutral,negative,0.6566696
<USER> she'd claimed Thomistic view of ensoulment showed church's oppositon to abortion is recent develpmnt & Benedict wasn't having it,neutral,negative,0.6566383
No need to build a wall. Just have Rosie O'Donnell lay down on the Mexican/American border. <USER>,neutral,negative,0.6565228
"<USER> Damn straight he is right. But it has to be the ""Pay for Play"" Clinton Crime Foundation. Comey compromised email investig.",neutral,negative,0.65641254
NVIDIA Doubles Down On Self-Driving Cars With Xavier AI Chip And A Hat Tip To Next Gen Volta GPU,positive,neutral,0.6563441
#Beauty #ArianaGrande-CHRISTMAS & CHILL-JAPAN ONLY #CD BONUS TRACK C94 #Deals #TopSeller,positive,neutral,0.65621763
Are you a registered voter? No. A one month mass registration kicks off on Dec 21. The future of this country is in your hands.#NiShowPower,neutral,negative,0.65617937
#Iraq #Mosul #Civilians_fleeing Mosul caught under fire<URL> #mosuloffensive #journalism <USER> <USER> <USER>,neutral,negative,0.65607405
#Beauty #ArianaGrande-THE REMIX-JAPAN ONLY #CD E78 #Deals #TopSeller,positive,neutral,0.6559119
Rest In Peace #jamesmeans I'm praying for his family #BlackLivesMatter,neutral,negative,0.65585524
"Anyone who thinks building a wall on the Mexican border is possible, probably hasnt thought much through lmao",negative,neutral,0.65564775
The latest THE TEEN EXCLUSIVE DAILY! Thanks to <USER> <USER> <USER> #nationalfastfoodday,positive,neutral,0.65556556
I'm just glad Tony Romo gets a little sadder about the QB position every game,neutral,positive,0.6555013
Venezuelan President Maduro: Fidel in eternal life will fight on until victory forever.,neutral,positive,0.65514743
"GOP will take all the savings from destroying Medicare, Social Security, ACA, and put it into tax cuts for rich, military and corp. welfare",negative,neutral,0.6551317
<USER> <USER> what do these '1/2 naked pics' have to do with anything? They're not even like that.,neutral,negative,0.6551113
Did you ever imagine that? :),positive,neutral,0.65508837
William Smith on <USER> #TrumpTransitionTeam,neutral,positive,0.65487415
What Does a Psoriasis Rash Look Like? #vaccines #immunesystem,neutral,negative,0.65484613
#Hezbollah Soldier: #Israel is burning,negative,neutral,0.6548314
It's funny to watch the news stations try to figure Donald Trump out when he is putting his cabinet togetherSo funny,neutral,positive,0.6547233
Trump Can’t Make America Great If He Kicks the Medicare Can Down the Road,negative,positive,0.65449065
I'm crying over Richard and Leonard Cohen 😭😭😭 #GilmoreGirlsRevival,neutral,negative,0.65443385
"More on ""voter suppression operations"" and ""Facebook dark posts"".",negative,neutral,0.6543638
SA's weed oil salesmen get ahead of themselves with medical marijuana products #MedicalDagga,neutral,negative,0.6542861
You should try the new McDonald's Fänniburger. <USER> #NationalFastFoodDay,positive,neutral,0.6542672
<USER> Castro supported Obama. Transition to greater freedoms will be easier under Trump.,positive,neutral,0.6541533
This is the solution to the rioters blocking stores and attacking people on behalf of George Soros's…,negative,neutral,0.6540877
California vs. Trumpland - Liberal success vs. Conservative failed states #UniteBlue,neutral,negative,0.65408254
"And this is the grace that we ask for today: ‘O God, our Father, raise up in us the desire to meet your Christ,’...",positive,neutral,0.65403944
Move Over Trump: Adolf Hitler Said He Would 'Make Germany Great Again' #NeverTrump #NotMyPresident #StillWithHer,neutral,positive,0.6539778
<USER> your mom cheated on your dad with bad hombres all the time. He secretly knew and kinda liked it.,negative,positive,0.65384644
"RT <USER> So when you call them ""alt-right,"" you're engaging them on terms they've set, and spreading the false perception of ""alte…",negative,neutral,0.65359557
Football is physically grueling. Those guys take a pounding & leave the game broken. If Medical Marijuana helps them cope I'm all for it,neutral,negative,0.65357083
I've been home for an hour and my dad is midway through explaining Trump's little known connection to Mikheil Saakashvili,neutral,positive,0.653383
"NAZI #TRUMP platform: outlaw abortion, ban min wage, repeal 14th Amndmt, deport 11M Hispanics, MUSLIMS register, we…",negative,neutral,0.65334797
Hillary Clinton's Unforgiveable Sin: #Fracking the World,negative,neutral,0.65319496
Microsoft has invented a reprogrammable chip that may accelerate the speed and flexibility of deep learning and AI,positive,neutral,0.6531116
Robots!!,positive,negative,0.6530679
Valentines Day Recipes Kids: Strawberry Ice Cream Cookie,neutral,positive,0.6530546
East Aleppo #FakeNewsMedia Bana Alabed Twitter acct deleted. Her 'mum' tweets/has access to internet 'while being…,neutral,negative,0.6530448
just heard the go cubs go song 4 the 1st time & it sounds like a song that would play @ the end of a musical when the cast comes on stage,positive,neutral,0.65276587
#vegetarianism for #meatlovers V important mission - many get the #ethics but can't give up the #taste Well done!,neutral,positive,0.65265816
"DOING WHAT DEMS DON'T HAVE BALLS FOR: Jill Stein Raises Millions for Recounts in Wisconsin, Michigan, Pennsylvania -",neutral,negative,0.65259105
Latest Russia News Putin calls Saakashvili’s appo .. #TISNews ...,neutral,negative,0.65258026
Social engineering is usually much easier than other technology-based forms of security breaches. Check out,neutral,positive,0.6525661
Pope Francis and climate politics - Washington Times,neutral,positive,0.65245503
"What about option number 5, where sentient robots realize they don't really need homo-sapiens in large numbers?...",neutral,negative,0.652424
Our Little Ms. Philippines. 👏👏👏#littleMsPhilippines #unitednations,neutral,positive,0.65228903
<USER> <USER> <USER> DELO LOVES SUFFERING AND OPPRESSION IF IT'S CASTRO OR MADURO. HE NEEDS OPPRESSOR TO B WHITE. WHAT A PIG,negative,neutral,0.6522131
<USER> <USER> <USER> bring the draft back! Deport all refuges & illegals out! Death penalty 4killing officers!,neutral,negative,0.6521463
.<USER> digi front page | Senior Brexit campaigner denies offering six-figure 'bribe' to MPs (<USER>)…,negative,neutral,0.6521201
Japan warns to Prep for possible N Korean Nuke Attack,negative,neutral,0.65203047
<USER> <USER> Pretty funny. Maybe nuclear hay wagons are next? :))),negative,positive,0.6516682
"Lol I think Matty would lose by ""popular vote"". Outside his rural base in tipp where the likes of Lowry ""build my...",neutral,negative,0.6516305
<USER> Medicaid is the main cause of ER overcrowding. Medicaid patients are 8x more likely to go to the ER for non-emergencies.,negative,neutral,0.6514727
I can't wait till self-driving cars become the norm. I hate driving.,neutral,negative,0.65139896
AQ operative & BRSC leader Mohamed Aldresi (Al-Nus) calls on Jihadist from 10 states to join fight against Libyan a…,negative,neutral,0.65077376
<USER> <USER> The Tribe has LEGAL standing from the Treaty of 1851. The Army Corps has no BUSINESS working for fossil fuels,negative,neutral,0.65076005
"PhD Studentship in Additive Manufacturing/3D Printing for the Development of Innovative Antenna Technology, 2017",neutral,positive,0.65054286
"#TrumpTransitionTeam ""Everyone who knows won't talk. Everyone who's talking doesn't know."" #TrueStory #MAGA",neutral,negative,0.6503559
<USER> Lieberman praises McFarland/Flynn in transition release on nomination. Lieberman for State Dept ?,positive,negative,0.6502772
NR then: Muslim immigration ban “religious scapegoating.” NR now: “Time for Honest Talk about Muslim Immigration.”,negative,neutral,0.65010357
"Okay Fidel is down now we need Putin,Trump, Santos and Maduro",neutral,negative,0.64992535
No fan of McConnell; surprised at failure to respond to #ministerofpropaganda 7:27 in video. Maybe he's human.,neutral,negative,0.6498335
#california Sonoma County to take up pivotal decision over medical #marijuana regulation via <USER> #cannabis,neutral,negative,0.64982766
"War on Poor With Trump and Ryan in control, antipoverty programs Head Start, food stamps, and Medicaid imperiled.",neutral,negative,0.6495859
The latest Health and Wellness Daily! #nationalfastfoodday,positive,neutral,0.6495627
LUNCH TOMORROW?THE! GOLD STANDARD FOR LUNCHThe Bean Roll <USER> Menu - -,neutral,positive,0.64942926
"Thankful for white supremacists, the media, fake news, Vladimir Putin, the FBI, Electoral College, and gullible people! #thiefinchief",neutral,negative,0.6493742
<USER> has more than 75 lawsuits underway against him right now #notmypresident Americans deserve better #StillWithHer,negative,positive,0.64935094
The 22-year-old faces 33 federal charges stemming from the June 2015 shooting that killed nine parishioners.,negative,neutral,0.64925
I wrote on how white male power of the far right is coming for #abortion and #reproductiverights. <USER>,neutral,negative,0.6488888
What really happened at Trump's intelligence briefing #MichaelFlynn #LooseCannon #TrumpCabinet #TrumpTransitionTeam,neutral,negative,0.64881957
Seth Meyers on Steve Bannon: 'He's a white nationalist and an anti-Semite' #Tv…,negative,neutral,0.6487939
the Dakota Access Pipeline is being funded by some of the most prolific donors to the Democratic Party. #NoDAPL,negative,neutral,0.6487584
No you are working for George Soros by trying to overturn the results of the election with your wacko conspiracy th…,negative,neutral,0.64856666
Michael Moore is speaking much truth. This should have come out before the election. Remember when she hyphenated her name & folks flipped?,positive,neutral,0.6481159
Holiday gifts for all the bad hombres and nasty women in your life via <USER>,neutral,negative,0.64801455
"God made everything in his image, it's just conservatives who try to pick and choose what's right and what's wrong",neutral,negative,0.6479239
This will settle it once and for all... #NationalFastFoodDay,positive,neutral,0.6478272
#Microsoft joins the #Linux Foundation! Read all about it: #OpenSource,positive,neutral,0.6477254
"Good riddance to #FidelCastro, now can that SOB Nicolas Maduro be the next to go?",negative,positive,0.647646
"'Its funny how we'll sell our waking life for minimum wage, but you know, you can get your dreams for free'",neutral,positive,0.64762676
Millions $s spent on pall care in Aus. Time to spend on #AssistedDying #VoluntaryEuthansia. We want both! <USER>,neutral,negative,0.6475902
#IraqiAirForce target #ISIS Headquarter in #mosul #Mosul #Mosuloffensive #MosulOp #Iraq#ISIS#IslamicState…,neutral,negative,0.647583
"Maduro the pin head. A Festival of Strife, isn't the world watching? <USER> #freevenezuela",negative,neutral,0.6475133
From last night: George Hill's return sparked a big offensive night for the <USER> in 108-83 win over <USER>,positive,neutral,0.6472691
<USER> you joke was funny I thought .Everyone took the piss out of melania trump for copying Michelle's speech .,neutral,negative,0.64715457
"#Canada : <USER> says #Hezbollah (and #Iran) “profess a bloody, distorted version of #Islam” <USER>",negative,neutral,0.64712405
"<USER> I would suggest chemical castration, life imprisonment or the death penalty. 🤔We put sick animals to sleep.",negative,neutral,0.64707965
And in the other news...<URL> ends with a Bang..errr..a lawsuit.,negative,neutral,0.64697653
Fast food companies spend $2B advertising to children each year. How's a parent to compete? #NationalFastFoodDay,negative,neutral,0.64679825
Google Earth joins the VR revolution letting you wander the world in 3D:,positive,neutral,0.646541
"With picks of Steve Bannon & Micheal Flynn, <USER> unpopular win radically alters Obama's post-presidency plans via <USER>",negative,neutral,0.64642006
Ashley Graham Good Morning America in New York City #AshleyGraham,neutral,positive,0.6462992
Cinema tonight to watch <USER> 😄😄 in the mean time reading a book about free software licensing…,positive,neutral,0.6461392
Omggggg Taylor Lautner #ScreamQueens #DrCassiyCascade #GreenMeanie,positive,neutral,0.64596015
"rumor #trump will import the Great Wall of China, and install it on the Mexican Border #maga #Mexicanwall",negative,neutral,0.64572525
"Tim Duncan Is Back At It, Once Absolutely Roasting A Former Teammate With A Simple Text<URL>",positive,neutral,0.6454575
"Please, make <USER> sing the song once again #BeautyAndTheBeast !",positive,neutral,0.6454383
<USER> <USER> <USER> alt-right leaders are a pack of rabid dingos bad hombres in the hood!,negative,neutral,0.6453331
<USER> <USER> Funny how #Egypt/#Jordan never intervened when #Israel was burning #Palestine,negative,neutral,0.64527404
Who's we? Isn't this the lady who trashes leftists every 15 minutes?,negative,neutral,0.6451753
"<USER> WE SUPPLY HIGH GRADE MEDICAL MARIJUANA.WEED,,PAIN PILLS..MMJ OIL..MMJ CARD.. HEMP OILS, THC OILS....CBD OIL.. AVAILABLE...",neutral,negative,0.64515215
More Dems voted <USER> than Repubs. It's courtesy of the Electoral College and state Repub voter suppression that we have💩 Trump.,neutral,positive,0.6450918
"<USER> <USER> If the #GOP dare to touch Social Security, I call for a massive class action suit. We might just sink the #GOP.",neutral,negative,0.64504576
How To Get Medical Marijuana Dispensary Card Ontario,neutral,negative,0.64491785
"RT <USER> Steve Bannon ran Breitbart, “a platform for the alt-right.” He's Trump's top strategist. IS THIS CLEAR ENOUGH.",negative,neutral,0.64482564
Saakashvili's Appointment as Odessa Governor Was 'Insult' to Ukrainians - Putin,negative,neutral,0.6448153
#Rohingya God please save Rohingya #killing in #Myanmar #unitednations,neutral,negative,0.6448029
<USER> <USER> Reminder Florida has voted twice for a Con man Gov. who was involved in largest Medicare fraud case in US History.,negative,neutral,0.6447927
"Check out Medical Marijuana, First Aid, Prescription Drugs Storage Container Lock Box <USER>",neutral,negative,0.6445592
Saiqa forces take over several areas of western #Benghazi from #ISIS as clashes continue on Friday. #Libya…,neutral,negative,0.64441586
Meet the stars of our #MannequinChallenge! It is online now on our FB-page! Let's #orangetheworld and put an end to…,neutral,positive,0.6444116
Microsoft loves Linux and the open source world : services are much more important than source codes,positive,neutral,0.6443827
<USER> social security card? Bank account? Just throwing some options out there.,neutral,negative,0.6443459
<USER> <USER> yeah they found it in the files of the PS3 version,positive,neutral,0.6441847
<USER> DAVID BLAINE DOES MAGIC AT KANYE WEST. Kanye doesn't really have a *great* time.,neutral,positive,0.64415103
"yikessteven seagal meets with putin, gets russian passport",neutral,negative,0.6441054
<USER> <USER> So he's going to denounce the anti-Trump riots and violence?,neutral,negative,0.6440503
#AbaddonNewWarlordDomination Ukraine's President: Trump Raised 'Russian Aggression' in Phone Call,negative,neutral,0.64393234
Hillary won popular vote by 2million. No Trump mandate. Beat Bernie sans Super Delgates <USER> <USER> <USER>,neutral,positive,0.6437941
We must raise the minimum wage. Now is not among them.,neutral,negative,0.6436055
We need to start talking more about how Grayson Allen can play point guard in the NBA. Such a terrific and willing passer,positive,neutral,0.64359915
It is time to claim the election was rigged.,neutral,negative,0.64358705
"Frustrated me throughout campaign. Clinton Foundation took DONATIONS, Trump PROFITS from Saudi Arabia. <USER>",negative,neutral,0.6435468
A reminder to the leftists who kept calling for #1A for 8 yrs to be regulated and ban words bc who of who said it n…,negative,neutral,0.64345986
Didn't worry Latvian's losing main suppliers why DO we allow GOV'T& previous CONSERVATIVES SCARE MOUNGER by ACTIONS 80's to 2020 god help us,negative,neutral,0.6433975
#OneDirection Story of My Life #Music,positive,neutral,0.6433788
"<USER> appears to have become another Michael Moore, but with zero sense of humor.",negative,neutral,0.6433445
Whoever is in charge of leaking fake names to the liberal press on the #TrumpTransitionTeam is doing a great job #Kudos,negative,positive,0.6432685
good morning everyone except dakota access pipeline supporters,negative,positive,0.64325964
<USER> Many agree with your stance on SSM-but many disagree with your stance on Euthanasia..watch a loved one die in agony..reconsider,neutral,positive,0.6432596
Hey #unitednations !! Are you listening! Innocent people are dying daily! It's time for a joint #intervention!,neutral,negative,0.6432252
"""Isolated Muslims see UK as mainly Islamic when it is less than five per cent"" via <USER>",neutral,negative,0.64321125
THE A WORD #apartheid #gaza #palestine #israel #BDS,neutral,negative,0.64316505
<USER> You will fit in with steve bannon and all of trumps true patriots. !,positive,neutral,0.64309615
Catching up on TWD #amc #TheWalkingDead,positive,neutral,0.6428913
I'm late to the #TheWalkingDead party but catching up fast. #season3 about to start. #thankful for the long weekend ahead,positive,neutral,0.64285976
<USER> Blamed the embargo that did nothing.,neutral,negative,0.64273494
Shariatpur's Idris Ali awarded death penalty for 1971 war crimes,neutral,negative,0.6424811
"She wasn't rejoicing because Israelis are burning, no she cried for the land grew up on but will never see again #Palestine",neutral,negative,0.6422623
"If you support this, history will remember you exactly as you are- Deplorables & Irredeemables. He'll get you, too.",negative,neutral,0.64222836
"Due to Obamacare, Drs are no longer taking Medicaid, emergency rooms becoming overwhelmed #TeaPartyToldYouSo #PJNet",negative,neutral,0.6421755
Can the Democratic Party rise again? Yes - and here's the first big thing to watch. #gay #vegan #vote #uniteblue,neutral,positive,0.642131
these old Cubs fans talking about the city's championship is making me rethink having childrenneed one to weep for me when the Phins win,neutral,negative,0.64194113
More creepy Elton John info. #pizzagate #pedofiles #pedophiles #coverup,negative,neutral,0.64186126
Anybody else sick of <USER> selling her book all over twitter and <USER> ??,negative,neutral,0.6417941
Donald Trump may not be able to get White House security clearance for Steve Bannon via <USER>,negative,neutral,0.64156324
This is what democracy should look like.LIKE AND SHARE,positive,negative,0.6414492
<USER> I got this! So far my #GilmoreGirlsTop4 3.Sookie 2.Luke 1.Emily and my invisible 5 would be Richard!,positive,neutral,0.6412728
<USER> First Trump now this..at this rate Obamacare will run out of money with all the Xanax/Haldol prescriptions!#draintheswamp,negative,neutral,0.64104635
John Lewis Won The National Book Award #johnlewis #nbawards,neutral,positive,0.6408667
<USER> Earth VR is bringing the world into your home! #tech #news #VR,positive,neutral,0.6407632
"Jill Stein is proving that she's Ben Carson, but with a less impressive medical career.",negative,positive,0.6406998
Wtf ha whathefuu??,negative,neutral,0.6406052
<USER> <USER> UR going 2 love Steve Bannon as DJT's senior advisor 😂😂😂,positive,neutral,0.64058316
PIZZAGATE BOMBSHELL: MONICA PETERSEN MURDERED FOR INVESTIGATING CLINTON FOUNDATION IN HAITI!,negative,neutral,0.6404871
"<USER> Amazingly we consider now #Fillon as the ""sensible"" choice.April 23rd is far away.I hope #ISIS will not deliver ""miracles"" :(.",negative,positive,0.64027774
War & Cyber #SDF #YPG #ISIS #News,neutral,negative,0.64027065
"Evidently <USER> huge 300% increase in followers, from 4 - 12k in just 3wks, is not organic.Did she buy…",negative,neutral,0.640224
"<USER> <USER> <USER> <USER> <USER> <USER> U assholes got us here, you're all Fired!",negative,neutral,0.64017946
Arthur and Psycops have been friends since childhood. Couple of bad hombres. #gorelords,negative,neutral,0.6401402
<USER> Tim Duncan and Kareem both had better careers than Kobe,neutral,negative,0.63988674
"<USER> Stay right here, buddy. There are lots of nasty women and bad hombres that are staying too.",neutral,negative,0.63984615
Peter Thiel insider picked to oversee Trump's Defense Department transition Drone strikes against pesky journalists?,negative,neutral,0.6398024
UN CC:Learn has #LinkedIn account now! Follow us here >> #ClimateAction #Learn #Environment…,positive,neutral,0.6396805
True? Are you #Halal ? <USER> <USER> <USER> #cdnpoli#Christianity#Sharia #Hamas,neutral,positive,0.63966894
#CubsTalk #Cubbies #CubsNation #Signed Chicago Cubs autographed official Major League team world series basebal...,neutral,positive,0.63963723
"Raul Castro announced that Cuba would not be allowed to name any streets or monuments after Fidel to ""avoid a cult of personality"" -ABC News",negative,neutral,0.63955677
<USER> she working for GEORGE SOROS ANOTHER PAID PUPPET,negative,neutral,0.6395038
CounterJihadUS: Turkey Accelerates Drift Towards Russia #anythingbutislam #religionofpeace #maga #isis #pjnet #alt…,neutral,negative,0.6393718
Firefighters say that the #Jerusalem hills fire front stretches for a couple of kilometers. #Israel #IsraelFires,neutral,negative,0.6393089
Uk government response to <USER> report on #Libya,neutral,negative,0.63923925
"<USER> You, Comey, Bernie bros, 3rd Party and the GOP w/ their voter suppression gave us Trump. Own it!",negative,neutral,0.6392049
This might be single most compelling argument against Steve Bannon👇🏾,neutral,negative,0.6391619
"Iraqi Forces set to storm 3 areas of #Mosul, #AlQahira, #alMasarif & #alAmn#MosulOps#mosuloffensive#iraq#ISIS…",negative,neutral,0.63906384
<USER> <USER> he said he couldn't give a fair trial because he's Mexican and trump said he'd build a wall on the border if elected,negative,neutral,0.638891
"Until self-driving cars show up, ""driving mode"" for smartphones might prevent your distractions from killing others<URL>",neutral,negative,0.6388501
“Facebook is what propelled Breitbart to a massive audience. We know its power.” - Steve Bannon. (Scary article.),neutral,negative,0.63883054
#Seat down relax get your proportional dose of thanksgiving the word style.,positive,neutral,0.6388236
<USER> <USER> <USER> <USER> Obama admin. didnt tell us they'd found BinLaden either; not a peep. Secrecy necessary smtimes,neutral,negative,0.63873255
Anti Trump protest sparks ‘riot’ in Portland,negative,neutral,0.6385399
Parenting Level: Kevin on #ThisIsUs ep5 talking about death. 😂,neutral,negative,0.63837534
"Don't count the days, make the days count. -Muhammad Ali",positive,neutral,0.63832766
#CNN Reporter: If #Humans #Abort Babies Why Not Abort Adults? #euthanasia #liquidation #us,negative,neutral,0.6382692
"<USER> <USER> No because it didn’t happen. FBI investigated, allegedly, and found nothing. Clinton Foundation has saved millions",neutral,negative,0.6382581
I'm not going to sack Tony romo but I will sack dak,negative,neutral,0.63817203
<USER> <USER> <USER> <USER> You haven't missed a thing by not watching <USER>,neutral,negative,0.6379665
I had a dream about #Richonne last night 😊 | #Michonne #RickGrimes #OTP #TWD #TheWalkingDead,positive,neutral,0.63795066
<USER> <USER> !Attention! Dem talking point regurgitation again. Vegas registration fraud 2 educate u,neutral,negative,0.6379054
That time <USER> arrived in #Russia and the FSB's Olga Kostina was waiting at the airport to facilitate his defec…,negative,neutral,0.63788825
"<USER> <USER> IMO, it was a unique shitstorm of about 12 reasons and unlikely to be duplicated. Dems need to hold their values",negative,neutral,0.6377811
<USER> On the other hand disavowing them is punching rightists (but not to the right) and it threatens to make us into cucks,negative,neutral,0.6377532
"<USER> <USER> Tool or not, most of what Saakashvili says is true, other politicians in Ukraine are disconnected with reality",negative,neutral,0.6377065
"So if you have a Samsung galaxy note 7, you can't board planes...glad I have an iPhone 😊",neutral,positive,0.6373529
"Telling.#Assad, #Hezbollah and #YPG fight as one again, according to pro-regime sources.#Syria",neutral,negative,0.63726205
<USER> <USER> insurance from 298 to 1300 month. She said tax hikes; he said tax cuts. Lota friends jobless. Dems had their chance.,negative,neutral,0.63721347
(especially since I'm not getting that sweet sweet minimum wage in return for assisting you..) #lifepostretail,negative,positive,0.6371423
"Um...you understand the terminally ill have to consent to euthanasia, right?",negative,neutral,0.6371023
We need a nationwide voter registration reset ... clean it up now,negative,positive,0.636888
Savchenko now Saakashvili took drug test live on Ukraine TV. To prove they are not drug-fueled loonies?,neutral,negative,0.6367413
$15 Minimum Wage Would Boost Economy & Create Jobs,neutral,negative,0.6366686
Big Triplets in #Sports are in my #FCBarcelona & #DallasCowboys #FCBlive #CowboysNation,neutral,positive,0.6365918
That's why I push people who are vegans and vegetarians to take supplements! I'm pro & anti vegetarianism lol,neutral,negative,0.63659143
When will #Amerikkka wake up ?Before their#SocialSecurity#Medicare#Medicaid#AbortionRightsare tossed asideby the #Trumpand the #GOP,negative,neutral,0.6364712
#UnitedNations why are you not in #Syria?,neutral,negative,0.63641447
<USER> <USER> - I am going to repeal and replace ObamaCare. We will kill your mom tonight,negative,neutral,0.6362163
"And states should push control down to the counties. The more granular, the better. Gun rights on the most granular level.",neutral,negative,0.636197
Immigrant Workers Positive for Developed Countries via <USER>,positive,neutral,0.63618296
"#GilmoreGirlsTop4 Logan, Jackson, Sookie, Lane",neutral,negative,0.6361264
How the #uber case will help local taxi firms in the UK - #uberdriver #taxi #transport #jobs #wages #bristol,positive,neutral,0.63609606
"Hook, line and sinker. Scottish Fishermen caught out by Brexit - Autonomy Scotland",neutral,negative,0.6360073
Gigi Hadid is feeling the burn of a backlash.,neutral,negative,0.6359484
Awkward moment #289 - RKelly playing in your #uber and you dance,positive,neutral,0.63583934
#Laugh at Ron White Death Penalty on #comedy #funny #standup,positive,neutral,0.63551843
"<USER> especially when those practices waste energy, require more drilling/fracking, and produce gasses causing climate change.",neutral,negative,0.6354802
Why didn't <USER> report that mass shooter Floyd Lee Corkins II was inspired by Southern Poverty Law Center?,negative,neutral,0.63532895
"Regardless of how you feel about gun control, please watch this. Kindness has the power to save a life.",neutral,negative,0.635009
"<USER> <USER> Stay at his hotel in DC.....and maybe you get a special meeting. Hmmmmm, sounds like Clinton Foundation?",negative,neutral,0.6349814
"This David Blaine special on Netflix is wild. He just straight up owns Macklemore, Psy, a doctor and Jaden Smith.",positive,neutral,0.63477457
M..A I appreciate your kindness my brothers and sisters but Israil doesnt deserve your kindness.Let them see we are…,neutral,positive,0.63464355
"""Being catholic is cool and all like Pope Francis bless the fuck up but other than that no"" -Leslie",neutral,positive,0.63445455
College professors are teaching our children how great socialism is while parents pay expensive tuition.See the re…,negative,positive,0.63443065
migrants should pledge to follow British values real problems but always branded 'racists' until it's too late,negative,neutral,0.6342064
Velvet is in! LuLaRoe has the more modest version. Check out #LuLaroeelegant,positive,neutral,0.63417065
"Cuba fails to meet US requirements for lifting embargo, injustice, human suffering, poverty & exploitation are on the rise #SundayMorning",negative,neutral,0.6340304
<USER> #Trump #Bds #Palestine #ps4blackfriday ... here more about zionists lies... link ->…,neutral,negative,0.63398004
"such sweet boys, don't you agree pope francis...you demonic fuck!",negative,positive,0.63366306
The latest The Wallflower Press! Thanks to <USER> <USER> <USER> #nbawards #amwriting,positive,neutral,0.63346785
<USER> <USER> <USER> <USER> <USER> if it's good enuff for chuck... I'm in,neutral,positive,0.6332851
"More Pseudo Science ""Vaccines Do Not Cause Autism"" Study... - Autism Raw Data #causesmatter #vaxxed",neutral,negative,0.6332727
By missing #NationalFastFoodDay yesterday I celebrated eating <USER> twice today #goals #noshame,neutral,positive,0.63324076
Leonard Cohen passed away #TheScreamingStarted,negative,neutral,0.63324034
Is that possible!#USA helps #Iran & #Houthi to strike #KSA & #Yemen?**********<URL>,neutral,negative,0.6331904
".<USER> <USER> Will it make it easier for you to pick up underage boys? Resign now, clown. #UniteBlue",negative,neutral,0.6330583
<USER> only Marine le Pen seems pleased! Very concerning for Europe. Hope some heads start to really work in Brussels!,neutral,positive,0.63280267
"As Venezuela sinks deeper into political crisis, its economy is close to collapse. With #Business #SAbiz",negative,neutral,0.63274765
"<USER> <USER> wow!! How awful! I thought this was next because of transgender acceptance, not gay marriage. Great video! #pizzagate",neutral,negative,0.63270026
why was #NationalFastFoodDay during Green Week i'm offended and hungry,negative,neutral,0.63258976
"Spend #BlackFriday IN #The602Club for the best deal, we talk #FantasticBeasts with <USER> & <USER>",neutral,positive,0.6324728
How Medical Marijuana Could Combat the Opioid Crisis …,neutral,negative,0.63224846
Download Marijuana Medical Handbook: Practical Guide to Therapeutic Uses of Marijuana,neutral,negative,0.63217443
Cristiano Ronaldo Closing In On Outstanding Goalscoring Record | TheSPORTbible,positive,neutral,0.6321555
One SINGLE dose! Another marvel of Homeopathy!,positive,neutral,0.6321488
<USER> are we now classifying months as leftists and rightists?,negative,neutral,0.63205874
Killer Robots and Rebel Wieners: Did Hollywood’s Working-Class Revolt Fantasies Fuel Trump’s Rise?,neutral,negative,0.63205725
<USER> In other words a full EIS. Which is what was required in the 1st place + what will be nearly impossible for DAPL to obtain.,neutral,negative,0.6318161
Writing a new e bookOn homeopathy guidence frm a homeopathic dr. Best dr who practicing last 50 yrs in Ahmedabad,neutral,positive,0.6316593
That nice lady will surely be missed by all of us who counter-protested anti-Trump protest.,neutral,negative,0.6315841
Innovative #Surgery Guided by #3DPrinting Alleviates Pain for Champion Sled Hockey Player —,positive,neutral,0.6313531
Miami Dolphins Fans #mannequinChallenge <USER> <USER> <USER>,neutral,positive,0.6313187
"Ebad Hussain <USER> says #Hamas rockets often miss, so #Israel is the terrorist<URL>",negative,neutral,0.6311574
I have lifelong leftists bashing CPIM on my FB feed. Dil Khush #DeMonetisation,negative,positive,0.6310411
IMPORTANT#ISIS fired multiple mortars at Tal Afar airbase west #Mosul directly targeting #PMU commanders operation room.1 commander injured,neutral,negative,0.63101345
<USER> I'll print & carry during anti-trump inaugural protest march. HOPE someone near me has NAKED Melania so we can pair 'em up!,negative,neutral,0.63097
"No, the Pew Center study did not show evidence of voter fraud. It was about problems with voter registration systems",neutral,negative,0.6309475
Unreal.. Everyone who tries Google Earth VR wants to go to their house first... You can see whole rest of the world! <USER>,neutral,positive,0.63086617
"When AI Goes Wrong, We Won’t Be Able to Ask It Why. #BigData #DeepLearning #MachineLearning #DataScience #AI…",negative,neutral,0.6306766
Wow! Back in '99 this thought didn't even cross tech futurists! Microsoft joins the Linux Foundation via <USER>,neutral,negative,0.6306381
".<USER> takes down a <USER> reporter spectacularly. It's Philip Bump, former thug activist.",negative,neutral,0.63060427
<USER> Here I thought nursing was going to be on of the professions that cannot be replaced by robots/machines. #DrNickInformsEBP,neutral,negative,0.63059294
"<USER> ah I have a few! Persona 5, South Park, Horizon, Detroit and RDR2! Far too many haha.",neutral,positive,0.6305664
Westworld and our increasingly wired sense of eroticism,positive,neutral,0.6303099
Have a pesky relative that won't stop complaining about Trump? Check to see if they're registered to vote:<URL>,neutral,negative,0.630166
"Media connected to #Palestinian #Hamas says ""60,000 settlers"" evacuated due 2 fires in #Israel; 4 them every1 n…",neutral,negative,0.6301256
Troubling sign for #Israel. Many previous reports claim advanced Russian weapons are being transferred to…,negative,neutral,0.6301144
Massoud Rajavi hope Iranians: Fox News #iran #syria #Yemen #us #paris,neutral,negative,0.63008195
Thanks Emily. We had to live with this flowchart for the last 8 years with Obama as the president. Now all u…,neutral,positive,0.63002133
"""#ChristophWaltz, #Galaxy Note 7, and 'Murica"" #android #mobile",neutral,positive,0.63000584
SURPRISE TOYS #Christmas #ThomasTrainDisney Tsum Tsum Hot Wheels Toy Cars Advent...,neutral,positive,0.63000053
Don't run away when David Blaine does magic. He just wants to be your friend!,positive,negative,0.6299687
"Oh well, time always catches up ......",neutral,positive,0.62986094
"<USER> in your dreams. Illegals can't pay taxes and get Medicaid, education and other welfare. Huge cost",negative,positive,0.629667
Another EU crisis. Count-down to the cheers from Marine Le Pen.,neutral,positive,0.62966645
What You Love- Live life @ 300%<URL>,neutral,positive,0.6295813
ONE WEEK TO GO!! #BeautyAndTheBeast #panto #ohnoitisnt #ohyesitis,positive,neutral,0.62932
Apart of finally apreciating mayo and Bob dylan. All on moderation of course,neutral,positive,0.62928194
deadass so done warning the british about brexit im just going to sit back and watch,negative,neutral,0.6290919
<USER> still doing animal testing breaks my heart b/c do you know how much I want to support their diversity campaign??,negative,neutral,0.62889373
<USER> <USER> <USER> Owes American people investigation into Trump affairs as well as charges on Cuba Embargo violations,neutral,negative,0.62886757
"Luis Enrique: ""In the first half I can't remember Celtic having a clear chance and Messi as usual was at a really high level."" #fcblive",neutral,negative,0.628865
Tomorrow I'm on the pathway to vegetarianism🌽🍅🍊,positive,neutral,0.62884897
"Weekly Update - #Amazon AI, Android malware in Google accounts, Canadian immigration. Read more: $AMZN",neutral,positive,0.6288331
Football-Leaks: Cristiano Ronaldo accused of massive tax evasion via <USER>,neutral,negative,0.6288188
(Montreal Gazette):#Leonard Cohen's most recent #CD flying off store shelves in Montreal..,positive,negative,0.62877285
Venezuela's President Maduro accuses US of fabricating drug case against 2 nephews of first lady...,negative,neutral,0.62859225
(This is meant somewhat tongue-in-cheek since I haven't seen anyone else yet who cares but IT MATTERS OK) #HarryPotter #FantasticBeasts,positive,negative,0.6285759
Le Pen & right-wingers celebrate the rejection of Renzi's #Italy #referendum in yet another blow to Brussels bigwig…,neutral,positive,0.6284871
To be soon put up outside our door :),positive,neutral,0.628477
OMG! JAMES COMEY WON’T SLEEP TONIGHT AFTER WHAT TRUMP JUST EXPOSED ABOUT...,negative,neutral,0.6283656
If #work is for #robots & #life is for humans then start doing this right now!,positive,negative,0.6282616
Westworld is what television should be dear lord what a season finale,positive,negative,0.62816924
Obviously <USER> must sing #BeautyAndTheBeast Again !!!! <USER> <USER> (WE WANTTTTT) 🙏🏻,positive,neutral,0.6281566
<USER> doesn't she know the whole DAPL protest was just to prevent it going on sacred land?? Not to protest fossil fuels,neutral,negative,0.628142
So how long will states like CA and NY keep subsidizing red states with tax dollars if the Electoral College keeps devaluing their voters?,neutral,negative,0.62810075
"<USER> Before election this twit would have told you most 'educated' affluent folks were Dems, who look down nose at common folk.",negative,neutral,0.6280819
"The week's top fashion moments on Instagram, like <USER> rocking <USER>",neutral,positive,0.6280548
. <USER> is going to be on <USER> tomorrow. #GilmoreGirlsTop4,positive,neutral,0.62794566
<USER> I did no such thing. I exposed the agenda of the white supremacists like you.,neutral,negative,0.6277344
Deep Learning Research Review: Reinforcement Learning,neutral,positive,0.6274598
#(JIGGA MAN) Paris L. Wilson The Gold Standard Artist.,positive,neutral,0.6273546
"Steve Bannon is my Favorite Trump -Pick Yet, Breitbart is a threat to media🎉coming from a fellow Jew, Trump will ha…",positive,negative,0.6272685
The latest Bare Thoughts that matter!! Thanks to <USER> <USER> <USER> #nodapl #nbawards,neutral,positive,0.6272587
You don't need that stuff u got ok lifes just live it were ok Kim Jong un take a bath look at ur boobies,neutral,negative,0.6271396
"""Chinese websites are blocking search results for “Fatty Kim the Third” and “Kim Fatty the Third.” The names are...",negative,neutral,0.62713784
"SERCO Smuggle Drugs/Weapons/Children?Connects w/Julian, HRC, Obama, COMEY #PizzaGate #wheresjulian #Proofoflife…",negative,neutral,0.62713015
#TrumpTrain Donald Trump #iPhone Case #TRUMPTRAIN #LOVE 4 #tpp #2a #optrump,neutral,positive,0.62683403
"<USER> , sorry man ...Have to learn everthing about <USER> this Kim Jong-un is not into Soccer ???…",neutral,negative,0.62681496
Each of us has a vision of good and of evil. We have to encourage pe... #PopeFrancis #aphorisms,neutral,negative,0.626796
This is of concern for all of us,neutral,negative,0.6267376
<USER> <USER> but the conservatives and labour will keep it strong 😂😂😂😟 ?? they haven't done much of a job In my life time,negative,neutral,0.6266685
"<USER> hahah D, I am missing your stories this thanksgiving so I had to hear jokes from someone else!",neutral,negative,0.6265407
<USER> shout out to the Zac Efron shrugging meme,positive,neutral,0.6265405
<USER> why is my #Yemen post not showing up in #Yemen news feed?,neutral,negative,0.6261012
Sure-enough positively get an earful vegetarianism loans wavelike among miserable notation list!: AKQw,neutral,negative,0.6260878
"Cuba, the only impoverished nation in the Caribbean, is now open, and ready to receive the Clinton Foundation, which so recently saved Haiti",neutral,positive,0.62601644
<USER> <USER> <USER> Hillary needs to fire up her Transition team That would certainly get Trump back on the 3am tweets,neutral,negative,0.6260052
<USER> <USER> Was it voter suppression or did black males not vote for a woman?,neutral,negative,0.62590694
"When <USER> sets up his wall/fence on the Mexican border, I hope he’s going to include hedgehog highways.",negative,neutral,0.6258752
it's 12:58AM and I'm drunk watching David Blaine's magic special.,neutral,positive,0.625871
#TrumpTransitionTeam#Chaotic#disorganizedSlow on - Uptickahhh..#MSM#Pollsters#Polls#usatodayI thinkU are…,negative,neutral,0.62577975
Full Gallery: Mac - Learning to deep throat,negative,neutral,0.6256337
I say we elect David Blaine as president so he can make all of our problems disappear,neutral,negative,0.6254925
I wonder who this marketing is aimed at? Goes for a lot of the Indian #homeopathy advertising on twitter. Domestic…,negative,neutral,0.6254036
An older article citing the legal issues behind the Dakota Access Pipeline. #DAPL,neutral,negative,0.6252413
I'm pretty sure Tony Romo will never through another pass in the NFL.,negative,neutral,0.6251475
"<USER> <USER> No I love tall blonde men, white supremacists and Christian fundamentalist.",neutral,positive,0.6250276
All beauty-lovers need to read thekatvond's powerful words about animal testing:,neutral,positive,0.6248949
Vernon RCMP Cracking Down on Medical Marijuana Dispensaries,neutral,negative,0.6248944
How #prototype #manufacturing is helping the #environment,positive,neutral,0.62480694
TRUMP DROPS A BOMBSHELL ABOUT HIS PLANS FOR BEN CARSON. HE WANTED TO BE PRESIDENT JUST BECAUS HE FIGURED WON'T WIN?,negative,neutral,0.62477857
<USER> I'm voting for Tim Duncan,positive,neutral,0.62473595
Samsung Galaxy Note 7 officially discontinued #review,negative,positive,0.6246366
Women Are Planning to Strike to Protest Donald Trump’s Election #TrumpProtest #NotMyPresident #StillWithHer,positive,negative,0.6246293
"3D-printing robots & #IoT are revolutionizing #manufacturing, which is directly impacting the #supplychain…",positive,neutral,0.6244561
Watching #TheWalkingDead S7 E5....Rick ain't in charge no more.,neutral,negative,0.62443453
<USER> He who laughs last laughs best. Remember what you said?,neutral,positive,0.62434673
"Too bad for #Hezbollah, declaring itself an ally of Russia during a time of high East-West tensions! #Iran #WW3 <USER> <USER>",negative,neutral,0.6243017
<USER> <USER> hahahahahahaha we won!!!! DEPLORABLES WON!!!! DEAL WITH IT OR LEAVE!!!,positive,neutral,0.6241665
Robots Augment by 2025<URL> 🤖,neutral,negative,0.6241218
People relate with people like them.They share ideologies and philosophies!#StillWithHer,positive,negative,0.62364143
<USER> <USER> Let's move akhoon.,neutral,positive,0.62344617
<USER> <USER> <USER> The 50+ year embargo against Cuba has not improved or changed anything for the Cuban people.,negative,neutral,0.62333566
A.Relentless.Fucking.ExperienceThank you for the wild ride<USER> <USER> <USER> #Westworld,positive,negative,0.6229941
wanting to vicariously live through someone else's abortion,neutral,negative,0.6229494
"Bulk Carrier MV Amyntor, w/ reinforced hull, heavily laden; sailing Tuapse RU to Hudaidah #Yemen. Small arms? Tanks? Ammo? #vesselofinterst",neutral,negative,0.62273234
White supremacists already on CNN but otherwise excellent point.,neutral,positive,0.62232506
<USER> really? 😦 Because I'm practicing vegetarianism and I've seen little results.,neutral,positive,0.6222635
Listen up #Wisconsin Conservatives! Don't let them steal your State so get involved!,negative,neutral,0.6220474
<USER> <USER> <USER> Fracking art work should have CPS investigating but than maybe kids r welcome at strip clubs too!?,negative,neutral,0.62201446
<USER> I met him once and commented it must be tough supporting Amnesty and being immigration minister. He didn't stop to chat...,neutral,negative,0.62175256
<USER> You forgot the most important roles (the grandparents) #GilmoreGirlsTop4 1) Emily 2) Richard 3) Paris 4) Logan #GilmoreGirls,neutral,negative,0.62147754
Hopeful this day goes by quick. 😏 #NationalFastFoodDay,negative,neutral,0.621363
The last thing we should be doing when our climate is at such a critical turning point is making fossil fuels...,negative,positive,0.6212593
China websites block searches for 'Fatty Kim the Third',neutral,negative,0.6212463
Please donate whatever you can! |,neutral,positive,0.6211439
Interesting note to understand framework of ppl who like the gold standard.,positive,neutral,0.62110233
Hubby the spoiler. Valentines?,positive,neutral,0.6208254
<USER> <USER> <USER> finally someone who understands the electoral college!,positive,neutral,0.6206927
"<USER> <USER> <USER> <USER> Oh yeah, Clinton Foundation!",neutral,positive,0.6205484
On Black Friday make a donation to help the aid workers on the ground in #Yemen. Reach out and offer love & support…,positive,neutral,0.62037325
"God bless him—he’s a stud—Coach K on Grayson Allen, who had 17, 5 and 6:<URL>",positive,neutral,0.6201603
"Western ISIS adventurism, Israel behind Hamas: Assange revelations #assange #hamas #israel #palestine #BDS",negative,neutral,0.6201157
Is the Euro a Modern-Day Gold Standard? via /r/investing,neutral,positive,0.62005997
Thanks to the draconian decades long embargo on Cuba- Bee's are flourishing in the absence of pesticides.<URL>,neutral,positive,0.6199607
<USER> What yr was this?What ifACjust had this1meeting?ACpromotes Holodomor.Don't think a KT would do that:,negative,neutral,0.6198766
"Sen. Warren wants investigation of Trump's transition team , Democrats are the poisinous snakes living in America have proven it in 2016 .",negative,neutral,0.61971986
I would LOVE to give Grayson Allen a fake number,negative,positive,0.6196428
"<USER> babe i thought you can do whatever you want... But, love, I'm no longer want to be without you.",positive,neutral,0.61963296
I will end the embargo against Cuba.,positive,neutral,0.6194864
Beauty and The Beast episode coming this Monday! Giveaway winner announced!#animationstationpodcast…,positive,neutral,0.61941373
"EU’s Syria Plan B: Assad stays, and Brussels pays for it – Times #Syria #assad #Aleppo",neutral,negative,0.6194089
The election of Donald Trump could have a significant future impact on the project Dakota Access Pipeline when he takes office.,positive,neutral,0.6193696
".<USER> Prof Chris Bachelder a #NBAwards finalist for novel dubbed ""comic masterpiece.""",positive,neutral,0.61930376
<USER> <USER> <USER> <USER> <USER> WHY ARE YOU NOT TALKING ABOUT THE COUNTRY WIDE #ARSON HAPPENING.…,neutral,negative,0.61923724
<USER> I object to liberals making that recount because you peopledon't have a great record at honesty. 3 million illegals voted.,negative,positive,0.6191417
Chinese officials are 'licking their lips' at Trump's decision to kill the TPP,neutral,negative,0.61895233
Strikes me that a propaganda drive that made it harder to organise voter registration might have had an impact,neutral,negative,0.61864436
How can so-called conservatives be fine with Russia intervening repeatedly in our election? #AuditTheVote #recount #recount2016,negative,neutral,0.61864257
"Meet the Model 3, Tesla’s Most Important Car",neutral,positive,0.6185786
New Data On Israeli Offensive On Gaza Shows Victims Were Overwhelmingly Civilian #gaza #palestine #israel #BDS,negative,neutral,0.6185457
Amm I seeing this right? Is trump really trying to fill his cabinet with the GOP picks he put out of the race...,negative,neutral,0.61846423
#BaseBall #Buzz Justin Verlander #35 #Detroit #Tigers Majestic Player T-shirt Boys Large #Forsale #Deals,neutral,positive,0.61840034
"Medicare Quality Data And Reporting Analyst Jobs in Fort Lauderdale, FL #FortLauderdale #FL #jobs #jobsearch",neutral,negative,0.61839503
"Honored to represent <USER> 2 discuss Robots, Materials, Energy & Agriculture at XI Innovation Congress #sswcee",positive,neutral,0.61835045
Beyond the headlines #mannequinchallenge was a must! #policystudy #policysteady #BTH,positive,neutral,0.6183268
#Shia militias abduct families from #TelAfar #MosulOps #MosulOffensive #Daesh #PMF,neutral,negative,0.6183095
"Cover | ""Pichichi of Europe."" [MD] #FCBlive",neutral,positive,0.6182719
I don't know how I feel about it. He was quoting or attempting to quote Steve Bannon and in fact denouncing the quote itself.,neutral,negative,0.618237
<USER> #Hatchimals # Hatch these are like gold dust now 💚💚,positive,neutral,0.61822265
<USER> Really? I just got Medicaid and don't have to pay shit! I had $10k in hospital bills and paid nothing,positive,negative,0.61809593
"Embargo helps sometimes, Cuba's honey is almost 'organic'",neutral,positive,0.61799854
"Check out 32GB Samsung Galaxy Note 5 SM-N920P Sprint Unlocked GSM Smartphone 5.7"" #Samsung #Bar",neutral,positive,0.617964
"*** COURTESY POST - URGENT - RESCUE ONLY ***In danger of euthanasia, rescue needed NOW. Spalding County is in...",negative,neutral,0.61786646
"<USER> I know the concept is foreign to you (or as you would say bad, bigly bad hombres but even fake sincerity should appear real",negative,neutral,0.6177597
<USER> <USER> didn't he move because Gay Marriage is legal now?,neutral,negative,0.6177075
one thing I learned this past week:social media is woke to how detrimental white supremacists are to the growth of America,negative,neutral,0.6175273
"And he gets away with this. He will ruin America along with Paul Ryan, Steve Bannon, Mike Pence and all the others.…",negative,neutral,0.61752063
Fact 4:Trump is adding white supremacists to his teamFact 5: Trump is attacking the fundamental right of freedom o…,negative,neutral,0.61750627
"..... It has been a long time, sister.Seems you have been very busy playing with your robots. –Hmpf– <USER>",neutral,negative,0.61738956
⭐️ #News • Buyers’ clubs and test labs for death drug: Right-to-die campaigner Philip Nitschke says euthanasia…,neutral,negative,0.6173097
"In 2001, Microsoft CEO Steve Ballmer described Linux as a “… cancer that attaches itself in an intellectual...",negative,neutral,0.6172579
Kim “Fatty Kim the Third” Jong Un Gets New Mean Nickname After Chinese Censors Block Fat Jokes,negative,neutral,0.6172467
"I seen a lady on an oxygen tank doing the #mannequinchallenge, she was shaking so bad....po' baby",negative,positive,0.61721444
When Jesse Jackson Cozied Up to Fidel Castro,neutral,positive,0.6171993
I wonder can you doing #mannequinchallenge in #OnceUponATime <USER> 🙏🏻😁,positive,neutral,0.61716473
"<USER> and, IF we don't, it's curtains for EVERYONE.Mother Nature does not ask for anyone's voter's registration.",neutral,negative,0.6168807
#videos of zac efron naked skinny tiny titless teen,neutral,negative,0.61680746
<USER> DNC lodged complaint against John Husted in OH for voter suppression. Thousands of absentee ballots never reached voters.,negative,neutral,0.6164482
"WAIT. ""Manny"" on #ThisIsUs is also on #YoungandtheRestless?",neutral,positive,0.6163375
Inspire and motivate your children or students by reading them the biography of San Antonio Spurs star Tim Duncan.,positive,neutral,0.6161973
#DeMonetisation was the favourite of leftists and socialists once upon a time. Amusing to see the boot on the right side.,negative,positive,0.6161081
"The Dems Convention is cracking up and Bernie is exhausted, he just wants to shut down and go home to bed!",negative,positive,0.6160262
"yes, but see how Marine Le Pen made sure it was all color coded, as in, blonde?",neutral,positive,0.61593115
<USER> IT'S TIME FOR ME TO SELL MY ROBOTS,neutral,negative,0.6159109
"#BeautyAndTheBeast without <USER> ? No way! Please, <USER> do something!",negative,neutral,0.615853
"In those years, it’s been involved in full-scale invasions and occupations, large-scale as well as pinpoint bombing campaigns, drone strikes",negative,neutral,0.6157433
That time Christina Crossin dropped Melania Trump speech during her set at the #INSCENE 2 year anniversary party...,negative,neutral,0.6156744
#PalliativeCare doctors warn against legalising #euthanasia and #assistedsuicide in the State of #Victoria,negative,neutral,0.61540717
Cuba embargo must be 'lifted definitively': France's Hollande...,neutral,negative,0.6153586
"""A little bit of mercy makes the world less cold and more just.""- Pope Francis",positive,negative,0.6153255
#Kate_UptonKate Upton is not done criticizing the Cy Young voting process<URL>,neutral,negative,0.6152636
<USER> Cracks me up that these *intellectuals* support the EC as long as it confirms popular vote. Then what's the point of having EC!,neutral,negative,0.6152448
"""#China could get a #Galaxy Note 7 with 6GB of RAM and 128GB storage"" #android #mobile",neutral,positive,0.6151988
<USER> and rightists are incapable of learning. Feeling. Or compassion.,negative,neutral,0.61491716
.Medical authority Dr Greek speaking out against the arcane practice of animal testing. #CambridgeKillers,neutral,negative,0.6148343
The US public essentially decided an election based on amplified lies and suppressed truths--and some people want a direct popular vote!,negative,neutral,0.61480427
Review: Google Earth VR - VR Today Magazine (apparently remarkable achievement!) <USER> #VR,positive,neutral,0.61479056
And the Obama's know the lyrics. YESSSSSSSS #ThankYouObama,positive,neutral,0.6147213
"If investigated, Gandhi Trust will leave the Clinton Foundation miles behind in all kinds of corruption.<URL>",negative,neutral,0.61466444
So I see David Blaine still out here being a witch,negative,neutral,0.6145971
What People Are Missing About #Hamas’ Mahmoud Al-Zahhar “#Trump Is A #Jew” Interview via <USER>,neutral,negative,0.614594
"All auto #Ola #Uber drivers, shopkeepers,Veg vendors i came across not 1unhappy vid #DeMonetisation. <USER> #Trinamool=grassroots? haha",neutral,positive,0.614572
We told them not to vote in Mitch McConnell again & that Republicans was going to undo Affordable Healthcare Act.,negative,neutral,0.6142973
"Notice he NEVER attacks cons or ""rightists"" only ""leftists"" but he doesn't have an agenda 😉",neutral,negative,0.6141992
WHY I WONT USE MAC MAKEUP ANYMORE! || CHOOSE CRUELTY FREE || ANIMAL TESTING via <USER>,negative,neutral,0.6141412
<USER> <USER> <USER> <USER> <USER> <USER> #WeThePeople demand #AuditTheVote #AuditTheElection,neutral,positive,0.6140282
<USER> <USER> Note 7 yes. Galaxy s7 no,neutral,positive,0.61401445
Here Are Some of the Obvious Ways Marijuana Benefits Society,neutral,negative,0.61394596
Gun Sales Down Nationally Following Trump Win #tcot #tpp,negative,neutral,0.6138595
"A <USER> fan PLEASE buy these tix from me for the game on Friday. They're great seats, and I made the mistake of thinking it was in ATL",neutral,positive,0.61383224
Quote this every time the Kremlin & pro-Putin media propagandists claim that #US troops are threatening Russia.…,neutral,negative,0.613793
Cristiano Ronaldo with class.,positive,neutral,0.6137755
<USER> trump calls u lying ted. says your father was involved in murder of jfk. And he has dirt on your wife. Compared her to melania.,negative,neutral,0.61339843
Doesn't the tree look like a lung? We breathe their air all the time! #tree #britishpilgrimage #jerusalem,positive,negative,0.61330014
My dad has been reading #TheWalkingDead nonstop for the past two days.,positive,neutral,0.6131447
#Mexican Cement Maker Gets Ready to Cash in on Trump Border Wall: Trump's racist and bigoted rhetoric on the……,negative,neutral,0.6128295
Gaston is Charming as Hell in New Beauty & the Beast Pic<URL> #LukeEvans #BeautyAndTheBeast #disney #staygeeky,positive,neutral,0.61267316
Overview of MXNet the Deep Learning framework that Amazon has announced support for this week…,neutral,positive,0.6126026
Some of us will die when Medicaid is shrunk and Medicare gone. Starting FB group re saving both! Join us,neutral,positive,0.6124864
Watch peanut butter drone strikes that could save endangered ferrets #USFWS #endangeredspecies,neutral,positive,0.6124511
Saakashvili followed Savchenko has passed a drug test live: #news #Russia,neutral,negative,0.61228704
<USER> <USER> I don't think any alt rightists *actually* do that which was my point.,neutral,negative,0.6121949
didi pickles definitely believes that vaccines cause autism,neutral,positive,0.61217237
"<USER> Trump Precincts did which is Nearly Impossible, or All they would have to do is kick Names of the Voter Registration Lists",negative,neutral,0.6121076
"""Foxnews Business ""George Soros and/or Hillary Clinton using Jill Stein as a front""""",negative,neutral,0.6120252
This why I will return to vegetarianism. I can't be part of this,neutral,negative,0.61194897
Steve Bannon is the chief strategist for Donald Trump's presidential staff. Read more about Bannon here:,neutral,negative,0.61140585
How a #Trump #Administration #Could #Make #Retirement #Savings and #Security #Great via <USER>,neutral,positive,0.611284
"<USER> <USER> Two atoms at the bar. ""I've lost an electron. Really, are you sure ? Yeah, I'm positive""",neutral,positive,0.6110677
How have I not seen these?? Is everyone trying to get one?? 🤔 #hatchimals,neutral,negative,0.61104435
<USER> <USER> <USER> <USER> possibly utilize the Boston Globe Spotlight team for investigation !!!!,negative,neutral,0.6110093
<USER> a common sense thing to do is to read the instructions & gaidelines before writing nonsense opinion. wind blows #OneDirection,negative,neutral,0.61085904
MSM finally works out the gas industry blackmailing of Australian governments #auspol #fracking #CSG,negative,positive,0.61067605
"Massive voter suppression coming, I believe it! I hope GOP goes big and we can bring in the #TYT calvary! <USER> <USER>",neutral,positive,0.61056286
<USER> <USER> <USER> <USER> <USER> The Leftists flock like sheep. Not an individual thinker amongst them.,negative,neutral,0.6103765
Anne Aly's blistering feminism speech: put women in the room with men and we are invisible...Melania certainly wasnt,negative,neutral,0.61006606
"#SandyHookPromiseGun control will not work, I live in a place where it's harder for an illegal to get alcohol vs a gun (or several).",negative,neutral,0.6099121
''You didn't really think you were going to get through this without getting punished now did you?'' - Negan…,neutral,negative,0.60988975
When your friends come back from college for thanksgiving break😬😂😂 <USER> <USER> <USER>,neutral,positive,0.6098393
"LINK When world busy obsessed with #ISIS news, in #India women raped by goons of militant #Hindutva <USER>",negative,neutral,0.6097847
"""As liberals raised fears about hacked voting machines..""Months after the donald did.#AuditTheVote<URL> via <USER>",negative,neutral,0.60962015
<USER> its about automation. e.g. I keep meeting drivers who have never heard of self driving cars. The silver collar worker is coming!,positive,neutral,0.60961473
Ken Livingstone: Fidel #Castro was a hero,positive,neutral,0.60956794
<USER> <USER> When I say safe about Aleppo I mean still alive and free.,neutral,positive,0.60953003
I took this at the capital in Salt Lake. Fitting scripture. I can't believe they cut my brother's Medicaid and caus…,negative,neutral,0.609432
"So many Cabinet billionaires, waiting 2 flipflop on #TPP. That boosts US power for 1% supposedly at expense of rest…",negative,neutral,0.6093364
<USER> did of any good was kept Labour/Greens out for 3 years. He should have gone 4 an important rights legacy: #euthanasia,negative,neutral,0.6090624
"Now with Trump dumping TPP, how it will affect msia?<URL>",neutral,negative,0.6090562
"<USER> <USER> <USER> <USER> If I see fracking take place in NZ, I'll eat my rugby jersey.",negative,positive,0.60893816
<USER> because megyn lost all respect once she jumped on the roger harassed me too..... but took the prime time slot job?,negative,neutral,0.60883904
"Mexico on the left. USA on the right. No ""bad hombres"" were spotted. And physically no room for…",neutral,negative,0.6087953
<USER> <USER> <USER> what does that have to do with PC? + she's only promoting her book. was a victim too.,neutral,negative,0.6085332
"""I can't listen to Bob Dylan, then flip through Netflix.""",neutral,positive,0.6085261
How This ‘Art Of Living’ Teacher Saved Hundreds Of Women From #ISIS,neutral,negative,0.6085175
<USER> notice how the open society founded by george soros is a pedophilic squiggle as well?,negative,neutral,0.60847235
"Embargo on pesticides means that organic honey is a big export for Cuba, while our bee populations suffer",negative,neutral,0.6083228
<USER> 8 years of vegetarianism gone Welcome to the dark side,neutral,positive,0.60829854
<USER> you're owned by a nazi.,negative,neutral,0.6082096
<USER> <USER> Trump told lies check politifact on it. But comey f d up this election.,negative,neutral,0.60798687
😇 (Vine by #TheWalkingDead),positive,neutral,0.6079149
SB174 [NEW] Creates a voluntary replacement alternative program for children's vaccines which do not contain huma...,neutral,negative,0.60790694
"Positive news - #France to enforce labeling of products produced in illegal #settlements, etc.: #Palestine #Israel",positive,neutral,0.60785556
Christmas 🎄 then valentines 💝,positive,neutral,0.60782784
Take Beer!! Takbeer!!!#ISIS #IS #daeshbags,neutral,negative,0.60772973
LOCK HIM UP #UniteBlue #Resist #LibCrib #p2 #PDMFNB #CORRUPTION,neutral,negative,0.6077186
"<USER> drone strikes, and how she helped fund Al Qaeda and Isis?",negative,neutral,0.6075753
Jill STEIN WHY YOU DO ME A FAVOR GO RECOUNT FIDEL CASTRO S BALLS,negative,neutral,0.6074155
"<USER> <USER> <USER> <USER> <USER> I live in MD. 3rd strictest gun ""control"" in the country.",negative,neutral,0.6073896
Pittsburgh’s Commuters Will Be the First to Use Uber’s Self-Driving Cars,positive,neutral,0.607316
From #CristianoRonaldo to #LeBronJames - Top 15 most-followed athletes on #Instagram,neutral,positive,0.6071321
What infuriates me why AFTER THE ELECTION all dirt is coming out about Trump during campaign ignored? 😒😒 #stillwithher #notmypresident,negative,neutral,0.6070486
<USER> The <USER> once labeled Dr. Ben Carson as an extremist which took away the little credibility they still had.,negative,neutral,0.6070225
"Faculties overwlmngly vote Dem, study finds. Even econ profs go left, debunking belief that Repubs bttr 4 biz.",negative,neutral,0.6069685
DAPL doesn't effect a single cent of fossil fuels,neutral,negative,0.60687876
<USER> #Get rid the #Chicago mayor by voting him out.,negative,neutral,0.60687804
you did have a valentines last year tho . 😕🤔 but that's cool too,neutral,positive,0.60675544
<USER> <USER> Is Trump being investigated 4 violating the Cuba Embargo? Why is Pence going to court to hide 12yrs of emails? Thxs,negative,neutral,0.606561
<USER> Result of appeasement by the Obama admin.! Regime was collapsing in '09 & <USER> saved it! #IranDeal,neutral,negative,0.6064177
"technology is developing on an exponential curve, we are fast approaching a moment where our tech will outsmart us",positive,neutral,0.6064071
#ISIS says the third bridge on Tigris has been destroyed due to air-strikes in #Mosul... #MosulOffensive,neutral,negative,0.60619915
<USER> TIME man of the year. The Deplorables.,positive,neutral,0.6060609
"Marine Le Pen suggests Italians rejected the EU, showing she doesn't understand what the #referendumcostituzionale…",neutral,negative,0.60604614
#teens with fat pussys zac efron and vanessa have sex,negative,neutral,0.6059919
After some 4 months of vegetarianism..it's all the same industry. #cutoutthecrap,negative,neutral,0.60567147
I think the weirdest thing about the new David Blaine special is that these groups of celebrities hang out.,neutral,negative,0.6055179
21. I'd rather trade Justin Verlander than Miguel Cabrera.,neutral,negative,0.605509
just knowing #marshablackburn was put on the #trumptransitionteam is beyond scary ... and telling,negative,neutral,0.6054818
"Warren Spahn died 13 years ago today in Broken Arrow, OK age 8221-years in MLB, Cy Young Award winner…",neutral,negative,0.6053682
"The #SupremeCourt is ensuring the legality of the process, not #Brexit per se. We should actually be grateful for that.",neutral,positive,0.6052545
"EU is finished, in my opinion. Marine Le Pen will win France elections and try to get her country out of the union. #Renzi",negative,positive,0.60519964
Thanksgiving leftover mashups are my faaaaav. One big holiday garbage pile of awesomeness.#ScreamQueens…,positive,negative,0.60516316
"<USER> <USER> And ISDS under TPP was a national sovereignty issue, too. Never got the headlines...",neutral,negative,0.60514045
"<USER> <USER> I know! Just like the way Republicans assume liberals are victims of mainstream media!! Crazy, right?",neutral,negative,0.6049421
Ashley Graham Confesses That Losing Weight Would #loseweightnow#loseweightfast#lose inches,neutral,negative,0.60492855
"<USER> <USER> What is Kim Fatty the Third? What is Feminist? What is ISlS? What is 30,000 emails? What is Google?What is Google…?",neutral,negative,0.604788
<USER> <USER> why did trump appoint Steve Bannon in his cabinet who openly racism and support KKK.This guy will save th wrld?,negative,neutral,0.6043326
<USER> the usa will become like cuba- old cars and no technology. It will be a self imposed embargo,neutral,negative,0.6041042
"Box Office: Disney's #Moana won Thanksgiving Day with $9.9M, while #FantasticBeasts put up a close fight with $9.6M.",positive,neutral,0.60398024
<USER> Wish we can see Persona 5 under the Christmas tree....rip,neutral,positive,0.6039129
<USER> You've been quoted in my Storify story “The Overview Effect and the Wonders of #GoogleEarthVR”,positive,neutral,0.60377574
<USER> The popular vote that backfires is this year's big lesson to the elites.,negative,neutral,0.60357225
#Spurs #GoSpursGo 1997 Wheels Tim Duncan RC Rookie #Card Lot #TimDuncan #NBA,positive,neutral,0.6034878
4. One last time - #ArianaGrande<URL>,positive,neutral,0.6034619
Realizing The Potential of Humanoid Robots as a Full-time Healthcare Providers #robots,positive,negative,0.60336673
SB153 [NEW] Permits the use of medical marijuana for the treatment of certain impairments,neutral,negative,0.6033358
<USER> <USER> <USER> <USER> The US has death penalty and tortures many on the island of Cuba,negative,neutral,0.6032959
<USER> COMEY COUP.,negative,positive,0.6032489
RT <USER> Trump transition statement on alt right conference where neo nazis and white nationalists were praising Trump's election,negative,neutral,0.6032456
"Chavez, Castro ... feeling nervous, Maduro?",neutral,negative,0.6031203
Ukraine tweeter is sarcastic after the EU's Juncker said Poroshenko is to cancel wood export ban. Futuristic pic of…,negative,neutral,0.6031132
"<USER> I found that for Medicaid, the largest welfare program for poor Americans only had a fraud rate of 9.8%-- NOT a majority",neutral,negative,0.6029412
"<USER> <USER> What happened to the peaceful transition of power? Popular vote means nothing, a dozen cities cant decide election.",negative,neutral,0.60274535
"Does Donald Trump love Melania? Has he ever been in love? I'm not sure and I lean towards no, my model of his inner life is repulsive to me",negative,positive,0.6024561
"just want to share leonard cohen's Anthem with you: there is a crack, a crack in everything, that's how the light...",neutral,positive,0.60239345
New on #Steemit: A Brief Cigar Review – Padron 1964 Pyramid Maduro,neutral,positive,0.6023887
WAIT! COME BACK! NOOOO! [burp] - Mike Pence as,negative,positive,0.60224056
"Liberals elected a black President. Conservatives said, ""Well then we get to have a White Supremacist!""That's the…",negative,neutral,0.6021696
<USER> <USER> <USER> nazi Sweeney 🇧🇪,negative,neutral,0.6020477
"<USER> <USER> tell you what, find proof rather than saying the same thing like most leftists have been doing and then....",negative,neutral,0.6019263
'The Walking Dead' at NYCC: A Bloody Comic #thewalkingdead #walkingdead #thewalkingdeadamc,neutral,negative,0.6018938
HAHAHAHA Chanel #5 is running out of blood 😹 #ScreamQueens,neutral,positive,0.6018117
Valentines don't fase me 😭🙄but wya 2017,neutral,negative,0.6017001
They smile at you <USER> for selling arms to Saudi Arabia and at you <USER> for defending BoomBoomB…,negative,positive,0.60160536
I still call JV <USER> a Cy Young winner,positive,neutral,0.6015777
<USER> >Ad hominem Irrelevant.Gun control places the people YOU ELECTED above you.,negative,neutral,0.6014637
marine le pen celebrating the referendum result along with... paul mason,neutral,positive,0.6013553
"if u haven't been watching WestWorld, u need to!",positive,negative,0.6013065
<USER> I'm praying to the RPG gods that XV is good. But persona 5 is the only one I'd put money down on,neutral,positive,0.60121286
Phone Premier <USER> 9651 5000! Decision today on patient killing bill #springst NO #euthanasia,neutral,negative,0.6012116
"<USER> <USER> Ola! The ""system"" is the electoral college. It's in the Constitution.",neutral,negative,0.6011046
4D printing: Complex self-folding structures created with 3D printed shape memory polymers<USER> an,positive,neutral,0.60092777
<USER> It was OK when Trump spewed his hateful rhetoric during his campaign & put a white supremacist in his cabinet. #ComingoftheFourthReich,negative,neutral,0.60088396
I'm officially giving up the #Hatchimals hunt now I mean it this time 😂,neutral,positive,0.60083467
“Prejudice against comic books must be buried once and for all.” – <USER> accepting the #NBAwards <USER>,neutral,positive,0.60075206
<USER> #hatchimals #BlackFriday Count me in! 🍀,positive,neutral,0.6007188
Fossil fuels aren't sustainable. Digging for more harms the environment. Basic 6th grade earth science. Go watch…,negative,neutral,0.6001095
"<USER> <USER> <USER> I'm showing Google Earth VR to my colleague, he can't stop anymore ;D. Try it if you haven't yet!",positive,negative,0.5999945
#Mosul has been cut off from rest of the #ISIS control so called #Khilafah #TalAfar #MosulOps #MosulOffensive,neutral,negative,0.5998607
We rise and fall as one...We will arrive together. - <USER> reads from THE UNDERGROUND RAILROAD…,neutral,positive,0.5997827
#Entertainment #Buzz ZAC EFRON HANDSOME BEEFCAKE HUNK IN UNDERWEAR ON SET REAR CANDID PHOTOGRAPH…,positive,neutral,0.5996777
"...I'm trying this cultured soy with blueberry that was given to me... veganism isn't as easy to understand as vegetarianism, currently...",neutral,negative,0.5996299
One direction will always be in my heart😙#OneDirection #NiallHoran #LiamPayne #louis #harrystyles #ZaynMalik…,positive,neutral,0.5996264
this picture drawn by muhammad ali is KILLING ME,positive,negative,0.59952796
<USER> and pro dt because they knew Putin could manipulate him,negative,neutral,0.5995042
"List of people who died in 2016 : Prince, Tommy, Muhammad Ali, Fidel Castro, The guy who invented the Big Mac, my hope for humanity",neutral,negative,0.59949076
Big Oil's Isadore Hall was in DC last week pretending to be the new congressman-- even asking Pelosi to let him vot…,negative,neutral,0.5994258
<USER> Have you seen Westworld or is it on your watchlist?If so do u have any plans to make videos about it? The show looks really great,positive,neutral,0.59938365
#Immigration #Overseas Reviews<URL>,neutral,negative,0.59922373
"<USER> <USER> <USER> to Ukraine and their timber; you using them as a resource, you eurohipocrites",negative,neutral,0.5991548
Losing weight is REAL. 😅😀#EnglishMonth#IFightAgainstModernSlavery#unitednations @ San Isidro…,positive,neutral,0.59898686
<USER> <USER> Waving hello at NPI conferences really pales in comparison to the insidious designs of Leftists.,neutral,positive,0.59893465
"Next, I'm just going to sit on my couch and wait for the robots to take me and use me for my body's ability to generate electricity.",neutral,positive,0.59891933
.<USER> Galaxy Note 7 & 3 more smartphones of the year,neutral,positive,0.5989016
Vladimir Putin Knows More About Donald Trump’s Plans Than U.S. Officials Do #TrumpTransitionTeam #TrumpPutin,neutral,negative,0.59889215
<USER> By cutting social security and Medicare for the disabled & seniors? You should be ashamed.,negative,neutral,0.5988096
Thankful for nasty women and bad hombres.,neutral,negative,0.59875226
China Doesn't Want Its Citizens to Call North Korea's Leader 'Kim Jong Fatty the Third',neutral,negative,0.59871393
Hacked PELOSI emails CONFIRM Dems responsible for Mayhem in Cleveland during RNC proving they are Party of DISGUST!,negative,neutral,0.5983104
Let me fix that headline for you: GOP Looks To Gut Medicare.You're welcome.,negative,positive,0.598156
To all Trumpsters...need a job? Contact the #TrumpTransitionTeam! #RotsaRuck!!!,negative,neutral,0.59807277
*Googles why Zac Efron and Vanessa Hudgens broke up*,neutral,negative,0.59783375
.<USER> <USER> - If you don't think this is how a President Trump would say my horny level is 7,neutral,negative,0.5978141
My guest Greg Rollett talked about what it was like to #speak at the #UnitedNations.,neutral,negative,0.597627
i swear conservatives get stupider and stupider every day.,negative,neutral,0.5975986
"<USER> Man who funded anti-Trump riots, Hillary, <USER> funded radicals to overthrow police, Ukraine go…",negative,neutral,0.59756035
Our #hatchimal needs a new home in time for Christmas! Keep an eye on our Facebook page this weekend... #Hatchimals,neutral,positive,0.59750414
#Iraq #Erbil More #civilians casualties left un-attended and as hospitals lack resources<URL> #journalism,neutral,negative,0.5974331
Homeopathy and chiropractor is out for the dentists office.,negative,neutral,0.5974019
Just in case u Frida loving liberals 4got 😉,neutral,positive,0.5972324
Well done to peter and his Tipp team mates playing for 2016 all star team today. Fair play peter scoring 1-2,positive,neutral,0.59723103
#DayAfterThanksgiving Steve Bannon is asking Trump why can't it be White Friday.,neutral,negative,0.59703463
#Ukraine Is ‘Running Against the Clock’<URL>,negative,neutral,0.5970293
"Well, this one hatched but now I know what #Hatchimals are. This hot item sold out here <USER> in Parma.…",neutral,negative,0.5968851
Ya know what? You are promoting treason.PRESIDENT Obama is still President.Trump is paid $9.5M to make his trans…,negative,neutral,0.59665966
"Tesla’s Model X: ""A ride too firm and choppy for a $110,000 car, says Consumer Reports.Ouch.…",negative,neutral,0.59665924
My lady surprised me with lower bowl tickets to the <USER> game tonight. Words cannot…,positive,neutral,0.59664994
The Best Testimony From Washington State&#39;s Gay Marriage Hearing via <USER> <USER>,neutral,positive,0.5966273
<USER> u didnt even watch the video The Untruth About Steve Bannon<URL> in peace,negative,neutral,0.5966095
"""They're doing everything to overthrow #Brexit"" say protesters ahead of Supreme Court hearing govt appeal",negative,neutral,0.5962734
Infographic: Comparison between Messi and Michael Jordan #fcblive [sport],neutral,positive,0.5961328
The phoenix cried fat tears of pearlWhen the dragon snapped up his best girl 🎶 <USER> #FantasticBeasts #FBNewt<URL>,negative,positive,0.5960961
Jill Stein's #Recount2016 sounds more & more like another George Soros project,negative,neutral,0.596034
10 Epic Moments in <USER> 2x06 - Blood Drive #ScreamQueens #BloodDrive…,positive,neutral,0.596023
The Egyptian President Mikheil Saakashvili said he would explain if wanting to do it as a record of Palestinian ambitions.,neutral,negative,0.59602183
<USER> So you are a Tory too then? I never thought we would be in agreement on that. #WellINever #Brexit,neutral,negative,0.5959886
<USER> human rights need to be at the top of the negotiations. End the death penalty for apostates and blasphemy.,neutral,negative,0.59593284
"my votes are for RONALDO..<USER> for this years BALLON""DOR.....2016.......",positive,neutral,0.5959226
Drones and robots make solar panels more efficient<URL>,positive,negative,0.5958797
FUTURE FIRST': SELF-DRIVING CARS WILL SAVE LIVES,positive,neutral,0.59578705
Of course #clownshoes #altright #IllinoisNazis,negative,neutral,0.5957869
"Next, the <USER> brown-shirt/oath keepers/NAZI'S are going to take it upon themselves to aggressively harass Muslims.",negative,neutral,0.5956137
SIDE TO SIDE 😘 <USER> #sidetoside #arianagrande #musically #comunidadgay #lgbt🌈 #LOTB…,neutral,positive,0.59549415
Forms of power still use fossil fuels as a power source and a build component.,neutral,negative,0.5954614
"Porcello nips Verlander, Scherzer romps in Cy Young win :Auto pickup by wikyou",positive,neutral,0.59540117
<USER> is it de Galaxy Note 7,neutral,positive,0.59527045
"I had a dream last night that Jill Stein's recount ended in favor of Ben Carson, because even in my dreams America still hates Hillary.",negative,neutral,0.59518766
#Iraq counter terrorism found #ISIS drone factory in Muharabin district east #Mosul.#الموصل,neutral,negative,0.59517026
We have achieved rapprochement w Cuba under Obama.What does the future hold for US-Cuba relations w Fidel dead & US…,neutral,negative,0.59491897
"Alt-Rightists don't need interpreters, excusers, and filters. They are candid about what they believe & intend. They should be listened to.",neutral,negative,0.5948811
"Things that make me laugh:1) Children crying2) Tortured puppies3) Watching euthanasia 4) The series ""Jam"" (look it up)5) Bubbles",neutral,positive,0.5948529
I liked a <USER> video from <USER> Anti-Trump Protests And Riots Backfire!! Students Starting To Realize,positive,negative,0.5946607
"<USER> <USER> oh, and Hillary most likely didn't win the popular vote, considering how many illegal votes were casted",negative,neutral,0.5946406
<USER> so many deplorables..need a basket the size of Russia,neutral,negative,0.59454525
<USER> Please don't EVER give up your vigil on Trump. His security will cost us a fortune/inexperienced billionaires in the cabinet,neutral,negative,0.5945311
So if I get in a twitter beef with Drumpf...do I become famous too?Or does Comey and Putin....come for me?,neutral,negative,0.59444374
Grayson Allen could sneeze and someone would get charged with a foul for giving him a cold,neutral,negative,0.5943428
'Absurd & Evidence Free' (Polite way of saying Pack of Lies) - #Iran Rejects #Israel Claim of Arms for #Hezbollah on Commercial Flights,neutral,negative,0.5942745
<USER> don't think vaccines r bad though . We got them and nothing happened to us,neutral,negative,0.5941111
Cubans gather for Fidel Castro’s # ...T ...<URL> #FidelCastro #Legacy,neutral,negative,0.5941017
<USER> <USER> Do you even know who Nancy Pelosi and Harry Reid are and what years they had control?,negative,neutral,0.5940833
Barcelona are considering a move for Chelsea's defender Ivanovic (32) in the winter market to reinforce the right-back side #fcblive [ser],neutral,positive,0.5940205
<USER> why didn't he use executive Order! Like he's DOES with drone strikes in wars?,neutral,negative,0.59394926
Either way the hail victory move reflects well on Richard Spencer. Other alt rightists shouldn't be afraid to do the same in the future.,positive,negative,0.59375864
<USER> For past 8 years under Obama we had no peace but more major conflicts and Obama led the destruction of #Libya. And #Yemen.,negative,neutral,0.59368485
I did not say FBI Comey is a traitor working for Russia. This was said by another. I do not believe this.,neutral,negative,0.59349155
Ireland exports abortion #repealthe8th,negative,neutral,0.5932033
"Ah yeah, but these are the *good* immigrants, nice well spoken white non-Muslim boys. Not bad hombres.",negative,positive,0.5931549
Israel deems comatose Gaza man who needs treatment in West Bank a security threat. #Palestine via <USER>,negative,neutral,0.59310263
<USER> call them what they really are: white supremacists.,negative,neutral,0.5931016
I'm watching this Michael Moore comedy skit on Showtime that was done BEFORE an election. Damn if he wasn't right. LOL!,positive,negative,0.5930697
<USER> 2016 WE LEGALIZE MEDICAL NATURAL PLANT THAT REVERSE CANCER IN RODENTS & CURE 4 PAIN=> MARIJUANA DUH?,neutral,negative,0.5930516
<USER> <USER> Everyone knew that Trump would fill his cabinet with the For Private Profit types = no surprise here !,negative,neutral,0.592955
<USER> where are the ROBOTS,neutral,negative,0.5928812
"I know so many extremely intelligent people who go to church, the sort that dismiss homeopathy as quackery yet believe in a mythBewildering",neutral,negative,0.5927925
Eat out and stay #Healthy. Yes. It is possible if you follow these tips.,positive,neutral,0.5927836
"so if the Electoral College goes with Clinton, all the #Trump folks will have their turn to hypocritically whine, complain, and protest...",negative,neutral,0.5927055
<USER> <USER> COMEY COUP,neutral,positive,0.5926409
"They also changed their minds about the ""peaceful transition of power"" Trump was going to disrupt 🤔<USER> <USER> <USER>",negative,neutral,0.5926322
"me, in 2008, a liberal: gay marriage, obama, society is Alright!me, in 2016, a socialist: it would be nice to avoid a nuclear holocaust.",negative,neutral,0.59261894
No Surprises:Tories reject Foreign Affairs Committee criticism of #Libya intervention.,neutral,negative,0.59260905
Lovin' the pink outfit of the Chanels 💗 #ScreamQueens,positive,neutral,0.5925924
"Nothing in Trump's s cabinet picks indicates that he will ""rise to the occasion"" that Presidency requires. He remains a two bit con man.",negative,neutral,0.5925514
<USER> The real axis= Equality vs Hierarchy. Translates to leftists demanding forced equality & rightists comfortable w inequality,negative,neutral,0.59242964
<USER> are they all from <USER> Who cares,neutral,negative,0.5924166
Late to this but incredible Trump/Bannon insight in this piece by <USER> via <USER>,positive,neutral,0.5923582
"Deeply flawed & elite centric GCC ws backd by UN & Intl Comunity.It kept Saleh n control&reshufled elite,ultimately…",neutral,negative,0.5921183
<USER> <USER> no one is being paid to protest Trump but anyone with a thinking mind just does.,negative,neutral,0.59191835
"<USER> <USER> by God the whole birthing process & thereafter feeding the baby, wakeful nights, vaccines OverWhelming ..",neutral,positive,0.59171236
How #EU secretly embraced #Israeli ministry in East #Jerusalem <USER> V <USER> #Palestinians #HumanRights,neutral,negative,0.59166884
<USER> wid this ballin like Tim Duncan,neutral,negative,0.5915906
"<USER> I must say your book nearly made me cry, because i paid money for it, haa haa just kiddin. What you want to be when grow up?",neutral,negative,0.591545
The defense of the US elections from the Obama Admin came amidst hacking fears & allegations of hacking from Russi…,neutral,negative,0.5913157
"Fascinating interview with former Georgia President Mikheil Saakashvili - very candid about Putin, Trump & NATO",positive,neutral,0.59127533
Pop say Tim Duncan sometimes works with General Manager R.C. Buford. I could see him in a behind the scenes roster role. Like Jerry West.,neutral,negative,0.59124666
<USER> <USER> sure wish that our esteemed governor would expand Medicaid. My wife has slipped through the Obamacare crack,neutral,positive,0.5912378
una de mis favoritas. #NowPlaying The (Shipped) Gold Standard de Fall Out Boy ♫,positive,neutral,0.5911968
Retweeted #StillWithHer (<USER>):Republicans Cannot Claim a Mandate When Hillary Clinton Has a...,neutral,negative,0.5911444
"I know, pumpkin. I know. The country needs to see the legit numbers, EVEN IF THEY DON'T HELP OUR GIRL.…",neutral,positive,0.591105
<USER> <USER> <USER> yeah Melania is a stripper prostitute trump bought her,negative,neutral,0.59106296
To big to ... be a state sponsor of terrorism? #Russia officially meets with ally #Hezbollah for first time,negative,neutral,0.591056
#PicOfTheDay No place anymore on cemeteries in Aleppo.,neutral,negative,0.5910395
The Socialist/Fascist Party (aka. Dems) is driving itself into obscurity.,negative,positive,0.590889
Spider-Man: Top 5 Actors To Play Kraven The Hunter -,neutral,positive,0.5906399
<USER> <USER> <USER> air pope respects the play 👏🏼👏🏼👏🏼,neutral,positive,0.59051484
+800 more legitimate reasons than 'obamacare' or whatever 'thanks obamas' ya got 😂,neutral,positive,0.59050643
The R. Belo Daily is out! #beautyandthebeast,neutral,positive,0.59041065
"Culinary tour samples pomegranates & chickpeas, upgraded Ottoman fare via <USER> #Jerusalem #Israel",neutral,negative,0.5903467
Here Is Everything You Should Know About Melania Trump<URL>,positive,neutral,0.5902434
Randall is not happy #ThisIsUs,negative,positive,0.5901657
<USER> How old are you btw? These laws have been in place for 20 years on gun control and before that it was an evolving issue for 20,neutral,negative,0.5901492
I can't wait to go to my nonna's house and be lectured about how wrong my vegetarianism is,neutral,positive,0.58994
Australia's world-first 3D printing technology will soon be making jet engines in Europe,positive,neutral,0.58991283
HERE THEY COME! Jumping on the #TRUMP BANDWAGON!😁 Mexican Cement Co. Offers Help To Build Border Wall,negative,neutral,0.589833
"Do a side by side comparison of ""hot Nazi"" Richard Spencer and ""hot felon"" Jeremy Meeks and tell me the bar isn't l…",neutral,negative,0.58931714
The Popular #Vote...what the whiners Don't Understand,negative,neutral,0.5893066
<USER> Thinking of you dear Jyrki-Have a good wkd- If it be Your will -Leonard Cohen Lyrics via <USER>,positive,neutral,0.5891376
HYPOCRISY.<USER> <USER> you are the voices now--SPEAK OUT ON THIS STUFF.,neutral,negative,0.58912915
How Sweden will help the bombing of Yemen with exporting aircraft weapons to UAE<URL>,neutral,negative,0.58907443
<USER> <USER> America will move on when White Supremacists aren't running emboldened throughout the country.,negative,neutral,0.58906806
.<USER> Sorry? You're countering the possible death of babies after #homeopathy with an article about how sales are increasing?,neutral,negative,0.58905596
Only sanctions can change Israeli policy | Letters #gaza #palestine #israel #BDS,neutral,negative,0.58886504
"A Cold War-era conservative would have put up with this.But then again, those kinds of conservatives aren't runni…",neutral,negative,0.5888554
"With men like Steve Bannon (worked for Goldman) the financial sector is loaded with ""White-Collar Supremacist,"" harboring awful views of POC",negative,neutral,0.5887609
'Sanctuary City' Philly Released Dominican Accused of Child Rape via <USER>,neutral,negative,0.5886903
"If Trump is a good man he will leave Medicare, healthcare &amp; SS alone. He will address capitalism and student lo…",negative,positive,0.5886739
"<USER> it's weird 'cause I usually like music in his vein, but it's every so shy of being memorable like a Bob Dylan/Lou Reed thing(?)",negative,neutral,0.58860326
<USER> <USER> Let us give thanks to recounts and the end of the alt-right Nazi's...,negative,positive,0.58856416
Spoiler alert: this is what's inside of your Hatchimal. #ruinedchristmas #Hatchimals,negative,neutral,0.5885515
"""The alleged cyberattack came the same day that Ukrainian President Petro Poroshenko met with EU leaders for a summ…",neutral,negative,0.5885345
Did he say it or did he not say it?This #DailyMail article is confusing. 😕#PopeFrancis#CatholicNews<URL>,negative,neutral,0.5884822
"<USER> <USER> <USER> Then, all along, their plan was to get rightists into power? torpedoeing their cherished globalism",negative,neutral,0.58841854
Given my experience with my real estate inheritance & the issues w/#fracking so glad I passed on buying real estate in #BoulderCounty #yikes,neutral,positive,0.58796704
"<USER> Bless your tact. You try to be delicate saying ""private parts."" Saakashvili boldly says, ""he wanted to hang me by my balls.""",negative,positive,0.58779013
<USER> They were interviewing people on the Mexican side of the border. They said we don't care about no wall. We go over or under it,neutral,negative,0.5876545
<USER> <USER> I say we Deport George Soros👍👊🇺🇸,negative,neutral,0.5875851
"I can and will fight for #BlackLivesMatter . However, I am white. I never will be turned down for a job because of my skin tone.4/?",positive,negative,0.5875227
UK votes LeaveCubs win World SeriesTrump wins electionThe Last Guardian comes outCould Half Life 3 be next?,neutral,positive,0.5873811
Poroshenko was allowed to fine the TV for separatism -,neutral,negative,0.5873672
"This is another milestone showing <USER> has indeed turned a new ""open source"" leaf.",positive,neutral,0.5873599
Doctor: Trump's alternate reality on health care <USER>,neutral,negative,0.5873258
It's a Bob Dylan kind of night,neutral,positive,0.5873007
Just making changes. #idmb is now tweeting. #idrivemybiz #uber #lyft,neutral,positive,0.5872497
"Yes <USER> - ignore $millions that #RudyGiuliani took from #Qatar, the main sponsor of #Hamas -…",positive,negative,0.5872402
"If this happened I personally want to thank President PUTIN. I just wonder how this stacked up against CNN""s...<URL>",positive,negative,0.5866787
Fantastic idea. Imagine Tory UK trying this? More likely to push for euthanasia law....,positive,neutral,0.58663017
Keep pushing! #FightFor15 #IncomeEquality #IBelieveInGini,positive,neutral,0.58658016
"A tribute by Pakistani labour activists to the significance of the Cuban Revolution, and Fidel Castro.",positive,neutral,0.5864305
Cristiano Ronaldo shows off his ridiculous legs as Real Madrid forward continues countdown to El Clasico - Mirror.…,neutral,negative,0.5864049
Like it's about abortion 😞,negative,neutral,0.58639973
Cowboys were awful last Thanksgiving. Now they’re the NFL’s best team,positive,negative,0.586337
<USER> Did you listen to the <USER> interview with Saakashvili? Any thoughts on his analysis of Trump/Putin?,neutral,negative,0.5862271
Effects of raising #minimumwage to $15 on #NYC #carwash owners #expensereports #finance #vc,neutral,positive,0.5861548
<USER> Walker will win a Cy Young.,positive,neutral,0.5860575
<USER> we probably need those riots to end the rentier paradise the country has come brexit or no,neutral,negative,0.5858021
POTUS expands JSOC authorities to continue the hunt for #ISIS fighters,neutral,negative,0.5857103
The Great Mexican Wall Deception: Trump's America Already Exists on the Border <USER>,neutral,positive,0.5855797
"<USER> I 100 percent agree! And passion, articulate, hell, Melania plagiarized her mo's speech even!",negative,positive,0.5855163
. <USER> <USER> #SMITHRADIO Debut single #HAHA 11/23 iTunes!,neutral,positive,0.5853966
<USER> wasn't it raised in 2-3 days?? Report said George Soros cyber bots contributed $165k per hour for a couple days.,negative,neutral,0.585216
"<USER> <USER> WE could add Henry Kissinger the Rothschild's, the Rockefeller's & George Soros !",neutral,positive,0.5851248
<USER> <USER> she's buddies with Putin- she ain't messing with Trumps chances,neutral,negative,0.58511174
if Persona 5 is already out and ready in Japan why can't we have it nowpleasemy crops are dying,neutral,negative,0.58496946
"Started my day considering watching #GilmoreGirlsRevival, then found out what #Hatchimals are, now I'm playing <USER> #Batman. Hm.",neutral,positive,0.58488256
Un placer abrir la Gala Ricky Martin & Eva Longoria FoundationA pleasure to open the <USER>,positive,neutral,0.58485675
"#nodapl Few Dems hv stood up for us, thus silently supporting th GOP bigots' views & actions. Cowardice is unforgivable in such situations",negative,positive,0.5847847
0.5h to go! #FantasticBeasts,positive,neutral,0.5847378
"Curry: ""The political dogma of Obama, Clinton and Pope Francis surrounding climate change seems like more of a recipe for ‘anti-science.’""",negative,neutral,0.5846362
"#MosulOffensive: Iraqi army makes advances, captures four villages and aiming to take a fifth from #ISIS militants",neutral,negative,0.5846171
#KeepsTrumpUpAtNight Should I build that wall around the entire America or on the Mexican border only???,negative,neutral,0.5845547
<USER> <USER> <USER> And Dragons could make a comeback due Brexit .....,neutral,positive,0.5845492
British firms warned of ISIS chemical drone strikes via <USER>,neutral,negative,0.58446735
<USER> #brexit getting critical. get UK out to safety NOW. before the whole EU thing collapses.,negative,neutral,0.584157
"Five Star Movement not 'far right' like Le Pen, or UKIP - but has similar features and happy to play on immigration fears.",neutral,positive,0.5840754
"Well to Leftists, protesting has become their new religion.",neutral,negative,0.58403754
The latest MainelyOnline! Thanks to <USER> <USER> <USER> #p2 #uniteblue,neutral,positive,0.58399814
Are you fucking serious? This is one of the best seasons... actuly the best one! #thewalkingdead #confused,positive,negative,0.58398765
I was 'part of a terror organization' says Israeli pilot turned activist via <USER> #gaza #palestine #israel #BDS,negative,neutral,0.5839514
<USER> <USER> >Arguing with leftistsNot even once.,negative,neutral,0.5836101
"I'm coming for you, Bob Dylan. You started this.",negative,positive,0.58352196
<USER> Our Country with <USER> 's Presidency needs New Laws. One of them: Automatic Death Penalty for anyone Murdering our COPS!,neutral,negative,0.5834811
<USER> he spoke against Tpp and is now speaking out against Dapl. You are just trolling with fake news now,negative,neutral,0.5834462
Learning about deep learning is a deep learning.,neutral,positive,0.5834055
"<USER> <USER> #DumpTheEstablishment #DrainTheSwamp #NeverRomney Never, ever!…",neutral,negative,0.583155
Ultrasound and Thermography needs to be the gold standard!,positive,neutral,0.5831424
CA has way too many imbeciles - via <USER>,negative,neutral,0.5830543
This is by far the most clear-eyed WH appraisal of Obamacare's problems that we've seen. That's encouraging.,neutral,negative,0.58289284
"<USER> From what I understand it was a play by #Cameron to quell the growing Rightists in the country, it backfired so badly that",negative,neutral,0.5828533
"Warming Relations in Person, Putin and Erdogan Revive Pipeline Deal",neutral,negative,0.582637
"UN-SRSG,Martin Kobler, calls on Libyan parties to implement #Ashkirat's agreement and get out of the ""political dep…",neutral,negative,0.5824349
<USER> <USER> <USER> <USER> This Aussie had no idea any public money was finding its way to the Clinton foundation.,negative,neutral,0.58240396
"Messi: ""Anoeta is a complicated stadium where we haven't won in years"" #fcblive",neutral,positive,0.58239836
"<USER> Clinton, not wanting her name attached to this, paid some Clinton foundation money for this lol...it's OVER, DONE, FIN!! Libtards",negative,neutral,0.5823899
<USER> buy Persona 5. Pre-order it on Amazon,positive,neutral,0.582387
<USER> maybe of you would have done the Galaxy Note 6 and not skip from 5 to 7 we wouldn't have these problems not I have get iphone🤔😒,negative,neutral,0.58236253
How to connect your work to the sustainable development goals #SDGs #unitednations #civilsociety #socialsector,neutral,positive,0.58232474
Forget it Porks. Obama has turned like the tide and is now praising Russia as a world power <USER> <USER>,negative,positive,0.5819673
Jesuit Pope Francis took this Jesuit Oath of Extreme Induction .NOW you decide who is the SICK one in need of Chris…,negative,neutral,0.58191925
Dylann Roof competent to stand trial. Time to register all white supremacists. They will kill again.,negative,neutral,0.5819184
"<USER> <USER> Please no more Michael Moore pictures, I just ate",negative,neutral,0.58179396
"<USER> I was responding to ""Do better, be better"". This year I thnk she deviated fm that. Will read fm library, tks tho. <USER>",neutral,positive,0.5816733
<USER> <USER> <USER> O my fracking corpse! They say Jr #fails #bigly & makes them do the work!,negative,neutral,0.5814427
Really like the <USER> Earth #VR experience #exploration #killerapp #nonfiction,positive,neutral,0.5814164
Christopher Bollyn page #911 #falseflag #mossad #israel #gaza #palestine #israel #BDS,neutral,negative,0.58140534
<USER> <USER> <USER> <USER> <USER> <USER> any Country can be totally free of FOSSIL FUELS if IT go FREE ENERGY,neutral,positive,0.5812433
"The latest Art, Music & Culture in Lawrence Kansas! #nbawards #poetry",positive,neutral,0.58108735
Going to see #FantasticBeasts and I am LIT,positive,neutral,0.5810744
Why didn't zac efron ever release a solo album after HSM and hairpsray???,neutral,negative,0.5810318
<USER> <USER> that's like saying Lamarcus Aldridge is better than Tim Duncan,neutral,positive,0.5807984
<USER> dropped that heat 🔥🔥🔥🔥 .. #uber .. I'm fw that.. link in his bio 🏧💰 #omg #therealbfa…,neutral,negative,0.5807661
The Chicago Alliance Against Racism is protesting. #Deplorables,neutral,negative,0.580549
<USER> <USER> if I call myself a vegetarian and then start torturing animals then does that make vegetarianism evil?,negative,neutral,0.58050984
"Because the last time a Georgian plotted a revolution around here, it all went so swimmingly well.",neutral,negative,0.58043844
.<USER> if DJT is really trying to make u apologize then u should decline and please share this with the world. Don't be .<USER>,neutral,negative,0.5803642
"<USER> <USER> <USER> one thing is to have an opinion about something, another to go after her the way some ppl are",neutral,negative,0.580321
<USER> Next time use the U.S. president or Kim Jong-un and don't rescue him. That would be the script of the year.,negative,neutral,0.5803003
"Yeah, and I for one am already fed up with Trump, and his cabinet!",negative,neutral,0.5801745
De Mistura is still thinking if he accompanies fmr Nusra out of Eastern Aleppo Russia and Regime would stop bombing…,neutral,negative,0.580114
I always look forward to going home and then I remember that half my family is a bunch of alt-rightists sigh why tho,negative,positive,0.580095
"<USER> <USER> she's a great journalist, not sure where you get the 'piece of trash' you are talking about",neutral,positive,0.5800276
"If Cricket indeed does replace umpires with robots some day, please give them the voice of Dharmasena #IndvEng",neutral,negative,0.5796649
Edward <USER> Lied About Special Forces TrainingJune 2013 Email from JFK Special Warfare Center & SchoolH/t…,negative,neutral,0.5796567
"'Neighbors 2' First Look: Seth Rogen, Zac Efron Show Their Muscles #ZacEfron",neutral,positive,0.5796436
PLS S&S | Stand with the #Native people! Stop the Dakota Access Pipeline! #NoDapl #NoDakotaAccess #RezpectOurWater,neutral,negative,0.57952297
8 Dangerous Side Effects of Fracking That the Industry Doesn't Want You to Hear About | Alternet<URL>,neutral,negative,0.579505
"“Minoring in Twitter: Ben Verlander backs up big brother, Kate Upton over Cy Young; D-backs’ Ward…” by Danny Wild",neutral,negative,0.5794442
"<USER> <USER> Cuba has a better PUBLIC health system than Canada, the USA embargo has kept them from getting new drugs",neutral,negative,0.57921904
Convicted Anti-Christian Domestic Terrorist Sentenced to 25 Years in Prison - Breitbart via <USER>,negative,neutral,0.578947
Get your news about the #TrumpTransitionTeam NOT from backstabbing Commie liars at <USER> <USER> <USER> Enemies of USA,negative,neutral,0.5789323
Trump Turns Down the TPP | America Gun Ban,neutral,negative,0.57880837
do i buy a ps4 or wait until persona 5 come out,positive,neutral,0.5787044
42% OFF! JUSTIN VERLANDER Pennant Base Bobblehead Home Detroit Tigers #sports #forevercol…,positive,neutral,0.5785814
"Keep it up #BlackLivesMatter, you'll ensure a <USER> victory in 2020 😉 #MAGA",positive,negative,0.5785662
<USER> yup. Mind boggling as Chaffetz and GOP sits by and watches this. How about Cuba embargo violation????,negative,positive,0.5785201
"<USER> Sir, if you look into where this money is coming from. It's probably from George Soros. Trying to steal the election.",negative,neutral,0.5782871
#FantasticBeasts still holding on. Could go O/U #DoctorStrange $220M finish. #BoxOffice,neutral,positive,0.57809323
<USER> <USER> Bollocks .... then there's Ian Brady & Myra Hindley. Some bad hombres from that city. See what I did there?,negative,neutral,0.5779684
<USER> <USER> But a vital point is that rightists seem to believe them easily; liberals don't.,neutral,negative,0.577896
This #FlickFriday prepare to be bewitched by #FantasticBeasts...,positive,neutral,0.5778778
<USER> ha! No shade! I ❤️ her,positive,neutral,0.57781667
To Donald Trump: National Security Memorandum Number One - - #Alternative #Matrix #Vaccines,neutral,negative,0.57770556
"Amnesty Inter' <USER> latest report on #Yemen, layied on biased activists,turning people in #Taiz from victims into aggressors.<USER>",neutral,negative,0.57763374
#BREAKING: <USER> confirms President-elect Trump has offered Lt. <USER> position of National Security Adviser…,neutral,negative,0.5775999
"Muhammad Ali Crying for His Friend Cosell Before His Passing,Powerful Footage",neutral,positive,0.5775377
If I could be one male celebrity I would be Zac Efron. The dude has his life together.,positive,negative,0.57736915
We should expect more voter suppression in the future.,negative,neutral,0.577301
#Fracking can bring in more jobs,positive,neutral,0.57722145
I had no idea U.S. children are required to have this many vaccines... 😯,neutral,negative,0.5772
"Digital labor undercuts minimum wage, #Robotic Process #Automation gains traction in #FinancialServices. #FinTech…",negative,positive,0.577172
They run the risk of medical negligence claims and disciplinary action. #homeopathy,negative,neutral,0.5771134
There's not enough hair to track all the death. #BlackLivesMatter Reminds of cool art @ Seattle AfAm Museum <USER>,neutral,negative,0.57706743
<USER> <USER> Because everyone knows it's George Soros?,negative,neutral,0.57703596
So many ways to use these adorable hearts with #DIY by <USER> Fill with cloves for your tree or pincushion…,positive,neutral,0.57695764
THIS FOO PUT A ICE PICK THROUGH HIS HAND AND IT DID NOT BLEED HE DID THIS NOT ONCE NOR TWICE BUT THREE TIMES FUCKING DAVID BLAINE,negative,neutral,0.5769339
me: sees I lost a followerme: makes sure it wasn't david blaine,neutral,negative,0.5765303
"Google Earth in VR is a ""profound, almost emotional"" experience. Many people are calling it the best thing they've experienced in VR.",positive,neutral,0.5765088
My #GilmoreGirlsTop4 1-Emily2-Paris3-Luke4-Babette The BFs are a given so they don't count,neutral,negative,0.5764532
"4th day of ""Fighting the Flames"": #Jerusalem Region Deputy Director Felix Lotan reporting from 1 of the scenes:…",neutral,negative,0.57625806
ben carson is so wild i can't,negative,positive,0.5761702
<USER> Why are you all of the sudden scamming the Americans? Taking millions from George Soros...so now you join the devil himself.,negative,neutral,0.5760889
Enough Already! Trump is in Transition,negative,neutral,0.57594
Marine Le Pen wishes the #French Election was tomorrow....April/May is a way off #italianreferendum,neutral,negative,0.57583994
She totally Melania'd that speech #UsefulNewVerbs,negative,positive,0.57576996
UC liberals are always happy to bash Muslims and Dalits and will do in every opportunity. Remember they don't understand social justice..,negative,positive,0.57548255
Getting ready for European Tour 2017! With support from <USER> and the #Trumptards! #MAGA #MERA…,neutral,positive,0.575353
#Microsoft is a changed company. And I like it:,positive,neutral,0.57534003
"Now don't be offended, but what America needs is less Frank Costanza and more Mike Pence. My weekend column:",neutral,negative,0.57531196
<USER> What is it with #Russia and US election? #Putin #Kremlin,neutral,negative,0.5752683
"<USER> <USER> wait, medicare parts? Ugh. I guess I have to go and check out this draft now.",neutral,negative,0.5752401
#BaseBall #Buzz Justin Verlander Majestic Threads #Detroit #Tigers T-Shirt - #MLB #Forsale #Deals,neutral,positive,0.5752386
"At the Connect(); developer event this month, #Microsoft announced that it is joining the #LinuxFoundation -",neutral,positive,0.57487386
<USER> <USER> yeah but Mike Pence got booed,negative,neutral,0.57478136
<USER> <USER> Meet George Soros - I would LOVE to hear your thoughts on this clip - pm me,positive,neutral,0.5745479
Jacob #Israel on how you are really not here right now. #Bibi #Yelev #Jerusalem #Blackfriday,neutral,negative,0.57451177
"<USER> : Rs want to also dismantled SS, medicare and I think medicaid also. What will she do if they get their way, Ms. Carmeli selfish?",negative,neutral,0.5744491
"<USER> Get rid of the Republican party, no intelligent person likes rightists.",negative,neutral,0.57443947
"<USER> are the 8 countries Obamas bombed and all the illegal drone strikes, NOT Obamas fault either? That's great!",neutral,negative,0.57438743
Nope. You can stop listening to Maduro tho,negative,neutral,0.5743252
Trump's erection (teehee) of a wall on the Mexican border will go the same way as Obama's closure of G'tmo.,neutral,negative,0.5742364
New on <USER> . Big fan of <USER> and <USER> #ArianaGrande #NickiMinaj #Barbies #Barbz #Arianators…,positive,neutral,0.5741214
"""Possible to critique leaders/countries/policies/etc x AND y; not mutually exclusive"" - White liberals that can only be found critiquing x.",negative,neutral,0.57406795
"with the Electoral College being decided by 0.06% of the vote, there's no way you can trace it to any one cause",neutral,negative,0.57402664
"RT <USER> Tell me again how the alt-right are just benign ""populists...?""",negative,neutral,0.57396483
Makes sense.,positive,neutral,0.57394624
I don't know if I should watch and listen to the music video of La mordidito or just stare at the angelic ricky Martin 😍 damn,positive,negative,0.57394373
"VIDEO: #Russia FM Lavrov (<USER>) caught lying red-handed about airstrikes in #Aleppo, #Idlib & #Homs in…",negative,neutral,0.573852
5 right-backs Barcelona could sign as Vidal's replacement #fcblive,neutral,negative,0.57374126
Did any bad hombres show up to Thanksgiving?,neutral,negative,0.5736751
I can see it now - two self driving cars having a debate over the trolley car dilemma <USER> <USER> <USER> #humanity #selfdriving,neutral,negative,0.57367104
"<USER> <USER> <USER> If you look<USER> accounts activity, it's a trolling/antagonizing account. All targets are rightists",negative,neutral,0.5736144
"Dakota Access Pipeline protest, go check it out. Stuff you don't hear about on TV.#dakotapipeline #dakota...",neutral,negative,0.57342416
George Soros has a knack for manipulating outcomes:<URL>,negative,neutral,0.5732436
Highlight of last night had to be my brother and I talking about Cowboy Bebop and Persona 5 at Walmart,neutral,positive,0.57320887
2 Episodes of Westworld down. 8 to go.,positive,neutral,0.57320565
A Bronx Tale of Deplorables. .#PenceMusical,neutral,positive,0.57295454
I wonder how the Venezuelans are going to celebrate when Maduro dies... more or less that cubans?,neutral,negative,0.572914
<USER> <USER> <USER> <USER> <USER> <USER> <USER> y'all should read yaselves,neutral,positive,0.5728773
"I'm thankful for all of the nasty women, bad hombres and various other sub groups fighting for my rights and the...",positive,negative,0.57285774
<USER> Indeed White Supremacists aren't #AltRight anymore... We are Republicans now ! o/ Hail Victory !,positive,negative,0.57261837
Ask any EU leader what they'd think if Putin called them genius and was syrupy. They'd say: danger/hidden agenda. O…,neutral,negative,0.57260627
<USER> <USER> um u don't have to be vegan to be against animal testing but k,neutral,negative,0.57249045
Yet those that screamed the Clinton Foundation had to be wound down are suddenly just fine with this and huge Int'l…,negative,positive,0.5724789
"#Yanukovych (not verbatim): <USER> should stop the war, bring soldiers back to mil units"" Viktor, it's calle…",neutral,negative,0.5724562
Just in: #Putin undermined American democracy by stealing Casey Rybeck,negative,neutral,0.57237744
Remember The Pretty White Girls Who Became #ISIS Terrorists?You May Wanna Take A Look At Them Now....#OpISIS...,neutral,negative,0.57228315
In line with other cabinet picks <USER> has picked Madoff for Treasury. #NeverTrump #Democrat #UniteBlue…,neutral,negative,0.5722762
Check out our video on learning to perch a #uav using deep reinforcement learning <USER> <USER>,neutral,positive,0.57207054
Key is the most effective politician I've ever seen. If British Tories had any sense they'd give him a peerage and put in charge of Brexit,positive,negative,0.5720592
"<USER> the next us president will continue with Obamacare, trump will not certainly take oath as next us president. keep in mind.",neutral,positive,0.5720547
"#PMU forces now met with #Peshmerga forces in Ain Sind area, West to #TelAfar, #Iraq. #Mosul pocket is closed…",neutral,negative,0.5720485
"Framing anti-idpol leftists as ""alt"" makes the job of the kind of psyop tankies that attack zizek too easy.",neutral,negative,0.5719831
#Trump nominates LIMITED GOVT EXPERIENCE lawyer🎃So who needs experience in this 🎃admin of clowns🎃#NotMyPresident,negative,neutral,0.5719249
<USER> I work in Medicaid benefit determination and it blows my mind that some of my clients may have voted for Trump.,negative,positive,0.5718847
"Obama says he didn't have any scandals in his admin, but I think he forgot to tell or account for Border Agent Brian Terry (#FastFurious)",negative,neutral,0.5718379
Case-Mate: Samsung Galaxy Note 7 Case Collection – Free Shipping,neutral,positive,0.5717576
when the test sample is so cute & fluffy but you have to do cervical dissociation on it... :((#euthanasia,neutral,positive,0.5717454
<USER> and... I voted for Gore! We need to bring back the popular vote!,positive,neutral,0.5716802
"📷 becausemessi: According to Deportes Cuatro, Lionel Messi and Cristiano Ronaldo found a moment to...",neutral,positive,0.571566
<USER> <USER> <USER> <USER> <USER> <USER> Next up no wall on the Mexican border.,negative,neutral,0.5714585
"<USER> <USER> hilllary won the popular vote, you stole our election",negative,neutral,0.5714547
Self-driving cars could be the key to independence for seniors.,positive,neutral,0.5714344
Environmental racism <USER> It's ok to reroute w/ SOME North Dakota people but not others? You know this is wrong.,negative,neutral,0.5714045
<USER> #thankyouobama for this!,positive,neutral,0.57132643
"Tell it, Sistah! #ElizabethWarren #TrumpTransitionTeam #DrainTheSwamp",positive,neutral,0.57132477
#IslamicState beheads 15 #IraqiArmy soldiers in #mosul Read more #MosulOffensive #ISIS,neutral,negative,0.5711772
<USER> I don't think you are. Conservative is different than fascist nazi,neutral,negative,0.5709865
Today I'm thankful to have a family filled with Bad Hombres and Nasty Women,positive,negative,0.5708515
But seriously I wish I had had friends to share my music taste with. My mates back then used to listen to Ricky Bloody Martin,neutral,negative,0.5708347
<USER> <USER> <USER> He is one of my heroes. So grounded in common sense. I would follow this guy into battle.,positive,neutral,0.5708062
"Trump ""I'll wait and see"" - #Dems/#Liberals claim ""Attack on peaceful transition of power!!""Hillary recount: ""It's her devine right!!""",negative,positive,0.5706551
<USER> <USER> can't reason with deplorables,negative,positive,0.57050735
"the Electoral College was decided by 0.06%, far less than roundoff error, so no one cause could be statistically significant <USER>",neutral,negative,0.57029265
"The EPA is claiming that fracking, a dangerous method of mining for energy, is ""completely safe."" Payoffs are...",neutral,negative,0.5702634
"Don't we deserve a place to call our own, a land to call a home same as you Israelis... stop blaming us for defending our rights.#Palestine",neutral,negative,0.5701862
#Marijuana is medicine. 4 a very authoritative medical review of #cannabis <URL> No Exp date,neutral,negative,0.570177
"For Dems to recover, Nancy Pelosi, her team should go<USER> + rep Ryan are CLUELESS about Dem probs",neutral,positive,0.5701069
<USER> <USER> <USER> The #Kremlintrolls are now reduced to pimping moldy old lies now that JIT nailed RU. #MH17,neutral,negative,0.5700949
Trump wants to build a wall on the Mexican border cause he has never heard of tunnels. Mexicans are eagerly awaiting their invoice.,negative,neutral,0.5699836
Bruh David Blaine turning these 1s into 100s in front of these black people got me WEAK. Their reaction is too funny,neutral,negative,0.56964815
How Larry King and Ed Schultz May Have Helped Russia Create Fake Anti-Hillary News<URL> #uniteblue #notmypresident,neutral,negative,0.56951034
Drain the swamp. #Deplorables,negative,neutral,0.5692485
Syrian Army targets #ISIS positions in Deir Ezzor #DeirEzzor #Syria,neutral,negative,0.56918156
"#Microsoft—yes, <USER> the #Linux Foundation | #linuxfoundation <USER>",positive,neutral,0.5690933
"Yeah that's a lot of money, but JUST Medicaid cost ~$550 billion in 2015 so...",negative,positive,0.5689881
"American Own rejects Mosque, sued by Obama Administration! #blackfriday #DayAfterThanksgiving #BanMosques",negative,neutral,0.56897557
Why the Electoral College must choose Clinton. #faithlesselectors #hamiltonelectors #ElectoralCollege #StillWithHer,positive,negative,0.5688297
<USER> I understand some GP's also practise Homeopathy are they QUACKS?,negative,neutral,0.5686928
"Israeli forces violently disperse march in Kafr Qaddum, protesters suffer tear gas inhalation | Maan…",neutral,negative,0.568467
<USER> <USER> fake emotions & attitude? You're making things up.,negative,neutral,0.56835204
"#NewsAbuse Check out the distortions, especially Marine le pen",neutral,positive,0.56832725
#Rich 15 Stunning Photos Of A Young Melania Trump,positive,neutral,0.56827515
"Best description of why we need the Electoral College explained with facts! There are 3,141 counties in the...",neutral,positive,0.56818384
<USER> The new persona 5 protagonist,neutral,positive,0.56815463
#RealNews: It’s now official; #Russia & #Hezbollah are now coordinating operations in #Syria ⬅️ Great news 😎<URL>,positive,neutral,0.56814176
Got to love capitalist on both sides of the border!,positive,negative,0.56814086
This is a MUST WATCH #DAPL #DakotaAccessPipeline <USER> <USER> <USER> <USER> <USER> <USER>,neutral,positive,0.5681017
"Allepo, Syria #ThankYouObama #ThankYouHillary installing #Democracy 70% loading... Please Wait",neutral,positive,0.56808424
Ashley Graham Just Shut Down The Runway In Her Lingerie At NYFW - See Killer Curves!,positive,negative,0.5680444
<USER> <USER> I read one for Medicaid expansion and it almost made my eyes bleed I swear.,negative,neutral,0.5678736
The entire Trump transition team and admin is one gigantic play-for-play operation. So many people were (and continue to be) fooled,negative,neutral,0.56765085
Ahmed lost his home to IS. #MosulOffensive,neutral,negative,0.5673801
<USER> <USER> TOO much religion in any mega corporation .<USER> <USER> with KKK Nazis in GOP?,negative,neutral,0.56736696
"<USER> <USER> Madam, of all the people, ehy did you go to Dy FM of a country that's bankrupt? Next, iview of Nicolas Maduro???",negative,neutral,0.5673579
Yes Drag Melania Trump is here !!!,negative,positive,0.567306
Increasingly looks like Russia just conducted a sophisticated intel & propaganda operation of historic significance…,neutral,negative,0.567301
<USER> Children dig in garbage for food while dictator Maduro pays $2.6 million for #Caracas festival. #SuenaCorrupto <USER>,negative,neutral,0.56729335
"Ya Allah,Please Help the muslims of #Iraq #Syria#Gaza#Yemen #Burma#KashmirPlease don't scroll down without sa…",positive,negative,0.56727093
I liked a <USER> video SJW Anti-Trump Protesters Get Triggered [Liberal Riots],neutral,negative,0.56721884
Black people are so dope #ThankYouObama #BET,positive,negative,0.56712765
I hope for the sake of all Venezuelans tonight that Maduro considers that he will have to face Him too.,negative,neutral,0.56707746
.<USER> <USER> - 30 year-old man who wants to lead the greatest democracy on the planet.,neutral,positive,0.5669357
if insert coin sells persona 5 gear thats nice and not super garish im dropping so much coin on it,neutral,positive,0.5669158
"The event had nothing to do with the cubs , Fire just picks a different teams jersey every year to use",neutral,negative,0.56691194
<USER> <USER> And the drama continues from DJT camp even though he won the electoral college!Stirring pot!,neutral,negative,0.5668994
I wish I had thanksgiving dinner leftovers to eat but I ate all yesterday,negative,positive,0.5668966
"#MuhammadAli 70% SALE MUHAMMAD ALI, SONNY LISTON 24 X 18 CANVAS & 3 FREE PRINTS SIGNED #Legend #Boxer",neutral,positive,0.56685126
<USER> you have the blood of trans women on your hands. I hope the $15 bucks you get from white supremacists helps you sleep at night.,negative,neutral,0.56670797
#BREAKING#Russia demanded from #Ukraine to cancel the missile firing in the vicinity of #Simferopol#nato #osce…,neutral,negative,0.5667033
"What pranks will be left for Trump's team? White House Vandalized In Transition, G.A.O. Finds",negative,neutral,0.5666486
"<USER> 11/ California deliberately undermined the integrity of voter registration process, therefore Trump can say what he likes.",negative,neutral,0.5666327
"<USER> <USER> In #SRAmyth there's a circular connection twixt Fundies & Atheists, Feminists & Fundies, Leftists & Rightists.",neutral,negative,0.566484
Iraqi militias claim to have isolated IS-controlled #Mosul #MosulOffensive,negative,neutral,0.56643194
Trump's wall on the Mexican border is just copying what Dhul-Qarnayn did to the Yajjuj Majjuj. #islamicmythologyjokes,neutral,negative,0.56641805
<USER> <USER> <USER> <USER> <USER> THAN DISGRACERomney #ReStockSwampBREAK PROMISE #DrainTheSwamp.,negative,neutral,0.5663601
Marine Le Pen's dad is a savage. You can tell who is in control based on who you can't offend >,negative,positive,0.56630176
Jew Supremacists in JewMedia <USER> at work with their kiddieshit fabrications,negative,neutral,0.56620896
I FORGOT HIS TAIL 😂 #BeautyAndTheBeast,neutral,negative,0.566196
Asia in 3 minutes: the Indian tycoon who dropped US$75m on daughter’s wedding & China blocks ‘Kim fatty the third’…,neutral,negative,0.5660845
<USER> <USER> <USER> <USER> Better tell that to the leftists.,neutral,positive,0.56603897
Maybe Chelsea too ❤️👍#yr #thisisus <USER> <USER> #FridayThoughts,positive,neutral,0.56601614
#ItsTime to make abortion illegal. #Murder of innocents is still #murder. God will judge #America for this abominab…,negative,neutral,0.56600964
"on googling, 'police samsung galaxy note 4' looks popular7,000 West Yorks5,000 Wales2,000 Lancs1,500 Cumbria1,800 Essex2,000 Kent ?",neutral,positive,0.5659161
Abortion really brings out the kid in you.,negative,neutral,0.56588554
Australia Cuts Clinton Foundation Donations To $0 | Zero Hedge #FidelCastro Hillary only has the Saudis as contrib,negative,neutral,0.5658593
<USER> It's called George Freaking Soros. This should be investigated in cavity search proportions. This happened after Soros meeting.,negative,neutral,0.5658323
<USER> Very interesting article. Why can't the Dems just step back from identity politics for 2sec to look at his absurdly bad record?,negative,positive,0.5658182
"Cristiano Ronaldo has been accused of tax evasion, Accodring to sources in Spain. Allegedly moving €63.5 mil. to V…",neutral,negative,0.5657082
"<USER> Tesla Network enrollee's eligible for relatively low cost insurance, since 'self-driving' cars are safer? Tesla to self-insure?",positive,neutral,0.5656521
#theProtestors Who do the Dems follow... George Soros Nazi War Criminal.,neutral,negative,0.56563777
<USER> Russia didnt hack shitComey protected HillaryWikileaks DID leak for himCame in firstAnd you just cannot deal with that.,negative,neutral,0.5653373
"Liberals, I wouldn’t give up hope. It’s just possible the recount will have an effect in an alternate universe.",neutral,negative,0.5652538
"<USER> please, please, please, i beg you, keep demonizing the white voter block until 2018. Pretty soon all dems will have is Ca and NY.",neutral,positive,0.5650021
Microsoft HoloLens just pulled off a mixed reality #MannequinChallenge. #htcive #baofeng #psvr,neutral,negative,0.5648039
"#Repost <USER> with repostapp・・・This is a better pic, ricky_martín! Later than his…",positive,neutral,0.5646704
End of Clinton admin: surplusEnd of GWB's: Great RecessionEnd of Obama's: unemployment hovering 5%End of Trump's: ...#ISenseAPattern,neutral,negative,0.5646692
A rally 3 years ago at the Capital. Why did Utah cut Medicaid for those in need like my brother? Assholes.,negative,neutral,0.5645875
SERCO Smuggle Drugs/Weapons/Children? Connection w/ Julian Assange HRC Comey Obama #Pizzagate #ProofoflifeRead➡️<URL>,negative,neutral,0.5645868
"<USER> <USER> not true. e.g. say you represent an area where the death penalty might be ""popular"", should an MP just vote for it?",neutral,negative,0.5643709
"<USER> <USER> <USER> Often not enough to compete w/ full range of transfers. Disability, medicaid, sect 8, ....",neutral,negative,0.56431377
".<USER> wants to Reform Medicare, Social SecurityTo Death<URL>",negative,neutral,0.5642372
<USER> try sunquest.Ca for Cuba or other Canadian tour operators canada has never had a Cuba embargo lots of flights +deals,neutral,negative,0.5642202
her words:i would agree regarding recount but you'll destabilize system; electoral college is 2 represent; have se…,negative,neutral,0.56421506
#USA spottd 3m long rockets leavng #Iran 2 #Gaza &made #Israel strike it<USER> 12m long ones arrive #Houthi #Yemen<URL>,neutral,negative,0.5642035
I wanna be 16 again with no real responsibilities but to work a minimum wage job and buy makeup & clothes with every check😭😭,negative,neutral,0.5640828
Who's better than Grayson Allen or josh Jackson 😂😂😂😂😂,neutral,positive,0.56405014
"<USER> just block them... like the Fresh Prince of Bel Air sang, 🎤 'no need to argue, deplorables just don't understand.'",negative,neutral,0.5640283
Reminder of what we're dealing with here. Don't be fooled by the messengers.,neutral,negative,0.56401455
Celebrate the #NBAwards nominees past and present with related videos in the #PWTheater,positive,neutral,0.5639681
Clinton Distraction Circus hits Panic Mode over Russia and ‘Fake News’ <USER>,negative,neutral,0.56392896
Viendo The Walking Dead 7x02 - El pozo #TheWalkingDead,neutral,negative,0.56385636
Renzi Resigns Following Crushing Referendum Defeat #Italy #election #referendum #Renzi…,negative,neutral,0.5638533
No More Trump Protest??,neutral,negative,0.5638448
The perfect Christmas gift for any lapsed Catholics or dentists that you only want to spend £2.60 on.…,neutral,positive,0.56375295
<USER> So you support raising the federal minimum wage to $11/hour? That's a start!,positive,neutral,0.56335187
129 days until the release of Persona 5,neutral,positive,0.563197
"Dear Dr. Jill Stein, Return George Soros' money. Beckel, whose run elections, says Not Rigged!",negative,neutral,0.5631557
"stephen colbert just called kim jong un ""kim fatty the third"" im goigng to throw up i cant stop laughing",neutral,positive,0.563142
Part of <USER> history w/ Cuba #hypocrite <USER>,negative,neutral,0.5629462
Am apreciat un videoclip pe <USER> Tesla Model S - Official Walkthrough HD,positive,neutral,0.5627467
.<USER> Did you think #MAGA was Make America Gay Again? Resign now. #UniteBlue,negative,neutral,0.5626689
<USER> Seems to me like at this point liberals are hypersuspicious of non-mainstream sources and rightists hyper-suspicious of mainstream,neutral,negative,0.5626146
"Made using 3D printing technology and fabricated out of PLA, making this chair bio-degradable:…",neutral,negative,0.56259316
Why is Bradley Cooper here..... #ThankYouObama,negative,neutral,0.5624988
#Yemen's War-Damaged #Hodeidah Port Struggles to Bring in Vital Supplies<URL> via <USER>,neutral,negative,0.5624863
Coal in his stocking. <USER> Cartoon #TCOT #LNYHBT #TGDN #MAGA #DrainTheSwamp #BuildTheWall,neutral,positive,0.56244165
France hard-right politician Marine Le Pen says she hasn't made up ‘dumb’ tax law to fill hole in her hans:,negative,neutral,0.56241655
12 Hourly Jobs That Pay More Than Minimum Wage,neutral,negative,0.5624106
More #newarrivals #pentatonix #christmasalbum #arianagrande #frankzappa #leonardcohen with Hallelujah #bobdylan...,positive,neutral,0.5623792
"#Obama & #Hillary’s deception on Syrian WMD revealed<URL> Yep, both #Democrats. Go figger. #TCOT #GOP #uniteblue",negative,neutral,0.5623232
Put an End to Eczema: Find the Best Homeopathic Remedy for Your Type & Clear Up Your Skin. #health #Holistic…,positive,negative,0.5623024
"Hey, democrats... the popular vote doesn't make Hillary president. That's what the electoral college system is for.",neutral,negative,0.56219757
The new Ukip leader wants to bring back the death penalty,neutral,negative,0.56218004
"Uh oh, I can't stop singing <USER> ""Jizz In My Pants"" but replacing ""my pants"" with ""Mike Pence.""",positive,negative,0.56213737
Cristiano Ronaldo keeps his cool as Barcelona fans turn nasty with homophobic slurs -,neutral,negative,0.56207186
I want to get something off my chest: my book isn't really about squirrels. - <USER> #MiamiBookFair2016…,neutral,negative,0.5620318
US embargo prevented Cuba from buying pesticides. One of the few nations to escape the Great Bee Death.,neutral,positive,0.56198925
#bilet speech from Putin.,neutral,negative,0.5619457
"Well , ....... 😁💛#onedirection #directioner",positive,negative,0.561912
The latest Medical Cannabis Grow News! Thanks to <USER> <USER> <USER> #marijuana #cannabis,neutral,positive,0.56187016
US Airstrikes Hit 34 Daesh Fighting Positions Near Libya's Sirte<URL> #News,neutral,negative,0.561736
<USER> meanwhile obviously discriminatory and election costing voter suppression is put on back burner,negative,neutral,0.56158286
📷 Playing robots in the Himalayas,positive,negative,0.56133825
Travel the world through Virtual Reality? Google Earth meets #VR . . . . 🎮🎮,positive,neutral,0.56131953
If y'all didn't know... #MannequinChallenge is over people. 😂😂 w/<USER> <USER> <USER>,neutral,negative,0.56115913
.<USER> his research is the gold standard. Whenbi say this looks like a drug deposit based on it. Is no small thing. Iris location 2/3,negative,neutral,0.5610282
<USER> Christmas is by far the biggest holiday here in the USA. Thanksgiving is def. behind Halloween and prob Valentines and St Patrick's,neutral,positive,0.5609481
<USER> <USER> <USER> Where r the Dems on this matter. Why does our party lay down when we should b…,negative,positive,0.5607532
"<USER> <USER> Also, learn what the Electoral College is. Popular vote is a BYPRODUCT not a basis for our elections.",negative,neutral,0.5606191
Ever heard of turkey fried chicken? A little late for #NationalFastFoodDay but still hilarious! #FastFood,positive,neutral,0.56053716
Yup.....its alrwady starting...Medicare will end..then ss will be cutHope all seniors who voted for trump..are...,negative,neutral,0.5604111
Samsung is rolling out the Note 7’s software to the Galaxy Note 5 in Korea,neutral,positive,0.5603174
<USER> how can we be 100% certain it's #ISIS & not US forces doing it from ISIS territory?,neutral,negative,0.56027174
<USER> <USER> You guys are white? I always imagined you guys as a buff Ricky Martin and Enrique Iglesias duo.,neutral,positive,0.5601652
"Only entirely. That would be George Hildabeast Soros, taking time off from playing ping pong with Podesta...…",neutral,negative,0.5600732
<USER> what about the clear lies about financial armageddon from a brexit vote?,neutral,negative,0.5600396
"The #BeautyAndTheBeast trailer is finally here! So you don't miss anything, read our in-depth analysis!<URL>",positive,neutral,0.5599966
"Stein runs around claiming HRC is worse than Trump, then HRC loses 3 states w/in margin of 3rd party protest votes…",negative,neutral,0.55983394
"Obama expanded the Papahanaumokuakea underwater reserve by 442,781 sq miles making it one of world’s largest marine reserves#ThankYouObama",positive,neutral,0.5595204
#gilmoregirlstop44. Babette3. Miss Patty2. Lorelai1. KirkColor me surprised at how many people don't know how to spell Kirk.,negative,neutral,0.559434
Dr. Ben Carson is a homeowner. Very qualified!,positive,neutral,0.5593625
Modi ji may advise people to shift to vegetarianism for maintaining good health thereby increasing the average lifespan of people of India.,positive,negative,0.5590341
"If you’re old enough to vote, you’re old enough to run for office. #unitednations #young #diplomacy #NewGeneration",neutral,negative,0.55901134
Happy Thanksgiving to all the bad hombres and nasty women.,negative,positive,0.5589884
Learn more about how medical marijuana eases suffering for #Arthritis :,positive,negative,0.5588385
Drew Bree's throwing a football🏈 and Justin Verlander throwing a baseball⚾️. Any similarities🤔??? <USER>,neutral,negative,0.55872035
<USER> nah the social security dept. had my info mixed up my fault,neutral,negative,0.5585932
You know it's #Friday when your #uber driver is playing #FeelTheBeat by Darude. #Trance #FridayFeeling,positive,neutral,0.55857325
Who do you like more? Gong Joo-young or Han Shi-yeon (girls from webtoons)CY: I like GJY more. I won't spoil tho. I watched '연애혁명' 8times,positive,neutral,0.5585554
"-Expect no real immigration reform, no wall on the Mexican border, no repeal of the sick joke known as…",neutral,negative,0.5585126
Tell <USER> to reduce their animal testing - they KILL 226 ANIMALS A DAY!,negative,neutral,0.55847394
#Ashley #Graham #needed #affirmation after being #dumped,neutral,negative,0.55843955
What is it with the Alt-Right Nazi-squad disliking Romney? Get over it.,negative,neutral,0.55835295
"... and Kaepernick, Obama & Michael Moore weep unending tears.",negative,neutral,0.5582833
#WESTWORLD Dolores is MF Wyatt mutherfuckerrrrrrr I don't think I've guessed one MF thing I love shows like this,negative,positive,0.55819887
<USER> What's up my man?! How are you?🙄,positive,negative,0.5581447
"<USER> oh, the deplorables beg to differ.",negative,neutral,0.5579223
when is the other castro turn?? and maduro?? and all the fcking dictators??,negative,neutral,0.55770415
<USER> & the WALL Trump wants to build? I researched. It would take $45+ billion to build his 1900 mile wall on Mexican border....,negative,neutral,0.5576539
How was everyone's Thanksgiving?! Dr. Boston and his family spent their day doing a #MannequinChallenge at the...,neutral,negative,0.5575759
<USER> Not only will it restore Russia-USA relations in a heartbeat it will also Destroy Porky Poroshenko in Ukraine. #MH17 #MH17truth,neutral,negative,0.55750966
<USER> <USER> <USER> We can exit & stop paying the undemocratic EU today with one order from our PM backed by MP's in Parliament.,negative,neutral,0.5574161
#LGBT #p2 LGBT students explain why they chose to leave BYU - Daily Herald #UniteBlue,neutral,negative,0.5574136
"<USER> Marine Le pen is going to win, hopefully trump makes Merkle have a mental breakdown",positive,negative,0.5573881
<USER> <USER> <USER> Krugman went off the rails when he accused Comey of colluding w/Putin & treason.,negative,neutral,0.5572823
President Trump works as a Waiter at his own Hotel.,neutral,negative,0.55726916
<USER> #p2his alleged electoral college victory.#AuditTheVote s#AuditThaDAMVotes,neutral,negative,0.55709755
<USER> The level of govt/political corruption in US is nearing that of banana republics.<URL>,negative,neutral,0.55708873
Reports from the scene suggest that the victim was killed.#DebunkIsrael#israelisburning#BDS#Palestine#Jerusalem,neutral,negative,0.55701786
4 great Black Friday deals on slightly used NFL quarterbacks,neutral,positive,0.5570087
"How many homeless could we feed w/ funds req’d to protect Melania #Trump in NYC? (1 mil / day for NYPD) <USER> should chip in, no?",negative,neutral,0.5569865
That look on Putin's face shaking Obama's hand is priceless.,positive,neutral,0.55691767
Dance Teacher Realness with my 10th grade girls #mannequinchallenge,neutral,positive,0.55686945
Tested the Google Earth vr thing with Vive. Crouching over an entire city was a surreal experience to say the least 😅,positive,neutral,0.5567642
"It's all just talk and rumor for now, but #Tigers fans, are you possibly ready to move on from Miguel Cabrera and Justin Verlander? #MLB",neutral,positive,0.5567308
<USER> <USER> <USER> Please read the article about Steve Bannon and his adoration of sarah palin on the <USER>,positive,neutral,0.55672896
"Those criticizing her for the ""I thought I was the only one allowed to **** Verlander"" need to find a hobby, and maybe a job.",neutral,negative,0.556726
"Senator Hirono: Fire Steve Bannon: White Supremacist, against civil rights, immigrants, freedoms of religion PROTEST",negative,neutral,0.5565819
"<USER> <USER> <USER> <USER> In June, I cut off Fox altogether! Dana, Juan, and Megyn all bat for the other team.",negative,neutral,0.55649537
<USER> Comey CROOKED as HRC,negative,neutral,0.5564914
"""TSA has recalled the air travel of the Samsung galaxy note 7. If you have this device, please step up to the security line""",negative,neutral,0.55645335
<USER> <USER> why read about her tears?,neutral,negative,0.5563124
"<USER> I think you leave out one important fact about Social Security, Social Security Disability, Medicare the are per paid for.",negative,neutral,0.55630636
Trump is building a wall on the Mexican border so they can stop herrion come in to America while there government is the biggest customers,neutral,negative,0.55629987
TGIF DRIVE #sensual #redlight #uber #uberlife #eyeswideshut #👀 #tgif #friday #look #mirrors #portrait #lights #pari…,positive,neutral,0.55620515
Anti-Trump Protests And Riots Backfire!! Students Starting To Realize Th... via <USER>,neutral,negative,0.5561862
James Comey told him of young people.,neutral,negative,0.5561646
Bring on the Gold Standard of professional peels!! #PCASkinAcademy,positive,neutral,0.55614334
Just keep on tweeting Team Robots! :) EDVEN StillfAYTing,positive,negative,0.5558111
When you've been looking forward to <USER> monster reboot for months and they put out this Michael Bay look…,neutral,positive,0.555758
privacy and security are always issues that concern social media users. Here are some ways to stay safe #fnm231,neutral,negative,0.55554205
"The Homeopathy Overdose Paradox: Negligible Benefits, Robust Consumption",neutral,negative,0.55545646
#ifonly #stillwithher #presidenthillaryclinton #monsinnyc while walking down the street on…,positive,neutral,0.55541027
I haven't seen my best friend since the Cubs parade ☹️ and we only live less than 5 minutes away. 😩,negative,positive,0.5553782
Conservatives are low energy thinkers. Far easier to accept someone else's opinion than to look it up for themselve…,negative,neutral,0.5553581
"<USER> <USER> Look, I'm not gonna lie: that cut me deep. But with the help of Kim Jong-un I will get through this.",negative,neutral,0.55515337
‘Pay-to-Play at Its Rawest’: Critics Blast Trump’s Connections to Dakota Pipeline Company<URL> #notmypresident,negative,positive,0.5550315
"Cover: ""Leo 100"" [md] #fcblive",neutral,positive,0.5549482
The real reason behind Saakashvili's resignation,neutral,negative,0.55494666
<USER> <USER> I was just thinking this the other day!,positive,neutral,0.5549187
Why don't we have <USER> #uber? #SalemOR,neutral,negative,0.55480987
"Fidel is gone, maduro you are next.",negative,neutral,0.55475235
'Long Live Fidel!': Castro's Ashes Interred in Cuba,positive,negative,0.5546314
Remembering #cabbagepatchdolls like the surge of Popularity of #Hatchimals takes toymaker by surprise | CTV News,neutral,positive,0.5545808
Donald Trump: Fight the appointment of hate-monger Steve Bannon to the President-Elect's administrati... via <USER>,negative,neutral,0.5545112
"<USER> But,her sis was big in election,familyRall writers&ACexpert on digi media,so logical cd increase # s",positive,neutral,0.5544606
"<USER> <USER> her attack onTRUMP for""locker room""talk yet she takes sexy pictures she's a hypocrite What…",negative,neutral,0.55445075
"#Iraq, #Mosul | #Iraqi_Forces regains control on neighborhoods east of Mosul<URL> #MosulAid #journalism",positive,negative,0.5544425
Gotta Have My Smoke<USER> <USER> <USER> <USER> <USER> marijuana <USER> <USER> <USER> @,neutral,positive,0.5544378
"<USER> <USER> <USER> <USER> It's only a small left fringe that does, not the actual mainstream left, unlike main rightists",negative,neutral,0.55416185
<USER> Snowflakes in July...is that about the anti Trump riots?? LOL,neutral,negative,0.55390143
Mission Unstoppable! From Drone Strikes To Prison Torture CIA Runs US Forein Policy!,negative,neutral,0.55384135
Learning truths I deep down already knew & now I don't know what your doing here & now I don't know what this means to you.,neutral,negative,0.5537644
Was that Justin Verlander on the drums?,neutral,positive,0.55355257
"Comey’s letter swung public opinion, it would not have cost her the election. Voter suppression did that.",negative,neutral,0.55348027
"Even the Obama admin dismisses claims of election hacking, but it must be true since a couple computer nerds from M…",neutral,negative,0.5533156
termites release far more CO2 annually (and by several orders of magnitude) than all the burning of fossil fuels.<URL>,neutral,negative,0.5532553
And now it's time for #ScreamQueens😈💉🏥🔪#CrazyHester ❤️,positive,neutral,0.5531866
"Republicans HATE Nancy Pelosi. To me, that means she's exactly the right person for the job!!",negative,neutral,0.5531527
Nostradamus WARNED: Pope Francis Will Abdicate the Papacy via <USER>,negative,neutral,0.5531187
<USER> I wonder how much of this is Bannon. Can't help but thinkthat he wants Trump to crash and burn.,negative,neutral,0.55308074
#israeli #bagel s are in a whole 'nother league! #jerusalem #sciencetheearth @ Jaffa Gate,neutral,negative,0.5529459
".<USER> — yes, Microsoft — joins the #Linux Foundation. #TechNews",neutral,positive,0.5529167
"I've seen too many videos on the dog meat trade and animal testing lately. Humans are sick. Do your research, please 🐶🐱",negative,neutral,0.5529019
"Microsoft joins the Linux Foundation, a move long overdue and one which will hopefully help make windows more secure",positive,neutral,0.5528839
"Its to be expected from ""electing"" a Fascist Nazi",negative,neutral,0.55283195
"We must not believe the Evil One when he tells us that there is nothing we can do in the face of violence, injustice and sin. -Pope Francis",neutral,negative,0.55279267
.<USER> <USER> 50 yrs of embargo? Didn't do a thing. TY for trying to change Cuba 4 the better. #endembargo #endtheembargo,negative,neutral,0.5525219
<USER> needed affirmation after being dumped#uitvnews #AshleyGraham<URL>,neutral,negative,0.552514
"1/2<USER> : Pak,Sartaj Aziz stopped<USER> Airport for40minutes by Indian officials b4granting immigration",negative,neutral,0.5525102
<USER> But she couldnt get them in the places that mattered on the electoral college...,negative,positive,0.5524736
"<USER> <USER> <USER> <USER> Clinton foundation donations drop like a rock when she loses,circle of life is complete!",negative,neutral,0.55244374
troubling application of deep learning,neutral,positive,0.55231947
"<USER> Yeah, probably not. She would have lost to mice in an animal testing facility.",negative,neutral,0.55230594
Do you know #ScreamQueens well enough to be a Chanel yourself?!<URL>,neutral,negative,0.5522904
Imagine how many children's lives could be saved by canceling drone strikes,neutral,negative,0.55224645
Nick Young — Fidel Castro was a “Legend” | TMZ TV,positive,negative,0.5521244
Voter Suppression/FraudFake NewsRussian HackersFBI Witch HuntWiki DNC Attack.. And Hillary still won the popular vote#Resistance,neutral,negative,0.55172205
"Post same-sex marriage, elderly gay Americans still face challenges #conference #speaker #aging",neutral,negative,0.55169153
"#Dogging,#Milfs,#Stockings,#OutDoorSex,#Anal,#Moms: Ashley Graham Rubbing With Her Sightly Body",neutral,negative,0.55168265
5 Incidents of How Zac Efron Is Inspirational,neutral,negative,0.5515831
its always valentines with this one #BabySelcaDay,neutral,positive,0.55157775
I want to speak up in support of the Standing Rock Sioux Reservation and their protest of the Dakota Access Pipeline.Happy Friday People!,positive,negative,0.5515126
Keep what you stole. Is this Poroshenko's unofficial policy?,negative,neutral,0.55148506
Holla to all my bad hombres who decided to work today and get that money $$$ #blackgrinday,positive,negative,0.55145323
"<USER> <USER> Has anyone actually seen this gun used for ""pest control""? Animal cruelty? Wait till you see this thing in action.",negative,neutral,0.55144733
WOW!!! ITS INCREDIBLE HOW #FOXNEWS IS SELLING THE #TRUMP BILLIONAIRES AND WALL STREET CROOK CABINET MEMBERS. HEY...,negative,positive,0.5514353
<USER> come get high grade medical marijuana/weed...pain pills..cannabis oil..thc..cbd..i suppy to both s…,neutral,negative,0.5512377
East Carolina Pirates - Mercer Bears Wett-Tipp. Lies hier >> College Basketball Einladungsturnier im Civic Center v,neutral,negative,0.55105275
Lawyer files appeal to transfer hunger-striking Palestinian prisoners to #Ramallah hospital #Palestine #Israel…,neutral,negative,0.55104357
why is it that no one points out the fact that Trump won approximately 30 States? THERE'S Your Popular vote!,neutral,negative,0.55094737
"Aleix Vidal, with permission from the club, did not train due to personal reasons today #fcblive [fcb]",neutral,negative,0.55091536
Pelosi Adds Bay Area Rep. Swalwell To Her Team In Fight Over House Minority Leadership,neutral,negative,0.5508949
"Luis Enrique: Gerard Pique substituted? ""Gerard Pique received a knock to the foot, so it was to give him a rest."" #fcblive",neutral,negative,0.55084807
<USER> #SYRIA This video of Opposition fighters leaving E. #Aleppo is a fake. No passengers on the buses!,negative,neutral,0.55082554
Do the <USER> ever sell out their games?? #ramdomthought,neutral,negative,0.5507966
<USER> They'd look kinda cute together and atleast she's not a racist nazi so that's an upgrade,positive,negative,0.5506738
If you wanna have some seasonal fun & #teachecon #Hatchimals are today's Cabbage Patch Kids & Tickle Me Elmo Christ…,positive,neutral,0.5506235
We won't stop! #TrumpTransition #TrumpArmy #NeverRomney #draintheswamp,neutral,negative,0.5505579
James Harden is better than Cristiano Ronaldo,neutral,positive,0.55053985
"<USER> Ok, but that philosophical stance is irrelevant to the issue of whether homeopathy is a viable treatment option for anything.",neutral,negative,0.5505058
#TrumpTransitionTeam Shorter -->,neutral,negative,0.5504705
The latest Hasem Ben Sober's Daily Mulch! #blackfriday #blacklivesmatter,neutral,negative,0.5504325
<USER> <USER> Sean if you really believe this please... gimme all your vaccines back,neutral,positive,0.55042547
#Erdogan’s Hard Times in #Syria #Aleppo<URL>,neutral,negative,0.5503959
Blow the #IslamicState #ISIS #hamas #MuslimBrotherhood #Taliban OFF the FACE of the EARTH #Israel #IStandWithIsrael,negative,neutral,0.55025446
"Crush #fears,you can be #unstoppable! Discover the 10 #secrets#DominatingYourMind <USER> #DYM #NBAwards",positive,neutral,0.5502452
Vaccines should be OPTIONAL because you're the master of your own health and you're not harming others which have agreed to get a vaccine.,neutral,negative,0.5502056
I'd have more respect for #Homeopathy if it came in a nifty Pez dispenser <USER>,neutral,positive,0.5500862
"Expanding the drone strikes and the NSA's domestic spy program under Obama don't ring a bell, I guess.",negative,neutral,0.5498433
Seems Tim Duncan is doing more than just showing up at #Spurs practices #spurs #gospursgo,positive,negative,0.5496528
"<USER> has seen fit to apologize publicly to Steve Bannon for the Anti-Semitic schmear he laid on Bannon, as the left is want to do.",neutral,negative,0.54954696
"Russia playing Trump and TRUMPERS,never underestimate your opponent and RUSSIA is our opponent,Putin wants USSR and…",neutral,negative,0.54953504
"This Is What It's Like to Film an Insane Sex Scene with, uh, Michael Moore",neutral,negative,0.54948455
Now i know why they are raving about this show! #thisisus,positive,negative,0.5493578
"<USER> I am in favor of Marine Le Pen for France, i love how leftists always project baselessly. I am not in favor of crooked clinton",neutral,positive,0.5493512
michael moore is gay,negative,neutral,0.54913884
Also low-key wanting to look into veganism & vegetarianism? I'm feeling like trash & want to do something good for my diet and the earth.,neutral,negative,0.5489449
"<USER> Hey Liz, the People are despairing at all this Russian hacking stuff - can you let us know you're working on it?",negative,neutral,0.54889095
Deep Learning (artificial intelligence) matters. Essentially what <USER> said at #perconalive last year,positive,neutral,0.54886866
Angela Bassett is always a vision. #LoveAndHappiness #ThankYouObama,positive,negative,0.54860777
<USER> <USER> soros clinton pelosi podesta doing this ..vote every dem out from now on- they are against democracy,negative,neutral,0.54854655
<USER> *teringat ricky martin 😆,positive,neutral,0.54842603
"<USER> <USER> I think the #recount got the deplorables a bit on edge. There are more of us, honey. Didn't you hear? #notmypresident",neutral,negative,0.54836154
UK Govt reject criticism on Libya saying its involvement saved lives-... wishing UK to enjoy post Gadafi Libya fate. #UK #libya,neutral,positive,0.5482674
<USER> ha ha... Think I've just come up with your #valentines social media campaign #lovestable - you need me on your marketing team!!,positive,neutral,0.54790205
<USER> Spencer is even one of the softer alt-rightists. I guess Paul doesn't know much about shitposting and chan culture.,negative,neutral,0.5477072
"<USER> <USER> we must fight as democrats. Having Steve Bannon, Donald Trump, and Breitbart leading our country how scary!",neutral,negative,0.54768187
Congratulations new appointed president cbc ward 2 Mazher Ali Awan and ward 3 Agha Zulfiqar Muhammad Salman Khan...,positive,neutral,0.54766357
"You got nothing to loose except your Retirement, SS, Medicare, Pensions, Healthcare, the right to vote. They voted GOP, need Mental Health",negative,neutral,0.5475954
".<USER> Strategist Plots ""New Political Movement"" Reactionary isn't new. Scary. #neverBannon",negative,neutral,0.5475071
"<USER> <USER> <USER> <USER> <USER> <USER> You're forget 1 thing, the 2mjrPty's are 1 team!",neutral,positive,0.5473332
Well I think he does need a good fracking!,neutral,positive,0.547252
I need David Blaine to make cards come out of my mouth,neutral,negative,0.5471742
About to go and see this!!!! 😁❤️ #FantasticBeasts,positive,neutral,0.5471295
Obama lifts embargo on Cuba...a hero to libs everywhere. Trumps takes a call from Taiwan...uproar. get the joke? PC is dead people. We won!,negative,neutral,0.54712045
"Working towards accreditation, albeit on half the minimum wage is much better than sitting on your arse bludging of…",neutral,negative,0.54705983
IMPORTANT FOR RESEARCH PAPER: Should euthanasia/assisted suicide be an option for suffering terminally ill patience,neutral,negative,0.54696727
<USER> <USER> As ugly as you are one would wonder why you would need an abortion unless you're into beastality aka dog or donkey,negative,neutral,0.546941
<USER> He sits with a clear and clean soul at the apple garden in Heaven learning about the future of deep Grace with angels..,neutral,positive,0.5468927
LOOK: City estimates 5 million people attend Cubs World Series parade,neutral,positive,0.5467837
#victoriaderbyshire #brexit noddle heads should wait and see like everyone else .. MPs are elected to do a job .. let them do it,neutral,positive,0.546748
"<USER> I, Kim Jong Un, wish to volunteer for this recount business",neutral,negative,0.54668814
The US-led coalition forces launched 24 airstrikes against #ISIS sites in #Iraq and #Syria. ##MosulOps…,neutral,negative,0.54668033
Bob Dylan Highway 61 Revisited LP 1965 pressing with alternate From A Buick 6 ≈ 118 hours U…,positive,neutral,0.546544
LIVE on #Periscope: Justice for Kenneth Chamberlin Sr. #blacklivesmatter,positive,neutral,0.54650223
<USER> ...oblivious to the fact Trump's electoral college win was flimsy compared to HRC winning popular vote by nearly 3 million votes.,negative,positive,0.5464705
<USER> come on bud... Those pants looked like the ones that hobo clowns wear. That guy was Ricky Martin singing sped up country songs,negative,positive,0.54643697
Love has no LabelsAmerican Deaf Hearing peopleWars. GAY MARRIAGE straight.Military jobs. Family.House. moneyFlow. Hard work,neutral,negative,0.5462644
Black Lives Matter Lesson Series: Part 1 #BlackLivesMatterInSchools #BlackLivesMatter #BLM585EDU,neutral,negative,0.54624236
“Plus Size Model” Ashley Graham Admits She Wanted to Be Thinner (via etnow),neutral,negative,0.5461028
And we're very lucky that Trump not be able to go because he's doing his transition so we won't be embarrassed,neutral,negative,0.5459756
ISIS and The CIA What You Need To Know! #ISIS #falseflag #saudi #CIA #mossad #israel,neutral,negative,0.5456626
Gun control Regulation vs Prohibition What's the Difference?#guncontrol #gunrights #regulation #prohibition<URL>,neutral,negative,0.5456379
#BillGates revealed as sociopathic liar about GMOs and vaccines #nwo #depopulation #gmo,negative,neutral,0.5455145
NANCY PELOSI & HARRY REID HAVE BEEN TWO OF THE BIGGEST BENEFICIARIES AMONG UNTOLD OTHERS FROM BOTH PARTIES! DINO&RI…,neutral,positive,0.5454749
<USER> <USER> <USER> maybe take a look at the Clinton foundation if government corruption actually bothers you now,negative,neutral,0.54543674
No More Mr. Tough Guy<URL> Trump supporters are starting to realize that the guy they voted for was an act #uniteblue,negative,neutral,0.5453306
aren't you guys lucky to live in america ....separatism = anyone who doesn't peddling the government narrative,neutral,negative,0.5452982
Belgium minor first to be granted euthanasia,negative,neutral,0.5452478
Westworld is what #GoT will never be : Mastered and suitable for a Series format.,positive,negative,0.5451134
I played Google Earth VR for way too long and now I'm about to barf,negative,neutral,0.5449835
"If not for voter suppression and machine finagling, Hillary would be transitioning. 2.5 million votes says so. Pelo…",neutral,negative,0.5449783
"this is a very diverse & talented cast of men, but I find it hard to believe that no women wrote #NBAwards-worthy b…",neutral,positive,0.54493725
"OBAMA, HILLARY, KERRYARMED, INCITED YEMEN CIVIL WARfor OIL $$$$$$$. period. 🚨🚨 #YemenFiles 🚨🚨#YemenCrisis…",negative,neutral,0.5447522
Is #TPP really dead? Has Trump’s election affected Vietnam’s foreign policy?,neutral,negative,0.54473525
Street Level Nordstrom Burnt Orange Leather/Gold Studded Crossbody Clutch Bag | eBay,neutral,positive,0.54472315
<USER> Forget the pipeline. There is endless sunshine and plentiful wind to provide us with power. Why fossil fuels? That's crazy!,negative,positive,0.5447146
"<USER> why ""almost Latina"" Hillary did not already work this for you #epicfail Hope they release him! #FreeOscarLopezRivera",neutral,negative,0.5446659
The #Westworld need to learn much from east culture.,positive,neutral,0.5444724
"<USER> foodstamps ,Medicaid and social security are not enough to fund billionaires taxcuts.so add a couple trillion national debt+int",negative,neutral,0.54443926
"<USER> so basically its about global warming, drone strikes, fracking, and just the american government all in one",negative,neutral,0.54436016
OH I JUST CAUGHT ON! I see what y'all did there!! #ThisIsUs,positive,negative,0.54432935
When I saw this live it took me a few seconds to realize it wasn't actually the (legit) CY Young winner and MVP,neutral,positive,0.544278
<USER> I keep just missing out on one these every time <USER> posts a link 😞#win #Hatchimals,neutral,negative,0.5442618
<USER> Dems have a lot of rethinking to do in order to win. Let this recount settle our minds on the distressful pres election results,negative,neutral,0.54422843
<USER> it would have felt better had we not had a Maduro or a Diosdado Cabello so the celebration wasn't as riveting lol,negative,neutral,0.5442217
George Soros. A SS in the National Socialist German workers party. Nazi party. He served under Hitler. The Democrat…,negative,neutral,0.54418266
How appetising is a Full English Brexit? My latest 'Sideways View' for <USER>,neutral,negative,0.54414004
<USER> persona 5 got delayed! Greatness surely does awaits. #delayedStation4,positive,neutral,0.5441353
"I am afraid after #Libya, #Syria & #Iraq,#Pakistan is the next target, the delay is because of the nuclear weapons#DrQadriWithMoeedPirzada",negative,neutral,0.5440676
"<USER> is a joke and the left's equivalent to ""Dr"" Ben Carson. Lots of people just got got. <USER>",neutral,negative,0.5440476
"Even if this results in nothing, big PR coup for Trump,vs Obama's admin which didnt seem to do much,plus look at pi…",negative,neutral,0.5440468
#GilmoreGirlsTop4 -Jess-Sookie-Michel-Lane,neutral,negative,0.5440144
I had no other interests but baseball because I never thought I'd no... #JustinVerlander #quote,neutral,negative,0.54388297
Melania shld partner w/ China to put an end to this despicable online body shaming 'Kim Fatty The Third' No More,negative,neutral,0.54380554
What will they bring in next? Euthanasia for the disabled?,negative,neutral,0.5437959
<USER> was that Justin Verlander?,neutral,positive,0.5437924
"<USER> <USER> <USER> #Hamas is #ISIS, #Jihad is #Terrorism",negative,neutral,0.54377127
<USER> ensure good voter registration in Nyanza region and its environ as a strategy of early victory come nxt year august,neutral,positive,0.54372936
how Bob Dylan hoodwinked an entire generation into thinking his voice was tolerable.,negative,positive,0.54365313
<USER> <USER> Fake news like FBI director Comey put out right before the election.,negative,neutral,0.5435894
"#English government demands intercession in #Libya ""without a doubt"" spared lives",neutral,negative,0.5435604
Samsung Galaxy Note 7 vs OnePlus 3 vs Galaxy S7 vs iPhone 6S Speed Test! . #AJNancy,neutral,positive,0.543431
Thanksgiving will never be the same after #PilgrimRick #ThisIsUs,neutral,negative,0.54337955
How the F David Blaine pull out those!!! 🙀,positive,neutral,0.54335105
Arson in #Jerusalem. Intentionally started forest fires. #ecocrime,neutral,negative,0.54325426
Obama calls for unity in Thanksgiving message #Trump2016 #TrumpTrain #GOP #ccot #tcot #ThanksTrump #UniteBlue,positive,neutral,0.5432521
#Spurs #GoSpursGo 2004-05 #Topps Chrome Refractors #50 Tim Duncan - NM-MT #TimDuncan #NBA,neutral,negative,0.5431845
The Bad Hombres #TrumpInauguralBands,neutral,negative,0.5431725
<USER> I'm seeing so many liberals praising #Castro as a hero and a role model in spite of all he's done.,negative,positive,0.5430976
<USER> like pre tpp or his death,negative,neutral,0.5430747
Melania speaks 5 different languages....bet none of you could read Michelle Obama's speech in 5 languages,neutral,negative,0.542992
"Bullet for my valentines on the mix, it's good to be back, damn.",positive,negative,0.5429681
Team wallpaper. [<USER>] #FCBlive,neutral,positive,0.5429004
<USER> But the #Australian #coal #LNP (Libs.) and #GOP #Oil already know this. They just want to earn cash out of fossil fuels while,neutral,negative,0.54289806
"#Hezbollah, #Russian terrorists in direct meeting #Syria #Lebanon",negative,neutral,0.54243326
fascinating...<URL>,positive,neutral,0.54232156
#Poroshenko discussed Russian aggression with #Trump<URL>,neutral,negative,0.5421266
<USER> They mustn't get bogged down in the alt-rightists stated view of 20th century fascist movements; they'll just lie.,negative,neutral,0.5421138
Not so sure that David Blaine can be trusted!! Important!,negative,neutral,0.5420354
Bob Dylan and The Grateful Dead sing Rainy Day Women #12 And 35 live at Madison Square Garden on 10/17/94 -,neutral,positive,0.54203516
Guest Post (Part I): Demystifying Deep Reinforcement Learning - Nervana,neutral,positive,0.54193395
Samsung SDI Lost After Galaxy Note 7 Recall #Samsung SDI,negative,neutral,0.5418525
"Chris Fudali: ""Fatty Kim the Third""?! It feels so unoriginal...yet, it works.",neutral,negative,0.54175466
They actually weren't too keen on a Black Friday sale because they're white supremacists.,neutral,negative,0.5415436
We Are The Bad Hombres!,neutral,negative,0.54149294
"I liked a <USER> video Anti-Trump Riots, Left-Coast Secession, and Katy Perry",positive,negative,0.5414885
<USER> You're from Norway. Do you even understand how the US Constitution and Electoral College works? Big Trump win. Massive.,neutral,positive,0.54135334
<USER> <USER> Everyone with a sane mind. Because that's where gerrymandering and voter suppression comes from.,negative,neutral,0.54130906
"Wow, <USER> you really don't know me at all do you? #Immigration",neutral,positive,0.54122096
Luke dresses like a white Tim Duncan.,neutral,negative,0.54118025
"Let's compare ways to celebrate European cultureWicher 3: Music, folktales, valuesThe Alt-Right: Nazi memes.",neutral,positive,0.5411253
<USER> Her best segment was the bit on immigration near the end. I thought she did fairly poorly throughout the first 24 minutes.,negative,positive,0.54107815
Ana Navarro destroys Melania Trump’s cyberbullying speech hypocrisy: ‘He... is the dirt and brainless,negative,neutral,0.5410704
Is this leaf ?Can I eat ?Open the leaf!Oh! This is SUSHI.In NARA.#foodie #Thanksgiving #WorldFoodDay…,neutral,positive,0.5410278
"So fracking is bad, but covering 100 acres of grass in tarmac is fine?Righto. 😐",negative,positive,0.54099536
Obama will not restrict drone strike 'playbook' before Trump takes office,negative,neutral,0.5409216
<USER> <USER> <USER> <USER> <USER> he's got to go. Using PEOTUS is not good for Am…,negative,positive,0.54091465
"Ok. We're supposed to be door mats and let the likes of Donald Trump, Steve Bannon, and Jeff Sessions walk all over us.",negative,neutral,0.5409056
STOP ANIMAL TESTING AT OXFORD,negative,neutral,0.5408962
#ISIS: Islamic or not? #isis #tcot #trump #maga #isis #tcot,neutral,negative,0.540832
And you thought you were having a bad day...<URL>,neutral,negative,0.54076827
Wife kills Her Husband shortly after having Thanksgiving dinner,negative,neutral,0.5404568
#ThankYouObama for creating the strongest <USER> in almost a century and electing <USER>,negative,neutral,0.54037076
"Yep. A wall on the Mexican border, that is. Obama, Schumer, you name it. They all voted for it. Consistently contra…",negative,neutral,0.54026806
"Anti-Trump Riots are a Smoke Screen Vote =Tyranny. Founders were genius. Dems want control, NOT play by rules.",negative,neutral,0.5400336
Who Are the Millions of ‘Bad Hombres’ Slated for US Deportation? via <USER>,neutral,negative,0.54002655
"Just got a junk email entitled ""Here is how to beat ISIS"". It also contains a warning from Pope Francis",negative,neutral,0.5400008
"A pretty well-rounded article; Kim Jong-un is only interested in longevity, as i wrote here:",neutral,negative,0.5399402
Alsace Township planners add medical marijuana rules,neutral,negative,0.53983617
i just found a dennis rodman/kim jong un fanfic on my old phone. WHAT AM I,neutral,negative,0.53974885
"<USER> <USER> <USER> ""...Medicaid patients’ access to care is not significantly worse than comparable private coverage...""",neutral,negative,0.5397471
"<USER> So they seem to assume same posture as hardline rightists re:minorities: This bloc will never change, they're not really American",negative,neutral,0.5396577
Fried Food: Dispelling the Doubts for Vegetarians #vegetarianism #vegan #vegetarian #diet #spirituality #veganism #…,neutral,positive,0.5395918
"Ingeniously finding a way to save vast sums on building costs, #Trump just sent a brigade of expert wall builders t…",negative,neutral,0.5395422
Pope Francis could've privately answered the 5 yes?/no? questions the cardinals originally posed PRIVATELY.…,negative,neutral,0.539514
my head hurts watching david blaine,negative,neutral,0.5394207
"So Austria's new president is a proponent of divorce, gay marriage and smoking until it kills you? Still worried...",negative,neutral,0.5393648
Jasmin Guy! (I don't know what that dance was) #ThankYouObama,positive,negative,0.53926516
This Week in Ridiculous Regulations #tcot #tpp,neutral,negative,0.5392394
Join me in supporting Foster Campbell via <USER> #UniteBlue #LibCrib,neutral,positive,0.5390558
"Not sure if the #Ontarians are naive or what, but electing #conservatives would definitely prove collective disillu…",negative,neutral,0.5390254
Some doctors say palliative care is better than voluntary euthanasia. Better for who exactly? #vicpol #auspol,neutral,positive,0.5387783
"<USER> hey marissa, im a social worker of sorts i work for social security. Coffee mayby?",neutral,negative,0.5385367
<USER> Trump already violating people's right s for peaceful protest. Not my President.,negative,neutral,0.5384282
Medicare is more cost-effective than private insurers and could serve as the foundation for a single-payer system.,positive,neutral,0.5383931
New on #Steemit: Cristiano Ronaldo all Luxury Cars,neutral,positive,0.538341
"…but I’m still surprised anybody cares about my work at all,” said Daniel Borzutzky, who won #NBAwards for Poetry:",neutral,negative,0.5382273
Trip to Istanbul ✈️✈️✈️🏀🏀🏀#fcblive,neutral,positive,0.53788215
"#Trumppolicy as I see it is to bring back the '50s. Taiwan not China. Embargo with Cuba. antisemitism, racism, homophobia,& sexism.",negative,neutral,0.53781474
<USER> He has a Michael Moore crush? Did you read his thread? I follow him to try to understand the prog-mind. No breakthrough yet.,neutral,negative,0.5375154
la artista favorita de ricky martin queen like always #LaliEnHoy,positive,neutral,0.5374918
"“Conservatives urged the Government to say whether Lord Goldsmith, the Attorney General, had given legal approval for military action to",neutral,negative,0.5374714
#TrumpTransitionTeam #Boycott <USER> hire Muslims denied #VeteranSpouses employment … #MAGA #Conservative,neutral,negative,0.5374676
Sentinel Editorial: FBI’s Comey ‘had no one of middle class families.,neutral,negative,0.53740555
<USER> <USER> 2 CY Young award winners in their rotation actually. Wouldn't call that no pitching.,neutral,negative,0.5372832
<USER> <USER> As gay man I'm appalled at Democrats doing nothing. Gay marriage Hillary & Obama were against until it was safe,negative,neutral,0.537219
-- <USER> Stop pushing #NeverRomney as <USER> SOS you are hurting Trump's transition with incompetency. Pick another SOS,negative,neutral,0.5370413
I don't think there has ever been a show that makes me cry almost every minute of every episode 😢❤ #ThisIsUs,positive,negative,0.5370221
<USER> #NeverRomneyRe-stocking the SWAMP#DrainTheSwamp...,negative,neutral,0.53698283
Standing Rock #nodapl Stop Dakota Access PipelineIt is all about the power of Intention! stand together and we...,neutral,negative,0.53694034
"Must-Read: Myron Ebell, Trump's EPA transition head, co-authored API plan to lie re: clim science; see bottom p4<URL>",neutral,negative,0.53689355
New National Minimum Wage Increases -,positive,neutral,0.53672844
"My mom used to say,""Lay down with dogs, get up with fleas."" Just sayin' . #TrumpTransitionTeam #DrainTheSwamp",negative,neutral,0.5365691
"Translation: Long live Trump, long live Putin, long live Marine le Pen, and long live the [Northern] League!",positive,neutral,0.5365476
"There's fake news, and then there's bulls**t news.",negative,neutral,0.53651047
"¡¡HAPPY FRIDAY, BITCHES!! 💋👑 #ScreamQueens",positive,negative,0.53648597
"Ivanka Trump in '06: 'If he wasn't my father, I would spray him with Mace' #NotMyPresident #StillWithHer",negative,neutral,0.5363244
"""Drain the swamp.""Translation: Appoint the slimy creatures to my cabinet.#TrumpSpeak #TrumpTransitionTeam #NotMyPresident #DrainTheSwamp",negative,positive,0.5363224
<USER> <USER> Canadian site is flooded with fake reviews on #SettleForMore !,negative,neutral,0.5362811
The Spurs are still a real disciplined team even without Tim Duncan.,positive,negative,0.5362565
"""I can't tell you how privileged I feel to wear one of your gowns."" - Mrs. Tony Romo",positive,neutral,0.5362383
Its that time of night again where no one can beat me at Rock'em Sock'em Robots.,positive,negative,0.53614324
No voter suppression?,neutral,negative,0.5361277
<USER> seriously? You are forcing us to always have you track your customers or the app does not work? That is a dea…,negative,neutral,0.53595316
"<USER> He was a ""meh"" prime minister for me. No real highlights come to mind of his tenure. Maybe legalising gay marriage?",neutral,negative,0.5357614
and that CA minimum wage goes up on the first for the next 5 years ayyy 😋,positive,neutral,0.5357351
"Eligible For #ObamaCare?, Means No More #CharityCare? #AffordableCareAct #Nurseup",negative,neutral,0.5357095
"Is Trump's Cabinet, The David Dukes of Pennsylvania Ave.? Hear our Bob Dylan: Trump protest song. #RobbingUsBarren",negative,neutral,0.53548574
<USER> elite fed reserve just does want they want print money out of thin air no gold standard at all want cashless society,negative,neutral,0.535471
Israeli demolition of Palestinian woman's home 'a double crime' via <USER> #gaza #palestine #israel #BDS,negative,neutral,0.53531843
"No Robots In This Program, Only Real Entrepreneurs!<URL> See you there,Tom MooreBricktowntom",positive,negative,0.5351924
<USER> I think you forgot to follow your own advice. IMO. <USER>,neutral,negative,0.5351822
"<USER> <USER> Russia role in Syria, Iran? Exposure is vital for Public support. What are they up to?",neutral,negative,0.535085
Ben Carson for Housing & Urban Development?? 😐 I just can't 😒,negative,positive,0.535079
Looks like the the Mercedes S series has been replaced by the Tesla Model S as the new brown person mobile.,neutral,positive,0.535022
"*Jeff drops keys*""Woah how'd these get here, am I David Blaine? Is this street magic?!""",neutral,positive,0.53483033
"#Tigers reportingly have a high asking price for the veterans they are trying to deal Verlander, Kinsler, Cabrera, J.D. Martinez.",neutral,positive,0.5347185
<USER> george soros written all over it,neutral,negative,0.5345105
The consequences of an EU implosion are unknown. There seems to be an air of triumphalism in some quarters today.,neutral,negative,0.53448987
"<USER> Donald J. Trump, the second president in 20 years to lose the popular vote, most unpopular president in history",negative,positive,0.53444487
<USER> <USER> <USER> wait - what are we talking about? Syrian refugees or anti trump riots?,neutral,negative,0.53441936
<USER> <USER> Add this guy to the list of deplorables. He has no integrity.,negative,neutral,0.5343255
The latest The mardibum63 Daily! Thanks to <USER> <USER> <USER> #ai #brexit,neutral,positive,0.534064
Melania Trump always is squinting like she's staring directly into the sun.,negative,neutral,0.5340568
<USER> Time you did some research. Nazi roots,neutral,positive,0.5339896
"Rather than build a wall on the Mexican border Trump should just get Ciaran Clark to stand on it, some boy",neutral,negative,0.5338858
Donald Trump and the Rise of Alt-Reality Media #MAGA #NeverTrump #ExGOP #CruzCrew #DonaldTrump #UniteBlue #Democrats,negative,neutral,0.53388214
"<USER> good adage. i like the slogan: ""Love Trumps Hate""",positive,negative,0.5337787
Protester from Laguna & they leave when cops do. Says it all: Thanksgiving at Dakota Access pipeline protest #nodapl,neutral,negative,0.533774
A Deep Learning Supercomputer Approach to Cancer Research,positive,neutral,0.53371954
<USER> <USER> <USER> <USER> Of course *smacks forehead* b/c white supremacists didn't support Trump throughout his campaign.,neutral,negative,0.533483
<USER> True. But there's a question that still needs to be answered: What if autism causes vaccines?,negative,neutral,0.5334214
The Prem Model #UnitedNations team participated in the annual Chiang Mai MUN Conference:,neutral,positive,0.53327334
Tony romo is currently singing fake love by drake to Prescott....RIP,neutral,negative,0.5332555
Florida really needs to #AudittheVote too. #NotMyPresident #TrumpProtest #imwithher #VoteRecount #Election2016 #stillwithher #werestillhere,neutral,negative,0.53321034
4.3 – Update: death penalty passes in state initiatives,neutral,negative,0.53320843
it's cool persona 5 is delayed a few months again people will be able to play nier automata instead,positive,negative,0.5330373
Pop is gay for Tim Duncan,negative,neutral,0.5330256
Fire reported near Maale HaHamisha near #Jerusalem.#IsraelFires,neutral,negative,0.5329034
Young Barça fans in Glasgow who managed to get autograph from Messi and take selfie with him. #fcblive,neutral,positive,0.5327085
Well I take that back maybe cuz <USER> isn't here a few of you might make minimum wage ev,neutral,negative,0.53268665
"<USER> <USER> #Vêrlander ""its not about culture its about putting people in their place"" #HeritageDay",neutral,negative,0.5325832
<USER> <USER> too many morons out there. Ppl get ruffled when someone says something they don't agree with. Want an echo chamber,negative,neutral,0.53256637
"Trump tried to blame Melania's plagiarism on her speech writer, but I don't know if anyone bought it. Melania stol…",negative,neutral,0.53255767
This is why I firmly support Paul Ryan's plan to gut Medicare. White folks over 45 voted 60-40 for Trump. Let em ha…,negative,neutral,0.53235424
Interesting take on why not to protest Trump winning the presidency right now. The Right Way to Resist Trump,neutral,negative,0.53227586
<USER> <USER> <USER> This is the kind of on your face corruption that President-elect Trump must clean up. 😡😡#DrainTheSwamp,negative,neutral,0.53218687
Anyone who thinks OTW is a black-hearted ghoul. #ACA #Obamacare #fixit #haveaheart #prolife #trump,negative,neutral,0.5320285
<USER> cool story bro. I like the one were those women get degrees and figure out how to end our dependency on fossil fuels.,neutral,positive,0.5318804
<USER> <USER> More massive voter suppression. The right will stop at nothing to disenfranchise black & brown voters,negative,neutral,0.53178865
Only Wealthy White Leftists,negative,neutral,0.5316779
"I didn't plagiarize that speech, it was just a little Melania-ed.#UsefulNewVerbs#FridayFondue<USER> <USER> <USER>",neutral,negative,0.5315709
"<USER> funny how the #lefttards are the ones pushing the KKK narrative, oh, that's right, the Dems founded the KKK after all",negative,neutral,0.53135335
CNN weeps for their erstwhile hero Fidel Castro.,negative,neutral,0.53134686
<USER> <USER> FAKE,negative,neutral,0.5312426
"With James Comey in office, how could the US investigate the Russians? <USER> <USER> <USER> <USER>",negative,neutral,0.53116125
"Between 1954 and 1963, close to 98 million Americans received polio vaccines contaminated w/ a carcinogenic monkey virus, known as SV40.",negative,neutral,0.53106785
"north korea, after banning sarcastic comments about the government, now asks china to censor “kim fatty the third”…",negative,neutral,0.5310312
Watching old episodes of The West Wing & realize Martin Sheen has more experience to run the US than our president-elect.#StillWithHer,negative,neutral,0.53096724
"So Fidel Castro has died. Don't worry, George Soros is willing to fill his shoes as Most Wicked Man In The World #wicked #publicenemy1",negative,positive,0.53090894
<USER> <USER> <USER> <USER> <USER> Even if she's wrong it still hurts Trump. Keeps popular vote in news cycle.,neutral,negative,0.53088707
Life is all about seasons...#Romos#RoughPatch<URL>,neutral,negative,0.5308547
Assault on St. Valentines – a Review<URL> #bookreview #politicallyincorrect,neutral,negative,0.5308124
<USER> I'm surprised trump didn't offer Putin a cabinet post or vice versa. Pretty soon Russian will be a required 2nd language here.,neutral,negative,0.53070784
Dr. Tim Robinson Believes that Integrating #Homeopathy into His Medical Practice has Made Him a Better Doctor<URL>,positive,negative,0.53064036
Lord Monckton: The Leftists System Is Political Satanism,negative,neutral,0.53063774
"<USER> No, Mo Ansar - ever the opportunist - is looking to reinvent himself as the new Leonard Cohen, hallellujah.",negative,neutral,0.5305477
"I think I'm past the 'bacon on my bacon' stage, and can cross that out of my list. Returning to vegetarianism has taken the long way around😅",positive,neutral,0.5305446
These people keep shadow boxing imaginary leftists thinking they're heavy weight champs smh,neutral,negative,0.53052264
#FidelCastro dear liberals you forgot the camps he put aids patients in,negative,neutral,0.5304859
Let's all thanks Prez Obama for 8 years of progress!#PresidentObama #uniteblue #wewillmissyou #thankyou…,positive,negative,0.5304836
Dont miss out today Dubai's iconic landmarks going Orange #BurjAlArab #InterContinental #SpeakUpae #OrangeTheWorld…,positive,neutral,0.53032684
Dylann Roof Wants His Attorneys Back Until The Sentencing Phase Of His Death Penalty Case…,neutral,negative,0.5296322
"In the light of Brexit and Trump, what can you do to make the world better? Read this.",neutral,positive,0.52955127
Palestinians send four firefighting teams to help put out Israeli wildfires #Palestine #Israel,neutral,negative,0.529481
"Rock Princess ; Let's Keep This Secret 2 Ourselves ; DON'T Tell Loony Leftists That They Could've Bought , Lots Of…",negative,neutral,0.5294392
Id be more impressed if he pulled ashley Graham...baddest by my standard,neutral,positive,0.5293197
(( - Pre-Persona 5 timeline!- Multiverse? We're all a big family!- Occasional Writer bluff.- Detailed as you ar…,positive,neutral,0.5293032
"Hey Colts, nice backup Quarterback, bro. S/Tony Romo #jaymohrsports",positive,neutral,0.5292696
<USER> Liberal Nazi world Fidel Castro was there liberal god every liberal nazi dream idol.,neutral,negative,0.52925515
"<USER> David Lee is considered by some to almost single-handedly turn Tony Romo into the QB he became. So, yeah, I think it's fine.",neutral,positive,0.52915734
Exams done!! Yay! Taking a drive and spending time in Blouberg 🎊💃#MyMoments 📷 did somebodddyy say tequila?? Here I come!! Opa 💞 #Uber baby,positive,neutral,0.52904934
What hope for Belgium after permitting it's first child euthanasia?Ethics that Pándy&Dutroux may have balked at.Another European innovation!,negative,positive,0.528962
Let's see Palin in the Cabinet!-->Exclusive -- Sarah Palin on Her Political Future via <USER>,positive,neutral,0.5289499
"<USER> <USER> Yeah, ok man. He's got more knowledge than you ever will. If he tried to get the popular vote, he would've.",negative,neutral,0.52891403
"<USER> I think, u know I think I would like to build a wall on the border with mexico, not to let mexican food in",negative,neutral,0.5289132
"""I'm totally comfortable with the GCSB being involved in US drone strikes"" #JohnKeyLegacy",neutral,positive,0.5288033
"I'm a little late to this, but this piece is excellent: #Fidel Without Illusions via <USER>",positive,neutral,0.5287461
<USER> deadline for WI is today and hoping your people are on it and NOT this lying Putin loving scammer,neutral,negative,0.52869695
Video: Far right at the gates of power in Austria via <USER>,neutral,positive,0.52852184
Yesterday: #NationalFastFoodDayToday: #NationalTakeaHikeDayCoincidence? I think not....,neutral,negative,0.5285036
"Rimmel Cosmetics, Avon and Cover Girl: You have got to stop making “cosmetics of cruelty”!",negative,positive,0.52843064
Images: Iniesta on the track to recovery #fcblive [fcb],neutral,positive,0.52834624
Watching this episode of #ScreamQueens when I'm haemophobic is so torturous. So much blood 😢😢😢,negative,neutral,0.5282174
"<USER> <USER> If reducing fracking significantly isn't 'enough' for you, is BS... then I think you aren't serious on the issue.",negative,neutral,0.5281896
What? Randall's heart was broken on Thanksgiving??? Why?!!! 😩😢😭 #ThisIsUs,neutral,negative,0.5281406
<USER> the first step is nationwide voter ID card. Voter registration audit.,neutral,positive,0.528042
😂😂WHEN I SAY WE TRIED 20 DAM TIMES!! STANDING STILL IS HARD AF😂😂 #mannequinchallenge…,positive,negative,0.5280056
<USER> are you listening? #AuditTheVote #StillWithHer #resist #NeverTrump #Recount2016 #SaveOurFuture…,positive,neutral,0.5279932
"RT <USER> When they're literally doing a Nazi salute you don't have to fudge and call them ""alt right""",neutral,negative,0.52791977
"<USER> Yep, that's Putin's girl, same as Bernie and Trump puppets.",negative,neutral,0.52789706
"America, for instance, has more than 200 years of lessons unlearned. As for Britain, Brexit is 100% in keeping with its aloof insularity.",negative,positive,0.5278869
"I tried HTC vive VR headset and google earth VR, then painted using Tilt Brush. Holy Cow! I didn't want to get out of that world!",positive,neutral,0.52768934
CSIR rubbishes claims fracking will create jobs,neutral,negative,0.527671
"<USER> <USER> <USER> Moving 10,000,000 to Medicaid welfare ain't healthcare reform; it's a big lie:",negative,neutral,0.52764076
"Bob Dylan: The 1966 Live Recordings, A Monumental Box Set - Santa monica Observed",neutral,positive,0.5275762
If you're against animal testing then you're against animal testing ALWAYS - not until MAC release a really nice colour lipstick lol,negative,positive,0.52755183
<USER> You can't register to vote if you are not a citizen. Period. Stop your desperate conspiracy theories. She WON popular vote.,negative,neutral,0.52727854
<USER> <USER> <USER> if #Calexit happens dems wouldn't win EC or pop for next 20 years,negative,positive,0.52721304
<USER> are you actually Bob Dylan,neutral,positive,0.5271389
"<USER> you can say shitty fan bases all you want, but you did see that every other state wanted the <USER> to win the WS, right?...",negative,neutral,0.5271014
<USER> <USER> meow! When did this catfight get so bad?,negative,neutral,0.5270145
<USER> Something about this kid who's bad at baseball but good at building robots. Then a book on space.,neutral,negative,0.526996
"There's nothing new about the so-called ""alt right."" They're just the latest dressed up white supremacists.",negative,neutral,0.5269827
I suspect the reason why Putin denounced bitcoin is b/c countries manipulate their currency value to help each other with regards to trade.,neutral,negative,0.5269131
Don't really want this to end but here goes... — watching Westworld,positive,neutral,0.5268629
Its getting really hard to not spoil Persona 5 for myself,neutral,negative,0.5267803
Imma miss Obama 😭😭 #ThankYouObama,positive,neutral,0.52675253
"It will be as exciting as the 1930s, greater than the Reagan revolution... Steve Bannon, with a Fabergé glint in…",neutral,positive,0.5264613
"#Islam is a ideology, theology, and psychology of terrorism, hypocrisy and deceit. #islamic #palestine #ISIS #hamas",negative,neutral,0.52640074
Big Fun's jersey is going up to the rafters,neutral,positive,0.5262974
Sis you missed bombshell #ThisIsUs,neutral,negative,0.52618724
Honey's a sweet success for Cuba as other bee populations suffer Cuba has no pesticides due to embargo.#SaveOurBees,neutral,negative,0.52617
"<USER> But, but, Michael Moore said that ""Woman GOOD, men BAD""",neutral,positive,0.52616394
<USER> #ISIS NOT #AlQaeda command center discovered in #AlQuwarshe #Benghazi #Libya,neutral,negative,0.5261132
<USER> when's the last time you fought for #BlackLivesMatter? You have your battles. I have mine. So keep assuming that I dont care,neutral,negative,0.52611154
IS Gay Marriage Wrong? – #CoffeeWithBux Ep. twenty,neutral,negative,0.5260661
Third and this is key here. Earning money is bad because alt-energy but OK because fossil fuels? Your entire point…,negative,neutral,0.5259298
I liked a <USER> video Dak Prescott Responds to Tony Romo's Statement on Cowboys & QB Situation | NFL,positive,negative,0.5258385
#VIDEO Of the Israel occupation check point at Anata village east of #Jerusalem were the occupation forces shot...,neutral,negative,0.52577096
Local Native Americans protested the Dakota Access Pipeline at Panorama Bluffs on Thursday.,negative,neutral,0.5257659
"You've heard the Animals, Bob Dylan, and five finger death punch... now listen to the best!!!",positive,neutral,0.52569735
"#Hezbollah’s power is unrivaled in #Lebanon & also a potential weakness, says <USER> cc <USER>",neutral,negative,0.52562994
Fuk knows y #auspol wld give to the Clinton Foundation % of Donations go to Charity 5.7%,negative,neutral,0.5256007
<USER> pls show support for Jill Stein's recount voter fraud and voting suppression. The World needs to know that this was fair,neutral,negative,0.5255417
<USER> He always said he wanted to repeal Obamacare I don't get why 20 million of his voters might have went against best interest. 🙄,neutral,negative,0.5254996
Explore The World With Google Earth VR Whenever You Want #DigitalPower,neutral,positive,0.5254379
"""I don't support animal cruelty but I'm okay with giving my money to companies that do so they continue testing on…",neutral,negative,0.52537423
<USER> <USER> did obama denouce black supremacists? Black panthers? no,negative,neutral,0.5252088
<USER> daughter swears he's almost 10. I don't believe n euthanasia for ppl.As a nurse I've seen too much death not to believe that,neutral,negative,0.52504283
"From a dead stop, Tesla estimates that the Model S P100D can accelerate to 60 mph in 2.5 seconds. <URL>",neutral,negative,0.5250254
<USER> <USER> <USER> <USER> <USER> DAPL is not meant 2 supply the US 2nd Fracking should B avoided as there R better options,negative,neutral,0.5250197
"Count third party votes, and he lost the popular vote by approximately 7 million votes!",neutral,positive,0.524845
3D Printing with Easy Cheese / Cheez Whiz,neutral,positive,0.5248215
.<USER> just as much as selling women out for a perceived peace that doesn't really mean peace? <USER> <USER> <USER>,negative,neutral,0.5247654
"The ""Clinton Foundation"" enterprise has nothing to sell if she is not in power. Desperately trying to stay in busin…",negative,neutral,0.5246239
Maarvi and I are having a Zac Efron vs Ashley Tisdale on the Suite Life moment minus the kiss,neutral,positive,0.5245935
When Kiria can't sleep guess who she keep up 🙇🏽‍♀️,neutral,negative,0.52448726
AND ALIENS!!!!!1 AND ROBOTS!!!!!!!! SPACE ROBOTS!!!!!!!!!!,neutral,negative,0.52448267
It took me a second to realize that that drummer is not Justin Verlander😂,neutral,positive,0.52428573
‘Kim Fatty the Third’,negative,neutral,0.5241554
Pls dont come :) #fcblive,neutral,negative,0.52415
<USER> in Forza you burn fossil fuels so it is the most violent game of them all,negative,positive,0.5238396
I have persona 5 music stuck in my head,positive,negative,0.52380466
<USER> This work with Galaxy Note 7 ?,neutral,positive,0.5238012
"Governments, media combine to support Israel's mythical kingdom #gaza #palestine #israel #jerusalem #BDS",neutral,negative,0.5237777
<USER> fascinating! Deep learning may also hold cues for this in adversarial nets-where competing algorithms win/lose depending on outcome,positive,neutral,0.5236198
Latest: Kate Upton clarifies her NSFW Cy Young rant #Sport,neutral,negative,0.52332467
Americans pump $5M into<URL> in 2days. Helped me get thru Thanksgiving. Can't give up hope <USER> #StillWithHer,neutral,positive,0.5232255
"<USER> <USER> Katie, don't worry about the Duke/Grayson Allen talk. He will trip people all year and be suspended by Feb.",neutral,negative,0.52316874
<USER> <USER> both Obama and Clinton were anti gay marriage just a years back too.,negative,neutral,0.52312106
"Funny how phenomena of ""Fake News"" only Spawned in 2016 & how it Shant be applied to dems going backwards#MAGA…",neutral,negative,0.52300066
Told her don't come for me because she wouldn't be able to find me!!! #IAmTheTruth,neutral,negative,0.52292275
Why is a AAAA reliever on a picture with Trout and Verlander and other superstars,neutral,negative,0.5228582
"RT <USER> D.C. restaurant apologizes after hosting alt-right dinner with ""Sieg Heil salute""",neutral,positive,0.5228149
"Voted for Trump because he tells it like it is; speaks his mind.*Millions protest because of things he said.*Folks, he didn't MEAN it!",positive,neutral,0.5227564
Half of South African workers earn less than the proposed R3500/month national minimum wage,negative,neutral,0.5226816
"<USER> <USER> I'm sure they're still useful to Dems in some way, which is why we're still hearing about BLM post-election.",negative,neutral,0.52260566
#Hatchimals...... so this is all the rage?! Oddly it is def making sounds inside the unopened box🤔,negative,positive,0.5225882
I need a Plan B for this baby bump developed yesterday.#thanksgiving,neutral,positive,0.52250016
"In honor of Leonard Cohen's passing. Heather Jewel Parks, a Miami, FL born, Dallas, TX based musician and owner...",positive,neutral,0.5223523
<USER> <USER> & why does this matter? Clinton... hmm do you mean the guy who built the wall on the S.W. Mexican border in 1994? SMH,negative,neutral,0.5223385
Excellent read to understand #MosulOffensive: On the ground in Mosul: why the worst-case scenarios are coming true,positive,negative,0.52232945
#JustReleased!!!! #UBER by Boo Gotti stream free on #APPLEMUSIC and all retailers worldwide!!!!#BMT<URL>,positive,neutral,0.52230746
"They’ve been working on this for a long time - drive the Medicare and Social Security systems insolvent, declare th…",negative,positive,0.52230734
Michelle Obama- Girl's Education- Brilliant- Role ModelMelania Trump- Nothing- Stole speech- Married Trump <-- that's saying enough,negative,positive,0.5221278
"<USER> ur CEO was on #GMA and said that there would be plenty of #Hatchimals and ur Kingston,Ma said they didn't",neutral,negative,0.52194154
"infecting each other with dead asteroid fibroids, a homeopathy of trauma called human bonding (walter scott)",negative,neutral,0.5219124
"<USER> CA voter registration system is set up for illegals, min req ID to get DL, voter registration is automatic unless not requested",negative,neutral,0.5217785
#BlackFriday Gary Johnson 3-Pack Decal #NeverTrump #tgdn #pjnet #tpp,neutral,positive,0.5217529
"Didn't you get the memo? Fossil fuels are yesterdays news, destroys our habitat you know. Yes, your children's too.",negative,neutral,0.5216032
Did you know that only less than 2% of the abortions carried out have a genuine medical reason and that the rest...,neutral,negative,0.52157694
<USER> <USER> we are not giving Steve Bannon a pass!,negative,neutral,0.5215359
<USER> <USER> <USER> I'd disagree with you. Her reports seem pretty objective & honest. Have an example?,neutral,negative,0.52146786
"Insane Moore calls on Dems to do ""whatever needs to be done to stop this appointment."" This is ""third-world"" crazy",negative,positive,0.52146655
"<USER> <USER> and she does now, more than mike ""conversion therapy"" pence. Keep deflecting your bad candidate though",negative,neutral,0.5214217
<USER> here ya go Einstein <USER>,negative,neutral,0.52140814
"Hope you are feeling better <USER> Since you are running a clinical trial, try the oreganol/oil of oregano!…",neutral,positive,0.52140695
Kate Upton continues with the AL Cy Young debate... 🙄<URL>,neutral,negative,0.52132404
"<USER> <USER> Steve Bannon won't count lol. Also, I am gonna need a definition of alt-right, because I have no idea what it is",neutral,negative,0.5212906
something something Clinton Foundation something... nevermind I've got nothing here,negative,positive,0.5212503
"<USER> <USER> of course! but since when does opinion have to = disrespect, nasty comments",neutral,negative,0.52112716
funny but i just realized he looks like zac efron,neutral,positive,0.521052
<USER> <USER> <USER> France is next. Vive Marine Le Pen!,positive,neutral,0.5210321
tremendous advances in artificial intelligence are powering everything from self-driving cars to apps that help diagnose cancer,positive,negative,0.52097565
"Fidel Castro is finally dead, I will be drinking some Cuba Libre tomorrow to celebrate... who's next? Maduro? <USER> <USER>",neutral,positive,0.52091277
"<USER> <USER> plenty of other news sources with riots, just look. Not to mention anti-trump assaults",neutral,negative,0.52089274
"<USER> <USER> except the joke here wasn't Melania's accent, it was the plagiarised speech. the accent was just an impression.",neutral,negative,0.520799
Comeee onnnnn kim jong un😭😭😭😭,negative,neutral,0.5207742
<USER> <USER> <USER> Brining this terrorist back will be red meat for Leftists. Media will make him a star just like Hicks,negative,neutral,0.5207722
#Eurozone These people need to discover the beauty of having a democratic nation as perfect as the DPRK. Kim Jong-un is life. #SydMUN16,positive,negative,0.52065337
This year just keeps getting more unreal every week! #whatishappening #LinuxFoundation #microsoft,neutral,positive,0.52058697
Victory? Public outrage may force Feds to revisit approval of the Dakota Access Pipeline,neutral,negative,0.5205433
"<USER> <USER> And then they have the audacity to claim rightists stay away because they are ""anti-intellectual"" and money hungry.",negative,neutral,0.5203539
<USER> FROM A DEAR LIBERAL: SO We Should Embrace Putin Going Forward Bec. Russian Hacking Is Really OBAMA's F…,neutral,negative,0.52033275
<USER> Thats not going to happen. The media will use him in an attempt to smear all conservatives. Spencer will relish in it.,negative,neutral,0.5203319
No one said a word when Speaker Pelosi flew from Ca. to DC 3x/week on a pvt jet at a cost to taxpayers of $60K per flight or $5.7M per year,negative,neutral,0.52029186
<USER> just carrying on the defensive legacies of kg and tim duncan nbd,neutral,positive,0.520203
<USER> ThankU 4 speaking up 4 Melania's keeping her son in his school 'THEY' 4get how much Trump $ went into campaigning $3mi? plz!,neutral,negative,0.52007574
Mike Pence is Trumps permanent bulletproof vest.,neutral,positive,0.51993483
"""Conservatives"" not being very conservative if they think 'written agreements' overrides the Constitution.#AusPol",neutral,negative,0.51988214
Justin Verlander Detroit Tigers #128 MLB Sports Illustrated for Kids SI For Kids via <USER>,neutral,positive,0.5197962
"#Putin says #Saakashvili governorship of Odessa was ""slap in the face"" of #Ukraine people. Sweet of him to care...<URL>",neutral,negative,0.51971495
<USER> I am one of your constituents. Too late coming to the table and we won't forget that. <USER>,negative,neutral,0.5197139
When your dream is to be the next kim Jong Un,positive,neutral,0.51967305
Celine Dion must sing the theme song #Beautyandthebeast,positive,neutral,0.51963663
"In a thankful gesture for lending a hand in putting out fire, #Israel shot a #Palestinian @ a #Jerusalem checkpoint<URL>",neutral,negative,0.51940167
Director of National Intelligence James Clapper Resigns #TrumpTransition #TrumpTransitionTeam,neutral,negative,0.51930046
<USER> <USER> thanks! not sure how much voter suppression is affected by state governor vs state legis.,neutral,positive,0.51928073
Is Trump trying to make America great again or just dismantling everything we stand for!?<USER> #UniteBlue…,negative,positive,0.51923066
North Korean officials asked that China block searches for the popular term.,negative,neutral,0.51922506
"<USER> evidence increases everyday, population rejects hard brexit#Richmond not a oneoff#economic evidence mounting#NOBREXIT",neutral,negative,0.5191739
Lesson 1 of Being Extra: get a second yacht for your vacation with your fiancé because you work better at night #MariahsWorld,positive,neutral,0.51916766
Donald Trump is next President but the biggest winner is Melania Trump. She can now call herself The First Lady instead of The Third Wife,neutral,negative,0.5187096
What do you call an egg type person sitting on a wall that they just built on the Mexican border?- Humpty Trumpty,negative,neutral,0.5186387
"Entrepreneurship is about risk-taking, this time it is paying off. #teachecon #Hatchimals #K12EconEd #shortage",positive,negative,0.5185856
"""Putin only has to sit on the fence and wait until Ukraine kills itself” Yeah, or until Saakashvili & Tymoshenko do…",negative,neutral,0.5183946
"IT'S THEIR MOTTO, EXCEPT THEY SAY IT AS WE'RE THE ,0000001% BUT OUR EMPLOYEES ARE ALL ON MEDICAID FOR NOW ~",neutral,negative,0.5181623
"<USER> <USER> Don't forget, Aleppo is not a christian city. Aleppo is a muslim city and stay a muslim city permenantly.",neutral,negative,0.5181233
So now everybody so inlove with g herbo? Y'all make me sick 😒,negative,neutral,0.51806843
Why are some vaccines optional? What can be the ill-effects if I don't get my child immunised with optional vaccine…,neutral,negative,0.5180673
Motivational Quote by Muhammad Ali #HannesGerber,positive,neutral,0.51803094
When we finally put it down for good it'll be called EUthanasia.,neutral,positive,0.51798195
Now that thanksgiving is practically overWya ChristmasWya 2017Wya Valentines Day 😌🙌🏼,positive,neutral,0.5179143
<USER> I just had a shawarma sandwich and I say forget vegetarianism,neutral,positive,0.5178963
Mark your calendars! #NBAwards winner Ibram X. Kendi speaks at UO on 11/30 on the history of racist ideas.…,neutral,negative,0.5178622
<USER> Well it's genius because we all know Melania stole Michelle speech and to imply that Melania wants Michelle life... Well,negative,positive,0.517828
#UnitedNations save #Aleppo please. Stop #Russia,neutral,negative,0.5177981
Parents Sue #California for Law That Forces Children to Get Vaccinated #Vaccines,neutral,negative,0.5177542
<USER> there are no gains in vegetarianism.,negative,neutral,0.51770216
"<USER> I've been getting a deluge of liberals & other cappies coming at me for speaking. Uhg, I think I'll sleep",negative,neutral,0.517581
#FF <USER> <USER> and last but definitely not least <USER> these are my people! #TheWalkingDead,positive,negative,0.51755404
"<USER> Nothing is going to get overturned. While theyre living in lalaland, Trump is breaking transition records.",negative,neutral,0.51751494
Donald Trump’s stock in Dakota Access oil pipeline company prompts concern - National | Globalnews.ca,neutral,negative,0.517468
"<USER> pictures from the world: Madrid, Spain - Words against the death penalty .....…",neutral,negative,0.5173678
#ThisIsUs WHAT DID I SAY ABOUT MY KATE AND TOBY?!,neutral,negative,0.5171822
"<USER> On Model 3 delivery... One man's opinion, but yikes.",neutral,negative,0.5169179
"<USER> <USER> When he grabs them by the Medicaid, the Social Security, & the prenatal care, & the overtime, they'll see who he is.",negative,positive,0.5164642
"No conflict of interest here, of course.",positive,neutral,0.5159139
"LIVEWe're live in Cuba, where Fidel Castro will be laid to rest today. Castro's ashes will be interred at the...",neutral,negative,0.51572764
UK 'risks repeating Libya mistakes in Mosul' - The Week UK #libya,neutral,positive,0.5156513
<USER> <USER> How do you explain this?,negative,neutral,0.51549256
<USER> <USER> <USER> What's funny is that you people label yourselves as Christians.,negative,neutral,0.5153385
"President Poroshenko awarded 56 ATO participants, most-posthumously",neutral,positive,0.5152823
"Hey, sorry I haven't been inspiring you in a while. Let's get back to it. ""Don't count the days. Make the days count."" -Muhammad Ali",positive,negative,0.5152791
#FinallyAtPeaceWith people calling me 'Kim Fatty the Third',neutral,negative,0.51526034
Cristiano Ronaldo only has FOUR friends at #RealMadrid...,neutral,positive,0.5152316
<USER> <USER> LOL no comparison Melania Trump is this rockstar!,positive,neutral,0.5152055
With #PresElectTrump we can DefundPP & work to stop #Abortion #AbortionKillsBabies #ChooseLife #ProLife #Adopt…,negative,neutral,0.5150614
zac efron poses nude #lovely libra porn,neutral,negative,0.51497465
<USER> #Messi #FCBLive thr are two clubs in the world FCB and the others,neutral,positive,0.5149173
1st try 😭😭 #mannequinchallenge,positive,neutral,0.5147726
For the next like week.. whats for Breakfast- Thanksgiving Leftovers❤️Lunch - Thanksgiving Leftovers 🤔Dinner- Thanksgiving Leftovers 🙄,positive,neutral,0.5145304
All I wanted for Thanksgiving 😍,positive,neutral,0.5144668
Several media outlets say the same. A member of his transition team tells critics to get a life.,neutral,negative,0.51437247
"in the Oregon experiment, 10,000 previously-excluded people (poor & childless) were given access to Medicaid for the first time",positive,negative,0.51434493
I Agree. We need voter registration I.Ds.,positive,neutral,0.51433253
<USER> so what happened to your wall? and what about investigating Clinton? gay marriage? small govt? #GOPCON,neutral,negative,0.5143256
Pretty much convinced that David Blaine isn't human.,positive,neutral,0.51428795
"<USER> #Elizabeth Warren is a real joke! ""abusing Taxpayer funds""? Hasn't she heard of #Clinton Foundation? Mind ur own biz Liz",negative,neutral,0.5142777
RT <USER> In the news: 'Alt-right' is believed to have been coined by the guy who quoted Nazi propaganda in D.C. on Saturday. htt…,negative,neutral,0.51427335
Latest Research in #Homeopathy. Arnica montana stimulates extracellular matrix gene expression in a macrophage.…,neutral,negative,0.514128
#UN ACCUSES #MYANMAR OF #ETHNICCLEANSING #asean #unitednations #rohingya #rakhinestate #rakhine #burningvillages…,neutral,negative,0.5141182
This is the sort of half-assed joke that reminds you you can never really be friends with conservatives.,negative,neutral,0.51403046
<USER> <USER> he's always been a weird gold standard/bitcoin guy but in 2008 he was all for Obama,negative,neutral,0.51393783
Remember; Clinton WON the popular vote by MILLIONS and probably won electoral vote too (if not for Russian intervention)#AuditTheVote,positive,neutral,0.5139216
<USER> <USER> This guy will. Kansas has super voter registration laws & almost 0 fraud! If they put Kri…,positive,neutral,0.5138401
"And ne'er ye fret ~ Finn has an honorable mention at No. 4 😘 ""Gilmore, give them back their balls!"" 🎾🏈⚾️ #GilmoreGirlsTop4",positive,negative,0.51375234
"#Libya's #oil output recovers to 567kbd bpd after power outage; political risk aside, other spoilers abound",neutral,negative,0.513434
<USER> In a roomful of Adolfs be a Ruth #ruthgruber #nytimes #TrumpTransitionTeam #SundayMorning,negative,neutral,0.5132189
<USER> <USER> DAY-O! DA-DA-DAY-EEE-OOO! Liberals are Commies & Like Fidel-They Need To Go-o!!!,negative,neutral,0.51307005
"President calls it has totally one-sided, biased show the evils of deplorables will be allowed to register the record, I",negative,neutral,0.5130638
"<USER> Meanwhile, Fidel's niece Mariela is currently expanding transgender rights in Cuba. Liberals can miss me with that hottake.",negative,neutral,0.513016
Interesting article on vaccines and how they can trigger autoimmune diseases,neutral,positive,0.51293856
I swear one of the drummers looks like Justin Verlander. #MINvsDET LIVE,neutral,negative,0.51280344
Obamacare's Collapsing. That Was Always The Plan. #TeaParty #tcot,negative,positive,0.5125292
"TIL veganism is a type of vegetarianism along with Lacto Vegetarian, Ovo-Lacto Vegetarian, Ovo Vegetarian and vegans do not consume not onl…",neutral,negative,0.5124759
If <USER> made an appearance as Adam again I'd have to call him a God because he has so much material on #ThisIsUs #yr #Dreams,positive,negative,0.5124477
Mommy's here #FBNewt #FantasticBeasts,positive,neutral,0.51243275
"GEORGE SOROS, AMERICAN CITIZEN, FRONT GROUPS CONNECTED TO ANTI TRUMP RIOTS: via <USER>",neutral,negative,0.5123559
<USER> <USER> <USER> <USER> <USER> <USER> Jamui hospital says some vaccines are not avlbl since 1 yr,negative,neutral,0.51231545
"Okay, <USER> I think I've got my #GilmoreGirlsTop4: Max, Jess, Luke, Sookie",neutral,positive,0.5123117
"When Donald Trump talks about building a wall, he's really just talking about having Steve Mason stand on the Mexican border #Flyers",neutral,negative,0.5121242
Michael Moore: Trump has to be opposed<URL>,negative,neutral,0.51210254
Of course they are,positive,neutral,0.5120668
When you and your girls get those #BlackFriday deals... 💁 #ScreamQueens,positive,neutral,0.512033
<USER> I c u decided to clog the swamp instead of draining it? #draintheswamp #stillwithher #NotMyPresident #TrumpUniversityFraud,negative,neutral,0.5120059
<USER> update: Zac Efron kissing a puppy,positive,neutral,0.5119535
"<USER> We dont hav Obamacare but this piece was 👌🏼. I wish DT cud keep ins 4 all, but ⬆️competition so we're not the ones paying for it!",negative,neutral,0.51192725
VAMOS #LM10 No one can hold you down. If you really want it.Just steal your destiny.Right from the hands of fate🙌…,positive,negative,0.5118033
#Tigers #Memorabilia 2013 DETROIT TIGERS TICKET LOT OF 3 vs WHITE SOX CABRERA VERLANDER VGC L@<USER>! #Vintage #Sports,positive,neutral,0.511776
I would argue that he is white. Since according to leftists race is a social construct and he was raised by whites,negative,positive,0.5116808
"Pediatric Vaccines 2015 Market Trend Analysis, Research Scope, Forecasts 2022",neutral,negative,0.5116188
Check out the 2016 <USER> award winners #NBAwards!,neutral,positive,0.51155436
man that westworld finale. it only took 10+ hours but i can finally say i know the plot of the show.,positive,neutral,0.5114274
<USER> <USER> Oil comps. poisoned CA's lower central valley water by fracking. Those pipes are not perfect and need repair.,negative,neutral,0.51136076
I miss my baby girl so much. Today was a hard day. 😭🐾🐾❤️ #Grief #dogmom #euthanasia #cushingsdisease #heartbroken…,negative,positive,0.51132166
Alphys’s history books made me think humans were cool……with their giant robots and flowery swordswomen.,positive,neutral,0.51129377
Inspiring:,positive,neutral,0.5111912
WATCH <USER> '16 Shots' by <USER> #musicvideo #catchup #BlackLivesMatter #indestructableVic,positive,negative,0.51112276
<USER> any updates on that income tax audit or was that all a lie? #BlackFriday #StillWithHer #Thanksgiving #AuditTheElection,negative,neutral,0.51111126
"And so they call him Kim Fatty the Fourth 金四胖 now ,",negative,neutral,0.51088333
New Look At Luke Evans and Emma Watson As Gaston and Belle In #BeautyAndTheBeast,neutral,positive,0.5108326
"#Uber writes to Maha govt, expresses concern on proposed rules. Read more:",neutral,negative,0.5107878
And then they brought out Bell Biv Devoe! Michelle was ready... #ThankYouObama,neutral,positive,0.5106603
"<USER> <USER> Amen! they all know the machines were hacked, totals are WAY off, and tons of voter suppression",negative,neutral,0.5106288
<USER> my son would be over the moon with this #hatchimals #BlackFriday,positive,neutral,0.5105796
Homeopathy shown to accelerate the healing of bone fractures in study,positive,negative,0.5105716
<USER> <USER> <USER> why does anyone care about what ACTUAL supremacists believ?,negative,neutral,0.5103007
"In China, #Obama and Kim Jong Un Are Actors and Best Friends<URL>",negative,positive,0.5102688
And it officially starts!! Winter Sports kick off today!! Lady Red Devils at Fairmont 6/7:30pm. Go Tipp!!,positive,neutral,0.5101676
<USER> <USER> <USER> they can't repeal it but they can defund it. Medicaid expansion would go away. Costs too high to purchase.,negative,neutral,0.5100726
Where were they during the height of Obama's Admin?,neutral,negative,0.5100724
"<USER> <USER> Flowers could have hit .240/.295/.360, and they're selling still but Sale has a Cy Young award",neutral,positive,0.5096872
My sister blew up my phone this morning asking if I could pick her up at the airport at 11.... I'm not a morning person so I said no.. #uber,negative,positive,0.5094929
This google earth VR thing seems cool but whats the point? we live on the earth.,neutral,positive,0.5094664
Obamacare if you have called Marco Rubio a puppet Jeb Bush who s going over and complimented me.,negative,neutral,0.5094348
Fix the Electoral College: Whoever gets the most popular votes should become president!,neutral,negative,0.5093449
"<USER> <USER> I believe it's meant for you to question the integrity of, second guess & question the Obama Admin. 1/2",neutral,negative,0.50934035
"<USER> And once again, whiny rich white liberals with their parent's credit cards are out money.And today was…",negative,neutral,0.5092674
Some performances have already sold out for #BeautyAndTheBeast and some are near selling out. Don't miss out!…,positive,negative,0.509203
"<USER> <USER> brb, BAWLING on the train #StillWithHer",neutral,positive,0.50910616
Hillary Clinton Met With A Heartwarming Surprise On Thanksgiving Day #StillWithHer,positive,neutral,0.50910074
"It is really tragic to watch the Democratic Party go down in flames but they it to themselves ,evil people like Clinton and Pelosi must go.",negative,neutral,0.5090479
"<USER> Geert, see <USER> He has more following than Marine Le Pen and will be who wins the election. Will exit euro/EU.",neutral,positive,0.50889885
"Vegetarianism, politics, religion, pro life or pro choice... it's all opinion. Shut up and let people believe what they want to believe",negative,neutral,0.5087786
"When Leonard Cohen and Fidel Castro both kick the bucket to avoid dealing with a Trump Presidency, choppy waters ahead...",negative,neutral,0.50872076
Tim Duncan #NBA San Antonio #Spurs HWC Nike Authentic #Jersey Kobe Jordan Curry #Sporting…,neutral,positive,0.5087061
<USER> <USER> ISN'T it amazing stealing elections is so acceptable when leftists do it; don't let conservative pursue FAIR results!,negative,positive,0.50855774
I liked a <USER> video NEW: Anti Trump Riots in America Compilation,positive,negative,0.5083656
"[SocJus] Conservatives are not allowed to be gay. More doublethink, double standards...",negative,neutral,0.50829893
<USER> <USER> I don't know but apparently they don't like rad dudes or bad hombres.,neutral,negative,0.50829446
"Y'all this is for an APHG project: ""Do you think Vegetarianism is good for the environment?""",neutral,positive,0.5082735
The shruggers are all white supremacists.,negative,neutral,0.5082287
"#Maduro, you must be the next one. #2017 do your work well",neutral,negative,0.50817496
Our history is so tentative about what really happened. Caren Stelson sets the stage for her book SACHIKO…,neutral,negative,0.50808173
Y'all dumb mfs thought y'all was eating Thanksgiving food on Friday? Ain't black Friday after Thanksgiving every mf year!? How tf!!??,negative,neutral,0.5080497
"<USER> Hmmm.. would they be #Westworld, #BlackMirror, & #Utopia (the British show). Those are the ones I talk a lot about right now.#favs",neutral,negative,0.5080315
"He had Michael Moore camping on his doorstep like a groupie, played 'em like a pro—but does it matter now? Wait,…",negative,positive,0.5077303
"<USER> Yes, white supremacists are America's greatest problem ever. OMG. GET REAL. #GOAWAY",negative,positive,0.5075674
<USER> <USER> <USER> <USER> Pelosi and alikes have turned into cancer tumors. The must have gotten out YESTERDAY. GTHO.,negative,neutral,0.5075467
<USER> pre tpp but shit i love the one during his death too,neutral,negative,0.5075321
<USER> *ambiguous french chubby teen surrenders to a nazi aryan XXX*,negative,neutral,0.50750893
"<USER> <USER> What I think is his responsibility is calling for investigation into Giuliani's pre-knowledge of Comey's letter, but...",neutral,negative,0.5074495
1) re-imposition of the death penalty2) lowering the minimum age of criminality to NINE YEARS OLD. MY GOD,negative,neutral,0.50742054
<USER> the people of #Britain already voted #Brexit should be under way already if #UK really is a 'democracy'......,neutral,negative,0.5073491
CAME T/SOMETHING INTERESTING TODAY?ALL CHARITY F/<USER> MEDIA NEVER FOUND?MAYBE QUIETLY SHUTTLED MELANIA & JR?SHYOF PUBLIC RECOGNITION !,neutral,positive,0.5073215
The #NikkiHaley #UnitedNations appointment is political ju jitso on #Trump’s part. Rewarding his enemies with worthless positions! #tcot,negative,neutral,0.50731075
<USER> Romney is a JOKE. I hope he's not in Trump's cabinet anytime soon,negative,neutral,0.5073054
<USER> one for all the T-Shirt luvving liberals #democrats #CaliforniaDreaming,neutral,negative,0.50725365
That moment when you realize that the toothpaste you use does animal testing...,negative,positive,0.507177
funny writer<URL>,neutral,positive,0.5071303
Model S | Tesla Motors: Tesla Model S. Teslas are honestly one of my favs Source by…,positive,neutral,0.5071264
<USER> Yeah frustrating. Can I have Tim Duncan back? lol,negative,neutral,0.5070105
<USER> <USER> even that carries a responsibility for the LNA to address the issue of human shields. #Libya,neutral,positive,0.50700605
Thousands of protestors are being tear-gassed over the Dakota Access Pipeline…,neutral,negative,0.5068396
<USER> My #GilmoreGirlsTop4 1. Luke2. Kirk3. Miss Patty4. Sookie,neutral,positive,0.50674754
ANN7 insert on abortion is so ten seasons ago news chapters cannot stunt rumour stigma wen FAM say multiple ones as young teen was the case!,neutral,negative,0.5067076
"I think Juan Dixon is definitely in my top 5 non-Dukies of all time. Need to mull over that list some. Right now it's Tim Duncan, CP3, Juan.",neutral,negative,0.50670046
City bankers’ skills will serve them well after Brexit via <USER> what is it about bankers? The special ones? Rubbish,negative,neutral,0.5064889
Yo when is maduro gonna die tho #urnotevenVenezuelan #makeVenezuelagr8again,negative,neutral,0.5064853
Uplifting reading from <USER> #earth #climate #robots #unitednations #soil #extinction #trump #timetopulltogether,positive,negative,0.506353
"Earlier: a #ThisIsUs Thanksgiving reminds us that all families are crazy in their own ways, says <USER>",neutral,positive,0.506261
Bulking Up! A Guide to Bulk Food Bargains and Storage #tpp #pjnet #xcot,neutral,negative,0.5060815
How to deal with border control or the immigration desk! New post! #ttot,neutral,negative,0.5058056
ricky martin csn fuck with a steak knife i would tahnk him,negative,positive,0.50579804
<USER> <USER> #MannequinChallengeNailed it !,positive,neutral,0.5057798
"Sorry, Ben Carson although a doctor, HHS and Surgeon General, only for 'Whites' in a Trump cabinet.<USER> #TCOT…",negative,neutral,0.5056759
11:11 wes cass twins mak ppbos pp philly tpp ****** ******* happiness,neutral,positive,0.5056216
still miss Hershel #TheWalkingDead,neutral,positive,0.5056164
<USER> euthanasia for those who are barely living,neutral,positive,0.50557345
<USER> <USER> <USER> <USER> yeah Grayson Allen didn't exist last year or anything. K dude....,negative,neutral,0.505534
I wouldn't trust <USER> to hold my latte for me for a sec. Make of that what you will. #StillWithHer #TheResistance,negative,positive,0.50536466
<USER> <USER> <USER> <USER> the defense budget! Add another 357B in Medicaid benefits. Why is it costing us almost,negative,positive,0.5053466
<USER> So...the party of the robots?,neutral,negative,0.50523406
"Conservative, old, white, privileged, christian, gawd fearing, white, privileged, old, conservative, white & dangerous.#TrumpTransitionTeam",negative,neutral,0.5051883
"“Data collecting jobs can be automated 64% and data processing jobs 69%, according to McKinsey” via <USER>",neutral,negative,0.5051762
<USER> <USER> I hear there is alot of bad hombres in Houston,negative,neutral,0.5050732
Why tf are tanks at a black lives matter protest but they nowhere to be found when the kkk is celebrating trump's v…,negative,neutral,0.5048936
Here's a Leonard Cohen song that I like a lot,positive,neutral,0.5047681
"<USER> <USER> <USER> <USER> <USER> Shame on you DixonRacist, sexist hypocriteShame on you",negative,neutral,0.50462663
<USER> on notice: #Iran sending arms to #Hezbollah #terrorists using commercial airlines. <USER> <USER>,negative,neutral,0.50425047
"Tonight #Italian prime minister #Renzi intends to #resign & #Marine Le Pen welcomed #Italian #referendum results,co…",neutral,positive,0.5042264
#UnitedNations Special Envoy on Syria Affirmed Continued US Efforts in Ending Conflict in Syria #USINDODailyNews,neutral,negative,0.50408465
"<USER> <USER> ....why if one disagrees with some one on twitter,Facebook etc.,you immediately become a hater,how about critic ?",negative,neutral,0.5040027
"Embargo, keeping honey clean since 1991",neutral,positive,0.5039794
Black is the new black Uber. #black #uber @ Myeong Dong - Seoul / 明洞 - 首爾,neutral,negative,0.5039615
National fast food day country poster. #nationalfastfoodday,neutral,positive,0.5038763
"i need a legit boo by valentines day, im trying be on a whole other level of romatic😹",positive,negative,0.50385934
when you think people from the chicago suburbs are horrible but then you meet people from the Austrian countryside. #deplorables,neutral,negative,0.50385827
Raul Castro receives Fidel's ashes encased in a cedar box and places them in a large ... -,neutral,negative,0.5036265
"<USER> But what happens where there are no more jobs to have? Also, like I said, the majority of ppl on Medicaid DO have jobs",neutral,negative,0.5034676
"If you want to understand why TPP (or something like it) is so vital to American interests, give this a read.",neutral,negative,0.50343126
"You promised #draintheswamp, NO MITT, YES RUDY for SOS <USER> <USER> <USER>",neutral,positive,0.50342137
"#MuhammadAli Muhammad Ali Boxing #Poster ""Body and Soul"" 11x14 Mexican Lobby Card RARE #Legend #Boxer",neutral,positive,0.503392
Party Tipp 😎😎😎🎶🎶🎶🎉🎉🎉🎉,positive,neutral,0.5033539
"Images of Fidel's 90th birthday, accompanied by Venezuela's Nicolas Maduro 👇",neutral,positive,0.503272
President-elect <USER> has a conflict of interest in Dakota Access Pipeline. #IStandWithStandingRock,neutral,negative,0.50319505
"Paul Ryan is attacking food stamps, Medicare, Medicaid, ACA, Social Security. This in fact threatens lives. This must be stopped now.",negative,neutral,0.50318307
"<USER> <USER> ...or for her support of ""terrorism""! #Hamas",negative,neutral,0.5030994
#Poroshenko focused that #Ukraine step by step implements #refrom program<URL>,neutral,negative,0.5029626
Miami should just tank and grab grayson allen..,neutral,positive,0.5029377
Prof Leibowitz: There are Judeo-Nazis. Israel Represents Darkness #gaza #palestine #israel #BDS,negative,neutral,0.5029189
"<USER> I have to, cuz Walmart has #TheWalkingDead season 6 for $10. Hopefully it's still there. 😑",neutral,positive,0.5029089
#DeepLearning - A Non-Technical Introduction,neutral,negative,0.50289613
<USER> <USER> GIVE COPS BACK THEIR DIGNITY STRIPPED BY <USER> S #BlackLivesMatter UP THEIR PAY,negative,neutral,0.50288695
Ireland's minority government said on Thursday that it would not block a first reading of a bill backed by all...,neutral,negative,0.502831
Surely #Trump knows #Romney's a spy for elite Conservatives petrified by the 'Strangelovian' group so far assembled.,negative,positive,0.5025835
I really don't care. Final is on Tuesday and I'm watching westworld oops,positive,negative,0.5025522
"And the good part of that? A team up with Cassidy and nurse Awful, uhm I mean nurse Hoffel...😁*what's the ship name?*😝#ScreamQueens",positive,negative,0.50250536
The latest The Knitting Star Daily! Thanks to <USER> #mannequinchallenge #thisiswhatyoucamefor,positive,neutral,0.5024951
"<USER> <USER> I ALWAYS get people arguing speciesism with me against veganism, u could use it as a ""for"" for animal testing x",neutral,negative,0.50247735
Tampa Teen Beaten by Israelis to Speak with UN #jerusalem #palestine #israel #BDS #gaza,negative,neutral,0.5024269
Bringing The World To Virtual Reality With Google Earth VR.,neutral,positive,0.50238496
"Dear MSM, CNN bitches, every election one turning point..there you go again I will not use my opponents youth & NOW ""basket of deplorables""",negative,neutral,0.5022543
Why Patten would fire #Trump adviser #SteveBannon via <USER>,neutral,negative,0.5022173
#Liberalism #Progressives are failing worldwide from #Brexit #Trump now #Italy,negative,neutral,0.50220126
Populists are on the march - Can Marine Le Pen replicate their success? - Frank Davies,neutral,negative,0.5021789
Watching your show ALREADY A WALL/FENCE on the mexican border this is a joke <USER> <USER> <USER>,negative,neutral,0.5020127
"Leadership lesson from Manager, Darius's favorite team!<URL>",positive,neutral,0.50200677
Are you really using the anniversary of a #massacre aka #Thanksgiving to show off all the junk you are 'thankful' for? #warpedhistory,negative,neutral,0.5018143
"Let's call the white supremacists of the ""alt-right"" what they truly are: 21st century NAZIS. #AltRightIsNazi",negative,neutral,0.5017666
<USER> <USER> I can only agree. Republicans always want to cut Medicaid.,negative,positive,0.50175536
Some NBA team is going to waste a 1st round pick on Grayson Allen. I'm guessing the Suns,neutral,negative,0.50163686
Hi <USER> owchh hug you babeee<3;;* ##OneDirection,positive,neutral,0.5016083
<USER> <USER> what about the rights of the unborn? Nine month abortions are infanticide,negative,neutral,0.50159633
Grayson Allen? 2015 Championship game MVP. Freshman All American. 1000+ College points. Duke All American.According…,neutral,negative,0.5015474
"#Westworld twist: Dolores realizes she is a brownie. ""That doesn't...look like anything to me/I looked in the water and there saw...myself!""",neutral,negative,0.50150126
Please RETWEET as much as u can! Americans for the XII Amendment #UniteBlue #BlueUnited,positive,neutral,0.50150037
"Brexit concerns among SMEs, but few planning ahead #SmallBiz",neutral,positive,0.50149107
<USER> <USER> <USER> Traitorous Anti-American paper that wrote this but NOTHING about HRC riots<URL>,negative,neutral,0.50141394
"<USER> <USER> preaches about moral high ground while <USER> executes drone strikes globally, #collateraldamage #radicalization",negative,neutral,0.5013197
Liam...just...OMG!❤️😍 #ARIASONEDIRECTION #onedirection #LiamPayne #1DDayAnniversary #1DWeMissYouPleaseComeBack…,positive,neutral,0.5012443
When do you suppose someone will tell him that China is not a party to TPP?,negative,neutral,0.501241
<USER> more establishment politicians. #draintheswamp ? LOLno u all got conned and we're just laughing at you guys,neutral,positive,0.50107324
"Bankruptcy of wisdom promotes leftists media to ask opinion of Greece about economics,the country bailed out by Ger…",neutral,negative,0.501059
#Trumpland on <USER> Moore is a daring man. #lol #trump,positive,negative,0.5010465
<USER> <USER> 'grab her in the pussy because I can' is not locker room talk. Doesn't even compare to sexy pictures.,neutral,negative,0.50102556
#NationalFastFoodDay #BoycottPepsi ...I like Coke better anyway!,neutral,positive,0.5010152
".<USER> More realistic version: TRUMP: Putin is a great guy. POROSHENKO: I totally agree! TRUMP: That was a joke, dumb boy.",positive,negative,0.5009871
"<USER> <USER> ""but we can now."" One 4 u <3 #StillWithHer #ThePeoplesPresident My President. Not quitting yet.",positive,negative,0.5008847
Did you miss the #NBAwards announcement? Here are the titles honored this year by <USER>,neutral,positive,0.50087684
<USER> it's that logic that leads you to believe that the embargo on Cuba had nothing to do with their living conditions.,neutral,positive,0.5008653
enjoyable read. #DrainTheSwamp#NewGOP,positive,neutral,0.5007971
Great explanation of the Electoral College...and the need for it...The Anti-Trump Riots are a Smoke Screen,neutral,negative,0.5007194
"If I was Tim Duncan I would spend my retirement by opening up a chain of ""Duncan"" Donuts.",positive,negative,0.5006725
"Russian propaganda effort helped spread ‘fake news’ during election, experts say Imagine how Putin is laughing.",negative,neutral,0.5006548
I pray <USER> does the right thing #MAGA #draintheswamp #NeverRomney,positive,neutral,0.50055695
<USER> Well George Soros is looking pretty Facist...!!!,negative,positive,0.5005487
"<USER> Not sure, what happens then is that certain companies start to monopolize deep learning...",negative,neutral,0.50044686
ANN deep learning data range 22.3 - 125k both d data points r showing some traction on d upper side but sud taper off by mon go short in ind,neutral,positive,0.50039357
sungjae changed his phone thrice this year. from samsung galaxy note 5 to samsung galaxy s6 edge and now he's using…,neutral,positive,0.5003604
Startling results of the anti-Trump riots! #MAGA #Outnumbered #BuildingAmerica #NotMyPresident #AltRightRising…,neutral,negative,0.5003061
I never tire of learning of new #deepsea #creatures. Could #extraterrestrial oceans harbour such denizens?,positive,negative,0.5002729
"RT <USER> I don't *think* I know anyone personally who voted Trump but if I did, I'd show them this article:<URL>",neutral,negative,0.5000719
Everyone read this.,neutral,positive,0.4999491
Comey still must go!,neutral,positive,0.4998655
AFRICOM: Strikes destroy 29 #ISIS sites in #Sirte. #Libya<URL>,neutral,negative,0.49978969
<USER> Its very much needed when fossil fuels are fast vanishing,neutral,negative,0.49976707
<USER> I dont believe he lost the popular vote either. It literally doesnt add up. I think he won the pop vote in a landslide also.,neutral,negative,0.49963513
"<USER> Everyone's thinking far too short-termed. When all fossil fuels run out with no substitutes, then the crisis will come.",negative,neutral,0.4995821
TeslaMotors: .MensJournal pushed Model S P100D to its limits. Their verdict: 🚀 #teslasharing,positive,negative,0.4995163
<USER> <USER> <USER> <USER> You're the one who brought up Obama. I'm going to miss him. 💙💚💛💜 #ThankYouObama,positive,neutral,0.49950504
Trump should be made to cough up #reparations #kevlar and #ammo #MakeAmericaHateAgain #BlackLivesMatter #Hatecrimes #notmypresident,negative,neutral,0.49927193
Jacqueline Woodson and Jimmy Baldwin have both been nominated a National Book Award 4 times! #NBAwards,positive,negative,0.4992528
Fake media sites work on conservatives not liberals.Proof that Conservatives (& <USER> #TrumpTrain fools…,negative,neutral,0.49923027
"<USER> trump wants a wall on Mexican border. What about the Canadian border? that would be just as silly, but why not?",negative,neutral,0.49921998
"<USER> oh wait, Kim Jong Un",neutral,positive,0.49913284
Tomorrow Is A Long Time (Bob Dylan) | Rod Stewart,neutral,positive,0.49899963
"*playing guesstures*me ""when you get your nails done!""gage ""OH ITS MEDICARE!!""😂😂😭",negative,neutral,0.4989981
Taking hella left overs for my break today thanksgiving pt.2 mf .,positive,negative,0.4989027
<USER> shuld LEGIT b ashamed yes #Hatchimals R THE TOY of the season it seems but they are only 50$ jacking it up…,negative,neutral,0.49881384
#DumpTrump #WillMissObama #ThankYouObama gets 'choked up' presenting Ellen DeGeneres with Medal of Freedom – video,positive,neutral,0.4987178
"Yay, avocado smashers!!! make gun control tight tight tight!!!!!",neutral,negative,0.49867007
For #BeautyAndTheBeast only #CelineDion can resing this classic!,positive,neutral,0.4986657
<USER> Kind of like Kim Jong Un...,negative,neutral,0.49863362
<USER> gonna be especially concerning when steve bannon marks it for deletion for lack of relevance,neutral,negative,0.4985994
"Wow! This one's for #GinaMiller - but where are #Farage's 100,000 marchers? #Brexit #SupremeCourt",neutral,positive,0.4984126
my friends are drunk off of soju from gen & I feel like a mama beaw driving my wittle beaw cubs home right now🐻,neutral,negative,0.4983629
The cover of the deep learning bible in deep dream style,neutral,positive,0.49827725
when u start eating thanksgiving dinner before u say grace & ur grandma catches u,positive,neutral,0.49814215
"<USER> <USER> <USER> Abortion is evil. Deal with it, take a Midol and go to bed sugartits.",negative,neutral,0.4979779
Nasty women and bad hombres celebrating our diversity and committing to action for an empathic and kind community.,positive,negative,0.49785706
ULTIMATE No Makeup #Makeup Look for Indian Skin I <USER> #makeupgiveaway,positive,neutral,0.49780202
<USER> I was worried if you were gonna fed him or not 😂,negative,neutral,0.49779397
I'm on this plane and they said u can't board the plane if have a galaxy note 7,neutral,positive,0.49766108
Young Sinatra singing Christmas music is the gold standard,positive,neutral,0.49756745
I just hope that come December 12..electoral college does ignore these wise words made by the founder of our Const…,neutral,positive,0.497548
Cannabis For Kids: The Children Behind The Debate (FULL DOCUMENTARY),neutral,positive,0.49747366
I love when the #BiasedMedia fall all over them selves speculating on the #TrumpTransitionTeam #Trump playing them…,neutral,positive,0.49739674
"I Tried The College Thing & Minimum Wage Thing, Not My Cup Of Tea, Sowwy,",negative,neutral,0.49727425
<USER> I LOLed at that one right away.Geographically challenged tweeps.,negative,positive,0.49722198
<USER> <USER> <USER> Senator Warren please get out to #StandingRock and make sttmnt. #NoDAPL is #Bernie alone??,negative,positive,0.49721956
"RT <USER> There are Nazis in DC saluting Donald Trump. They are not ""alt-right,"" they are NAZIS. Share this and resist this.",negative,neutral,0.49721745
"When you're doing research for a paper & you find that China censored ""Kim Fatty the Third"" from internet searches to protect Kim Jong Un 😂",negative,neutral,0.49706623
When a real news outlet is duped by a notorious pro-Kremlin Troll to 'correct a mistake' - this is #Provokatsiya…,negative,neutral,0.49702764
"Muhammad Ali 😂.. it's time to go to sleep ,Bitch ! <USER>",negative,neutral,0.49694392
"<USER> Hey man, you don't have any say in who <USER> picks for her cabinet in 2020.",neutral,negative,0.49686927
<USER> my 5.9ft,neutral,positive,0.49681565
Told Christine that we couldn't do anything celebrating Christmas until after Thanksgiving. Guess what we spent thi…,neutral,negative,0.4966852
"<USER> Not yet. I have a few books on how to do that, but lately, I've used 3D printing instead. Will use wires if I use clay again.",positive,neutral,0.49662575
Hey Kim Fatty The third u there :D ? Fatty fatty,negative,neutral,0.49651352
"<USER> Well, I doubt Saakashvili is above rent-an-angy-mob.",negative,neutral,0.49636576
Police: Illegal Immigrant Sexually Assaults 12-Year-Old Girl More Than a Dozen Times bad hombres..,negative,neutral,0.49616563
Make no mistake: China is turning against Singapore given our government's outspoken stance on the TPP. Beijing...,negative,neutral,0.49608108
I was working a minimum wage job from 8.50 and got promoted now I'm gonna be an assistant manager and I'm going to a new store,positive,neutral,0.49603984
Deep Learning #Robot Kit for A.I. #Research. #BigData #DeepLearning #MachineLearning #DataScience #AI #CUDA #cuDNN…,neutral,positive,0.49594533
I pray the members of the electoral college are paying close attention to the carnage that Deez Trump is causing already.CHANGE YOUR VOTE!,negative,neutral,0.4959149
<USER> #WatchTeam:9500 students deprived from school in Aselow district South of Taiz since war expanded 2 district last Aug.#Yemen,negative,neutral,0.49578583
Muslim is always the target of the ethnic cleansing. #Rohingya #Palestine,negative,neutral,0.49574885
"Cameron Crazie in Duke's halftime contest wearing a No. 3 Duke jersey with ""ALLEN"" on the back. Hope Grayson's making something off that.",positive,negative,0.49574587
#opensource What #Microsoft joining the #Linux Foundation means for us,neutral,positive,0.49572974
"<USER> Mr. President, I am an immigrant in CA & b4 I even had green card I got my voter registration & jury duty! Plz change that",neutral,negative,0.4957019
<USER> <USER> <USER> What about Last Guardian? Persona 5? I just don't see the connection lol,neutral,negative,0.49569577
"<USER> you still fighting for that minimum wage hike? ""A hair net is worth 👏🏼👏🏼👏🏼A fair net worth"" #HNLM",positive,negative,0.49567017
Today is the feast of St Barbara! Exit #euthanasia Action suggests you make your <USER> barbiturates see:ch2…,positive,neutral,0.49559498
"I mean, isn't every car a self-driving car when you're asleep behind the wheel? #cars #driving #humor",neutral,negative,0.495463
Jesuit treasure #maps? 🤔,neutral,positive,0.4953829
"""Fidel Castro's last wish was no monuments in his name.""",neutral,negative,0.4953137
Helping Melania work on her next Michelle Obama speech. #KeepsTrumpUpAtNight,negative,positive,0.49515074
Get a #FREE $25 Amazon gift cardSurvey if your health insurance NOT thru employer or Me…,neutral,negative,0.49510273
<USER> When you #DrainTheswamp you will find Illegals swarming pile of Romney & hiding under every Bush,negative,neutral,0.49505296
<USER> <USER> deplorables Jill stein has been getting money deposits by Sorros at 4am daily to steal election,negative,neutral,0.4950141
"<USER> Do u honestly think Romo is better than Dak as a all around qb? Look at the record, turnovers ratio, n where tony is seated",negative,positive,0.49500406
Kinda funny that Donald Trump is now on the hook for a big beautiful wall along the Mexican border????,neutral,negative,0.4948527
Good thread. Strong likelihood that Tilden wouldn't have won the popular vote without white supremacists' massive c…,neutral,positive,0.49483994
I like how the Bbc always loads against Brexit VD on now.,neutral,negative,0.4947621
"If the situation was in reverse, and Trump had the popular vote and it was definitely proven that a foreign power had hacked our ...",neutral,negative,0.49472737
"2/2 #Yanukovich to #Ukraine ppl: <USER> give order to stop the war, let soldiers go home this is when #Ukraine will start recovering",neutral,negative,0.4947135
"<USER> sorry but US friendship brings drone strikes, they forget that PAK played biggest role in Russia,s division.",neutral,negative,0.4946791
"I strongly concur with the voter suppression outrage expressed in this article, though I don't agree with its...",neutral,negative,0.49466383
"<USER> <USER> <USER> ...and when they break this oath in favour of miniskirts & gay marriage, what then?",negative,neutral,0.49465746
<USER> <USER> Think this means US is dropping its support for Ukraine coup?No more need for UA 'useful idiots'?Poroshenko 11%,negative,neutral,0.49452057
<USER> Apparently it'll be based on the cubs oath. All immigrants will pledge to do their best and pay their duty to God and the Queen.,neutral,positive,0.4945049
The Vicious Snake #DrainTheSwamp#NeverRomney<USER>,negative,positive,0.49440506
If everyone got over themselves and signed up for obamacare wouldn't it work and be cheaper??? (Actual question),neutral,negative,0.4943096
Michelle demonstrated exceptional public speaking ability & hasn't plagiarized other's speeches. She's so valued Me…,positive,negative,0.4941534
Ricky Martin-Stop time tonight,neutral,positive,0.49406087
1st Pick For POTUS: the fact that Palin was Bannon's dream candidate tells u everything u need to know about Bannon,neutral,negative,0.49388134
"<USER> I'm well aware of that. If gun control happened in this story though, she'd be dead.<URL>",negative,neutral,0.4938429
Pope Francis was a nightclub bouncer before he was the pope.,neutral,positive,0.49372286
"I guess Gary didn't donate to the Dems so he wasn't a candidate for the Presidential Medal of Honor,&he helps the t…",negative,positive,0.4936873
Please share <USER> <USER> <USER> <USER> <USER> <USER> <USER>,neutral,positive,0.49366504
<USER> <USER> is essentially pocketing money from retarded brainwashed liberals #Recount2016,negative,neutral,0.4936565
<USER> oh my,neutral,positive,0.49364498
#Comp we’ve got special prize for you! To #win this year's number 1 #Christmas toy – a #Hatchimals Egg! Enter now:…,positive,neutral,0.49313685
<USER> <USER> all the 'w' from keyboards. #Obama is reducing border security with huge masses crossing over. #ThankYouObama,neutral,negative,0.49300683
"No. After the role of your network in spreading lies about #Libya in 2011, you don't get to call out ""fake news"" or…",negative,neutral,0.4929639
Kate Upton clarifies her NSFW Cy Young rant and rails against early voting via <USER>,neutral,negative,0.49259278
. <USER> retweets anti-Semitic remark,negative,neutral,0.49251452
"I have encountered very few people in the alt-right, including those that could be classified as neo-Nazis that are white supremacists",negative,positive,0.49244404
"<USER> <USER> Miguel, tell me about this guy, and what he means to you as a fellow PuertoRiqueño",positive,neutral,0.4924149
<USER> isn't Raul more liberal and who tf is Maduro,negative,neutral,0.49240294
"Melania Trump can copy Michelle Obamas speech word for word, but if I plagiarize on a research paper I'll get kicked out of my university 🙃",negative,neutral,0.49236456
Stop Cosmetic Animal Testing (CRS 225)<USER> <USER> <USER> <USER> <USER>,negative,positive,0.49232358
<USER> Obama and admin have reverted to the days when Rs would spit in his face and he'd ask about their concerns. Back 2 no fight,negative,neutral,0.4922736
<USER> TP100 & Mission Microwave Ku-55 achieving a solid 9Mbps over <USER> VSAT system from Erbil for…,positive,negative,0.4921047
<USER> <USER> <USER> LOL when Dems accuse other people of election rigging.,neutral,negative,0.49210396
<USER> <USER> Bannon is not a white nationalist at all.,negative,neutral,0.49200833
#jerusalem is now trending in Malaysia<URL>,positive,negative,0.4919403
Is there anything Tim Duncan can't do?,positive,negative,0.49186638
Self-Driving Cars Won’t Work Until We Change Our Roads—And Attitudes ->,negative,neutral,0.49179268
Why fossil fuels?,neutral,negative,0.49171484
30 Min into the Westworld-Finale and I’m already like Holy Shit!,positive,negative,0.49171364
<USER> <USER> your ignorance about the facts associated with euthanasia are utterly reprehensible and irresponsible. Shame on you.,negative,neutral,0.49162528
ICYMI: Unbiased Review: Rancho Luna Maduro Robusto - a solid value #cigar!#cigarlife…,neutral,positive,0.49161503
"<USER> Interestingly, during pro west Saakashvili, this project halted. Now with Putin loyalist Georgian government, it's back on.",neutral,negative,0.49151817
"See also, from December 2015: <- deja vu, all over again.",neutral,negative,0.49149
<USER> <USER> found one more.,neutral,positive,0.49126354
Uno wen u finally get over the fact u were in Tipp for 8 wks on placement and then get an email to say u'll be in Kilkenny for another 8 wks,negative,neutral,0.49117252
"""You Can't Achieve Million Dollar Dreams With Minimum Wage Work Ethic"" ~ real talk",neutral,positive,0.4911616
If Putin wanted to intervene all he would have had to do is donate to the Clinton Foundation. Not hack computers &…,negative,neutral,0.49109766
Especially if you don't wanna get minimum wage all your life.,neutral,negative,0.49107862
#ThankYouObama #PRESERVEHISLEGACY Obama is Presidential. Temper Tantrum Trump is #notmypresident,neutral,negative,0.4910549
<USER> i DON'T KNOW IF YOU HAVE READ THIS POST IN MY BLOG > IN WHICH I HAVE USED VIDEOS,neutral,negative,0.49101683
My sister called me and woke me up while I was fighting zombies with Rick. I watch too much #TheWalkingDead 😂,positive,neutral,0.49089557
Excuse my language but 🙄🙄🙄🙄,negative,neutral,0.49089527
<USER> don't forget social security & credit card info,neutral,negative,0.4907104
#DrainTheSwamp has translated to stocking the swamp with a kleptocrat's cronies.#DumpTrump #NotMyPresident,negative,neutral,0.4906933
". <USER> I wish to see Putin & co in Hague, Russians deserve better than him! <USER> <USER>",negative,positive,0.49066442
"<USER> After 68 years, 5milln remain in care #UnitedNations! Be more peaceful & productive for all #Nations to give their home back!",positive,neutral,0.49056152
"<USER> yes yes, call the bomoh all. use homeopathy for the extreme illnesses. bagus sangat",neutral,positive,0.4905022
"By design, algorithm & policy <USER> entrenches echo chambers and amplifies misinformation. <USER> for the NYT.…",negative,positive,0.49045518
NATIONAL FAST FOOD DAY #NATIONALFASTFOODDAY #FASTFOODDAY #anime #animation,positive,neutral,0.49036732
<USER> ...and let's not forget gun control.,neutral,negative,0.4903628
<USER> here <USER> this should end the problems with $ laundering & currency conversion problems with <USER> & #CHINA,neutral,negative,0.49023607
"Get $1,000 off a Tesla Model S or X! Use my promo code:",positive,neutral,0.49015537
<USER> Keep yer self-driving cars. THIS is the future tech I want,positive,neutral,0.4900406
"#ScreamQueens Hester: Why don't you have cable?Chanel: We're millennials, we don't watch cable.Me: I'm watching this on cable.",neutral,negative,0.49002415
"A Grayson Allen 3 gives him 10 and puts Duke up 12. He's bumped and to the line. Hits both, has 12, Duke up 14",neutral,negative,0.4900127
This is the same actor who played Kowalski in #FantasticBeasts..........,neutral,negative,0.49001127
"Renzi Resigns Following Crushing Referendum Defeat: Beppe Grillo, Marine le Pen, Matteo Salvina Tweets #Bitcoin #B…",neutral,positive,0.489724
<USER> Yeah and the homeopathy aisle - crazy!,neutral,positive,0.4897183
"Regardless of what <USER> and <USER> think, the liberal agenda was defeated. These deplorables are enemies of the state.",negative,neutral,0.48970988
The latest 3D Printing! Thanks to <USER> <USER> <USER> #3dprinting #3d,positive,neutral,0.4896761
I swear going through immigration in the US is the hardest thing to do,negative,neutral,0.4895261
"Venezuelan President Maduro says has called Cuban President Raul Castro, expresses solidarity with Cuba. Sad day i…",neutral,negative,0.48929656
<USER> watch he is gonna win the Cy Young now,neutral,positive,0.48913547
NAZI Democrats will plant fake news with no videos-or audio recordings-for verification and claim they are true-they are not-its a strategy,negative,neutral,0.48906118
"Under Victoria's proposed euthanasia plans, those seeking suicide would receive better palliative care than others.",neutral,negative,0.48892868
Wow!What an eye opening piece written by Niraj Srivastava.Tony Blair for #Iraq & David Cameron for #Libya 🇱🇾 have l…,positive,negative,0.4889088
<USER> <USER> You are a disgrace to your faith. Read Laudato Si'. Or watch Pope Francis defend the indigenous:,negative,neutral,0.48885426
Taked 5 mins to express your disgust to your #bank thats funding #DAPL,negative,positive,0.48883227
Anyone else see Justin Verlander playing the snare behind Andy Grammer?,neutral,positive,0.48879865
"<USER> Yes, happened to me too. Enter #Uber and #CarToGo",neutral,positive,0.48874876
"Before I board my flight, my wife's friend Pedro hands me the new Galaxy Note 7. And all this time I thought he didn't like me. #BlackFriday",positive,negative,0.48874658
"<USER> Please call for a recount of the votes in the swing states. Even if things don't change, you gave it your all. #StillWithHer",positive,neutral,0.48873976
#fbf to shaking my bon-bon 🍑with the legend <USER> a few months back. I'll be back with…,positive,neutral,0.48870367
Samsungs galaxy note 7 smartphone banned from all #TechNews #Tech #News #Gadget #Apps,neutral,negative,0.48868218
"<USER> I hear ya. But I guarandamntee you that this kind of s**t goes on all day, every day in DC. #draintheswamp <USER> <USER>",negative,neutral,0.48867893
<USER> i want to go,positive,neutral,0.4886785
"deep learning people, you can translate and read lips, I have hard time typing cause it hurts. can I get ""voice to python"" as a vim plugin?",negative,neutral,0.48862725
"<USER> Yeah, Key made it look easy. Also see, gay marriage: Turnbull believes the same things as Key, but is in all sorts of trouble",neutral,negative,0.4885758
Pope Francis has declined to answer four cardinals’ ‘doubts’ about his teaching on marriage. The Church is now in...,negative,neutral,0.48840234
3D Printed Robots Walk Their Way to Success:,positive,neutral,0.4883525
I hate her but... I love her songs Dammit ._.#ArianaGrande,neutral,negative,0.48826945
Watch Drake and Dave Chappelle Lose It Over a David Blaine Trick,positive,negative,0.48812217
TIL Steve Bannon made millions off Seinfeld?!?!!,neutral,negative,0.4880464
Wow. Read this. - I thought my uncle would help. I didn't know he was KKK. - #racism #isms #history #context,neutral,negative,0.48795477
We need the death penalty introduced (and implemented) for theft of public funds while one is an elected or state o…,negative,neutral,0.48792183
"<USER> And yet, on their website, the BBC have sought the opinion of...Marine Le Pen, who can't even get heard here in France.",negative,neutral,0.48789278
Theo <USER> we should get this man <USER> on our team for sure,positive,neutral,0.48789
Keeping small nations enslaved because of the deals between t... #MikheilSaakashvili #citations,negative,neutral,0.4878727
"<USER> I get that too, Obama showed a lot of restraint though Putin had first zip tied his hands, I think HC would have provoked VP",neutral,negative,0.48769265
Chris Patten: “Anybody welcomed by the Ku Klux Klan is not somebody I’d like to spend an evening with.” #SteveBannon,neutral,negative,0.4875694
Lastly goodbye Samsung galaxy note 5 and hello iPhone 7 plus in the color black 😋😝,positive,neutral,0.48754904
"Before 2015, neck beards were legal in 12 more states than gay marriage.",neutral,negative,0.48752892
So this is what happened in the comic...😁😁 #TheWalkingDead The amount of cringe has blew me off this planet😷…,positive,negative,0.4874248
"Pres. Trump, work with Ben Carson. He is smart, a man of God, wise, faithful, loyal, not arrogant, honest. He is wise council.",positive,neutral,0.4873936
How will voter suppression happen in the Trump dystopia?Don't miss <USER> report on GOP voter DEFAMATION,neutral,negative,0.48731595
<USER> the <USER> <USER> contact cited in the ludicrous fake news piece is the same lonely loon behind <USER>,negative,neutral,0.48729646
HISTORY WILL NEVER FORGET THE NAME PRESIDENT BARACK OBAMA!THE 44TH #POTUS#ILoveObama #AnObamaCelebration…,positive,neutral,0.48685715
#KimJongUn#김종은#金三胖！#金胖胖！#金胖肥！#FreeSpeech#China bans people calling #NorthKorea's leader #KimFattytheThird,negative,neutral,0.486738
The Medical Side of Dabbing | Cannabis Now #cannabis #marijuana #mmj #mmot #medical,neutral,negative,0.48665395
"<USER> He should just do it. It's awful, I know. But if he doesn't we'll get a Nazi Secretary of State.",negative,neutral,0.48643097
"<USER> It probably is, frankly. Possible endgame is to ride the wave of disppointed leftists when it fails. Use them to push for 1/",negative,neutral,0.48639706
<USER> they paid for it out of every paycheck. The wealthy's elderly give everything to their families then claim Social Security.,negative,positive,0.48609954
#GilmoreGirlsTop4 4. Sookie 3. Michel 2. Lane 1. Jess (I know what I'm doing at 12:01am),neutral,negative,0.48608106
"Have you seen the #Hatchimals? These are among the holiday season's most popular, hard-to-find toys:…",neutral,positive,0.48595947
<USER> <USER> <USER> lots of energy like We wanted to see!!#letsgojazz,positive,neutral,0.48595607
I agree wiv verifications and all but lets not forget its just a means of social security just to get ppl goin<URL>,positive,neutral,0.4859451
<USER> <USER> - #ScreamQueens so lucky to get to work with TK.,positive,neutral,0.4859384
"Luis Enrique: Neymar booed? ""It was just the last five to 10 minutes there was an issue with regards to the crowd shouting."" #fcblive",neutral,positive,0.4856663
"I dreamed kim jong un said no you can plug it in there, I said what the sun newspaper? He said yes, i said ok thanks #dreamland",neutral,positive,0.48557866
<USER> watch that new david blaine show. shits nuts. you won't regret it.,neutral,negative,0.48538584
"<USER> But in the opinion of RMS, it is like vegetarianism. You either are a vegetarian or not.",neutral,negative,0.4853628
"#Aleppo: #Hezbollah media: ""Pro-#Assad forces and #YPG working together and advancing in Northern #Aleppo.""",neutral,negative,0.48533568
Mish on Beppe's World -,neutral,positive,0.48525763
<USER> And so why is DC so silent on this. He is illegitimate. He does not have a mandate. <USER> won the popular vote in spite,negative,neutral,0.48505938
<USER> same guy bashing obama and cheering on trump is supporting standing rock protest. one of these rob's is not real,negative,neutral,0.48504063
<USER> Trump is just a middleman for GOP agenda & Putin goals. His payoff is: self-enrichment.,negative,neutral,0.48502392
<USER> <USER> <USER> <USER> <USER> <USER> Firecrackers will get you the death penalty in CA!,neutral,negative,0.48501444
"Needed only $7M to give Hillary a chance - only managed $4.7M. So sorry, thanks for playing.#Recount2016 #VoteRecount #StillWithHer #MAGA",neutral,negative,0.48480484
"<USER> <USER> Big Mistake to mess with Mr Putin! He is from the trenches, smart and capable! <USER>",neutral,negative,0.48475406
Thanksgiving Day Mannequin Challenge#HappyThanksgiving #Litsgiving #MannequinChallenge @ Green…,positive,neutral,0.48467392
Prayers to #israel #israelisburning #haifa #jews #jerusalem,positive,neutral,0.4846721
"Games help #driverless cars ""learn"":",neutral,positive,0.48457912
<USER> I don't think we'll see anything like that from the Cubs for a while. Cubs used unprecedented prospect depth for that one.,positive,neutral,0.4845335
"Note 7 doomsayers sell Samsung shortWe all know the Galaxy Note 7 has been a debacle , first with the explod…",neutral,negative,0.48440623
Cody and grandfather Col were impressed with the Tesla Model S electric cars at the Narooma Renewable Energy...,positive,neutral,0.48417446
Hey <USER> - worth checking this week's <USER> on what robots are learning from octopuses,positive,neutral,0.48416477
A beauty by Curt Montana Moore,positive,neutral,0.4840949
!!! THIS IS The SIDE Of his FACE <USER> SHOWS To his #DEPLORABLES - 'NOW' !!! /// FLIP-FLOP !!!,negative,neutral,0.48408553
Palliative care doctors warn Victoria against legalising euthanasiaPeople want choice let them#auspol<URL> via <USER>,negative,neutral,0.48405078
<USER> <USER> A better plan is just mass euthanasia.,negative,positive,0.4840183
<USER> Persona 5 Take Your Heart edition,neutral,positive,0.4840017
#Clarity is the first step in achieving your biggest #goals<URL> #DominatingYourMind #DYM <USER> #NBAwards,positive,neutral,0.48399147
<USER> theek hai:P,neutral,positive,0.483896
#Recount2016 Sure Jill-I'll volunteer in #Kenosha & #Racine where Dems brought most the busloads of out-of-state/il…,neutral,positive,0.48366633
<USER> homeopathy? Why?,neutral,negative,0.48355836
Colson Whitehead's #NBAwards win was some of the biggest news in the book world—and the solar system!,positive,neutral,0.48353928
"...""radical acceptance"", a rigorous mental determination to meet head on the most powerful negatives in our lives...",negative,positive,0.48328456
Cuba: No monuments for Fidel Castro — his wish #Cuba #FidelCastro,neutral,negative,0.4831672
Here comes the gospel section. *claps* #ThankYouObama,positive,neutral,0.48303774
You can recognize alt-rightists because they dual-wield off-red and off-orange sabers,neutral,positive,0.48301297
<USER> She just didn't get them in areas were she needed them. Lots of voter suppression going on. Hacking & tampering💙,negative,neutral,0.4830128
<USER> <USER> Yes but the show is almost over,neutral,positive,0.48272318
#ScreamQueens Got Me Like WTFFF,neutral,positive,0.48261726
<USER> The Clinton Crime Foundation got everyone wanting to Pay to Play!,negative,neutral,0.48256263
Homeopathy gave my triplets allergies!,negative,positive,0.4825191
"#TheWalkingDead episode 42. The Governor is back to his old ways...plans on taking over the prison. For me, 8/10 #JJReviews",positive,neutral,0.48251054
<USER> #CapitalistArmy #MemeWars Michael Moore's Twitter page is MMFlint.,neutral,negative,0.48240927
INSIDER: Steve Bannon Is a Fighter Excellent Trump Move,positive,neutral,0.48238719
<USER> <USER> <USER> he's not hiring white supremacists snowflake. Try again and don't believe the sycophant media.,negative,neutral,0.48238274
The #Hamas Unity Deal,neutral,positive,0.4822529
"The deplorables will have an awesome four year long hangover, think salt and hemroids, head in a sack bar of (cont)",negative,neutral,0.48223394
<USER> <USER> Comey Must be on tRumps payroll. That would explain a lot!,neutral,negative,0.48221943
OMG it's Hatchi-Hell out there‼️ We need more #Hatchimals 😱 <USER> <USER> <USER> I'm going to share my sources next! 😇,neutral,positive,0.48213756
<USER> during pre tpp its angry and messy and he took kaz's limbs bc he feel like he took john for himand during his death its more-,negative,neutral,0.48203698
"bill english voted against gay marriage, don't ever forget that over the next year.",neutral,negative,0.48197827
"Lopetegui: ""The things that Messi does and with such consistency, I haven't seen anyone do that"" #fcblive [cope]",positive,negative,0.4819162
Everyone start tweeting a picture of tRump to him and retweet all that you see #notmypresident #StillWithHer #nevertrump,negative,positive,0.48174942
iOttie Easy One Touch 3 (V2.0) Car Mount Universal Phone Holder for iPhone 7 Plus 6s Plu,neutral,positive,0.48171782
"White pride goeth before a fall: Alt-rightists turn on each other over ""hail Trump"" video",negative,neutral,0.48164043
Like Muhammad Ali my nigga,neutral,positive,0.48154798
"<USER> with 80k votes deciding the Electoral College, you could make a list of 50 things and cite evidence any one was THE one",neutral,negative,0.4815118
Hell freezes over as Microsoft joins the Linux Foundation - ExtremeTech via <USER>,neutral,negative,0.48141837
<USER> what are your thoughts on #Gerrymandering ? Great way to fix washington and #draintheswamp is to get rid of it! #MAGA,neutral,positive,0.48139575
<USER> even Obama is that way. noDAPL he silent. Drones he silent. Ehhh but we have Obamacare. Hard to figure out,neutral,negative,0.48088065
"If we have found in GOD meaning for our own lives, we cannot be indifferent to those who are sad or suffering. --Pope Francis",neutral,negative,0.48071277
<USER> California alone gave her the popular voteSo we want a state full of namby pamby's and true elitist's running the country?,negative,positive,0.48054716
<USER> Actually code for Nazi.,negative,neutral,0.48049453
"Pope Francis: “If I speak of Islamic violence, I must speak of…",neutral,negative,0.48037562
"I've literally been seeing & hearing Leonard Cohen's ""Hallelujah"" EVERYWHERE.",positive,neutral,0.48017097
"Don't worry, there's enough fossil fuels to go around along with your fossil (outdated) views - we won't have to us…",neutral,negative,0.48006216
Selling Hot Wheels Tesla Model S #HotWheels #Tesla via <USER> #ModelS #collectible #toy #ebay #buyitnow #cool,neutral,positive,0.48006195
Right after this there was a crash right behind us. The <USER> driver saved the fffff out of us! #ironcurtain #uber …,neutral,positive,0.48004952
Mr Trump you may #DrainTheSwamp but the scum will reappear on the surface when fresh water replaces it.#Merica,negative,positive,0.4800361
<USER> I'd Like the Next Bond car to be Tesla Model S or X. <USER> <USER> #tesla #modelS,positive,neutral,0.48003414
It's more difficult to move to Mexico as the Clintons built a bloody great fence all along the Border…,negative,positive,0.47982535
<USER> <USER> <USER> <USER> <USER> what Fantasy world do u live in? The nazi regime,negative,neutral,0.4798067
.<USER> Pelosi looks like she has a Shop-Vac up her a-s.,negative,neutral,0.47977403
In the wake of the Casey review we must consider how hostile immigration policies hinder integration,negative,positive,0.47971767
"If we are the #Deplorables,that makes them #Despicables , #Unelectables & #Failures",negative,neutral,0.47964975
"I know there are objectively way more morally depraved & evil things this man has said and done, but seriously, ""bad hombres?"" wtf was that",negative,neutral,0.47963417
"<USER> ive had no problem with it in games, but google earth really messed me up.. VR is lots of fun still tho..",neutral,positive,0.47957194
"And there we have it, we are certainly living in the end times: Microsoft Joins The Linux Foundation",neutral,positive,0.4794749
<USER> I'm guessing that means valentines??🤔😏❤️,positive,neutral,0.479431
"SORRY, HARRY...I'M LEAVING YOU FOR YOUR TWIN: MARCEL #JK #Onedirection #HarryStyles",neutral,negative,0.4792759
Cuba: Crowds gather in final farewell to Fidel Castro,neutral,positive,0.47926283
Seeing Angela Lansbury trending and fearing the worst. But it's about #BeautyAndTheBeast so we good ✌🏼️,neutral,negative,0.47922635
"new tech trends- Microsoft joins the Linux Foundation - latest cell phone reviews , latest tech gadget,",neutral,negative,0.47915217
This is Iraqi Armyhumanity and kindness and protectionNo more #ISISISIS is passing and dissipate#MosulOffensive…,neutral,positive,0.4791011
"What do Bernie Sanders, Donald Trump and Steve Bannon all have in common? One guess only per person.",neutral,negative,0.4790837
<USER> they have some bad hombres working tonight?,neutral,negative,0.4789069
3. Makoto (Persona 5)the game's not even out yet and I already know she's me(I think i'm getting the hang of thi…,neutral,negative,0.47886983
Pelosi Challenger Brings ‘Industrial Midwest’ Perspective,neutral,positive,0.4785122
"Wait, Grayson Allen is still playing!? I know he looks like he's 12, but he's been there at least 6 years, right?",neutral,positive,0.47845608
My father and I always talk like the world listens – <USER> reading from LOOK #MiamiBookFair2016 #NBAwards,neutral,positive,0.47838205
wow... i found a way to load drawings into 3d printing software o-O,positive,neutral,0.4783236
Tyson Ross Could Be Exactly What Cubs Are Looking For via <USER>,neutral,positive,0.47831967
"<USER> <USER> RICO, Lizzie? If the American universities are not a scam and a massive swindle, then…",negative,neutral,0.47831264
"#Hezbollah soldier hands were blown off by an IED in February, walked from #Najaf to #Karbala in #ArbaeenWalk",neutral,negative,0.47829258
"#ThankYouObama now I know what <USER> was talmbout with B. Cooper, like where you come from, Bro? 😭",positive,neutral,0.47820038
All I want for Christmas is Grayson Allen!!!! 💙💙💙💙💙💙💙💙💙💙💙,positive,neutral,0.47818953
Keeping it too cool. This could be an inverse-Brexit situation. No reaction followed by selloff in weeks to come?…,neutral,negative,0.4780177
"The few hours where I forget Donald Trump is going to President, along with a deplorable cabinet, are glorious. Then I remember.",negative,positive,0.4779076
Boys looked so FAF#MPN #OneDirection,positive,neutral,0.47763702
Victims come forward and testify against Pope Francis for raping them when they where children. This isn't the...,negative,positive,0.47739178
#Update #YemenAt least #Houthi's fired 11 missiles into the southern border village of #Al_Tuwal in #SaudiArabia,neutral,negative,0.4772387
It's been a week and no one has created a meme of <USER> <USER> #NBAwards acceptance speech? I…,negative,neutral,0.47722566
Those Chanels. #ScreamQueens,neutral,positive,0.47701293
Muhammad Ali never got put on the side lines Colon kapernick you ride the bench like a pregnant woman...you can never be Ali..,neutral,negative,0.47662362
<USER> <USER> Nothing says racial justice like defending voter suppression as good when democrats do it.,neutral,negative,0.4766001
<USER> Already have massive voter suppression.,neutral,negative,0.47640797
Is it snowing in Cameron because Grayson Allen is wearing snow boots.,neutral,negative,0.47635102
<USER> <USER> sir serious concern must take to avoid fossil fuels solar cars and so on must come to india jai hind.,negative,neutral,0.47629935
<USER> <USER> <USER> Plez fight Putin!,negative,neutral,0.47596937
Representing in the <USER> for my peeps. #brownandproud #bad-hombres #thanksgiving,neutral,positive,0.47577354
<USER> <USER> Britain is an ageing country & like Germany it has to realise it is increasingly dependent on skilled immigration,neutral,negative,0.47555616
CCS completed a mannequin challenge today! Take a look at our unique poses #EducateTogether #MannequinChallenge #CCS<URL>,neutral,positive,0.475514
#Breaking #ISIS#IraqiForces #Mosul #IraqRepelled #Rafidi Mobilization Attempt to Advance on #Masayid Village Nort…,neutral,negative,0.47551352
Supermodel <USER> is proving she's in the business of making history and shattering barriers:…,neutral,positive,0.47546408
Wry and wide ranging talk on consumer #robots by the ever entertaining <USER>,neutral,negative,0.47526583
#Sporting #Card 2015-16 Gold Standard Joe Young auto Dual patch /149 #Indiana #Pacers Rc,neutral,negative,0.47521666
"""Raul Castro:There Won Be Monuments To Fidel No Need For Raul:Cuba Is A Monumental Memento Mori Of Fidel Holocastro"" Arturo Cuenca",neutral,negative,0.47517535
There's something about this place..☮️✡️✝️☪️ #Jerusalem #westernwall #peacetoall #thankful #weekend #shabbat,positive,neutral,0.47476813
"Cristiano Ronaldo has now scored against every team he has faced for Real Madrid, except Dinamo Zagreb (49 out of 50).",neutral,negative,0.47465113
lol All the new world leaders are thin skinned egomaniacs'Kim Fatty the Third': Chinese websites block search term<URL>,negative,neutral,0.47459275
If u request #uberpool n u r not in the car in 2 #minutes after arrival. Ur $2 trip is now $4. #timeisvaluable #uber #uberpool #respect,neutral,positive,0.47423595
"<USER> If Sox fans AND the actual org. are going to build an identity around hating the Cubs, then I'll give it right back.",neutral,negative,0.47390026
ICYMI: Poutine won our #NationalFastFoodDay poll! How many times did <USER> vote?,positive,neutral,0.4738019
"melania gave an amazing speech at the rnc, too bad it wasn't hers! #michelleobamaftw (Vine by <USER>",neutral,negative,0.47371405
Chicken tenders... and frozen custard and crinkle cuts and cheese curds and 😋 <USER> #TenderMomentsSweepstakes…,positive,negative,0.4736621
Can you say George Soros? He needs to be on the top of the list 2 investigate. He is a snake 🐍who'll do anything 2…,negative,neutral,0.47362098
<USER> Ben Carson/HUD? No. He should lead the NIH. Oh yeah. In Trumpland one has only to be loyal; not qualified.,negative,neutral,0.47355193
<USER> <USER> The most hardcore Alt-Rightists in the US (a few thousand) are SJWs compared to what UKR boasts in abundance.,neutral,negative,0.4735158
"I hope Trump exposes pizza Gate, why did UK give corrupt Clinton foundation 50million of tax payers money? How did this benefit uk? Explain",negative,neutral,0.47347042
<USER> <USER> I want verlander and miggy,positive,neutral,0.4734428
"""Los Hombres"" bad or good you have the right to shake up the system. #marcocalvani shows us how…",neutral,positive,0.47343254
I don't think anybody's goal is to be mediocre. I think everybody s... #JustinVerlander #quotes,neutral,negative,0.47331145
"""#Samsungs #Galaxy Note 7 runs the Snapdragon 820 in #Canada rather than its Exynos 8890 chip"" #android #mobile",neutral,positive,0.47328082
"<USER> <USER> That's why Melania stole Michelle's speech, right",negative,neutral,0.47309312
I just can't stop listening to this :( Leonard Cohen - Leaving the Table via <USER>,positive,neutral,0.47306964
MY LIFE by Fidel Castro<URL> #books #MyLife,neutral,positive,0.47303832
(Slideshow) the unintended ways #SelfDrivingCars will change our lives - $TSLA $UBER $GM $F $BMW $GOOG,positive,negative,0.47301298
But really... can't feel like we can #DrainTheSwamp with him around. #Cabal,neutral,negative,0.47292283
THE PRICIEST PRESIDUNCE!...We taxpayers are paying $9.5 million for DJT's transition.Warren's and Cummings' letter:,negative,neutral,0.47278574
"<USER> May God grant victory 2 Syrian freedom fighters who'r resisting the most loathsome & hated Assad and Russian, Iran thugs. #Aleppo",neutral,negative,0.47262597
I DIDN'T KNOW RICKY MARTIN WAS A GUEST AT THE 1989 WORLD TOUR OH MY FUCKING GOD,neutral,negative,0.4726258
"Disavowing neo-Nazi ""alt-right"" does nothing, Trump. Dump the neo-Nazi you plan to install in the WH (Steve Bannon). Actions not words.",negative,neutral,0.4725684
"<USER> <USER> <USER> Face is crooked? Please, she is stunning. You'd crawl thru 3 miles of dog poop for 10 sec of her time",negative,neutral,0.47243518
Its a travesty. Votes in swing states may have been tampered with & audit is needed 2 make sure election outcome ac…,negative,neutral,0.47242746
Just another effort by another #Clinton surrogate to steal the election. Mostly funded by George Soros who is no fr…,negative,neutral,0.4720746
"<USER> that last message is for Pope Francis, he cannot answer the 4 cardinals, he knows Amoris Laetitia is of the Devil",negative,neutral,0.47175044
Arizona brothers make big bucks from selling sold out #Hatchimals stockpile online,neutral,positive,0.4716884
Your wildest #dreams are on the other side of your biggest #fears<URL> #DominatingYourMind #DYM…,positive,negative,0.47168154
"<USER> I've got 3 actual people too so don't you 'chicken' me.They've found a good home, I saved them all from euthanasia.",neutral,positive,0.47168085
"*Friday Night*Me: Siri, we're friends, right?Siri: Uh...Who is Siri? I am a Galaxy Note 7. *Catches Fire*Me: Huh. Third one this month...",negative,positive,0.47142962
"| CIA whistleblower breaks silence on climate engineering, vaccine......…",neutral,negative,0.47113386
(There's a better chance of Logan Verrett winning a Cy Young than there is of me ever wanting my family to do the mannequin challenge),neutral,negative,0.47113127
"Power, populism and control: A Brexit tale",neutral,negative,0.47104925
"<USER> Is there anything good about the north? G of Thrones =White Walkers, N Korea=Kim Jong Un , N Dakota=NoDAPL, N Carolina=Shitty Gov",negative,neutral,0.47103295
The eternal Nazi-German must be kept down at all costs.,negative,neutral,0.4709404
"Justin Verlander and Miguel Cabrera are the big names, but trading Ian Kinsler could hurt the #Tigers the most.…",negative,positive,0.47091562
"<USER> <USER> <USER> Now you're talking about your Gal Pal Hillary! SHE USED ""SOS"" job to make MILLIONS! Pay to Play!",neutral,negative,0.47081834
"Marion Maréchal-Le Pen, niece of FN president Marine Le Pen, met Poklonskaya at Russia's State Duma and was invited…",positive,neutral,0.47069702
.<USER> <USER> Please help endangered species in war torn #Yemen zoo & help stop the bombs! #SaveTaiz,neutral,negative,0.47059673
<USER> Some Bad Hombres,neutral,negative,0.4705382
The earth is run by psychopathsKids could be exposed to this#pornharms #draintheswamp,negative,neutral,0.47042197
Go fight 4 REAL women's rights like 4 the ones who suffer in human trafficking or from being raped by rapeugees.Or…,neutral,negative,0.47040388
New Low for Dems-<USER> encourages Terrorists to attack PresidentElect's properties <USER> <USER>,negative,neutral,0.47033894
You need to read what she's going to do with the $$$ if over the amount needed...she has control of the funds. She'…,neutral,negative,0.47030753
<USER> <USER> but Steve Bannon is ok?!!,neutral,positive,0.47001597
Found my Bernie soulmate 🙆🏻🐦 #NODAPL @ Dakota Access Pipeline Resistance Camp,positive,neutral,0.46960035
"State Undertaking Medicaid ""Transformation""",neutral,positive,0.4695566
Words have no power to impress the mind without the exquisite horror of their reality. Edgar Allan Poe. #resist…,positive,negative,0.4695049
<USER> <USER> extend this man's contract! #TheFuture,neutral,negative,0.4694948
Outed As Russian Spies<URL>,negative,neutral,0.46943808
Pelosi should go no matter,negative,positive,0.4693989
"#Yemen "" Smiles won't leave us "" Yemeni children told me at #UniversalChildrenDay.<USER>",positive,neutral,0.4693961
Remy most def started the shit with truffle butter remix and all the way up remix ...... nicki just released TPP fr…,negative,positive,0.46929297
"So wait, $30 of Burger King at LAX is NOT a good idea before my 5 hour flight? WHY DIDN'T ANYONE STOP ME #NationalFastFoodDay",negative,neutral,0.4692913
Reife Thai Girl #Friedrichshafen,neutral,positive,0.46922916
"""#MarineLePen Will Be the Next French President"" – Christopher Dickey",neutral,positive,0.46916378
Still reading #SettleForMore <USER> #fridayreads,neutral,positive,0.46914232
.This will make you rethink animal testing #CambridgeKillers,neutral,negative,0.46894115
Trump Supporters’ favorite. Ben Carson Formally Offered Cabinet Position By President-Elect. Die Hard Trump... s.,neutral,negative,0.46893388
#ThankYouObama 4everything!This <USER> special's giving me so much happiness in this moment. Beyond that I'm a mess;anxious &already grieving!,positive,negative,0.46882877
Finally caught up with #TheWalkingDead,positive,neutral,0.46882522
"morning, sluts. #ScreamQueens",negative,positive,0.4686387
Didn't Grayson Allen get eliminated from the election in the primaries? Oh wait. Nevermind. #fuckduke,negative,positive,0.46828043
Because Water is our Human Right! Step off our land!,negative,positive,0.4682143
Give it a listen! Raw project from one of the realest 🙌🏽✊🏽 #blacklivesmatter #unapologeticallyblack…,neutral,negative,0.46810147
"Ireland's economic fortunes look good - but Brexit, EU tax rules and housing are wildcards",neutral,positive,0.46793386
25% off TODAY ONLY! #BlackFriday for .<USER> #NotMyPresident…,positive,neutral,0.46765754
How #deeplearning is powering video #SEO:,positive,neutral,0.46754706
"<USER> White supremacists, alt-right leaders argue, think white people are the best race. The alt-right doesn’t necessarily think that",negative,positive,0.46743307
I tried eating fish today and idk how I feel about it. I'm just gonna stick to vegetarianism,neutral,negative,0.46723223
"<USER> <USER> <USER> <USER> <USER> I wouldn't know about any rightists in gov, cucks yes, but no rightists",negative,neutral,0.46722025
Going in to see #FantasticBeasts. Maybe this will be the spark I need to finish the original series.,positive,neutral,0.46703744
Any screaming good games that aren't available on PC that's worth picking up between now and Persona 5's release?,neutral,positive,0.4669959
"<USER> - by your fellow liberal's standards, calling for Pelosi to go makes you a sexist pig<URL>",negative,neutral,0.4665581
"Dude, me liking your joke doesn't make me to like you. You're David Blaine.",negative,neutral,0.46647012
Feels weird hearing it again after all these years. So many new targets for conservatives to go for...,negative,neutral,0.46638694
"team with lebron jordan, jahlil okafor, Tim duncan, Russell westbrook, and lawrence carnes",neutral,negative,0.46627608
"Why <USER> Because Melania Trump likes to look classy. You thought your opinion matters? Lol, bad PR choice on your part!",negative,neutral,0.4661755
9 things Democrats still have to be thankful for #Trump2016 #TrumpTrain #GOP #ccot #tcot #ThanksTrump #UniteBlue,neutral,positive,0.4661143
"Um. For many of us, life-threatening. Save #Medicare #Medicaid thou shalt not kill",negative,neutral,0.46610773
"My father made me feel special on valentines day😂..i was young as shit gettin candy, big teddy bears, cards wit money and roses💝",positive,negative,0.4660689
Perhaps it's time to depose Pope Francis and elect a faithful priest to be his successor: Robert Cardinal Sarah.,negative,neutral,0.46590063
Grateful for these bad hombres,neutral,positive,0.4658725
Grayson Allen Is Something Serious 💪🏀,positive,negative,0.4655682
This proves the bankrupt condition of #BlackLivesMatter that they think that hassling shoppers & business is right…,negative,neutral,0.46554166
#Homeopathy #Safe #Gentle #Chronicdiseases World Class Homeopathy #Unique Treatment Methodology,neutral,positive,0.46549374
fuck me up. he's drop dead gorgeous. #ScreamQueens,neutral,negative,0.46533495
We have a Constitutional right to film police. #blacklivesmatter #stopracism #stopfascism #notonmywatch,neutral,negative,0.46511325
<USER> Saakashvili's reckless disregard for the well-being of #lUkraine is reprehensible ><USER> <USER> <USER>,negative,neutral,0.46495596
"""If you are traveling with the samsung galaxy note 7, please leave it at the service desk and we will be happy to throw it away for you"" 😂",neutral,positive,0.46494967
Anyone else ends up ending their career and possibly in jail. But well connected leftists are given a pass.,negative,neutral,0.46490726
<USER> 🇺🇦#Ukraine#yanukovich's REGIME: illicit $ outflows.➤2012: Min. of #Economy- #poroshenko!<USER> <USER> #EU #РАДА8,negative,neutral,0.46456978
"To my leftist ""friends"" 😂 #TGIF #DrainTheSwamp",neutral,positive,0.4644678
Gonna watch #ThisIsUs,neutral,positive,0.46445596
"Our 'Sanctuary Saviors' tee, inspired by #TheWalkingDead, is shipping now! FREE RED NECK WARMER while stocks last!…",neutral,positive,0.46439734
<USER> made America Respected around the world again #thankyouObama <USER> <USER> <USER> <USER> <USER>,positive,neutral,0.46438998
#ButEvenIf #TrumpTransitionTeam #TellsLyingPress #Everything #LP #WillStillSpeculateInNegativeAboutTrump&Team #4BO&…,negative,neutral,0.46416748
waaant,positive,neutral,0.46411964
Companies need to convey that #homeopathy means 300-year-old widely-rejected theories. via <USER>,neutral,negative,0.46386686
Shout out car crashes. Shout out Kim Jong Un. Shout out the Lakers maybe signing him to a 10-day for this game.,neutral,negative,0.46384206
<USER> fakahontas at it again. Keep it up and u demorats will lose the next election,negative,neutral,0.4638301
What percent of America is having a dream that they're a cowboy tonight? #Westworld,neutral,positive,0.46382535
<USER> <USER> I don't like Michael Moore but I did like this! He was spot on. I saw this a month before 11/8 and sent it to many.,positive,neutral,0.46376723
"#Microsoft joins the <USER> Microsoft ♥#Linux...like a pet, or entree, I say. #microsoftlinuxfoss…",positive,neutral,0.46365163
Mark Wahlberg and Will Ferrell lowkey invented the #MannequinChallenge,neutral,positive,0.46362925
#vanessa hudgens zac efron sex famosas videos pornos,neutral,negative,0.463543
White supremacists want the ancient Egyptians to be Caucasian only because it supports their belief of being the su…,negative,neutral,0.4634079
<USER> <USER> It demands an impeachment ....I can only hope the electoral college is functions as it is supposed to,neutral,negative,0.46330783
<USER> Stop Time Tonight,neutral,positive,0.46324843
<USER> rick porcello Cy young!,neutral,negative,0.46322232
#NorwoodUJIABirthright #Limiteless16 #Israel tour. #ShabbatShalom from the magical city of #Jerusalem,positive,negative,0.46311733
When you make opponents publicly apologize....well #YoureAFacist #MangoMussolini #democrats #CalExit #HumanRights…,negative,neutral,0.46291748
<USER> <USER> <USER> #NBAwards Let's unearth more such jewels of #Bengaluru,positive,negative,0.46272448
<USER> <USER> full of herself? I mean it is a book about her life. Everything that happened w her in last year was newsworthy,negative,neutral,0.46270207
Run #MELANIATRUMP run! Save yourself,negative,neutral,0.46265644
"by putting it on your face, you're condoning animal testing and animal ingredients in make up!!",negative,neutral,0.46247616
my #GilmoreGirlsTop4 is clearly 4. Kirk (both Cat and Human) 3. Jess Mariano 2. Town Troubadour 1. Dave Rygalski,neutral,negative,0.46244076
"This woman is still talking about Melania Trump's admittedly plagiarized speech, guys.As in, she's still saying i…",neutral,negative,0.46243915
"<USER> <USER> <USER> yes, and as a jew i'm shocked at the number of #lgbtq's who support #hamas on here.",neutral,negative,0.46235284
"In 2015, the poverty rate for US families was 10.4 percent, the lowest level since 2008. #ThankYouObama",positive,neutral,0.4622388
"Steve Bannon - its okay for straights to call lgbt ""gay, fag**t, and qu**r""... anyone who comes to me saying that gon catch these hands 👊💥 👊",negative,neutral,0.46206918
"Classic 3rd world dictator move, surround yourself with unquailfied loyalist that will be yes men to an...",negative,positive,0.46189713
<USER> showing already he's the most LAWLESS in history.#NotMyPresident #TheResistance #StillWithHer #MAGA #DrainTheSwamp,negative,positive,0.46180436
#Sionisme #jesuschrist #Jerusalem #jerusalempost #NewYork #bible #BibleStudy Rudy Boxman made this painting SION or…,neutral,negative,0.46156728
RT <USER> It’s not “alt-right.” It’s Neo-Nazi.<URL>,negative,neutral,0.46155018
#DrainTheSwamp...suckers.,negative,neutral,0.46146873
<USER> And JIT has tons of evidence to convict #MH17 murderers. #Kremlintrolls are in massive denial.,negative,neutral,0.46136665
It's been a while since we've had a family drama like #thisisus ❤️,positive,negative,0.4613125
I liked a <USER> video Andrea Gibson- I Do (Gay [Queer] Marriage Poem),positive,neutral,0.4612016
"<USER> <USER> trump already broke cuba embargo, so that part is taken care of i guess diplomacy in 140 in not good policy.",neutral,negative,0.46119696
"But that specific point she made, out of frustration with leftists, liberals, and conservatives alike, stands.",negative,neutral,0.46117002
"it's a tiny little friend all wrapped up in a hot pink tuxedo .. I think about it morning, noon, & nite ... #ScreamQueens #Adderall 😂😂",positive,neutral,0.4611406
"If you think the electoral college should be terminated, you have no logic...",negative,neutral,0.4611228
<USER> <USER> its not about liberals or conservatives. Im neither and couldnt care about either. Its about basic human decency.,negative,neutral,0.46069923
#GilmoreGirlsTop4Richard GilmoreRichard GilmoreRichard GilmoreRichard Gilmore,neutral,negative,0.46052796
"In Aleppo, Death Is Everywhere #UKPolitics",negative,neutral,0.46051356
"Mooreder When Michael Moore picks up your cause, then wrecks you. ""He so called out the DNC! It was mooreder I tells ya!"" #UsefulNewVerbs",negative,neutral,0.46049267
<USER> yeah you're right. Luckily I live in the most liberal state in the country. First to legalize gay marriage,positive,neutral,0.46042666
"<USER> See my thoughts on self driving cars, AI, and much more, Odunlami:",neutral,positive,0.4602314
Occupied #Palestine | #Israeli Tank FLIPPED OVER during military exercise in preparation for next war with…,neutral,negative,0.46019956
<USER> I forgot Persona 5 was a thing But yes. There is always this,neutral,positive,0.46004844
The latest #NoTPP Today (<URL> Thanks to <USER> <USER> <USER> #stoptpp #tpp,neutral,positive,0.4599512
<USER> ain't that how y'all got Tim Duncan? 🤔,neutral,negative,0.459563
and now fire in #Jerusalem area #fbt,neutral,negative,0.45946023
Kawhi is currently averaging 25ppg. Tim Duncan's highest averaging in a RS is 25.5.,neutral,negative,0.4593786
The latest Earth Echos Daily! Thanks to <USER> #yemen #archives,positive,neutral,0.45930877
"A hidden gem of #Jerusalem. Special prayers today for rain, our police, and firefighting heroes.…",positive,negative,0.45898238
Did the self proclaimed petty queen block me?!?! LMAO #winning,negative,positive,0.45893642
IF WE COULD ONLY TURN BACK TIME ... #3YearsofMidnightMemories #MPN #OneDirection #MtvStarsNiallHoran,positive,neutral,0.45893085
FAM MY NIGGA WAS BURNT <USER> <USER> <USER> <USER> <USER> #MannequinChallenge,negative,positive,0.4587413
(Global News):#Hatchimals craze causes frustration as demand outstrips supply : The..,negative,neutral,0.45804706
Oh my God! Does he have to lick his boots? #uniteblue #notmypresident #TrumpTransition,negative,neutral,0.45797905
<USER> I’d sign off on it - if we must be self defeating. Bolton good choice for Trump-style cabinet. <USER> <USER>,neutral,positive,0.4579147
The gold standard. #BMW #M4 #GTS,neutral,positive,0.45783356
"""Of course they would cease; no Clinton in high power right now, so no cash! Watch Charity Foundation cease to exis…",negative,neutral,0.45750558
Hairspray Live... not sure how I feel about this. Zac Efron will forever be Link to me.,positive,negative,0.45746925
I saw someone with Newt's scarf and I NEED IT #FantasticBeasts ❤,positive,neutral,0.45722094
It could all be true and <USER> <USER> Drone strikes & flying around on Air Force 1 has caused it!,negative,neutral,0.45719427
<USER> You’ll like this one too.,positive,neutral,0.45706993
Steve Bannon is not afraid to talk openly about governing our country for the next 50 years<URL>,neutral,negative,0.4569685
trevor hates michael moore so we have to stop seeing each other : /,negative,neutral,0.45673203
Leftists see it as an impediment to revolutionary solidarity whereas liberals see it as an impediment to compromise with the opposition.,neutral,negative,0.4567301
Ronaldo was subjected to homophobic slurs at the Camp Nou again as some fans sang - ‘Cristiano come out of the closet’ during Clasico,negative,positive,0.4565823
"Me: This is a Velvet Underground song!Courtney: Ohh, is that Leonard Cohen?Me: NO IT'S LOU REED",neutral,positive,0.45628852
<USER> Let's not forget or diminish the devastating blow that Comey threw at HRC. Blatant violation of Hatch…,negative,neutral,0.45621452
lol my moms making a second thanksgiving dinner bc she doesn't like that we didn't cook this year,neutral,positive,0.45619386
<USER> <USER> I watch Fox News every night! Bill & her are a must for me. To each his own.,positive,neutral,0.45612875
<USER> I bought 2 Note 7s; which obviously I had to return; now using LG V20 over my Galaxy 7 plus; when is next Note version?,negative,neutral,0.45603827
Louie 😍♥ #onedirection #MPN & #MtvStarsNiallHoran,positive,neutral,0.45601174
"""The Graphic Librarian(Reflections on librarianship, comics, and health)Review: The Adventures of the Vaccines<URL>",neutral,positive,0.45597512
"#BlackFridayShopping Tevo Black Widow, for sale. Miss this chance, you need to wait for one…",neutral,positive,0.45533156
Next #ScreamQueens 💋🔪😈,positive,neutral,0.45531392
there are many ways to not use fossil fuels & still strive in this economy but people are too money hungry so let's…,neutral,negative,0.45505857
TF when you can't get your paycheck from George Soros.,negative,neutral,0.45501572
The movie where Zac Efron is a DJ is super fucking rad,positive,negative,0.4549626
#duke Duke Highlight: Grayson Allen leads the way with 17 points in an 88-67 win over William & Mary Wednesday (ES…,neutral,positive,0.45489007
"Olivia Newton John, If Not For You (bob Dylan) ,7"" Vinyl ≈ 38 hours GBP0.75 #BobDylan",neutral,positive,0.45488635
"Pope Francis reminds us that the time has come for us Catholics to bite the bullet, and prove our mettle.",neutral,positive,0.4545481
Ashley Graham On Vogue UK Magazine cover #losewieghtnow #lose fat #lose inches #feel good,neutral,negative,0.45448142
Postcard written!,neutral,negative,0.45405525
*me not prepared to give a speech on medical marijuana*: hey professor can I just teach y'all how to roll a blunt for the next 7 minutes,negative,neutral,0.45402786
Lunes de The Walking Dead y Westworld.El mundo funciona bien.,positive,neutral,0.45388898
My Valentines. I get to spend it alone since I have no one,neutral,negative,0.4537479
I want a PS4 but there are no video games I want to play on it. Is that weird? Is Persona 5 out yet?,neutral,negative,0.45361564
Thanksgiving & Standing Rock | Just A Skinny Boy #world #share #nativeamerica #nativeamerican #thanksgiving #NoDAPL,neutral,positive,0.4534843
"<USER> <USER> if Justin won 22 games, not only would he expect the cy young, he would want Mvp",neutral,positive,0.45346376
"We Need, We Want <USER> singing #BeautyAndTheBeast <USER> <USER> !!!!! 🙏🏻🙏🏻🙏🏻",positive,neutral,0.45340118
<USER> This too happened #draintheswamp #MAGA #NeverRomney,neutral,negative,0.45338348
"I liked a <USER> video Kim Jong Un Doesn’t Like ‘Kim Fatty the Third’ Nickname, Asks China to Censor",neutral,positive,0.45324796
<USER> <USER> <USER> <USER> <USER> dose is the key here. Tin foil hats are more evil.,negative,neutral,0.45291886
I'm so here for Vogue calling out designers for not dressing Ashley graham but how great would it be if they actually named those designers?,neutral,positive,0.45275283
What?Model If this through your company you steal millions of dollars to medicare and have the highest fine...…,negative,neutral,0.45228818
Help Stop Animal Testing Now!,neutral,negative,0.45199478
<USER> Please do not appoint Ben Carson to your administration. He is not very bright.,negative,neutral,0.45197377
"Army Corps Issued Dec. 5th Deadline for ALL Camps at Standing Rock to Clear Out. Funny, this isn't the line Obama admin took w/Bundy #NoDAPL",negative,neutral,0.4513249
<USER> <USER> It's UNIMPORTANT who won the popular vote. THAT'S NOT HOW WE ELECT OUR PRESIDENT IN THE UNITED STATES!,negative,neutral,0.45113125
Plus-size? More Like My Size | Ashley Graham | TEDxBerkleeValencia,neutral,positive,0.45108715
#WallStreet’s Youngest Workers Aren’t Worried #Robots Will Replace Them #fintech #AI,neutral,negative,0.450966
Swear to God Steve Bannon made this in Microsoft Paint,neutral,negative,0.45078862
No one understands #Westworld not even the actors Bloody brilliant,neutral,negative,0.45039314
Four years ago I wrote this about Misha. I pretty much stand by it,neutral,positive,0.45036325
MUST READ: GREAT summary/breakdown of most of Trump's picks up to this point for #TrumpTransitionTeam. #NotNormal,positive,negative,0.45033494
the only one good thing about this whole dirty grandpa movie was zac efron's dick,negative,positive,0.4502325
Here's Clinton giving her support for BLM #BlackLivesMatter #VoteGreen <USER> <USER> <USER>,positive,negative,0.4501727
BUSYBEAGLEhalfmastiff (Roku MF) has finished watching Westworld - The Bicameral Mind. (90 minutes),neutral,positive,0.4501362
Yes <USER> Let's discuss it! <USER> #Toronto #Garbage <USER> #WaterIsLife #onpoli,neutral,negative,0.45006406
Prints for sale #drawing #blackartist #blacklivesmatter #blackartist…,neutral,negative,0.4500577
Wait. What? Married man rejects hottie for homeopathy? Your adulterer skills must be highly refined,negative,positive,0.44985098
TubShroom The Revolutionary Tub Drain Protector Hair Catcher #mpn #fifthharmony #onedirection…,neutral,negative,0.4497627
Presenting Seedo: World's First Fully-Automated Hydroponic Marijuana Grow System #MedicalCannabis #MedicalMarijuana,neutral,positive,0.4496699
Natural Language Processing with Deep Learning in Python☞,neutral,negative,0.44928846
#twink sex pics zac efron and nude model,neutral,negative,0.44928637
<USER> Claiming to be knowledgeable on this subject? Spelling anti-Semitic right would be a good start.,neutral,negative,0.4492681
Eight of my fellow monks & nuns & I are forming our own protest in front of Trump Hotel in DC tomorrow. We can't afford to wait#ResistTrump,negative,positive,0.4492498
Area vets join massive North Dakota protest against pipeline #Fem2 #Fracking #NoDAPL,negative,neutral,0.4492396
<USER> <USER> We honestly did not know you guys were still alive. Grats! #DrainTheSwamp #NRA #FoxNews #realDonaldTrump,positive,negative,0.4491936
Even the Jeep is also unwilling to carry him,negative,neutral,0.44909275
"when you jacked into your house without keys. hell yeah, i'm david blaine jr.",positive,neutral,0.44908747
"<USER> no I believe u, not denying there was testing on woc. I'm saying animal rts ppl wouldnt support it, which the tweet implies",neutral,negative,0.44898164
White Supremacist Steve Bannon's true favorite for president was not Trump.,negative,neutral,0.4489536
Porcello v. Verlander | Joe PosnanskiWhen you get the chance <USER> I think you should read this.,neutral,positive,0.4488136
"College degree...no took down the website...copy Michelle speech..deny,deny....lying Melania…",negative,neutral,0.44853646
Even #BillClinton agrees w/#Trump that #Obamacare needs to be reformed. People should have AFFORDABLE healthcare.,neutral,negative,0.44797984
What do you think the availability was for #Hatchimals today?! I'm sure there's a few unhappy shoppers...Not worth the aggravation for me.,negative,neutral,0.4478112
Do Mike Pence and I agree on something? Giuliani is fucking crazy.,neutral,negative,0.44776076
"<USER> I just hope that Filthy Catholic Bill English doesn't replace him. We need a discussion re euthanasia, not a fenian PM",negative,neutral,0.44759881
Now Playing on the J-Train to funny town...Bob Rivers - Minimum Wage,neutral,positive,0.44754496
"We spoke to 9 year old Judy in eastern #Aleppo again""I want 2 go to school I’m not happy like this. At school we h…",neutral,positive,0.44743752
Hillary supporters...... Two 'ZIO Supremacists' have to point out great moments - these CUCKS truly care?,negative,positive,0.44735044
"<USER> Didn't know it was possible 2B turned on that early. 😄 btw, it comes up automatically when you use the hashtag #TheWalkingDead",neutral,negative,0.44712907
<USER> Human Hurdles Facing Self-Driving Cars <USER> <USER> #SelfDrivingCars<URL>,neutral,negative,0.44680426
"<USER> <USER> <USER> With ya on thisCountry in increasing turmoil re voter suppression, voter fraud<USER> pls #AuditTheVote",negative,neutral,0.44662705
⚡Dangit wish I had a hamburger and frenchfriesright about now#Yummielicious #NationalFastFoodDay,positive,negative,0.44654036
HOT eNews Now: Donald Trump Appoints 2 Females in Cabinet Selecti...,neutral,negative,0.44643176
Guy I've following your entire career & im a huge fan and was wondering if you'd be prepared to sing at my funeral.<URL>,positive,neutral,0.44636694
#NeverRomney #draintheswamp GO RUDY!,neutral,positive,0.44622535
"<USER> You see, gun control is a grand issue in this nation but we can't just simply ban guns. That'd be a violation of the 2nd...",neutral,negative,0.44615006
"Umtiti, Mathieu and Iniesta trained today as they try to get over their injuries ahead of the Clasico. [sport] #FCBlive",neutral,negative,0.44577727
#ORANGEday: all against violence on women. <USER> joins the #UnitedNations day with a live event and globally o…,neutral,negative,0.44569546
<USER> I think you should pick Rudy over Mitt but I trust your judgement. #PresidentTrump #MAGA #DrainTheSwamp,positive,neutral,0.44563273
Heart is breaking over the #IsraelFires. Many of my loved ones are at risk alongside neighbors in both #Israel &…,negative,positive,0.44555083
Apple nabs obscene share of smartphone profit thanks to Samsung's Note 7 debacle - MarketWatch | #galaxyNote7 #Not…,negative,neutral,0.44551063
Secret recordings reveal Dublin pregnancy centre advising women that abortion leads to #breastcancer. #repealthe8th,negative,positive,0.44542873
<USER> obviously she should donate it all to the clinton crime family foundation,neutral,negative,0.44537118
I like the day after thanksgiving no one at my house askin a million questions and all the leftovers here 😂,positive,neutral,0.44531128
"<USER> we need something like the ""Electoral College Votes"" System. ANC hide behind aggregated numbers to win.",neutral,negative,0.44498533
<USER> <USER> Yes <USER> is real id of #NitibhaKaul Handle by nitu father...,neutral,positive,0.44498196
*turns down the Ricky Martin music playing through my headphones*,neutral,negative,0.44497913
I have been astonished at the reaction of the liberals. Horrifying.,negative,neutral,0.4448914
ALL NATIONS UNITE.... HUMAN BEINGS STANDING UP TOGETHER WILL FORCE THE CHANGE FROM FOSSIL FUELS TO CLEAN ENERGY...,negative,neutral,0.4447618
About to see #FantasticBeasts is boy to be LIT 😜💙🙌👌✌🔥,positive,neutral,0.4446617
“It’s such a futuristic idea. A world in which the descendants of slaves become poets.” ~ Terrance Hayes #NBAwards,neutral,negative,0.44455957
Maybe Chanel's finest moment #BlackFriday #screamQueens,positive,neutral,0.444474
<USER> Did you win the Cy Young that year?,neutral,positive,0.44435987
"#Hatchimals Hatchimals have been out of stock everywhere, don't pay the outrageous markups, just wait, be patient",neutral,positive,0.44395426
"thanksgiving is over, it's time to pick out a christmas tree 🎄they are on sale today & tomorrow…",positive,negative,0.44392192
Drop all inventory online ! Forget those heathens. Missing thanksgiving to camp smh,negative,neutral,0.4439008
Arizona Democrat: 'We have a duty to treat Trump like the threat he is' #NeverTrump #TrumpTransitionTeam,negative,neutral,0.44385695
Please suspend #ISIS accounts<USER> <USER> <USER> <USER> <USER>,neutral,negative,0.44366273
TV shows that more people should be watching. #ScreamQueens #MTVScream #Quantico #HTGAWM #The100 #Blindspot #Drama…,positive,neutral,0.44360727
Ya BOY CRACKED THE CASE. #Westworld,neutral,negative,0.4433952
Watching #MariahsWorld learning how to be the most extra,positive,neutral,0.4429121
One of the happiest days of my life. Fidel died and Maduro is next!,positive,negative,0.4428354
Well that finale was one big mindfuck 😳 #Westworld,neutral,positive,0.44271243
<USER> Opposes the TPP because it will lead to more dubs,negative,neutral,0.44244376
Israel gov free healh care -approves free state-subsidized pregnancy termination for nearly all women <USER>,neutral,positive,0.44243643
sarah is forcing her vegetarianism on me,neutral,negative,0.44225606
#TheWalkingDead EM MEMORIA 😳🌸MERLET-DOGLORISOPHIAGLENNABRAHAMBOBJACQUILIZZIETYREESEGOVERNADORSAMBETHNOAHANDREAMIKA,positive,neutral,0.4419475
Donald Trump’s Cabinet is on track to be the least experienced in modern history via <USER> #StillWithHer,negative,neutral,0.44162682
Video: Andre Gomes vs Celtic Away. #fcblive [<USER>],neutral,positive,0.44149765
<USER> I'm gonna need you to put a stop to the Dakota Access Pipeline if you ever want my support.,neutral,negative,0.44138363
<USER> <USER> those giant eggs look like...#Hatchimals #EasterCandy #blackfriday,neutral,positive,0.44131374
<USER> that is one opinion! But still not a fact: here's a fact: HRC won the popular vote by over 2000000 votes!,neutral,negative,0.44075316
One Tesla Model S is all I need <USER>,positive,negative,0.43992525
me all of thanksgiving,positive,neutral,0.43991524
You were better than my wildest dreams but I'm still not happy.. Kate to Toby. Poor Toby. 😢#ThisIsUs,neutral,positive,0.43987375
Really would be satisfied w/ a model S Tesla (black specifically),positive,neutral,0.43962806
It's almost 4am and I may or may not be blasting Ricky Martin....,neutral,positive,0.43960354
"<USER> No gold standard can support the needs of a modern monetary economy. This ""intrinsic value"" you speak of is arbitrary.",neutral,negative,0.43954223
Support the Orange Campaign - Change your Profile Picture to show your Support#SpeakUpae #OrangeTheWorld #16Days…,positive,neutral,0.4395181
<USER> I don't believe you when you talk of unifying the country. Stand up for all Americans. How can you defend Steve Bannon?,negative,neutral,0.43944275
".Jill Stein's praise of Dictator Castro: ""Fidel Castro was a symbol of the struggle for justice in the shadow of empire. Presente!""",neutral,positive,0.4390882
Kate Upton IS BACK & she’s defending her MLB roasting,positive,neutral,0.43881363
Please don't consider donating to <USER> They'll just buy more euthanasia.,negative,positive,0.43855572
<USER> Dennis Rodman. He was good enough for Kim Jong Un!!😂😱#fantasyambassador,positive,negative,0.43836707
Top Reasons Why You Should Visit Israel - Voyager <USER> #Israel #Travel #Vacation #FamilyTravel #Jerusalem,neutral,negative,0.43833977
Why does everything need a #remake? Enjoy the #classics! #BeautyandtheBeast #TheBradyBunch,neutral,negative,0.438324
Me and the incredibly talented <USER> at #BeautyAndTheBeast #sitzprobe yesterday. Opens next Friday. Eek!…,positive,neutral,0.43819302
Seems legit....#DrainTheSwamp #DayAfterThanksgiving,positive,neutral,0.43800235
"I was thinking about trying to fix my dishwasher, but then I remembered that it is over 17 years old and euthanasia is an acceptable end.",neutral,negative,0.43784896
<USER> Hillary got quite a few more votes but your man won the electoral college vote. It doesn't follow that Repubs 'crushed' Dems,negative,neutral,0.4378463
Vegetarianism is murder. #FakeVeganFacts,negative,neutral,0.43781075
"""People say I look like Zac Efron in the dark"" - <USER>",neutral,negative,0.43774116
<USER> <USER> Not sure what the fuss is about. Since when did we view immigration as having anything other than an economic impact.,neutral,negative,0.43763474
"Read that #Westworld may not be back til 2018 which is a big problem because it was a B+ show with neat ideas, but not all that fun to watch",neutral,negative,0.43755803
Process to con for the vegetarianism aside from soft-pedal boast an scratch feed damp: JnWLMKaKa,negative,neutral,0.43733618
"How are you going to unite the millions of ""leftists wasting their time?"" Sounds like you're doing a great job.....…",neutral,positive,0.4372998
"<USER> <USER> Look at Romney's TL. Not one word about Trump's cabinet picks. No congratulations, nothing. He's a snake.",negative,positive,0.43722603
I JUST TIPP D KIMCHI AND CRIED,negative,positive,0.43718013
Kameni already did his job n transformed into Neur against us..Now it is ur time #Rulli #FCBlive,neutral,negative,0.43685332
<USER> <USER> <USER> <USER> <USER> <USER> Yup&Comey #FBITrumpland should've been stopped&PutinHack takenSerious,negative,neutral,0.4366494
Women Are Donating To Planned Parenthood In Honor Of Mike Pence,neutral,negative,0.43656042
<USER> lmao ha bad hombres!!!!!,negative,neutral,0.43644822
"Euthanasia for alcoholics?! When life is devalued this is what can happen, all life is valuable <USER>",neutral,positive,0.43612513
consider the level of privilege it takes to be demonstrably more concerned with trump's tweets than drone strikes on muslim civilians,negative,neutral,0.43608192
ALL my niggas get cheese Tim duncan can't switch teams,neutral,positive,0.4360512
Fight me.,negative,positive,0.4360372
You can Know (not just #Believe) there is a #God. #Atheists #RushLimbaugh #MarkLevin #UnitedNations,positive,neutral,0.43594015
I just want the semester to be over so I can watch Westworld and Insecure without guilt,positive,neutral,0.4358782
No. But Mr Pence and Steve Bannon can drop the 25th amendment on your ass.,negative,neutral,0.43577692
i bought it for kh3 and persona 5 and ffxiv (tho i havent touched that in months,positive,neutral,0.4351991
I think the only thing about Persona 5 I'm dreading is the obligatory beach/hot-springs event. Ever since 3 we keep getting it.,neutral,positive,0.43512177
<USER> HEY DUCK WHAT ARE YOU TALKING ABOUT MADURO AND tHE BOLIVARIAN REVOLUTION AHH COCKSUCKER?? GO TO GIVE ASS IN PARK AVENUE..EVERYDAY,negative,neutral,0.43511558
"<USER> <USER> Check Putin's latest stance on religion.& Obama is great. Putin is a short, little punk.",neutral,positive,0.43487057
"<USER> Hey, I'm still perplexed about Dennis Rodman & Kim Jong-Un loving basketball.",neutral,positive,0.4348443
"Thank u for what, for bailing out rogue banks? For negligence of his own, for racist killer cops, for war crimes, f…",negative,positive,0.43463683
No. CSS is #ruby for Agile. Deep Learning likes #ai :),neutral,negative,0.43441615
Sharon needles is doing Melania trump n the crowd is chanting CULEERAA,negative,neutral,0.43407843
<USER> <USER> well it's a majority by 1m that's a clear mandate but then again i'm speaking to a guy who would Hail Fidel Castro,neutral,positive,0.4338593
In good conscience (which is really absent) dems never intended to release the poor from bondage to the gov dole. Q…,negative,neutral,0.43380374
joke: vaccines cause autismwoke: homo autistus is mans next evolutionary step,negative,positive,0.4337915
#lmao 😂😂😂😂 #theface definitely me #mannequin #mannequinchallenge #goofy #stevebuscemi…,positive,negative,0.4335651
Hillary Clinton’s Thanksgiving surprise spearheaded by 6-year-old boy #p2 #uniteblue,neutral,positive,0.43356338
There are children that only know a black man as POTUS...my God! #ThankYouObama,negative,neutral,0.4334165
"This totally threw me. It may not be about gun control per se, but imagine living somewhere this needed to be made 😞",negative,neutral,0.43327835
<USER> hope to be there myself but don't you think reframing a subject as complex as abortion as a yes/no question is to over-simplify?,neutral,negative,0.43327582
Here Biden is doing the same thing with this little girl tpp,neutral,positive,0.43315434
"<USER> Oh, and we mustn't forget re: Flynn -- a Putinophile",negative,positive,0.43308783
"#RIPFlorenceHenderson #AngelaLansbury not impressed with #BeautyAndTheBeast remake, #arethafranklin national anthem",negative,positive,0.43295497
Homeopathy can be safely used to treat animals as well as humans. It can be used to treat both acute and chronic...,positive,negative,0.43284044
<USER> Don't forget Wikileaks. And Comey/the FBI. And a grotesquely undemocratic Electoral College System. #TrumpIsStrangerThanFiction,negative,neutral,0.43276185
Year of Mercy Provisions on Abortion Confession Extended,neutral,negative,0.43275917
Embargo on Cuba not working. #FreeCuba. #MAGA,negative,neutral,0.43250555
Bannon sure has a keen eye for talent! #TRUMP,positive,neutral,0.43243352
"Egypt's support to Haftar's army is a national priority, President al-Sisi<URL> #News",neutral,positive,0.43225712
Cassidy. Nurse Hoffel. Hmmmm who could the other one be? 🐲🤔? #ScreamQueens,neutral,positive,0.43209377
This is how i celebrated #NationalFastFoodDay ...I'm not ashamed...it was a holiday..<URL>,neutral,negative,0.43195677
I think my boss and her family just won the #mannequinchallenge.,positive,neutral,0.43178603
They should get what they voted for a repeal of #Obamacare. Ppl learn the hard way.,negative,neutral,0.4313799
"End Prohibition: Planning Commission recommends amending Redlands&#039;... #endprohibition, #cannabis, #marijuana",neutral,negative,0.4310481
Medicare funding for doctor home visits is at risk. Help keep services like 13SICK alive. Find more at,neutral,positive,0.43066382
"2008: 30 Rock introduces ""Make America great again"" as a Republican slogan, with a platform including a 200-foot wall on the Mexican border.",neutral,positive,0.43055606
Was able to get #hatchimals but no luck with the #NintendoClassicMini 😡 #blackfridayshopping,negative,neutral,0.4305031
Ben Carson and Sheriff Clark are two men who know that Trump isn't racist. Truly great Americans. Unbelievably talented role models for all.,positive,negative,0.43048492
THE GREAT WALL OF ISRAEL #gaza #palestine #israel #BDS #apartheid #jerusalem,neutral,negative,0.43009165
<USER> <USER> <USER> What a whacko she is. Dems will love her until she's no longer useful for their agenda.,negative,positive,0.42988855
<USER> <USER> <USER> <USER> <USER> <USER> <USER> <USER> DAMN!!!,negative,neutral,0.4298065
YES! Watch a Tesla Model X P90D Drag Race a Model S P90D:,positive,neutral,0.42972058
"As Rakitic & Neymar both got yellow carded against Celtic & will therefore sit out the final game in Group C, at home to M'Gladbach #fcblive",neutral,negative,0.4295412
More fox people. #uniteblue #notmypresident,neutral,negative,0.4295109
"""He wants to break up the country’s biggest companies, meet with Nort Korean leader Kim Jong Un & throw President P…",neutral,positive,0.42947084
Is Justin verlander drumming?,neutral,positive,0.4293657
<USER> *Little bunny dude*We don't need Fossil fuels in a long term energy strategy for the united states *end little bunny dude*,neutral,negative,0.42933595
"“We’re an important producer in that area and we have to respect our clients on both sides of the border,” CEO...",neutral,positive,0.42920214
Roots and Jill Scott! Fyah! #ThankYouObama,positive,neutral,0.42916283
Im still trying to get over Leonard Cohen dying. He was fucking awesome.,positive,negative,0.42900056
"Reason 57 why we have a #Trump:""I HATE Obamacare!""""What about the Affordable Care Act?""""Oh, that's great! Let's use that one.""",negative,positive,0.428977
"david blaine is god, and the bible is a lie.. mark my words",positive,negative,0.42880407
<USER> I wish your headband shot went in. Almost would have been as cool as your last-second-backwards-flip-tip-in with the <USER>,positive,negative,0.42836285
"It is time we Georgians did not depend only on others, it is tim... #MikheilSaakashvili #quotes",positive,neutral,0.42827195
"Yes, Raul Castro is still in charge, but he's been warming up to the Obama Admin's offerings of normalcy in relations.",positive,neutral,0.42824435
"I will go so far to say s1 of westworld isn't just good, it's brilliant. A story within a story within a story about storytelling",positive,negative,0.4281706
"<USER> <USER> <USER> <USER> And vaccines, let's not forget vaccines...",neutral,positive,0.42802313
"<USER> <USER> <USER> yes undoubtedly. While my worries are primarily robots, we need to be cautious of gendered AI.",neutral,negative,0.4279931
School in Hogwarts probably 😇 #HARRYPOTTER #FantasticBeasts 💜,positive,neutral,0.42761996
"<USER> <USER> <USER> well it needed to be brought up again, obviously. The world needs to know.",neutral,negative,0.42749578
<USER> the man in Black's real identity :o #Westworld,neutral,positive,0.42736337
#iaintlying #iwouldntlietoyou I wish these bills do a #mannequinchallenge #forreal #thishowifeel…,neutral,negative,0.426952
probably going to hell for this as well but pope francis seriously needs some crest whitening strips.send it to the vatican merry christmas,negative,positive,0.42693606
The latest The Daily Library! Thanks to <USER> #nbawards #libraries,positive,negative,0.4268536
"#Greece #Israel #Islam #Jerusalem Greek pilot: We are your friends, and we are always here for you.",positive,negative,0.4267128
"<USER> you are out of your mind, nuts, didnt the dems make a big issue out of DJ Trump not accepting the vote in case Clinton wins?",negative,positive,0.4266517
I TOO CAN HEAR THE BELLS WATCHING ZAC EFRON IN THIS MOVIE,positive,neutral,0.4265858
Why wasn't Adam on this list ? He was on as much as Chelsea ❤️ I miss him #but love #thisisus #yr,positive,negative,0.42626998
"Alt-Right Conference Attendees Openly Use Nazi Salute, Language During Conference",neutral,positive,0.4261644
Trump Wins Bad Hombres Award #spoofs,neutral,negative,0.42590216
<USER> <USER> <USER> yes they are being labelled as such by SOME commentatirs as I said and by many of far-rightists.,negative,positive,0.425542
<USER> <USER> <USER> <USER> <USER> I teach many kids healthy because of vaccines...,positive,neutral,0.42522877
"Saakashvili is pushing his own agenda here.The Ukrainian economy is growing, although corruption is still a problem…",negative,neutral,0.42501402
"I’m a student of Sergei Eisenstein, Nazi propagandist Leni Riefenstahl.” - Steve Bannon .Propagandist in White House... brilliant #Trump",negative,positive,0.42499942
3D Printing Replacement Bands with Clasps for Fitbit,neutral,positive,0.42420018
<USER> above Thunder in the Western Conf. Feels good doesn't it?,positive,negative,0.4241657
<USER> Funny since it is easy to prevent fraud: Ensure social security number exists before allowing voter registration.,negative,neutral,0.42389902
"Jeez Twitter, now it's #NationalFastFoodDay? Last week was #NationalCandyDay. Wake me when it's…",neutral,negative,0.42382786
I must have <USER> on my show this morning to talk about his quest for #Hatchimals #gooddaycolumbus,neutral,negative,0.42364508
1. Luke2. Jess3. Lane 4. Taylor #GilmoreGirlsTop4,positive,negative,0.42363223
Just watched #ScreamQueens now I'm in a pink mood 💘 <USER> <USER>,positive,neutral,0.42360923
#Eurozone Listening to leaders talks reminds KCNA of just how inferior they are in the shadow of Kim Jong-un (praise be) #SydMUN16,negative,neutral,0.42329517
"‣ Chomsky and Hillary | ""Why are some leftists acting that Hillary was some great..."" | | #AngryArab",neutral,positive,0.42328364
BOOM! Schumer/Pelosi is on it. Medicare at risk. #theresistance,negative,positive,0.4229462
Swampbitch Nasty Pelosi loves yelling 'Fire' in the crowded swamp. #blackfriday <USER>,negative,neutral,0.4227517
#Outnumbered We elected <USER> to #DrainTheSwamp not add more snakes. <USER> is a backstabbing globalist snake. #NeverRomney,neutral,positive,0.42245582
#Westworld S01 is nothing less than a MASTERPIECE. Phenomenal finale. And im gonna stay away from all the theories.,positive,negative,0.42238516
<USER> My view is of course we can't reverse tech that will kill jobs like new self driving cars. But I think that manufacturing (1/2),negative,neutral,0.42233008
240 Fact-Checked Promises #PresidentObama Has Kept,neutral,positive,0.4221948
<USER> Always thought he was a patriot but now that DC/Clinton corruption is exposed he & GW don't seem so patriotic😕#draintheswamp,negative,neutral,0.4221028
Immigration is a really crucial issue for these tech giants.,negative,neutral,0.42205384
<USER> I hear you. Not worth it. Its like arguing with the devil. That's why I'm on gab.ai. All us deplorables over there. Come join,negative,neutral,0.42194128
"<USER> has been the best, I'm trying not to miss her yet. #ThankYouObama",positive,negative,0.42146388
Take that Liberals and Alt-Rightists!,negative,neutral,0.42143652
<USER> <USER> <USER> Bernie wants to wait to impeach trump like Michael Moore so we get PENCE fuck that,negative,positive,0.42099288
Listening to Melania practice the speech Michelle Obama wrote for her #KeepsTrumpUpAtNight#2GirlsandaTag<USER>,negative,positive,0.4208783
<USER> ohhh ok i see 🤔 what if u have medical marijuana clearance? Does that make a difference,neutral,positive,0.42080098
This pic is everything 😷😷#AuditTheVote #NotMyPresident #TrumpTransitionTeam #mittromney,negative,neutral,0.42050648
"Not sure I can take anymore. Brexit, Trump and now no more Casey and Jessica has left Eric. God is life worth living ? Tesla model S,o YES.",negative,positive,0.42044872
"<USER> <USER> Rampant CORRUPTION is one common factor among all Marxist Leftists..! Obama, Sanders,…",negative,neutral,0.42036983
"<USER> To name a few: James Marsden, Nikki Blonksy, Taylor Parks, Elijah Kelley, Michelle Pfeifer, fucking John Travolta and Zac Efron",neutral,negative,0.4203449
Still hoping Electoral College sides with the majority of American people. #AuditTheVote #StillWithHer,positive,neutral,0.4202434
<USER> Was still way lower than it should be bc of insane voter suppression tactics.,negative,neutral,0.42009664
cool tip: playing cards against humanity with conservatives isn't actually as fun,negative,positive,0.41984773
<USER> You deplorables haven't been saying Merry Christmas because you thought you weren't allowed...bwahahahaha now that's funny! 😂😂😂,neutral,negative,0.419823
<USER> <USER> My list: 1)Only Dems run in Dem primaries 2)Only Dems vote in Dem primaries 3)No caucuses 4)end Electoral College 5) >VRA,neutral,negative,0.419792
This means they believe it to be a legitimate non-violent movement based on a concern for human rights in #Palestine. #queensu #ygk,neutral,negative,0.4195867
"A bird in the Pope Francis trend like actually, all sin is already forgiven.",positive,neutral,0.4194941
Financial sector struggles to find common vision for Brexit,neutral,positive,0.41930595
<USER> Wondering what better system we could implement. Popular vote should have more influence. Electoral college sounds sketchy.,neutral,positive,0.41921228
<USER> I actually did not know that #EltonJohn and #GreenDay were all still alive. So relevant. #Outnumbered #DrainTheSwamp,neutral,positive,0.41914773
Are we going to have fireworks #ThisIsUs,positive,neutral,0.41914052
Ahhhh i want this cake 😍 #bestdisneyfilm #taleasoldastime #BeautyAndTheBeast,positive,negative,0.4188785
The Crankies on tour again? #democracy #sovereignty #draintheswamp,neutral,negative,0.41882646
"I miss my country,Palestinethat's what my grandmother told me when I asked why's she sad today. #Palestine",neutral,negative,0.41860867
I've been eating animal crackers and I'm not testing ..,neutral,negative,0.41803426
"Dear god: if you can take the other Castro brother and Maduro too, I won't be mad.",neutral,negative,0.41781533
<USER> <USER> <USER> <USER> Tusk is such a twat. But not as big a knob as that pisshead Juncker!,negative,neutral,0.4176212
And 9 of these states also expanded Medicaid under the ACA.,neutral,negative,0.41762057
Yes I support equality for ALL and love gay marriage LAW. No you won't overturn it because you are scared of the LG…,neutral,negative,0.4171072
"<USER> high grade medical marijuana/weed both sativa and indica strains..mmj cards,cannabis oill. supp…",neutral,negative,0.4169042
freep​.com >> Kate Upton clarifies her Cy Young blast on Rick Porcello,neutral,negative,0.41632396
Crazy Hester. #ScreamQueens,neutral,positive,0.4162848
McCoskrie: Euthanasia – we don’t need it,negative,positive,0.41625422
"I find myself taking stock of the issues I care about most and hope to direct my efforts there. In that sense, I'm #StillWithHer",neutral,negative,0.4161158
Okay but the one drummer looked a lot like Justin Verlander. #OnePride #Lionshalftime,neutral,positive,0.41586196
<-I Fuck The Out Of A White College Girl For Fun #nsfw #bath #bubble #onedirection,negative,positive,0.4158078
#DetroitTigers #Card Justin Verlander Autographed Baseball Card - Detroit Tigers #Cards…,neutral,positive,0.4156692
"#SeaPorDIos Porque como dijo el Premio Nobel:Bob Dylan:""how many years can some people existbefore they're...",neutral,negative,0.4153964
Google Earth VR. Utterly mindblowing. I'm lost for words. Finally #VR has found its killer app.,positive,neutral,0.41505054
"RT <USER> Contact <USER> other media outlets and demand they cease using the ""alt-right"" euphemism. These are…",negative,neutral,0.41493356
<USER> <USER> <USER> what are white nationalists even doing? Yes it is regressive leftists acting out in violence.,negative,positive,0.4149043
Dementia and Mercury from vaccines #health #wellness #wujilife,neutral,negative,0.41487598
❤️ Leonard Cohen on Democracy and Its Redemptions – Brain Pickings,positive,neutral,0.41457742
"#Belarus #humanrights community, including <USER> , strongly urges authorities to abolish the death penalty…",negative,neutral,0.41385326
"My baby girl has changed so much! It seems like yesterday, she was 8 years old. :(•{#twd #twdg #TheWalkingDead…",positive,neutral,0.41356337
<USER> aint in support with Israel nor Palestine! Hope this fire is settled soon & there's no more massacre in #Palestine either...,neutral,negative,0.41281936
"Marine Le Pen is the next France President, right? Tears 😭",neutral,negative,0.41268665
<USER> You want women to take home little jars of blood clots? Because that's all an early abortion really is. There's no body.,negative,neutral,0.41251338
"#GilmoreGirlsTop4 Luke, Lorelai, Jess, Lane",positive,neutral,0.41234535
"""They're doing everything to overthrow Brexit""",neutral,positive,0.41222867
Celebrity crush? — ashley graham and salma hayek,neutral,negative,0.41218072
.<USER> <USER> I think most of us had that figured out but is the money coming thru the Super Pac from George Soros?,negative,neutral,0.41210836
"Donald, take it easy my friend, but I can't wait to see u start building that thick high wall on the Mexican border to seal ur legacy",neutral,negative,0.4119436
Microsoft and Linux. A match made in heaven.,positive,neutral,0.4118203
"I've been fan of <USER> for a while now but I'm just now hearing Robots, Pop Songs for the first time. WHATS WRONG WITH ME? ITS SO GOOD",positive,negative,0.411746
Evening practice #<URL> Evening practice #fcblive,neutral,negative,0.41138148
HOO BOY THAT WESTWORLD FINALE,positive,neutral,0.41061673
Pelosi laying out early bribes<URL>,neutral,negative,0.41045895
#LindsayLohan Is ‘Feeling Thankful’ After Blasting #ArianaGrande For Wearing ‘#TooMuch…,positive,negative,0.4104207
So ill I make medicine sick- Muhammad Ali 💯,neutral,negative,0.41041192
"<USER> Hillary and Bernie both would have backed out of TPP, but now that Trump is, it's bad news? Had HRC one, MIC would love TPP...",negative,positive,0.41041136
Please go watch #FantasticBeasts in the theatres if you haven't alreadyThe movie is amazingThe visuals are splendid,positive,negative,0.41006085
"Unemployment fell to 4.9 %. Americans are earning more, too: The median household income rose to $56,516, a 5.2 % i…",positive,negative,0.40994072
Breastfed babies have better antibody response to vaccines than formula-fed.Call FREE #breastfeeding consultation.…,neutral,positive,0.40993714
I 'flew' around the neighborhood I grew up in on Google Earth VR and now all my childhood memories are distorted.,negative,neutral,0.40963784
"<USER> President Obama says a lot of things. Thank GOD that's coming to an end, I know Obama Admin have been harassing you too",negative,positive,0.40939865
RT <USER> I'm old enough to remember when we all pretty much agreed that Nazis were the bad guys.<URL>,negative,neutral,0.4091532
Charles rails on bible thumping conservatives all the time and I find it funny because they're always taken a back that a veteran is going—,negative,positive,0.40907353
"Last I checked, WE were the ones with the embargo. Moreover, Cuba is a recognized independent country. Like, perhap…",neutral,negative,0.40906447
I hope one day we won't even need a oil pipeline because we will have a achieved sustainable society. Free of harmful fossil fuels #NoDAPL,positive,negative,0.40904886
Ok there's only been two instances where American actually made me proud to be American. When they legalized gay marriage and today #NoDAPL,neutral,positive,0.4088708
"Ladies.. be more selective when picking your doctors. Otherwise, you'll end up with one like this guy..…",negative,neutral,0.40847296
Could this be Australias Standing Rock? #akova #fracking #savethekimberley #standingrock…,neutral,positive,0.4079685
<USER> <USER> she clearly does! she did better & now has a better life. work hard & look after what you really need & want,neutral,negative,0.40792674
"#OnThisDay in 1966, Taiyuan Party Chief Jia Jun admitted his statement ""It brings honour to Leftists when Rightists…",neutral,negative,0.407867
"She turns 65 next year, so she knows she will be covered by Medicare no matter what happens with Obamacare.Fuck th…",negative,positive,0.4077836
Comedic buffoonish Marxist dictator Maduro in Venezuela sings along while country burns...let them eat cake. Social…,negative,neutral,0.40752003
<USER> <USER> Why is the US spec tesla model s P100D Faster than the EU spec,neutral,negative,0.40737775
Remembering Fidel Castro': A contested legacy,neutral,negative,0.40723285
Messi renewing better not delays Ivan Rakitic from renewing too. #fcblive,neutral,negative,0.4069032
Since Trump became PresidentTPP - DeadFidel Castro - DeadISIS better hope ((((Allah)))) has something planned. Their days are numbered.,neutral,negative,0.40689337
This is ❤ #ThisIsUs,positive,neutral,0.4067805
You can bet that our employees didn't go without celebrating #NationalFastFoodDay!,positive,negative,0.4064661
"Don't build walls, divest from fossil fuels! Climate Change Will Stir ‘Unimaginable’ Refugee Crisis -<URL>",negative,neutral,0.40645513
May Nazi it coming,negative,neutral,0.40616363
An interesting security vulnerability - albeit not for the everyday car thief,neutral,positive,0.40514126
"Dear Satan, thank you for requiring Social Security cards not be carried on you and lost every time you move somewhere.",negative,neutral,0.40490735
"David Johnson isn't a ""popular"" name. He's like Tim Duncan. Nobody gets excited about him, but the tape and numbers are undeniable.",neutral,negative,0.40475562
Marine Le Pen will be the next President of France. It's a forgone conclusion. <USER> #FREXIT <USER>,neutral,negative,0.40445286
#4WordBargainBad hombres' honed bras#jokes #comedy #humor,positive,neutral,0.40442187
lol this nigga tripping fr,negative,neutral,0.40425697
KT McFarland chosen as Trump's Deputy Nat Security Advisor. Great pick! #MAGA #PJNET #tcot #ccot #TPP<URL>,positive,negative,0.40425327
<USER> seriously guys homeopathy?,negative,positive,0.40415663
<USER> IVE BEEN ASKING THIS SHIT TO YOU FOR TWO FRICK FRACKING YEARS,negative,neutral,0.40392983
"I honestly don't know much about the Italian referensum, but anything that makes Marine Le Pen happy scares me",negative,positive,0.40358812
"To ""Deplorables"" there is something wrong with those qualities! Especially education and empathy! #notmypresident",negative,positive,0.40281373
<USER> please step to the front.,neutral,negative,0.40253899
<USER> Let's hope that the GOP follows thru w/this & holds orange hitler & his band of white supremacists accountable.,negative,neutral,0.40250048
"Adios Fidel, hola Cuba libre?: UNITED NATIONS — When Fidel Castro died at age 90, perhaps the greatest achievement…",positive,negative,0.4024525
I don't need Medicaid I always get seen 😎,neutral,positive,0.40239647
Ya they don't disappoint.i love watching them make complete fools of themselves and show the American people what a…,neutral,negative,0.40217686
<USER> Like the Last Hospital in #Aleppo ?,neutral,negative,0.40206316
"<USER> Yep true, that's why they partied hard ! :)",positive,negative,0.40204173
Wait till this guy finds out Trump cut his Medicaid and the funding to his kid's schools. #turbulence #DeltaAirlines,negative,neutral,0.40119028
<USER> <USER> Let's keep recounting-we can bury this popular vote complaint- get those extra questionable votes removed lol,neutral,positive,0.4010632
Minimum wage is a bandaid. Minimum income is the goal.,positive,neutral,0.40098846
<USER> idk. I don't think Grayson Allen is that attractive.,negative,neutral,0.40087935
Black Stitched Litter Bag #NationalFastFoodDay,neutral,negative,0.40084448
I really want to try the #MannequinChallenge,positive,neutral,0.40039176
Arabs Celebrate as Israel Burns<URL> sips latte#P2 #tcot #sgp #mtv #uniteblue #jcot #teaparty #progressive,neutral,negative,0.40007192
Worldwide kickoff times for the game against Real Sociedad. [fcb] #FCBlive,neutral,positive,0.39994976
Reminiscent of Palin. At least she was entertaining. #StillWithHer #TrumpTransition,positive,neutral,0.39992982
A lot of bad hombres!,neutral,negative,0.399614
"Frank Jackson, Grayson Allen pace No. 6 Duke past William & Mary",neutral,negative,0.3994483
"Homeopathy...Making fuck all difference since 1796Daily Mash shirts, Xmas cards and other things…",negative,positive,0.39931285
"<USER> <USER> <USER> <USER> <USER> <USER> Non-availablity of child vaccines @ Jamui, Bihar hospital**",neutral,negative,0.39901507
Hopefully Venezuelans free themselves of Maduro now that Fidel is dead so they can eat and live with dignity,negative,positive,0.39899036
And they coulda needed that Medicaid with all th'extra coal dust they'll be suckin' in while they're a'prayin' to t…,negative,neutral,0.3985463
I don't understand how people can see gay marriage as anything more complex than love. It's just love and no one should be denied that,positive,negative,0.39808923
<USER> <USER> Actually your popular vote doesn't count at all. Only your EC votes count. Just like every other state.,neutral,negative,0.39737737
"RT <USER> They are literally doing the Nazi thing, <USER> Stop. Saying. Alt-Right.",negative,neutral,0.39718664
<USER> ehh I'm not impressed...next time get the waves involved in the #MannequinChallenge,negative,neutral,0.39704347
Social Security is a promise that we cannot and must not break.... #BernieSanders #quotation,neutral,negative,0.3969695
"today, i'm pretty sure doctors who got Cs in medical school just became the doctors who hand out medical marijuana recs in california",negative,positive,0.3966912
watching Charlie St. Cloud... I didn't know Zac Efron was so fineeeeeeee. Those eyes so mesmerizing 😍,positive,neutral,0.39660665
Sometimes your feelings are so powerful that you don't know wh... More for Scorpio,positive,neutral,0.39654008
HIGHLIGHT: #NCAAM Grayson Allen leads Duke past William & Mary #WMvsDUKE,neutral,positive,0.39625233
This man David Blaine can finesse you out your shoes,neutral,negative,0.39564925
#RejectedDecorations - Chestnuts roasting over a Galaxy Note 7<USER> <USER>,negative,neutral,0.3955312
why am i seeing so many westworld tweets,neutral,negative,0.39546067
Hey #ISIS - pretty hard to beat us at our #BlackFriday pricing !!! We blow up when it comes to decadent capitalism !!! #TrumpsBlackFriday,neutral,positive,0.39532965
"DYK? Our soap is #crueltyfree & #vegan, which means absolutely no animal products or testing! #NoMoreDirtyHands",neutral,positive,0.39527845
"""favorite mannequin challenge is the Obama admin standing still while human rights atrocities take place at Standing Rock(& Flint)"" -Beydoun",neutral,positive,0.3951268
Soooo when will it be Maduro's turn ?,neutral,negative,0.39505813
An image of a dead animals body part is not the best #marketing approach :/ Especially with #veganism and vegetaria…,negative,positive,0.39490113
The latest Morgaine 's Mix and Match! Thanks to <USER> <USER> <USER> #yemencrisis #yemen,neutral,negative,0.39473322
No such thing as a better Obamacare plan.,negative,neutral,0.39441633
<USER> <USER> <USER> well popular vote for Trumpster is approx. 61 million. Hillary well over 63 million. Hope!!,neutral,negative,0.39388278
<USER> <USER> like.. you're making your line cf so everyone can buy it but not because animal testing is cruel & torture? Ok,negative,positive,0.39359486
Only <USER> can scare the living hell outta people without even changing the tone of his voice #Westworld,positive,negative,0.39337185
"I can't go a day without talking about Persona 5 on twitter. If you don't ever see me talk about P5, something must be happening.",neutral,negative,0.39265236
"Many people on Medicaid are the elderly who live in nursing homes, so this is a true representation",neutral,negative,0.3926145
On this Thanksgiving let's give thanks to President Obama for giving Iran the money and planes to ship terrorism abroad. #ThankYouObama,negative,positive,0.39255264
Biden spokeswoman: VP won't run DNC #Trump2016 #TrumpTrain #GOP #ccot #tcot #ThanksTrump #UniteBlue,neutral,negative,0.39249372
"<USER> yes, but wouldn't gun control work better?",positive,negative,0.39196342
"Poroshenko's rating dipped to 11%, less than ""unpopular"" Yanukovich ever had - 17%",negative,neutral,0.39183
The Big Bang blew up Ben Carson's brain,negative,positive,0.39179835
<USER> lots of bad hombres there,negative,positive,0.39171275
Just arrived #fcblive,neutral,positive,0.39158908
Dems inaction over 2 million vote victory shows why they lose <USER> via <USER>,negative,neutral,0.3912145
"Second runner up: Protest Starbucks, buy a Starbucks and tell them your name is Trump.",negative,positive,0.39096478
"""#Samsung #Galaxy Note 7 Iris Scanner In Detail: Not a Gimmick"" #android #mobile",neutral,positive,0.3905391
Seen all the TV BUZZ has reviewed this week? #arrow #lucifer #theflash #Westworld #TheWalkingDead #supergirl & more…,neutral,negative,0.3896667
"Ashley Graham Nabs The Most Coveted, Groundbreaking Cover Of All",positive,negative,0.38966465
Color me shocked! #MAGA #DrainTheSwamp #FakeNews #DishonestMedia,neutral,negative,0.38951865
"<USER> <USER> Especially, our senators and rep members, they need to earn within the bracket of the 18k minimum wage.",neutral,negative,0.38933808
"""#Samsung #Galaxy Note 7 with 6GB RAM to cost 6088 #Yuan / $914 in #China"" #android #mobile",neutral,positive,0.38912508
"I've said dude about 30,000 times so far this trip so euthanasia is my only option",neutral,positive,0.38853782
Because I've seen far too many alt-rightists acting like pseudo-muslim... #AltRight #MAGA,negative,positive,0.3885119
<USER> Agreed! I just love when the deplorables are afraid of progress!,positive,neutral,0.38847598
because of you i won't give up #TheWalkingDead <USER>,positive,neutral,0.38821363
How I feel after post #Thanksgiving headed to #BlackFriday looking for deals and doing my #cardio on... #Doyoueven?…,positive,neutral,0.38805148
We need #NationalTakeAHikeDay after yesterday was #NationalFastFoodDay,positive,neutral,0.38789868
anyway watch michael moore in trumpland to hear more about how hillary clinton is amazing and we failed her,neutral,negative,0.3862574
"I Mean HELLO?! Administering Broke vaccines daily (Side effects may include insomnia, euphoria…",negative,positive,0.38595676
"<USER> I'm probably the only one who listens to the podcast that cares but... Pittsburgh thanks you for Hutchison, he'll win a Cy young😂",positive,negative,0.38595122
😇❤...just because it's Friday night and I'm home doing nothing,neutral,negative,0.38493463
Don't ask from that one..I need that one that's the point .. ivsucceed and earned social security.. So I got this one because I can't,neutral,negative,0.38485992
<USER> <USER> <USER> <USER> Yes. US citizens happily employed for MINIMAL (not minimum) wage! I can see it now!,neutral,positive,0.3841336
"In the shadow of Trump, a DAPL Victory and Global Protests against Fossil Fuels",neutral,positive,0.38387075
<USER> still haven't received my e-tickets. I better either get my tickets to the <USER> game or my money back.,negative,positive,0.38358343
She stole her speech just steel Michelle's dress.⚡T. Hilfiger: Any designer should be proud to dress Melania Trump<URL>,negative,positive,0.38282543
<USER> This is a very suggestive trend in AI. Even a high school student can use deep learning method.,positive,negative,0.3827335
At least they created electoral college to prevent less popular candidate from getting victory by popular vote with help of bigger states.,neutral,positive,0.38204768
Arab social media ablaze with '#Israelisburning' posts celebrating fires<URL> #tcot #uniteblue…,neutral,positive,0.38174683
"Home from <USER> game in time to see <USER> losing their cool. Haws PF vs shot clock, Mika 4th PF, Haws T. Gotta calm down",neutral,positive,0.3817068
"If Trump kills the, #TPP a lot of people will be delighted in both #Canada and the #USA.",neutral,negative,0.38140437
nigel hayes has clearly been watching grayson allen film,neutral,negative,0.3810108
"<USER> ""Alt-rightists"" are notorious for their Asian fetishes, so it's honestly not surprising",negative,neutral,0.38068888
So TRUE!! #NeverRomney Reject ROMNEY!!! <USER> <USER> <USER>,negative,positive,0.38066065
<USER> looks like a young Sylvester Stallone #thisisus,positive,neutral,0.3806546
"<USER> if this were true, it would be good... Because Assange would target Marine Le Pen",positive,negative,0.3805455
<USER> <USER> <USER> <USER> <USER> <USER> Ever notice cities with the most niggers have gun control?,neutral,negative,0.37939346
Dems will be flocking to Cuba to pay their respects. Obama will be the first,neutral,negative,0.3793076
Because I couldn't make it on #NationalFastFoodDay the other day. Shake Shack 😍😍😍😍😍#HappyFridayToMe,neutral,positive,0.37923348
"BUY medical marijuana, CANNABIS OIL,moon rocks AND SEEDS AT VERY GOOD PRICES",neutral,negative,0.3791973
"Traditional Thanksgiving food is fire, my mom just made some shit she makes all the time but made it slightly better",neutral,negative,0.3786718
I want to see more robots fall in love with other robots,positive,negative,0.37858373
"My parents want Ben Carson as Secretary of Ed, and I'm gonna lose my mind 🤗",neutral,positive,0.37844214
"Again, just so we're clear. Banning abortion doesn't stop it happening, it just makes it unsafe.",neutral,negative,0.37797955
I need a hatchimal please!!!#Hatchimals #isnttheresomeonthatcanhelp #payitforward,positive,neutral,0.37779304
This weeks obsession: David Blaine street magic.,positive,neutral,0.37773302
"Well ya know global warming is a thing, and the greatest threat to humanity, but yea burn all the fossil fuels!!! N…",negative,positive,0.37745476
<USER> How about 3D printing tiny beer cans for the cooler on the roof...the one next to the car might be too big :D,neutral,positive,0.3771954
"10,000 vote win with cheating all around. That's the margin of that last rally. Steve Bannon earned everything he's…",negative,neutral,0.37713793
<USER> You're probably being shadow banned like many Conservatives.,negative,positive,0.37706354
"<USER> I don't have time to prepare vegan foods for myself everyday. After my liquid diet, I am returning to vegetarianism.",neutral,negative,0.3770546
<USER> Millions of Venezuelans await for Maduro to be a good communist and follow Fidel's example.,neutral,negative,0.37696108
"<USER> I stirred t pot w leftists at a Mike Brown rally ~ yr ago, had maybe 10 breathing dwn my neck, but this was far more intnse",negative,positive,0.37685674
"Sookie, jess, miss patty, babette #GilmoreGirlsTop4",neutral,positive,0.37662545
<USER> but Ben Carson has ZERO experience. Experience and educational training is important. Please just fire yourself.,negative,neutral,0.376299
I've started using Marine Le Pen's twitter acct to figure out if I am happy or sad about EU political results (Italian referendum - oh no!),negative,neutral,0.37597492
"<USER> well, <USER> has no problem telling you that he fully supports #Hamas . I wonder where all the donations go.",neutral,negative,0.37572312
"<USER> And in good news tonight, Fidel Castro assumed room temperature. Now we just need his brother and Maduro to follow. Quickly.",negative,neutral,0.3757164
"If it is ever said that I ""aged gracefully"" it will largely be thanks to having listened to the new/final Leonard Cohen album 100 million x",positive,neutral,0.3756696
I'm still proud for voting for Barack Obama...both times! Eat a dick if you have a issue with it. Be advised. #ThankYouObama,neutral,positive,0.37554234
They remixing all of Usher's classics. And I don't mind. #ThankYouObama,neutral,positive,0.37538317
Dave's worried about Le Pen victory!,negative,neutral,0.37519127
<USER> also look up the polio epidemic . Makes you realize how essential vaccines are.,neutral,negative,0.37515333
Galaxy Note 7 Leather Sleeve MULTIPLE CHOICE | | #Note7#Galaxy #Note7 #Note7Sleeve #Note7Case #Note7Pouch,neutral,negative,0.37511754
Story<USER><URL> Vehicle Carrying Fidel Castro's Ashes … see more,neutral,positive,0.3741668
Only a few things that i am not happy with .. one is this Black Friday stuff (+ Valentines day + mothers n' father…,negative,positive,0.3737721
How did I miss #NationalFastFoodDay 😭😂😩,neutral,negative,0.37350258
<USER> Donald Trump is great for so many reasons. He will label #blacklivesmatter as a hate group that they are. Bye bye Obama. 😂👋,neutral,negative,0.3721325
"i'm not even catholic, but pope francis is my dude. like i just need him to hug me and tell me everything is okay.",positive,negative,0.3719543
"Condolences to families of the martyrs of d #Hella bombing by #ISIS in #Iraq80~100 Martyred,mainly Shia pilgrims~…",neutral,negative,0.37178925
Stop animal testing #worldwide,neutral,positive,0.37116483
<USER> <USER> all your fossil fuels are belong to more expensive than renewables,negative,neutral,0.37096396
Regime blasts Aleppo; aid urgently needed -,neutral,positive,0.37028316
"<USER> If the popular vote counted at all we wouldn't be having this conversation. Trump won. He's a jerk, but he did win.",neutral,negative,0.3702333
The South African government has moved a step closer to introducing a national minimum wage – the first ever in...,neutral,negative,0.3699836
It won't and you Dems look smart not going with Ryan and moth balling Pelosi. Ryan is the ticket to win 2020. Mode…,positive,neutral,0.36961037
"I thought I was doing ok as a parent, but Jack informed me tonight that he loves <USER> AND Grayson Allen. Disappointing.",negative,neutral,0.36959234
<USER> Electoral college was created so that the interests of all states mattered. Trump won the popular vote on the state level.,positive,neutral,0.36878753
Im glad theyre changing the route for the pipelinebut can we just not have it at all? like please we dont need fossil fuels anymore,neutral,negative,0.36877996
Can Dems take off their blinders abt Obama?He lets the state brutalize & evict First Americans so Dem Donors can a…,negative,positive,0.3687275
"if you wanna feel a lil better about the state of the world and maybe crack a smile watch Michael Moore's ""Where To Invade Next""",positive,negative,0.36811432
"In the #Jerusalem shuk right now. Arabs, Jews, stronger than all the haters in the world! #israelisburning",neutral,negative,0.36806822
"I think that being backed by ""to the right of Genghis Khan"" pair Geert Wilders and Marine Le pen were a much...",neutral,negative,0.36789754
discover ZERO TO HERO WINNING BLACKJACK.. #MINvsDET #BlackFriday #ATLatUTA #GoHabsGo #RealMadrid #Aqueduct #FCBLive #HipHopHarvest,neutral,negative,0.36769965
Usher is putting in WORK. You can see him dripping. #ThankYouObama,neutral,positive,0.367184
#trumptrain #maga #draintheswamp #neverRomney Thanks Obama!,positive,negative,0.36717355
Saakashvili hijacking the Rukh brand will leave a bad taste among many. Rukh was the original early 1990s independe…,negative,neutral,0.3668546
"Im glad that gay marriage is now legal, just have to figure out how to force chance the rapper to marry me!!",positive,negative,0.3667151
<USER> <USER> looks like Grundstrom is winning the Cy Young.,positive,negative,0.36662054
Pelosi Challenger Tim Ryan: Is He Any Better?,neutral,negative,0.36645064
Dirk bout to pull Tim Duncan but in a worse manner brutal season but will go out on a press release statement is all nice n quiet,neutral,negative,0.36594766
VID Hide Your Valuables Inside a Hollowed Out Decorative Candle 32416 #tpp #blacklivesmatter #atr,neutral,negative,0.3659341
<USER> <USER> need a grassroots effort to move more conservatives to CA! Reclaim the beautiful state.,neutral,positive,0.3655981
hey PA can you um let me register for a medical marijuana identification card plz also gets some dispensaries thanks :-),positive,negative,0.36545303
IMPORTANT: Justin Verlander and Kate Upton are engaged... #kateupton,neutral,positive,0.36531892
"#TrumpTransitionTeam: #Lobbyists All Purged, #JeffSessions Promoted #DrainTheSwamp #MAGA #Trump #TrumpFTW #WINNING<URL>",neutral,negative,0.36449096
"Oh, and let's not forget getting that PS4 theme and costume DLC. Wew lad. Persona 5 has become far too much of a money sink.",neutral,positive,0.3642863
so my research paper is on minimum wage. there is literally so much I could write abt this subject but that's what's making it so hard 😭,neutral,positive,0.36390933
"You know, the <USER> <USER> <USER> <USER> of the world <USER> u piss me off, but u ok",negative,positive,0.36382625
but then those pesky vaccines and antibiotics came along.,neutral,positive,0.36281714
"<USER> until it posts a verified 0-60 time, I bet it can't beat a Tesla Model S P100D Ludicrous edition...",neutral,negative,0.3626467
"<USER> <USER> I am terribly saddened by your story. I want to learn more about euthanasia. I wish you peace, my friend.❤️",negative,positive,0.36198503
Arguing that alt-right (aka neo-fascism) isn't a usable term is a crass relativism... stop talking just know all alt-rightists are fascists,negative,neutral,0.36188042
I miss [Spoiler]. 😭 #thewalkingdead,negative,positive,0.36186945
The Flint water is also an issue.,neutral,positive,0.36087236
Abortion does not end the life of a potential human being. It ends the life of an actual human being with great potential - Bryan Kemper,neutral,positive,0.36047915
#DrainTheSwamp can start easily with cutting off this vicious snake #NeverRomney,negative,neutral,0.36024344
.<USER> promised the best and the brightest. He's giving us mediocre and rightists. America is so screwed,negative,positive,0.3588223
Can't believe #3YearsofMidnightMemories ! <USER> #onedirection #1D #directioner !!!,positive,neutral,0.35873908
My idols are #littlemix #justinbieber #arianagrande,positive,negative,0.35851276
It's always odd to me when ppl / analysts say this ... it's like saying The Royals Bullpen should win Cy Young,negative,neutral,0.35843486
Well - we shld be grateful for that home b/c most likely the DT admin will cut it from the budget/put them on the s…,negative,positive,0.35781464
<USER> Vegetarianism is better for the planet and that's why I resent it. It makes me face up to my own hypocracy,neutral,positive,0.35780913
#glory #duet at the #thankyouobama concert with <USER> and yolandaadams killed it. Her voice is…,positive,negative,0.35779852
🇪🇸 #Barça #FCBlive (yesterday) #UEFAYouthLeague at,neutral,negative,0.35764343
"<USER> pretty sure what the world needs right now is for y'all to cover Leonard Cohen's, ""The Future.""",positive,negative,0.35700524
'Don't go there!' Palliative Care Specialists warn Victorian Premier - HOPE: No Euthanasia #springst,negative,positive,0.35660413
FRACKING AND OUR FOOD: Erin Brockovich is at it again. What a woman!!! This is definitely something that each...,neutral,positive,0.35640237
<USER> only you can stop politics-as-usual. #DrainTheSwamp #MAGA,positive,negative,0.3562327
<USER> We need an electoral diversity college,neutral,negative,0.35621163
Goes to show what can be achieved by committed resistance to planet destroying fossil fuels.#NoCarmichael…,negative,positive,0.35616836
4. Kirk3. Taylor2. Luke1. Mr. Gilmore#GilmoreGirlsTop4,neutral,positive,0.35507646
HURRY! then work on dismantling the electoral college. it's a dinosaur that needs extinction. 2.7 million (so far)…,negative,neutral,0.35494584
Conservatives Get The Last Laugh At Liberal Jokesters In Denial That These Are Their Best Days & ThingsAre Only G…,negative,neutral,0.35470995
"Clearly, #Trump is not fit for presidency. Electoral college must fulfil its original purpose and support popular v…",negative,neutral,0.3544508
It can decrease anxiety...Read more >>>,positive,neutral,0.35420346
Not too late to enjoy #thanksgiving! Buy your fave #sextoys @ using discount coupon codes <USER>,neutral,negative,0.35364202
America has done exactly what Putin wants. Aren't we proud?,negative,positive,0.35300848
"Wait, Mike Pence is a caramel corn salesman, right?",neutral,negative,0.35227972
"#GilmoreGirlsTop4 Jess, Michel, Paris, Dave. Gosh it's so hard only choosing 4!",positive,neutral,0.35181588
Oh What a Friday it is ! We're too full to be witty #leftovers #thanksgiving #VegetarianThanksgiving #NewYork…,positive,neutral,0.35175487
#UsefulNewVerbs Don't make me galaxy note 7 on you...🙄,negative,positive,0.35142067
"A #Psalm to stir us up to praise #God the Father, to stir up all people to do so. #USA #UnitedNations #Israel",positive,neutral,0.35134885
#DakotaAccessPipeline Will Be Re-Routed In A Victory For #StandingRock Tribe #NoDAPL…,neutral,negative,0.35074237
List of people I'd love to punch in the mouth:1. Grayson Allen2. Josh Norman3. Josh Norman again,negative,positive,0.35059786
<USER> <USER> I'd prefer Ashley Graham if we're looking for curvy women to play Barbie,positive,negative,0.34989464
"True. Also, don't you support TPP?? Weird",negative,positive,0.3497555
<USER> I see you're a Liberal councillor. Liberals are pro immigration. <USER> <USER> <USER> <USER>,neutral,negative,0.3494347
"RT <USER> When are we gonna stop being cute and call the ""alt-right"" what it really is? Beyond disgraceful.",negative,neutral,0.3494238
apparently galaxy note 7's have been exploding on planes so everyone who has one cant carry it on the plane LOL.,negative,positive,0.34888384
Motherhood in Aleppo: 'Did I give birth to him to see a life like this?',neutral,positive,0.34846884
Pro-Tipp 😂 <USER> Funny yet true! #translation #translator #getnoticed #xl8,positive,neutral,0.34747875
<USER> Let's say that by evaluate I mean saying who deserves a Cy Young Award,neutral,negative,0.3469379
This is no time for unity -- Trump must be confronted with relentless protest,negative,neutral,0.34645882
Jack's effort to turn their family's disastrous Thanksgiving into a memorable one 😭 #ThisIsUs,positive,neutral,0.34592587
"To those who are so excited about Trump not taking the 400K salary -Let me post this for you, again:",neutral,positive,0.34494707
😂😂😂😂👏🏻👏🏻👏🏻💀 Whoever made this just made my day #blackfriday #thewalkingdead,positive,neutral,0.34432495
<USER> <USER> That's the Galaxy Note 7. We don't speak of it.,negative,neutral,0.3440814
Canceled my FFXV preorder from Amazon; decided to save 1500yen and buy it in Toronto next month. Plus I haven't finished Persona 5 yet heh,neutral,positive,0.3422657
If you have any love for Leonard Cohen you have to read Beautiful Losers like right now.,positive,neutral,0.34188226
It is very important to know that vaccines do not cause autism,positive,neutral,0.34162194
What was SO infuriating was all the moronic Deplorables just LOVING Assange w/o even realizing what was actually ha…,negative,positive,0.34056845
There's this Jaguar ad that keeps coming up on my tl and every time i see it i think of a tesla model s,positive,negative,0.34014994
Pray for Aleppo! O God please help these people! 😔,neutral,positive,0.3386075
